time,open,high,low,close,tick_volume
2024-02-26 03:00:00,51375.26,51516.72,51338.93,51496.71,4189
2024-02-26 04:00:00,51500.2,51537.55,51425.55,51505.35,3968
2024-02-26 05:00:00,51506.08,51560.71,51368.57,51506.96,4136
2024-02-26 06:00:00,51507.39,51567.32,51438.46,51482.91,4076
2024-02-26 07:00:00,51482.87,51485.62,51217.25,51244.87,4495
2024-02-26 08:00:00,51243.98,51344.37,51179.45,51201.78,4621
2024-02-26 09:00:00,51201.85,51266.26,50848.85,50889.73,6530
2024-02-26 10:00:00,50889.32,51195.08,50881.88,51113.34,5248
2024-02-26 11:00:00,51117.12,51160.35,50977.87,51023.43,5194
2024-02-26 12:00:00,51027.79,51195.21,50865.17,51175.69,5044
2024-02-26 13:00:00,51171.22,51410.8,51144.84,51182.96,5180
2024-02-26 14:00:00,51180.54,51678.97,51158.59,51668.91,5706
2024-02-26 15:00:00,51665.0,52873.96,51601.66,52862.1,9684
2024-02-26 16:00:00,52854.35,53539.88,52743.16,53355.49,9048
2024-02-26 17:00:00,53354.98,53472.58,53174.59,53444.51,6075
2024-02-26 18:00:00,53447.83,53593.49,53258.06,53566.98,6701
2024-02-26 19:00:00,53566.58,54469.67,53417.15,54442.55,6961
2024-02-26 20:00:00,54435.79,54851.06,54231.26,54441.29,8895
2024-02-26 21:00:00,54438.09,54727.39,54288.41,54591.16,6384
2024-02-26 22:00:00,54588.49,54782.24,54415.92,54637.13,5569
2024-02-26 23:00:00,54633.93,54645.25,54408.31,54467.25,5443
2024-02-27 00:00:00,54448.23,54658.5,54404.79,54527.9,5844
2024-02-27 01:00:00,54522.81,55747.84,54475.82,55710.15,7367
2024-02-27 02:00:00,55706.9,56967.55,55565.87,56244.94,11142
2024-02-27 03:00:00,56250.03,56490.95,55505.75,55632.67,6711
2024-02-27 04:00:00,55634.77,56028.44,55496.72,55700.91,7355
2024-02-27 05:00:00,55696.31,56175.45,55579.3,56022.1,6267
2024-02-27 06:00:00,56015.07,56438.89,56006.89,56335.76,5324
2024-02-27 07:00:00,56331.89,56359.98,55778.13,56052.89,5946
2024-02-27 08:00:00,56057.29,56452.28,56003.74,56237.11,6181
2024-02-27 09:00:00,56237.27,56733.24,56143.07,56597.33,6929
2024-02-27 10:00:00,56599.97,56812.54,56337.15,56493.3,7232
2024-02-27 11:00:00,56495.27,56576.74,56292.49,56510.84,6405
2024-02-27 12:00:00,56512.72,57377.06,56444.82,56766.57,9058
2024-02-27 13:00:00,56767.13,57211.85,56576.16,57136.93,9054
2024-02-27 14:00:00,57130.62,57354.69,56627.55,56974.58,10866
2024-02-27 15:00:00,56968.68,57313.11,56580.07,56739.49,11976
2024-02-27 16:00:00,56741.2,57186.88,56206.92,57029.18,11846
2024-02-27 17:00:00,57029.71,57223.73,56656.56,56753.25,8547
2024-02-27 18:00:00,56750.95,57166.71,56663.38,57124.88,7165
2024-02-27 19:00:00,57122.35,57617.27,56893.24,57341.16,7983
2024-02-27 20:00:00,57337.02,57376.41,56656.97,56942.17,9552
2024-02-27 21:00:00,56937.25,57023.88,56558.47,56685.25,7575
2024-02-27 22:00:00,56689.72,57018.83,56610.95,56900.05,5839
2024-02-27 23:00:00,56904.7,57127.4,56845.71,57053.72,5465
2024-02-28 00:00:00,57055.67,57128.52,56871.24,57029.39,6076
2024-02-28 01:00:00,57028.94,57114.21,56727.04,56779.33,5967
2024-02-28 02:00:00,56781.5,57005.3,56658.1,56929.08,6038
2024-02-28 03:00:00,56924.16,56981.43,56813.41,56901.89,5466
2024-02-28 04:00:00,56909.24,57294.47,56853.21,57210.47,5578
2024-02-28 05:00:00,57209.05,57284.13,57035.15,57079.31,5340
2024-02-28 06:00:00,57076.7,57202.52,57037.44,57170.48,5203
2024-02-28 07:00:00,57177.94,58336.44,57142.16,58217.44,9423
2024-02-28 08:00:00,58222.66,59413.84,58140.71,59385.74,14023
2024-02-28 09:00:00,59388.05,59400.1,58816.32,59286.66,10269
2024-02-28 10:00:00,59279.33,59322.91,58946.65,59240.87,7488
2024-02-28 11:00:00,59241.59,59468.18,58492.6,58929.93,9367
2024-02-28 12:00:00,58934.41,59395.19,58874.44,59288.11,8377
2024-02-28 13:00:00,59294.75,60695.6,59244.99,60392.56,12374
2024-02-28 14:00:00,60403.99,61124.92,59768.04,60925.36,11217
2024-02-28 15:00:00,60929.51,61301.88,60520.72,60898.97,11383
2024-02-28 16:00:00,60900.65,62403.41,60803.26,62402.03,11943
2024-02-28 17:00:00,62400.22,63943.85,58679.33,61181.98,23836
2024-02-28 18:00:00,61191.97,61363.05,59065.19,61004.96,14517
2024-02-28 19:00:00,61008.66,61399.71,60492.81,60865.64,10143
2024-02-28 20:00:00,60870.95,61024.31,59830.4,60354.17,10985
2024-02-28 21:00:00,60355.14,60557.96,59721.52,60471.85,8412
2024-02-28 22:00:00,60481.25,61356.84,60434.9,61222.78,7149
2024-02-28 23:00:00,61222.44,62692.38,61198.21,62462.43,10251
2024-02-29 00:00:00,62446.66,62453.63,61145.72,61298.58,11268
2024-02-29 01:00:00,61305.15,61503.52,60938.36,61326.25,8865
2024-02-29 02:00:00,61329.92,61722.17,61019.88,61706.85,8434
2024-02-29 03:00:00,61701.94,61717.77,61067.8,61547.06,8989
2024-02-29 04:00:00,61537.32,62613.45,61243.48,62405.41,10568
2024-02-29 05:00:00,62412.73,62627.28,61718.27,62501.15,9961
2024-02-29 06:00:00,62503.64,63646.15,62428.15,62959.56,11808
2024-02-29 07:00:00,62957.21,63144.22,62501.54,62702.03,10716
2024-02-29 08:00:00,62698.91,63130.93,62334.14,62794.03,11757
2024-02-29 09:00:00,62788.27,62997.86,62220.18,62640.83,9521
2024-02-29 10:00:00,62640.68,62787.91,62061.47,62704.34,8209
2024-02-29 11:00:00,62706.77,63303.43,62577.43,62871.86,9255
2024-02-29 12:00:00,62878.69,62996.18,62223.87,62594.96,8756
2024-02-29 13:00:00,62597.97,63008.5,61993.94,62898.02,9750
2024-02-29 14:00:00,62901.67,63573.62,62730.3,62894.78,11431
2024-02-29 15:00:00,62899.8,63302.07,62533.8,62750.1,10564
2024-02-29 16:00:00,62752.22,62885.07,61435.87,62144.01,13233
2024-02-29 17:00:00,62152.58,62363.2,60437.77,60925.16,15825
2024-02-29 18:00:00,60922.74,61449.91,60290.2,60749.61,14310
2024-02-29 19:00:00,60742.52,61618.37,60524.03,61586.0,12283
2024-02-29 20:00:00,61592.35,62309.48,61468.01,61883.98,11191
2024-02-29 21:00:00,61891.0,62008.79,60596.74,61393.48,14159
2024-02-29 22:00:00,61387.37,61498.35,60685.94,61202.19,8737
2024-02-29 23:00:00,61206.6,61556.31,61121.59,61153.39,7287
2024-03-01 00:00:00,61147.18,61754.55,61073.82,61469.29,8539
2024-03-01 01:00:00,61464.3,61554.7,61047.31,61183.92,8748
2024-03-01 02:00:00,61178.82,61193.07,60690.87,60930.08,8618
2024-03-01 03:00:00,60934.34,61212.97,60716.34,61021.7,7385
2024-03-01 04:00:00,61025.59,61511.09,60976.68,61511.09,6478
2024-03-01 05:00:00,61520.91,61538.58,61231.16,61288.11,6754
2024-03-01 06:00:00,61288.79,61777.36,61134.34,61546.98,7480
2024-03-01 07:00:00,61545.32,61789.29,61361.43,61401.48,7564
2024-03-01 08:00:00,61396.5,62267.28,61298.49,61899.03,9657
2024-03-01 09:00:00,61903.55,62213.42,61860.7,62151.22,6948
2024-03-01 10:00:00,62154.57,62243.1,61834.24,61986.06,7624
2024-03-01 11:00:00,61988.71,62147.25,61793.97,61846.09,7378
2024-03-01 12:00:00,61844.22,62584.05,61843.29,62209.92,8382
2024-03-01 13:00:00,62212.83,62695.88,62159.84,62431.35,8529
2024-03-01 14:00:00,62434.22,62471.58,61472.82,61946.77,10902
2024-03-01 15:00:00,61941.56,62170.67,61014.9,61218.56,12682
2024-03-01 16:00:00,61215.81,61622.88,61161.43,61389.56,9246
2024-03-01 17:00:00,61387.46,62092.02,61372.01,61894.45,9485
2024-03-01 18:00:00,61891.16,62467.78,61758.87,62308.57,8037
2024-03-01 19:00:00,62310.38,62339.48,61899.55,62186.04,6719
2024-03-01 20:00:00,62190.89,63175.38,62190.89,62886.47,6381
2024-03-01 21:00:00,62880.76,62926.22,62295.26,62503.81,8151
2024-03-01 22:00:00,62512.2,62696.35,62289.55,62476.48,6191
2024-03-01 23:00:00,62478.8,62737.26,62311.91,62355.61,6542
2024-03-02 00:00:00,62372.59,62424.31,62029.4,62296.21,7271
2024-03-02 01:00:00,62291.79,62302.11,61913.55,62007.28,6577
2024-03-02 02:00:00,62001.34,62211.44,61916.64,62102.1,6240
2024-03-02 03:00:00,62103.09,62437.59,61981.82,62278.49,6576
2024-03-02 04:00:00,62278.87,62294.85,61998.21,62033.24,6060
2024-03-02 05:00:00,62034.64,62081.61,61739.97,62022.28,6253
2024-03-02 06:00:00,62026.05,62282.56,61921.34,61957.56,6787
2024-03-02 07:00:00,61961.17,62068.34,61784.17,62013.26,6250
2024-03-02 08:00:00,62019.96,62145.41,61768.45,61951.07,5975
2024-03-02 09:00:00,61952.22,62001.82,61642.92,61846.44,6768
2024-03-02 10:00:00,61851.55,62036.22,61807.29,61901.19,5704
2024-03-02 11:00:00,61901.45,62065.94,61824.4,61835.84,5625
2024-03-02 12:00:00,61836.21,62179.62,61823.1,62102.25,5203
2024-03-02 13:00:00,62095.33,62095.33,61785.13,61808.08,5259
2024-03-02 14:00:00,61808.19,61916.17,61550.34,61862.56,7300
2024-03-02 15:00:00,61862.71,61987.76,61692.01,61759.51,5365
2024-03-02 16:00:00,61763.02,61909.13,61632.8,61883.98,4948
2024-03-02 17:00:00,61883.25,61962.38,61747.49,61757.8,4800
2024-03-02 18:00:00,61754.66,62027.97,61719.39,62008.73,4720
2024-03-02 19:00:00,62009.13,62138.06,61944.58,62133.87,4845
2024-03-02 20:00:00,62133.7,62222.01,61765.37,61883.75,5592
2024-03-02 21:00:00,61885.21,62050.11,61821.04,61899.5,4777
2024-03-02 22:00:00,61900.56,61960.15,61695.36,61722.41,4524
2024-03-02 23:00:00,61718.9,62077.91,61675.97,61984.41,5107
2024-03-03 00:00:00,61975.98,61994.38,61702.96,61728.85,5753
2024-03-03 01:00:00,61732.65,61882.91,61718.9,61765.7,4464
2024-03-03 02:00:00,61765.66,61798.85,61596.37,61794.15,4222
2024-03-03 03:00:00,61794.19,61987.5,61747.47,61901.4,4481
2024-03-03 04:00:00,61900.48,62086.3,61867.48,61999.97,4353
2024-03-03 05:00:00,61999.71,62038.67,61862.72,61879.59,4377
2024-03-03 06:00:00,61879.88,62052.38,61762.51,61837.25,4327
2024-03-03 07:00:00,61841.13,61882.5,61296.11,61577.67,7657
2024-03-03 08:00:00,61574.09,61706.43,61367.57,61583.37,7367
2024-03-03 09:00:00,61583.38,61889.66,61493.38,61681.42,5401
2024-03-03 10:00:00,61679.34,61787.19,61567.77,61635.56,4999
2024-03-03 11:00:00,61630.84,61812.83,61579.15,61812.83,4685
2024-03-03 12:00:00,61811.62,62636.22,61770.25,62182.04,9985
2024-03-03 13:00:00,62181.86,62413.32,61953.72,62394.8,7688
2024-03-03 14:00:00,62400.03,62431.6,62074.66,62093.02,6711
2024-03-03 15:00:00,62091.5,62252.22,62067.09,62155.9,5777
2024-03-03 16:00:00,62156.19,62902.5,62064.5,62876.2,7720
2024-03-03 17:00:00,62880.36,63032.27,62493.17,62590.64,7881
2024-03-03 18:00:00,62591.72,62915.88,62591.24,62837.77,6120
2024-03-03 19:00:00,62830.39,62887.16,62658.1,62755.4,6085
2024-03-03 20:00:00,62755.03,62893.67,62587.24,62788.9,5337
2024-03-03 21:00:00,62790.67,62861.14,62603.11,62847.24,5041
2024-03-03 22:00:00,62843.96,63258.19,62692.53,62828.62,6674
2024-03-03 23:00:00,62830.18,63169.9,62688.73,63157.06,7624
2024-03-04 00:00:00,63136.54,64283.3,62331.47,63483.84,14444
2024-03-04 01:00:00,63490.11,63843.81,63251.62,63511.69,11910
2024-03-04 02:00:00,63512.51,63900.02,63088.49,63699.04,9924
2024-03-04 03:00:00,63700.94,63777.75,63359.47,63483.4,8137
2024-03-04 04:00:00,63486.15,63805.75,63392.97,63674.71,7520
2024-03-04 05:00:00,63666.51,63724.11,63212.12,63383.85,7111
2024-03-04 06:00:00,63382.15,63714.53,63319.37,63699.29,6488
2024-03-04 07:00:00,63698.99,64310.03,63488.61,64069.98,7259
2024-03-04 08:00:00,64065.25,65521.65,64001.38,65224.6,14707
2024-03-04 09:00:00,65229.03,65549.3,64630.72,65253.34,12341
2024-03-04 10:00:00,65259.94,65288.93,64722.27,65045.37,10352
2024-03-04 11:00:00,65043.29,65229.47,64791.9,65229.47,8112
2024-03-04 12:00:00,65233.71,65241.53,64845.68,65089.28,7089
2024-03-04 13:00:00,65092.4,65605.11,65022.38,65101.64,8839
2024-03-04 14:00:00,65103.53,66453.64,64614.25,66215.81,16644
2024-03-04 15:00:00,66210.86,66622.47,65856.24,66447.24,13062
2024-03-04 16:00:00,66446.13,66836.13,66031.84,66571.74,12814
2024-03-04 17:00:00,66578.26,67507.74,66158.59,66896.87,13842
2024-03-04 18:00:00,66895.71,67083.54,66115.72,66653.91,12693
2024-03-04 19:00:00,66658.96,67479.6,66324.33,67421.42,10545
2024-03-04 20:00:00,67417.14,67856.98,67084.33,67509.94,10576
2024-03-04 21:00:00,67518.16,67724.11,66756.15,67441.7,10451
2024-03-04 22:00:00,67449.97,67935.49,67256.42,67892.38,8257
2024-03-04 23:00:00,67889.58,68482.17,67428.34,68270.82,10140
2024-03-05 00:00:00,68250.79,68404.93,67763.54,68021.98,8497
2024-03-05 01:00:00,68023.13,68691.94,67981.94,68542.56,8026
2024-03-05 02:00:00,68542.63,68556.65,67775.13,68183.08,8931
2024-03-05 03:00:00,68179.56,68274.78,67536.75,68157.88,7824
2024-03-05 04:00:00,68156.63,68359.96,66808.97,67334.76,9358
2024-03-05 05:00:00,67331.42,67331.42,65024.1,66917.41,13121
2024-03-05 06:00:00,66914.89,67463.88,66548.53,67229.46,9313
2024-03-05 07:00:00,67231.32,67351.07,66108.97,66149.99,10419
2024-03-05 08:00:00,66134.64,66858.0,65486.68,66834.58,12698
2024-03-05 09:00:00,66827.78,66853.17,65964.59,66366.9,9402
2024-03-05 10:00:00,66368.95,67140.19,66358.87,66744.9,8280
2024-03-05 11:00:00,66741.64,66856.75,66431.95,66616.24,8073
2024-03-05 12:00:00,66617.95,67337.65,66534.21,67306.65,8057
2024-03-05 13:00:00,67307.95,68022.34,67305.31,67795.29,10279
2024-03-05 14:00:00,67799.87,68813.88,67223.71,68742.15,12076
2024-03-05 15:00:00,68747.42,69156.59,66322.94,66688.32,19080
2024-03-05 16:00:00,66694.93,66917.31,64347.98,65353.18,20933
2024-03-05 17:00:00,65357.99,65568.93,63269.43,65511.42,19807
2024-03-05 18:00:00,65504.31,65531.21,63628.52,63942.46,15202
2024-03-05 19:00:00,63936.95,64228.4,59187.03,61375.32,23258
2024-03-05 20:00:00,61381.92,63111.33,61237.86,61857.78,21081
2024-03-05 21:00:00,61862.3,64017.14,61841.5,63257.59,18550
2024-03-05 22:00:00,63251.24,63583.28,62451.59,63353.87,11388
2024-03-05 23:00:00,63350.67,64420.55,63211.52,63731.53,11322
2024-03-06 00:00:00,63738.64,64201.25,63376.93,63467.44,11613
2024-03-06 01:00:00,63468.65,63829.24,63045.62,63107.66,10994
2024-03-06 02:00:00,63111.32,63492.5,62741.94,62816.82,9755
2024-03-06 03:00:00,62808.44,63380.89,62749.98,63240.48,8523
2024-03-06 04:00:00,63240.51,64618.18,63231.55,64615.5,9986
2024-03-06 05:00:00,64618.36,66421.03,64255.71,66398.15,14885
2024-03-06 06:00:00,66402.58,66503.6,65685.78,65732.99,11441
2024-03-06 07:00:00,65730.6,66748.5,65472.03,66620.52,10327
2024-03-06 08:00:00,66624.88,67651.82,66522.92,66917.4,16496
2024-03-06 09:00:00,66909.76,67378.87,65982.63,66108.6,13070
2024-03-06 10:00:00,66104.7,66753.07,66100.88,66687.79,11115
2024-03-06 11:00:00,66679.93,67359.41,66355.92,67333.95,13351
2024-03-06 12:00:00,67325.79,67605.47,64608.31,65927.88,17327
2024-03-06 13:00:00,65926.45,66612.99,65288.24,66289.31,16136
2024-03-06 14:00:00,66296.26,67274.95,65834.24,65894.76,17309
2024-03-06 15:00:00,65894.57,66698.79,65297.19,66458.66,17955
2024-03-06 16:00:00,66464.97,67212.19,66232.22,67182.0,13499
2024-03-06 17:00:00,67181.61,67437.6,66684.06,67425.57,12438
2024-03-06 18:00:00,67417.78,67570.43,66641.32,67126.17,13588
2024-03-06 19:00:00,67134.36,67358.88,66683.72,66786.96,13248
2024-03-06 20:00:00,66792.83,67483.87,66704.09,67008.7,9736
2024-03-06 21:00:00,67003.54,67017.17,66248.93,66439.73,11264
2024-03-06 22:00:00,66432.22,66488.26,65900.39,65948.08,6852
2024-03-06 23:00:00,65951.84,66247.14,65649.08,66032.92,9144
2024-03-07 00:00:00,66056.28,66248.67,65649.27,66187.3,9249
2024-03-07 01:00:00,66185.4,66398.21,65542.9,66364.89,10496
2024-03-07 02:00:00,66370.46,66476.83,65844.81,66087.19,9621
2024-03-07 03:00:00,66090.66,66370.3,65791.48,65819.53,8323
2024-03-07 04:00:00,65823.58,66133.73,65607.22,65805.66,9385
2024-03-07 05:00:00,65808.61,66135.06,65639.49,65806.13,9542
2024-03-07 06:00:00,65800.53,66183.9,65638.49,65863.58,9538
2024-03-07 07:00:00,65855.6,66451.7,65747.09,66364.53,8770
2024-03-07 08:00:00,66371.03,67005.1,66304.1,66599.3,11496
2024-03-07 09:00:00,66602.57,66889.93,66471.33,66691.08,8635
2024-03-07 10:00:00,66691.1,66975.42,66579.66,66901.48,7901
2024-03-07 11:00:00,66904.39,67279.38,66436.91,66893.57,9551
2024-03-07 12:00:00,66896.51,67123.12,66552.61,66699.56,7555
2024-03-07 13:00:00,66697.61,67015.5,66528.0,66883.0,7345
2024-03-07 14:00:00,66881.99,67976.97,66537.68,67035.68,13270
2024-03-07 15:00:00,67040.37,67641.7,66700.85,67279.2,12093
2024-03-07 16:00:00,67274.89,67549.17,67033.62,67341.02,9097
2024-03-07 17:00:00,67340.9,68066.72,67238.22,67616.48,10376
2024-03-07 18:00:00,67616.54,67870.68,67448.27,67668.7,8897
2024-03-07 19:00:00,67665.28,67943.88,67243.41,67536.86,9092
2024-03-07 20:00:00,67527.86,68013.85,67509.93,67642.07,8065
2024-03-07 21:00:00,67636.86,67676.81,67107.22,67305.01,8837
2024-03-07 22:00:00,67298.76,67551.06,67018.04,67169.44,5983
2024-03-07 23:00:00,67176.99,67235.74,66815.76,66862.06,7267
2024-03-08 00:00:00,66851.84,67168.43,66763.47,67128.79,6426
2024-03-08 01:00:00,67123.11,67307.84,66846.61,66976.0,6932
2024-03-08 02:00:00,66970.92,67134.99,66852.18,67120.03,5926
2024-03-08 03:00:00,67120.41,67284.03,66972.91,67166.87,5931
2024-03-08 04:00:00,67161.44,67268.66,67001.6,67085.0,4978
2024-03-08 05:00:00,67090.5,67151.82,66760.09,66921.57,5343
2024-03-08 06:00:00,66918.5,67637.97,66838.72,67613.05,5916
2024-03-08 07:00:00,67616.63,67695.22,67268.12,67291.29,7825
2024-03-08 08:00:00,67292.97,67466.0,67073.48,67264.02,5957
2024-03-08 09:00:00,67257.26,67458.28,67084.83,67151.88,6593
2024-03-08 10:00:00,67148.75,67456.26,67128.57,67387.74,6248
2024-03-08 11:00:00,67389.06,67781.31,67283.81,67740.47,5569
2024-03-08 12:00:00,67741.12,67782.27,67398.8,67506.71,5593
2024-03-08 13:00:00,67504.7,67947.5,67296.21,67844.66,7391
2024-03-08 14:00:00,67846.34,68643.21,67582.63,68458.37,9163
2024-03-08 15:00:00,68456.67,69991.55,67247.41,67626.83,15083
2024-03-08 16:00:00,67635.96,67998.49,66135.02,67853.91,16954
2024-03-08 17:00:00,67858.72,68852.92,67745.41,68387.73,11896
2024-03-08 18:00:00,68381.38,68850.73,68111.13,68591.27,10274
2024-03-08 19:00:00,68589.76,68955.55,68135.3,68941.09,8945
2024-03-08 20:00:00,68936.54,69428.03,68862.92,69139.03,9931
2024-03-08 21:00:00,69146.39,69259.34,67904.08,68290.5,9539
2024-03-08 22:00:00,68292.11,68558.49,68101.59,68215.29,6236
2024-03-08 23:00:00,68211.73,68452.07,68074.5,68211.4,5675
2024-03-09 00:00:00,68189.64,68358.7,68057.18,68153.78,5104
2024-03-09 01:00:00,68151.28,68239.43,67929.24,67980.83,5389
2024-03-09 02:00:00,67977.55,68315.68,67927.18,68222.32,4862
2024-03-09 03:00:00,68231.01,68380.97,68167.17,68312.28,4558
2024-03-09 04:00:00,68317.65,68415.65,68138.9,68350.68,4481
2024-03-09 05:00:00,68351.57,68391.7,68202.31,68316.91,4496
2024-03-09 06:00:00,68317.05,68591.91,68203.82,68496.59,4701
2024-03-09 07:00:00,68497.93,68630.05,68335.47,68347.51,4401
2024-03-09 08:00:00,68342.8,68544.75,68334.68,68355.21,4691
2024-03-09 09:00:00,68356.09,68433.76,68217.77,68355.3,4642
2024-03-09 10:00:00,68350.72,68370.74,67994.4,68283.64,5567
2024-03-09 11:00:00,68285.76,68454.62,68218.3,68386.07,4992
2024-03-09 12:00:00,68390.92,68587.13,68253.98,68564.69,5106
2024-03-09 13:00:00,68568.88,68632.27,68398.96,68454.21,4435
2024-03-09 14:00:00,68456.19,68508.98,68143.7,68211.8,5018
2024-03-09 15:00:00,68212.21,68433.01,68212.21,68367.68,4825
2024-03-09 16:00:00,68368.88,68403.58,68054.94,68185.65,5284
2024-03-09 17:00:00,68184.31,68316.6,68039.19,68229.87,5121
2024-03-09 18:00:00,68229.53,68447.57,68162.56,68324.88,4504
2024-03-09 19:00:00,68324.83,68428.45,68194.71,68275.58,4599
2024-03-09 20:00:00,68267.52,68443.25,68267.52,68431.1,4230
2024-03-09 21:00:00,68431.38,68520.6,68251.97,68457.4,4415
2024-03-09 22:00:00,68456.67,68499.82,68380.16,68439.08,3923
2024-03-09 23:00:00,68440.19,68506.58,68336.86,68400.0,4154
2024-03-10 00:00:00,68390.03,68493.45,68259.0,68409.56,4765
2024-03-10 01:00:00,68403.71,69297.41,68373.11,69004.13,8501
2024-03-10 02:00:00,69009.64,69263.61,68827.37,68881.79,6167
2024-03-10 03:00:00,68884.78,69172.89,68749.04,69131.39,5369
2024-03-10 04:00:00,69130.69,69664.79,69005.49,69406.95,6969
2024-03-10 05:00:00,69405.93,69560.59,69223.29,69348.18,5747
2024-03-10 06:00:00,69348.83,69415.0,69091.91,69342.22,4105
2024-03-10 07:00:00,69338.45,69480.97,69225.05,69399.17,4748
2024-03-10 08:00:00,69397.32,69720.77,69342.21,69659.06,5124
2024-03-10 09:00:00,69664.46,69907.12,69175.15,69803.28,8247
2024-03-10 10:00:00,69806.9,69952.4,69570.95,69801.31,7767
2024-03-10 11:00:00,69805.14,69892.74,69463.61,69592.2,6365
2024-03-10 12:00:00,69594.81,69896.55,69447.44,69832.88,7305
2024-03-10 13:00:00,69834.17,69881.57,69157.56,69400.54,6734
2024-03-10 14:00:00,69392.81,69517.93,68721.56,69314.26,8376
2024-03-10 15:00:00,69314.29,69478.86,69023.15,69248.79,7618
2024-03-10 16:00:00,69248.44,69803.8,69200.84,69474.91,7076
2024-03-10 17:00:00,69475.64,69624.14,69381.88,69442.87,5398
2024-03-10 18:00:00,69441.62,69516.38,69227.99,69287.4,5212
2024-03-10 19:00:00,69284.68,69500.96,69161.94,69414.31,5129
2024-03-10 20:00:00,69415.88,69492.88,69274.3,69347.93,4661
2024-03-10 21:00:00,69348.72,69429.81,69086.8,69146.04,4530
2024-03-10 22:00:00,69148.42,69157.67,68109.12,68475.05,10642
2024-03-10 23:00:00,68479.56,69022.48,68353.87,68938.72,9455
2024-03-11 00:00:00,68965.01,68985.77,67033.38,68113.2,11125
2024-03-11 01:00:00,68118.42,68355.91,67516.05,68263.11,12209
2024-03-11 02:00:00,68260.11,68526.72,68196.31,68295.6,8611
2024-03-11 03:00:00,68302.78,68611.86,68210.11,68556.61,6890
2024-03-11 04:00:00,68565.49,68826.0,68390.39,68516.55,5993
2024-03-11 05:00:00,68517.61,68786.28,68460.45,68543.34,5987
2024-03-11 06:00:00,68545.4,69296.91,68395.43,69263.84,7009
2024-03-11 07:00:00,69264.68,71234.38,69220.46,70992.45,15542
2024-03-11 08:00:00,70999.77,71597.86,70974.86,71134.36,11558
2024-03-11 09:00:00,71125.5,71778.78,71079.2,71718.2,9454
2024-03-11 10:00:00,71722.95,71751.61,71365.37,71412.07,7226
2024-03-11 11:00:00,71417.49,72228.83,71220.14,71445.74,8666
2024-03-11 12:00:00,71454.7,72157.75,71325.06,71913.55,9874
2024-03-11 13:00:00,71910.1,72338.13,71248.0,71419.82,12204
2024-03-11 14:00:00,71419.79,72325.83,71398.91,72118.19,13239
2024-03-11 15:00:00,72108.57,72590.8,71913.8,71981.89,10707
2024-03-11 16:00:00,71976.85,72542.03,71726.12,72472.11,10507
2024-03-11 17:00:00,72466.04,72541.2,72151.06,72459.36,7624
2024-03-11 18:00:00,72463.4,72575.09,72157.55,72459.02,7753
2024-03-11 19:00:00,72463.39,72750.75,71709.24,71983.14,9093
2024-03-11 20:00:00,71976.84,72229.09,71794.88,72044.25,6412
2024-03-11 21:00:00,72038.27,72541.39,71965.16,72436.47,5243
2024-03-11 22:00:00,72426.76,72665.03,72283.61,72384.78,7402
2024-03-11 23:00:00,72381.5,72387.12,71975.95,72062.28,6302
2024-03-12 00:00:00,72046.88,72295.63,71916.98,71958.13,6649
2024-03-12 01:00:00,71949.03,72452.89,71815.41,72400.78,7254
2024-03-12 02:00:00,72402.1,72420.67,72047.31,72136.99,5820
2024-03-12 03:00:00,72129.95,72232.18,71256.59,71563.39,9462
2024-03-12 04:00:00,71572.42,72001.77,71202.32,71736.66,9699
2024-03-12 05:00:00,71742.11,71979.16,71559.26,71846.85,6353
2024-03-12 06:00:00,71854.39,72204.07,71314.32,72187.64,8645
2024-03-12 07:00:00,72176.82,72309.15,71922.73,72087.11,8134
2024-03-12 08:00:00,72076.42,72151.26,71346.36,71637.18,10522
2024-03-12 09:00:00,71626.5,72022.07,71607.53,71859.41,6286
2024-03-12 10:00:00,71867.9,71919.72,71539.46,71753.29,5460
2024-03-12 11:00:00,71743.01,72276.92,71714.55,71947.55,7136
2024-03-12 12:00:00,71952.42,72179.52,71370.93,72113.04,9755
2024-03-12 13:00:00,72114.21,72284.96,71608.05,72258.85,9604
2024-03-12 14:00:00,72260.8,72873.86,71509.04,71577.93,12277
2024-03-12 15:00:00,71567.4,71975.35,70769.65,71571.35,9171
2024-03-12 16:00:00,71577.07,71728.37,70004.74,70373.66,13029
2024-03-12 17:00:00,70382.73,70963.09,68434.43,70899.65,18101
2024-03-12 18:00:00,70896.27,71394.02,70279.65,71226.35,14454
2024-03-12 19:00:00,71239.15,71657.49,71009.28,71285.82,8946
2024-03-12 20:00:00,71289.03,71316.4,70547.24,70922.24,7238
2024-03-12 21:00:00,70909.37,71032.84,70510.24,70806.04,5017
2024-03-12 22:00:00,70789.26,71155.12,70607.19,71036.86,6104
2024-03-12 23:00:00,71039.12,71463.15,70904.65,71378.57,5560
2024-03-13 00:00:00,71357.04,71651.38,71162.07,71316.91,6412
2024-03-13 01:00:00,71309.39,72027.7,71258.82,71907.87,7294
2024-03-13 02:00:00,71919.61,72021.67,71736.52,71917.18,5729
2024-03-13 03:00:00,71912.69,72197.42,71791.98,71993.61,6551
2024-03-13 04:00:00,72003.01,72223.23,71855.61,72178.72,5772
2024-03-13 05:00:00,72179.68,72186.17,71913.62,72145.89,4696
2024-03-13 06:00:00,72145.47,72716.51,72054.47,72682.52,7539
2024-03-13 07:00:00,72687.14,73123.74,72582.9,72861.05,8462
2024-03-13 08:00:00,72872.27,73657.74,72853.43,73390.73,9368
2024-03-13 09:00:00,73397.28,73619.4,73120.66,73286.02,7191
2024-03-13 10:00:00,73286.33,73425.83,73088.72,73222.95,6161
2024-03-13 11:00:00,73228.85,73472.66,72995.06,73035.92,5557
2024-03-13 12:00:00,73036.5,73167.9,72400.6,72780.01,7705
2024-03-13 13:00:00,72774.4,72999.08,71333.96,72125.34,11333
2024-03-13 14:00:00,72132.72,72855.75,71961.6,72306.79,12245
2024-03-13 15:00:00,72318.58,73091.22,72241.59,72597.93,10325
2024-03-13 16:00:00,72593.32,73055.51,72301.68,73003.19,9087
2024-03-13 17:00:00,73011.07,73228.9,72661.74,72820.12,8586
2024-03-13 18:00:00,72817.39,73320.8,72692.83,73129.78,7014
2024-03-13 19:00:00,73132.21,73392.11,72709.84,73355.93,6975
2024-03-13 20:00:00,73359.58,73437.01,72872.72,73047.61,6697
2024-03-13 21:00:00,73049.42,73342.23,72899.17,73173.42,5404
2024-03-13 22:00:00,73178.92,73240.62,72761.48,72891.81,5570
2024-03-13 23:00:00,72893.67,73127.52,72819.16,73004.54,5948
2024-03-14 00:00:00,73030.99,73134.69,72694.31,72785.18,6040
2024-03-14 01:00:00,72783.03,72919.26,72439.63,72868.77,6896
2024-03-14 02:00:00,72862.5,73227.04,72734.07,72957.04,5708
2024-03-14 03:00:00,72956.76,73272.0,72931.37,73186.92,5555
2024-03-14 04:00:00,73178.33,73607.26,72606.93,72871.57,7007
2024-03-14 05:00:00,72874.96,73168.31,72678.92,73109.9,6028
2024-03-14 06:00:00,73111.83,73572.63,73034.71,73508.79,7441
2024-03-14 07:00:00,73501.85,73706.92,73007.09,73172.76,8163
2024-03-14 08:00:00,73175.21,73503.34,73145.46,73279.99,6086
2024-03-14 09:00:00,73283.4,73460.13,73020.51,73254.99,5645
2024-03-14 10:00:00,73259.58,73290.45,72759.92,72917.89,7002
2024-03-14 11:00:00,72920.23,72993.03,72540.9,72820.83,7263
2024-03-14 12:00:00,72820.72,73001.32,72361.12,72779.73,8710
2024-03-14 13:00:00,72785.95,72882.06,71364.29,71784.01,11317
2024-03-14 14:00:00,71775.17,72450.0,71053.17,71574.21,12000
2024-03-14 15:00:00,71579.13,71982.52,70408.13,70762.23,12671
2024-03-14 16:00:00,70753.13,71344.96,69712.49,71230.51,14382
2024-03-14 17:00:00,71226.5,71364.73,70556.84,70968.17,10474
2024-03-14 18:00:00,70971.57,70971.57,69177.09,69998.23,13996
2024-03-14 19:00:00,69993.05,70357.71,68436.14,69257.26,18711
2024-03-14 20:00:00,69252.39,71044.58,69146.22,70649.84,12264
2024-03-14 21:00:00,70658.37,71039.54,70152.48,70992.24,8097
2024-03-14 22:00:00,70997.03,71578.63,70962.8,71464.38,9712
2024-03-14 23:00:00,71463.5,71657.5,71300.7,71333.53,7580
2024-03-15 00:00:00,71310.12,72395.27,71128.25,71826.66,9574
2024-03-15 01:00:00,71832.5,71990.85,71419.22,71500.16,7732
2024-03-15 02:00:00,71494.99,71648.25,67822.39,68938.96,17523
2024-03-15 03:00:00,68947.27,69418.84,66559.12,68192.05,21283
2024-03-15 04:00:00,68198.83,68424.02,66867.59,67375.38,19132
2024-03-15 05:00:00,67380.67,68197.36,67000.06,67345.56,15356
2024-03-15 06:00:00,67340.48,68578.99,67307.79,68552.93,13620
2024-03-15 07:00:00,68561.08,68806.37,68027.6,68339.05,11216
2024-03-15 08:00:00,68350.14,68546.16,66939.75,66956.93,16049
2024-03-15 09:00:00,66963.17,68090.29,65465.36,67757.45,21456
2024-03-15 10:00:00,67755.54,68067.58,67132.34,67169.1,15308
2024-03-15 11:00:00,67173.07,67851.62,66635.66,67714.82,17314
2024-03-15 12:00:00,67718.99,68016.51,67377.73,67866.84,13478
2024-03-15 13:00:00,67876.38,68665.66,67363.17,68469.86,15776
2024-03-15 14:00:00,68471.88,68609.31,67786.0,68584.15,14108
2024-03-15 15:00:00,68590.66,68713.09,68034.05,68155.91,12788
2024-03-15 16:00:00,68152.04,68387.07,67391.66,67889.3,15134
2024-03-15 17:00:00,67881.22,68332.48,67552.46,68181.01,13459
2024-03-15 18:00:00,68177.46,70467.81,68141.58,70209.08,12754
2024-03-15 19:00:00,70201.07,70596.73,68492.89,68969.55,17388
2024-03-15 20:00:00,68969.73,68972.54,67390.92,67830.63,17077
2024-03-15 21:00:00,67826.22,68291.1,67765.22,68260.77,8304
2024-03-15 22:00:00,68265.35,69197.7,68131.97,69095.06,8481
2024-03-15 23:00:00,69093.14,69786.85,68767.46,69384.39,10470
2024-03-16 00:00:00,69490.33,70102.88,69386.81,69666.4,10624
2024-03-16 01:00:00,69670.83,69926.41,69013.78,69254.0,9725
2024-03-16 02:00:00,69260.62,69325.99,68901.7,69068.74,7080
2024-03-16 03:00:00,69067.85,69446.68,68951.59,69196.48,7074
2024-03-16 04:00:00,69194.73,69289.99,68731.98,68968.52,7841
2024-03-16 05:00:00,68968.31,69102.15,68548.49,68962.21,7944
2024-03-16 06:00:00,68960.4,69220.63,68873.04,69164.24,6127
2024-03-16 07:00:00,69157.57,69460.17,69078.7,69416.18,5425
2024-03-16 08:00:00,69419.31,69427.56,68902.48,68992.68,5335
2024-03-16 09:00:00,68990.16,69152.31,68782.9,68926.96,6910
2024-03-16 10:00:00,68931.71,68991.83,68317.17,68367.7,9891
2024-03-16 11:00:00,68374.65,68535.73,67646.78,68250.29,9279
2024-03-16 12:00:00,68241.64,68452.15,67793.71,67832.63,9030
2024-03-16 13:00:00,67839.04,68218.57,67577.83,67669.62,8546
2024-03-16 14:00:00,67673.83,68180.07,67421.26,68117.08,8680
2024-03-16 15:00:00,68129.02,68441.42,67758.16,68337.62,6826
2024-03-16 16:00:00,68339.04,68386.82,68033.04,68127.77,6671
2024-03-16 17:00:00,68118.64,68207.67,67104.76,67199.13,9613
2024-03-16 18:00:00,67206.62,67331.49,66564.53,66916.83,14914
2024-03-16 19:00:00,66924.67,67659.02,66766.87,66812.69,11346
2024-03-16 20:00:00,66811.77,67483.55,66625.71,67046.66,11125
2024-03-16 21:00:00,67040.0,67171.23,65929.64,66163.33,11838
2024-03-16 22:00:00,66155.01,66682.19,65682.94,66307.57,12134
2024-03-16 23:00:00,66299.6,66319.85,64721.77,65251.93,18144
2024-03-17 00:00:00,65193.9,66236.14,65044.3,65140.91,13516
2024-03-17 01:00:00,65148.2,66139.08,65148.2,66082.75,12148
2024-03-17 02:00:00,66090.66,66518.63,65934.65,66300.2,10467
2024-03-17 03:00:00,66305.23,66556.17,66116.02,66495.23,8640
2024-03-17 04:00:00,66489.25,66526.87,66177.43,66286.67,6801
2024-03-17 05:00:00,66293.37,66488.28,65923.66,66185.8,8027
2024-03-17 06:00:00,66189.92,66314.84,64911.92,64911.92,10029
2024-03-17 07:00:00,64908.57,65677.13,64464.39,65549.06,16302
2024-03-17 08:00:00,65538.79,66626.28,65168.51,66374.71,13222
2024-03-17 09:00:00,66387.23,66757.01,66137.92,66367.19,11140
2024-03-17 10:00:00,66369.48,67297.82,66285.12,67100.76,10602
2024-03-17 11:00:00,67102.78,67449.15,66788.06,66895.83,9267
2024-03-17 12:00:00,66889.86,67348.0,66322.76,66501.56,9858
2024-03-17 13:00:00,66500.17,67431.81,66491.4,67065.17,11291
2024-03-17 14:00:00,67068.6,67600.2,66791.11,67562.76,9057
2024-03-17 15:00:00,67564.6,68086.51,67174.98,67922.44,9913
2024-03-17 16:00:00,67918.67,68369.9,67718.62,67995.31,9965
2024-03-17 17:00:00,67994.44,68642.21,67865.81,68503.34,8177
2024-03-17 18:00:00,68507.71,68573.21,67987.71,68122.94,7961
2024-03-17 19:00:00,68129.74,68555.62,68016.51,68493.66,6952
2024-03-17 20:00:00,68500.9,68682.53,68169.63,68257.91,7458
2024-03-17 21:00:00,68255.55,68365.86,67909.83,68155.9,5716
2024-03-17 22:00:00,68149.3,68884.25,68044.4,68191.19,11194
2024-03-17 23:00:00,68192.98,68643.09,68025.44,68362.71,10446
2024-03-18 00:00:00,68361.54,68408.06,67215.58,67263.49,13465
2024-03-18 01:00:00,67258.57,67735.35,66727.43,67582.87,12464
2024-03-18 02:00:00,67587.57,68104.15,67297.32,67714.43,10076
2024-03-18 03:00:00,67712.55,68120.24,67668.74,67932.57,9549
2024-03-18 04:00:00,67934.88,68488.52,67614.77,68281.45,10646
2024-03-18 05:00:00,68282.22,68904.26,68126.01,68614.58,11008
2024-03-18 06:00:00,68607.21,68672.93,68303.23,68424.87,7899
2024-03-18 07:00:00,68422.89,68437.71,68027.71,68125.15,8921
2024-03-18 08:00:00,68132.87,68176.24,67237.88,67962.8,11857
2024-03-18 09:00:00,67970.79,68216.64,67575.57,67805.78,11806
2024-03-18 10:00:00,67799.76,68167.12,67621.23,68063.8,10226
2024-03-18 11:00:00,68069.12,68431.06,67924.98,68197.61,8492
2024-03-18 12:00:00,68193.66,68527.63,67957.2,68444.26,10289
2024-03-18 13:00:00,68449.3,68559.49,67103.24,67499.0,14014
2024-03-18 14:00:00,67502.73,67762.83,66559.24,66927.48,15494
2024-03-18 15:00:00,66919.5,67476.33,66515.62,67433.46,13352
2024-03-18 16:00:00,67443.15,68081.25,66931.05,67081.9,11629
2024-03-18 17:00:00,67081.52,67457.11,66532.78,67337.73,14443
2024-03-18 18:00:00,67336.77,67438.43,66860.08,66977.61,11857
2024-03-18 19:00:00,66970.08,67413.37,66815.21,66883.76,10872
2024-03-18 20:00:00,66882.02,67344.85,66882.02,67337.13,7875
2024-03-18 21:00:00,67333.36,67864.49,67300.3,67564.34,7068
2024-03-18 22:00:00,67566.46,67709.17,67217.0,67656.96,8760
2024-03-18 23:00:00,67663.68,67992.94,67461.39,67552.59,9244
2024-03-19 00:00:00,67576.46,68118.46,66841.71,67062.05,13102
2024-03-19 01:00:00,67066.19,67140.27,65725.95,65784.29,15957
2024-03-19 02:00:00,65790.55,66344.96,65447.22,65837.67,13236
2024-03-19 03:00:00,65841.55,65981.27,64792.21,65835.66,15954
2024-03-19 04:00:00,65828.42,65944.3,64966.11,65306.89,14754
2024-03-19 05:00:00,65300.71,65572.06,64564.77,65127.36,13294
2024-03-19 06:00:00,65124.31,65361.77,64517.42,64848.97,12694
2024-03-19 07:00:00,64853.91,64865.52,63523.13,64599.36,14616
2024-03-19 08:00:00,64604.93,64617.4,63064.54,63437.06,15690
2024-03-19 09:00:00,63431.69,64157.4,62895.34,64080.12,17050
2024-03-19 10:00:00,64081.69,64081.69,62658.86,63228.61,14048
2024-03-19 11:00:00,63220.7,63326.72,62407.11,63018.47,14175
2024-03-19 12:00:00,63021.36,63742.44,62927.49,63578.83,13690
2024-03-19 13:00:00,63571.05,63804.42,62967.62,63526.77,13183
2024-03-19 14:00:00,63529.56,63529.56,62328.23,62802.23,12407
2024-03-19 15:00:00,62800.01,64052.72,62484.92,63934.75,15219
2024-03-19 16:00:00,63928.97,65031.9,63825.12,64949.23,12099
2024-03-19 17:00:00,64944.53,65746.49,64560.34,64807.25,15208
2024-03-19 18:00:00,64814.2,64918.0,64178.0,64663.99,11235
2024-03-19 19:00:00,64669.86,65302.23,64336.08,64352.84,10533
2024-03-19 20:00:00,64357.03,64492.45,63505.74,63733.7,12830
2024-03-19 21:00:00,63733.05,64090.05,63498.61,63907.84,9155
2024-03-19 22:00:00,63916.13,64015.6,62399.53,62579.64,12847
2024-03-19 23:00:00,62583.54,62744.13,61477.86,61930.35,12763
2024-03-20 00:00:00,61908.96,63380.91,61799.11,63187.67,16588
2024-03-20 01:00:00,63184.51,63226.46,61835.91,62331.52,14653
2024-03-20 02:00:00,62333.78,62996.28,62151.57,62828.06,11938
2024-03-20 03:00:00,62829.97,63437.29,61558.03,61835.2,12247
2024-03-20 04:00:00,61832.85,62316.28,61051.67,61622.88,15440
2024-03-20 05:00:00,61616.48,61747.3,60724.29,61537.97,14268
2024-03-20 06:00:00,61541.37,62037.03,61473.58,61724.41,11631
2024-03-20 07:00:00,61726.54,63197.22,61695.24,62974.85,11877
2024-03-20 08:00:00,62970.6,63286.87,62675.8,62697.25,10551
2024-03-20 09:00:00,62689.27,63354.93,62602.59,63191.95,9150
2024-03-20 10:00:00,63187.14,63273.99,62804.01,62984.3,8905
2024-03-20 11:00:00,62988.19,63910.14,62953.3,63367.67,10120
2024-03-20 12:00:00,63372.05,64293.06,63133.28,64037.76,11548
2024-03-20 13:00:00,64043.65,64046.68,63028.71,63581.23,11853
2024-03-20 14:00:00,63588.16,64339.43,63415.53,64225.99,11111
2024-03-20 15:00:00,64228.39,64382.28,63384.78,63592.85,12802
2024-03-20 16:00:00,63593.67,63782.04,62015.88,63088.14,17844
2024-03-20 17:00:00,63085.57,64712.42,62820.86,64080.15,16253
2024-03-20 18:00:00,64076.17,65444.22,63883.91,65308.85,16781
2024-03-20 19:00:00,65312.79,65970.18,65067.26,65750.9,14459
2024-03-20 20:00:00,65746.65,67836.23,65623.42,67049.04,16457
2024-03-20 21:00:00,67060.59,67933.49,66884.19,67694.17,12152
2024-03-20 22:00:00,67695.56,68156.65,67322.54,67688.94,14585
2024-03-20 23:00:00,67689.9,68095.75,67416.78,67925.84,12898
2024-03-21 00:00:00,67838.24,68230.74,67415.4,67660.64,13715
2024-03-21 01:00:00,67655.61,67978.12,67639.16,67815.02,9832
2024-03-21 02:00:00,67819.85,67976.92,67486.5,67546.05,9212
2024-03-21 03:00:00,67542.71,67772.02,66345.72,66647.15,10912
2024-03-21 04:00:00,66645.26,66964.48,66455.99,66759.92,11559
2024-03-21 05:00:00,66755.37,67087.2,66056.92,67009.69,10930
2024-03-21 06:00:00,67007.27,67363.88,66904.69,66977.79,11245
2024-03-21 07:00:00,66974.06,67349.8,66905.17,66988.48,8585
2024-03-21 08:00:00,66994.92,67689.66,66949.59,67274.01,11203
2024-03-21 09:00:00,67270.69,67336.39,66631.69,66832.33,10346
2024-03-21 10:00:00,66832.64,67048.9,66645.05,66982.5,8815
2024-03-21 11:00:00,66981.79,67202.39,66722.5,67016.49,8720
2024-03-21 12:00:00,67012.25,67463.6,66974.42,67253.69,10274
2024-03-21 13:00:00,67248.45,67702.63,66573.55,66722.68,13185
2024-03-21 14:00:00,66714.92,67419.97,66505.38,66871.05,12028
2024-03-21 15:00:00,66871.03,66994.6,66021.53,66560.15,13808
2024-03-21 16:00:00,66565.23,66804.59,66126.36,66771.41,11919
2024-03-21 17:00:00,66762.83,66979.04,65591.65,65669.58,13054
2024-03-21 18:00:00,65662.4,65823.23,64818.01,65116.34,13071
2024-03-21 19:00:00,65113.09,65560.53,64903.75,65207.68,10747
2024-03-21 20:00:00,65199.35,65895.17,64526.86,65441.68,13361
2024-03-21 21:00:00,65445.91,65731.68,65059.19,65628.93,7627
2024-03-21 22:00:00,65622.25,65876.86,65284.9,65366.01,10591
2024-03-21 23:00:00,65370.09,65599.06,65211.04,65458.98,8444
2024-03-22 00:00:00,65476.34,65955.43,65322.63,65768.43,9912
2024-03-22 01:00:00,65768.24,65920.86,65154.58,65228.65,8849
2024-03-22 02:00:00,65228.36,65690.92,65070.85,65600.46,8854
2024-03-22 03:00:00,65593.71,66154.13,65551.13,65961.88,9521
2024-03-22 04:00:00,65967.05,66288.32,65714.22,66130.52,7981
2024-03-22 05:00:00,66123.45,66451.46,65932.18,66420.77,7140
2024-03-22 06:00:00,66426.99,66664.7,66286.16,66427.69,7603
2024-03-22 07:00:00,66419.57,66450.16,66110.96,66184.19,6591
2024-03-22 08:00:00,66183.85,66379.76,65780.46,65840.64,7380
2024-03-22 09:00:00,65836.7,66057.55,65299.96,65483.3,8548
2024-03-22 10:00:00,65483.69,65579.88,64535.9,64656.35,10555
2024-03-22 11:00:00,64662.24,64923.91,64025.89,64241.73,9932
2024-03-22 12:00:00,64232.97,64624.05,63891.01,64224.37,9826
2024-03-22 13:00:00,64222.84,64407.48,62738.9,62988.46,13921
2024-03-22 14:00:00,62984.45,63397.72,62509.81,62658.3,17017
2024-03-22 15:00:00,62664.45,64269.11,62570.46,63834.61,15513
2024-03-22 16:00:00,63837.14,63847.83,62683.74,63184.51,13394
2024-03-22 17:00:00,63190.67,63736.56,63190.67,63550.06,10889
2024-03-22 18:00:00,63542.29,63981.11,63386.84,63735.86,9308
2024-03-22 19:00:00,63731.15,64158.93,63365.94,63840.51,9079
2024-03-22 20:00:00,63846.86,63988.94,63274.83,63490.85,9127
2024-03-22 21:00:00,63484.32,63502.15,62223.46,62960.23,10597
2024-03-22 22:00:00,62953.5,63199.92,62505.26,62984.42,10185
2024-03-22 23:00:00,62988.16,63773.02,62954.7,63773.02,7714
2024-03-23 00:00:00,63790.2,63799.72,63488.11,63533.39,6726
2024-03-23 01:00:00,63537.57,64335.87,63492.86,64121.84,7064
2024-03-23 02:00:00,64124.4,64344.14,63668.96,63846.41,6513
2024-03-23 03:00:00,63846.76,63863.09,62968.86,63536.6,7979
2024-03-23 04:00:00,63532.88,64093.14,63480.41,63893.86,6908
2024-03-23 05:00:00,63893.13,64150.19,63696.73,64061.4,5994
2024-03-23 06:00:00,64064.6,64300.31,63978.23,64174.21,5939
2024-03-23 07:00:00,64176.21,64857.4,64138.44,64586.58,8313
2024-03-23 08:00:00,64586.67,64882.74,64183.11,64547.2,7196
2024-03-23 09:00:00,64541.22,64605.64,64175.14,64459.93,6760
2024-03-23 10:00:00,64459.98,64737.95,64198.2,64313.89,7420
2024-03-23 11:00:00,64316.53,64658.36,64206.55,64653.95,6315
2024-03-23 12:00:00,64653.75,64930.02,64543.36,64697.86,6745
2024-03-23 13:00:00,64692.88,64747.65,64273.7,64615.57,7439
2024-03-23 14:00:00,64610.77,65431.24,64377.95,65273.55,8867
2024-03-23 15:00:00,65268.51,65385.22,64728.8,65108.59,8283
2024-03-23 16:00:00,65113.74,65866.39,64891.26,65682.55,8411
2024-03-23 17:00:00,65675.09,66032.34,65487.68,65680.87,7494
2024-03-23 18:00:00,65676.39,65686.44,65278.49,65389.96,5995
2024-03-23 19:00:00,65385.02,65485.19,64766.22,64850.37,7267
2024-03-23 20:00:00,64850.56,65130.18,64658.36,65014.95,6077
2024-03-23 21:00:00,65018.11,65208.79,64766.59,64946.2,5425
2024-03-23 22:00:00,64943.62,65077.08,64728.5,64751.95,5887
2024-03-23 23:00:00,64752.56,64835.41,63893.55,64097.51,7621
2024-03-24 00:00:00,64007.16,64592.91,63943.94,64543.11,7221
2024-03-24 01:00:00,64547.22,64720.16,64374.15,64478.88,6232
2024-03-24 02:00:00,64478.82,64547.45,64154.09,64295.07,5893
2024-03-24 03:00:00,64298.36,64298.36,63933.29,64000.41,7250
2024-03-24 04:00:00,64003.06,64264.61,63771.82,64220.44,6777
2024-03-24 05:00:00,64219.84,64392.38,64112.62,64315.44,5701
2024-03-24 06:00:00,64312.77,64389.41,64096.7,64249.57,5014
2024-03-24 07:00:00,64249.81,64572.43,64015.07,64552.61,6243
2024-03-24 08:00:00,64557.12,65279.02,64465.97,65244.92,8252
2024-03-24 09:00:00,65237.3,65264.68,64778.51,64869.42,6975
2024-03-24 10:00:00,64865.82,65381.41,64854.05,65107.18,6279
2024-03-24 11:00:00,65104.51,65360.49,64945.73,65358.4,6123
2024-03-24 12:00:00,65362.14,65829.89,65211.07,65678.31,8453
2024-03-24 13:00:00,65676.63,65856.78,65292.23,65418.24,7280
2024-03-24 14:00:00,65413.55,65957.81,65338.32,65675.73,6821
2024-03-24 15:00:00,65675.41,65774.89,65428.27,65681.38,6611
2024-03-24 16:00:00,65685.37,65884.43,65188.38,65229.45,7502
2024-03-24 17:00:00,65232.87,65560.85,64581.71,65324.55,9838
2024-03-24 18:00:00,65321.96,66031.22,65310.73,65807.58,8570
2024-03-24 19:00:00,65814.47,66061.56,65650.87,65843.26,7001
2024-03-24 20:00:00,65849.74,66444.05,65719.78,66202.26,7886
2024-03-24 21:00:00,66198.68,66643.76,66181.4,66526.56,7043
2024-03-24 22:00:00,66526.55,67011.34,66437.43,66934.78,10014
2024-03-24 23:00:00,66933.36,67617.85,66906.58,67201.41,11048
2024-03-25 00:00:00,67224.22,67305.26,66473.59,66564.99,10264
2024-03-25 01:00:00,66572.53,66986.71,66399.67,66554.68,9261
2024-03-25 02:00:00,66549.11,66820.58,66368.85,66704.14,7055
2024-03-25 03:00:00,66710.38,67339.85,66563.07,67326.74,6870
2024-03-25 04:00:00,67319.73,67543.39,67013.07,67494.65,7286
2024-03-25 05:00:00,67496.38,67740.81,67279.88,67356.88,7915
2024-03-25 06:00:00,67362.68,67415.14,66912.76,67153.69,6687
2024-03-25 07:00:00,67156.24,67294.55,66745.08,66873.93,6754
2024-03-25 08:00:00,66873.6,67256.07,66803.08,66997.13,7310
2024-03-25 09:00:00,66992.3,67150.11,66762.63,67107.06,5896
2024-03-25 10:00:00,67110.13,67401.59,66881.83,67037.28,6873
2024-03-25 11:00:00,67043.79,67061.52,66760.32,66842.89,7751
2024-03-25 12:00:00,66843.07,67280.18,66799.01,67054.62,8003
2024-03-25 13:00:00,67055.62,68048.54,66862.5,67991.73,9148
2024-03-25 14:00:00,67987.76,69516.68,67686.09,69404.14,15713
2024-03-25 15:00:00,69403.34,70035.01,69131.27,69797.24,12428
2024-03-25 16:00:00,69806.97,70277.06,69433.89,70188.93,11336
2024-03-25 17:00:00,70196.81,70792.43,70133.59,70524.4,9779
2024-03-25 18:00:00,70530.86,70893.1,70351.98,70860.96,7541
2024-03-25 19:00:00,70867.72,71032.19,70505.12,70979.76,8044
2024-03-25 20:00:00,70972.85,71133.81,70619.69,70892.05,7727
2024-03-25 21:00:00,70886.42,70930.74,69546.8,69904.73,8378
2024-03-25 22:00:00,69912.12,70651.92,69878.39,70327.92,8175
2024-03-25 23:00:00,70327.81,70449.87,69689.25,69945.23,8235
2024-03-26 00:00:00,69881.0,70222.27,69671.61,69898.2,8517
2024-03-26 01:00:00,69897.61,70310.48,69763.76,70250.92,7185
2024-03-26 02:00:00,70243.79,70507.69,70033.53,70490.39,6394
2024-03-26 03:00:00,70494.34,70600.64,70273.42,70425.22,6122
2024-03-26 04:00:00,70425.78,70629.86,70365.47,70578.0,5132
2024-03-26 05:00:00,70573.94,70597.32,70234.16,70266.53,5445
2024-03-26 06:00:00,70274.82,70622.29,70247.66,70589.02,5835
2024-03-26 07:00:00,70592.38,71488.21,70419.9,70502.41,8648
2024-03-26 08:00:00,70504.95,70828.93,70268.56,70657.04,8306
2024-03-26 09:00:00,70652.72,71262.09,70592.51,71125.18,6951
2024-03-26 10:00:00,71118.35,71199.7,70788.25,70857.87,6731
2024-03-26 11:00:00,70857.69,70887.71,70542.07,70670.45,6045
2024-03-26 12:00:00,70677.77,71112.71,70505.97,71086.04,6711
2024-03-26 13:00:00,71084.84,71108.58,70066.18,70412.16,10726
2024-03-26 14:00:00,70410.15,70683.02,69277.86,70305.42,13193
2024-03-26 15:00:00,70309.74,70333.38,69643.2,70237.87,10477
2024-03-26 16:00:00,70240.83,70499.62,69402.56,69748.57,10601
2024-03-26 17:00:00,69749.02,70191.57,69509.97,70067.14,8799
2024-03-26 18:00:00,70070.02,70427.65,69903.89,69938.1,7267
2024-03-26 19:00:00,69942.63,70106.43,69420.53,69473.38,9944
2024-03-26 20:00:00,69468.18,69880.36,69351.72,69802.34,9565
2024-03-26 21:00:00,69805.24,70201.72,69686.86,70037.62,6483
2024-03-26 22:00:00,70039.27,70246.48,69666.77,70194.33,7740
2024-03-26 23:00:00,70202.47,70290.22,69924.83,69978.77,6325
2024-03-27 00:00:00,69970.66,70682.48,69792.11,70581.3,7742
2024-03-27 01:00:00,70587.44,70725.18,70143.73,70289.84,7316
2024-03-27 02:00:00,70289.29,70553.32,70137.4,70529.45,6438
2024-03-27 03:00:00,70534.52,70664.91,70301.47,70326.7,6225
2024-03-27 04:00:00,70321.83,70443.54,70031.11,70157.76,5967
2024-03-27 05:00:00,70161.1,70484.02,70116.03,70420.06,5736
2024-03-27 06:00:00,70420.9,70544.34,70093.28,70266.44,5595
2024-03-27 07:00:00,70268.86,70294.11,69614.35,69722.51,8198
2024-03-27 08:00:00,69718.74,70031.08,69481.18,69552.94,6985
2024-03-27 09:00:00,69546.44,70077.21,69415.36,70033.52,7508
2024-03-27 10:00:00,70030.29,70190.32,69884.69,70103.26,6467
2024-03-27 11:00:00,70102.58,70321.84,69982.9,70203.55,6415
2024-03-27 12:00:00,70204.59,70345.03,69958.86,70147.15,5906
2024-03-27 13:00:00,70149.31,71656.94,69635.87,69892.81,14719
2024-03-27 14:00:00,69888.23,70144.1,68441.5,70015.04,16525
2024-03-27 15:00:00,70009.99,70058.92,68798.61,68800.57,12426
2024-03-27 16:00:00,68798.87,69275.03,68299.03,69216.65,11951
2024-03-27 17:00:00,69210.47,69426.96,68407.54,68632.36,9761
2024-03-27 18:00:00,68631.56,68881.12,68312.28,68399.3,11137
2024-03-27 19:00:00,68407.65,68867.51,68327.4,68575.49,10049
2024-03-27 20:00:00,68581.72,69100.4,68541.15,68860.16,9185
2024-03-27 21:00:00,68857.89,69223.24,68826.14,68879.61,6162
2024-03-27 22:00:00,68883.93,69414.32,68862.95,69378.2,7930
2024-03-27 23:00:00,69370.42,69599.93,68993.68,69422.83,7847
2024-03-28 00:00:00,69404.3,69943.72,69281.4,69643.75,9301
2024-03-28 01:00:00,69639.01,69691.73,69228.07,69413.65,8437
2024-03-28 02:00:00,69415.16,69560.32,68836.41,69096.79,8169
2024-03-28 03:00:00,69088.63,69323.5,68983.82,69262.07,7713
2024-03-28 04:00:00,69259.21,69748.77,69202.58,69695.85,7352
2024-03-28 05:00:00,69696.0,69894.46,69506.55,69692.59,6877
2024-03-28 06:00:00,69696.64,70343.88,69579.78,70299.03,8178
2024-03-28 07:00:00,70293.77,70398.65,70101.92,70321.54,6436
2024-03-28 08:00:00,70326.3,70807.29,70226.5,70497.94,7876
2024-03-28 09:00:00,70500.77,70865.93,70429.4,70479.92,7347
2024-03-28 10:00:00,70479.37,70790.75,70264.82,70718.01,7405
2024-03-28 11:00:00,70724.98,70898.55,70431.91,70568.33,7662
2024-03-28 12:00:00,70571.47,70786.96,70279.33,70750.12,7607
2024-03-28 13:00:00,70744.49,71291.31,70337.44,70803.78,10298
2024-03-28 14:00:00,70798.46,71541.01,70621.59,71497.23,11787
2024-03-28 15:00:00,71501.13,71511.23,70945.01,71266.63,9708
2024-03-28 16:00:00,71269.89,71283.98,70483.59,70671.51,9497
2024-03-28 17:00:00,70677.43,70832.31,70422.71,70758.73,7639
2024-03-28 18:00:00,70754.74,70983.07,70317.9,70490.67,7019
2024-03-28 19:00:00,70494.53,70907.78,70405.23,70772.86,6926
2024-03-28 20:00:00,70767.24,70881.74,70559.74,70672.74,6305
2024-03-28 21:00:00,70668.96,70923.72,70609.15,70795.25,5280
2024-03-28 22:00:00,70796.67,70898.21,70538.08,70826.4,6737
2024-03-28 23:00:00,70829.73,71075.26,70637.67,70697.09,6776
2024-03-29 00:00:00,70752.58,70823.01,70549.86,70736.74,6474
2024-03-29 01:00:00,70735.5,70916.31,70619.73,70771.78,5973
2024-03-29 02:00:00,70769.39,70828.59,70552.77,70601.46,5874
2024-03-29 03:00:00,70607.89,70705.52,70281.91,70440.68,6059
2024-03-29 04:00:00,70441.67,70517.3,70258.8,70362.15,5557
2024-03-29 05:00:00,70362.18,70465.91,70143.84,70163.6,5698
2024-03-29 06:00:00,70153.17,70461.73,70006.8,70399.51,6411
2024-03-29 07:00:00,70408.23,70481.9,69752.4,69768.2,7511
2024-03-29 08:00:00,69761.97,70087.14,69669.49,69957.35,7483
2024-03-29 09:00:00,69966.71,70074.7,69570.06,69743.25,6784
2024-03-29 10:00:00,69747.99,70154.36,69561.29,70110.25,6238
2024-03-29 11:00:00,70112.79,70355.46,70073.58,70179.91,6234
2024-03-29 12:00:00,70179.59,70304.66,69841.11,70124.39,7006
2024-03-29 13:00:00,70125.89,70624.78,70013.68,70426.47,6161
2024-03-29 14:00:00,70422.45,70505.14,70004.83,70043.49,6039
2024-03-29 15:00:00,70047.69,70147.03,68993.14,69160.76,8877
2024-03-29 16:00:00,69159.65,69549.32,69067.21,69190.63,6595
2024-03-29 17:00:00,69182.98,69492.56,69080.22,69431.64,6114
2024-03-29 18:00:00,69425.58,69618.11,69318.94,69528.67,5425
2024-03-29 19:00:00,69525.19,69688.91,69360.48,69677.34,4900
2024-03-29 20:00:00,69680.89,69754.79,69531.7,69650.64,4806
2024-03-29 21:00:00,69655.16,69671.29,69296.8,69483.83,4743
2024-03-29 22:00:00,69488.84,69864.46,69469.89,69822.17,5573
2024-03-29 23:00:00,69826.37,69970.1,69763.25,69870.16,5395
2024-03-30 00:00:00,69860.12,69987.92,69745.77,69983.29,3557
2024-03-30 01:00:00,69985.39,70175.74,69837.05,70010.02,3449
2024-03-30 02:00:00,70007.56,70049.65,69872.27,69962.88,3502
2024-03-30 03:00:00,69965.58,70082.98,69760.68,69816.44,4154
2024-03-30 04:00:00,69816.0,70114.39,69775.23,70070.15,4347
2024-03-30 05:00:00,70074.77,70341.25,69873.32,70001.78,5373
2024-03-30 06:00:00,70009.55,70105.88,69859.24,69975.93,4242
2024-03-30 07:00:00,69975.67,70059.12,69839.55,69866.47,4549
2024-03-30 08:00:00,69861.61,70034.86,69812.61,69963.87,4543
2024-03-30 09:00:00,69958.2,70164.0,69910.92,70019.01,4402
2024-03-30 10:00:00,70016.4,70131.38,69892.57,70054.25,4457
2024-03-30 11:00:00,70052.96,70206.53,70039.05,70190.76,4606
2024-03-30 12:00:00,70189.12,70239.02,70096.1,70230.59,4210
2024-03-30 13:00:00,70230.58,70281.1,70105.54,70186.99,4282
2024-03-30 14:00:00,70189.0,70215.52,70017.45,70066.3,4398
2024-03-30 15:00:00,70068.29,70197.91,69925.43,70022.2,4571
2024-03-30 16:00:00,70022.86,70298.96,69900.47,70204.43,4949
2024-03-30 17:00:00,70203.43,70232.04,70018.73,70085.47,4736
2024-03-30 18:00:00,70086.72,70089.91,69871.66,69982.85,4564
2024-03-30 19:00:00,69978.89,69978.89,69701.37,69906.38,5321
2024-03-30 20:00:00,69904.14,69943.34,69790.45,69838.4,4742
2024-03-30 21:00:00,69833.9,69890.13,69631.17,69705.46,4331
2024-03-30 22:00:00,69702.28,69846.43,69638.32,69701.79,5006
2024-03-30 23:00:00,69695.41,69800.9,69530.41,69639.56,4640
2024-03-31 00:00:00,69595.55,69927.73,69573.55,69856.24,3774
2024-03-31 01:00:00,69855.8,70086.9,69795.8,70037.45,5251
2024-03-31 02:00:00,70036.91,70158.34,69938.15,69986.68,4850
2024-03-31 03:00:00,69991.23,70004.97,69748.72,69920.48,4367
2024-03-31 04:00:00,69924.52,70147.65,69876.42,70110.78,4113
2024-03-31 05:00:00,70110.47,70421.52,70022.49,70314.69,5435
2024-03-31 06:00:00,70319.62,70368.91,70153.74,70197.47,4123
2024-03-31 07:00:00,70201.98,70328.21,70122.37,70281.41,3975
2024-03-31 08:00:00,70275.61,70434.04,70208.99,70282.68,4496
2024-03-31 09:00:00,70281.34,70322.07,70146.86,70222.57,4233
2024-03-31 10:00:00,70219.79,70304.58,70178.86,70248.63,3958
2024-03-31 11:00:00,70249.53,70421.26,70241.06,70355.06,4231
2024-03-31 12:00:00,70355.75,70601.57,70300.17,70451.18,4663
2024-03-31 13:00:00,70452.22,70737.57,70452.22,70568.78,4850
2024-03-31 14:00:00,70570.26,70658.49,70438.69,70532.38,4596
2024-03-31 15:00:00,70532.75,70538.14,70264.23,70371.29,4837
2024-03-31 16:00:00,70373.89,70660.67,70303.03,70464.37,4701
2024-03-31 17:00:00,70458.93,70543.83,70413.44,70494.39,3959
2024-03-31 18:00:00,70493.39,71191.45,70429.68,70861.95,6414
2024-03-31 19:00:00,70855.96,71117.24,70611.15,70979.59,6770
2024-03-31 20:00:00,70972.11,71091.74,70701.72,70826.48,5387
2024-03-31 21:00:00,70824.54,70937.68,70592.68,70850.81,4781
2024-03-31 22:00:00,70843.17,71070.03,70817.13,70940.17,5597
2024-03-31 23:00:00,70944.1,71356.0,70892.95,71288.82,5120
2024-04-01 00:00:00,71243.47,71259.93,70828.8,71132.49,6369
2024-04-01 01:00:00,71126.74,71185.59,70767.26,70815.79,5922
2024-04-01 02:00:00,70818.5,70904.52,70729.42,70868.91,4823
2024-04-01 03:00:00,70867.31,70887.59,70457.18,70552.48,4991
2024-04-01 04:00:00,70557.55,70636.64,70338.42,70383.88,4729
2024-04-01 05:00:00,70380.87,70516.73,69002.75,69207.1,9094
2024-04-01 06:00:00,69206.33,69704.63,68904.65,69633.97,9412
2024-04-01 07:00:00,69632.88,69845.99,69476.65,69622.24,6414
2024-04-01 08:00:00,69629.48,69638.2,69113.04,69438.68,8095
2024-04-01 09:00:00,69439.93,69647.44,69388.14,69431.76,6235
2024-04-01 10:00:00,69439.06,69605.56,69246.6,69556.19,5839
2024-04-01 11:00:00,69552.54,69802.58,69416.34,69477.66,5809
2024-04-01 12:00:00,69474.03,69878.19,69404.36,69873.97,5214
2024-04-01 13:00:00,69875.55,70086.42,69629.52,69866.7,7632
2024-04-01 14:00:00,69858.18,69947.62,68605.59,68882.04,10461
2024-04-01 15:00:00,68889.98,69030.62,68106.32,68196.59,12991
2024-04-01 16:00:00,68188.23,68788.18,67983.42,68537.82,10453
2024-04-01 17:00:00,68540.01,68753.05,68106.63,68705.34,8676
2024-04-01 18:00:00,68711.6,68999.77,68410.52,68900.88,7957
2024-04-01 19:00:00,68905.67,69855.89,68868.16,69686.47,8481
2024-04-01 20:00:00,69682.64,69821.46,69320.92,69752.37,6228
2024-04-01 21:00:00,69749.07,69903.03,69546.62,69587.83,5766
2024-04-01 22:00:00,69584.28,69887.39,69571.24,69704.64,5819
2024-04-01 23:00:00,69703.81,69873.12,69607.61,69683.7,5013
2024-04-02 00:00:00,69654.27,69698.62,69005.29,69349.95,7490
2024-04-02 01:00:00,69342.37,69643.68,69243.72,69390.9,6569
2024-04-02 02:00:00,69390.44,69450.08,65945.23,67019.21,14624
2024-04-02 03:00:00,67027.68,67295.86,66588.4,66706.62,11636
2024-04-02 04:00:00,66703.0,66953.55,66349.69,66597.69,7933
2024-04-02 05:00:00,66600.56,66839.06,66095.44,66731.17,7566
2024-04-02 06:00:00,66725.12,67152.1,66688.27,66852.89,6522
2024-04-02 07:00:00,66847.34,66892.75,66403.28,66449.56,6491
2024-04-02 08:00:00,66459.13,66702.24,66061.06,66231.32,7966
2024-04-02 09:00:00,66228.23,66515.52,65714.81,66058.44,10840
2024-04-02 10:00:00,66064.46,66252.83,65370.8,65925.55,9204
2024-04-02 11:00:00,65932.35,65993.27,64880.08,65530.95,12514
2024-04-02 12:00:00,65537.43,65769.38,65073.31,65289.89,9300
2024-04-02 13:00:00,65282.8,65396.6,64551.27,65140.65,13399
2024-04-02 14:00:00,65147.47,66262.39,65076.51,65659.33,11649
2024-04-02 15:00:00,65659.01,66119.93,64660.69,64890.73,11151
2024-04-02 16:00:00,64895.36,65729.78,64569.07,65533.99,13105
2024-04-02 17:00:00,65537.54,65668.56,65206.29,65565.31,9319
2024-04-02 18:00:00,65571.49,66056.83,65336.96,65791.11,9320
2024-04-02 19:00:00,65794.09,66218.82,65732.59,65922.86,9316
2024-04-02 20:00:00,65916.18,66114.37,65448.39,65687.49,9226
2024-04-02 21:00:00,65677.88,65809.3,65185.92,65658.76,7839
2024-04-02 22:00:00,65658.17,65936.33,65507.33,65798.46,7202
2024-04-02 23:00:00,65795.73,65832.35,65305.86,65368.58,7366
2024-04-03 00:00:00,65406.5,65582.27,64519.21,65367.41,11663
2024-04-03 01:00:00,65370.13,65896.25,65030.6,65756.07,8706
2024-04-03 02:00:00,65754.62,66026.61,65625.56,65912.28,7907
2024-04-03 03:00:00,65916.72,66282.61,65712.63,66208.44,7379
2024-04-03 04:00:00,66208.42,66465.21,66076.14,66345.29,7137
2024-04-03 05:00:00,66338.04,66375.19,65906.02,66079.4,6787
2024-04-03 06:00:00,66079.11,66384.53,66016.66,66348.19,5908
2024-04-03 07:00:00,66347.54,66504.83,66060.07,66108.82,6208
2024-04-03 08:00:00,66110.21,66647.73,65950.03,66499.65,7445
2024-04-03 09:00:00,66496.2,66657.14,66286.38,66477.35,6641
2024-04-03 10:00:00,66472.13,66512.96,65976.12,66172.31,6565
2024-04-03 11:00:00,66166.28,66207.76,65503.2,66079.61,9244
2024-04-03 12:00:00,66082.83,66216.54,65703.11,65916.5,8647
2024-04-03 13:00:00,65915.84,66049.08,65574.38,65782.8,9254
2024-04-03 14:00:00,65785.71,66888.69,65773.25,66615.62,11585
2024-04-03 15:00:00,66618.33,66666.83,65660.51,65809.13,9146
2024-04-03 16:00:00,65815.84,66568.49,65752.46,66178.56,9147
2024-04-03 17:00:00,66173.01,66376.63,65808.58,65972.91,8062
2024-04-03 18:00:00,65968.42,66101.03,65428.74,66019.56,8385
2024-04-03 19:00:00,66012.7,66161.65,65652.71,65757.15,7165
2024-04-03 20:00:00,65764.21,65851.2,65507.37,65691.76,7767
2024-04-03 21:00:00,65692.01,65953.31,65427.77,65916.19,5489
2024-04-03 22:00:00,65919.86,66257.72,65822.06,66142.38,6191
2024-04-03 23:00:00,66146.45,66305.16,65909.62,65935.1,5490
2024-04-04 00:00:00,65947.75,66363.51,65804.59,66297.98,7086
2024-04-04 01:00:00,66295.69,66327.26,66012.72,66143.34,5785
2024-04-04 02:00:00,66143.41,66166.28,65469.44,65748.07,7449
2024-04-04 03:00:00,65743.07,65779.04,65503.06,65587.01,6157
2024-04-04 04:00:00,65581.94,65678.48,65041.33,65447.77,7454
2024-04-04 05:00:00,65450.08,65673.97,65347.08,65530.12,5782
2024-04-04 06:00:00,65535.4,65787.23,65494.15,65737.64,5286
2024-04-04 07:00:00,65733.97,66253.61,65595.68,66037.35,6459
2024-04-04 08:00:00,66041.97,66398.03,65929.65,66176.23,5458
2024-04-04 09:00:00,66171.49,66368.36,66102.39,66242.52,4860
2024-04-04 10:00:00,66238.46,66454.24,66069.3,66230.51,5623
2024-04-04 11:00:00,66235.48,66388.98,66065.82,66275.35,4971
2024-04-04 12:00:00,66273.58,66792.41,66266.47,66651.74,6263
2024-04-04 13:00:00,66666.83,67512.32,66630.9,67231.5,9792
2024-04-04 14:00:00,67227.88,67966.04,66993.81,67705.51,8906
2024-04-04 15:00:00,67709.47,67799.62,67427.77,67619.81,7102
2024-04-04 16:00:00,67624.47,68180.42,67506.92,67804.78,6906
2024-04-04 17:00:00,67808.88,68902.1,67704.11,68850.98,7811
2024-04-04 18:00:00,68846.0,69350.38,68471.82,68585.01,12978
2024-04-04 19:00:00,68588.67,69138.45,68320.5,68455.45,10205
2024-04-04 20:00:00,68463.71,68567.1,67290.95,67905.4,13000
2024-04-04 21:00:00,67908.48,68143.96,67424.19,67756.55,6171
2024-04-04 22:00:00,67757.91,68022.83,67534.31,67923.98,6399
2024-04-04 23:00:00,67917.64,68550.94,67846.02,68485.13,7165
2024-04-05 00:00:00,68501.25,68750.73,68132.11,68595.82,7332
2024-04-05 01:00:00,68595.68,68625.83,67768.76,68158.92,8358
2024-04-05 02:00:00,68162.04,68178.99,67414.74,67599.91,9045
2024-04-05 03:00:00,67604.93,68028.0,67529.74,67846.97,7035
2024-04-05 04:00:00,67850.47,68026.61,67432.23,67634.19,6469
2024-04-05 05:00:00,67630.39,67739.64,66375.13,66862.38,10247
2024-04-05 06:00:00,66865.97,67157.21,66729.05,67094.72,7826
2024-04-05 07:00:00,67095.52,67106.38,66743.4,66903.47,7497
2024-04-05 08:00:00,66904.37,67653.68,66846.54,67087.57,8856
2024-04-05 09:00:00,67088.41,67103.67,66317.4,66780.39,10714
2024-04-05 10:00:00,66780.94,67201.24,66643.42,67002.87,9184
2024-04-05 11:00:00,67000.61,67061.42,66355.12,66488.47,9644
2024-04-05 12:00:00,66481.55,66915.59,65888.29,66862.54,13133
2024-04-05 13:00:00,66870.16,67595.74,66489.56,67469.11,11937
2024-04-05 14:00:00,67480.67,68593.77,67300.33,68132.04,11513
2024-04-05 15:00:00,68140.8,68299.29,67600.63,68205.36,9926
2024-04-05 16:00:00,68208.21,68402.59,67659.26,67945.54,9113
2024-04-05 17:00:00,67952.46,68013.3,67313.8,67409.43,7625
2024-04-05 18:00:00,67417.48,67716.29,67267.13,67590.48,8527
2024-04-05 19:00:00,67597.56,68061.26,67310.27,67339.34,8017
2024-04-05 20:00:00,67347.51,67749.69,67270.51,67620.62,6968
2024-04-05 21:00:00,67613.68,67831.97,67453.56,67461.28,5531
2024-04-05 22:00:00,67457.45,67821.34,67423.27,67605.9,5321
2024-04-05 23:00:00,67607.73,67973.26,67564.73,67796.3,5335
2024-04-06 00:00:00,67822.0,68068.67,67663.06,67900.11,5793
2024-04-06 01:00:00,67898.33,67989.13,67619.05,67696.81,5310
2024-04-06 02:00:00,67689.32,67777.31,67431.49,67569.05,5185
2024-04-06 03:00:00,67567.98,67884.5,67567.98,67794.6,5209
2024-04-06 04:00:00,67796.05,67816.2,67603.61,67748.54,4653
2024-04-06 05:00:00,67749.86,68240.43,67716.28,68015.01,5725
2024-04-06 06:00:00,68007.34,68161.82,67872.85,68100.78,4796
2024-04-06 07:00:00,68098.28,68187.67,67914.94,67975.87,4809
2024-04-06 08:00:00,67975.49,68115.41,67831.36,68004.84,4610
2024-04-06 09:00:00,68003.96,68120.59,67761.11,67790.76,4648
2024-04-06 10:00:00,67785.44,67896.55,67698.05,67834.36,4212
2024-04-06 11:00:00,67833.02,67894.1,67599.24,67667.94,4966
2024-04-06 12:00:00,67661.53,67778.59,67542.4,67749.18,5212
2024-04-06 13:00:00,67744.11,67754.34,67534.64,67711.64,5602
2024-04-06 14:00:00,67712.96,68078.93,67668.23,67961.54,5343
2024-04-06 15:00:00,67964.09,68294.07,67852.7,68090.14,6657
2024-04-06 16:00:00,68089.99,68187.64,67907.8,68141.68,5384
2024-04-06 17:00:00,68133.22,68475.0,68010.24,68308.11,5575
2024-04-06 18:00:00,68309.19,68389.44,68156.68,68295.06,4687
2024-04-06 19:00:00,68298.01,68435.53,68197.64,68242.33,4918
2024-04-06 20:00:00,68234.07,68406.18,68101.57,68397.23,4493
2024-04-06 21:00:00,68399.74,68429.87,68264.65,68284.32,4194
2024-04-06 22:00:00,68278.74,69085.14,68278.74,69033.91,5788
2024-04-06 23:00:00,69030.63,69656.52,68756.68,68887.81,7772
2024-04-07 00:00:00,68875.92,69166.63,68793.08,69015.54,5768
2024-04-07 01:00:00,69004.97,69622.95,68963.51,69516.47,6725
2024-04-07 02:00:00,69521.62,69771.69,69297.88,69330.96,6201
2024-04-07 03:00:00,69333.24,69508.57,69202.47,69408.75,5335
2024-04-07 04:00:00,69411.15,69490.23,69061.09,69313.64,5111
2024-04-07 05:00:00,69322.55,69484.93,69275.08,69387.86,4769
2024-04-07 06:00:00,69390.26,69425.4,69082.63,69235.25,4856
2024-04-07 07:00:00,69245.55,69486.2,69218.17,69357.68,4574
2024-04-07 08:00:00,69361.82,69531.92,69312.54,69466.29,4603
2024-04-07 09:00:00,69474.75,69495.09,69187.7,69301.46,4637
2024-04-07 10:00:00,69301.57,69489.76,69208.15,69314.08,4378
2024-04-07 11:00:00,69307.96,69411.02,69163.42,69356.32,4456
2024-04-07 12:00:00,69358.94,69413.6,69196.14,69335.74,4705
2024-04-07 13:00:00,69334.2,69533.34,69250.08,69338.89,5125
2024-04-07 14:00:00,69345.74,69652.71,69219.21,69554.19,4938
2024-04-07 15:00:00,69550.98,69849.22,69350.87,69540.54,6485
2024-04-07 16:00:00,69544.17,70244.75,69453.49,70008.65,8089
2024-04-07 17:00:00,70006.13,70058.29,69616.95,69764.21,5726
2024-04-07 18:00:00,69758.45,69796.41,69209.09,69367.48,5744
2024-04-07 19:00:00,69362.98,69509.09,68813.61,69046.37,5492
2024-04-07 20:00:00,69048.87,69413.03,68878.81,69298.29,5465
2024-04-07 21:00:00,69289.82,69411.7,68997.38,69038.53,5038
2024-04-07 22:00:00,69028.85,69331.43,68851.03,69184.51,5827
2024-04-07 23:00:00,69194.19,69455.99,69152.14,69319.6,5253
2024-04-08 00:00:00,69323.16,69419.24,69002.47,69319.64,5760
2024-04-08 01:00:00,69310.22,69774.45,69222.8,69425.66,5826
2024-04-08 02:00:00,69431.27,69441.87,69075.38,69224.74,5314
2024-04-08 03:00:00,69216.9,69469.94,69104.74,69443.55,4905
2024-04-08 04:00:00,69439.07,69494.87,69218.3,69385.35,4466
2024-04-08 05:00:00,69375.51,69779.13,69372.97,69672.11,4786
2024-04-08 06:00:00,69672.82,69802.08,69585.2,69765.45,4835
2024-04-08 07:00:00,69754.28,70817.31,69736.69,70617.39,7647
2024-04-08 08:00:00,70609.12,72068.46,70574.04,71912.77,9636
2024-04-08 09:00:00,71910.89,72552.86,71608.42,72127.2,9529
2024-04-08 10:00:00,72124.87,72343.22,71715.73,72291.38,7639
2024-04-08 11:00:00,72292.43,72564.35,72116.68,72298.79,7126
2024-04-08 12:00:00,72307.19,72688.68,72053.85,72096.56,7665
2024-04-08 13:00:00,72100.72,72275.27,71557.52,71866.81,8258
2024-04-08 14:00:00,71875.49,71944.06,71183.52,71672.71,8507
2024-04-08 15:00:00,71673.69,71985.75,71523.7,71725.45,7189
2024-04-08 16:00:00,71719.58,71981.51,71515.81,71726.57,7093
2024-04-08 17:00:00,71721.88,71786.87,71256.7,71618.24,7774
2024-04-08 18:00:00,71616.52,72108.71,71616.52,71871.63,6645
2024-04-08 19:00:00,71868.22,71960.48,71489.03,71671.08,6217
2024-04-08 20:00:00,71674.66,71766.71,71399.65,71640.03,4276
2024-04-08 21:00:00,71647.64,71817.91,71561.04,71621.87,3780
2024-04-08 22:00:00,71615.7,71914.82,71516.91,71868.32,5393
2024-04-08 23:00:00,71866.37,71960.41,71526.63,71567.18,5290
2024-04-09 00:00:00,71573.84,71722.54,71239.85,71399.15,6475
2024-04-09 01:00:00,71395.47,71422.18,70796.54,71249.36,7591
2024-04-09 02:00:00,71252.96,71554.64,71091.8,71433.6,5898
2024-04-09 03:00:00,71438.48,71622.93,71146.43,71244.39,5612
2024-04-09 04:00:00,71245.41,71316.98,70869.24,71149.92,5954
2024-04-09 05:00:00,71152.42,71289.38,70891.67,70993.81,6595
2024-04-09 06:00:00,71003.09,71230.72,70466.3,70725.59,7537
2024-04-09 07:00:00,70716.03,70907.47,70147.71,70357.42,8647
2024-04-09 08:00:00,70360.06,70572.74,69563.46,70485.47,9503
2024-04-09 09:00:00,70494.19,70838.93,70196.57,70355.4,6345
2024-04-09 10:00:00,70358.51,70667.8,70179.78,70569.44,6041
2024-04-09 11:00:00,70567.24,70880.88,70541.25,70750.61,5370
2024-04-09 12:00:00,70748.0,70940.53,70549.96,70604.35,5207
2024-04-09 13:00:00,70607.8,70889.8,69886.55,69888.09,7418
2024-04-09 14:00:00,69888.11,70392.86,68521.55,69331.66,12315
2024-04-09 15:00:00,69323.25,69352.2,68450.15,69148.65,10673
2024-04-09 16:00:00,69144.3,69275.7,68403.65,68521.5,9114
2024-04-09 17:00:00,68531.8,68902.51,68117.61,68765.22,10044
2024-04-09 18:00:00,68758.35,68965.56,68656.87,68797.12,7392
2024-04-09 19:00:00,68796.86,69115.31,68545.96,68949.57,6839
2024-04-09 20:00:00,68943.81,69175.16,68900.05,69120.6,4712
2024-04-09 21:00:00,69125.58,69215.71,68864.4,69163.49,4934
2024-04-09 22:00:00,69169.19,69415.14,69068.62,69251.29,5434
2024-04-09 23:00:00,69259.61,69280.1,68781.44,69071.4,6684
2024-04-10 00:00:00,69062.97,69294.63,68915.14,69072.77,7015
2024-04-10 01:00:00,69081.98,69226.57,68519.91,69225.44,7877
2024-04-10 02:00:00,69228.83,69564.85,68414.07,68621.39,8523
2024-04-10 03:00:00,68624.95,69131.12,68579.73,69106.26,8025
2024-04-10 04:00:00,69116.35,69178.46,68904.24,69112.68,5984
2024-04-10 05:00:00,69118.86,69375.46,69057.7,69193.49,5749
2024-04-10 06:00:00,69203.59,69470.7,69153.84,69329.75,5385
2024-04-10 07:00:00,69323.6,69510.82,69184.84,69307.96,5504
2024-04-10 08:00:00,69307.78,69321.22,68722.31,69015.58,8147
2024-04-10 09:00:00,69007.35,69164.12,68849.54,69127.79,7066
2024-04-10 10:00:00,69124.41,69171.52,68559.4,68883.67,7977
2024-04-10 11:00:00,68875.4,69107.75,68809.82,68985.36,6575
2024-04-10 12:00:00,68992.7,69193.18,67483.58,67920.3,10430
2024-04-10 13:00:00,67916.45,68254.6,67403.75,68190.68,9797
2024-04-10 14:00:00,68192.63,68970.36,67875.95,68679.11,9865
2024-04-10 15:00:00,68689.05,68763.08,68234.36,68627.56,8384
2024-04-10 16:00:00,68632.12,69578.7,68501.27,69506.99,8617
2024-04-10 17:00:00,69516.61,69913.77,69124.86,69340.1,9687
2024-04-10 18:00:00,69349.59,69450.3,69021.99,69344.91,8428
2024-04-10 19:00:00,69353.45,70072.06,69207.8,70072.06,8064
2024-04-10 20:00:00,70090.54,70151.16,69718.36,69784.93,6561
2024-04-10 21:00:00,69779.79,70058.17,69541.81,70014.84,5303
2024-04-10 22:00:00,70008.93,71154.58,69984.02,70502.67,8498
2024-04-10 23:00:00,70496.7,70786.19,70408.98,70535.87,6660
2024-04-11 00:00:00,70596.82,70642.61,70244.07,70503.7,6967
2024-04-11 01:00:00,70498.45,70737.98,70429.09,70503.01,6213
2024-04-11 02:00:00,70510.25,71040.54,70441.06,70943.12,7012
2024-04-11 03:00:00,70934.17,70966.85,70693.11,70800.77,5865
2024-04-11 04:00:00,70799.31,70852.37,70342.75,70589.34,6599
2024-04-11 05:00:00,70578.69,70662.01,70380.91,70537.93,5396
2024-04-11 06:00:00,70539.36,70818.81,70505.78,70685.0,5368
2024-04-11 07:00:00,70684.57,71275.73,70632.49,70699.62,7070
2024-04-11 08:00:00,70705.55,71232.9,70562.01,70966.31,7323
2024-04-11 09:00:00,70975.95,71018.37,70517.16,70568.21,6867
2024-04-11 10:00:00,70568.92,70781.23,70339.96,70398.49,6984
2024-04-11 11:00:00,70403.76,70577.79,69842.67,69977.79,8073
2024-04-11 12:00:00,69985.95,71074.09,69878.27,70805.07,9951
2024-04-11 13:00:00,70808.46,70955.21,69631.06,70225.16,9692
2024-04-11 14:00:00,70224.92,70327.38,69502.47,69546.83,9463
2024-04-11 15:00:00,69538.39,70033.47,69516.34,70006.07,8036
2024-04-11 16:00:00,70005.28,70147.34,69548.07,69982.96,7607
2024-04-11 17:00:00,69989.32,70422.05,69950.36,70180.07,7613
2024-04-11 18:00:00,70169.3,70416.15,69912.07,70080.08,6530
2024-04-11 19:00:00,70083.65,70557.28,69967.64,70471.37,6374
2024-04-11 20:00:00,70460.88,70759.03,70361.81,70482.42,6309
2024-04-11 21:00:00,70475.54,70521.21,70029.84,70131.16,5520
2024-04-11 22:00:00,70125.71,70277.9,70010.01,70146.92,5632
2024-04-11 23:00:00,70145.16,70207.28,69777.59,69996.24,5812
2024-04-12 00:00:00,69993.4,70348.87,69993.4,70297.3,6507
2024-04-12 01:00:00,70287.28,70360.89,70081.26,70263.52,6608
2024-04-12 02:00:00,70256.63,70781.99,70179.99,70623.22,6623
2024-04-12 03:00:00,70627.1,70992.2,70617.14,70929.46,6023
2024-04-12 04:00:00,70939.07,71202.41,70769.01,71072.18,5547
2024-04-12 05:00:00,71075.65,71175.89,70828.98,70918.15,5942
2024-04-12 06:00:00,70922.21,70977.08,70682.91,70887.48,5419
2024-04-12 07:00:00,70889.73,70982.45,70521.94,70753.26,5724
2024-04-12 08:00:00,70752.95,70888.65,70552.88,70781.33,5300
2024-04-12 09:00:00,70772.41,70870.29,70459.5,70617.38,5418
2024-04-12 10:00:00,70614.89,70867.83,70546.94,70749.22,5076
2024-04-12 11:00:00,70740.79,70947.16,70684.75,70872.36,5142
2024-04-12 12:00:00,70873.21,70947.43,70259.26,70506.22,6887
2024-04-12 13:00:00,70499.97,70507.61,69574.45,69873.33,8518
2024-04-12 14:00:00,69866.06,70077.99,69167.29,69200.81,6933
2024-04-12 15:00:00,69207.63,69723.07,69177.8,69274.68,5992
2024-04-12 16:00:00,69277.22,69556.33,68553.01,68780.82,8369
2024-04-12 17:00:00,68786.04,68913.67,67285.44,68098.84,12370
2024-04-12 18:00:00,68099.73,68334.68,65090.19,66426.9,15594
2024-04-12 19:00:00,66439.07,67294.75,66245.05,66801.91,12769
2024-04-12 20:00:00,66809.63,67456.92,66645.12,67086.24,9046
2024-04-12 21:00:00,67090.86,67115.33,66617.28,66920.74,6287
2024-04-12 22:00:00,66929.79,67230.56,66794.6,67044.22,5371
2024-04-12 23:00:00,67048.28,67177.22,66747.9,67088.85,5059
2024-04-13 00:00:00,67044.66,67105.24,66671.14,66837.95,6011
2024-04-13 01:00:00,66831.34,66883.04,65672.15,65824.21,9330
2024-04-13 02:00:00,65821.63,66558.32,65811.35,66491.83,8674
2024-04-13 03:00:00,66497.22,67135.69,66413.21,67116.78,7067
2024-04-13 04:00:00,67112.88,67931.26,66941.97,67562.11,7082
2024-04-13 05:00:00,67553.26,67908.8,67217.09,67313.92,7147
2024-04-13 06:00:00,67302.27,67475.82,67171.38,67432.22,5361
2024-04-13 07:00:00,67429.1,67535.62,67028.29,67416.52,6588
2024-04-13 08:00:00,67404.69,67448.6,67027.48,67148.72,5391
2024-04-13 09:00:00,67155.87,67483.94,67083.42,67392.09,5988
2024-04-13 10:00:00,67394.62,67478.62,67298.97,67394.03,5573
2024-04-13 11:00:00,67398.68,67826.72,67261.22,67345.52,6402
2024-04-13 12:00:00,67336.41,67680.48,67106.55,67487.53,6361
2024-04-13 13:00:00,67483.37,67802.24,67395.22,67514.73,6452
2024-04-13 14:00:00,67517.9,67732.09,67326.49,67541.49,6413
2024-04-13 15:00:00,67542.57,67935.6,67393.84,67665.4,6678
2024-04-13 16:00:00,67670.51,67773.79,67178.37,67402.27,7998
2024-04-13 17:00:00,67393.33,67440.17,66446.04,66667.76,11882
2024-04-13 18:00:00,66664.84,67200.37,66386.61,67109.34,8418
2024-04-13 19:00:00,67108.57,67199.68,63964.78,64771.2,9159
2024-04-13 20:00:00,64764.64,64847.04,61450.2,61965.02,20396
2024-04-13 21:00:00,61970.17,62975.73,61697.91,62940.7,10745
2024-04-13 22:00:00,62936.64,64658.81,62141.82,64368.35,11730
2024-04-13 23:00:00,64374.59,65627.44,63788.07,63860.61,9967
2024-04-14 00:00:00,64020.53,64383.36,62913.32,63747.16,9894
2024-04-14 01:00:00,63749.03,64152.31,63308.72,63826.79,9599
2024-04-14 02:00:00,63818.54,64017.98,63036.86,63106.98,8540
2024-04-14 03:00:00,63107.42,63479.19,62099.44,63339.0,8326
2024-04-14 04:00:00,63340.48,64207.45,63282.49,63995.72,5675
2024-04-14 05:00:00,63996.83,64512.36,63894.15,64401.53,5140
2024-04-14 06:00:00,64404.88,64928.8,64106.25,64689.07,5838
2024-04-14 07:00:00,64691.04,64913.03,64215.4,64505.43,5718
2024-04-14 08:00:00,64502.1,64917.03,64391.19,64581.9,5135
2024-04-14 09:00:00,64573.5,64775.81,63938.76,64176.89,6716
2024-04-14 10:00:00,64182.89,64701.69,64165.45,64491.09,5581
2024-04-14 11:00:00,64495.47,64640.9,63903.21,64231.33,6277
2024-04-14 12:00:00,64234.62,64882.05,64098.4,64576.63,7453
2024-04-14 13:00:00,64579.82,64893.66,64342.77,64442.61,8344
2024-04-14 14:00:00,64448.02,64461.73,63442.12,63945.99,9800
2024-04-14 15:00:00,63946.38,64508.99,63916.1,64205.48,8254
2024-04-14 16:00:00,64211.36,64780.47,64135.29,64461.26,8190
2024-04-14 17:00:00,64460.09,64646.8,62597.47,63914.78,14520
2024-04-14 18:00:00,63909.26,64739.39,63770.12,64434.73,10368
2024-04-14 19:00:00,64430.44,64524.72,63935.24,64212.24,7553
2024-04-14 20:00:00,64209.44,64387.42,63708.5,63883.62,7444
2024-04-14 21:00:00,63886.93,63889.47,63351.86,63710.61,7728
2024-04-14 22:00:00,63709.93,65514.13,63662.21,65360.75,12741
2024-04-14 23:00:00,65365.62,65874.72,65076.58,65745.66,10106
2024-04-15 00:00:00,65742.42,65979.76,65312.86,65566.01,11015
2024-04-15 01:00:00,65561.12,65752.04,65126.04,65325.43,10106
2024-04-15 02:00:00,65321.06,65423.24,64949.3,65170.13,7821
2024-04-15 03:00:00,65165.13,65402.98,65057.29,65194.07,6312
2024-04-15 04:00:00,65194.26,65225.14,64715.0,64937.64,6779
2024-04-15 05:00:00,64929.38,65571.88,64920.0,65488.43,6271
2024-04-15 06:00:00,65487.59,66602.25,65377.48,66502.63,10788
2024-04-15 07:00:00,66509.56,66653.01,66218.34,66310.39,7005
2024-04-15 08:00:00,66305.2,66520.1,66103.1,66360.23,6580
2024-04-15 09:00:00,66365.73,66864.4,66176.9,66659.29,7209
2024-04-15 10:00:00,66659.84,66727.29,66426.8,66535.13,6526
2024-04-15 11:00:00,66540.56,66774.43,65835.23,65930.47,7539
2024-04-15 12:00:00,65922.48,66308.56,65843.06,66058.99,7814
2024-04-15 13:00:00,66056.69,66473.26,65701.9,65921.34,8139
2024-04-15 14:00:00,65925.97,66039.27,64178.2,64245.51,11774
2024-04-15 15:00:00,64248.93,64763.35,63828.31,64628.67,11392
2024-04-15 16:00:00,64628.53,64917.79,63921.32,64195.68,10348
2024-04-15 17:00:00,64198.33,64771.69,63335.55,63942.13,12359
2024-04-15 18:00:00,63935.9,64087.1,63015.06,63182.37,11175
2024-04-15 19:00:00,63191.51,63663.38,62254.18,63310.08,12443
2024-04-15 20:00:00,63301.29,63665.21,62930.48,63161.72,9120
2024-04-15 21:00:00,63157.53,63536.05,62627.57,63286.54,6885
2024-04-15 22:00:00,63281.59,63551.73,62759.77,63483.68,7648
2024-04-15 23:00:00,63489.69,63584.34,63160.41,63438.52,7725
2024-04-16 00:00:00,63474.99,63733.72,62900.09,63273.63,10185
2024-04-16 01:00:00,63280.01,63935.06,63082.35,63158.41,8196
2024-04-16 02:00:00,63151.18,63519.61,62755.07,63423.38,8033
2024-04-16 03:00:00,63414.88,63577.99,62731.31,62965.0,7674
2024-04-16 04:00:00,62971.2,63069.27,61529.21,62468.96,11123
2024-04-16 05:00:00,62473.18,62892.77,62346.87,62688.53,8840
2024-04-16 06:00:00,62691.68,63291.65,62596.31,63243.07,6292
2024-04-16 07:00:00,63245.18,63866.67,63093.33,63551.45,7040
2024-04-16 08:00:00,63552.89,63735.44,63053.86,63304.24,5999
2024-04-16 09:00:00,63313.83,63639.22,63149.36,63274.63,6827
2024-04-16 10:00:00,63270.89,63386.17,61579.97,62557.09,10555
2024-04-16 11:00:00,62552.34,63317.54,62289.72,63120.92,10962
2024-04-16 12:00:00,63125.71,63486.7,62776.47,63050.59,10764
2024-04-16 13:00:00,63060.36,63387.5,62113.51,62654.84,13769
2024-04-16 14:00:00,62659.47,63148.81,62010.2,62062.69,12266
2024-04-16 15:00:00,62070.42,62410.3,61706.08,61756.61,11340
2024-04-16 16:00:00,61749.59,62725.49,61648.11,62725.49,10304
2024-04-16 17:00:00,62743.07,63298.69,62252.56,62484.77,12573
2024-04-16 18:00:00,62483.45,63057.05,62422.63,63017.42,10042
2024-04-16 19:00:00,63019.2,63124.16,62595.43,62666.27,8951
2024-04-16 20:00:00,62672.49,63075.83,62537.29,63020.81,6085
2024-04-16 21:00:00,63019.76,64390.88,62961.08,64041.66,7284
2024-04-16 22:00:00,64037.78,64098.96,63636.41,63834.9,6634
2024-04-16 23:00:00,63834.69,63915.33,63630.25,63846.43,6517
2024-04-17 00:00:00,63800.43,64268.75,63577.15,64062.18,9319
2024-04-17 01:00:00,64066.64,64068.26,63601.18,64036.24,7329
2024-04-17 02:00:00,64034.33,64314.66,63713.78,63862.96,6955
2024-04-17 03:00:00,63864.94,64087.94,63732.74,63846.18,5989
2024-04-17 04:00:00,63842.59,64256.31,63681.37,64107.08,6254
2024-04-17 05:00:00,64118.28,64516.91,63809.71,63976.67,7244
2024-04-17 06:00:00,63968.57,64040.58,63740.74,63907.46,6040
2024-04-17 07:00:00,63913.92,63974.46,63251.64,63255.14,7342
2024-04-17 08:00:00,63251.76,63615.6,63157.0,63353.84,6616
2024-04-17 09:00:00,63357.59,63569.83,63222.29,63338.1,5913
2024-04-17 10:00:00,63344.46,63375.1,62728.69,62906.34,8024
2024-04-17 11:00:00,62909.76,63191.86,62514.7,62610.97,7550
2024-04-17 12:00:00,62604.88,62864.74,62021.37,62329.17,8386
2024-04-17 13:00:00,62328.09,62984.71,62085.55,62674.29,10120
2024-04-17 14:00:00,62665.5,62695.1,60634.64,61257.74,14571
2024-04-17 15:00:00,61251.01,61493.12,59794.92,60255.68,14047
2024-04-17 16:00:00,60248.87,61066.97,59619.97,60141.84,13796
2024-04-17 17:00:00,60140.78,61362.91,60027.85,61245.29,12095
2024-04-17 18:00:00,61242.45,61979.56,61119.77,61400.25,12750
2024-04-17 19:00:00,61391.44,61443.06,60674.55,60955.6,10949
2024-04-17 20:00:00,60963.32,61464.91,60728.15,60778.0,9234
2024-04-17 21:00:00,60771.6,61652.37,60765.34,61239.45,7255
2024-04-17 22:00:00,61246.18,61703.55,61088.07,61661.26,7384
2024-04-17 23:00:00,61669.25,61761.94,61137.05,61256.42,7400
2024-04-18 00:00:00,61244.14,61540.08,60875.56,61483.08,9455
2024-04-18 01:00:00,61489.17,61655.29,61308.52,61603.88,7123
2024-04-18 02:00:00,61604.74,61945.36,61391.71,61650.82,5955
2024-04-18 03:00:00,61654.39,62258.11,61640.93,62010.66,6745
2024-04-18 04:00:00,62003.25,62105.0,61512.13,61635.83,6246
2024-04-18 05:00:00,61634.78,61821.57,60921.06,61064.76,6522
2024-04-18 06:00:00,61069.23,61281.06,60725.45,61126.41,7424
2024-04-18 07:00:00,61121.72,61352.58,60869.91,61134.79,8391
2024-04-18 08:00:00,61140.17,61546.05,60771.91,61310.59,7716
2024-04-18 09:00:00,61302.66,61694.42,61288.32,61613.42,5893
2024-04-18 10:00:00,61616.14,61915.9,61431.56,61791.64,5703
2024-04-18 11:00:00,61785.64,63133.81,61785.64,62615.84,8153
2024-04-18 12:00:00,62617.16,62766.08,61553.97,62236.31,7823
2024-04-18 13:00:00,62239.06,62838.79,61840.05,62794.89,8728
2024-04-18 14:00:00,62787.17,63995.84,62566.39,63874.28,9713
2024-04-18 15:00:00,63880.63,64168.81,63447.03,63537.23,8340
2024-04-18 16:00:00,63525.54,63911.48,63273.49,63550.72,7343
2024-04-18 17:00:00,63542.77,63665.92,62612.2,62829.29,7503
2024-04-18 18:00:00,62829.32,63260.49,62317.5,63119.55,7989
2024-04-18 19:00:00,63123.3,63613.15,63106.73,63515.88,6710
2024-04-18 20:00:00,63518.39,63675.52,63274.32,63519.1,5670
2024-04-18 21:00:00,63521.6,63851.5,63322.06,63485.9,5153
2024-04-18 22:00:00,63488.02,63686.4,63126.74,63523.25,5383
2024-04-18 23:00:00,63523.31,63679.73,63399.66,63515.28,4863
2024-04-19 00:00:00,63489.45,63514.67,62671.46,62741.66,5963
2024-04-19 01:00:00,62737.57,62796.07,60552.87,60988.86,10591
2024-04-19 02:00:00,60996.98,61318.17,59537.38,61306.68,13153
2024-04-19 03:00:00,61311.4,62078.42,61079.24,61743.58,11717
2024-04-19 04:00:00,61752.19,62754.87,61724.67,62436.47,9013
2024-04-19 05:00:00,62443.26,62610.42,61693.37,62076.34,8356
2024-04-19 06:00:00,62080.21,64931.11,61787.56,64656.99,9577
2024-04-19 07:00:00,64662.75,65188.8,64235.55,64629.45,8668
2024-04-19 08:00:00,64621.95,65188.42,64183.05,64676.87,7961
2024-04-19 09:00:00,64672.37,64980.93,64500.23,64853.01,6245
2024-04-19 10:00:00,64853.82,65199.23,64426.97,64812.62,6250
2024-04-19 11:00:00,64814.99,65427.49,64710.96,64929.36,7096
2024-04-19 12:00:00,64922.43,65499.93,64785.49,65016.92,6862
2024-04-19 13:00:00,65012.59,65129.44,64452.54,64946.75,7910
2024-04-19 14:00:00,64941.41,65020.16,63873.58,64458.66,8327
2024-04-19 15:00:00,64445.06,64732.87,64333.97,64459.57,6905
2024-04-19 16:00:00,64457.6,64577.58,63512.6,64037.66,8571
2024-04-19 17:00:00,64038.27,64823.56,63908.05,64677.73,7306
2024-04-19 18:00:00,64676.75,64689.41,64081.77,64203.34,6068
2024-04-19 19:00:00,64207.43,64408.51,64081.45,64350.86,5472
2024-04-19 20:00:00,64354.6,64359.42,63625.77,64066.2,4355
2024-04-19 21:00:00,64069.69,64481.78,64069.69,64405.58,3965
2024-04-19 22:00:00,64409.51,64532.69,64010.92,64052.31,5020
2024-04-19 23:00:00,64054.83,64143.28,62962.3,63828.51,8276
2024-04-20 00:00:00,63866.15,64245.7,63401.81,63471.77,7552
2024-04-20 01:00:00,63466.32,63813.52,63081.98,63706.61,6212
2024-04-20 02:00:00,63703.29,64122.18,63538.43,63882.88,5556
2024-04-20 03:00:00,63886.65,64072.82,63760.74,64001.33,5237
2024-04-20 04:00:00,64008.78,64304.59,63841.27,64189.52,4695
2024-04-20 05:00:00,64186.78,64294.98,64024.12,64189.36,4409
2024-04-20 06:00:00,64184.27,64271.3,63988.83,64065.31,4328
2024-04-20 07:00:00,64074.43,64199.66,63946.5,63990.27,4129
2024-04-20 08:00:00,63997.84,64042.18,63678.16,63769.41,4563
2024-04-20 09:00:00,63766.3,63829.32,63283.6,63641.51,5125
2024-04-20 10:00:00,63647.08,63795.42,63371.24,63608.67,4967
2024-04-20 11:00:00,63608.85,63956.46,63566.79,63761.4,4770
2024-04-20 12:00:00,63768.32,63979.43,63578.64,63845.88,4749
2024-04-20 13:00:00,63850.12,64093.35,63810.96,63912.83,4910
2024-04-20 14:00:00,63911.25,64041.02,63717.97,63975.45,4494
2024-04-20 15:00:00,63968.08,64988.11,63799.21,64830.57,5799
2024-04-20 16:00:00,64834.72,64989.79,64470.36,64753.52,5967
2024-04-20 17:00:00,64754.96,65438.54,64754.85,65211.3,6132
2024-04-20 18:00:00,65220.9,65330.43,64804.02,64981.42,5517
2024-04-20 19:00:00,64975.26,65013.85,64771.98,64855.38,5012
2024-04-20 20:00:00,64858.26,65033.39,64607.22,64733.63,4790
2024-04-20 21:00:00,64734.35,64854.76,64607.96,64726.83,4146
2024-04-20 22:00:00,64735.91,64784.21,64525.8,64615.11,4609
2024-04-20 23:00:00,64612.47,64996.49,64609.75,64954.61,4205
2024-04-21 00:00:00,64961.77,64974.84,64561.53,64755.97,4459
2024-04-21 01:00:00,64756.49,65108.79,64726.36,64944.81,4023
2024-04-21 02:00:00,64948.06,65376.51,64929.21,65316.04,3952
2024-04-21 03:00:00,65318.54,65696.48,65071.32,65181.12,5186
2024-04-21 04:00:00,65185.43,65212.47,64850.04,65073.43,4502
2024-04-21 05:00:00,65075.35,65272.54,64961.55,65049.68,4253
2024-04-21 06:00:00,65048.97,65229.66,64929.36,65080.1,4098
2024-04-21 07:00:00,65077.9,65186.16,64900.57,65155.07,4171
2024-04-21 08:00:00,65154.9,65240.35,64925.08,64959.73,4148
2024-04-21 09:00:00,64951.51,65014.64,64777.97,64876.62,4287
2024-04-21 10:00:00,64884.72,65009.85,64752.86,64963.22,4091
2024-04-21 11:00:00,64966.22,65433.69,64949.58,65224.18,4934
2024-04-21 12:00:00,65219.85,65373.84,64931.99,65030.85,4810
2024-04-21 13:00:00,65025.79,65270.43,64746.7,64886.37,5085
2024-04-21 14:00:00,64889.32,65038.83,64773.54,64882.34,4455
2024-04-21 15:00:00,64876.64,65149.22,64861.05,65034.29,4423
2024-04-21 16:00:00,65035.48,65083.83,64199.66,64575.51,6897
2024-04-21 17:00:00,64571.13,64887.08,64492.1,64815.54,4763
2024-04-21 18:00:00,64812.83,64855.13,64585.19,64755.15,4190
2024-04-21 19:00:00,64744.81,64849.75,64482.17,64535.58,4370
2024-04-21 20:00:00,64542.72,64714.85,64290.87,64632.31,4532
2024-04-21 21:00:00,64635.87,65140.52,64630.55,64674.18,4902
2024-04-21 22:00:00,64673.56,65112.5,64555.84,65011.5,5014
2024-04-21 23:00:00,65021.04,65049.52,64843.66,64916.3,4504
2024-04-22 00:00:00,64922.35,65149.87,64718.61,64893.8,4811
2024-04-22 01:00:00,64900.29,65644.3,64554.61,64659.87,6443
2024-04-22 02:00:00,64656.48,64854.87,64489.05,64819.66,5364
2024-04-22 03:00:00,64808.99,66071.93,64715.74,65700.44,6013
2024-04-22 04:00:00,65704.87,65867.8,65473.0,65725.9,5695
2024-04-22 05:00:00,65732.87,66446.9,65681.98,66386.47,5295
2024-04-22 06:00:00,66385.1,66433.0,66137.39,66330.1,5793
2024-04-22 07:00:00,66327.64,66542.39,65944.86,65956.24,5618
2024-04-22 08:00:00,65962.16,66244.94,65905.57,65970.96,5156
2024-04-22 09:00:00,65966.18,66071.42,65814.66,65933.18,4832
2024-04-22 10:00:00,65931.44,66169.87,65860.35,66071.14,4531
2024-04-22 11:00:00,66075.03,66150.08,65709.53,65895.03,4881
2024-04-22 12:00:00,65903.76,66028.69,65634.63,66021.46,4994
2024-04-22 13:00:00,66027.74,66273.93,65687.4,66122.73,5938
2024-04-22 14:00:00,66120.95,66515.41,65986.01,66059.83,7109
2024-04-22 15:00:00,66053.62,66136.84,65660.19,66002.07,5421
2024-04-22 16:00:00,66011.97,66446.07,65908.94,66199.73,5282
2024-04-22 17:00:00,66195.42,66874.37,66130.1,66558.96,5748
2024-04-22 18:00:00,66558.85,66745.1,66293.98,66320.99,5072
2024-04-22 19:00:00,66320.4,66634.76,66126.39,66548.16,4841
2024-04-22 20:00:00,66540.7,66783.36,66359.27,66533.5,4962
2024-04-22 21:00:00,66534.77,66567.21,66308.27,66522.8,3834
2024-04-22 22:00:00,66516.24,67196.35,66511.24,67015.83,5701
2024-04-22 23:00:00,67018.01,67252.41,66773.42,66827.93,5650
2024-04-23 00:00:00,66825.46,67039.24,66684.09,67029.37,4706
2024-04-23 01:00:00,67031.61,67189.91,66770.81,66770.81,4644
2024-04-23 02:00:00,66767.86,66928.24,66533.17,66605.95,4431
2024-04-23 03:00:00,66614.35,66798.08,66447.49,66464.19,4277
2024-04-23 04:00:00,66457.07,66607.89,66182.03,66263.16,4560
2024-04-23 05:00:00,66261.41,66624.51,66216.28,66491.35,4471
2024-04-23 06:00:00,66485.51,66679.12,66306.01,66407.4,4272
2024-04-23 07:00:00,66396.58,66461.37,66046.08,66127.71,4586
2024-04-23 08:00:00,66131.15,66260.96,65944.39,66207.44,4494
2024-04-23 09:00:00,66210.41,66315.78,66029.04,66064.69,4201
2024-04-23 10:00:00,66066.87,66332.02,66059.76,66228.81,4288
2024-04-23 11:00:00,66232.03,66272.09,65815.67,66067.69,4470
2024-04-23 12:00:00,66076.93,66179.63,65777.95,66121.98,5067
2024-04-23 13:00:00,66115.84,66578.92,66017.75,66509.1,6018
2024-04-23 14:00:00,66504.72,67157.54,66382.53,66924.34,7580
2024-04-23 15:00:00,66917.17,66936.21,66300.08,66424.04,6409
2024-04-23 16:00:00,66428.68,66810.58,66308.94,66724.34,5557
2024-04-23 17:00:00,66724.05,66919.18,66546.55,66748.72,4952
2024-04-23 18:00:00,66758.46,66844.12,66543.95,66754.17,4897
2024-04-23 19:00:00,66757.14,66774.94,66338.28,66461.02,4649
2024-04-23 20:00:00,66464.38,66488.21,65963.1,66348.13,5144
2024-04-23 21:00:00,66347.18,66427.14,66185.6,66332.47,4090
2024-04-23 22:00:00,66322.24,66453.08,66221.57,66335.67,4886
2024-04-23 23:00:00,66335.76,66429.94,66103.22,66389.33,4754
2024-04-24 00:00:00,66391.03,66766.82,66356.85,66708.37,5112
2024-04-24 01:00:00,66711.35,66881.56,66615.97,66715.27,4813
2024-04-24 02:00:00,66718.27,66765.93,66372.51,66515.58,5099
2024-04-24 03:00:00,66511.19,66709.75,66477.14,66606.51,4820
2024-04-24 04:00:00,66610.47,67064.73,66527.28,66998.35,5454
2024-04-24 05:00:00,67001.22,67065.78,66624.1,66713.77,4607
2024-04-24 06:00:00,66716.47,66789.65,66514.93,66773.48,4580
2024-04-24 07:00:00,66775.09,66871.49,66553.01,66598.08,4488
2024-04-24 08:00:00,66608.05,66742.16,66411.01,66515.91,4278
2024-04-24 09:00:00,66524.58,66559.62,66245.45,66332.65,4718
2024-04-24 10:00:00,66332.82,66533.89,66159.08,66420.27,4838
2024-04-24 11:00:00,66431.2,66632.29,66348.29,66594.6,4653
2024-04-24 12:00:00,66592.16,66724.15,66288.54,66316.35,4879
2024-04-24 13:00:00,66326.51,66349.24,65807.26,66055.84,6050
2024-04-24 14:00:00,66050.59,66194.44,64727.34,65220.35,7710
2024-04-24 15:00:00,65212.23,65222.06,64472.86,64594.93,7134
2024-04-24 16:00:00,64584.66,64888.06,64266.7,64752.73,6448
2024-04-24 17:00:00,64755.71,65095.73,64704.15,64824.36,5487
2024-04-24 18:00:00,64828.57,64884.02,64027.29,64072.57,5627
2024-04-24 19:00:00,64070.57,64446.44,63696.95,63907.47,6652
2024-04-24 20:00:00,63912.1,64207.33,63524.68,64046.27,6367
2024-04-24 21:00:00,64046.3,64405.93,63923.16,64344.77,4691
2024-04-24 22:00:00,64333.29,64379.44,63881.16,64060.91,5280
2024-04-24 23:00:00,64050.02,64313.39,63773.94,64237.79,6221
2024-04-25 00:00:00,64247.95,64710.41,64173.92,64521.19,6156
2024-04-25 01:00:00,64516.9,64662.64,64019.31,64034.15,5259
2024-04-25 02:00:00,64034.92,64336.77,63812.4,64300.23,5701
2024-04-25 03:00:00,64305.31,64462.42,64079.72,64250.38,5077
2024-04-25 04:00:00,64245.51,64353.17,64007.16,64286.66,5330
2024-04-25 05:00:00,64295.84,64347.68,63972.06,64170.67,4931
2024-04-25 06:00:00,64168.17,64385.03,64139.21,64260.41,4393
2024-04-25 07:00:00,64261.6,64351.52,63734.34,63976.87,4908
2024-04-25 08:00:00,63979.2,64159.18,63638.26,63915.5,5348
2024-04-25 09:00:00,63913.84,64180.06,63769.59,63937.87,4865
2024-04-25 10:00:00,63946.86,63960.12,63278.9,63440.18,6789
2024-04-25 11:00:00,63437.7,63985.62,63407.99,63835.81,5306
2024-04-25 12:00:00,63835.19,64250.95,63242.58,63376.65,6641
2024-04-25 13:00:00,63386.95,63540.57,62726.45,63358.71,7814
2024-04-25 14:00:00,63362.23,63853.58,63146.68,63360.3,8230
2024-04-25 15:00:00,63353.64,64178.01,63205.14,64117.54,8785
2024-04-25 16:00:00,64125.72,64495.5,63922.48,64428.14,6383
2024-04-25 17:00:00,64431.36,64829.45,64325.14,64675.17,6313
2024-04-25 18:00:00,64672.84,64928.93,64422.15,64671.75,5650
2024-04-25 19:00:00,64677.78,64772.71,64522.06,64719.98,4687
2024-04-25 20:00:00,64718.73,64983.19,64460.94,64804.0,4751
2024-04-25 21:00:00,64804.26,65283.9,64669.21,64726.78,4383
2024-04-25 22:00:00,64719.7,64770.21,64532.01,64603.19,4183
2024-04-25 23:00:00,64602.42,64761.46,64391.17,64480.33,4110
2024-04-26 00:00:00,64478.86,64569.21,64082.4,64319.3,4910
2024-04-26 01:00:00,64328.96,64628.3,63883.83,64378.87,3615
2024-04-26 02:00:00,64378.08,64677.71,64284.59,64487.29,4753
2024-04-26 03:00:00,64490.35,64512.38,64271.4,64380.36,4469
2024-04-26 04:00:00,64382.29,64409.01,64125.08,64202.18,4517
2024-04-26 05:00:00,64203.33,64574.38,63916.29,64554.74,4356
2024-04-26 06:00:00,64554.94,64596.0,64227.72,64363.5,4174
2024-04-26 07:00:00,64363.5,64633.46,64218.95,64274.97,4570
2024-04-26 08:00:00,64277.46,64464.93,64202.3,64423.21,4257
2024-04-26 09:00:00,64422.43,64579.52,64314.95,64483.04,4100
2024-04-26 10:00:00,64491.89,64559.12,64028.75,64073.82,4485
2024-04-26 11:00:00,64075.18,64272.15,64045.54,64230.77,4206
2024-04-26 12:00:00,64228.84,64510.42,63936.93,64117.59,5191
2024-04-26 13:00:00,64115.44,64566.38,63610.79,64479.61,6508
2024-04-26 14:00:00,64471.07,64801.66,63731.59,63828.49,7130
2024-04-26 15:00:00,63836.82,64026.73,63301.23,63471.61,7150
2024-04-26 16:00:00,63471.2,63770.14,63252.21,63649.25,5792
2024-04-26 17:00:00,63650.72,64113.13,63492.54,63988.81,5475
2024-04-26 18:00:00,63995.66,64171.67,63897.45,64035.68,4424
2024-04-26 19:00:00,64038.66,64110.95,63582.96,63659.79,4432
2024-04-26 20:00:00,63670.7,64113.53,63670.7,63945.35,4279
2024-04-26 21:00:00,63944.14,64067.23,63775.06,64046.66,3841
2024-04-26 22:00:00,64037.14,64053.98,63645.74,63804.47,4469
2024-04-26 23:00:00,63805.9,63908.79,63712.54,63730.84,4069
2024-04-27 00:00:00,63735.5,63917.39,62766.37,63144.32,5363
2024-04-27 01:00:00,63151.47,63234.78,62338.59,62567.12,6685
2024-04-27 02:00:00,62566.92,63310.03,62443.3,62917.54,5052
2024-04-27 03:00:00,62917.88,63140.21,62790.14,63053.36,4363
2024-04-27 04:00:00,63052.8,63166.88,62886.2,63009.63,4261
2024-04-27 05:00:00,63007.04,63089.14,62743.67,62933.99,4413
2024-04-27 06:00:00,62935.5,63048.43,62846.81,62926.43,2086
2024-04-27 07:00:00,62942.18,62942.7,62935.1,62935.1,8
2024-04-27 08:00:00,62936.44,63020.98,62870.22,62987.92,3813
2024-04-27 09:00:00,62987.38,63019.07,62834.12,62940.27,3965
2024-04-27 10:00:00,62944.23,62951.31,62667.32,62777.71,3863
2024-04-27 11:00:00,62780.52,62925.02,62625.4,62820.18,4066
2024-04-27 12:00:00,62816.33,63127.74,62745.31,62997.38,4414
2024-04-27 13:00:00,62999.67,63229.46,62943.16,63162.97,4238
2024-04-27 14:00:00,63165.3,63388.4,62983.5,63102.45,4263
2024-04-27 15:00:00,63101.95,63161.72,62803.81,62928.52,4177
2024-04-27 16:00:00,62930.91,63081.31,62711.89,62716.09,4312
2024-04-27 17:00:00,62712.0,63600.23,62712.0,63366.1,5328
2024-04-27 18:00:00,63367.51,63574.73,62769.28,63293.5,5673
2024-04-27 19:00:00,63291.38,63366.93,63106.1,63309.44,4222
2024-04-27 20:00:00,63313.15,63427.18,63097.2,63231.42,4116
2024-04-27 21:00:00,63231.2,63347.59,63104.63,63240.28,3957
2024-04-27 22:00:00,63240.26,63447.95,63186.82,63237.75,3995
2024-04-27 23:00:00,63236.67,63552.1,63231.44,63433.17,3897
2024-04-28 00:00:00,63424.65,63737.24,63409.01,63583.24,4128
2024-04-28 01:00:00,63582.67,63683.32,63467.65,63569.55,3928
2024-04-28 02:00:00,63565.66,64016.89,63503.27,63960.32,4193
2024-04-28 03:00:00,63961.64,64359.16,63918.16,64015.09,4778
2024-04-28 04:00:00,64014.81,64051.11,63776.8,63830.98,3949
2024-04-28 05:00:00,63822.56,63987.88,63743.32,63931.63,4000
2024-04-28 06:00:00,63930.88,64003.31,63746.58,63938.16,3904
2024-04-28 07:00:00,63937.5,64062.86,63848.23,63880.48,4343
2024-04-28 08:00:00,63880.5,63976.36,63609.45,63669.4,4030
2024-04-28 09:00:00,63669.08,63813.62,63603.0,63746.53,3912
2024-04-28 10:00:00,63743.92,63769.2,63334.55,63659.57,4391
2024-04-28 11:00:00,63665.13,63695.15,63341.79,63467.51,3605
2024-04-28 12:00:00,63463.29,63615.18,63385.18,63529.14,3502
2024-04-28 13:00:00,63531.87,63836.65,63473.34,63743.76,4419
2024-04-28 14:00:00,63742.84,63766.72,63447.44,63598.61,4208
2024-04-28 15:00:00,63600.21,63651.29,63413.22,63543.01,3924
2024-04-28 16:00:00,63542.98,63795.42,63444.82,63681.52,4208
2024-04-28 17:00:00,63681.98,63800.45,63562.47,63734.25,3920
2024-04-28 18:00:00,63736.19,63986.1,63673.93,63929.48,4103
2024-04-28 19:00:00,63929.52,63943.0,63690.88,63721.91,3947
2024-04-28 20:00:00,63719.54,63763.39,63567.92,63677.03,3843
2024-04-28 21:00:00,63675.09,63715.05,63552.72,63641.67,3668
2024-04-28 22:00:00,63644.66,63695.16,62834.93,63149.09,5389
2024-04-28 23:00:00,63147.16,63160.31,62739.65,63103.67,5811
2024-04-29 00:00:00,63109.02,63294.72,62980.69,63254.79,4470
2024-04-29 01:00:00,63261.82,63350.27,63034.88,63217.58,4399
2024-04-29 02:00:00,63220.28,63279.87,62559.95,62700.47,5448
2024-04-29 03:00:00,62701.45,62772.16,62129.43,62297.3,5598
2024-04-29 04:00:00,62293.07,62658.77,62169.61,62560.1,5134
2024-04-29 05:00:00,62556.23,62556.23,62019.64,62449.97,4858
2024-04-29 06:00:00,62449.37,62484.26,61896.61,62202.03,5716
2024-04-29 07:00:00,62204.0,62433.36,61927.95,62399.56,5685
2024-04-29 08:00:00,62392.21,62518.24,62180.28,62418.68,4955
2024-04-29 09:00:00,62418.62,62686.68,62261.65,62524.26,4573
2024-04-29 10:00:00,62523.23,62693.16,62363.6,62404.1,4638
2024-04-29 11:00:00,62404.79,62460.4,62142.16,62251.03,4570
2024-04-29 12:00:00,62253.51,62643.02,61978.69,62594.82,5102
2024-04-29 13:00:00,62594.0,62714.87,61766.12,62024.86,7352
2024-04-29 14:00:00,62027.65,63027.07,61854.15,62864.59,7818
2024-04-29 15:00:00,62862.06,63102.38,62725.02,63044.68,5742
2024-04-29 16:00:00,63050.31,63178.77,62716.79,62797.86,5457
2024-04-29 17:00:00,62800.92,63227.53,62731.77,63023.06,5047
2024-04-29 18:00:00,63024.21,63050.08,62666.68,62846.73,4659
2024-04-29 19:00:00,62841.56,62980.82,62501.2,62940.9,5550
2024-04-29 20:00:00,62936.35,63136.06,62856.69,62965.52,4262
2024-04-29 21:00:00,62968.78,63166.75,62804.72,63059.65,3912
2024-04-29 22:00:00,63063.14,63960.97,63014.43,63871.42,5435
2024-04-29 23:00:00,63877.01,64246.19,63762.75,63860.67,5232
2024-04-30 00:00:00,63852.46,64715.81,63693.29,64590.8,5201
2024-04-30 01:00:00,64595.24,64630.45,63582.62,63582.62,5357
2024-04-30 02:00:00,63584.52,63890.07,63099.79,63770.15,5524
2024-04-30 03:00:00,63770.55,63819.47,63512.67,63648.42,4643
2024-04-30 04:00:00,63648.04,63712.98,63318.88,63401.86,4434
2024-04-30 05:00:00,63404.79,63507.22,63038.81,63312.69,4802
2024-04-30 06:00:00,63317.79,63458.66,63193.21,63402.92,4046
2024-04-30 07:00:00,63401.87,63464.78,63097.17,63123.19,4434
2024-04-30 08:00:00,63128.63,63234.02,61770.82,61883.41,8560
2024-04-30 09:00:00,61888.16,62107.57,61531.14,61643.62,7340
2024-04-30 10:00:00,61647.18,61736.08,61359.78,61731.86,5482
2024-04-30 11:00:00,61729.89,61729.89,60898.36,61177.68,6912
2024-04-30 12:00:00,61175.23,61284.17,60646.2,61168.67,9836
2024-04-30 13:00:00,61178.14,61289.02,60710.3,60727.0,8193
2024-04-30 14:00:00,60723.14,61496.05,60481.23,61182.29,11222
2024-04-30 15:00:00,61178.81,61347.09,60515.06,60699.53,8830
2024-04-30 16:00:00,60704.34,60821.78,60066.2,60275.64,11097
2024-04-30 17:00:00,60282.61,60464.24,59994.97,60306.88,8303
2024-04-30 18:00:00,60306.76,60464.5,59941.11,60319.33,7551
2024-04-30 19:00:00,60315.21,60422.65,59066.44,59159.49,10438
2024-04-30 20:00:00,59164.93,60083.4,59137.36,59853.12,8271
2024-04-30 21:00:00,59848.8,60297.56,59845.18,60092.04,5383
2024-04-30 22:00:00,60090.02,60995.95,60044.32,60533.93,7641
2024-04-30 23:00:00,60534.46,60891.96,60325.91,60604.29,5726
2024-05-01 00:00:00,60611.58,60802.63,59980.32,60155.72,7144
2024-05-01 01:00:00,60157.2,60332.51,59731.18,60055.98,7004
2024-05-01 02:00:00,60051.49,60086.76,59526.83,59867.55,6436
2024-05-01 03:00:00,59868.37,60260.22,59834.09,60151.27,4928
2024-05-01 04:00:00,60158.66,60287.46,60107.76,60221.63,5173
2024-05-01 05:00:00,60228.72,60277.66,59818.26,59984.77,6563
2024-05-01 06:00:00,59984.43,60045.61,59484.29,59522.53,5439
2024-05-01 07:00:00,59514.73,59545.99,57128.85,57485.19,13174
2024-05-01 08:00:00,57492.19,57590.77,56551.68,57145.38,11255
2024-05-01 09:00:00,57146.87,57620.1,57031.43,57078.92,7541
2024-05-01 10:00:00,57080.24,57768.3,56843.39,57750.91,7565
2024-05-01 11:00:00,57746.91,57862.03,57366.48,57829.02,6158
2024-05-01 12:00:00,57826.41,58240.92,57662.88,57924.65,7409
2024-05-01 13:00:00,57924.27,57961.96,57192.99,57268.9,8102
2024-05-01 14:00:00,57273.43,57554.4,57012.94,57429.99,8810
2024-05-01 15:00:00,57426.64,57478.64,56618.03,56867.05,9110
2024-05-01 16:00:00,56858.64,57391.5,56695.91,57010.73,9025
2024-05-01 17:00:00,57006.97,57621.33,56574.01,57338.45,8344
2024-05-01 18:00:00,57344.99,59392.02,57305.04,58931.41,10720
2024-05-01 19:00:00,58935.85,59153.79,56831.31,56925.09,5246
2024-05-01 20:00:00,56926.89,57476.19,56694.88,57265.03,6898
2024-05-01 21:00:00,57270.96,58089.91,57209.38,57844.92,5237
2024-05-01 22:00:00,57840.15,58127.26,57757.64,57806.11,5420
2024-05-01 23:00:00,57805.84,58489.1,57740.87,58297.11,5581
2024-05-02 00:00:00,58300.85,58518.12,57575.55,57711.37,6002
2024-05-02 01:00:00,57712.86,57861.93,56908.86,57092.4,6109
2024-05-02 02:00:00,57089.11,57621.67,57082.01,57443.94,5177
2024-05-02 03:00:00,57443.01,57693.26,57345.28,57407.46,4668
2024-05-02 04:00:00,57403.07,57613.52,57276.8,57381.75,4422
2024-05-02 05:00:00,57374.95,57509.63,57195.61,57464.23,4844
2024-05-02 06:00:00,57463.57,57729.7,57390.48,57592.31,4910
2024-05-02 07:00:00,57591.12,57933.03,57591.12,57652.44,5004
2024-05-02 08:00:00,57653.79,57983.28,57570.84,57820.7,5561
2024-05-02 09:00:00,57822.11,57881.86,57578.34,57780.98,5170
2024-05-02 10:00:00,57781.08,57905.29,57537.84,57775.65,5330
2024-05-02 11:00:00,57777.05,58669.65,57771.11,58573.33,6821
2024-05-02 12:00:00,58572.59,59116.03,58425.04,58570.07,7213
2024-05-02 13:00:00,58573.48,58800.06,58241.98,58460.93,7146
2024-05-02 14:00:00,58458.31,59304.11,58300.71,59062.79,8247
2024-05-02 15:00:00,59061.13,59495.53,58953.19,59280.62,8514
2024-05-02 16:00:00,59283.54,59350.74,58945.6,59047.09,6788
2024-05-02 17:00:00,59048.68,59315.09,58964.16,59210.52,6061
2024-05-02 18:00:00,59211.2,59600.22,58992.09,59411.2,6278
2024-05-02 19:00:00,59404.17,59404.17,59014.32,59373.27,5773
2024-05-02 20:00:00,59366.38,59455.39,58649.73,58752.03,5941
2024-05-02 21:00:00,58756.35,59617.77,58706.86,59121.05,5264
2024-05-02 22:00:00,59117.05,59453.03,59074.62,59352.59,5166
2024-05-02 23:00:00,59350.41,59402.4,59039.03,59054.9,4554
2024-05-03 00:00:00,59062.82,59162.86,58808.13,59048.91,5418
2024-05-03 01:00:00,59049.49,59515.63,59001.91,59329.41,5688
2024-05-03 02:00:00,59332.36,59919.29,59261.09,59564.89,6071
2024-05-03 03:00:00,59560.98,60025.44,59504.55,59743.45,6500
2024-05-03 04:00:00,59738.99,59864.39,59555.8,59611.8,5231
2024-05-03 05:00:00,59613.71,59649.5,59479.24,59559.13,4595
2024-05-03 06:00:00,59558.49,59599.56,59257.51,59268.64,4784
2024-05-03 07:00:00,59274.9,59453.97,59056.59,59178.48,5002
2024-05-03 08:00:00,59182.04,59402.75,59111.74,59235.7,4729
2024-05-03 09:00:00,59237.95,59578.29,59189.22,59465.74,4977
2024-05-03 10:00:00,59469.93,59488.85,58838.5,59038.05,5612
2024-05-03 11:00:00,59035.25,59422.68,58844.53,59288.35,6783
2024-05-03 12:00:00,59290.23,60773.2,58974.16,60654.96,9146
2024-05-03 13:00:00,60657.34,61833.43,60528.89,61704.5,11134
2024-05-03 14:00:00,61702.51,62148.99,61387.84,61671.42,8141
2024-05-03 15:00:00,61674.24,61859.43,61376.41,61711.28,5575
2024-05-03 16:00:00,61712.9,62208.6,61562.2,61730.72,7742
2024-05-03 17:00:00,61729.55,62013.02,61555.43,61850.03,6544
2024-05-03 18:00:00,61848.96,62021.75,61712.02,61805.85,5602
2024-05-03 19:00:00,61807.0,62150.37,61591.65,62073.64,6977
2024-05-03 20:00:00,62075.71,63253.69,61965.03,62923.91,11156
2024-05-03 21:00:00,62918.75,62972.85,62409.52,62748.01,5739
2024-05-03 22:00:00,62745.23,63023.4,62607.71,62813.42,4424
2024-05-03 23:00:00,62811.13,63365.34,62786.31,62896.29,6153
2024-05-04 00:00:00,62898.14,63224.09,62786.08,63126.62,5768
2024-05-04 01:00:00,63128.46,63594.68,62813.72,62857.64,6627
2024-05-04 02:00:00,62853.9,62917.51,62548.12,62711.93,5569
2024-05-04 03:00:00,62710.31,62922.0,62649.69,62729.17,4970
2024-05-04 04:00:00,62729.91,63206.69,62662.56,63077.23,5720
2024-05-04 05:00:00,63074.85,63480.0,62965.63,63407.63,6232
2024-05-04 06:00:00,63398.58,63419.12,62916.31,62986.12,5255
2024-05-04 07:00:00,62992.94,63171.08,62894.91,62989.51,4944
2024-05-04 08:00:00,62989.57,63261.82,62946.71,63179.19,4786
2024-05-04 09:00:00,63179.09,63332.35,63072.28,63182.68,4910
2024-05-04 10:00:00,63188.77,64476.25,63124.8,64420.36,6629
2024-05-04 11:00:00,64419.83,64515.53,63691.18,63888.12,7791
2024-05-04 12:00:00,63887.56,64140.82,63759.75,64090.27,6228
2024-05-04 13:00:00,64093.63,64164.61,63415.51,63749.8,6981
2024-05-04 14:00:00,63750.49,63980.88,63528.97,63833.76,5427
2024-05-04 15:00:00,63836.35,63872.93,63461.45,63599.31,4945
2024-05-04 16:00:00,63603.2,63738.39,63372.85,63694.17,3785
2024-05-04 17:00:00,63693.23,63790.22,63313.16,63466.21,5978
2024-05-04 18:00:00,63472.53,63778.6,63397.9,63646.85,4967
2024-05-04 19:00:00,63644.48,64000.5,63518.65,63919.24,4663
2024-05-04 20:00:00,63916.85,64191.53,63833.17,63878.8,4364
2024-05-04 21:00:00,63878.72,64121.52,63533.18,63881.15,4566
2024-05-04 22:00:00,63881.66,63914.49,63559.38,63607.19,3806
2024-05-04 23:00:00,63605.16,63948.93,63596.48,63905.08,4495
2024-05-05 00:00:00,63893.52,64181.66,63445.36,63549.52,5790
2024-05-05 01:00:00,63552.7,63631.17,62915.65,63339.89,8466
2024-05-05 02:00:00,63344.76,63482.26,63127.44,63169.52,5384
2024-05-05 03:00:00,63168.69,63339.12,63017.77,63262.27,5305
2024-05-05 04:00:00,63268.2,63451.74,63227.2,63397.95,4891
2024-05-05 05:00:00,63389.59,63535.13,63146.73,63231.49,4933
2024-05-05 06:00:00,63229.67,63492.07,63167.83,63367.74,4522
2024-05-05 07:00:00,63375.94,63974.24,63357.98,63743.09,4970
2024-05-05 08:00:00,63740.94,63951.08,63571.17,63681.51,5507
2024-05-05 09:00:00,63683.87,63758.05,63578.59,63696.19,4123
2024-05-05 10:00:00,63694.09,63825.4,63557.63,63708.86,3434
2024-05-05 11:00:00,63708.7,63935.45,63640.05,63843.72,3460
2024-05-05 12:00:00,63842.67,63859.16,63648.99,63748.52,4400
2024-05-05 13:00:00,63748.3,64285.06,63652.21,64130.04,5555
2024-05-05 14:00:00,64131.41,64172.01,63767.8,64103.92,4807
2024-05-05 15:00:00,64103.25,64607.73,63995.33,64429.62,6195
2024-05-05 16:00:00,64427.38,64518.86,64171.9,64305.83,5424
2024-05-05 17:00:00,64309.13,64470.82,64169.55,64242.52,4426
2024-05-05 18:00:00,64244.9,64269.53,63833.7,63962.56,4787
2024-05-05 19:00:00,63962.58,64045.22,63839.66,63892.3,4377
2024-05-05 20:00:00,63896.09,63898.62,63564.92,63771.23,4812
2024-05-05 21:00:00,63771.5,63901.52,63577.48,63872.73,4519
2024-05-05 22:00:00,63879.67,63924.17,63711.49,63886.38,4743
2024-05-05 23:00:00,63890.52,64228.47,63828.3,64024.5,5775
2024-05-06 00:00:00,64021.1,64345.6,64014.83,64228.81,5703
2024-05-06 01:00:00,64229.08,64475.7,64068.89,64157.49,5820
2024-05-06 02:00:00,64158.63,64243.82,63845.49,63845.49,4345
2024-05-06 03:00:00,63825.0,63981.25,63718.97,63881.47,4114
2024-05-06 04:00:00,63888.01,64178.13,63773.51,64157.67,5038
2024-05-06 05:00:00,64159.21,64325.92,64030.76,64194.18,5263
2024-05-06 06:00:00,64200.89,64454.33,64114.78,64243.42,5329
2024-05-06 07:00:00,64244.57,64567.69,64135.64,64514.37,5542
2024-05-06 08:00:00,64519.72,65496.77,64427.34,65121.81,8182
2024-05-06 09:00:00,65117.68,65337.21,65047.6,65155.51,6148
2024-05-06 10:00:00,65148.09,65249.05,63825.26,64037.15,7920
2024-05-06 11:00:00,64032.31,64385.87,63994.18,64230.41,6658
2024-05-06 12:00:00,64224.33,64329.69,63365.47,63609.92,8488
2024-05-06 13:00:00,63611.58,64001.09,63423.86,63875.46,7612
2024-05-06 14:00:00,63880.13,64244.48,63219.67,63284.94,8137
2024-05-06 15:00:00,63284.36,63755.65,62884.96,63616.0,8270
2024-05-06 16:00:00,63622.54,63767.21,63104.09,63184.14,6622
2024-05-06 17:00:00,63183.32,63513.99,62910.47,63158.0,6705
2024-05-06 18:00:00,63152.04,63523.92,62947.03,63375.68,6010
2024-05-06 19:00:00,63377.22,63390.56,62695.56,63188.71,7056
2024-05-06 20:00:00,63183.61,63428.29,63021.68,63305.16,5580
2024-05-06 21:00:00,63301.09,63622.69,63287.17,63534.87,4720
2024-05-06 22:00:00,63531.34,63577.43,63387.05,63504.92,5192
2024-05-06 23:00:00,63503.53,63504.06,63087.05,63160.65,5657
2024-05-07 00:00:00,63160.1,63683.29,62932.57,63524.5,6618
2024-05-07 01:00:00,63527.56,63977.14,63454.56,63869.25,6532
2024-05-07 02:00:00,63870.51,63950.45,63608.45,63712.34,4506
2024-05-07 03:00:00,63715.46,63753.87,62849.3,63240.87,7111
2024-05-07 04:00:00,63240.94,63477.3,63071.84,63465.2,6334
2024-05-07 05:00:00,63469.56,63747.6,63214.25,63549.82,7312
2024-05-07 06:00:00,63549.49,63738.44,63371.07,63608.8,5844
2024-05-07 07:00:00,63616.27,63873.43,63527.9,63671.52,5213
2024-05-07 08:00:00,63666.05,64404.71,63568.2,64224.67,6833
2024-05-07 09:00:00,64220.33,64360.3,64050.48,64121.4,5747
2024-05-07 10:00:00,64124.02,64192.56,63752.06,64112.93,6245
2024-05-07 11:00:00,64112.4,64152.96,63341.89,63511.78,6463
2024-05-07 12:00:00,63506.18,63778.07,63444.7,63653.54,5797
2024-05-07 13:00:00,63648.65,63731.46,63077.63,63197.41,6411
2024-05-07 14:00:00,63190.23,64068.44,63087.07,64033.25,6804
2024-05-07 15:00:00,64028.05,64303.89,63597.1,63731.83,7031
2024-05-07 16:00:00,63732.21,63891.83,63415.64,63634.28,5134
2024-05-07 17:00:00,63633.05,63674.72,63292.26,63407.49,5836
2024-05-07 18:00:00,63407.85,63407.85,62783.93,63184.27,6463
2024-05-07 19:00:00,63191.0,63286.25,62929.81,63067.8,5952
2024-05-07 20:00:00,63059.18,63225.0,62862.82,62973.22,5181
2024-05-07 21:00:00,62972.66,63172.18,62829.65,63065.3,4991
2024-05-07 22:00:00,63064.77,63122.56,62719.76,62889.88,5917
2024-05-07 23:00:00,62882.14,62924.43,62246.1,62335.88,7588
2024-05-08 00:00:00,62339.0,62712.61,62121.74,62592.27,7233
2024-05-08 01:00:00,62596.86,62715.39,62402.53,62515.76,6216
2024-05-08 02:00:00,62510.95,62851.79,62510.95,62743.49,5324
2024-05-08 03:00:00,62738.8,62971.49,62554.67,62886.9,5179
2024-05-08 04:00:00,62885.68,63028.82,62328.75,62546.83,5823
2024-05-08 05:00:00,62546.65,62772.46,62368.43,62627.92,5414
2024-05-08 06:00:00,62622.36,62733.57,62118.26,62498.24,6014
2024-05-08 07:00:00,62501.43,62637.34,62055.5,62217.56,6306
2024-05-08 08:00:00,62209.81,62448.52,62064.34,62407.45,7561
2024-05-08 09:00:00,62397.87,62465.36,62073.61,62285.25,5571
2024-05-08 10:00:00,62285.84,62543.4,62247.58,62481.1,5069
2024-05-08 11:00:00,62479.69,62530.93,62145.27,62258.7,5495
2024-05-08 12:00:00,62249.87,62469.67,62076.79,62231.67,5919
2024-05-08 13:00:00,62231.72,62471.66,61721.41,62435.47,7528
2024-05-08 14:00:00,62438.37,62807.22,62138.72,62565.51,6565
2024-05-08 15:00:00,62571.0,62621.55,61875.11,62247.45,7265
2024-05-08 16:00:00,62247.28,62480.58,61987.26,62453.7,6123
2024-05-08 17:00:00,62447.43,62703.27,62344.35,62597.02,5816
2024-05-08 18:00:00,62599.99,62782.05,62440.96,62519.56,5403
2024-05-08 19:00:00,62522.07,62583.74,61926.66,62169.9,6497
2024-05-08 20:00:00,62171.37,62250.21,61440.21,61563.45,7883
2024-05-08 21:00:00,61565.91,61759.15,61361.61,61474.46,5643
2024-05-08 22:00:00,61472.0,61560.99,61074.61,61246.95,6786
2024-05-08 23:00:00,61251.88,61271.42,60867.26,61173.81,7059
2024-05-09 00:00:00,61178.77,61477.65,61090.53,61381.03,5440
2024-05-09 01:00:00,61388.93,61568.26,61348.87,61528.25,5070
2024-05-09 02:00:00,61522.76,61692.67,61451.94,61646.82,4460
2024-05-09 03:00:00,61645.72,61792.0,61379.49,61670.57,5453
2024-05-09 04:00:00,61677.49,61768.49,61414.08,61511.76,5302
2024-05-09 05:00:00,61509.74,61724.12,61407.8,61591.29,5119
2024-05-09 06:00:00,61585.29,61795.88,61488.48,61607.95,5057
2024-05-09 07:00:00,61604.06,61653.09,61105.9,61248.81,5736
2024-05-09 08:00:00,61248.86,61461.25,61151.69,61315.45,5657
2024-05-09 09:00:00,61315.45,61385.55,60878.43,61266.14,6151
2024-05-09 10:00:00,61274.99,61316.88,60754.15,60793.74,5834
2024-05-09 11:00:00,60803.25,61177.23,60607.51,61050.82,6495
2024-05-09 12:00:00,61047.9,61627.56,61007.03,61477.04,6312
2024-05-09 13:00:00,61479.95,61544.47,60853.52,61174.59,6559
2024-05-09 14:00:00,61173.7,61582.13,61093.42,61539.09,6416
2024-05-09 15:00:00,61537.66,62287.79,61444.68,62157.4,6900
2024-05-09 16:00:00,62160.92,62676.07,61818.86,61887.94,7013
2024-05-09 17:00:00,61886.71,62225.85,61755.43,61958.45,5681
2024-05-09 18:00:00,61958.58,62286.67,61889.93,62275.89,4885
2024-05-09 19:00:00,62266.47,62588.38,62168.13,62465.88,5373
2024-05-09 20:00:00,62467.72,62680.42,62358.58,62630.51,5342
2024-05-09 21:00:00,62635.89,62834.01,62444.85,62564.68,4664
2024-05-09 22:00:00,62563.59,63442.0,62494.74,63291.2,7253
2024-05-09 23:00:00,63285.25,63360.09,62840.91,63089.41,6908
2024-05-10 00:00:00,63090.53,63116.73,62735.92,62833.9,5512
2024-05-10 01:00:00,62830.48,62988.85,62647.33,62896.7,5349
2024-05-10 02:00:00,62889.56,63062.15,62763.7,62922.16,4966
2024-05-10 03:00:00,62918.98,62961.05,62775.16,62928.52,5106
2024-05-10 04:00:00,62929.05,63029.33,62773.98,62941.3,4820
2024-05-10 05:00:00,62936.74,62985.6,62642.86,62779.08,4542
2024-05-10 06:00:00,62781.65,63260.46,62746.55,63179.7,4916
2024-05-10 07:00:00,63183.11,63404.09,62947.41,63094.93,5915
2024-05-10 08:00:00,63092.68,63162.97,62840.91,63070.43,4732
2024-05-10 09:00:00,63069.31,63235.81,62823.09,63151.1,4652
2024-05-10 10:00:00,63151.63,63165.77,62848.69,63052.22,3833
2024-05-10 11:00:00,63051.09,63364.99,62792.24,63314.22,4890
2024-05-10 12:00:00,63310.93,63489.67,62943.92,63043.36,5419
2024-05-10 13:00:00,63043.0,63155.78,62795.47,63021.82,5314
2024-05-10 14:00:00,63015.13,63116.58,60649.27,61081.76,10143
2024-05-10 15:00:00,61084.81,61298.72,60666.02,60944.63,9254
2024-05-10 16:00:00,60940.95,61305.57,60211.49,61053.18,8314
2024-05-10 17:00:00,61049.31,61057.97,60160.32,60372.93,8251
2024-05-10 18:00:00,60370.56,60748.51,60197.56,60697.99,7188
2024-05-10 19:00:00,60697.21,60893.71,60490.76,60673.27,6178
2024-05-10 20:00:00,60674.53,60977.2,60413.78,60502.54,5584
2024-05-10 21:00:00,60499.1,60774.0,60433.36,60697.58,4483
2024-05-10 22:00:00,60698.42,60906.65,60600.38,60831.8,4633
2024-05-10 23:00:00,60832.75,60992.95,60756.26,60771.96,4183
2024-05-11 00:00:00,60768.83,60919.17,60601.41,60763.41,4474
2024-05-11 01:00:00,60763.14,61076.13,60733.89,60860.06,4492
2024-05-11 02:00:00,60859.05,60948.63,60716.37,60882.47,4291
2024-05-11 03:00:00,60882.05,60901.12,60658.9,60704.02,4174
2024-05-11 04:00:00,60705.1,60873.13,60665.61,60748.75,4417
2024-05-11 05:00:00,60751.91,60928.22,60736.13,60893.79,3929
2024-05-11 06:00:00,60893.96,61085.47,60873.85,60961.49,4215
2024-05-11 07:00:00,60960.54,61028.08,60845.24,61013.03,4247
2024-05-11 08:00:00,61015.32,61062.21,60736.07,60780.93,4484
2024-05-11 09:00:00,60781.68,60913.34,60652.66,60886.87,4637
2024-05-11 10:00:00,60893.33,60912.04,60671.82,60730.32,4338
2024-05-11 11:00:00,60730.81,60779.65,60447.25,60697.08,4723
2024-05-11 12:00:00,60696.55,60825.54,60609.88,60705.44,4247
2024-05-11 13:00:00,60706.6,61000.36,60648.49,60965.16,4652
2024-05-11 14:00:00,60965.2,61007.86,60745.92,60849.72,4390
2024-05-11 15:00:00,60848.71,61486.47,60844.98,61151.04,6292
2024-05-11 16:00:00,61155.66,61404.69,61078.39,61193.44,5004
2024-05-11 17:00:00,61196.08,61253.89,60996.69,61089.87,4528
2024-05-11 18:00:00,61091.88,61296.21,60999.54,61209.82,4452
2024-05-11 19:00:00,61215.89,61228.62,61038.95,61133.67,4111
2024-05-11 20:00:00,61132.84,61169.69,60761.23,61009.29,4379
2024-05-11 21:00:00,61008.84,61011.86,60813.14,60925.23,3953
2024-05-11 22:00:00,60925.08,61002.57,60868.03,60907.11,3919
2024-05-11 23:00:00,60907.12,61005.52,60725.2,60821.49,3915
2024-05-12 00:00:00,60824.03,61102.81,60781.44,60954.09,4311
2024-05-12 01:00:00,60953.71,61070.66,60829.68,60855.44,4039
2024-05-12 02:00:00,60855.2,60970.98,60807.69,60915.05,3974
2024-05-12 03:00:00,60914.84,60961.36,60836.43,60924.0,3916
2024-05-12 04:00:00,60927.53,61115.22,60882.58,61098.13,3854
2024-05-12 05:00:00,61099.7,61100.01,60975.53,61054.89,3759
2024-05-12 06:00:00,61056.87,61077.79,60918.43,60934.6,3756
2024-05-12 07:00:00,60934.63,60993.03,60571.23,60826.79,4704
2024-05-12 08:00:00,60829.5,61104.36,60772.15,61033.71,4740
2024-05-12 09:00:00,61036.72,61094.57,60924.61,61002.12,4078
2024-05-12 10:00:00,61003.21,61348.71,60929.53,61162.75,4831
2024-05-12 11:00:00,61162.47,61236.73,61087.54,61127.66,4490
2024-05-12 12:00:00,61129.47,61235.24,61062.03,61137.53,4222
2024-05-12 13:00:00,61141.45,61258.29,61079.4,61173.9,4017
2024-05-12 14:00:00,61172.54,61303.77,61087.83,61172.38,4476
2024-05-12 15:00:00,61170.98,61548.69,61132.91,61411.56,5003
2024-05-12 16:00:00,61408.0,61875.6,61328.36,61330.0,5855
2024-05-12 17:00:00,61329.82,61686.22,61152.62,61609.55,5336
2024-05-12 18:00:00,61610.16,61657.99,61319.88,61361.81,4366
2024-05-12 19:00:00,61358.53,61432.58,61197.08,61400.27,4472
2024-05-12 20:00:00,61402.96,61428.65,61257.57,61267.16,4112
2024-05-12 21:00:00,61265.48,61307.19,60843.09,61224.72,4659
2024-05-12 22:00:00,61228.71,61425.76,61183.78,61330.01,4698
2024-05-12 23:00:00,61332.88,61531.63,61259.06,61463.38,5073
2024-05-13 00:00:00,61465.16,61795.76,61457.19,61493.73,4970
2024-05-13 01:00:00,61494.42,61550.48,61164.71,61407.2,6167
2024-05-13 02:00:00,61406.75,61516.29,60928.18,61035.52,6706
2024-05-13 03:00:00,61033.15,61196.74,60750.24,61157.12,6280
2024-05-13 04:00:00,61156.9,61166.28,60886.12,60993.24,5080
2024-05-13 05:00:00,60995.66,61044.03,60814.21,60873.24,4806
2024-05-13 06:00:00,60876.22,61538.83,60770.38,61490.88,5738
2024-05-13 07:00:00,61488.08,62465.93,61423.29,62335.07,6772
2024-05-13 08:00:00,62340.13,63048.99,62322.73,62748.29,8295
2024-05-13 09:00:00,62747.82,63292.41,62747.82,63062.46,6388
2024-05-13 10:00:00,63053.87,63087.42,62348.25,62661.64,6475
2024-05-13 11:00:00,62658.3,62790.85,62480.28,62741.39,5549
2024-05-13 12:00:00,62744.87,62905.15,62379.9,62831.62,5974
2024-05-13 13:00:00,62836.14,63042.73,62572.89,62772.83,6596
2024-05-13 14:00:00,62767.23,63146.02,62715.68,62750.26,6970
2024-05-13 15:00:00,62756.74,63224.27,62711.36,63009.18,6225
2024-05-13 16:00:00,63006.76,63477.51,62912.75,63184.83,7104
2024-05-13 17:00:00,63189.44,63197.64,62584.54,62800.37,7895
2024-05-13 18:00:00,62796.31,62822.99,62527.72,62771.41,5893
2024-05-13 19:00:00,62773.47,63213.0,62773.38,63197.22,5408
2024-05-13 20:00:00,63196.37,63212.9,63009.69,63092.87,4710
2024-05-13 21:00:00,63089.88,63150.39,62813.12,62906.07,4205
2024-05-13 22:00:00,62902.45,62969.31,62696.98,62754.58,4654
2024-05-13 23:00:00,62755.2,62987.78,62690.54,62913.63,4497
2024-05-14 00:00:00,62908.95,63100.09,62604.8,62793.55,6000
2024-05-14 01:00:00,62794.69,63015.32,62559.42,62634.82,4990
2024-05-14 02:00:00,62635.51,62688.5,62173.01,62507.5,3745
2024-05-14 03:00:00,62510.34,62631.74,62306.33,62433.6,5415
2024-05-14 04:00:00,62430.46,62609.92,62272.83,62491.87,4713
2024-05-14 05:00:00,62492.07,62716.23,62414.07,62661.25,4294
2024-05-14 06:00:00,62666.03,62674.45,61401.64,61988.42,8726
2024-05-14 07:00:00,61987.29,62097.77,61748.75,62002.91,6188
2024-05-14 08:00:00,61997.68,62012.06,61668.46,61831.56,5828
2024-05-14 09:00:00,61835.71,61953.99,61713.61,61772.81,5707
2024-05-14 10:00:00,61771.85,61821.18,61482.07,61702.76,5762
2024-05-14 11:00:00,61701.27,61882.11,61657.84,61768.49,5894
2024-05-14 12:00:00,61767.72,62097.14,61080.51,61539.93,9898
2024-05-14 13:00:00,61537.38,62043.87,61391.54,61689.57,8767
2024-05-14 14:00:00,61682.38,62298.59,61108.03,61780.06,12324
2024-05-14 15:00:00,61786.69,62016.54,61599.86,61755.76,8322
2024-05-14 16:00:00,61757.21,61798.01,61181.28,61387.21,7450
2024-05-14 17:00:00,61395.19,61491.45,61054.53,61272.93,7444
2024-05-14 18:00:00,61277.52,61412.51,61159.35,61358.58,5579
2024-05-14 19:00:00,61358.07,61646.37,61325.26,61560.53,5835
2024-05-14 20:00:00,61557.54,61682.96,61508.6,61568.19,4889
2024-05-14 21:00:00,61572.21,61762.41,61411.76,61641.01,4822
2024-05-14 22:00:00,61645.81,61742.34,61529.86,61687.83,5630
2024-05-14 23:00:00,61690.57,61699.37,61480.19,61534.57,5206
2024-05-15 00:00:00,61529.62,61781.19,61288.18,61413.02,6449
2024-05-15 01:00:00,61413.0,61739.59,61394.09,61678.43,5598
2024-05-15 02:00:00,61678.29,61883.19,61666.73,61758.16,5357
2024-05-15 03:00:00,61759.62,62027.46,61741.02,61938.62,5333
2024-05-15 04:00:00,61943.01,61973.47,61782.37,61861.19,4751
2024-05-15 05:00:00,61865.4,62068.33,61837.34,61900.69,4993
2024-05-15 06:00:00,61897.64,61967.63,61786.74,61959.3,4692
2024-05-15 07:00:00,61954.17,62249.88,61868.17,62172.42,5571
2024-05-15 08:00:00,62176.57,62243.63,62024.28,62154.93,5402
2024-05-15 09:00:00,62150.15,62895.76,61885.95,62652.72,7332
2024-05-15 10:00:00,62652.62,63001.74,62362.29,62666.64,9002
2024-05-15 11:00:00,62667.91,62827.36,62207.78,62448.73,7696
2024-05-15 12:00:00,62450.6,64172.53,62394.3,63774.02,11015
2024-05-15 13:00:00,63776.36,64696.3,63546.22,64147.36,11520
2024-05-15 14:00:00,64153.41,64533.68,64009.0,64514.29,8419
2024-05-15 15:00:00,64511.53,65109.96,64378.53,64732.62,7615
2024-05-15 16:00:00,64728.32,65150.21,64712.73,64781.43,7211
2024-05-15 17:00:00,64776.87,65158.95,64764.12,65089.57,7664
2024-05-15 18:00:00,65090.31,65841.58,64984.38,65748.99,8546
2024-05-15 19:00:00,65750.42,66447.84,65306.61,66023.54,7835
2024-05-15 20:00:00,66021.62,66118.74,65738.16,65957.74,5994
2024-05-15 21:00:00,65958.63,66205.33,65792.41,65885.03,4784
2024-05-15 22:00:00,65884.39,66299.78,65834.33,66130.33,6002
2024-05-15 23:00:00,66122.91,66430.33,66071.25,66201.93,6121
2024-05-16 00:00:00,66209.54,66674.5,65932.03,66052.61,7750
2024-05-16 01:00:00,66050.19,66203.65,65782.57,65956.91,5312
2024-05-16 02:00:00,65956.23,66108.88,65700.1,65886.97,4793
2024-05-16 03:00:00,65883.97,66086.87,65767.61,65982.34,4869
2024-05-16 04:00:00,65974.48,65990.77,65750.32,65767.52,4900
2024-05-16 05:00:00,65764.8,65880.41,65716.96,65745.42,4590
2024-05-16 06:00:00,65744.45,65999.57,65620.25,65958.26,4356
2024-05-16 07:00:00,65953.55,66257.83,65918.54,66128.84,4724
2024-05-16 08:00:00,66123.5,66433.94,66083.91,66278.63,4954
2024-05-16 09:00:00,66272.69,66350.96,66055.63,66336.46,4946
2024-05-16 10:00:00,66343.3,66344.41,66075.05,66135.45,4705
2024-05-16 11:00:00,66138.47,66559.45,65994.41,66500.5,4759
2024-05-16 12:00:00,66506.6,66712.88,65876.13,66006.32,7318
2024-05-16 13:00:00,66004.41,66359.54,65763.29,66318.0,6319
2024-05-16 14:00:00,66321.13,66389.6,65545.02,65582.52,6667
2024-05-16 15:00:00,65587.98,65898.3,65355.48,65806.91,6290
2024-05-16 16:00:00,65807.36,65833.78,65073.73,65127.66,6671
2024-05-16 17:00:00,65125.94,65389.94,64590.85,64999.28,7087
2024-05-16 18:00:00,65000.35,65185.27,64814.25,65121.09,5835
2024-05-16 19:00:00,65118.99,65591.29,65069.03,65171.03,5452
2024-05-16 20:00:00,65174.21,65303.58,64987.7,65285.61,4483
2024-05-16 21:00:00,65289.13,65496.38,65205.74,65442.66,4210
2024-05-16 22:00:00,65440.09,65481.5,65113.51,65415.31,4774
2024-05-16 23:00:00,65408.84,65425.05,65111.65,65231.58,4709
2024-05-17 00:00:00,65232.79,65500.21,65202.93,65484.97,4655
2024-05-17 01:00:00,65486.35,65493.66,65085.4,65340.08,4798
2024-05-17 02:00:00,65336.42,65435.32,65146.02,65366.27,4547
2024-05-17 03:00:00,65365.22,65881.67,65307.35,65558.99,5643
2024-05-17 04:00:00,65554.16,65623.38,65344.44,65435.77,4833
2024-05-17 05:00:00,65438.56,65693.29,65409.74,65672.63,4341
2024-05-17 06:00:00,65669.03,66144.21,65536.25,65934.78,5101
2024-05-17 07:00:00,65932.33,66483.22,65932.33,66363.47,6746
2024-05-17 08:00:00,66372.16,66462.25,66028.97,66142.9,5835
2024-05-17 09:00:00,66142.1,66432.97,66042.32,66334.23,4727
2024-05-17 10:00:00,66335.05,66529.46,66156.19,66490.9,5564
2024-05-17 11:00:00,66491.66,66559.41,66166.67,66207.4,6147
2024-05-17 12:00:00,66199.42,66582.63,66099.62,66382.09,5760
2024-05-17 13:00:00,66381.86,66470.8,65795.32,65934.57,7093
2024-05-17 14:00:00,65935.29,66881.01,65897.38,66850.44,6633
2024-05-17 15:00:00,66853.47,67494.23,66532.68,67234.19,7888
2024-05-17 16:00:00,67237.66,67352.79,66926.32,66953.25,6025
2024-05-17 17:00:00,66956.07,67045.32,66675.43,66718.37,5365
2024-05-17 18:00:00,66722.82,66880.14,66204.68,66828.95,6181
2024-05-17 19:00:00,66831.37,67104.02,66634.13,67075.47,5429
2024-05-17 20:00:00,67079.78,67085.81,66724.55,66906.49,5008
2024-05-17 21:00:00,66906.68,66950.22,66711.78,66853.54,3659
2024-05-17 22:00:00,66847.66,66847.66,66670.77,66792.68,3785
2024-05-17 23:00:00,66794.43,67080.47,66687.98,67032.58,4167
2024-05-18 00:00:00,67029.44,67100.8,66725.54,66903.41,4594
2024-05-18 01:00:00,66903.35,67038.6,66770.27,66999.63,4259
2024-05-18 02:00:00,67001.26,67099.6,66774.85,66919.62,4494
2024-05-18 03:00:00,66917.33,67033.46,66863.76,66960.7,4497
2024-05-18 04:00:00,66960.16,67018.35,66799.92,66879.34,4314
2024-05-18 05:00:00,66876.48,66909.32,66793.31,66856.02,4075
2024-05-18 06:00:00,66855.95,66955.65,66712.42,66935.4,4393
2024-05-18 07:00:00,66935.84,67266.63,66805.16,66893.22,5055
2024-05-18 08:00:00,66900.09,67105.6,66838.02,67027.7,4413
2024-05-18 09:00:00,67028.22,67150.23,66989.55,67133.1,3925
2024-05-18 10:00:00,67138.48,67334.68,67000.37,67243.16,4144
2024-05-18 11:00:00,67244.6,67425.75,67123.24,67235.28,4869
2024-05-18 12:00:00,67233.57,67272.16,66910.64,66960.61,4754
2024-05-18 13:00:00,66961.56,67084.91,66766.74,66856.83,5378
2024-05-18 14:00:00,66858.0,67048.27,66532.55,66792.73,5502
2024-05-18 15:00:00,66796.33,66895.25,66586.7,66815.15,5239
2024-05-18 16:00:00,66816.47,66994.38,66680.05,66878.74,4724
2024-05-18 17:00:00,66883.29,66973.13,66728.92,66847.18,4013
2024-05-18 18:00:00,66840.66,66918.05,66718.6,66770.22,3560
2024-05-18 19:00:00,66777.02,66940.16,66738.97,66888.76,4075
2024-05-18 20:00:00,66891.6,67044.03,66859.58,66965.4,4351
2024-05-18 21:00:00,66967.33,66997.74,66791.85,66872.79,4396
2024-05-18 22:00:00,66874.99,66996.24,66810.82,66921.53,4023
2024-05-18 23:00:00,66922.36,67026.56,66877.51,66895.69,4267
2024-05-19 00:00:00,66885.17,66972.6,66811.17,66877.45,4068
2024-05-19 01:00:00,66877.6,66959.61,66842.52,66907.26,3895
2024-05-19 02:00:00,66902.82,67222.94,66901.06,67204.38,4080
2024-05-19 03:00:00,67203.65,67287.44,67043.94,67163.97,4242
2024-05-19 04:00:00,67164.16,67189.27,66970.7,67122.01,4024
2024-05-19 05:00:00,67129.73,67174.43,67047.3,67088.53,3864
2024-05-19 06:00:00,67088.81,67153.26,66888.55,66996.31,3994
2024-05-19 07:00:00,67000.31,67341.69,66934.71,67310.13,3824
2024-05-19 08:00:00,67312.43,67342.04,67075.55,67153.28,4635
2024-05-19 09:00:00,67153.1,67183.85,66964.92,67163.9,4311
2024-05-19 10:00:00,67164.45,67671.51,67091.39,67267.89,6224
2024-05-19 11:00:00,67268.17,67374.23,66943.51,67311.73,6634
2024-05-19 12:00:00,67311.91,67320.06,66766.12,66804.52,5164
2024-05-19 13:00:00,66809.01,67139.87,66654.09,67017.18,5344
2024-05-19 14:00:00,67012.98,67139.47,66813.81,66900.41,5362
2024-05-19 15:00:00,66900.3,66967.39,66695.85,66869.36,4954
2024-05-19 16:00:00,66870.95,66993.14,66498.84,66636.84,5010
2024-05-19 17:00:00,66634.18,66814.32,66507.98,66694.13,4537
2024-05-19 18:00:00,66693.87,66743.4,66483.2,66569.34,4437
2024-05-19 19:00:00,66568.84,66604.89,65809.0,65989.85,6320
2024-05-19 20:00:00,65989.71,66271.11,65931.39,66132.14,4420
2024-05-19 21:00:00,66133.01,66320.01,65920.7,66232.13,4440
2024-05-19 22:00:00,66231.91,66424.96,66203.6,66320.07,4545
2024-05-19 23:00:00,66319.45,66328.98,66154.55,66227.31,4319
2024-05-20 00:00:00,66231.8,66458.82,66092.03,66386.23,5060
2024-05-20 01:00:00,66392.14,66548.89,66007.15,66462.45,6480
2024-05-20 02:00:00,66470.13,66731.01,66425.79,66611.15,5462
2024-05-20 03:00:00,66611.18,66713.64,66501.29,66633.45,4803
2024-05-20 04:00:00,66633.73,67118.89,66563.89,67090.7,5623
2024-05-20 05:00:00,67084.59,67272.81,67004.7,67122.97,5345
2024-05-20 06:00:00,67123.43,67150.72,66243.63,66399.43,7031
2024-05-20 07:00:00,66396.38,66874.79,66321.92,66797.13,6044
2024-05-20 08:00:00,66801.45,67062.49,66691.42,66757.57,5268
2024-05-20 09:00:00,66758.1,66985.47,66706.3,66867.78,4548
2024-05-20 10:00:00,66866.04,67341.12,66843.13,67046.08,5535
2024-05-20 11:00:00,67019.78,67310.2,66862.03,66960.84,5002
2024-05-20 12:00:00,66959.49,67083.71,66724.81,66903.7,4677
2024-05-20 13:00:00,66904.69,67193.9,66726.04,67095.98,6143
2024-05-20 14:00:00,67098.96,67116.13,66703.81,66971.52,5538
2024-05-20 15:00:00,66963.1,67485.9,66845.62,67412.7,6706
2024-05-20 16:00:00,67413.86,68285.11,67366.61,68223.37,7719
2024-05-20 17:00:00,68225.51,68661.19,68024.55,68331.68,7147
2024-05-20 18:00:00,68328.96,68836.77,68296.6,68794.65,7824
2024-05-20 19:00:00,68791.47,70075.34,68611.93,70043.53,10806
2024-05-20 20:00:00,70042.49,70405.89,69135.43,69536.48,9811
2024-05-20 21:00:00,69527.8,69781.08,68880.06,69702.27,7795
2024-05-20 22:00:00,69704.24,69947.15,69539.13,69572.74,7090
2024-05-20 23:00:00,69576.91,71474.06,69537.42,71434.82,8274
2024-05-21 00:00:00,71438.86,71900.36,71059.72,71252.52,6887
2024-05-21 01:00:00,71245.83,71245.83,70665.91,71028.63,6100
2024-05-21 02:00:00,71028.25,71372.07,70836.27,71245.75,5264
2024-05-21 03:00:00,71245.24,71374.45,71060.6,71214.82,5013
2024-05-21 04:00:00,71223.5,71236.54,70766.65,70862.31,4557
2024-05-21 05:00:00,70854.76,71184.27,70749.1,71167.63,4900
2024-05-21 06:00:00,71166.52,71356.49,71036.19,71146.19,5130
2024-05-21 07:00:00,71145.19,71196.4,70809.57,70879.55,4736
2024-05-21 08:00:00,70880.55,71022.23,70776.74,70862.1,4805
2024-05-21 09:00:00,70863.35,71049.01,70810.99,70924.44,5161
2024-05-21 10:00:00,70922.24,71236.54,70870.44,71015.31,5336
2024-05-21 11:00:00,71004.66,71415.26,70879.64,71071.65,6164
2024-05-21 12:00:00,71076.0,71408.47,70990.87,71318.32,6693
2024-05-21 13:00:00,71307.88,71307.88,70483.53,70547.67,7529
2024-05-21 14:00:00,70543.36,70899.46,70144.16,70182.62,6710
2024-05-21 15:00:00,70178.97,70427.26,69604.8,69774.51,6962
2024-05-21 16:00:00,69770.39,70239.83,69603.78,69612.24,6504
2024-05-21 17:00:00,69610.71,69906.67,69463.23,69802.89,5783
2024-05-21 18:00:00,69803.95,69912.68,69442.64,69809.67,5574
2024-05-21 19:00:00,69804.87,69954.53,69097.12,69256.39,6221
2024-05-21 20:00:00,69254.64,69765.05,69206.17,69727.25,5391
2024-05-21 21:00:00,69731.57,69815.36,69414.89,69696.21,4754
2024-05-21 22:00:00,69702.88,70214.92,69690.25,70212.17,5667
2024-05-21 23:00:00,70215.33,70389.34,70045.57,70129.83,4997
2024-05-22 00:00:00,70133.95,70280.45,70005.01,70095.22,4830
2024-05-22 01:00:00,70092.26,70203.41,69973.59,70124.85,4290
2024-05-22 02:00:00,70125.17,70358.59,69895.66,69967.08,4698
2024-05-22 03:00:00,69965.21,70043.39,69788.15,69948.45,4792
2024-05-22 04:00:00,69949.62,70016.74,69168.3,69594.27,5436
2024-05-22 05:00:00,69594.23,69914.1,69494.38,69893.43,4714
2024-05-22 06:00:00,69893.92,70047.57,69755.04,69839.99,4274
2024-05-22 07:00:00,69834.33,69900.39,69531.26,69702.21,4509
2024-05-22 08:00:00,69707.86,70164.05,69613.99,69974.22,4731
2024-05-22 09:00:00,69976.2,70080.37,69791.88,69952.89,4555
2024-05-22 10:00:00,69954.86,70213.37,69908.3,70169.46,4523
2024-05-22 11:00:00,70167.88,70248.97,69704.09,69713.72,4701
2024-05-22 12:00:00,69705.48,70068.9,69455.56,69655.98,5926
2024-05-22 13:00:00,69647.84,69902.97,69366.87,69557.11,5395
2024-05-22 14:00:00,69554.3,70140.17,69382.39,70079.52,6934
2024-05-22 15:00:00,70080.03,70567.1,69882.32,70404.41,5823
2024-05-22 16:00:00,70404.74,70637.14,70147.98,70209.62,5332
2024-05-22 17:00:00,70211.07,70419.21,69646.45,69892.19,6602
2024-05-22 18:00:00,69883.87,69889.3,69192.17,69581.69,10083
2024-05-22 19:00:00,69583.67,69789.27,69394.58,69597.06,6860
2024-05-22 20:00:00,69600.38,69946.81,69331.43,69402.37,7202
2024-05-22 21:00:00,69404.85,69619.85,68770.03,69459.93,7125
2024-05-22 22:00:00,69455.61,69525.15,68966.56,69069.07,7669
2024-05-22 23:00:00,69072.45,69204.25,68932.42,69120.41,6761
2024-05-23 00:00:00,69125.67,69597.35,69125.64,69463.84,7687
2024-05-23 01:00:00,69468.55,69612.01,69209.58,69444.17,7910
2024-05-23 02:00:00,69445.07,69562.25,69322.31,69476.97,5442
2024-05-23 03:00:00,69480.26,69501.17,69236.02,69407.2,5075
2024-05-23 04:00:00,69406.69,69568.69,69353.96,69519.57,5165
2024-05-23 05:00:00,69518.84,69544.94,69292.21,69432.2,5576
2024-05-23 06:00:00,69429.31,69648.6,69312.6,69521.6,5411
2024-05-23 07:00:00,69515.5,69837.02,69407.99,69719.92,6603
2024-05-23 08:00:00,69721.86,69835.63,69525.48,69635.21,6056
2024-05-23 09:00:00,69639.34,69814.01,69550.74,69629.34,6164
2024-05-23 10:00:00,69629.9,69769.87,69462.7,69499.2,5558
2024-05-23 11:00:00,69495.32,70000.81,69472.01,69937.69,5635
2024-05-23 12:00:00,69930.42,70008.17,68950.19,69412.82,6378
2024-05-23 13:00:00,69407.5,69524.06,67640.22,67969.1,10553
2024-05-23 14:00:00,67965.88,68283.62,67531.44,67690.39,10197
2024-05-23 15:00:00,67695.0,68254.67,67631.38,68031.43,7956
2024-05-23 16:00:00,68028.03,68140.1,67711.53,67771.98,6956
2024-05-23 17:00:00,67770.5,68068.76,67523.3,67573.35,7420
2024-05-23 18:00:00,67577.71,67599.02,66673.37,67300.69,10096
2024-05-23 19:00:00,67304.9,67612.14,66970.54,67110.59,5887
2024-05-23 20:00:00,67111.16,67882.92,66209.74,67737.39,10260
2024-05-23 21:00:00,67731.37,68290.88,67099.01,67943.05,9233
2024-05-23 22:00:00,67941.58,67941.58,67466.6,67653.65,6296
2024-05-23 23:00:00,67654.56,67986.48,67404.43,67954.42,6189
2024-05-24 00:00:00,67959.57,68013.56,67568.98,67851.91,6158
2024-05-24 01:00:00,67851.33,67860.69,67602.08,67730.24,5123
2024-05-24 02:00:00,67728.79,67971.29,67579.72,67944.22,5254
2024-05-24 03:00:00,67947.69,68003.98,67751.22,67850.91,5693
2024-05-24 04:00:00,67853.93,67890.66,67571.53,67661.89,5452
2024-05-24 05:00:00,67665.48,67665.48,67024.71,67258.02,5947
2024-05-24 06:00:00,67260.56,67557.48,66755.92,66838.4,6776
2024-05-24 07:00:00,66834.03,67273.33,66795.76,67104.03,6132
2024-05-24 08:00:00,67104.93,67179.82,66564.97,67117.88,6772
2024-05-24 09:00:00,67114.11,67398.37,66947.36,67318.1,6381
2024-05-24 10:00:00,67317.38,67487.35,67256.26,67298.64,5790
2024-05-24 11:00:00,67297.1,67435.62,67192.92,67275.52,5084
2024-05-24 12:00:00,67277.37,67566.78,67259.75,67461.62,6206
2024-05-24 13:00:00,67459.78,67569.91,66861.23,67026.06,6833
2024-05-24 14:00:00,67033.12,67982.9,66909.22,67844.12,7370
2024-05-24 15:00:00,67835.5,68420.98,67824.17,68244.29,5405
2024-05-24 16:00:00,68246.36,68412.89,67855.46,68406.45,6028
2024-05-24 17:00:00,68409.53,68939.07,68366.96,68924.65,8025
2024-05-24 18:00:00,68929.5,69258.67,68808.88,68972.81,8270
2024-05-24 19:00:00,68967.38,69300.48,68679.84,69153.21,5774
2024-05-24 20:00:00,69145.93,69254.09,68853.24,68876.71,5121
2024-05-24 21:00:00,68876.63,69019.42,68782.98,68883.96,4455
2024-05-24 22:00:00,68883.96,68897.26,68679.79,68790.99,4217
2024-05-24 23:00:00,68789.12,68802.59,68435.05,68508.48,4530
2024-05-25 00:00:00,68511.86,68659.84,68471.67,68537.41,4379
2024-05-25 01:00:00,68537.11,68715.95,68513.1,68621.63,4588
2024-05-25 02:00:00,68624.21,68838.09,68575.19,68827.42,4406
2024-05-25 03:00:00,68828.43,68891.7,68631.19,68717.72,4341
2024-05-25 04:00:00,68713.17,68798.99,68643.21,68743.46,4507
2024-05-25 05:00:00,68744.28,68788.1,68664.19,68691.49,4014
2024-05-25 06:00:00,68690.91,68743.63,68582.77,68647.66,3839
2024-05-25 07:00:00,68645.08,68805.28,68606.64,68723.96,3866
2024-05-25 08:00:00,68724.8,69049.51,68687.25,68885.83,4363
2024-05-25 09:00:00,68890.05,69161.89,68811.69,69053.73,4407
2024-05-25 10:00:00,69054.42,69477.11,69010.28,69385.31,4495
2024-05-25 11:00:00,69385.9,69633.28,69079.72,69099.01,5299
2024-05-25 12:00:00,69099.3,69308.68,69022.98,69131.71,4722
2024-05-25 13:00:00,69126.34,69241.65,68874.47,69022.87,5458
2024-05-25 14:00:00,69028.52,69090.9,68920.79,69019.99,5039
2024-05-25 15:00:00,69021.43,69232.04,68822.79,68951.38,4744
2024-05-25 16:00:00,68950.63,69022.56,68853.06,68959.28,3705
2024-05-25 17:00:00,68960.47,69102.17,68907.07,69067.31,4052
2024-05-25 18:00:00,69061.44,69245.99,69024.45,69211.28,4049
2024-05-25 19:00:00,69211.69,69264.85,69093.83,69164.92,4063
2024-05-25 20:00:00,69163.94,69217.72,69043.85,69107.26,4009
2024-05-25 21:00:00,69101.91,69189.03,69032.62,69128.11,4096
2024-05-25 22:00:00,69134.06,69186.37,69041.38,69127.62,3729
2024-05-25 23:00:00,69129.31,69373.62,69128.34,69311.9,3849
2024-05-26 00:00:00,69311.78,69349.99,69132.78,69152.29,3822
2024-05-26 01:00:00,69156.58,69270.06,69136.26,69151.08,4045
2024-05-26 02:00:00,69148.45,69190.01,68793.87,68889.02,5515
2024-05-26 03:00:00,68883.11,69135.74,68852.92,69068.94,4788
2024-05-26 04:00:00,69071.35,69071.35,68866.74,68964.97,4022
2024-05-26 05:00:00,68968.88,69129.03,68884.3,69121.11,3990
2024-05-26 06:00:00,69118.25,69181.0,69014.57,69106.61,3826
2024-05-26 07:00:00,69108.38,69426.91,69064.89,69334.88,4363
2024-05-26 08:00:00,69336.94,69538.3,69049.59,69156.83,4956
2024-05-26 09:00:00,69156.83,69244.02,68953.28,69067.44,4594
2024-05-26 10:00:00,69067.83,69216.37,69061.84,69199.87,4060
2024-05-26 11:00:00,69201.46,69240.92,69008.75,69130.68,4419
2024-05-26 12:00:00,69127.0,69145.58,68922.22,68969.6,4091
2024-05-26 13:00:00,68969.4,69125.74,68913.62,69119.67,4105
2024-05-26 14:00:00,69123.43,69278.47,69005.56,69260.29,4580
2024-05-26 15:00:00,69257.67,69372.07,68656.13,68857.81,6477
2024-05-26 16:00:00,68860.28,68969.18,68663.75,68793.52,5422
2024-05-26 17:00:00,68794.07,68905.57,68664.99,68769.15,4178
2024-05-26 18:00:00,68768.36,68816.8,68683.85,68765.81,3488
2024-05-26 19:00:00,68765.78,68900.2,68746.94,68846.59,3987
2024-05-26 20:00:00,68846.65,68867.91,68665.82,68681.55,3654
2024-05-26 21:00:00,68682.64,68690.28,67970.64,68469.63,4844
2024-05-26 22:00:00,68469.78,68705.68,68390.96,68538.45,4954
2024-05-26 23:00:00,68531.3,68539.31,68280.51,68445.01,5146
2024-05-27 00:00:00,68444.67,68809.78,68398.49,68803.26,5063
2024-05-27 01:00:00,68806.26,69282.47,68720.75,69046.5,5353
2024-05-27 02:00:00,69041.02,69270.19,68969.78,69062.04,6106
2024-05-27 03:00:00,69062.85,69191.47,68773.67,68855.85,4981
2024-05-27 04:00:00,68852.04,68874.47,68718.06,68744.99,4415
2024-05-27 05:00:00,68742.98,68765.82,68257.91,68488.23,5658
2024-05-27 06:00:00,68483.81,68579.28,68314.16,68329.12,5412
2024-05-27 07:00:00,68328.26,68666.73,68245.73,68591.8,5056
2024-05-27 08:00:00,68590.28,68870.63,68450.42,68555.28,5429
2024-05-27 09:00:00,68557.2,68611.09,68347.62,68538.48,5257
2024-05-27 10:00:00,68543.89,68546.45,68362.74,68515.69,5497
2024-05-27 11:00:00,68510.59,68640.14,68174.47,68362.1,5806
2024-05-27 12:00:00,68365.09,68598.27,68256.7,68544.86,5563
2024-05-27 13:00:00,68550.02,69016.15,68506.94,68884.5,6870
2024-05-27 14:00:00,68876.57,69453.74,68762.46,69429.89,7297
2024-05-27 15:00:00,69440.11,70451.85,69421.49,70279.74,7714
2024-05-27 16:00:00,70281.81,70602.04,70017.1,70036.25,5924
2024-05-27 17:00:00,70037.65,70272.25,69946.04,70089.24,4649
2024-05-27 18:00:00,70088.56,70195.04,69788.25,69929.33,4539
2024-05-27 19:00:00,69933.72,70038.25,68999.62,69188.25,5846
2024-05-27 20:00:00,69193.11,69682.79,69129.1,69622.78,4035
2024-05-27 21:00:00,69622.14,69844.33,69519.63,69747.81,3649
2024-05-27 22:00:00,69753.44,69769.5,69466.71,69523.23,3930
2024-05-27 23:00:00,69526.53,69533.77,69260.08,69379.9,3706
2024-05-28 00:00:00,69379.34,69437.59,69038.15,69322.46,3870
2024-05-28 01:00:00,69325.01,69544.18,68474.52,68544.98,4000
2024-05-28 02:00:00,68544.07,68735.07,68357.82,68637.71,3522
2024-05-28 03:00:00,68638.72,68689.26,67691.08,67998.56,4468
2024-05-28 04:00:00,68001.54,68084.14,67437.11,67697.99,3886
2024-05-28 05:00:00,67698.53,67976.06,67583.57,67976.06,3693
2024-05-28 06:00:00,67980.03,68013.84,67695.28,67914.86,3886
2024-05-28 07:00:00,67915.51,67972.62,67578.4,67631.53,3943
2024-05-28 08:00:00,67623.7,68179.61,67515.3,68095.49,4271
2024-05-28 09:00:00,68104.09,68457.51,67946.46,68260.17,4293
2024-05-28 10:00:00,68255.39,68832.56,68179.38,68508.98,4281
2024-05-28 11:00:00,68510.22,68600.1,68228.04,68325.75,4132
2024-05-28 12:00:00,68325.03,68508.47,68078.04,68138.98,4235
2024-05-28 13:00:00,68131.91,68412.32,67563.17,67685.18,5588
2024-05-28 14:00:00,67694.89,68161.57,67455.22,67916.21,6382
2024-05-28 15:00:00,67918.1,68359.16,67682.27,68274.41,4574
2024-05-28 16:00:00,68275.0,68358.67,67622.72,67632.55,4506
2024-05-28 17:00:00,67631.16,68082.42,67571.14,67694.08,4696
2024-05-28 18:00:00,67702.08,67906.77,67189.73,67759.82,5021
2024-05-28 19:00:00,67757.72,68554.65,67756.52,68346.84,5161
2024-05-28 20:00:00,68347.64,68481.5,68040.52,68248.0,4173
2024-05-28 21:00:00,68249.64,68487.1,68169.85,68275.55,3917
2024-05-28 22:00:00,68279.76,68605.37,68269.78,68560.53,4042
2024-05-28 23:00:00,68561.71,68577.66,68235.89,68294.33,3845
2024-05-29 00:00:00,68300.44,68543.44,68160.19,68419.05,4098
2024-05-29 01:00:00,68419.12,68675.07,68222.42,68513.33,4571
2024-05-29 02:00:00,68513.59,68887.52,68376.25,68600.94,4719
2024-05-29 03:00:00,68607.38,68845.36,68598.34,68752.66,4464
2024-05-29 04:00:00,68754.76,68891.08,68686.54,68782.53,4333
2024-05-29 05:00:00,68780.02,68794.46,68501.66,68531.95,4271
2024-05-29 06:00:00,68534.36,68630.93,68385.66,68449.2,4415
2024-05-29 07:00:00,68441.6,68485.35,67871.15,67885.04,4557
2024-05-29 08:00:00,67887.26,67942.88,67552.41,67809.29,4731
2024-05-29 09:00:00,67810.32,67970.58,67622.62,67849.88,4396
2024-05-29 10:00:00,67847.45,67987.57,67736.95,67925.99,4220
2024-05-29 11:00:00,67927.49,67938.65,67665.62,67694.75,4471
2024-05-29 12:00:00,67687.67,67962.69,67547.29,67839.12,4626
2024-05-29 13:00:00,67845.79,68229.8,67543.98,67803.52,6147
2024-05-29 14:00:00,67808.71,67924.63,67468.34,67596.09,5438
2024-05-29 15:00:00,67596.67,67844.26,67235.06,67327.05,13888
2024-05-29 16:00:00,67333.29,67704.46,67067.3,67498.85,20734
2024-05-29 17:00:00,67505.04,67650.34,67225.67,67549.84,13531
2024-05-29 18:00:00,67550.21,67581.34,67142.63,67331.97,10854
2024-05-29 19:00:00,67337.42,67708.96,67128.95,67214.08,14107
2024-05-29 20:00:00,67216.97,67427.18,67044.46,67401.59,12299
2024-05-29 21:00:00,67395.18,67753.74,67195.29,67608.78,10684
2024-05-29 22:00:00,67599.61,67778.69,67521.32,67633.53,9924
2024-05-29 23:00:00,67632.94,67681.16,67462.8,67566.22,9745
2024-05-30 00:00:00,67573.36,67787.55,67472.83,67527.47,9290
2024-05-30 01:00:00,67516.87,67765.1,67381.07,67727.46,4711
2024-05-30 02:00:00,67724.44,68132.28,67689.26,67869.84,9283
2024-05-30 03:00:00,67868.84,68128.34,67831.06,68053.45,9114
2024-05-30 04:00:00,68044.67,68376.77,67901.53,68114.23,11021
2024-05-30 05:00:00,68113.65,68148.03,67888.16,68088.79,8366
2024-05-30 06:00:00,68087.71,68143.51,67653.29,67772.25,9403
2024-05-30 07:00:00,67772.64,68006.01,67459.21,67547.02,6361
2024-05-30 08:00:00,67548.78,67753.88,67052.83,67610.88,12173
2024-05-30 09:00:00,67619.34,67748.9,67390.26,67715.57,17224
2024-05-30 10:00:00,67707.54,67971.67,67482.83,67913.03,12170
2024-05-30 11:00:00,67911.09,68085.64,67736.3,67755.82,11099
2024-05-30 12:00:00,67761.42,68288.86,67665.89,68106.99,15762
2024-05-30 13:00:00,68096.14,68680.14,67993.5,68597.94,17337
2024-05-30 14:00:00,68594.63,68826.93,68201.85,68326.93,16463
2024-05-30 15:00:00,68329.66,68599.85,68058.25,68481.58,14307
2024-05-30 16:00:00,68483.92,68705.69,68325.77,68644.41,13283
2024-05-30 17:00:00,68653.1,69547.1,68630.76,69340.44,14418
2024-05-30 18:00:00,69345.33,69446.15,69044.17,69398.41,12228
2024-05-30 19:00:00,69392.14,69392.69,68376.79,68647.65,15718
2024-05-30 20:00:00,68651.0,68651.0,67975.14,68469.4,19603
2024-05-30 21:00:00,68475.49,68509.49,68239.89,68368.15,13227
2024-05-30 22:00:00,68363.65,68429.42,68171.07,68259.75,13219
2024-05-30 23:00:00,68254.41,68495.38,68192.58,68291.97,9814
2024-05-31 00:00:00,68298.38,68434.06,68221.79,68401.66,11150
2024-05-31 01:00:00,68408.32,68616.28,68258.92,68388.79,12376
2024-05-31 02:00:00,68394.06,68732.74,68373.69,68499.28,10483
2024-05-31 03:00:00,68497.43,68599.38,68430.19,68512.83,8405
2024-05-31 04:00:00,68515.85,68630.07,68407.87,68454.27,8574
2024-05-31 05:00:00,68460.81,68492.76,68216.94,68397.66,10028
2024-05-31 06:00:00,68403.05,68435.24,68153.01,68235.37,11009
2024-05-31 07:00:00,68226.76,68401.4,68030.11,68124.36,12033
2024-05-31 08:00:00,68132.46,68305.65,68058.2,68071.65,12998
2024-05-31 09:00:00,68070.02,68158.48,67802.75,67887.62,9728
2024-05-31 10:00:00,67892.72,68271.95,67847.79,68260.36,9893
2024-05-31 11:00:00,68257.75,68436.22,68192.11,68294.87,10783
2024-05-31 12:00:00,68288.63,69018.62,68231.99,68597.51,14300
2024-05-31 13:00:00,68594.03,68793.88,67936.07,68000.71,12095
2024-05-31 14:00:00,68007.01,68018.49,67147.76,67390.53,15741
2024-05-31 15:00:00,67397.67,67464.03,67103.89,67139.02,11837
2024-05-31 16:00:00,67145.41,67285.38,66574.58,67100.23,15680
2024-05-31 17:00:00,67099.66,67383.75,67041.26,67230.93,12499
2024-05-31 18:00:00,67234.43,67378.62,67027.93,67282.37,11792
2024-05-31 19:00:00,67292.04,67906.39,67218.0,67552.85,16263
2024-05-31 20:00:00,67556.77,67716.19,67435.64,67606.74,8533
2024-05-31 21:00:00,67605.96,67611.83,67384.61,67497.29,6656
2024-05-31 22:00:00,67491.22,67572.75,67443.87,67465.77,7618
2024-05-31 23:00:00,67461.45,67530.54,67126.83,67480.18,12249
2024-06-01 00:00:00,67473.67,67652.04,67390.24,67569.43,11766
2024-06-01 01:00:00,67562.86,67638.14,67333.38,67494.85,9876
2024-06-01 02:00:00,67490.12,67685.26,67456.8,67649.27,10815
2024-06-01 03:00:00,67656.71,67711.0,67538.11,67650.13,8199
2024-06-01 04:00:00,67657.3,67730.17,67596.86,67620.62,6921
2024-06-01 05:00:00,67628.27,67766.84,67514.79,67631.58,7688
2024-06-01 06:00:00,67629.73,67670.55,67521.13,67632.48,7085
2024-06-01 07:00:00,67626.94,67670.87,67465.97,67564.65,7821
2024-06-01 08:00:00,67570.71,67680.15,67478.92,67640.41,6961
2024-06-01 09:00:00,67640.08,67689.27,67551.23,67643.93,7103
2024-06-01 10:00:00,67647.74,67684.24,67549.5,67582.37,4952
2024-06-01 11:00:00,67581.08,67635.76,67529.02,67595.8,4473
2024-06-01 12:00:00,67589.47,67834.02,67560.87,67663.22,5809
2024-06-01 13:00:00,67663.89,67776.69,67625.01,67625.01,7356
2024-06-01 14:00:00,67630.78,67803.99,67596.43,67729.2,7835
2024-06-01 15:00:00,67729.13,67783.23,67598.52,67611.04,6593
2024-06-01 16:00:00,67611.39,67672.3,67534.61,67626.99,5262
2024-06-01 17:00:00,67627.38,67790.45,67495.04,67704.36,6093
2024-06-01 18:00:00,67702.34,67767.37,67622.09,67680.95,7917
2024-06-01 19:00:00,67672.26,67722.77,67610.97,67687.08,6354
2024-06-01 20:00:00,67678.17,67735.72,67622.33,67723.54,6196
2024-06-01 21:00:00,67727.29,67767.7,67627.83,67698.68,6274
2024-06-01 22:00:00,67701.12,67806.02,67600.8,67691.45,9202
2024-06-01 23:00:00,67687.31,67771.17,67659.11,67693.79,7082
2024-06-02 00:00:00,67701.38,67858.26,67651.56,67802.01,7202
2024-06-02 01:00:00,67801.74,67847.69,67624.4,67679.67,7563
2024-06-02 02:00:00,67682.69,67758.31,67573.1,67649.05,6652
2024-06-02 03:00:00,67647.11,67755.83,67633.32,67712.35,6296
2024-06-02 04:00:00,67713.07,67802.3,67647.34,67770.64,5984
2024-06-02 05:00:00,67771.24,67805.94,67646.0,67675.2,5976
2024-06-02 06:00:00,67672.45,67777.07,67636.16,67752.73,7157
2024-06-02 07:00:00,67744.9,67780.19,67633.07,67653.07,6833
2024-06-02 08:00:00,67654.05,67755.68,67599.66,67694.77,7549
2024-06-02 09:00:00,67694.18,67724.34,67306.83,67472.37,4504
2024-06-02 10:00:00,67478.52,67513.19,67301.55,67457.01,3836
2024-06-02 11:00:00,67460.22,68244.39,67416.9,68198.34,4268
2024-06-02 12:00:00,68200.04,68267.4,67793.81,67866.73,4615
2024-06-02 13:00:00,67867.34,68181.87,67726.07,68112.42,4343
2024-06-02 14:00:00,68106.43,68434.5,68007.53,68177.85,4612
2024-06-02 15:00:00,68174.03,68247.39,67934.17,68082.59,4231
2024-06-02 16:00:00,68084.2,68152.14,67906.38,68019.45,4224
2024-06-02 17:00:00,68026.89,68064.38,67759.15,67811.03,4857
2024-06-02 18:00:00,67811.22,67834.11,67410.15,67638.2,4575
2024-06-02 19:00:00,67638.26,67768.5,67228.19,67697.75,3900
2024-06-02 20:00:00,67697.8,67795.36,67511.37,67780.35,4311
2024-06-02 21:00:00,67780.61,67863.48,67712.72,67759.44,3919
2024-06-02 22:00:00,67758.04,67937.89,67758.04,67900.58,4264
2024-06-02 23:00:00,67895.3,67937.79,67718.68,67729.62,4188
2024-06-03 00:00:00,67733.47,67825.32,67532.92,67763.25,4766
2024-06-03 01:00:00,67760.94,68463.63,67757.51,68398.55,5250
2024-06-03 02:00:00,68394.49,68738.93,68325.93,68367.55,3640
2024-06-03 03:00:00,68361.87,68491.63,68147.86,68335.17,4859
2024-06-03 04:00:00,68340.83,68572.73,68228.52,68479.98,5413
2024-06-03 05:00:00,68475.55,68762.14,68388.18,68659.53,5017
2024-06-03 06:00:00,68653.76,69201.75,68579.25,68995.22,5863
2024-06-03 07:00:00,68996.43,69167.47,68767.5,68872.87,5259
2024-06-03 08:00:00,68877.7,69338.76,68875.69,69138.85,5112
2024-06-03 09:00:00,69138.73,69183.71,68873.02,69000.76,4759
2024-06-03 10:00:00,68997.61,69187.49,68848.29,68895.08,5282
2024-06-03 11:00:00,68891.06,69281.49,68826.44,69074.74,5108
2024-06-03 12:00:00,69069.03,69786.29,69064.83,69722.87,5939
2024-06-03 13:00:00,69728.66,70260.26,69526.64,69838.18,7215
2024-06-03 14:00:00,69837.37,70084.2,68518.25,68775.02,8587
2024-06-03 15:00:00,68778.82,69598.22,68718.46,69570.54,6625
2024-06-03 16:00:00,69575.42,69685.24,68859.88,69056.29,6697
2024-06-03 17:00:00,69055.65,69396.48,68752.93,69255.99,5698
2024-06-03 18:00:00,69252.09,69444.94,69116.39,69293.14,5186
2024-06-03 19:00:00,69293.61,69293.61,68982.53,69173.69,5230
2024-06-03 20:00:00,69179.07,69505.01,69085.62,69113.29,5003
2024-06-03 21:00:00,69110.5,69178.34,68885.84,69075.0,4747
2024-06-03 22:00:00,69077.13,69131.77,68769.81,69033.94,4950
2024-06-03 23:00:00,69033.83,69056.69,68717.64,68789.71,4763
2024-06-04 00:00:00,68783.65,69089.29,68629.87,68966.27,5649
2024-06-04 01:00:00,68962.58,69236.56,68876.3,69228.8,5025
2024-06-04 02:00:00,69228.43,69316.47,69043.77,69113.67,4689
2024-06-04 03:00:00,69115.99,69358.75,69088.94,69153.92,4618
2024-06-04 04:00:00,69150.29,69263.97,68993.29,69022.79,4689
2024-06-04 05:00:00,69018.99,69167.57,68869.65,68939.53,4664
2024-06-04 06:00:00,68933.96,69036.73,68721.37,68895.37,5634
2024-06-04 07:00:00,68889.21,69065.0,68862.65,68985.82,4503
2024-06-04 08:00:00,68988.86,69183.47,68786.34,68826.42,4904
2024-06-04 09:00:00,68823.14,68870.65,68522.39,68686.65,6174
2024-06-04 10:00:00,68686.04,68949.74,68675.45,68872.01,4970
2024-06-04 11:00:00,68870.6,69026.0,68836.4,68935.95,4202
2024-06-04 12:00:00,68934.02,69170.81,68836.99,68936.27,4999
2024-06-04 13:00:00,68938.67,69803.78,68922.67,69531.16,8192
2024-06-04 14:00:00,69533.72,70095.92,69296.92,69645.66,8778
2024-06-04 15:00:00,69641.68,70540.6,69450.84,70439.54,7544
2024-06-04 16:00:00,70442.38,71016.62,70370.89,70838.28,7732
2024-06-04 17:00:00,70835.87,70881.02,70344.24,70566.42,6135
2024-06-04 18:00:00,70569.61,71086.3,70563.65,70668.34,6533
2024-06-04 19:00:00,70673.05,70736.58,70057.32,70433.1,6144
2024-06-04 20:00:00,70435.82,70540.3,70131.78,70378.53,5107
2024-06-04 21:00:00,70373.02,70620.17,70310.58,70616.13,4175
2024-06-04 22:00:00,70616.41,70738.91,70485.82,70547.52,4667
2024-06-04 23:00:00,70550.51,70626.81,70381.32,70524.08,4650
2024-06-05 00:00:00,70520.69,70893.16,70415.74,70761.52,5315
2024-06-05 01:00:00,70758.42,71259.09,70661.36,70954.6,5862
2024-06-05 02:00:00,70950.28,71137.86,70649.53,70813.31,5926
2024-06-05 03:00:00,70811.24,70935.62,70717.09,70919.26,4963
2024-06-05 04:00:00,70918.18,71184.18,70780.28,71138.39,5152
2024-06-05 05:00:00,71136.71,71147.27,70834.3,70942.5,4890
2024-06-05 06:00:00,70939.7,71109.26,70809.24,71038.11,5019
2024-06-05 07:00:00,71042.76,71318.36,70953.98,71146.05,5456
2024-06-05 08:00:00,71145.67,71193.62,70813.95,70869.98,4692
2024-06-05 09:00:00,70864.25,70995.36,70763.36,70866.49,4841
2024-06-05 10:00:00,70867.97,70886.22,70649.67,70757.74,4842
2024-06-05 11:00:00,70755.53,71046.08,70627.57,70902.58,4898
2024-06-05 12:00:00,70901.35,71036.17,70585.71,70869.86,5594
2024-06-05 13:00:00,70866.04,71124.67,70533.83,70706.32,5699
2024-06-05 14:00:00,70709.32,71014.57,70323.91,70820.56,6820
2024-06-05 15:00:00,70816.25,71683.64,70723.7,71541.14,7082
2024-06-05 16:00:00,71540.89,71707.06,71227.63,71261.34,6278
2024-06-05 17:00:00,71262.32,71687.86,71174.98,71578.03,5722
2024-06-05 18:00:00,71579.87,71702.84,70828.39,71041.0,5976
2024-06-05 19:00:00,71042.53,71391.92,70821.89,71250.99,5635
2024-06-05 20:00:00,71253.47,71346.56,71116.12,71154.43,4856
2024-06-05 21:00:00,71157.47,71187.65,70977.99,71101.3,4345
2024-06-05 22:00:00,71101.1,71241.23,71045.11,71114.48,4461
2024-06-05 23:00:00,71115.0,71249.44,70745.69,71073.84,4948
2024-06-06 00:00:00,71080.35,71163.26,70910.94,70988.73,4623
2024-06-06 01:00:00,70985.06,71167.1,70854.99,71092.84,4656
2024-06-06 02:00:00,71095.17,71227.92,71069.9,71168.78,4210
2024-06-06 03:00:00,71164.91,71185.14,70982.88,71051.75,4151
2024-06-06 04:00:00,71051.19,71106.09,70886.14,71033.68,4476
2024-06-06 05:00:00,71033.53,71087.99,70764.65,70886.68,4497
2024-06-06 06:00:00,70890.13,71032.41,70759.18,70859.06,4746
2024-06-06 07:00:00,70859.65,71055.59,70810.75,70983.02,4504
2024-06-06 08:00:00,70984.9,71010.9,70855.32,70881.03,4183
2024-06-06 09:00:00,70881.98,71139.56,70881.98,70947.6,4490
2024-06-06 10:00:00,70947.84,71005.86,70850.87,70971.62,4240
2024-06-06 11:00:00,70966.38,71155.58,70886.38,71127.63,4758
2024-06-06 12:00:00,71131.28,71397.3,71003.03,71126.4,6074
2024-06-06 13:00:00,71125.47,71491.29,70927.71,71079.25,7073
2024-06-06 14:00:00,71085.51,71457.08,70954.38,71423.95,6418
2024-06-06 15:00:00,71420.66,71626.77,71182.2,71255.38,5606
2024-06-06 16:00:00,71254.89,71348.73,70787.73,70902.11,5739
2024-06-06 17:00:00,70897.3,71187.93,70724.12,71058.36,5389
2024-06-06 18:00:00,71059.17,71152.77,70807.17,71024.8,5128
2024-06-06 19:00:00,71026.54,71047.72,70386.34,70434.87,5394
2024-06-06 20:00:00,70434.84,70709.16,70070.76,70687.59,5794
2024-06-06 21:00:00,70690.58,70830.57,70625.51,70714.08,4138
2024-06-06 22:00:00,70715.36,70874.53,70621.16,70868.03,4439
2024-06-06 23:00:00,70870.2,70937.98,70713.42,70757.21,4473
2024-06-07 00:00:00,70750.49,70851.69,70692.66,70832.58,4675
2024-06-07 01:00:00,70838.61,70876.4,70626.16,70809.03,4207
2024-06-07 02:00:00,70807.8,70850.92,70624.4,70786.23,4192
2024-06-07 03:00:00,70784.38,70994.39,70697.18,70969.25,4595
2024-06-07 04:00:00,70967.59,71204.15,70941.49,71164.0,5034
2024-06-07 05:00:00,71161.89,71402.18,71107.01,71224.15,4824
2024-06-07 06:00:00,71223.16,71309.06,71081.65,71207.9,4495
2024-06-07 07:00:00,71204.98,71259.46,71003.16,71018.52,4620
2024-06-07 08:00:00,71020.29,71111.94,70938.76,71057.83,4339
2024-06-07 09:00:00,71060.79,71248.84,70941.02,71227.04,4385
2024-06-07 10:00:00,71223.33,71382.45,71101.1,71275.74,4451
2024-06-07 11:00:00,71282.53,71673.92,71210.11,71673.92,4710
2024-06-07 12:00:00,71677.91,71914.83,70566.05,71147.07,9050
2024-06-07 13:00:00,71143.7,71570.04,71002.19,71438.72,5222
2024-06-07 14:00:00,71439.1,71480.17,71120.5,71335.88,4285
2024-06-07 15:00:00,71342.79,71348.06,70802.17,71051.99,5338
2024-06-07 16:00:00,71053.01,71161.75,70734.41,70807.31,5047
2024-06-07 17:00:00,70808.81,70812.13,69655.46,69662.25,7242
2024-06-07 18:00:00,69655.94,69755.72,68343.41,69064.89,16050
2024-06-07 19:00:00,69070.39,69419.74,68676.72,69206.61,7508
2024-06-07 20:00:00,69204.08,69296.58,68908.08,69295.5,5603
2024-06-07 21:00:00,69297.83,69375.68,69142.13,69185.75,5360
2024-06-07 22:00:00,69187.83,69496.97,69120.34,69491.16,4885
2024-06-07 23:00:00,69490.32,69497.3,69262.05,69308.25,4233
2024-06-08 00:00:00,69303.45,69455.47,69226.61,69341.99,4716
2024-06-08 01:00:00,69343.14,69465.45,69236.99,69415.11,4483
2024-06-08 02:00:00,69415.41,69439.27,69336.26,69379.29,3967
2024-06-08 03:00:00,69377.82,69512.29,69362.95,69380.81,3894
2024-06-08 04:00:00,69386.15,69442.51,69221.58,69264.78,3937
2024-06-08 05:00:00,69264.72,69303.87,69180.38,69263.97,3925
2024-06-08 06:00:00,69266.0,69387.18,69229.9,69252.39,3613
2024-06-08 07:00:00,69249.5,69569.58,69249.5,69569.58,4059
2024-06-08 08:00:00,69572.86,69577.83,69332.24,69405.73,4014
2024-06-08 09:00:00,69404.78,69468.82,69349.54,69401.07,4039
2024-06-08 10:00:00,69402.23,69464.26,69306.18,69429.0,3911
2024-06-08 11:00:00,69429.46,69513.05,69248.03,69335.09,4160
2024-06-08 12:00:00,69336.91,69388.19,69197.36,69299.4,4530
2024-06-08 13:00:00,69294.3,69381.39,69126.74,69370.51,5081
2024-06-08 14:00:00,69368.72,69442.26,69263.93,69413.18,4140
2024-06-08 15:00:00,69414.13,69488.19,69370.77,69408.41,3990
2024-06-08 16:00:00,69404.21,69448.99,69259.18,69373.01,4580
2024-06-08 17:00:00,69372.21,69462.57,69312.47,69433.81,4473
2024-06-08 18:00:00,69433.42,69486.01,69402.14,69422.33,3964
2024-06-08 19:00:00,69427.76,69492.12,69387.35,69481.09,3840
2024-06-08 20:00:00,69474.1,69480.39,69287.66,69318.19,4217
2024-06-08 21:00:00,69313.01,69410.32,69290.44,69391.4,3997
2024-06-08 22:00:00,69393.79,69404.7,69246.15,69300.69,4051
2024-06-08 23:00:00,69299.39,69324.36,69260.19,69309.38,3927
2024-06-09 00:00:00,69311.64,69314.75,69171.38,69232.34,3889
2024-06-09 01:00:00,69236.2,69293.64,69180.06,69252.2,3982
2024-06-09 02:00:00,69247.37,69273.54,69089.06,69116.23,3959
2024-06-09 03:00:00,69121.25,69277.37,69106.2,69214.52,4070
2024-06-09 04:00:00,69215.31,69286.64,69170.41,69265.26,4018
2024-06-09 05:00:00,69268.82,69342.83,69191.51,69251.5,3924
2024-06-09 06:00:00,69247.79,69391.2,69232.44,69356.24,3745
2024-06-09 07:00:00,69356.07,69407.31,69224.88,69257.7,4120
2024-06-09 08:00:00,69258.94,69343.33,69214.26,69310.54,3779
2024-06-09 09:00:00,69310.07,69376.04,69296.83,69341.65,3645
2024-06-09 10:00:00,69344.07,69352.66,69296.8,69312.96,3704
2024-06-09 11:00:00,69314.09,69365.52,69271.91,69339.05,3856
2024-06-09 12:00:00,69341.11,69761.58,69301.89,69710.38,4501
2024-06-09 13:00:00,69705.35,69782.89,69225.9,69442.99,5603
2024-06-09 14:00:00,69436.92,69543.91,69206.04,69437.9,4959
2024-06-09 15:00:00,69437.67,69577.86,69387.48,69508.59,4571
2024-06-09 16:00:00,69507.41,69628.61,69466.29,69617.63,4271
2024-06-09 17:00:00,69619.6,69701.57,69555.95,69671.19,4262
2024-06-09 18:00:00,69666.37,69821.43,69586.34,69727.71,4372
2024-06-09 19:00:00,69724.79,69849.13,69636.37,69698.56,4213
2024-06-09 20:00:00,69701.16,69734.6,69569.72,69677.67,3953
2024-06-09 21:00:00,69677.6,69796.05,69579.3,69728.65,4008
2024-06-09 22:00:00,69730.61,69777.83,69572.38,69624.38,4385
2024-06-09 23:00:00,69621.81,69682.92,69561.39,69597.6,3993
2024-06-10 00:00:00,69604.19,69646.07,69392.94,69551.38,4124
2024-06-10 01:00:00,69551.93,69677.8,69466.11,69611.48,3993
2024-06-10 02:00:00,69609.55,69797.29,69572.98,69714.97,3898
2024-06-10 03:00:00,69716.52,69765.22,69551.61,69615.01,3989
2024-06-10 04:00:00,69618.17,69657.97,69486.87,69635.03,3893
2024-06-10 05:00:00,69636.1,69664.28,69491.54,69539.88,3861
2024-06-10 06:00:00,69539.19,69594.2,69308.03,69412.99,4385
2024-06-10 07:00:00,69410.27,69488.2,69206.17,69266.46,4368
2024-06-10 08:00:00,69260.26,69481.14,69242.84,69357.42,4807
2024-06-10 09:00:00,69360.61,69443.67,69109.22,69373.37,4618
2024-06-10 10:00:00,69372.18,69432.25,69294.81,69408.29,4120
2024-06-10 11:00:00,69411.63,69526.59,69273.14,69437.93,4073
2024-06-10 12:00:00,69441.05,69495.33,69281.01,69319.03,4112
2024-06-10 13:00:00,69319.01,69490.77,69167.18,69371.43,5001
2024-06-10 14:00:00,69366.41,69646.31,69244.43,69632.45,4742
2024-06-10 15:00:00,69635.14,70184.16,69575.71,70028.3,5526
2024-06-10 16:00:00,70030.39,70072.27,69697.47,69945.15,4941
2024-06-10 17:00:00,69950.51,70046.94,69723.35,70008.01,4322
2024-06-10 18:00:00,70006.22,70102.14,69688.61,69827.4,4542
2024-06-10 19:00:00,69826.19,69829.54,69331.02,69430.5,4931
2024-06-10 20:00:00,69434.95,69664.48,69280.13,69582.19,4748
2024-06-10 21:00:00,69581.9,69662.32,69477.36,69548.07,3748
2024-06-10 22:00:00,69548.39,69563.33,69350.28,69457.96,4019
2024-06-10 23:00:00,69458.4,69526.97,69335.52,69489.4,3902
2024-06-11 00:00:00,69489.71,69541.42,69313.76,69356.86,3918
2024-06-11 01:00:00,69353.01,69481.37,68386.43,68691.41,5398
2024-06-11 02:00:00,68688.28,68848.71,67849.04,68190.01,5104
2024-06-11 03:00:00,68190.1,68443.11,68096.19,68405.13,5416
2024-06-11 04:00:00,68399.48,68399.48,67572.38,67965.1,8100
2024-06-11 05:00:00,67970.65,68034.2,67580.9,67837.54,5677
2024-06-11 06:00:00,67834.07,67908.22,67256.7,67630.62,5784
2024-06-11 07:00:00,67630.97,67786.05,67432.61,67473.9,5400
2024-06-11 08:00:00,67479.03,67577.01,67201.25,67438.1,5603
2024-06-11 09:00:00,67439.26,67601.19,66800.87,67003.66,6478
2024-06-11 10:00:00,67009.26,67230.37,66691.55,66852.43,6676
2024-06-11 11:00:00,66852.36,67026.55,66666.72,66807.68,6312
2024-06-11 12:00:00,66806.92,67076.63,66697.5,66947.18,5907
2024-06-11 13:00:00,66943.95,67230.65,66481.31,66769.03,7322
2024-06-11 14:00:00,66766.53,67051.23,66718.76,66786.39,6259
2024-06-11 15:00:00,66787.13,67019.46,66051.91,66181.2,8849
2024-06-11 16:00:00,66182.66,66681.81,66101.21,66437.03,7279
2024-06-11 17:00:00,66442.17,66729.81,66129.72,66682.48,6742
2024-06-11 18:00:00,66679.8,67180.58,66587.76,67059.98,7710
2024-06-11 19:00:00,67064.84,67568.38,67012.24,67357.6,6111
2024-06-11 20:00:00,67356.71,67479.93,67113.64,67255.16,5115
2024-06-11 21:00:00,67249.88,67379.05,67127.82,67366.61,4398
2024-06-11 22:00:00,67363.54,67550.91,67250.6,67312.94,4609
2024-06-11 23:00:00,67312.91,67556.83,67231.32,67251.56,5090
2024-06-12 00:00:00,67260.35,67411.97,67102.84,67136.26,4815
2024-06-12 01:00:00,67138.6,67200.09,66831.17,67124.77,5955
2024-06-12 02:00:00,67128.29,67552.67,67038.91,67381.54,5935
2024-06-12 03:00:00,67383.3,67456.72,67274.01,67375.49,4388
2024-06-12 04:00:00,67373.75,67572.24,67334.1,67428.38,4892
2024-06-12 05:00:00,67428.13,67468.0,67120.13,67187.28,4890
2024-06-12 06:00:00,67193.38,67343.43,67180.67,67213.14,5395
2024-06-12 07:00:00,67204.84,67428.73,67157.75,67406.78,5072
2024-06-12 08:00:00,67400.78,67494.68,67320.65,67360.79,5220
2024-06-12 09:00:00,67358.68,67782.35,67290.99,67710.45,4913
2024-06-12 10:00:00,67709.02,68041.31,67709.02,67951.78,5460
2024-06-12 11:00:00,67950.07,67995.77,67647.28,67734.79,4939
2024-06-12 12:00:00,67739.9,69506.11,67685.83,69348.31,7655
2024-06-12 13:00:00,69349.18,69688.83,69084.32,69321.72,6817
2024-06-12 14:00:00,69325.07,70027.49,69299.94,69969.38,6725
2024-06-12 15:00:00,69968.2,70033.92,69573.34,69757.46,6159
2024-06-12 16:00:00,69760.41,69830.85,69284.97,69637.16,5305
2024-06-12 17:00:00,69639.53,69891.8,69474.45,69852.98,5273
2024-06-12 18:00:00,69856.6,69864.47,68557.82,68807.03,10830
2024-06-12 19:00:00,68802.52,69224.37,67206.7,67503.63,11774
2024-06-12 20:00:00,67501.2,68288.29,67382.62,68075.85,7408
2024-06-12 21:00:00,68075.62,68636.28,68071.97,68504.66,5493
2024-06-12 22:00:00,68504.71,68527.16,68221.84,68317.92,4753
2024-06-12 23:00:00,68322.44,68332.32,68076.24,68244.71,4665
2024-06-13 00:00:00,68247.16,68365.47,67952.18,68282.35,5610
2024-06-13 01:00:00,68283.51,68331.23,67899.43,67957.17,5744
2024-06-13 02:00:00,67960.03,68179.72,67650.24,67696.08,7494
2024-06-13 03:00:00,67697.5,67811.68,66941.71,67417.67,8935
2024-06-13 04:00:00,67423.09,67706.26,67270.02,67277.54,7688
2024-06-13 05:00:00,67282.47,67668.4,67276.27,67537.72,5791
2024-06-13 06:00:00,67542.02,67567.41,67267.16,67479.97,4891
2024-06-13 07:00:00,67474.23,67724.5,67333.02,67707.23,5683
2024-06-13 08:00:00,67705.34,67727.22,67455.7,67512.7,5741
2024-06-13 09:00:00,67511.57,67545.03,67142.52,67381.24,5752
2024-06-13 10:00:00,67383.77,67950.6,67163.86,67776.78,5884
2024-06-13 11:00:00,67778.67,67957.25,67608.77,67694.35,6310
2024-06-13 12:00:00,67698.38,68398.04,67395.53,67721.5,8600
2024-06-13 13:00:00,67721.52,68279.2,67466.37,67555.9,7969
2024-06-13 14:00:00,67555.34,67712.31,67086.87,67301.13,9358
2024-06-13 15:00:00,67299.49,67481.79,66303.88,66396.03,8529
2024-06-13 16:00:00,66399.19,66959.43,66192.77,66924.58,8725
2024-06-13 17:00:00,66921.71,67020.77,66564.39,66835.76,6459
2024-06-13 18:00:00,66836.53,66930.6,66625.88,66784.06,5453
2024-06-13 19:00:00,66788.24,66831.79,66510.69,66519.88,4274
2024-06-13 20:00:00,66523.8,66734.09,66432.54,66643.18,4703
2024-06-13 21:00:00,66645.53,66935.85,66603.56,66910.18,4785
2024-06-13 22:00:00,66917.49,66942.84,66775.91,66839.47,5445
2024-06-13 23:00:00,66834.35,66876.7,66601.72,66741.3,5483
2024-06-14 00:00:00,66739.79,66865.86,66531.3,66650.91,5644
2024-06-14 01:00:00,66645.76,66785.15,66394.59,66745.28,5999
2024-06-14 02:00:00,66742.63,66978.3,66645.07,66910.68,5576
2024-06-14 03:00:00,66907.85,66938.79,66581.15,66684.43,5412
2024-06-14 04:00:00,66685.09,66785.15,66620.98,66651.29,4475
2024-06-14 05:00:00,66651.99,67148.63,66634.11,66983.06,5152
2024-06-14 06:00:00,66986.01,67050.69,66781.65,66891.64,5115
2024-06-14 07:00:00,66893.75,67034.89,66816.85,66838.51,4901
2024-06-14 08:00:00,66835.86,67160.24,66784.09,67081.17,5185
2024-06-14 09:00:00,67081.79,67107.44,66818.78,66846.9,4714
2024-06-14 10:00:00,66847.29,66958.61,66749.58,66777.73,5064
2024-06-14 11:00:00,66783.03,67049.9,66689.17,66966.14,5090
2024-06-14 12:00:00,66966.79,67244.46,66919.61,67019.67,5379
2024-06-14 13:00:00,67018.33,67314.61,66887.67,67024.34,5898
2024-06-14 14:00:00,67025.12,67057.84,66482.81,66919.07,6863
2024-06-14 15:00:00,66916.67,66995.1,66243.04,66328.61,6934
2024-06-14 16:00:00,66328.8,66458.13,65108.03,65228.86,11205
2024-06-14 17:00:00,65224.77,65696.3,65003.16,65343.5,7952
2024-06-14 18:00:00,65341.6,65474.48,65014.92,65460.38,7979
2024-06-14 19:00:00,65455.04,65611.61,65237.74,65451.99,7413
2024-06-14 20:00:00,65457.34,65965.07,65411.12,65742.0,5534
2024-06-14 21:00:00,65745.07,66564.37,65686.44,66125.79,7252
2024-06-14 22:00:00,66126.52,66180.02,65833.38,65943.13,5727
2024-06-14 23:00:00,65940.83,66033.2,65848.82,65963.93,4584
2024-06-15 00:00:00,65960.37,66240.71,65913.54,66127.65,5032
2024-06-15 01:00:00,66127.24,66236.41,65986.17,66008.44,4647
2024-06-15 02:00:00,66010.45,66205.14,65966.21,66168.1,4311
2024-06-15 03:00:00,66166.36,66223.44,66118.69,66200.46,4103
2024-06-15 04:00:00,66205.54,66298.7,66138.39,66200.98,4283
2024-06-15 05:00:00,66200.69,66335.84,66146.31,66164.86,4616
2024-06-15 06:00:00,66159.89,66353.06,66060.07,66093.57,5276
2024-06-15 07:00:00,66090.29,66151.07,65977.76,66005.0,4473
2024-06-15 08:00:00,66009.13,66189.42,65998.92,66169.78,4163
2024-06-15 09:00:00,66171.16,66219.64,66030.1,66162.38,4099
2024-06-15 10:00:00,66157.96,66252.36,66114.7,66215.84,4007
2024-06-15 11:00:00,66209.21,66291.45,66183.95,66230.3,4081
2024-06-15 12:00:00,66227.97,66297.59,66146.25,66281.78,4461
2024-06-15 13:00:00,66283.77,66288.03,66174.25,66233.49,4232
2024-06-15 14:00:00,66234.27,66249.82,66107.96,66156.16,4286
2024-06-15 15:00:00,66151.11,66413.29,66142.21,66262.74,4731
2024-06-15 16:00:00,66264.86,66318.99,66111.99,66130.48,4441
2024-06-15 17:00:00,66135.24,66253.06,66069.77,66175.06,4301
2024-06-15 18:00:00,66173.87,66185.09,66078.12,66109.11,3988
2024-06-15 19:00:00,66109.87,66175.37,66018.84,66116.3,4102
2024-06-15 20:00:00,66108.7,66146.01,65808.66,66005.82,4704
2024-06-15 21:00:00,66009.69,66106.53,66006.89,66063.11,3823
2024-06-15 22:00:00,66058.73,66156.43,65991.42,66150.76,3723
2024-06-15 23:00:00,66147.1,66251.3,66141.83,66175.02,3702
2024-06-16 00:00:00,66167.14,66224.09,66099.78,66121.8,3993
2024-06-16 01:00:00,66118.51,66166.55,66035.45,66107.59,3989
2024-06-16 02:00:00,66109.06,66133.08,66030.65,66091.72,3745
2024-06-16 03:00:00,66087.03,66117.27,66002.25,66093.19,3625
2024-06-16 04:00:00,66092.99,66152.87,65989.05,66109.78,3805
2024-06-16 05:00:00,66112.64,66211.01,66102.11,66197.77,3715
2024-06-16 06:00:00,66197.8,66307.11,66116.5,66239.31,3820
2024-06-16 07:00:00,66237.73,66292.93,66171.14,66197.95,3677
2024-06-16 08:00:00,66199.62,66265.97,66148.79,66206.23,3713
2024-06-16 09:00:00,66203.47,66362.22,66116.11,66343.2,4006
2024-06-16 10:00:00,66337.53,66727.12,66280.53,66642.26,4376
2024-06-16 11:00:00,66638.47,66674.71,66381.12,66437.03,3987
2024-06-16 12:00:00,66433.99,66574.33,66393.89,66523.21,3842
2024-06-16 13:00:00,66522.45,66712.9,66493.2,66710.35,4065
2024-06-16 14:00:00,66704.64,66739.07,66442.94,66468.57,4474
2024-06-16 15:00:00,66470.05,66692.63,66458.85,66650.46,4087
2024-06-16 16:00:00,66651.88,66701.44,66490.47,66565.1,4217
2024-06-16 17:00:00,66565.34,66624.87,66460.42,66537.44,4156
2024-06-16 18:00:00,66536.53,66615.27,66502.46,66546.54,3927
2024-06-16 19:00:00,66545.44,66594.99,66429.65,66487.46,3921
2024-06-16 20:00:00,66486.1,66550.58,66381.78,66447.61,3836
2024-06-16 21:00:00,66447.42,66481.63,66385.46,66454.04,3676
2024-06-16 22:00:00,66457.36,66928.16,66456.56,66681.9,5955
2024-06-16 23:00:00,66685.1,66781.5,66560.81,66618.2,4736
2024-06-17 00:00:00,66614.42,66863.49,66480.02,66526.41,4900
2024-06-17 01:00:00,66526.46,66576.38,66249.1,66425.45,5363
2024-06-17 02:00:00,66423.04,66423.06,66162.29,66266.9,5105
2024-06-17 03:00:00,66267.86,66385.78,66100.92,66158.46,4548
2024-06-17 04:00:00,66155.07,66387.56,66109.47,66381.02,4289
2024-06-17 05:00:00,66376.99,66514.75,66232.9,66294.14,4372
2024-06-17 06:00:00,66295.11,66338.69,66010.22,66077.18,4732
2024-06-17 07:00:00,66080.78,66313.52,65872.85,66124.13,5264
2024-06-17 08:00:00,66120.01,66262.24,65927.26,66143.18,5754
2024-06-17 09:00:00,66141.95,66198.89,65573.43,65647.72,5764
2024-06-17 10:00:00,65644.82,65893.79,65503.88,65818.8,6463
2024-06-17 11:00:00,65813.71,65984.36,65712.55,65752.65,4709
2024-06-17 12:00:00,65748.29,65768.64,65431.51,65543.84,5179
2024-06-17 13:00:00,65544.94,65736.05,65103.05,65103.05,7206
2024-06-17 14:00:00,65098.75,65724.26,65036.22,65414.28,6098
2024-06-17 15:00:00,65415.79,65657.3,65189.62,65327.05,6359
2024-06-17 16:00:00,65329.11,66037.53,65137.05,65837.73,7285
2024-06-17 17:00:00,65835.92,66552.59,65827.08,66548.69,6906
2024-06-17 18:00:00,66547.26,67252.92,66483.07,67017.43,7699
2024-06-17 19:00:00,67019.97,67053.54,66497.4,66617.04,6209
2024-06-17 20:00:00,66619.39,66723.17,66114.82,66364.32,6658
2024-06-17 21:00:00,66360.46,66699.47,66255.29,66538.78,5266
2024-06-17 22:00:00,66541.07,66685.67,66426.45,66631.51,5072
2024-06-17 23:00:00,66625.7,66695.71,66336.91,66476.44,4788
2024-06-18 00:00:00,66469.98,66564.1,65477.48,65719.76,6929
2024-06-18 01:00:00,65722.53,65933.29,64576.79,65110.0,10390
2024-06-18 02:00:00,65110.82,65644.72,64534.78,65474.12,8683
2024-06-18 03:00:00,65472.78,65593.04,65267.37,65504.04,6163
2024-06-18 04:00:00,65505.52,65764.35,65352.72,65585.03,5377
2024-06-18 05:00:00,65580.66,65856.33,65538.82,65609.14,5891
2024-06-18 06:00:00,65607.63,65748.59,65374.92,65512.94,6010
2024-06-18 07:00:00,65515.35,65816.83,65494.15,65697.61,4578
2024-06-18 08:00:00,65697.27,65785.55,65586.41,65747.19,4144
2024-06-18 09:00:00,65747.47,65755.86,65459.71,65479.44,4618
2024-06-18 10:00:00,65476.6,65616.3,65373.64,65462.74,5237
2024-06-18 11:00:00,65460.37,65503.23,65100.91,65370.95,6388
2024-06-18 12:00:00,65374.77,65457.45,65001.83,65249.61,9129
2024-06-18 13:00:00,65253.56,65278.42,64604.86,64823.01,12138
2024-06-18 14:00:00,64827.15,65408.69,64340.12,64615.45,10256
2024-06-18 15:00:00,64617.34,64930.15,64260.82,64696.92,9692
2024-06-18 16:00:00,64701.94,64857.58,64274.09,64666.76,8170
2024-06-18 17:00:00,64668.06,64905.46,64344.93,64595.87,7541
2024-06-18 18:00:00,64599.03,64879.95,64268.54,64663.14,6767
2024-06-18 19:00:00,64657.35,64726.29,64020.43,64373.83,9167
2024-06-18 20:00:00,64370.07,65038.52,64155.56,64919.45,8251
2024-06-18 21:00:00,64918.02,65305.32,64766.77,65184.87,6420
2024-06-18 22:00:00,65185.85,65282.82,65011.58,65247.63,5155
2024-06-18 23:00:00,65251.21,65255.99,65036.5,65157.12,4770
2024-06-19 00:00:00,65158.14,65223.95,64842.08,65115.49,6343
2024-06-19 01:00:00,65116.24,65493.84,64765.59,64999.44,7761
2024-06-19 02:00:00,64995.37,65495.12,64971.55,65310.26,5354
2024-06-19 03:00:00,65306.33,65579.15,65252.99,65385.65,5772
2024-06-19 04:00:00,65389.68,65726.11,65331.52,65423.78,5555
2024-06-19 05:00:00,65427.78,65553.93,65325.43,65411.46,4584
2024-06-19 06:00:00,65406.98,65582.6,65386.2,65580.46,4759
2024-06-19 07:00:00,65581.76,65639.4,65172.58,65307.43,4740
2024-06-19 08:00:00,65310.43,65355.62,65085.14,65167.04,4492
2024-06-19 09:00:00,65165.2,65293.71,65042.44,65272.84,4457
2024-06-19 10:00:00,65269.79,65484.66,65092.41,65478.5,4622
2024-06-19 11:00:00,65480.31,65512.57,64975.29,65205.3,5094
2024-06-19 12:00:00,65207.0,65298.23,64993.53,65148.22,4803
2024-06-19 13:00:00,65148.76,65214.57,65020.53,65064.67,4612
2024-06-19 14:00:00,65059.7,65129.7,64775.04,64925.33,5670
2024-06-19 15:00:00,64921.43,65100.49,64712.67,64894.32,4922
2024-06-19 16:00:00,64897.27,65082.34,64761.4,64899.94,5137
2024-06-19 17:00:00,64897.51,65250.6,64855.66,65070.52,4689
2024-06-19 18:00:00,65076.5,65147.06,64928.72,64968.75,4104
2024-06-19 19:00:00,64968.59,64987.46,64736.68,64845.92,4291
2024-06-19 20:00:00,64848.36,64905.11,64628.79,64872.23,4496
2024-06-19 21:00:00,64868.67,65085.64,64812.29,64995.66,4041
2024-06-19 22:00:00,64990.17,65048.82,64781.78,64798.53,4294
2024-06-19 23:00:00,64798.12,64985.0,64764.74,64943.37,4139
2024-06-20 00:00:00,64939.63,65095.53,64791.08,65081.09,5139
2024-06-20 01:00:00,65080.44,65387.69,65013.38,65150.48,6187
2024-06-20 02:00:00,65144.46,65217.83,64946.63,65178.53,4808
2024-06-20 03:00:00,65177.09,65224.49,65082.11,65177.52,3984
2024-06-20 04:00:00,65172.76,65322.41,65071.27,65268.18,4218
2024-06-20 05:00:00,65269.24,65578.84,65207.8,65497.71,4461
2024-06-20 06:00:00,65496.16,65621.76,65365.87,65439.13,4627
2024-06-20 07:00:00,65438.99,65950.53,65429.37,65847.8,6088
2024-06-20 08:00:00,65849.04,65910.08,65590.57,65676.24,4600
2024-06-20 09:00:00,65674.1,65746.8,65546.29,65716.89,4347
2024-06-20 10:00:00,65716.32,66193.76,65597.93,66122.95,3473
2024-06-20 11:00:00,66129.15,66474.36,66078.68,66162.6,6435
2024-06-20 12:00:00,66162.18,66298.56,65842.8,65960.09,6582
2024-06-20 13:00:00,65959.39,65985.22,65088.52,65115.93,7763
2024-06-20 14:00:00,65116.86,65175.91,64605.06,64924.09,7861
2024-06-20 15:00:00,64930.26,65092.63,64741.79,64797.03,6638
2024-06-20 16:00:00,64796.83,64911.57,64512.83,64853.04,10017
2024-06-20 17:00:00,64848.54,64945.46,64621.02,64919.37,7128
2024-06-20 18:00:00,64921.83,65172.67,64892.34,65082.66,5453
2024-06-20 19:00:00,65078.05,65086.94,64772.27,65000.41,5498
2024-06-20 20:00:00,64999.69,65168.81,64945.08,65079.44,4383
2024-06-20 21:00:00,65077.67,65168.17,64967.89,65029.46,3888
2024-06-20 22:00:00,65026.87,65132.62,64922.91,64967.78,3947
2024-06-20 23:00:00,64971.6,65048.79,64811.7,64841.84,4515
2024-06-21 00:00:00,64837.94,64940.2,64578.0,64823.75,5257
2024-06-21 01:00:00,64823.37,64991.47,64620.38,64948.57,4862
2024-06-21 02:00:00,64949.19,65043.42,64690.09,64770.56,4967
2024-06-21 03:00:00,64772.36,64834.06,64335.79,64468.15,5385
2024-06-21 04:00:00,64467.46,64664.21,64280.15,64651.36,5249
2024-06-21 05:00:00,64652.15,64672.22,64487.29,64638.42,4641
2024-06-21 06:00:00,64638.45,64727.48,64500.36,64612.38,4407
2024-06-21 07:00:00,64611.7,64734.3,64155.04,64180.9,4815
2024-06-21 08:00:00,64184.26,64357.65,63505.34,63620.75,6993
2024-06-21 09:00:00,63618.11,64268.69,63525.37,64084.19,7485
2024-06-21 10:00:00,64082.7,64155.31,63786.25,63894.33,5586
2024-06-21 11:00:00,63893.83,64056.27,63660.72,63739.12,5758
2024-06-21 12:00:00,63740.4,63925.9,63473.18,63816.26,6456
2024-06-21 13:00:00,63811.29,63854.02,63357.35,63574.04,8091
2024-06-21 14:00:00,63572.4,64324.6,63410.78,64187.76,7165
2024-06-21 15:00:00,64189.91,64325.84,63395.03,63704.5,7358
2024-06-21 16:00:00,63706.26,63795.4,63524.77,63622.85,6639
2024-06-21 17:00:00,63618.47,63855.55,63422.59,63629.28,6909
2024-06-21 18:00:00,63627.23,64158.86,63579.46,64123.03,6041
2024-06-21 19:00:00,64127.27,64219.78,63872.07,64209.75,6159
2024-06-21 20:00:00,64205.21,64445.08,64063.99,64170.57,5206
2024-06-21 21:00:00,64172.41,64177.89,63816.79,64068.53,4500
2024-06-21 22:00:00,64071.47,64187.13,64055.28,64133.23,3736
2024-06-21 23:00:00,64133.25,64206.15,64040.05,64119.78,4085
2024-06-22 00:00:00,64120.36,64160.89,63926.98,64017.76,4288
2024-06-22 01:00:00,64017.49,64203.66,64012.29,64143.85,4077
2024-06-22 02:00:00,64140.38,64330.75,64129.0,64285.16,4350
2024-06-22 03:00:00,64285.92,64311.77,64219.26,64298.03,4038
2024-06-22 04:00:00,64298.78,64331.73,64225.63,64318.87,3635
2024-06-22 05:00:00,64318.95,64391.48,64239.22,64379.04,3904
2024-06-22 06:00:00,64380.75,64477.81,64340.16,64388.23,3984
2024-06-22 07:00:00,64387.75,64473.75,64294.18,64457.36,4171
2024-06-22 08:00:00,64456.41,64475.03,64224.65,64251.13,4011
2024-06-22 09:00:00,64249.85,64327.87,64175.93,64291.22,3889
2024-06-22 10:00:00,64291.61,64343.87,64229.96,64272.46,3756
2024-06-22 11:00:00,64271.89,64292.1,64189.77,64214.42,3729
2024-06-22 12:00:00,64214.35,64332.7,64208.03,64254.18,3828
2024-06-22 13:00:00,64254.85,64279.26,64202.72,64245.45,3800
2024-06-22 14:00:00,64244.57,64347.2,64200.11,64253.06,3849
2024-06-22 15:00:00,64254.52,64279.15,64186.06,64244.03,3708
2024-06-22 16:00:00,64248.49,64320.63,64226.17,64269.79,3837
2024-06-22 17:00:00,64270.08,64339.79,64205.0,64209.31,3646
2024-06-22 18:00:00,64209.09,64283.66,64203.24,64243.03,3624
2024-06-22 19:00:00,64243.02,64255.02,64190.12,64240.96,3178
2024-06-22 20:00:00,64241.09,64268.94,64193.72,64235.78,3487
2024-06-22 21:00:00,64235.96,64317.3,64210.99,64279.32,3623
2024-06-22 22:00:00,64274.76,64298.0,64235.83,64265.29,3701
2024-06-22 23:00:00,64264.06,64291.82,64191.22,64214.93,3807
2024-06-23 00:00:00,64220.88,64471.18,64218.4,64435.47,4166
2024-06-23 01:00:00,64434.2,64483.13,64312.96,64412.86,4104
2024-06-23 02:00:00,64407.29,64471.16,64322.79,64471.16,3832
2024-06-23 03:00:00,64474.61,64477.61,64369.83,64389.16,4052
2024-06-23 04:00:00,64389.18,64406.46,64329.62,64349.09,3756
2024-06-23 05:00:00,64354.92,64391.55,64292.91,64337.01,3594
2024-06-23 06:00:00,64337.19,64375.1,64314.69,64334.84,3543
2024-06-23 07:00:00,64332.22,64390.82,64321.05,64367.82,3661
2024-06-23 08:00:00,64365.34,64393.62,64313.63,64328.36,3574
2024-06-23 09:00:00,64330.91,64398.95,64326.27,64362.83,3667
2024-06-23 10:00:00,64364.36,64382.79,64227.8,64245.29,3658
2024-06-23 11:00:00,64243.75,64312.39,64215.54,64297.04,3783
2024-06-23 12:00:00,64296.67,64330.83,64249.25,64325.16,3435
2024-06-23 13:00:00,64325.31,64388.32,64198.71,64245.61,3822
2024-06-23 14:00:00,64245.81,64281.38,64104.95,64169.0,3920
2024-06-23 15:00:00,64171.52,64171.56,64012.46,64069.65,4094
2024-06-23 16:00:00,64068.18,64129.65,63891.3,63904.64,4151
2024-06-23 17:00:00,63904.73,64134.58,63893.89,64080.06,4279
2024-06-23 18:00:00,64080.65,64122.73,64030.55,64086.99,3759
2024-06-23 19:00:00,64087.51,64146.61,64047.89,64111.08,3785
2024-06-23 20:00:00,64104.85,64132.33,63631.84,63714.22,5163
2024-06-23 21:00:00,63720.67,63846.51,63505.93,63809.46,5069
2024-06-23 22:00:00,63815.61,63815.61,63595.59,63638.84,5225
2024-06-23 23:00:00,63641.71,63678.29,63137.88,63192.12,5674
2024-06-24 00:00:00,63195.17,63320.26,62875.43,63060.3,7151
2024-06-24 01:00:00,63061.74,63335.98,62889.64,63302.08,5839
2024-06-24 02:00:00,63301.6,63369.48,62680.73,62869.38,5450
2024-06-24 03:00:00,62864.88,63077.69,62718.38,62866.84,5505
2024-06-24 04:00:00,62867.76,62946.87,62625.56,62809.26,5155
2024-06-24 05:00:00,62811.36,62881.69,62247.85,62295.58,7240
2024-06-24 06:00:00,62296.83,62413.52,62122.93,62378.57,6171
2024-06-24 07:00:00,62381.66,62597.28,62154.86,62444.87,5271
2024-06-24 08:00:00,62445.38,62981.26,62304.79,62716.81,6295
2024-06-24 09:00:00,62719.27,62848.87,60639.75,61371.69,10274
2024-06-24 10:00:00,61374.17,61548.18,61126.28,61173.21,6763
2024-06-24 11:00:00,61167.53,61377.28,60791.76,61273.01,7177
2024-06-24 12:00:00,61269.68,61499.0,61097.83,61181.43,6250
2024-06-24 13:00:00,61183.26,61623.84,60894.89,61555.62,7447
2024-06-24 14:00:00,61558.93,61678.37,61040.56,61270.59,7700
2024-06-24 15:00:00,61272.03,61338.54,60614.99,60793.18,7606
2024-06-24 16:00:00,60794.98,60997.17,59947.22,60134.13,10038
2024-06-24 17:00:00,60128.77,60473.59,59803.59,60193.69,12298
2024-06-24 18:00:00,60199.42,60472.12,59654.9,60359.13,8905
2024-06-24 19:00:00,60357.69,60448.45,59009.46,59284.73,8813
2024-06-24 20:00:00,59281.27,59593.35,58454.63,59463.44,12345
2024-06-24 21:00:00,59462.32,60078.26,59360.96,60078.26,6910
2024-06-24 22:00:00,60083.27,60271.93,59959.02,60032.72,5004
2024-06-24 23:00:00,60028.53,60372.71,59980.46,60227.14,3521
2024-06-25 00:00:00,60227.02,60648.46,60185.47,60381.28,5502
2024-06-25 01:00:00,60386.34,60492.89,60227.89,60477.94,5723
2024-06-25 02:00:00,60471.76,60723.72,60371.46,60675.35,7059
2024-06-25 03:00:00,60672.8,61601.08,60617.33,61314.09,7412
2024-06-25 04:00:00,61309.48,61437.3,61143.02,61383.64,6107
2024-06-25 05:00:00,61381.21,61433.28,60922.34,61022.78,6010
2024-06-25 06:00:00,61016.27,61196.5,60931.15,61129.93,4910
2024-06-25 07:00:00,61131.63,61265.41,60579.81,60664.54,5784
2024-06-25 08:00:00,60667.01,60916.15,60649.6,60841.97,5414
2024-06-25 09:00:00,60843.56,61552.51,60810.11,61469.69,5989
2024-06-25 10:00:00,61465.68,61480.43,61147.93,61309.46,5464
2024-06-25 11:00:00,61311.77,61486.23,61104.22,61174.77,5384
2024-06-25 12:00:00,61175.73,61280.35,60942.69,61041.7,6349
2024-06-25 13:00:00,61043.04,61436.79,60976.21,61193.71,7398
2024-06-25 14:00:00,61195.79,62137.23,61128.32,61767.05,9141
2024-06-25 15:00:00,61766.34,61968.66,61356.28,61801.45,8425
2024-06-25 16:00:00,61804.88,61956.64,61356.58,61397.44,6390
2024-06-25 17:00:00,61391.53,61756.15,61332.94,61402.16,4325
2024-06-25 18:00:00,61398.34,62247.85,61127.98,62169.76,7690
2024-06-25 19:00:00,62169.62,62425.94,61798.75,61996.56,7334
2024-06-25 20:00:00,61991.06,62110.43,61874.37,61913.91,5254
2024-06-25 21:00:00,61908.65,62044.28,61812.39,61932.74,4228
2024-06-25 22:00:00,61938.3,62200.03,61866.9,61917.89,4586
2024-06-25 23:00:00,61917.48,61972.55,61638.04,61802.41,5396
2024-06-26 00:00:00,61806.61,61867.0,61638.0,61776.66,5616
2024-06-26 01:00:00,61774.36,62149.16,61718.23,62040.85,5427
2024-06-26 02:00:00,62038.85,62450.45,61978.09,62025.21,4061
2024-06-26 03:00:00,62026.85,62084.15,61841.87,61940.92,5185
2024-06-26 04:00:00,61944.82,62006.74,61694.8,61703.65,5078
2024-06-26 05:00:00,61703.67,61812.75,61565.98,61566.77,4858
2024-06-26 06:00:00,61562.39,61702.98,61508.03,61594.35,4696
2024-06-26 07:00:00,61591.68,61802.54,61530.41,61729.79,5026
2024-06-26 08:00:00,61725.8,61767.77,61398.55,61498.39,5487
2024-06-26 09:00:00,61495.14,61554.49,61325.27,61397.21,5033
2024-06-26 10:00:00,61394.75,61415.58,61186.63,61274.27,3586
2024-06-26 11:00:00,61273.21,61572.16,61273.21,61457.51,5322
2024-06-26 12:00:00,61457.27,61588.89,61337.33,61438.34,5519
2024-06-26 13:00:00,61436.27,61849.25,61366.3,61746.94,5753
2024-06-26 14:00:00,61752.14,61990.78,61556.99,61742.86,6581
2024-06-26 15:00:00,61741.14,61769.91,61193.73,61461.69,6877
2024-06-26 16:00:00,61464.32,61544.74,61191.76,61273.76,4425
2024-06-26 17:00:00,61272.75,61363.89,60855.72,61221.94,4590
2024-06-26 18:00:00,61220.32,61229.02,60878.62,60882.81,5198
2024-06-26 19:00:00,60880.99,61113.93,60670.98,60973.06,7480
2024-06-26 20:00:00,60968.34,61112.62,60684.91,60974.08,5782
2024-06-26 21:00:00,60976.53,61062.65,60901.07,61023.68,4134
2024-06-26 22:00:00,61019.29,61030.31,60735.73,60885.69,4389
2024-06-26 23:00:00,60890.18,60963.25,60744.97,60832.58,4338
2024-06-27 00:00:00,60836.36,61027.25,60743.16,60956.71,4959
2024-06-27 01:00:00,60954.54,61137.82,60848.26,61023.18,4698
2024-06-27 02:00:00,61024.08,61064.53,60820.85,61009.46,5375
2024-06-27 03:00:00,61013.97,61233.1,60900.61,61018.0,4751
2024-06-27 04:00:00,61017.1,61167.84,60986.57,61070.77,4433
2024-06-27 05:00:00,61071.61,61125.58,60754.18,60762.32,4497
2024-06-27 06:00:00,60764.4,60835.07,60563.03,60714.95,5244
2024-06-27 07:00:00,60711.34,60866.41,60643.27,60741.42,4802
2024-06-27 08:00:00,60746.39,60824.62,60677.45,60815.77,4252
2024-06-27 09:00:00,60816.66,61306.56,60753.34,61252.67,5164
2024-06-27 10:00:00,61249.71,61392.39,61056.01,61056.58,5559
2024-06-27 11:00:00,61061.34,61277.75,61045.46,61133.08,5156
2024-06-27 12:00:00,61130.89,61566.02,61084.49,61303.78,7011
2024-06-27 13:00:00,61303.11,61960.92,61262.45,61960.92,6950
2024-06-27 14:00:00,61969.43,62392.72,61674.55,61708.04,6051
2024-06-27 15:00:00,61710.67,61838.99,61528.63,61564.46,5284
2024-06-27 16:00:00,61562.62,61817.48,61506.13,61703.49,5474
2024-06-27 17:00:00,61703.33,62033.46,61657.52,61840.57,5331
2024-06-27 18:00:00,61838.39,61917.44,61699.33,61852.79,5148
2024-06-27 19:00:00,61848.12,61862.54,61347.91,61393.55,5232
2024-06-27 20:00:00,61395.75,61533.75,61299.57,61440.43,4591
2024-06-27 21:00:00,61437.65,61513.33,61414.47,61468.69,3418
2024-06-27 22:00:00,61471.04,61632.15,61448.97,61603.14,4231
2024-06-27 23:00:00,61604.16,61664.25,61551.09,61654.05,4229
2024-06-28 00:00:00,61650.31,61674.2,61425.18,61491.98,4275
2024-06-28 01:00:00,61492.56,62190.86,61437.98,62048.23,6108
2024-06-28 02:00:00,62049.79,62113.15,61543.95,61679.23,5533
2024-06-28 03:00:00,61680.15,61877.72,61600.89,61780.81,4555
2024-06-28 04:00:00,61781.71,61801.38,61462.23,61678.55,4318
2024-06-28 05:00:00,61678.18,61687.93,61423.0,61551.96,4426
2024-06-28 06:00:00,61548.47,61633.59,61460.73,61584.28,4578
2024-06-28 07:00:00,61586.76,61586.76,61190.17,61292.02,4712
2024-06-28 08:00:00,61290.24,61444.92,61155.85,61427.37,4753
2024-06-28 09:00:00,61425.52,61541.81,61318.0,61513.48,4675
2024-06-28 10:00:00,61509.64,61552.38,61377.06,61497.46,4485
2024-06-28 11:00:00,61497.24,61746.61,61409.38,61628.6,5191
2024-06-28 12:00:00,61629.65,61809.79,61306.89,61331.36,7455
2024-06-28 13:00:00,61336.28,61792.99,61187.62,61237.22,8359
2024-06-28 14:00:00,61236.81,61451.84,60707.76,60859.54,8771
2024-06-28 15:00:00,60862.21,61102.16,60656.86,60997.97,6136
2024-06-28 16:00:00,60998.86,61056.67,60581.91,60860.59,7631
2024-06-28 17:00:00,60858.53,61005.68,60615.56,60755.13,6201
2024-06-28 18:00:00,60756.92,60817.15,60585.22,60762.21,5903
2024-06-28 19:00:00,60767.88,60777.16,59973.39,60007.35,7454
2024-06-28 20:00:00,60011.63,60294.89,59957.52,60179.31,6217
2024-06-28 21:00:00,60183.22,60315.34,60042.84,60290.13,4762
2024-06-28 22:00:00,60291.88,60357.94,60208.99,60288.37,4365
2024-06-28 23:00:00,60288.62,60383.71,60283.44,60370.46,3776
2024-06-29 00:00:00,60370.77,60740.04,60337.53,60697.23,4313
2024-06-29 01:00:00,60692.22,60963.42,60677.04,60822.71,4927
2024-06-29 02:00:00,60818.63,60918.86,60628.88,60727.22,4646
2024-06-29 03:00:00,60726.08,60771.38,60629.4,60706.46,4370
2024-06-29 04:00:00,60706.33,60766.38,60651.0,60717.69,3761
2024-06-29 05:00:00,60722.61,60759.07,60646.94,60709.69,3950
2024-06-29 06:00:00,60708.28,60833.67,60679.35,60802.26,3975
2024-06-29 07:00:00,60802.55,61089.6,60773.35,60998.55,4532
2024-06-29 08:00:00,60994.43,61032.09,60849.23,60929.35,3951
2024-06-29 09:00:00,60932.62,60971.84,60826.06,60915.13,3693
2024-06-29 10:00:00,60915.21,60985.01,60854.44,60938.65,3485
2024-06-29 11:00:00,60938.01,61186.26,60860.0,61045.93,4329
2024-06-29 12:00:00,61045.93,61113.22,60931.54,60985.39,4402
2024-06-29 13:00:00,60986.68,61130.46,60953.33,61059.24,4483
2024-06-29 14:00:00,61058.27,61108.26,60885.12,60946.38,4369
2024-06-29 15:00:00,60947.23,61056.89,60868.02,61047.79,4172
2024-06-29 16:00:00,61047.86,61095.05,60855.41,60925.53,4107
2024-06-29 17:00:00,60925.37,61003.48,60867.05,60951.39,3854
2024-06-29 18:00:00,60950.59,61005.31,60909.47,60988.09,4040
2024-06-29 19:00:00,60987.99,61029.21,60859.42,61001.65,3993
2024-06-29 20:00:00,61001.49,61034.71,60901.17,60979.95,4171
2024-06-29 21:00:00,60978.05,61058.42,60845.81,60975.87,4022
2024-06-29 22:00:00,60975.78,61011.21,60814.41,60918.93,4354
2024-06-29 23:00:00,60917.12,60999.61,60866.72,60928.23,4228
2024-06-30 00:00:00,60929.26,61035.56,60862.99,60965.2,4513
2024-06-30 01:00:00,60965.01,61003.3,60851.48,60918.25,4236
2024-06-30 02:00:00,60918.88,60927.24,60707.14,60777.77,4558
2024-06-30 03:00:00,60775.93,60880.7,60732.64,60844.23,4097
2024-06-30 04:00:00,60843.79,60851.14,60688.16,60728.56,3955
2024-06-30 05:00:00,60729.76,60765.99,60641.63,60754.93,3937
2024-06-30 06:00:00,60753.49,60979.52,60709.64,60978.03,3886
2024-06-30 07:00:00,60972.1,61740.9,60948.46,61468.46,6753
2024-06-30 08:00:00,61469.19,61561.62,61299.31,61461.32,5260
2024-06-30 09:00:00,61465.25,61655.53,61421.91,61450.11,4668
2024-06-30 10:00:00,61452.42,61567.2,61410.25,61483.58,4195
2024-06-30 11:00:00,61481.62,61602.3,61442.61,61474.6,4615
2024-06-30 12:00:00,61477.41,61586.06,61257.18,61433.82,4961
2024-06-30 13:00:00,61433.58,61680.22,61375.37,61667.63,4939
2024-06-30 14:00:00,61667.1,61788.22,61448.48,61510.57,5220
2024-06-30 15:00:00,61510.63,61711.25,61508.48,61659.37,4334
2024-06-30 16:00:00,61660.0,61695.14,61498.21,61543.98,4150
2024-06-30 17:00:00,61545.61,61811.62,61535.16,61645.6,5014
2024-06-30 18:00:00,61644.58,62035.62,61595.09,62014.36,4706
2024-06-30 19:00:00,62009.91,62074.46,61853.28,61988.61,5069
2024-06-30 20:00:00,61991.23,62338.9,61919.76,61926.12,5457
2024-06-30 21:00:00,61926.35,61977.59,61787.58,61875.04,4450
2024-06-30 22:00:00,61873.38,62893.24,61868.7,62852.49,6742
2024-06-30 23:00:00,62849.07,63009.89,62698.95,62720.81,6257
2024-07-01 00:00:00,62717.5,62918.92,62513.32,62888.02,5246
2024-07-01 01:00:00,62889.51,63653.45,62848.43,63613.1,7425
2024-07-01 02:00:00,63612.2,63775.64,63225.5,63385.71,6995
2024-07-01 03:00:00,63386.9,63455.58,63277.84,63356.01,5388
2024-07-01 04:00:00,63352.99,63404.02,63162.86,63229.53,4842
2024-07-01 05:00:00,63232.83,63402.29,63207.25,63379.69,4393
2024-07-01 06:00:00,63375.89,63411.7,63226.24,63343.5,4556
2024-07-01 07:00:00,63346.36,63375.34,63183.38,63242.76,4480
2024-07-01 08:00:00,63244.78,63290.59,62798.86,62871.91,5297
2024-07-01 09:00:00,62870.07,62968.65,62728.68,62883.76,4970
2024-07-01 10:00:00,62882.34,62947.36,62719.07,62807.71,4938
2024-07-01 11:00:00,62807.09,62814.02,62540.74,62599.43,4892
2024-07-01 12:00:00,62597.67,62869.87,62580.95,62853.04,5596
2024-07-01 13:00:00,62850.94,63047.72,62463.84,62603.14,9238
2024-07-01 14:00:00,62600.79,62919.93,62547.98,62788.75,9106
2024-07-01 15:00:00,62784.27,63110.28,62761.68,63096.65,6317
2024-07-01 16:00:00,63097.9,63301.12,62920.56,63080.3,6353
2024-07-01 17:00:00,63081.84,63647.79,63031.68,63640.47,6494
2024-07-01 18:00:00,63638.14,63844.82,63384.91,63606.49,6665
2024-07-01 19:00:00,63607.9,63612.23,63015.48,63164.47,7225
2024-07-01 20:00:00,63162.24,63390.48,63107.47,63244.98,5286
2024-07-01 21:00:00,63247.69,63261.77,62982.32,63087.09,4171
2024-07-01 22:00:00,63085.62,63133.99,62772.75,62945.66,4886
2024-07-01 23:00:00,62947.88,63016.58,62789.15,62857.52,4296
2024-07-02 00:00:00,62852.81,62958.09,62722.07,62890.69,4749
2024-07-02 01:00:00,62892.52,62939.94,62777.84,62883.25,4480
2024-07-02 02:00:00,62883.25,63080.66,62875.97,62961.53,4416
2024-07-02 03:00:00,62957.24,63245.01,62931.04,63070.29,5238
2024-07-02 04:00:00,63071.64,63191.9,62962.68,62962.82,4577
2024-07-02 05:00:00,62960.3,63044.08,62919.1,62942.25,4471
2024-07-02 06:00:00,62944.02,63002.64,62776.26,62831.83,4735
2024-07-02 07:00:00,62828.85,62845.16,62502.02,62551.1,5201
2024-07-02 08:00:00,62549.39,62713.57,62341.05,62607.17,5322
2024-07-02 09:00:00,62606.49,62749.89,62538.25,62581.16,4699
2024-07-02 10:00:00,62581.43,62741.79,62394.93,62648.16,4678
2024-07-02 11:00:00,62652.24,62815.26,62519.62,62778.2,5138
2024-07-02 12:00:00,62776.26,62992.06,62661.18,62819.34,5556
2024-07-02 13:00:00,62821.0,63095.26,62495.39,62582.44,7556
2024-07-02 14:00:00,62581.89,62693.75,61788.33,61989.65,8941
2024-07-02 15:00:00,61984.35,62116.71,61767.19,61878.76,7163
2024-07-02 16:00:00,61884.17,61988.71,61726.0,61860.99,6199
2024-07-02 17:00:00,61860.95,62103.38,61811.29,62078.46,5356
2024-07-02 18:00:00,62080.28,62318.68,62049.66,62257.45,5348
2024-07-02 19:00:00,62260.41,62311.87,61789.05,61860.15,5728
2024-07-02 20:00:00,61864.2,62041.81,61770.58,61929.28,5020
2024-07-02 21:00:00,61933.73,62029.15,61810.66,61868.95,4473
2024-07-02 22:00:00,61873.51,62072.32,61861.66,62034.65,4664
2024-07-02 23:00:00,62033.68,62138.74,62001.37,62075.5,4518
2024-07-03 00:00:00,62073.23,62248.4,62023.41,62032.52,4378
2024-07-03 01:00:00,62029.6,62171.9,61284.14,61565.2,6231
2024-07-03 02:00:00,61566.72,61566.72,61150.03,61294.78,5714
2024-07-03 03:00:00,61295.84,61309.61,60565.54,60923.94,7908
2024-07-03 04:00:00,60928.1,60938.63,60728.93,60811.36,5785
2024-07-03 05:00:00,60808.47,61062.02,60783.02,61047.34,5533
2024-07-03 06:00:00,61047.0,61117.95,60910.4,60949.28,4756
2024-07-03 07:00:00,60949.12,60978.19,60779.76,60801.72,4499
2024-07-03 08:00:00,60800.84,60933.72,60329.9,60450.51,5509
2024-07-03 09:00:00,60457.34,60610.23,60275.11,60570.93,5749
2024-07-03 10:00:00,60570.93,60589.72,59511.59,60299.68,8930
2024-07-03 11:00:00,60301.96,60428.85,60023.12,60316.5,7889
2024-07-03 12:00:00,60319.48,60321.02,59858.35,59978.28,8395
2024-07-03 13:00:00,59973.58,60589.51,59667.07,60498.35,9409
2024-07-03 14:00:00,60496.55,60601.74,60190.43,60208.06,7084
2024-07-03 15:00:00,60208.7,60430.57,59878.18,60112.21,7837
2024-07-03 16:00:00,60111.81,60608.93,60031.0,60460.7,8163
2024-07-03 17:00:00,60460.75,60490.53,60158.02,60281.45,5881
2024-07-03 18:00:00,60283.33,60428.41,60186.69,60207.82,5757
2024-07-03 19:00:00,60206.2,60214.72,59564.95,59587.89,8738
2024-07-03 20:00:00,59591.22,59814.59,59481.43,59540.81,7735
2024-07-03 21:00:00,59542.75,60294.28,59309.61,60168.25,6804
2024-07-03 22:00:00,60166.45,60328.18,60057.47,60253.04,5477
2024-07-03 23:00:00,60254.21,60332.41,60142.1,60162.38,5215
2024-07-04 00:00:00,60163.22,60422.02,60157.53,60380.01,5498
2024-07-04 01:00:00,60377.24,60456.28,58421.54,58524.74,14320
2024-07-04 02:00:00,58520.37,59060.12,57911.93,58914.92,12845
2024-07-04 03:00:00,58916.8,59120.43,58770.35,59060.36,7137
2024-07-04 04:00:00,59066.85,59098.68,58640.77,58903.62,6802
2024-07-04 05:00:00,58908.1,58977.13,58785.42,58833.62,5905
2024-07-04 06:00:00,58835.07,59038.45,58455.87,58750.34,8481
2024-07-04 07:00:00,58752.26,58823.52,58008.53,58141.96,9530
2024-07-04 08:00:00,58140.22,58431.0,57241.64,57611.72,13500
2024-07-04 09:00:00,57610.69,57823.61,56950.78,57666.67,11809
2024-07-04 10:00:00,57664.92,57885.38,57345.01,57862.53,7859
2024-07-04 11:00:00,57859.62,58027.23,57614.06,57699.65,6356
2024-07-04 12:00:00,57698.5,57698.5,57101.48,57207.04,8760
2024-07-04 13:00:00,57205.23,57419.45,56702.87,57309.08,15523
2024-07-04 14:00:00,57308.81,57446.22,56773.3,57373.22,8995
2024-07-04 15:00:00,57374.15,58252.68,57280.42,58042.85,8160
2024-07-04 16:00:00,58045.4,58324.92,57654.2,58237.47,6938
2024-07-04 17:00:00,58238.41,58339.71,58024.58,58186.01,5980
2024-07-04 18:00:00,58184.76,58313.04,57848.65,58105.37,6527
2024-07-04 19:00:00,58104.09,58616.09,58076.25,58244.55,6270
2024-07-04 20:00:00,58243.02,58302.19,58071.51,58301.93,5065
2024-07-04 21:00:00,58307.62,58595.77,58221.83,58427.92,4913
2024-07-04 22:00:00,58422.34,58735.36,57919.6,57977.76,6319
2024-07-04 23:00:00,57980.02,58062.45,56889.23,56996.9,12622
2024-07-05 00:00:00,56996.46,57505.9,56695.34,57361.32,19687
2024-07-05 01:00:00,57365.76,57432.23,56804.77,57140.48,13451
2024-07-05 02:00:00,57142.18,57231.54,55523.36,55778.01,16721
2024-07-05 03:00:00,55781.65,55981.82,55055.46,55216.88,19037
2024-07-05 04:00:00,55218.89,55352.75,53535.22,53934.99,14090
2024-07-05 05:00:00,53938.55,54783.24,53821.32,54767.27,8617
2024-07-05 06:00:00,54769.32,54781.11,53862.57,54270.27,10702
2024-07-05 07:00:00,54275.25,54435.03,53948.74,54346.66,10217
2024-07-05 08:00:00,54345.59,54437.19,54043.11,54080.67,8986
2024-07-05 09:00:00,54082.49,54692.76,53855.81,54474.26,8538
2024-07-05 10:00:00,54474.47,55325.26,54362.44,54969.75,9935
2024-07-05 11:00:00,54975.3,55631.71,54968.29,55436.28,9175
2024-07-05 12:00:00,55440.07,55883.68,55003.58,55033.6,9502
2024-07-05 13:00:00,55036.05,55858.69,54785.47,55802.0,9088
2024-07-05 14:00:00,55804.93,55865.6,55332.88,55732.61,6945
2024-07-05 15:00:00,55726.59,56683.17,55635.66,56647.18,8871
2024-07-05 16:00:00,56649.56,56904.49,56164.58,56433.16,7937
2024-07-05 17:00:00,56432.59,57009.33,56298.43,56426.92,6922
2024-07-05 18:00:00,56430.56,56704.24,55834.33,56533.28,7871
2024-07-05 19:00:00,56528.91,56758.41,56294.17,56466.28,6254
2024-07-05 20:00:00,56469.74,56536.6,56298.01,56314.1,4360
2024-07-05 21:00:00,56318.33,56805.25,56318.33,56522.34,4888
2024-07-05 22:00:00,56520.37,56750.28,56405.93,56622.06,4910
2024-07-05 23:00:00,56619.75,56904.98,56613.66,56639.39,5127
2024-07-06 00:00:00,56633.39,57017.94,56351.13,56617.86,6490
2024-07-06 01:00:00,56616.01,56641.23,56191.07,56215.42,5178
2024-07-06 02:00:00,56213.3,56504.65,56166.71,56446.62,5071
2024-07-06 03:00:00,56448.02,56522.47,56264.99,56391.57,4853
2024-07-06 04:00:00,56391.88,56434.48,56056.69,56074.02,3699
2024-07-06 05:00:00,56075.39,56504.31,56034.0,56371.92,4060
2024-07-06 06:00:00,56371.95,56591.3,56333.69,56422.32,4301
2024-07-06 07:00:00,56422.72,56677.82,56392.97,56601.81,4504
2024-07-06 08:00:00,56596.4,56668.13,56488.27,56571.11,4185
2024-07-06 09:00:00,56571.12,56794.92,56412.73,56768.49,4401
2024-07-06 10:00:00,56766.76,56893.16,56629.29,56784.39,4746
2024-07-06 11:00:00,56785.12,56807.34,56660.33,56734.31,4796
2024-07-06 12:00:00,56736.17,56803.81,56498.03,56754.91,4462
2024-07-06 13:00:00,56752.85,57270.24,56662.86,57004.58,5534
2024-07-06 14:00:00,57004.21,57144.68,56726.94,57072.03,5838
2024-07-06 15:00:00,57068.44,57487.94,56922.96,57355.36,6122
2024-07-06 16:00:00,57357.96,58142.87,57212.14,57905.25,7638
2024-07-06 17:00:00,57908.31,58058.89,57776.7,57979.1,5213
2024-07-06 18:00:00,57984.07,58057.77,57777.38,57833.51,4817
2024-07-06 19:00:00,57828.86,57982.33,57748.16,57898.07,4386
2024-07-06 20:00:00,57899.69,58230.95,57869.22,57996.4,5050
2024-07-06 21:00:00,57996.64,58267.43,57851.01,57911.5,4876
2024-07-06 22:00:00,57912.85,58178.52,57908.14,58157.05,4995
2024-07-06 23:00:00,58159.0,58513.67,58128.51,58269.95,5581
2024-07-07 00:00:00,58268.55,58329.88,57962.38,57981.74,5371
2024-07-07 01:00:00,57983.54,58343.27,57895.15,58150.21,5064
2024-07-07 02:00:00,58150.45,58478.99,58150.45,58393.92,5494
2024-07-07 03:00:00,58394.23,58394.23,57916.21,58026.57,5808
2024-07-07 04:00:00,58028.12,58058.26,57618.47,57632.99,5338
2024-07-07 05:00:00,57632.12,57861.33,57452.83,57707.99,4740
2024-07-07 06:00:00,57709.04,57861.27,57663.81,57696.02,4370
2024-07-07 07:00:00,57694.25,57739.32,57094.02,57402.05,6322
2024-07-07 08:00:00,57405.26,57706.85,57390.07,57699.28,5296
2024-07-07 09:00:00,57695.4,57779.88,57581.79,57759.01,5197
2024-07-07 10:00:00,57761.12,57956.26,57544.33,57578.2,5043
2024-07-07 11:00:00,57571.63,57598.82,57391.42,57514.66,4983
2024-07-07 12:00:00,57515.34,57685.5,57232.09,57394.5,5175
2024-07-07 13:00:00,57396.59,57408.25,56797.8,56888.51,8519
2024-07-07 14:00:00,56894.48,56981.39,56588.25,56788.37,8754
2024-07-07 15:00:00,56791.44,57089.57,56732.4,56861.44,7742
2024-07-07 16:00:00,56859.19,57208.68,56754.76,57152.41,6769
2024-07-07 17:00:00,57150.01,57318.79,56817.68,57270.19,5861
2024-07-07 18:00:00,57273.09,57433.44,57150.11,57199.35,5868
2024-07-07 19:00:00,57201.02,57255.06,57051.16,57186.76,5372
2024-07-07 20:00:00,57182.93,57384.85,57063.27,57328.28,5266
2024-07-07 21:00:00,57330.45,57358.04,56207.42,56604.66,8994
2024-07-07 22:00:00,56602.44,56828.26,56391.3,56404.45,8319
2024-07-07 23:00:00,56408.97,56562.5,55735.54,55890.94,11031
2024-07-08 00:00:00,55885.6,56059.37,55050.64,55094.07,14979
2024-07-08 01:00:00,55098.26,55118.58,54288.33,54972.37,16231
2024-07-08 02:00:00,54976.7,55480.06,54609.5,55396.03,9838
2024-07-08 03:00:00,55400.21,55527.66,54864.32,55183.31,9216
2024-07-08 04:00:00,55181.25,55636.76,54968.25,55517.21,9699
2024-07-08 05:00:00,55520.3,55754.64,55309.61,55519.8,6664
2024-07-08 06:00:00,55517.76,55943.7,55227.75,55688.26,8153
2024-07-08 07:00:00,55689.13,55929.54,55549.32,55889.46,7321
2024-07-08 08:00:00,55892.08,57909.41,55765.26,57832.38,11815
2024-07-08 09:00:00,57836.44,58242.06,57420.91,57566.84,9151
2024-07-08 10:00:00,57564.55,57784.46,56739.08,56846.57,8100
2024-07-08 11:00:00,56846.44,57392.7,56781.16,57207.54,7924
2024-07-08 12:00:00,57205.22,57625.83,56877.37,57205.78,8021
2024-07-08 13:00:00,57203.21,57485.45,56813.47,57255.1,9065
2024-07-08 14:00:00,57256.93,57332.53,54976.9,56163.39,14452
2024-07-08 15:00:00,56162.77,56771.93,55681.08,55760.24,12359
2024-07-08 16:00:00,55760.31,56107.37,55407.6,55809.61,9377
2024-07-08 17:00:00,55805.03,56364.11,55573.92,56288.18,7607
2024-07-08 18:00:00,56285.92,56587.41,56163.24,56276.89,8007
2024-07-08 19:00:00,56282.2,56583.37,56154.87,56504.45,7152
2024-07-08 20:00:00,56508.61,56622.43,56204.18,56281.85,6568
2024-07-08 21:00:00,56283.98,56793.42,56194.47,56662.62,6474
2024-07-08 22:00:00,56660.1,57015.26,56565.83,56711.09,6567
2024-07-08 23:00:00,56714.7,56910.42,56632.52,56734.76,5423
2024-07-09 00:00:00,56740.74,56811.33,56305.32,56566.85,7643
2024-07-09 01:00:00,56564.55,57319.19,56459.28,56601.26,8575
2024-07-09 02:00:00,56604.94,57380.12,56353.97,57295.49,7309
2024-07-09 03:00:00,57293.35,57317.88,56916.42,57217.5,6435
2024-07-09 04:00:00,57219.3,57427.49,57139.33,57344.9,5688
2024-07-09 05:00:00,57345.64,57454.16,57179.29,57351.81,6135
2024-07-09 06:00:00,57348.05,57790.62,57246.98,57535.11,7111
2024-07-09 07:00:00,57537.98,57625.22,57052.6,57161.25,6495
2024-07-09 08:00:00,57164.75,57925.95,57057.01,57642.78,7570
2024-07-09 09:00:00,57642.5,57747.35,57529.4,57623.06,6022
2024-07-09 10:00:00,57625.91,57706.92,57329.77,57491.15,5340
2024-07-09 11:00:00,57489.82,57602.78,57273.32,57481.37,5436
2024-07-09 12:00:00,57481.89,57607.86,57277.55,57369.07,5771
2024-07-09 13:00:00,57371.01,57464.69,57008.07,57364.88,6869
2024-07-09 14:00:00,57365.34,58139.52,57089.87,57104.04,10776
2024-07-09 15:00:00,57098.68,57556.01,56951.44,57521.23,8413
2024-07-09 16:00:00,57521.43,57910.81,57433.97,57709.51,7094
2024-07-09 17:00:00,57710.42,57829.26,57407.82,57550.45,5923
2024-07-09 18:00:00,57551.47,58308.65,57474.16,57939.78,7417
2024-07-09 19:00:00,57939.32,57960.06,57725.52,57886.37,5831
2024-07-09 20:00:00,57886.42,58156.22,57734.71,57962.63,6075
2024-07-09 21:00:00,57961.85,58011.63,57771.18,57816.91,4995
2024-07-09 22:00:00,57817.18,58317.05,57750.38,57971.84,5649
2024-07-09 23:00:00,57972.4,58165.48,57886.89,58073.91,5669
2024-07-10 00:00:00,58074.19,58083.4,57453.1,57543.09,6255
2024-07-10 01:00:00,57535.39,58043.5,57377.8,57873.99,6306
2024-07-10 02:00:00,57873.04,57986.42,57696.65,57934.51,5992
2024-07-10 03:00:00,57935.15,58249.81,57881.47,58217.16,5396
2024-07-10 04:00:00,58220.25,59443.36,58211.81,59388.46,9338
2024-07-10 05:00:00,59388.23,59492.76,58885.14,59033.49,6414
2024-07-10 06:00:00,59031.56,59368.75,58905.29,59292.63,6030
2024-07-10 07:00:00,59293.71,59334.0,58887.69,59040.55,5626
2024-07-10 08:00:00,59041.01,59092.97,58622.22,58806.65,7313
2024-07-10 09:00:00,58807.55,58829.54,58410.76,58503.99,6369
2024-07-10 10:00:00,58510.55,58765.54,58345.89,58678.1,5860
2024-07-10 11:00:00,58677.35,58754.55,58372.06,58533.86,6695
2024-07-10 12:00:00,58536.38,58611.85,57764.83,58183.83,7079
2024-07-10 13:00:00,58185.47,58315.77,57544.93,57749.44,9026
2024-07-10 14:00:00,57754.75,57932.85,57507.09,57739.77,7880
2024-07-10 15:00:00,57734.96,58071.58,57519.77,57746.37,7339
2024-07-10 16:00:00,57740.34,58064.46,57633.91,57740.94,6798
2024-07-10 17:00:00,57741.05,57815.44,57474.79,57663.66,6002
2024-07-10 18:00:00,57663.22,57833.36,57504.08,57657.49,5548
2024-07-10 19:00:00,57662.49,57671.57,57386.02,57417.01,5664
2024-07-10 20:00:00,57414.9,57592.45,57179.84,57471.68,5974
2024-07-10 21:00:00,57467.6,57611.92,57294.65,57481.62,4998
2024-07-10 22:00:00,57476.57,57855.09,57461.8,57752.27,5216
2024-07-10 23:00:00,57750.78,57913.07,57633.19,57749.85,4957
2024-07-11 00:00:00,57747.34,57776.13,57393.16,57667.27,5513
2024-07-11 01:00:00,57669.29,58429.94,57525.06,58331.69,6903
2024-07-11 02:00:00,58337.48,58403.62,57777.01,57904.65,7253
2024-07-11 03:00:00,57906.92,57997.88,57083.92,57607.32,8434
2024-07-11 04:00:00,57606.81,57833.24,57515.39,57806.2,6328
2024-07-11 05:00:00,57812.87,58119.73,57734.95,58022.86,6330
2024-07-11 06:00:00,58024.12,58140.91,57903.17,58039.13,5639
2024-07-11 07:00:00,58037.5,58338.43,57952.21,58216.98,6674
2024-07-11 08:00:00,58222.73,58374.1,58066.23,58205.04,7668
2024-07-11 09:00:00,58200.16,58427.59,58096.43,58330.42,6925
2024-07-11 10:00:00,58332.92,58522.94,58174.47,58460.2,6376
2024-07-11 11:00:00,58453.65,58922.76,58403.96,58811.54,6656
2024-07-11 12:00:00,58811.9,59461.59,58516.7,58839.26,10283
2024-07-11 13:00:00,58844.29,59011.31,58281.85,58612.88,10554
2024-07-11 14:00:00,58616.69,58734.21,57583.34,57807.02,9675
2024-07-11 15:00:00,57806.15,58176.16,57274.62,57434.46,9170
2024-07-11 16:00:00,57435.35,57770.68,57207.23,57693.41,7203
2024-07-11 17:00:00,57698.79,57986.4,57600.57,57811.95,6088
2024-07-11 18:00:00,57816.89,58035.71,57700.06,57870.45,5785
2024-07-11 19:00:00,57872.82,57900.89,57384.54,57430.63,6241
2024-07-11 20:00:00,57425.7,57644.62,57229.44,57593.86,5627
2024-07-11 21:00:00,57597.8,57661.67,57327.31,57501.09,4472
2024-07-11 22:00:00,57500.93,57585.6,57169.95,57370.7,6200
2024-07-11 23:00:00,57368.1,57434.47,57160.17,57381.13,5785
2024-07-12 00:00:00,57378.24,57598.58,57165.92,57183.99,6378
2024-07-12 01:00:00,57185.65,57372.34,56540.47,56961.9,8769
2024-07-12 02:00:00,56964.0,57457.85,56877.15,57363.36,7733
2024-07-12 03:00:00,57363.47,57408.45,56861.78,56937.28,7370
2024-07-12 04:00:00,56939.36,57101.72,56719.29,57040.55,6716
2024-07-12 05:00:00,57046.2,57153.73,56949.6,57048.91,5520
2024-07-12 06:00:00,57049.66,57467.13,57035.69,57253.65,6016
2024-07-12 07:00:00,57252.85,57335.6,56840.65,57124.41,5877
2024-07-12 08:00:00,57122.21,57358.33,57039.7,57336.65,6452
2024-07-12 09:00:00,57338.14,57378.56,56864.94,56992.65,5760
2024-07-12 10:00:00,56992.08,57237.33,56781.2,57215.02,6816
2024-07-12 11:00:00,57213.1,57328.83,57072.69,57252.39,5731
2024-07-12 12:00:00,57247.2,57545.93,57093.39,57438.5,7748
2024-07-12 13:00:00,57434.99,58048.16,57396.91,57869.88,8205
2024-07-12 14:00:00,57870.78,58078.26,57719.95,57882.74,7695
2024-07-12 15:00:00,57877.23,58320.55,57803.06,58239.07,7939
2024-07-12 16:00:00,58234.43,58474.57,57947.23,58154.9,6967
2024-07-12 17:00:00,58152.96,58385.54,57978.98,58201.49,6524
2024-07-12 18:00:00,58205.45,58591.69,58081.08,58361.74,6443
2024-07-12 19:00:00,58363.33,58422.08,57556.34,57624.23,7168
2024-07-12 20:00:00,57620.9,57696.77,57180.13,57578.64,6754
2024-07-12 21:00:00,57580.12,57746.7,57537.32,57640.24,4748
2024-07-12 22:00:00,57638.43,57933.52,57611.4,57818.83,4346
2024-07-12 23:00:00,57819.66,57964.16,57741.57,57922.53,4264
2024-07-13 00:00:00,57921.84,57978.35,57791.17,57881.07,4634
2024-07-13 01:00:00,57879.51,58034.82,57822.94,57936.98,4567
2024-07-13 02:00:00,57939.01,58013.78,57779.39,57985.94,4301
2024-07-13 03:00:00,57990.3,58039.27,57839.32,57868.46,4260
2024-07-13 04:00:00,57868.26,57898.67,57801.46,57810.89,3831
2024-07-13 05:00:00,57810.13,58201.92,57776.96,58122.2,4422
2024-07-13 06:00:00,58120.01,58246.0,58025.51,58072.45,4411
2024-07-13 07:00:00,58072.35,58210.86,58017.44,58202.46,4410
2024-07-13 08:00:00,58207.19,58230.86,57955.4,57986.97,4342
2024-07-13 09:00:00,57982.97,58878.32,57956.31,58708.38,5875
2024-07-13 10:00:00,58709.78,58809.18,58380.36,58481.67,5743
2024-07-13 11:00:00,58488.53,58635.39,58393.64,58559.43,5708
2024-07-13 12:00:00,58561.67,58921.45,58447.4,58787.29,5823
2024-07-13 13:00:00,58785.31,58856.82,58583.36,58626.89,5294
2024-07-13 14:00:00,58623.02,58835.04,58494.64,58807.48,4878
2024-07-13 15:00:00,58803.14,58912.75,58720.9,58868.88,5093
2024-07-13 16:00:00,58870.09,58998.75,58650.15,58683.64,5532
2024-07-13 17:00:00,58678.39,58756.31,58604.13,58740.36,4450
2024-07-13 18:00:00,58742.79,58847.51,58604.21,58649.96,4694
2024-07-13 19:00:00,58656.52,58784.11,58640.34,58671.43,4347
2024-07-13 20:00:00,58670.61,58716.95,58578.01,58629.31,4200
2024-07-13 21:00:00,58634.39,58740.09,58601.72,58717.76,4068
2024-07-13 22:00:00,58718.15,59571.53,58316.09,59510.28,6658
2024-07-13 23:00:00,59507.25,59901.45,59173.3,59242.34,8686
2024-07-14 00:00:00,59234.4,59857.48,59224.36,59781.92,7151
2024-07-14 01:00:00,59780.67,59899.97,59473.88,59751.28,6192
2024-07-14 02:00:00,59750.37,59810.2,59303.95,59388.21,5645
2024-07-14 03:00:00,59387.24,59651.32,59373.07,59484.52,4982
2024-07-14 04:00:00,59487.61,60131.64,59447.38,59983.35,6319
2024-07-14 05:00:00,59985.29,60360.86,59852.62,60303.75,7270
2024-07-14 06:00:00,60302.52,60394.89,59828.05,59929.57,5500
2024-07-14 07:00:00,59934.26,60182.3,59850.37,60122.49,5208
2024-07-14 08:00:00,60122.1,60455.22,60114.9,60267.16,5436
2024-07-14 09:00:00,60262.94,60424.81,60173.67,60254.44,5351
2024-07-14 10:00:00,60253.52,60300.21,59928.55,59976.9,4913
2024-07-14 11:00:00,59977.16,60190.91,59957.27,60174.32,4971
2024-07-14 12:00:00,60170.76,60186.42,59612.25,59647.34,6830
2024-07-14 13:00:00,59646.21,59853.28,59616.39,59736.82,6119
2024-07-14 14:00:00,59736.51,60272.58,59504.96,60060.42,6739
2024-07-14 15:00:00,60054.46,60222.15,59900.72,60111.48,7556
2024-07-14 16:00:00,60122.67,60174.83,59927.86,60169.39,6486
2024-07-14 17:00:00,60165.28,60254.83,59949.63,60034.9,5901
2024-07-14 18:00:00,60030.59,60143.86,59958.63,60075.81,5048
2024-07-14 19:00:00,60075.05,60085.39,59941.45,59964.65,4483
2024-07-14 20:00:00,59966.82,60377.57,59909.46,60142.19,6406
2024-07-14 21:00:00,60139.13,61466.2,60053.71,61336.33,9742
2024-07-14 22:00:00,61336.16,61452.66,60788.48,60905.32,11148
2024-07-14 23:00:00,60902.36,61236.41,60749.64,60838.36,9374
2024-07-15 00:00:00,60839.52,61379.7,60683.2,61255.16,8892
2024-07-15 01:00:00,61259.71,61864.2,61216.17,61449.73,9637
2024-07-15 02:00:00,61447.7,62689.77,61345.28,62567.46,11713
2024-07-15 03:00:00,62561.31,62866.44,62374.7,62704.74,11311
2024-07-15 04:00:00,62711.3,62889.59,62464.95,62668.51,9551
2024-07-15 05:00:00,62668.3,63014.69,62586.71,62865.81,9099
2024-07-15 06:00:00,62869.74,63057.52,62758.68,62924.27,7742
2024-07-15 07:00:00,62926.71,63108.53,62794.83,62881.25,7039
2024-07-15 08:00:00,62878.75,63265.1,62848.92,62936.57,8087
2024-07-15 09:00:00,62933.83,62956.8,62561.44,62708.7,8421
2024-07-15 10:00:00,62703.48,62870.97,62453.89,62588.43,7171
2024-07-15 11:00:00,62590.27,62670.57,62336.59,62492.58,8328
2024-07-15 12:00:00,62495.62,62865.24,62481.57,62654.05,8797
2024-07-15 13:00:00,62654.68,63028.17,62512.46,62964.31,11753
2024-07-15 14:00:00,62966.66,63290.92,62793.23,63290.92,9452
2024-07-15 15:00:00,63287.28,63357.08,62928.02,63086.41,10767
2024-07-15 16:00:00,63089.27,63679.6,62930.51,63502.37,8103
2024-07-15 17:00:00,63508.89,63783.2,63135.92,63172.51,10705
2024-07-15 18:00:00,63168.65,63703.24,63048.32,63583.02,9870
2024-07-15 19:00:00,63580.8,63894.73,63302.57,63409.01,12137
2024-07-15 20:00:00,63413.15,63866.99,63338.22,63819.74,8316
2024-07-15 21:00:00,63814.21,63885.52,63564.18,63605.96,6936
2024-07-15 22:00:00,63610.09,64752.09,63574.46,64370.37,12731
2024-07-15 23:00:00,64372.3,64945.99,64262.03,64767.74,10075
2024-07-16 00:00:00,64764.88,64988.95,64473.02,64644.01,11095
2024-07-16 01:00:00,64639.65,64898.12,64484.0,64871.74,8359
2024-07-16 02:00:00,64873.51,64873.51,64522.2,64822.63,7084
2024-07-16 03:00:00,64822.69,64875.31,64598.63,64762.49,6074
2024-07-16 04:00:00,64765.57,64981.51,64460.69,64487.25,7347
2024-07-16 05:00:00,64485.58,64561.32,63472.46,63670.54,12162
2024-07-16 06:00:00,63673.17,63919.28,62795.42,62936.13,11602
2024-07-16 07:00:00,62938.21,63374.63,62753.71,62947.72,14781
2024-07-16 08:00:00,62953.18,63142.1,62423.96,62875.16,11530
2024-07-16 09:00:00,62875.04,63295.64,62715.36,63220.82,9933
2024-07-16 10:00:00,63222.96,63684.53,63096.9,63465.31,9367
2024-07-16 11:00:00,63462.26,63891.59,63170.21,63795.92,10556
2024-07-16 12:00:00,63797.82,64277.71,63629.89,63783.2,11875
2024-07-16 13:00:00,63784.15,64137.67,63410.79,63454.24,12994
2024-07-16 14:00:00,63449.14,63944.92,63109.15,63877.34,14351
2024-07-16 15:00:00,63878.46,64993.08,63809.96,64907.03,14360
2024-07-16 16:00:00,64909.96,65236.5,64240.07,64537.16,10772
2024-07-16 17:00:00,64532.47,64663.88,64141.37,64570.69,9184
2024-07-16 18:00:00,64575.58,64912.43,64431.93,64808.67,9015
2024-07-16 19:00:00,64806.05,65224.95,64645.18,65191.21,10471
2024-07-16 20:00:00,65187.71,65241.92,64659.21,64699.79,8873
2024-07-16 21:00:00,64701.79,64877.26,64528.3,64528.3,6719
2024-07-16 22:00:00,64526.43,64674.0,64178.58,64656.1,8130
2024-07-16 23:00:00,64655.58,65378.98,64634.36,65075.37,8769
2024-07-17 00:00:00,65081.57,65601.88,64978.31,65544.22,9499
2024-07-17 01:00:00,65543.96,66094.72,65454.2,65696.46,10341
2024-07-17 02:00:00,65694.41,65911.96,65544.87,65608.1,8472
2024-07-17 03:00:00,65603.84,65816.58,65392.93,65723.44,7714
2024-07-17 04:00:00,65726.69,65893.86,65559.26,65877.47,8264
2024-07-17 05:00:00,65877.69,66027.83,65624.48,65652.38,7932
2024-07-17 06:00:00,65655.52,65830.61,65494.64,65586.11,7460
2024-07-17 07:00:00,65590.45,65613.09,65224.01,65256.66,7030
2024-07-17 08:00:00,65260.96,65496.04,64848.0,65171.06,9780
2024-07-17 09:00:00,65171.39,65536.52,65079.61,65340.52,7280
2024-07-17 10:00:00,65339.57,65367.75,65066.05,65125.22,7097
2024-07-17 11:00:00,65129.44,65160.64,64575.4,64727.47,10745
2024-07-17 12:00:00,64730.08,65018.58,64572.06,64755.0,10075
2024-07-17 13:00:00,64749.74,65308.86,64555.69,65146.76,12073
2024-07-17 14:00:00,65152.28,65240.88,64692.3,65015.46,13545
2024-07-17 15:00:00,65018.44,65401.56,64651.0,64749.86,11707
2024-07-17 16:00:00,64751.92,64781.49,63869.87,64265.19,13761
2024-07-17 17:00:00,64265.46,64441.9,63969.1,64305.5,9930
2024-07-17 18:00:00,64302.13,64595.06,64225.87,64528.03,7084
2024-07-17 19:00:00,64531.83,64784.45,64456.1,64574.77,7606
2024-07-17 20:00:00,64569.51,64704.56,64491.06,64496.31,5809
2024-07-17 21:00:00,64501.96,64590.96,64064.49,64335.2,7119
2024-07-17 22:00:00,64339.14,64481.96,64135.86,64292.96,9069
2024-07-17 23:00:00,64293.23,64395.79,64095.82,64128.18,7609
2024-07-18 00:00:00,64122.42,64548.88,63921.27,64456.96,8684
2024-07-18 01:00:00,64461.09,64683.14,64370.72,64662.7,7575
2024-07-18 02:00:00,64665.73,65078.71,64261.1,64696.06,10119
2024-07-18 03:00:00,64690.76,64940.91,64612.57,64854.36,7550
2024-07-18 04:00:00,64856.11,64879.41,64524.78,64571.97,6085
2024-07-18 05:00:00,64569.65,64845.91,64408.11,64747.53,6767
2024-07-18 06:00:00,64749.5,65071.39,64692.67,64974.99,6405
2024-07-18 07:00:00,64979.56,65028.46,64640.24,64657.87,6471
2024-07-18 08:00:00,64656.62,64952.87,64620.63,64934.4,6700
2024-07-18 09:00:00,64930.88,64945.39,64728.81,64844.02,5577
2024-07-18 10:00:00,64842.17,64855.56,64497.96,64618.27,6641
2024-07-18 11:00:00,64614.5,64817.83,64451.27,64768.79,7033
2024-07-18 12:00:00,64769.04,65017.33,64728.36,64837.1,7375
2024-07-18 13:00:00,64842.77,65113.3,64514.28,64603.22,9297
2024-07-18 14:00:00,64610.02,64713.99,63719.01,64018.39,11537
2024-07-18 15:00:00,64015.08,64018.69,63417.63,63545.04,13622
2024-07-18 16:00:00,63543.0,63942.32,63330.11,63936.62,9300
2024-07-18 17:00:00,63934.38,63982.31,63514.32,63582.19,8302
2024-07-18 18:00:00,63577.03,63684.7,63333.39,63529.59,9622
2024-07-18 19:00:00,63528.96,63777.98,63226.17,63533.84,10085
2024-07-18 20:00:00,63536.24,63851.86,63427.23,63815.1,6139
2024-07-18 21:00:00,63811.81,63921.5,63739.85,63842.38,5579
2024-07-18 22:00:00,63838.37,64144.45,63700.5,64052.21,7138
2024-07-18 23:00:00,64048.07,64112.17,63957.37,64023.01,5848
2024-07-19 00:00:00,64027.72,64076.21,63549.38,63619.24,8265
2024-07-19 01:00:00,63623.89,63889.64,63306.17,63832.58,8556
2024-07-19 02:00:00,63828.34,63964.93,63643.37,63870.48,7529
2024-07-19 03:00:00,63869.36,64381.63,63831.84,64339.17,8140
2024-07-19 04:00:00,64336.69,64411.57,64139.96,64140.97,6249
2024-07-19 05:00:00,64138.6,64272.53,64084.36,64202.74,5431
2024-07-19 06:00:00,64201.61,64489.22,64153.16,64242.22,6191
2024-07-19 07:00:00,64237.13,64244.33,63634.18,63735.76,8924
2024-07-19 08:00:00,63730.01,63907.4,63402.7,63832.98,8951
2024-07-19 09:00:00,63829.83,64170.99,63670.1,63717.39,8023
2024-07-19 10:00:00,63721.48,64199.22,63670.61,64006.98,7983
2024-07-19 11:00:00,64006.67,64217.61,63935.54,64141.44,7149
2024-07-19 12:00:00,64140.71,64462.68,64056.46,64435.22,8849
2024-07-19 13:00:00,64437.62,65354.05,64064.48,65138.54,13527
2024-07-19 14:00:00,65141.47,65881.15,64978.81,65715.79,14143
2024-07-19 15:00:00,65710.46,65841.74,65251.53,65837.11,13142
2024-07-19 16:00:00,65835.63,66525.31,65814.5,66430.44,15704
2024-07-19 17:00:00,66432.51,66851.45,66239.57,66759.18,13316
2024-07-19 18:00:00,66754.12,66816.48,66421.22,66795.26,11104
2024-07-19 19:00:00,66792.0,67487.7,66792.0,67207.22,14791
2024-07-19 20:00:00,67205.53,67268.64,66874.43,66939.97,8311
2024-07-19 21:00:00,66942.87,67379.9,66880.61,66881.77,6487
2024-07-19 22:00:00,66882.72,67013.19,66634.08,66702.84,6485
2024-07-19 23:00:00,66707.59,66908.15,66608.61,66662.47,6195
2024-07-20 00:00:00,66667.47,66844.13,66294.12,66449.84,8170
2024-07-20 01:00:00,66447.7,66709.88,66249.76,66379.74,7259
2024-07-20 02:00:00,66383.39,66652.48,66343.04,66589.7,6522
2024-07-20 03:00:00,66585.15,66784.11,66556.36,66612.98,6299
2024-07-20 04:00:00,66615.95,66714.84,66468.47,66669.97,5863
2024-07-20 05:00:00,66665.9,66677.51,66430.39,66529.06,5277
2024-07-20 06:00:00,66534.17,66668.92,66497.69,66636.43,5095
2024-07-20 07:00:00,66631.42,66767.52,66521.83,66564.79,5537
2024-07-20 08:00:00,66565.44,66635.75,66460.32,66512.98,5356
2024-07-20 09:00:00,66516.33,66736.27,66480.69,66597.71,5381
2024-07-20 10:00:00,66598.85,66674.12,66478.33,66535.46,5032
2024-07-20 11:00:00,66534.89,66568.88,66472.62,66490.98,4716
2024-07-20 12:00:00,66491.86,66553.01,66454.92,66490.68,5382
2024-07-20 13:00:00,66492.09,66647.4,66291.63,66526.18,6291
2024-07-20 14:00:00,66529.53,66700.92,66487.83,66578.56,4867
2024-07-20 15:00:00,66579.55,66838.06,66559.58,66811.35,6025
2024-07-20 16:00:00,66809.48,67037.76,66681.09,66809.53,6896
2024-07-20 17:00:00,66813.51,67606.98,66749.89,67435.25,12146
2024-07-20 18:00:00,67435.38,67649.77,67216.99,67514.76,8803
2024-07-20 19:00:00,67512.04,67569.07,67106.07,67223.82,7094
2024-07-20 20:00:00,67222.88,67481.58,67209.6,67380.46,5709
2024-07-20 21:00:00,67377.68,67379.73,66782.07,67098.86,7593
2024-07-20 22:00:00,67098.97,67298.84,66842.15,67112.04,6913
2024-07-20 23:00:00,67109.02,67179.07,67059.41,67108.03,5339
2024-07-21 00:00:00,67113.38,67308.82,66938.53,67045.6,6494
2024-07-21 01:00:00,67047.66,67441.1,66998.09,67263.9,6460
2024-07-21 02:00:00,67266.32,67404.58,67248.93,67266.3,5995
2024-07-21 03:00:00,67269.83,67380.07,67115.22,67139.85,5749
2024-07-21 04:00:00,67138.76,67222.75,66969.26,67006.72,5941
2024-07-21 05:00:00,67009.76,67086.3,66884.5,67041.35,6266
2024-07-21 06:00:00,67040.83,67077.57,66609.69,66707.25,6902
2024-07-21 07:00:00,66707.59,66817.55,66577.38,66675.14,5517
2024-07-21 08:00:00,66679.33,66879.09,66650.32,66786.27,5902
2024-07-21 09:00:00,66790.4,67001.41,66742.45,66952.82,5534
2024-07-21 10:00:00,66950.39,67058.94,66773.1,66798.96,5252
2024-07-21 11:00:00,66793.97,66876.36,66728.12,66849.45,5002
2024-07-21 12:00:00,66846.63,66979.23,66814.18,66895.09,4970
2024-07-21 13:00:00,66900.93,66966.37,66575.69,66774.19,5411
2024-07-21 14:00:00,66775.39,67395.41,66667.67,67284.57,9025
2024-07-21 15:00:00,67289.34,67539.56,66988.83,67168.16,9686
2024-07-21 16:00:00,67166.48,67623.13,66952.52,67587.49,10118
2024-07-21 17:00:00,67584.35,67734.36,66501.41,66631.25,11342
2024-07-21 18:00:00,66629.41,67328.7,65823.08,66860.89,16538
2024-07-21 19:00:00,66863.76,67697.24,66793.42,67419.28,11535
2024-07-21 20:00:00,67421.76,68242.82,67265.86,67698.66,14378
2024-07-21 21:00:00,67701.85,68313.92,67531.9,68196.85,8893
2024-07-21 22:00:00,68193.7,68399.76,67918.91,67997.85,10121
2024-07-21 23:00:00,68002.14,68200.45,67847.91,68193.77,8954
2024-07-22 00:00:00,68191.96,68510.4,68010.22,68219.19,10120
2024-07-22 01:00:00,68216.18,68250.6,67749.38,67823.86,10249
2024-07-22 02:00:00,67821.55,68219.61,67732.12,68069.26,8309
2024-07-22 03:00:00,68064.85,68106.77,67800.08,67858.68,8036
2024-07-22 04:00:00,67861.53,68009.78,67760.03,67908.98,7097
2024-07-22 05:00:00,67910.19,67944.13,67477.87,67600.18,8281
2024-07-22 06:00:00,67602.51,67730.37,67103.35,67362.25,9868
2024-07-22 07:00:00,67359.47,67399.21,67134.0,67216.8,9210
2024-07-22 08:00:00,67219.09,67374.71,66960.1,67049.64,9437
2024-07-22 09:00:00,67044.56,67410.01,66904.38,67386.67,9073
2024-07-22 10:00:00,67387.39,67511.23,67238.72,67369.38,7500
2024-07-22 11:00:00,67376.17,67576.01,67247.85,67485.05,7597
2024-07-22 12:00:00,67481.08,67722.0,67328.41,67705.75,7192
2024-07-22 13:00:00,67705.87,68002.15,66971.41,67077.84,13113
2024-07-22 14:00:00,67073.79,67320.63,66575.66,66688.79,15228
2024-07-22 15:00:00,66685.22,67168.83,66526.99,67044.4,13104
2024-07-22 16:00:00,67047.25,67296.1,66777.6,67024.85,10994
2024-07-22 17:00:00,67027.41,67461.99,66979.17,67444.24,8674
2024-07-22 18:00:00,67440.88,67666.57,67289.67,67444.91,8297
2024-07-22 19:00:00,67439.7,68284.6,67345.49,68268.1,9416
2024-07-22 20:00:00,68270.01,68307.6,67822.92,68141.5,10612
2024-07-22 21:00:00,68144.32,68209.78,67665.82,67861.18,7965
2024-07-22 22:00:00,67858.39,67889.7,67501.21,67640.69,7967
2024-07-22 23:00:00,67643.08,67667.52,67246.7,67548.21,9490
2024-07-23 00:00:00,67550.47,67781.74,67461.97,67468.26,8372
2024-07-23 01:00:00,67470.47,67504.44,67175.35,67391.62,10062
2024-07-23 02:00:00,67393.17,67716.45,67209.82,67635.41,8243
2024-07-23 03:00:00,67630.58,67720.25,67412.77,67471.0,7190
2024-07-23 04:00:00,67476.5,67534.8,66896.09,66926.41,8327
2024-07-23 05:00:00,66920.97,66941.81,66280.05,66433.18,11356
2024-07-23 06:00:00,66434.78,66765.68,66361.93,66516.41,9456
2024-07-23 07:00:00,66514.77,66645.34,66224.8,66567.85,8833
2024-07-23 08:00:00,66566.86,66973.12,66495.16,66860.19,9343
2024-07-23 09:00:00,66859.41,67138.77,66728.92,66900.76,7810
2024-07-23 10:00:00,66902.43,67007.92,66784.06,66841.92,7973
2024-07-23 11:00:00,66837.54,66854.48,66449.46,66671.34,10178
2024-07-23 12:00:00,66675.93,66765.38,66368.08,66498.38,9275
2024-07-23 13:00:00,66496.09,66741.77,65964.0,66061.39,14253
2024-07-23 14:00:00,66066.69,67333.88,65971.79,67203.97,14306
2024-07-23 15:00:00,67201.44,67236.6,66367.97,66602.29,16774
2024-07-23 16:00:00,66600.17,66772.28,65827.41,65856.31,10744
2024-07-23 17:00:00,65856.81,66132.79,65742.41,65936.79,10830
2024-07-23 18:00:00,65940.55,66100.93,65759.1,65863.73,8493
2024-07-23 19:00:00,65863.9,66088.14,65425.1,65514.91,9385
2024-07-23 20:00:00,65512.8,65978.24,65460.58,65820.56,10544
2024-07-23 21:00:00,65825.64,66030.83,65776.16,65867.27,6217
2024-07-23 22:00:00,65862.65,66021.66,65771.22,65924.33,7076
2024-07-23 23:00:00,65924.72,66052.78,65795.24,65944.78,5412
2024-07-24 00:00:00,65946.49,66125.42,65753.99,65792.04,5983
2024-07-24 01:00:00,65792.19,66129.72,65600.57,65648.03,6753
2024-07-24 02:00:00,65645.77,65923.52,65455.07,65854.24,6022
2024-07-24 03:00:00,65851.87,66105.68,65761.13,66044.17,6091
2024-07-24 04:00:00,66044.2,66083.85,65749.64,65849.81,6112
2024-07-24 05:00:00,65854.33,65915.66,65602.05,65812.1,5824
2024-07-24 06:00:00,65805.79,66003.16,65755.45,65900.95,5957
2024-07-24 07:00:00,65899.63,66079.04,65842.85,66067.71,5515
2024-07-24 08:00:00,66071.06,66458.28,65986.29,66414.54,7445
2024-07-24 09:00:00,66413.14,66479.95,66270.91,66391.6,6246
2024-07-24 10:00:00,66391.31,66590.24,66314.6,66504.81,6600
2024-07-24 11:00:00,66499.29,66553.84,66302.76,66352.85,6264
2024-07-24 12:00:00,66350.64,66565.66,66161.88,66212.8,6986
2024-07-24 13:00:00,66209.69,66914.07,66162.72,66327.78,7871
2024-07-24 14:00:00,66331.08,67101.0,66274.3,66729.15,9496
2024-07-24 15:00:00,66729.81,66806.61,66090.47,66176.11,10821
2024-07-24 16:00:00,66177.67,66500.41,65962.61,66386.43,9334
2024-07-24 17:00:00,66387.2,66722.23,66311.5,66596.86,7737
2024-07-24 18:00:00,66600.51,66675.89,65706.42,65763.37,9347
2024-07-24 19:00:00,65764.91,66120.08,65575.36,65653.42,9753
2024-07-24 20:00:00,65656.47,66087.51,65651.29,66068.91,6924
2024-07-24 21:00:00,66070.7,66085.29,65224.03,65639.53,9901
2024-07-24 22:00:00,65634.57,65676.58,65239.89,65296.05,11576
2024-07-24 23:00:00,65294.83,65471.57,65111.94,65366.38,10542
2024-07-25 00:00:00,65367.05,65622.26,65257.29,65486.42,9106
2024-07-25 01:00:00,65491.83,65510.52,64210.64,64483.91,20031
2024-07-25 02:00:00,64487.27,64489.36,63956.71,64191.33,14391
2024-07-25 03:00:00,64190.35,64323.45,63865.75,64096.2,11969
2024-07-25 04:00:00,64100.37,64318.09,63788.69,64247.18,10196
2024-07-25 05:00:00,64243.01,64366.82,64107.91,64265.44,8096
2024-07-25 06:00:00,64262.17,64391.14,64060.94,64330.81,8282
2024-07-25 07:00:00,64333.32,64403.51,64045.03,64129.71,8029
2024-07-25 08:00:00,64124.06,64423.71,63878.98,64355.61,12491
2024-07-25 09:00:00,64357.61,64484.66,64199.83,64299.61,8217
2024-07-25 10:00:00,64304.7,64318.88,63955.61,64144.11,7769
2024-07-25 11:00:00,64141.72,64301.48,64083.91,64104.39,6673
2024-07-25 12:00:00,64108.65,64434.91,63895.06,64119.99,8869
2024-07-25 13:00:00,64122.01,64378.96,63734.95,64016.61,10440
2024-07-25 14:00:00,64020.99,64863.48,63410.12,64821.49,14739
2024-07-25 15:00:00,64825.79,65035.56,64545.35,64801.4,11664
2024-07-25 16:00:00,64802.03,65156.22,64648.54,64856.49,11178
2024-07-25 17:00:00,64858.0,65056.22,64755.28,65041.16,8579
2024-07-25 18:00:00,65042.87,65177.15,64384.28,64565.91,11254
2024-07-25 19:00:00,64562.65,65007.84,64403.09,64669.94,13075
2024-07-25 20:00:00,64665.67,65285.91,64408.97,65271.38,10809
2024-07-25 21:00:00,65267.78,65965.37,65196.24,65794.84,9841
2024-07-25 22:00:00,65797.02,66126.9,65625.46,65630.36,8260
2024-07-25 23:00:00,65635.53,65815.76,65599.99,65788.32,6701
2024-07-26 00:00:00,65784.78,66438.38,65686.82,66341.75,9352
2024-07-26 01:00:00,66340.98,66534.93,66180.79,66407.95,8614
2024-07-26 02:00:00,66411.06,67181.07,66358.99,66972.67,9994
2024-07-26 03:00:00,66976.17,67469.73,66892.24,66989.54,10868
2024-07-26 04:00:00,66992.82,67068.1,66828.46,67033.7,6916
2024-07-26 05:00:00,67034.45,67065.57,66813.22,66885.31,6668
2024-07-26 06:00:00,66888.19,67139.08,66830.37,67024.31,6552
2024-07-26 07:00:00,67027.36,67168.76,66848.9,66884.73,6264
2024-07-26 08:00:00,66881.07,67121.91,66877.03,67073.42,5767
2024-07-26 09:00:00,67071.2,67504.57,67054.38,67270.43,6812
2024-07-26 10:00:00,67268.46,67394.82,67130.27,67271.44,6317
2024-07-26 11:00:00,67274.29,67358.86,67103.71,67303.37,5363
2024-07-26 12:00:00,67301.87,67389.62,67064.36,67310.9,6871
2024-07-26 13:00:00,67312.66,68005.11,67133.8,67889.16,12254
2024-07-26 14:00:00,67887.47,68037.48,66878.23,67310.81,17894
2024-07-26 15:00:00,67307.27,67752.84,67267.65,67562.59,14278
2024-07-26 16:00:00,67562.51,67720.11,67346.44,67404.79,9621
2024-07-26 17:00:00,67403.54,67624.38,67282.82,67372.48,8926
2024-07-26 18:00:00,67375.28,67623.99,67316.43,67575.24,9476
2024-07-26 19:00:00,67572.0,68176.39,67522.11,68014.27,11438
2024-07-26 20:00:00,68011.15,68034.79,67391.39,67457.41,8717
2024-07-26 21:00:00,67460.89,68235.05,67433.87,67953.41,7559
2024-07-26 22:00:00,67947.37,68127.56,67838.44,67937.05,7469
2024-07-26 23:00:00,67940.96,68007.65,67836.93,67927.61,5663
2024-07-27 00:00:00,67924.65,67971.25,67811.33,67902.44,6562
2024-07-27 01:00:00,67894.08,67913.35,67630.99,67671.73,5808
2024-07-27 02:00:00,67667.5,68104.88,67635.99,68020.76,5948
2024-07-27 03:00:00,68018.69,68124.06,67764.06,67790.2,6493
2024-07-27 04:00:00,67795.84,67918.04,67773.06,67865.97,4912
2024-07-27 05:00:00,67867.2,68027.52,67855.68,67899.38,4247
2024-07-27 06:00:00,67897.43,68113.75,67879.24,68102.08,4235
2024-07-27 07:00:00,68102.8,68333.38,68053.37,68070.06,5569
2024-07-27 08:00:00,68071.6,68201.63,67888.73,67984.94,4534
2024-07-27 09:00:00,67989.02,68267.8,67944.62,68251.42,4754
2024-07-27 10:00:00,68246.29,68303.12,68100.06,68186.34,4200
2024-07-27 11:00:00,68186.31,68244.88,68046.73,68236.02,4641
2024-07-27 12:00:00,68237.83,68528.24,68215.52,68444.97,6697
2024-07-27 13:00:00,68444.06,69383.39,68393.37,69229.18,6820
2024-07-27 14:00:00,69240.6,69411.37,68785.92,68992.33,6345
2024-07-27 15:00:00,68997.16,69113.04,68581.56,68883.88,6480
2024-07-27 16:00:00,68881.86,69043.04,68624.96,68684.25,5396
2024-07-27 17:00:00,68687.6,68781.7,68405.1,68567.81,5732
2024-07-27 18:00:00,68568.28,69029.85,68504.37,68552.34,5939
2024-07-27 19:00:00,68549.77,68696.02,67768.84,68241.9,8612
2024-07-27 20:00:00,68245.04,68429.29,66572.52,67726.94,14666
2024-07-27 21:00:00,67731.92,69124.52,67529.04,68844.4,8983
2024-07-27 22:00:00,68842.28,68852.99,68527.56,68621.89,5364
2024-07-27 23:00:00,68619.9,68619.9,67746.11,67885.39,5415
2024-07-28 00:00:00,67886.84,68081.76,67227.9,67935.62,6096
2024-07-28 01:00:00,67937.32,68305.75,67871.38,68044.64,4772
2024-07-28 02:00:00,68044.42,68174.4,67907.42,68141.83,4417
2024-07-28 03:00:00,68139.72,68169.08,67873.56,67884.25,4286
2024-07-28 04:00:00,67884.52,68026.28,67260.63,67269.34,4605
2024-07-28 05:00:00,67276.5,67478.8,66976.17,67376.01,5636
2024-07-28 06:00:00,67381.68,67558.04,67312.08,67436.57,4482
2024-07-28 07:00:00,67435.01,67531.58,67242.37,67506.63,4321
2024-07-28 08:00:00,67506.18,67519.51,67154.01,67346.46,4393
2024-07-28 09:00:00,67347.75,67522.04,67258.72,67384.57,4423
2024-07-28 10:00:00,67385.05,67657.02,67339.95,67523.7,4567
2024-07-28 11:00:00,67516.19,67991.43,67508.01,67800.13,4913
2024-07-28 12:00:00,67805.73,68106.05,67676.79,67979.12,5233
2024-07-28 13:00:00,67978.24,68039.61,67808.09,67970.0,4683
2024-07-28 14:00:00,67970.22,68029.88,67586.21,67717.27,5256
2024-07-28 15:00:00,67716.44,67766.3,67511.08,67617.78,4997
2024-07-28 16:00:00,67616.54,67716.08,67555.41,67629.23,4749
2024-07-28 17:00:00,67624.23,67971.56,67621.69,67961.56,4517
2024-07-28 18:00:00,67964.11,68320.4,67875.5,68219.89,5635
2024-07-28 19:00:00,68220.02,68307.43,68044.06,68095.67,4877
2024-07-28 20:00:00,68096.8,68166.94,67903.6,67969.49,4400
2024-07-28 21:00:00,67974.61,68080.64,67756.42,68001.21,4323
2024-07-28 22:00:00,67997.92,68280.67,67889.58,67975.99,5986
2024-07-28 23:00:00,67972.34,68286.65,67896.19,68215.16,4737
2024-07-29 00:00:00,68204.9,69007.97,68121.22,68732.55,6423
2024-07-29 01:00:00,68729.8,68852.76,68329.08,68523.74,6007
2024-07-29 02:00:00,68519.83,69592.04,68502.82,69561.81,6472
2024-07-29 03:00:00,69555.89,69766.55,69243.65,69317.43,6004
2024-07-29 04:00:00,69317.56,69465.47,69212.37,69361.37,4809
2024-07-29 05:00:00,69361.64,69792.24,69347.23,69642.56,5021
2024-07-29 06:00:00,69639.92,69869.98,69517.89,69576.83,5567
2024-07-29 07:00:00,69580.79,69604.59,69415.54,69522.01,5063
2024-07-29 08:00:00,69517.15,69724.09,69340.3,69453.4,5363
2024-07-29 09:00:00,69454.83,69669.3,69432.97,69529.54,5844
2024-07-29 10:00:00,69531.39,69750.34,69372.13,69618.74,6922
2024-07-29 11:00:00,69618.39,69862.38,69581.12,69593.12,6125
2024-07-29 12:00:00,69591.65,69965.83,69392.6,69828.48,9390
2024-07-29 13:00:00,69824.96,70044.56,69095.36,69294.5,15986
2024-07-29 14:00:00,69300.21,69330.98,68024.49,68213.76,17701
2024-07-29 15:00:00,68215.38,68293.41,67624.39,68064.27,15038
2024-07-29 16:00:00,68069.38,68091.45,66757.49,66894.28,15263
2024-07-29 17:00:00,66896.36,67109.02,66459.8,66979.9,14365
2024-07-29 18:00:00,66977.16,67476.79,66879.08,67376.4,10180
2024-07-29 19:00:00,67376.61,67501.69,67183.16,67226.13,7253
2024-07-29 20:00:00,67230.93,67370.78,67090.74,67337.54,6654
2024-07-29 21:00:00,67339.4,67491.29,66959.82,67456.23,7378
2024-07-29 22:00:00,67457.09,67541.95,67067.96,67186.73,7523
2024-07-29 23:00:00,67186.06,67228.52,66554.18,66754.98,12753
2024-07-30 00:00:00,66749.6,66839.41,65869.54,66582.29,13670
2024-07-30 01:00:00,66586.89,66866.57,66042.58,66187.79,11623
2024-07-30 02:00:00,66190.53,66446.88,65930.78,66389.01,12613
2024-07-30 03:00:00,66391.22,66680.68,66323.25,66605.32,10846
2024-07-30 04:00:00,66608.8,66782.04,66493.23,66747.8,7721
2024-07-30 05:00:00,66750.02,66760.29,66283.67,66445.45,10237
2024-07-30 06:00:00,66439.38,66765.44,66417.67,66742.22,9626
2024-07-30 07:00:00,66737.75,66987.61,66737.75,66917.48,8717
2024-07-30 08:00:00,66921.64,66967.78,66685.06,66744.35,8617
2024-07-30 09:00:00,66751.39,66890.73,66418.2,66566.43,8099
2024-07-30 10:00:00,66570.64,66684.82,66367.24,66547.54,9223
2024-07-30 11:00:00,66553.21,66713.78,66428.51,66543.85,8850
2024-07-30 12:00:00,66549.26,66814.63,66199.2,66640.21,11390
2024-07-30 13:00:00,66637.36,66924.96,66278.34,66339.04,12669
2024-07-30 14:00:00,66334.51,66423.74,65654.96,65801.53,14569
2024-07-30 15:00:00,65799.87,66303.75,65547.24,66199.61,13234
2024-07-30 16:00:00,66201.09,66540.11,66070.41,66141.38,9234
2024-07-30 17:00:00,66138.71,66180.22,65670.21,65850.64,12143
2024-07-30 18:00:00,65847.14,66043.85,65579.67,65803.6,12591
2024-07-30 19:00:00,65805.56,65995.12,65551.51,65910.14,12790
2024-07-30 20:00:00,65912.13,66220.38,65331.86,66173.64,13419
2024-07-30 21:00:00,66177.85,66312.43,65926.19,66278.12,6975
2024-07-30 22:00:00,66273.62,66352.24,66074.09,66183.62,8463
2024-07-30 23:00:00,66188.44,66299.34,66083.92,66190.13,6886
2024-07-31 00:00:00,66190.59,66418.74,65854.34,66328.74,9634
2024-07-31 01:00:00,66332.63,66422.15,66062.28,66289.32,7305
2024-07-31 02:00:00,66292.71,66412.39,66039.53,66106.0,6739
2024-07-31 03:00:00,66108.49,66213.66,66007.44,66040.91,5504
2024-07-31 04:00:00,66038.77,66088.68,65473.83,65787.22,7598
2024-07-31 05:00:00,65784.72,66180.16,65564.97,66128.84,7992
2024-07-31 06:00:00,66133.02,66533.43,66063.31,66435.92,8294
2024-07-31 07:00:00,66438.56,66522.89,66150.2,66172.93,7488
2024-07-31 08:00:00,66175.71,66360.37,65986.06,66274.74,7326
2024-07-31 09:00:00,66271.89,66345.07,66109.5,66219.65,7010
2024-07-31 10:00:00,66220.1,66225.62,65907.19,65970.22,5741
2024-07-31 11:00:00,65970.73,66121.58,65892.6,66049.31,5714
2024-07-31 12:00:00,66051.64,66260.06,65924.81,66120.77,8260
2024-07-31 13:00:00,66115.95,66838.75,66070.89,66507.91,10862
2024-07-31 14:00:00,66504.65,66745.28,65965.21,66424.36,12070
2024-07-31 15:00:00,66422.31,66547.42,66285.35,66363.49,9869
2024-07-31 16:00:00,66366.07,66748.11,66247.79,66340.24,9182
2024-07-31 17:00:00,66336.8,66817.24,66260.75,66690.44,9578
2024-07-31 18:00:00,66691.25,66716.6,66100.79,66495.54,12582
2024-07-31 19:00:00,66498.35,66642.17,64963.62,65258.63,14729
2024-07-31 20:00:00,65253.83,65411.77,64496.59,64568.13,16635
2024-07-31 21:00:00,64565.18,65127.99,64490.5,64956.78,11760
2024-07-31 22:00:00,64960.38,65059.31,64592.75,64951.06,10076
2024-07-31 23:00:00,64953.31,64986.07,64587.1,64616.02,7516
2024-08-01 00:00:00,64614.88,64834.54,64328.31,64616.22,8572
2024-08-01 01:00:00,64620.02,64797.38,64072.71,64151.53,9813
2024-08-01 02:00:00,64157.38,64238.76,63827.03,64066.44,12382
2024-08-01 03:00:00,64063.57,64085.85,63680.32,63871.16,11143
2024-08-01 04:00:00,63869.13,64000.71,63568.02,63680.1,10904
2024-08-01 05:00:00,63677.96,64324.92,63513.37,64265.54,10289
2024-08-01 06:00:00,64260.6,64442.17,64072.64,64152.35,9354
2024-08-01 07:00:00,64157.9,64478.51,64142.8,64287.57,9538
2024-08-01 08:00:00,64283.8,64539.53,64264.51,64478.68,7780
2024-08-01 09:00:00,64470.57,64684.37,64448.09,64478.9,5812
2024-08-01 10:00:00,64479.27,64614.46,64279.67,64559.53,6510
2024-08-01 11:00:00,64556.51,64689.47,64439.06,64673.95,7051
2024-08-01 12:00:00,64668.84,64901.03,64614.03,64853.19,7607
2024-08-01 13:00:00,64853.8,64932.56,64440.99,64732.4,7755
2024-08-01 14:00:00,64736.68,64783.49,63900.97,63900.97,12411
2024-08-01 15:00:00,63905.2,63954.41,62630.28,62847.91,19065
2024-08-01 16:00:00,62849.67,63187.33,62605.0,62860.77,17784
2024-08-01 17:00:00,62859.86,63231.18,62202.66,63158.11,16440
2024-08-01 18:00:00,63160.45,63369.9,62711.54,62886.79,15911
2024-08-01 19:00:00,62882.27,63444.03,62843.21,63357.28,13251
2024-08-01 20:00:00,63354.43,64740.29,63287.97,64693.9,14821
2024-08-01 21:00:00,64698.57,65306.0,64569.82,64863.61,10858
2024-08-01 22:00:00,64859.85,65601.47,64826.03,65121.45,14196
2024-08-01 23:00:00,65124.19,65433.91,64917.62,65300.37,10862
2024-08-02 00:00:00,65295.61,65577.39,64830.33,64865.5,10010
2024-08-02 01:00:00,64868.22,64875.35,64526.24,64608.3,10490
2024-08-02 02:00:00,64610.81,64796.15,63646.88,64342.7,13850
2024-08-02 03:00:00,64339.65,64596.09,64223.41,64563.46,10558
2024-08-02 04:00:00,64566.87,64616.07,64412.25,64501.69,9152
2024-08-02 05:00:00,64501.94,64510.72,64068.37,64181.3,9781
2024-08-02 06:00:00,64184.17,64630.76,63799.15,64453.92,11732
2024-08-02 07:00:00,64452.3,64520.0,64122.18,64151.54,11993
2024-08-02 08:00:00,64154.67,64597.42,64008.54,64582.79,10876
2024-08-02 09:00:00,64581.67,64607.65,64390.72,64494.05,9100
2024-08-02 10:00:00,64496.27,64833.11,64351.27,64705.44,9873
2024-08-02 11:00:00,64703.51,64825.29,64656.71,64681.48,8825
2024-08-02 12:00:00,64681.96,64846.09,64426.17,64773.45,12548
2024-08-02 13:00:00,64778.63,65475.42,64640.0,65220.16,15358
2024-08-02 14:00:00,65216.49,65290.93,63131.44,63223.78,18630
2024-08-02 15:00:00,63225.43,63535.55,62498.8,63401.92,19926
2024-08-02 16:00:00,63400.97,63603.74,62941.01,63281.37,16610
2024-08-02 17:00:00,63283.57,63352.02,63025.96,63075.44,12443
2024-08-02 18:00:00,63075.66,63147.77,62828.71,62899.11,11891
2024-08-02 19:00:00,62895.51,62902.76,62481.74,62606.21,13290
2024-08-02 20:00:00,62601.77,63049.43,62223.55,62464.31,16215
2024-08-02 21:00:00,62469.94,62569.22,61391.77,62023.92,15890
2024-08-02 22:00:00,62027.3,62180.99,61326.0,61407.74,10727
2024-08-02 23:00:00,61404.51,61735.13,61344.06,61443.38,10392
2024-08-03 00:00:00,61445.52,61606.82,60860.57,60912.79,11142
2024-08-03 01:00:00,60917.27,61178.0,60371.95,61139.2,16521
2024-08-03 02:00:00,61134.34,61425.16,61098.02,61342.4,12654
2024-08-03 03:00:00,61340.91,61833.6,61272.25,61764.11,8356
2024-08-03 04:00:00,61759.32,61852.07,61526.31,61624.54,7120
2024-08-03 05:00:00,61625.92,61714.76,61451.36,61591.72,6461
2024-08-03 06:00:00,61588.95,61795.37,61560.32,61781.02,6571
2024-08-03 07:00:00,61783.05,61851.82,61654.67,61679.62,5406
2024-08-03 08:00:00,61674.0,61724.1,61506.23,61566.74,6844
2024-08-03 09:00:00,61570.16,61659.3,61434.49,61636.28,6846
2024-08-03 10:00:00,61639.27,61806.59,61589.24,61750.71,5680
2024-08-03 11:00:00,61751.93,61970.69,61716.43,61914.7,5920
2024-08-03 12:00:00,61911.26,62222.86,61878.75,62081.27,6850
2024-08-03 13:00:00,62083.48,62128.32,61871.93,61953.3,6311
2024-08-03 14:00:00,61953.69,62203.32,61854.61,62041.23,6883
2024-08-03 15:00:00,62040.89,62108.48,61555.21,61596.42,15244
2024-08-03 16:00:00,61596.06,61715.02,60383.12,60820.32,17121
2024-08-03 17:00:00,60817.93,60878.2,60519.08,60620.68,11198
2024-08-03 18:00:00,60620.17,60759.81,60362.75,60398.91,10081
2024-08-03 19:00:00,60401.31,60570.0,59822.75,60154.05,13508
2024-08-03 20:00:00,60155.45,60691.18,60079.31,60356.79,11919
2024-08-03 21:00:00,60358.61,60832.82,59782.73,60578.83,12438
2024-08-03 22:00:00,60579.84,60737.62,60313.28,60573.56,9513
2024-08-03 23:00:00,60573.56,60786.62,60334.95,60672.85,10990
2024-08-04 00:00:00,60673.15,60785.98,60559.64,60711.68,11192
2024-08-04 01:00:00,60711.66,60738.56,60259.28,60685.08,11732
2024-08-04 02:00:00,60684.67,61095.87,60655.35,60860.48,12588
2024-08-04 03:00:00,60859.72,60893.21,60654.63,60693.71,9206
2024-08-04 04:00:00,60693.7,60762.42,60504.66,60527.91,8108
2024-08-04 05:00:00,60527.91,60903.45,60498.22,60752.38,9182
2024-08-04 06:00:00,60752.38,60823.23,60657.48,60773.83,8609
2024-08-04 07:00:00,60773.68,60788.74,60192.12,60313.86,9402
2024-08-04 08:00:00,60309.25,60612.1,60034.28,60505.01,11908
2024-08-04 09:00:00,60504.9,60692.41,60441.17,60656.42,9360
2024-08-04 10:00:00,60656.42,60795.94,60475.49,60764.46,10614
2024-08-04 11:00:00,60764.6,60979.56,60724.74,60859.39,11165
2024-08-04 12:00:00,60859.39,61068.18,60751.4,61030.4,11935
2024-08-04 13:00:00,61030.4,61056.57,60784.18,60785.11,12252
2024-08-04 14:00:00,60784.83,60841.93,59231.72,59524.11,17692
2024-08-04 15:00:00,59524.01,59539.85,58845.41,58989.71,16722
2024-08-04 16:00:00,58989.71,59218.14,58513.06,58571.5,16795
2024-08-04 17:00:00,58571.0,58653.48,56976.48,57752.93,24822
2024-08-04 18:00:00,57751.7,58839.46,57621.27,58666.39,20299
2024-08-04 19:00:00,58666.39,59429.88,58439.94,59191.15,17995
2024-08-04 20:00:00,59191.15,59531.28,58784.07,59088.7,15001
2024-08-04 21:00:00,59088.7,59099.8,58282.65,58398.78,10337
2024-08-04 22:00:00,58398.11,59064.78,58311.49,58643.23,16325
2024-08-04 23:00:00,58643.37,58692.43,57915.23,58091.28,14074
2024-08-05 00:00:00,58091.28,58231.9,55608.71,56105.3,28419
2024-08-05 01:00:00,56105.17,56234.47,52218.52,54415.61,41677
2024-08-05 02:00:00,54405.52,54696.54,53576.25,54675.95,30845
2024-08-05 03:00:00,54676.06,54689.53,53743.54,53859.86,22873
2024-08-05 04:00:00,53865.27,54536.88,53354.35,53514.95,21414
2024-08-05 05:00:00,53507.84,53825.03,52230.01,52672.93,35242
2024-08-05 06:00:00,52676.02,52930.47,48941.34,51585.71,47309
2024-08-05 07:00:00,51585.71,53118.23,51349.63,52703.8,31870
2024-08-05 08:00:00,52702.64,53275.09,52316.15,52784.18,28916
2024-08-05 09:00:00,52786.47,52975.88,51777.29,52698.26,24791
2024-08-05 10:00:00,52695.92,52695.92,50705.88,51422.06,31434
2024-08-05 11:00:00,51422.06,51953.06,50644.26,51359.57,33065
2024-08-05 12:00:00,51359.57,51582.57,49543.48,49814.85,38588
2024-08-05 13:00:00,49814.85,52554.49,49584.81,51962.69,43548
2024-08-05 14:00:00,51962.69,54533.56,51957.9,54100.3,41467
2024-08-05 15:00:00,54100.3,55042.47,53556.48,54382.07,33528
2024-08-05 16:00:00,54380.68,55624.49,54089.15,54092.57,31217
2024-08-05 17:00:00,54094.67,55112.94,53810.3,54750.43,25391
2024-08-05 18:00:00,54750.28,54769.18,53014.26,53143.89,24483
2024-08-05 19:00:00,53145.86,53650.58,52587.62,53513.48,28909
2024-08-05 20:00:00,53513.48,54450.05,53503.96,54429.14,21151
2024-08-05 21:00:00,54429.14,55254.06,54302.49,54424.51,15231
2024-08-05 22:00:00,54424.51,55002.76,54233.73,54720.44,17185
2024-08-05 23:00:00,54720.44,55114.9,53902.56,54049.51,16459
2024-08-06 00:00:00,54042.56,56126.74,53977.92,56083.19,24557
2024-08-06 01:00:00,56083.22,56320.6,55472.42,55753.77,20623
2024-08-06 02:00:00,55753.77,56115.41,55672.62,55899.06,16884
2024-08-06 03:00:00,55899.06,55951.48,55521.75,55729.71,15888
2024-08-06 04:00:00,55729.71,55820.48,55296.39,55541.02,16527
2024-08-06 05:00:00,55541.02,56058.25,55305.7,55993.81,18234
2024-08-06 06:00:00,55993.81,56120.18,55581.98,55847.18,17803
2024-08-06 07:00:00,55848.19,56219.83,55502.0,56067.21,16955
2024-08-06 08:00:00,56068.48,56200.3,54676.9,55061.05,22323
2024-08-06 09:00:00,55064.95,55356.57,54643.47,55245.8,22598
2024-08-06 10:00:00,55245.8,55475.91,54912.4,55101.09,19584
2024-08-06 11:00:00,55101.3,55467.18,54899.65,55284.85,18102
2024-08-06 12:00:00,55284.85,55557.79,54761.86,54852.01,19561
2024-08-06 13:00:00,54851.72,55513.53,54403.62,55272.28,25521
2024-08-06 14:00:00,55273.36,56703.23,55212.49,56217.87,30505
2024-08-06 15:00:00,56217.87,56518.52,55815.6,56490.07,22433
2024-08-06 16:00:00,56490.07,57009.06,56320.77,56874.51,20024
2024-08-06 17:00:00,56876.37,57037.45,56580.05,56597.56,18459
2024-08-06 18:00:00,56597.15,57137.16,56443.89,56831.7,16224
2024-08-06 19:00:00,56831.7,56968.99,56379.17,56872.37,15307
2024-08-06 20:00:00,56872.37,56964.51,56298.26,56645.83,15408
2024-08-06 21:00:00,56645.83,56736.22,56205.16,56548.15,9953
2024-08-06 22:00:00,56548.14,57040.64,56032.57,56286.88,17226
2024-08-06 23:00:00,56286.68,56496.97,55895.19,56093.43,14050
2024-08-07 00:00:00,56094.33,56462.25,55620.72,56363.37,18612
2024-08-07 01:00:00,56363.31,57120.8,55870.87,57036.76,17333
2024-08-07 02:00:00,57054.71,57351.93,56548.6,56820.32,16902
2024-08-07 03:00:00,56820.94,57040.42,56638.75,56902.61,12599
2024-08-07 04:00:00,56903.2,57312.49,56794.04,57115.64,13702
2024-08-07 05:00:00,57115.64,57309.38,56744.89,56845.62,13088
2024-08-07 06:00:00,56845.8,57045.64,56743.76,56888.08,14133
2024-08-07 07:00:00,56887.33,57142.21,56583.49,56979.6,12929
2024-08-07 08:00:00,56979.6,57523.73,56910.79,57388.78,11797
2024-08-07 09:00:00,57388.78,57724.69,57212.42,57395.87,16590
2024-08-07 10:00:00,57395.87,57780.1,57302.17,57385.01,13660
2024-08-07 11:00:00,57385.01,57439.98,56927.8,57025.79,15622
2024-08-07 12:00:00,57025.78,57392.99,56870.05,57352.1,16766
2024-08-07 13:00:00,57352.1,57530.35,56759.25,56885.62,20349
2024-08-07 14:00:00,56879.31,57048.79,55671.96,56117.33,25018
2024-08-07 15:00:00,56117.83,56434.36,55800.17,56110.94,20490
2024-08-07 16:00:00,56110.94,56324.34,55848.72,56159.59,17688
2024-08-07 17:00:00,56160.27,56351.68,55460.98,55583.53,19653
2024-08-07 18:00:00,55583.53,55649.26,54683.51,54828.53,21965
2024-08-07 19:00:00,54828.53,55166.14,54707.74,54787.89,17466
2024-08-07 20:00:00,54787.9,55314.52,54643.95,55156.66,16630
2024-08-07 21:00:00,55156.66,55587.44,54869.93,55421.17,11783
2024-08-07 22:00:00,55421.17,55471.36,54568.01,55295.68,15725
2024-08-07 23:00:00,55295.7,55456.13,54934.07,55134.19,12813
2024-08-08 00:00:00,55134.79,55371.82,54736.7,55308.33,15004
2024-08-08 01:00:00,55308.33,57733.15,55274.33,56905.7,20240
2024-08-08 02:00:00,56906.18,57699.13,56855.54,57424.46,17453
2024-08-08 03:00:00,57426.36,57707.72,57119.62,57125.62,14232
2024-08-08 04:00:00,57129.35,57313.39,56724.49,56822.62,14181
2024-08-08 05:00:00,56822.62,57085.44,56775.62,57032.0,12507
2024-08-08 06:00:00,57031.84,57429.84,56851.71,57293.49,13510
2024-08-08 07:00:00,57293.49,57493.29,57194.32,57263.4,12892
2024-08-08 08:00:00,57263.4,57451.81,57183.86,57299.94,11723
2024-08-08 09:00:00,57299.93,57550.78,57029.83,57395.31,12757
2024-08-08 10:00:00,57395.32,57628.83,57239.03,57437.98,12723
2024-08-08 11:00:00,57437.97,57737.81,57303.87,57375.01,13019
2024-08-08 12:00:00,57375.01,58560.46,57122.3,57959.0,21248
2024-08-08 13:00:00,57950.57,58296.2,56738.16,57320.85,24059
2024-08-08 14:00:00,57320.86,59045.27,57211.33,58952.98,23021
2024-08-08 15:00:00,58952.98,59540.67,58677.99,59444.07,21931
2024-08-08 16:00:00,59444.21,59896.33,59369.75,59574.27,23134
2024-08-08 17:00:00,59574.27,59884.84,59287.1,59488.77,16472
2024-08-08 18:00:00,59488.77,59718.83,59338.34,59346.95,11298
2024-08-08 19:00:00,59346.13,59871.77,59296.62,59484.46,14689
2024-08-08 20:00:00,59485.2,59740.5,59372.82,59549.52,9859
2024-08-08 21:00:00,59549.67,61417.3,59549.67,61197.18,10975
2024-08-08 22:00:00,61212.46,62564.54,60648.15,62365.88,21797
2024-08-08 23:00:00,62364.68,62800.0,61630.92,61707.13,19585
2024-08-09 00:00:00,61707.13,61772.38,61104.16,61236.21,15879
2024-08-09 01:00:00,61236.04,61572.6,60778.48,61433.53,14437
2024-08-09 02:00:00,61433.53,61490.81,61164.89,61250.22,10670
2024-08-09 03:00:00,61250.21,61591.4,61183.75,61367.74,9809
2024-08-09 04:00:00,61367.99,61397.83,60710.64,60724.29,11524
2024-08-09 05:00:00,60728.5,60997.76,60573.91,60995.0,12228
2024-08-09 06:00:00,60995.0,61123.82,60729.67,60887.71,11936
2024-08-09 07:00:00,60887.71,61238.6,60748.4,60876.94,10596
2024-08-09 08:00:00,60876.94,61122.9,60598.55,61093.57,11499
2024-08-09 09:00:00,61093.57,61225.1,60693.72,60750.46,11416
2024-08-09 10:00:00,60750.46,60845.88,60174.64,60594.57,14572
2024-08-09 11:00:00,60594.58,60807.1,60353.19,60661.73,11771
2024-08-09 12:00:00,60661.22,60803.69,60234.5,60565.31,13121
2024-08-09 13:00:00,60565.51,60758.24,59797.02,60446.29,19616
2024-08-09 14:00:00,60446.29,61104.9,59532.84,60351.97,25720
2024-08-09 15:00:00,60351.97,60591.79,59779.5,59806.59,17968
2024-08-09 16:00:00,59806.72,60447.43,59719.77,60423.78,15865
2024-08-09 17:00:00,60423.78,60749.42,60150.59,60206.49,14392
2024-08-09 18:00:00,60206.48,60370.37,59827.71,60310.97,13599
2024-08-09 19:00:00,60310.97,60764.48,60114.19,60695.54,12605
2024-08-09 20:00:00,60695.54,61009.76,60533.19,60760.55,10769
2024-08-09 21:00:00,60760.55,60893.34,59928.39,60749.9,11346
2024-08-09 22:00:00,60749.47,61007.98,60304.34,60776.83,13283
2024-08-09 23:00:00,60776.83,60945.39,60356.81,60850.64,10417
2024-08-10 00:00:00,60850.64,61492.9,60498.57,60566.42,13880
2024-08-10 01:00:00,60564.82,60983.49,60454.68,60475.99,10487
2024-08-10 02:00:00,60475.99,60742.47,60323.83,60556.15,11436
2024-08-10 03:00:00,60556.15,60556.15,60263.63,60450.11,8753
2024-08-10 04:00:00,60450.47,60455.73,60242.06,60417.7,9751
2024-08-10 05:00:00,60415.09,60476.47,60324.06,60378.48,9218
2024-08-10 06:00:00,60378.47,60528.1,60330.01,60470.74,7054
2024-08-10 07:00:00,60470.74,60866.09,60470.74,60850.39,8469
2024-08-10 08:00:00,60850.4,60901.24,60620.08,60751.22,10904
2024-08-10 09:00:00,60749.34,61128.89,60743.81,60914.24,9674
2024-08-10 10:00:00,60914.24,61035.21,60642.04,60784.43,10599
2024-08-10 11:00:00,60782.28,61022.87,60755.83,60927.82,10699
2024-08-10 12:00:00,60927.82,60957.73,60715.78,60731.47,7910
2024-08-10 13:00:00,60733.66,60764.33,60428.2,60449.2,10551
2024-08-10 14:00:00,60449.2,60683.67,60408.97,60589.22,11699
2024-08-10 15:00:00,60589.21,60761.38,60498.75,60521.1,9655
2024-08-10 16:00:00,60521.1,60729.11,60397.14,60682.26,8945
2024-08-10 17:00:00,60683.21,60874.07,60557.83,60774.26,7711
2024-08-10 18:00:00,60774.26,61221.51,60736.57,60976.09,10704
2024-08-10 19:00:00,60976.49,61152.16,60854.74,61039.23,8274
2024-08-10 20:00:00,61039.23,61131.78,60905.43,61002.86,7094
2024-08-10 21:00:00,61002.86,61183.19,60976.47,61078.76,6658
2024-08-10 22:00:00,61078.08,61091.02,60892.64,60941.65,6243
2024-08-10 23:00:00,60941.87,60959.49,60760.72,60928.52,6959
2024-08-11 00:00:00,60928.53,61266.39,60896.78,61113.63,9663
2024-08-11 01:00:00,61113.63,61185.38,60972.1,61129.11,6854
2024-08-11 02:00:00,61129.11,61156.15,60994.92,61045.12,6233
2024-08-11 03:00:00,61045.12,61387.28,61036.17,61104.53,7873
2024-08-11 04:00:00,61104.54,61162.77,60884.47,60908.34,6284
2024-08-11 05:00:00,60908.34,61165.6,60894.05,61120.99,6417
2024-08-11 06:00:00,61120.99,61182.97,61016.35,61139.66,6805
2024-08-11 07:00:00,61139.81,61277.2,61097.16,61262.79,8176
2024-08-11 08:00:00,61262.79,61444.83,61167.18,61278.54,8360
2024-08-11 09:00:00,61278.54,61997.68,61023.58,61131.72,11077
2024-08-11 10:00:00,61131.72,61295.57,60954.37,61057.36,9536
2024-08-11 11:00:00,61057.36,61094.48,60432.08,60684.65,12821
2024-08-11 12:00:00,60684.65,60731.3,60233.98,60507.18,11995
2024-08-11 13:00:00,60507.19,60632.16,60175.6,60472.1,12282
2024-08-11 14:00:00,60472.09,60785.44,60208.66,60360.7,11504
2024-08-11 15:00:00,60362.24,60451.31,59955.91,60147.46,13235
2024-08-11 16:00:00,60147.46,60307.83,59999.68,60193.65,10752
2024-08-11 17:00:00,60193.79,60370.82,60021.56,60271.26,8286
2024-08-11 18:00:00,60271.26,60363.42,60132.88,60276.95,8753
2024-08-11 19:00:00,60276.95,60291.46,59552.47,59646.49,11019
2024-08-11 20:00:00,59646.49,59706.41,58305.95,58535.54,19680
2024-08-11 21:00:00,58535.54,59119.42,58320.42,59038.8,13912
2024-08-11 22:00:00,59038.8,59381.29,58550.08,59018.61,16690
2024-08-11 23:00:00,59022.62,59049.89,58717.67,58747.53,11267
2024-08-12 00:00:00,58747.53,59102.69,58127.61,58479.55,16489
2024-08-12 01:00:00,58479.55,58809.86,58290.91,58607.61,12206
2024-08-12 02:00:00,58607.73,58769.11,58335.76,58726.12,11500
2024-08-12 03:00:00,58726.12,58844.02,58452.16,58537.08,9288
2024-08-12 04:00:00,58537.08,58697.81,58380.46,58547.92,9444
2024-08-12 05:00:00,58547.92,58724.19,58424.07,58596.89,9364
2024-08-12 06:00:00,58596.89,58667.42,58150.49,58411.78,11203
2024-08-12 07:00:00,58411.78,59005.32,57652.44,58690.49,19064
2024-08-12 08:00:00,58690.49,59048.15,58257.63,58348.92,13966
2024-08-12 09:00:00,58348.92,58678.47,58196.3,58329.87,14317
2024-08-12 10:00:00,58329.87,59033.5,58141.63,59000.11,13595
2024-08-12 11:00:00,59000.1,60000.76,58907.37,59875.32,18578
2024-08-12 12:00:00,59875.65,59962.48,59541.76,59747.58,15402
2024-08-12 13:00:00,59741.35,59906.23,58007.16,58189.7,19254
2024-08-12 14:00:00,58189.7,60708.39,57824.02,60314.11,29510
2024-08-12 15:00:00,60313.31,60538.39,59239.96,60220.2,24500
2024-08-12 16:00:00,60220.2,60446.28,59566.17,59624.25,17349
2024-08-12 17:00:00,59624.25,59934.93,59259.75,59315.2,13839
2024-08-12 18:00:00,59315.2,59506.16,58446.01,58552.3,16112
2024-08-12 19:00:00,58561.14,59308.87,58561.14,59057.88,15352
2024-08-12 20:00:00,59060.19,59405.04,58736.8,58856.46,12699
2024-08-12 21:00:00,58856.72,59251.98,58575.17,58994.26,12104
2024-08-12 22:00:00,58994.26,59276.76,58857.99,59064.71,10264
2024-08-12 23:00:00,59064.71,59752.79,59032.46,59370.06,12054
2024-08-13 00:00:00,59370.04,59906.04,59279.05,59809.41,13508
2024-08-13 01:00:00,59808.96,59943.27,59472.2,59753.14,11596
2024-08-13 02:00:00,59753.14,59798.73,59296.3,59489.24,9531
2024-08-13 03:00:00,59489.41,59541.6,58885.55,59062.61,12498
2024-08-13 04:00:00,59062.61,59283.64,58856.92,59251.63,11193
2024-08-13 05:00:00,59251.63,59398.73,59122.25,59236.9,10573
2024-08-13 06:00:00,59236.89,59495.01,59004.55,59380.88,11361
2024-08-13 07:00:00,59380.88,59483.16,59074.84,59260.42,9036
2024-08-13 08:00:00,59260.42,59354.24,58954.28,59113.83,10569
2024-08-13 09:00:00,59113.83,59122.02,58720.96,58969.86,12019
2024-08-13 10:00:00,58969.86,59002.59,58434.84,58708.88,11705
2024-08-13 11:00:00,58708.89,58951.4,58593.9,58865.32,10116
2024-08-13 12:00:00,58865.32,59226.27,58731.93,59149.28,16784
2024-08-13 13:00:00,59149.28,59450.47,58855.72,59412.58,17124
2024-08-13 14:00:00,59412.59,59812.62,59048.94,59671.92,18905
2024-08-13 15:00:00,59671.92,59758.61,59370.65,59490.53,13468
2024-08-13 16:00:00,59490.53,61208.69,59470.69,61188.8,17887
2024-08-13 17:00:00,61188.8,61615.99,60933.49,61193.03,19358
2024-08-13 18:00:00,61193.02,61235.47,60774.55,60811.91,13815
2024-08-13 19:00:00,60811.91,60982.6,60237.62,60826.66,14842
2024-08-13 20:00:00,60829.67,60994.27,60567.79,60574.94,8817
2024-08-13 21:00:00,60574.93,61161.24,60510.69,61054.33,9001
2024-08-13 22:00:00,61054.33,61089.28,60455.06,60610.12,8845
2024-08-13 23:00:00,60610.12,60640.79,60396.96,60601.8,7572
2024-08-14 00:00:00,60601.8,60888.57,60440.87,60811.3,10728
2024-08-14 01:00:00,60811.3,60851.7,60544.03,60549.25,8651
2024-08-14 02:00:00,60549.25,60889.72,60511.58,60850.36,8501
2024-08-14 03:00:00,60850.36,61348.6,60850.36,60986.83,10179
2024-08-14 04:00:00,60988.0,61188.7,60914.14,60973.95,10060
2024-08-14 05:00:00,60973.95,61107.17,60821.69,60867.05,9359
2024-08-14 06:00:00,60867.05,60938.3,60653.77,60894.86,9999
2024-08-14 07:00:00,60894.86,60975.63,60727.59,60953.6,8452
2024-08-14 08:00:00,60953.6,60977.54,60661.64,60932.73,9945
2024-08-14 09:00:00,60932.73,61024.3,60838.28,60884.18,8464
2024-08-14 10:00:00,60884.18,61365.31,60865.68,61129.13,12957
2024-08-14 11:00:00,61129.13,61479.8,60898.28,61333.89,12337
2024-08-14 12:00:00,61333.89,61913.97,60880.2,61107.59,19939
2024-08-14 13:00:00,61107.59,61213.96,59506.78,59653.61,21222
2024-08-14 14:00:00,59654.15,59667.16,58846.24,59541.25,21826
2024-08-14 15:00:00,59541.21,59872.21,58937.5,59480.04,16375
2024-08-14 16:00:00,59480.04,59507.48,58586.48,59163.52,16656
2024-08-14 17:00:00,59163.41,59421.13,59071.02,59199.71,13407
2024-08-14 18:00:00,59199.67,59508.45,58820.26,59015.54,11295
2024-08-14 19:00:00,59015.54,59149.99,58723.44,58925.04,11215
2024-08-14 20:00:00,58922.65,59213.0,58913.22,59173.25,7347
2024-08-14 21:00:00,59173.24,59184.77,58888.48,58944.83,5634
2024-08-14 22:00:00,58945.13,59054.11,58434.1,59020.32,11927
2024-08-14 23:00:00,59020.32,59072.91,58703.52,58714.15,7021
2024-08-15 00:00:00,58714.15,59066.13,58698.26,59018.15,9802
2024-08-15 01:00:00,59018.67,59087.72,58136.69,58227.14,9214
2024-08-15 02:00:00,58227.15,58571.17,58020.86,58428.88,13253
2024-08-15 03:00:00,58428.88,58505.32,58350.24,58462.79,8390
2024-08-15 04:00:00,58462.79,58490.9,58145.73,58381.52,9617
2024-08-15 05:00:00,58381.52,58647.73,58182.87,58329.88,10736
2024-08-15 06:00:00,58329.88,58403.77,57821.88,58098.39,12204
2024-08-15 07:00:00,58098.39,58147.89,57686.03,58038.96,12144
2024-08-15 08:00:00,58038.96,58393.89,57942.67,58369.37,13459
2024-08-15 09:00:00,58369.49,58570.35,58296.65,58428.18,9983
2024-08-15 10:00:00,58421.93,58562.8,58302.12,58370.39,10938
2024-08-15 11:00:00,58370.39,58882.42,58366.83,58762.14,13440
2024-08-15 12:00:00,58762.14,59397.69,58615.92,58814.5,17628
2024-08-15 13:00:00,58814.25,59499.98,58554.98,59473.82,19157
2024-08-15 14:00:00,59473.67,59767.38,59219.04,59443.85,18328
2024-08-15 15:00:00,59443.85,59795.43,59286.3,59707.72,12930
2024-08-15 16:00:00,59704.72,59881.99,59456.97,59568.85,12630
2024-08-15 17:00:00,59569.2,59584.06,58797.01,58900.91,13888
2024-08-15 18:00:00,58900.91,58907.11,57533.94,57864.98,22921
2024-08-15 19:00:00,57864.99,57958.22,56650.11,57035.26,20911
2024-08-15 20:00:00,57032.08,57115.93,55980.97,56648.31,13177
2024-08-15 21:00:00,56650.96,57620.34,56583.89,57604.31,13006
2024-08-15 22:00:00,57604.31,57889.64,57361.88,57614.12,13425
2024-08-15 23:00:00,57614.12,57828.69,57473.56,57542.99,9742
2024-08-16 00:00:00,57543.7,57661.96,57337.81,57448.23,11986
2024-08-16 01:00:00,57448.23,57601.3,57069.58,57522.56,10539
2024-08-16 02:00:00,57522.44,58503.46,57302.18,58196.58,14331
2024-08-16 03:00:00,58196.59,58237.13,57809.88,57895.87,10457
2024-08-16 04:00:00,57895.87,58330.31,57804.14,58313.19,10994
2024-08-16 05:00:00,58313.19,58342.41,58114.8,58197.98,9511
2024-08-16 06:00:00,58197.2,58665.41,58060.04,58545.44,11509
2024-08-16 07:00:00,58546.63,58583.19,58324.49,58467.53,10435
2024-08-16 08:00:00,58467.54,58628.84,58334.21,58377.9,9982
2024-08-16 09:00:00,58377.43,58708.31,58272.28,58708.31,10614
2024-08-16 10:00:00,58708.31,58708.31,58316.81,58450.51,10617
2024-08-16 11:00:00,58450.51,58650.2,58225.14,58409.63,12019
2024-08-16 12:00:00,58409.63,58533.98,57529.54,57875.91,17975
2024-08-16 13:00:00,57878.11,58937.53,57754.65,58364.02,22376
2024-08-16 14:00:00,58364.02,58492.76,57852.36,58021.95,21032
2024-08-16 15:00:00,58021.95,58213.87,57608.83,58065.4,17006
2024-08-16 16:00:00,58060.32,58738.57,57990.36,58579.19,15702
2024-08-16 17:00:00,58579.19,59392.59,58403.1,59250.25,16888
2024-08-16 18:00:00,59250.26,59620.52,59110.62,59509.94,17275
2024-08-16 19:00:00,59510.79,59887.51,59450.43,59749.02,15718
2024-08-16 20:00:00,59749.02,59783.58,59216.95,59295.11,13431
2024-08-16 21:00:00,59291.89,59350.76,58976.27,59058.45,8483
2024-08-16 22:00:00,59058.45,59222.2,59006.55,59006.55,8570
2024-08-16 23:00:00,59006.55,59089.53,58773.52,58910.5,9827
2024-08-17 00:00:00,58910.5,59293.69,58814.75,59211.76,11137
2024-08-17 01:00:00,59211.76,59427.66,59141.24,59289.04,10962
2024-08-17 02:00:00,59289.03,59377.07,59141.5,59191.35,8983
2024-08-17 03:00:00,59191.35,59221.79,59023.74,59195.61,9965
2024-08-17 04:00:00,59196.66,59322.23,59116.17,59279.02,9213
2024-08-17 05:00:00,59279.02,59307.79,59198.04,59218.81,8277
2024-08-17 06:00:00,59218.81,59286.44,59196.41,59213.72,6572
2024-08-17 07:00:00,59213.72,59322.26,59101.35,59302.84,10382
2024-08-17 08:00:00,59302.84,59351.91,59205.84,59324.67,6834
2024-08-17 09:00:00,59325.49,59524.72,59249.57,59359.82,9272
2024-08-17 10:00:00,59359.82,59395.67,59118.28,59148.97,8476
2024-08-17 11:00:00,59149.24,59225.26,59092.28,59178.26,8278
2024-08-17 12:00:00,59178.25,59332.63,59129.17,59284.65,9125
2024-08-17 13:00:00,59284.65,59495.85,59237.14,59371.71,9702
2024-08-17 14:00:00,59371.71,59644.25,59299.93,59582.47,8011
2024-08-17 15:00:00,59582.47,59721.24,59403.12,59437.25,9895
2024-08-17 16:00:00,59437.25,59767.49,59437.25,59656.06,9727
2024-08-17 17:00:00,59656.06,59715.46,59466.06,59479.33,8206
2024-08-17 18:00:00,59479.33,59518.76,59332.0,59451.01,7319
2024-08-17 19:00:00,59451.01,59596.33,59417.69,59517.36,7279
2024-08-17 20:00:00,59517.35,59552.0,59361.78,59432.34,6534
2024-08-17 21:00:00,59432.34,59473.42,59184.42,59352.32,5340
2024-08-17 22:00:00,59352.32,59393.34,59280.26,59361.18,6576
2024-08-17 23:00:00,59361.17,59536.95,59338.71,59528.7,7257
2024-08-18 00:00:00,59528.71,59788.72,59454.29,59726.11,9137
2024-08-18 01:00:00,59726.11,59747.11,59441.97,59481.97,6805
2024-08-18 02:00:00,59481.97,60301.83,59434.0,60157.48,8284
2024-08-18 03:00:00,60157.48,60292.12,59331.65,59385.85,8610
2024-08-18 04:00:00,59385.85,59537.98,59283.45,59502.24,8238
2024-08-18 05:00:00,59502.24,59732.55,59438.1,59524.6,8925
2024-08-18 06:00:00,59524.6,59668.85,59504.7,59634.3,8317
2024-08-18 07:00:00,59634.3,59697.02,59540.56,59606.29,7595
2024-08-18 08:00:00,59606.29,59774.18,59460.75,59752.9,8309
2024-08-18 09:00:00,59752.9,60174.66,59691.39,59924.5,11816
2024-08-18 10:00:00,59924.5,60247.52,59848.54,59901.84,10770
2024-08-18 11:00:00,59901.84,60073.53,59788.68,60050.21,9027
2024-08-18 12:00:00,60050.09,60327.99,59913.06,60016.19,10907
2024-08-18 13:00:00,60016.19,60263.21,59846.51,59860.73,8662
2024-08-18 14:00:00,59860.73,60002.04,59689.41,59840.61,8986
2024-08-18 15:00:00,59840.61,59966.02,59730.46,59898.08,8682
2024-08-18 16:00:00,59898.1,59986.41,59800.23,59874.27,8062
2024-08-18 17:00:00,59874.82,59900.31,59398.44,59569.72,9069
2024-08-18 18:00:00,59569.73,59668.3,59490.94,59629.39,9066
2024-08-18 19:00:00,59629.39,59812.59,59533.0,59744.34,7380
2024-08-18 20:00:00,59744.21,59929.49,59717.48,59861.76,6108
2024-08-18 21:00:00,59861.76,59864.03,59369.41,59489.28,6325
2024-08-18 22:00:00,59489.28,59625.11,59369.05,59380.32,7936
2024-08-18 23:00:00,59378.15,59442.87,58437.68,58460.51,11889
2024-08-19 00:00:00,58460.59,58741.52,58240.94,58384.19,15440
2024-08-19 01:00:00,58384.19,58654.13,58250.33,58600.8,11162
2024-08-19 02:00:00,58600.8,58792.46,58456.3,58708.97,8445
2024-08-19 03:00:00,58708.97,58820.87,58596.81,58780.42,8827
2024-08-19 04:00:00,58780.42,58793.93,58513.09,58621.6,8153
2024-08-19 05:00:00,58621.6,58659.4,58393.16,58513.19,8669
2024-08-19 06:00:00,58513.19,58700.94,58408.45,58615.97,8828
2024-08-19 07:00:00,58615.97,58789.91,58538.83,58546.76,7967
2024-08-19 08:00:00,58546.76,58707.66,58471.23,58651.72,7779
2024-08-19 09:00:00,58651.72,58728.51,58008.11,58057.44,9905
2024-08-19 10:00:00,58054.46,58240.5,57830.52,58090.06,12353
2024-08-19 11:00:00,58090.06,58544.78,58008.76,58427.03,11184
2024-08-19 12:00:00,58427.03,58544.95,58288.47,58453.29,11021
2024-08-19 13:00:00,58455.1,59018.39,58092.08,58246.44,15733
2024-08-19 14:00:00,58246.79,58686.26,58104.93,58660.45,15491
2024-08-19 15:00:00,58660.45,58817.4,58549.03,58574.57,12166
2024-08-19 16:00:00,58573.89,58751.32,58412.28,58737.95,10064
2024-08-19 17:00:00,58737.05,59330.03,58590.65,59057.03,12711
2024-08-19 18:00:00,59057.03,59269.58,58753.35,59031.12,9959
2024-08-19 19:00:00,59031.12,59156.28,58881.96,58990.21,8693
2024-08-19 20:00:00,58990.31,59372.23,58933.59,59094.08,7916
2024-08-19 21:00:00,59094.08,59266.76,58977.13,58995.44,6599
2024-08-19 22:00:00,58995.28,59295.54,58995.28,59264.57,6691
2024-08-19 23:00:00,59264.44,59657.93,59131.61,59471.8,7937
2024-08-20 00:00:00,59471.51,60710.6,59401.21,60506.17,13527
2024-08-20 01:00:00,60506.18,60939.78,60392.07,60471.67,12935
2024-08-20 02:00:00,60471.67,60594.2,60368.43,60559.1,10254
2024-08-20 03:00:00,60559.05,60661.68,60448.97,60656.82,7620
2024-08-20 04:00:00,60656.95,61066.92,60610.7,60900.51,11511
2024-08-20 05:00:00,60900.51,61446.7,60894.9,61145.58,12189
2024-08-20 06:00:00,61145.58,61178.61,60962.48,60991.53,9230
2024-08-20 07:00:00,60991.53,61032.07,60814.75,60948.53,9405
2024-08-20 08:00:00,60950.89,60969.86,60693.73,60781.67,9003
2024-08-20 09:00:00,60781.67,61008.51,60769.07,60890.19,8129
2024-08-20 10:00:00,60890.19,60916.14,60683.29,60741.93,6607
2024-08-20 11:00:00,60741.93,60770.97,60432.97,60547.1,9971
2024-08-20 12:00:00,60547.7,60787.07,60512.93,60727.05,9221
2024-08-20 13:00:00,60727.05,60976.27,60354.03,60900.14,14316
2024-08-20 14:00:00,60900.15,60933.73,59459.07,59475.43,18399
2024-08-20 15:00:00,59475.99,59501.68,58708.0,58835.71,18676
2024-08-20 16:00:00,58835.71,59080.77,58569.06,58829.27,13787
2024-08-20 17:00:00,58829.27,59099.31,58708.55,59073.69,9778
2024-08-20 18:00:00,59073.69,59514.33,59030.89,59226.25,11024
2024-08-20 19:00:00,59226.25,59628.9,59164.91,59537.81,8991
2024-08-20 20:00:00,59547.21,59754.64,59297.0,59329.54,8268
2024-08-20 21:00:00,59329.54,59376.53,58900.41,59321.51,7392
2024-08-20 22:00:00,59321.51,59579.04,59257.18,59397.66,7043
2024-08-20 23:00:00,59397.66,59431.8,59014.27,59047.2,6655
2024-08-21 00:00:00,59047.2,59307.06,58982.67,59025.77,8497
2024-08-21 01:00:00,59025.67,59320.29,58811.88,59316.16,10111
2024-08-21 02:00:00,59316.16,59552.69,59280.94,59396.15,8879
2024-08-21 03:00:00,59396.47,59456.65,59242.81,59358.8,6285
2024-08-21 04:00:00,59358.79,59445.59,59223.74,59387.17,6525
2024-08-21 05:00:00,59387.17,59441.75,59322.94,59417.43,5923
2024-08-21 06:00:00,59417.43,59763.29,59390.69,59649.26,10565
2024-08-21 07:00:00,59649.26,59745.29,59575.69,59719.21,9812
2024-08-21 08:00:00,59719.21,59923.14,59221.49,59443.55,12428
2024-08-21 09:00:00,59443.55,59515.09,59097.83,59291.13,12344
2024-08-21 10:00:00,59290.51,59502.1,59209.98,59478.77,8459
2024-08-21 11:00:00,59478.97,59523.83,59276.15,59372.58,8827
2024-08-21 12:00:00,59372.58,59619.96,59279.15,59518.7,10459
2024-08-21 13:00:00,59518.7,60147.85,58860.19,59954.62,16316
2024-08-21 14:00:00,59950.82,60238.32,59214.14,59425.64,23307
2024-08-21 15:00:00,59425.64,59799.62,59307.31,59537.04,15144
2024-08-21 16:00:00,59537.03,59964.57,59386.03,59897.51,11306
2024-08-21 17:00:00,59897.5,60059.06,59704.99,59942.72,10279
2024-08-21 18:00:00,59943.02,60837.85,59847.01,60772.61,16018
2024-08-21 19:00:00,60772.61,61646.38,60561.45,61585.01,17067
2024-08-21 20:00:00,61585.01,61841.93,60884.36,61220.14,15559
2024-08-21 21:00:00,61219.2,61477.69,60907.13,61232.11,10069
2024-08-21 22:00:00,61232.06,61511.35,61173.87,61173.87,9035
2024-08-21 23:00:00,61173.86,61275.82,60988.67,61139.17,9742
2024-08-22 00:00:00,61139.17,61204.56,60791.57,60800.62,9105
2024-08-22 01:00:00,60800.62,60999.17,60700.71,60960.53,9384
2024-08-22 02:00:00,60961.39,60968.76,59708.1,60178.12,12524
2024-08-22 03:00:00,60178.13,60637.79,60081.73,60553.77,11856
2024-08-22 04:00:00,60553.65,60848.08,60455.02,60821.54,11060
2024-08-22 05:00:00,60821.54,60821.54,60595.8,60717.4,8493
2024-08-22 06:00:00,60717.4,60946.25,60674.85,60757.98,8486
2024-08-22 07:00:00,60757.98,61098.94,60689.32,60970.54,9487
2024-08-22 08:00:00,60970.54,61115.37,60850.2,60918.86,10385
2024-08-22 09:00:00,60918.86,60966.64,60789.74,60867.46,8987
2024-08-22 10:00:00,60867.46,61400.58,60812.22,61333.92,9148
2024-08-22 11:00:00,61333.85,61374.61,61087.28,61316.67,10212
2024-08-22 12:00:00,61316.67,61389.56,60749.07,60878.04,12859
2024-08-22 13:00:00,60878.04,60922.61,60394.68,60806.96,15470
2024-08-22 14:00:00,60807.14,60841.35,60325.27,60497.89,16203
2024-08-22 15:00:00,60497.73,60837.5,60102.72,60401.82,13805
2024-08-22 16:00:00,60401.82,60589.12,60282.42,60339.0,11822
2024-08-22 17:00:00,60339.0,60521.28,60145.08,60178.85,10201
2024-08-22 18:00:00,60178.85,60580.74,60139.26,60336.73,9552
2024-08-22 19:00:00,60336.73,60434.41,60158.33,60304.5,7045
2024-08-22 20:00:00,60304.5,60690.57,60278.15,60678.48,6759
2024-08-22 21:00:00,60675.78,60696.73,60452.82,60548.99,5978
2024-08-22 22:00:00,60548.99,60598.11,60419.02,60436.83,5913
2024-08-22 23:00:00,60437.3,60462.68,60296.4,60373.32,4734
2024-08-23 00:00:00,60373.32,60998.44,60322.45,60723.76,7799
2024-08-23 01:00:00,60723.76,60851.46,60587.59,60759.33,7677
2024-08-23 02:00:00,60759.33,60814.75,60615.78,60635.23,6073
2024-08-23 03:00:00,60635.23,60702.14,60563.28,60605.11,4757
2024-08-23 04:00:00,60605.1,60734.18,60582.59,60717.64,5546
2024-08-23 05:00:00,60717.64,61090.22,60712.41,60851.02,9536
2024-08-23 06:00:00,60851.02,61382.86,60824.31,61185.68,8495
2024-08-23 07:00:00,61185.68,61263.01,60966.12,61077.03,7818
2024-08-23 08:00:00,61077.03,61335.94,61030.07,61318.92,7865
2024-08-23 09:00:00,61318.92,61342.25,60996.56,61018.89,8124
2024-08-23 10:00:00,61018.89,61159.13,60991.19,61030.11,7024
2024-08-23 11:00:00,61030.11,61072.94,60661.29,60725.06,9964
2024-08-23 12:00:00,60725.06,61213.09,60718.62,61126.54,9477
2024-08-23 13:00:00,61126.53,61163.42,60863.16,61100.46,10827
2024-08-23 14:00:00,61100.1,62337.41,60787.6,60993.42,27155
2024-08-23 15:00:00,60992.2,61782.85,60904.42,61523.53,18371
2024-08-23 16:00:00,61520.51,61834.83,61321.95,61730.85,13695
2024-08-23 17:00:00,61731.19,63042.1,61600.34,63014.6,16608
2024-08-23 18:00:00,63017.71,63490.83,62708.9,63215.56,20190
2024-08-23 19:00:00,63215.57,63889.44,63056.45,63657.43,15770
2024-08-23 20:00:00,63657.52,63853.43,63521.94,63668.81,11749
2024-08-23 21:00:00,63668.81,65087.71,63642.78,64453.39,13357
2024-08-23 22:00:00,64453.39,65098.91,63984.83,64155.59,14537
2024-08-23 23:00:00,64156.05,64383.69,63884.2,64091.7,13230
2024-08-24 00:00:00,64091.7,64249.73,63878.47,64011.95,12900
2024-08-24 01:00:00,64012.48,64056.2,63672.5,63867.57,11019
2024-08-24 02:00:00,63873.65,64057.54,63819.31,63979.55,11807
2024-08-24 03:00:00,63979.55,64040.63,63811.54,63880.03,9111
2024-08-24 04:00:00,63880.03,64032.12,63865.95,63941.16,8337
2024-08-24 05:00:00,63941.16,64085.05,63907.33,64030.48,9257
2024-08-24 06:00:00,64031.11,64341.38,63958.09,64102.23,8917
2024-08-24 07:00:00,64102.23,64396.95,64102.23,64362.35,11332
2024-08-24 08:00:00,64361.91,64527.68,64196.76,64466.82,9545
2024-08-24 09:00:00,64466.82,64553.71,64249.75,64383.78,8614
2024-08-24 10:00:00,64384.08,64439.14,64134.03,64170.1,9994
2024-08-24 11:00:00,64170.1,64231.3,63920.78,63950.43,10638
2024-08-24 12:00:00,63950.43,64247.89,63941.5,64125.83,12138
2024-08-24 13:00:00,64125.83,64283.25,63996.29,64259.69,10636
2024-08-24 14:00:00,64259.69,64269.07,64077.73,64213.7,8114
2024-08-24 15:00:00,64213.5,64213.5,63881.71,64002.73,10127
2024-08-24 16:00:00,64002.73,64465.98,63951.9,64326.46,12033
2024-08-24 17:00:00,64326.46,64340.74,63970.05,64083.33,8469
2024-08-24 18:00:00,64083.23,64486.21,63956.51,64262.61,9485
2024-08-24 19:00:00,64262.61,64427.98,64238.76,64242.02,6331
2024-08-24 20:00:00,64242.02,64373.75,64157.5,64166.02,5949
2024-08-24 21:00:00,64166.02,64215.32,63584.66,63654.08,8133
2024-08-24 22:00:00,63654.08,64015.64,63592.54,63869.66,10659
2024-08-24 23:00:00,63870.04,64216.09,63833.42,64196.34,8169
2024-08-25 00:00:00,64196.33,64627.8,64146.82,64229.26,9510
2024-08-25 01:00:00,64229.26,64429.81,64081.93,64191.96,9079
2024-08-25 02:00:00,64191.96,64328.62,64147.91,64198.36,7620
2024-08-25 03:00:00,64198.36,64233.02,64025.81,64132.03,7597
2024-08-25 04:00:00,64131.59,64212.13,64016.73,64204.09,8244
2024-08-25 05:00:00,64204.09,64254.67,64152.13,64188.57,9107
2024-08-25 06:00:00,64188.57,64218.11,64004.0,64035.35,7100
2024-08-25 07:00:00,64035.35,64081.91,63815.32,63905.77,8634
2024-08-25 08:00:00,63905.77,64059.36,63830.56,63970.91,8286
2024-08-25 09:00:00,63970.91,64021.89,63827.96,63901.06,7064
2024-08-25 10:00:00,63901.06,63972.23,63794.72,63906.42,7079
2024-08-25 11:00:00,63906.59,64050.96,63895.76,63910.49,7315
2024-08-25 12:00:00,63910.49,63967.92,63833.68,63950.96,7673
2024-08-25 13:00:00,63950.96,64201.37,63874.09,64104.99,8623
2024-08-25 14:00:00,64104.99,64305.93,64104.99,64195.6,6778
2024-08-25 15:00:00,64195.6,64341.03,64120.02,64174.03,7417
2024-08-25 16:00:00,64174.85,64247.56,64019.91,64073.33,7289
2024-08-25 17:00:00,64073.33,64193.46,64049.19,64170.42,6028
2024-08-25 18:00:00,64170.42,64291.3,64099.28,64196.84,5216
2024-08-25 19:00:00,64196.84,64244.52,64169.81,64216.37,4490
2024-08-25 20:00:00,64216.36,64316.7,64160.89,64245.65,5474
2024-08-25 21:00:00,64244.86,64618.68,64238.08,64429.57,7197
2024-08-25 22:00:00,64429.79,64677.86,64313.36,64519.02,7746
2024-08-25 23:00:00,64519.02,65230.97,64236.45,64258.44,10913
2024-08-26 00:00:00,64258.44,64515.04,63892.63,64129.15,11904
2024-08-26 01:00:00,64129.15,64224.01,63891.61,63947.71,7875
2024-08-26 02:00:00,63947.71,64088.94,63787.64,64071.56,9020
2024-08-26 03:00:00,64071.56,64150.67,64018.35,64131.71,8590
2024-08-26 04:00:00,64131.71,64231.28,63970.88,64049.2,7847
2024-08-26 05:00:00,64049.2,64074.47,63893.61,63968.37,6289
2024-08-26 06:00:00,63968.37,64024.35,63634.47,63731.21,7451
2024-08-26 07:00:00,63731.21,63867.0,63558.66,63624.4,9230
2024-08-26 08:00:00,63624.4,63870.63,63583.33,63731.1,9461
2024-08-26 09:00:00,63731.73,63862.65,63191.14,63851.4,11778
2024-08-26 10:00:00,63851.41,64059.13,63731.99,63786.25,11284
2024-08-26 11:00:00,63786.25,64026.95,63740.6,63868.16,8631
2024-08-26 12:00:00,63868.45,63985.23,63460.41,63640.59,10768
2024-08-26 13:00:00,63640.59,63886.61,63480.98,63765.77,14590
2024-08-26 14:00:00,63765.96,63881.84,63132.0,63471.83,16580
2024-08-26 15:00:00,63471.83,63644.73,63044.66,63526.85,11775
2024-08-26 16:00:00,63525.15,63850.27,63412.33,63725.72,11066
2024-08-26 17:00:00,63725.73,63908.69,63195.57,63384.04,10490
2024-08-26 18:00:00,63384.91,63718.53,63177.45,63643.01,10031
2024-08-26 19:00:00,63643.01,63711.03,63269.3,63348.1,8488
2024-08-26 20:00:00,63348.1,63561.79,63193.52,63419.0,8564
2024-08-26 21:00:00,63415.6,63428.0,62832.82,63146.33,8026
2024-08-26 22:00:00,63146.34,63286.29,62885.87,62967.12,7726
2024-08-26 23:00:00,62967.12,63165.78,62799.91,62827.96,5836
2024-08-27 00:00:00,62827.96,63040.26,62638.38,62710.12,8644
2024-08-27 01:00:00,62710.12,63224.11,62681.27,63001.52,8485
2024-08-27 02:00:00,63001.52,63203.51,62890.15,62909.28,7082
2024-08-27 03:00:00,62909.28,63034.08,62725.3,62986.12,7309
2024-08-27 04:00:00,62986.12,63118.51,62921.96,63058.23,6908
2024-08-27 05:00:00,63058.23,63225.41,63054.96,63160.14,8587
2024-08-27 06:00:00,63160.14,63166.16,62732.8,62780.57,6976
2024-08-27 07:00:00,62780.57,62966.13,62769.15,62908.61,6972
2024-08-27 08:00:00,62908.61,63017.6,62687.93,62808.18,7540
2024-08-27 09:00:00,62808.15,62953.66,62534.07,62671.82,7648
2024-08-27 10:00:00,62672.08,62673.6,62223.29,62316.61,10801
2024-08-27 11:00:00,62316.61,62535.56,62206.45,62408.67,9784
2024-08-27 12:00:00,62405.54,62478.88,62110.52,62413.67,9807
2024-08-27 13:00:00,62413.67,62498.57,62112.57,62219.85,13096
2024-08-27 14:00:00,62219.85,62276.06,61781.62,61803.88,15587
2024-08-27 15:00:00,61803.88,61936.18,61405.93,61653.93,12981
2024-08-27 16:00:00,61653.14,61951.66,61486.38,61517.05,11720
2024-08-27 17:00:00,61517.05,61914.95,61473.56,61911.36,9149
2024-08-27 18:00:00,61911.36,62138.28,61867.01,62084.96,8676
2024-08-27 19:00:00,62084.97,62190.15,61868.93,62092.62,7627
2024-08-27 20:00:00,62090.36,62099.23,61830.71,61859.58,5982
2024-08-27 21:00:00,61859.57,61943.59,59687.71,60406.91,14192
2024-08-27 22:00:00,60406.92,60407.82,57990.06,59525.87,27509
2024-08-27 23:00:00,59525.87,59812.4,59168.97,59441.11,13678
2024-08-28 00:00:00,59441.6,59479.47,59010.77,59106.16,13938
2024-08-28 01:00:00,59106.16,59455.63,58911.84,59378.7,12332
2024-08-28 02:00:00,59375.5,59424.24,59196.9,59352.25,10230
2024-08-28 03:00:00,59352.25,59684.41,59316.6,59650.39,9721
2024-08-28 04:00:00,59650.4,59697.5,59320.24,59373.26,9744
2024-08-28 05:00:00,59373.26,59530.16,59282.79,59333.1,7985
2024-08-28 06:00:00,59333.1,59405.12,59161.66,59233.6,7800
2024-08-28 07:00:00,59233.6,59324.75,58561.52,58648.28,10998
2024-08-28 08:00:00,58648.28,59349.82,58579.37,59273.41,11280
2024-08-28 09:00:00,59276.3,60260.47,59189.81,60228.33,12384
2024-08-28 10:00:00,60228.33,60249.15,59703.64,59780.28,12428
2024-08-28 11:00:00,59780.28,60134.88,59691.12,59959.76,12018
2024-08-28 12:00:00,59959.75,60193.48,59913.1,59978.44,10817
2024-08-28 13:00:00,59978.55,60038.85,59329.74,59370.71,13856
2024-08-28 14:00:00,59370.71,59973.24,58954.37,59224.64,18268
2024-08-28 15:00:00,59223.64,59223.64,58465.81,59035.38,18388
2024-08-28 16:00:00,59035.38,59261.77,57881.76,59231.38,19485
2024-08-28 17:00:00,59231.38,59305.97,58678.09,58705.26,12759
2024-08-28 18:00:00,58705.27,59571.16,58646.41,59538.03,12460
2024-08-28 19:00:00,59538.03,59874.14,58846.06,58939.82,13545
2024-08-28 20:00:00,58939.82,59643.43,58670.16,59344.79,16819
2024-08-28 21:00:00,59350.16,59544.13,59106.01,59164.58,9390
2024-08-28 22:00:00,59164.58,59304.42,58885.22,59236.69,9760
2024-08-28 23:00:00,59237.29,59249.33,59011.5,59077.36,6682
2024-08-29 00:00:00,59077.36,59286.01,58956.29,59248.15,9176
2024-08-29 01:00:00,59248.15,59373.65,58907.99,59051.17,8010
2024-08-29 02:00:00,59051.17,59243.45,58972.67,59188.3,7412
2024-08-29 03:00:00,59188.29,59250.57,59080.28,59207.97,6101
2024-08-29 04:00:00,59207.97,59276.6,59123.43,59254.43,7365
2024-08-29 05:00:00,59254.43,59519.64,59195.83,59482.93,8892
2024-08-29 06:00:00,59482.93,59801.58,59409.87,59592.69,10982
2024-08-29 07:00:00,59591.78,59718.7,59530.63,59617.38,7806
2024-08-29 08:00:00,59617.37,59673.55,59405.22,59591.93,9099
2024-08-29 09:00:00,59591.93,59811.8,59578.5,59619.34,9351
2024-08-29 10:00:00,59619.34,59877.55,59594.36,59703.9,9427
2024-08-29 11:00:00,59703.9,60506.72,59636.38,60093.91,12548
2024-08-29 12:00:00,60093.81,60539.95,60009.92,60353.58,13720
2024-08-29 13:00:00,60353.92,60703.93,60216.69,60665.71,15945
2024-08-29 14:00:00,60665.53,60997.04,60486.45,60851.01,20337
2024-08-29 15:00:00,60851.17,61203.5,60754.98,60807.5,16291
2024-08-29 16:00:00,60807.55,60987.4,60248.09,60316.08,13461
2024-08-29 17:00:00,60316.08,60616.81,60189.17,60557.5,10114
2024-08-29 18:00:00,60557.5,60579.01,58930.04,59183.45,18575
2024-08-29 19:00:00,59183.45,59723.7,58953.96,59303.76,16866
2024-08-29 20:00:00,59303.76,59578.14,59265.39,59578.14,9020
2024-08-29 21:00:00,59578.14,59692.84,59473.26,59543.47,7739
2024-08-29 22:00:00,59543.47,59543.47,58739.17,59260.74,11782
2024-08-29 23:00:00,59260.75,59452.36,59187.46,59401.51,7856
2024-08-30 00:00:00,59401.5,59534.68,59174.12,59250.09,10006
2024-08-30 01:00:00,59249.43,59350.93,58988.36,59271.14,9674
2024-08-30 02:00:00,59271.14,59405.04,59113.9,59252.56,7765
2024-08-30 03:00:00,59252.55,59262.03,58945.5,59077.17,8508
2024-08-30 04:00:00,59078.08,59204.56,59059.67,59065.95,7197
2024-08-30 05:00:00,59065.95,59085.31,58727.37,58827.23,10075
2024-08-30 06:00:00,58827.23,59430.37,58742.82,59404.01,11165
2024-08-30 07:00:00,59404.01,59631.26,59270.0,59316.78,10279
2024-08-30 08:00:00,59316.78,59634.2,59309.76,59501.84,9163
2024-08-30 09:00:00,59501.84,59702.71,59459.01,59620.75,8789
2024-08-30 10:00:00,59620.75,59710.04,59461.37,59621.16,8964
2024-08-30 11:00:00,59621.16,59693.95,59352.05,59438.3,8891
2024-08-30 12:00:00,59438.3,59979.59,59405.9,59571.75,13945
2024-08-30 13:00:00,59571.75,59717.56,58941.67,59692.62,15000
2024-08-30 14:00:00,59692.43,59878.14,58466.68,58490.98,20000
2024-08-30 15:00:00,58490.83,58708.91,57934.48,58108.29,21490
2024-08-30 16:00:00,58108.29,58618.87,57693.71,58574.99,19038
2024-08-30 17:00:00,58573.2,58864.77,58447.56,58681.77,13779
2024-08-30 18:00:00,58681.77,59425.22,58672.13,59425.13,15465
2024-08-30 19:00:00,59425.13,59425.13,58732.17,58732.17,13957
2024-08-30 20:00:00,58732.17,59089.96,58732.15,59089.11,9392
2024-08-30 21:00:00,59089.86,59204.82,59000.72,59109.07,7679
2024-08-30 22:00:00,59109.07,59363.28,59091.79,59292.24,8888
2024-08-30 23:00:00,59292.15,59338.93,59137.12,59186.79,7952
2024-08-31 00:00:00,59186.79,59526.63,59116.95,59299.59,10147
2024-08-31 01:00:00,59299.59,59397.71,59228.24,59343.1,7608
2024-08-31 02:00:00,59343.11,59362.46,59199.86,59261.67,8052
2024-08-31 03:00:00,59261.67,59317.51,59187.8,59288.04,7814
2024-08-31 04:00:00,59288.04,59408.02,59271.92,59403.32,7325
2024-08-31 05:00:00,59403.33,59406.79,59260.33,59266.76,7740
2024-08-31 06:00:00,59266.75,59331.98,59196.92,59204.98,8325
2024-08-31 07:00:00,59204.98,59240.07,59104.13,59129.87,9017
2024-08-31 08:00:00,59129.61,59180.34,59017.21,59024.99,7959
2024-08-31 09:00:00,59024.99,59076.54,58865.95,58954.36,9997
2024-08-31 10:00:00,58954.36,59210.16,58911.51,59174.06,7880
2024-08-31 11:00:00,59174.06,59233.18,59141.1,59171.59,9263
2024-08-31 12:00:00,59173.48,59297.54,59111.39,59238.26,10305
2024-08-31 13:00:00,59238.26,59301.46,58986.95,59015.49,10737
2024-08-31 14:00:00,59015.49,59220.99,58942.24,59184.58,9976
2024-08-31 15:00:00,59185.62,59225.17,59016.64,59068.67,7760
2024-08-31 16:00:00,59068.67,59092.94,58895.75,59023.0,7168
2024-08-31 17:00:00,59023.1,59083.18,58770.88,59047.12,8312
2024-08-31 18:00:00,59047.12,59184.51,58909.58,58970.5,8863
2024-08-31 19:00:00,58970.36,58993.59,58868.92,58907.64,5926
2024-08-31 20:00:00,58907.64,59030.44,58822.33,58992.53,5982
2024-08-31 21:00:00,58992.53,59193.61,58969.22,59117.78,5202
2024-08-31 22:00:00,59117.77,59184.22,59051.58,59080.58,6356
2024-08-31 23:00:00,59080.58,59117.38,58972.51,59019.93,3882
2024-09-01 00:00:00,59015.54,59137.86,58952.09,58985.04,7238
2024-09-01 01:00:00,58985.04,59005.66,58865.91,58875.99,5455
2024-09-01 02:00:00,58875.99,58898.69,58304.59,58562.02,10759
2024-09-01 03:00:00,58562.0,58702.27,58426.19,58558.74,7818
2024-09-01 04:00:00,58558.75,58634.74,58377.9,58464.47,7146
2024-09-01 05:00:00,58464.82,58501.2,57786.22,58017.33,11542
2024-09-01 06:00:00,58017.33,58335.42,57974.33,58230.61,10605
2024-09-01 07:00:00,58230.86,58530.83,58167.26,58511.01,10905
2024-09-01 08:00:00,58512.98,58541.73,58232.53,58278.04,7911
2024-09-01 09:00:00,58278.04,58442.48,58174.88,58250.9,8111
2024-09-01 10:00:00,58250.7,58271.12,57923.09,57971.3,8563
2024-09-01 11:00:00,57971.3,58286.54,57867.96,58281.24,10626
2024-09-01 12:00:00,58281.24,58363.35,57948.88,58053.34,8559
2024-09-01 13:00:00,58053.34,58254.74,57729.08,58194.6,10117
2024-09-01 14:00:00,58194.6,58206.31,57187.74,57913.9,16254
2024-09-01 15:00:00,57913.9,58413.05,57781.14,58256.17,13127
2024-09-01 16:00:00,58256.17,58394.37,58123.15,58181.53,11671
2024-09-01 17:00:00,58181.53,58250.16,57911.66,58163.03,9705
2024-09-01 18:00:00,58163.02,58842.76,58156.51,58571.84,10619
2024-09-01 19:00:00,58571.84,58811.58,58320.93,58549.11,9874
2024-09-01 20:00:00,58549.11,58702.71,58413.19,58468.09,7843
2024-09-01 21:00:00,58468.09,58477.34,58125.19,58383.11,6889
2024-09-01 22:00:00,58383.11,58465.42,57275.71,57338.75,15057
2024-09-01 23:00:00,57338.75,57645.29,57227.0,57335.56,13875
2024-09-02 00:00:00,57335.66,57685.21,57151.29,57502.28,11902
2024-09-02 01:00:00,57502.28,57624.36,57268.18,57460.03,10165
2024-09-02 02:00:00,57460.03,57766.97,57330.42,57540.51,9274
2024-09-02 03:00:00,57540.51,57809.24,57532.34,57775.8,9965
2024-09-02 04:00:00,57775.8,57815.41,57492.6,57507.64,8357
2024-09-02 05:00:00,57507.64,58030.04,57492.45,57820.26,8363
2024-09-02 06:00:00,57820.26,57921.66,57703.72,57729.38,8713
2024-09-02 07:00:00,57729.38,57837.42,57385.48,57593.42,8696
2024-09-02 08:00:00,57593.42,58356.13,57554.68,58093.01,12441
2024-09-02 09:00:00,58093.01,58507.66,57938.63,58435.88,12057
2024-09-02 10:00:00,58435.88,58636.81,58321.83,58536.11,12673
2024-09-02 11:00:00,58534.81,58715.88,58387.4,58462.55,9934
2024-09-02 12:00:00,58462.54,58546.72,58278.31,58418.83,10194
2024-09-02 13:00:00,58418.54,58530.9,58181.69,58209.24,10781
2024-09-02 14:00:00,58209.56,58836.48,58122.97,58631.47,13356
2024-09-02 15:00:00,58631.47,58776.48,58516.91,58568.96,9478
2024-09-02 16:00:00,58568.96,58695.16,58326.24,58373.21,8870
2024-09-02 17:00:00,58373.21,58603.11,58318.63,58547.48,9442
2024-09-02 18:00:00,58547.48,58701.93,58341.33,58515.51,9610
2024-09-02 19:00:00,58515.51,58592.07,58427.07,58485.23,6312
2024-09-02 20:00:00,58485.23,59295.92,58417.47,59022.46,7582
2024-09-02 21:00:00,59022.28,59324.7,58918.71,59084.72,9753
2024-09-02 22:00:00,59084.57,59397.36,59039.99,59389.04,7456
2024-09-02 23:00:00,59385.17,59478.66,59109.53,59185.75,8853
2024-09-03 00:00:00,59185.75,59311.64,59079.72,59304.55,7921
2024-09-03 01:00:00,59304.55,59464.89,59237.97,59429.68,8482
2024-09-03 02:00:00,59429.69,59869.09,59336.67,59345.08,10298
2024-09-03 03:00:00,59345.08,59366.73,59118.62,59161.05,6624
2024-09-03 04:00:00,59161.05,59286.09,59039.28,59139.77,8389
2024-09-03 05:00:00,59139.77,59304.28,59034.12,59236.0,7800
2024-09-03 06:00:00,59236.0,59236.0,58911.18,58939.76,8459
2024-09-03 07:00:00,58938.81,59187.78,58923.3,59150.52,7695
2024-09-03 08:00:00,59150.52,59189.77,58749.03,58821.07,9606
2024-09-03 09:00:00,58819.57,59001.01,58804.45,58903.59,8893
2024-09-03 10:00:00,58903.59,59249.72,58863.22,59127.22,8323
2024-09-03 11:00:00,59127.23,59155.07,58983.29,59099.57,8107
2024-09-03 12:00:00,59099.57,59391.51,59079.13,59165.75,11072
2024-09-03 13:00:00,59165.95,59356.95,58218.49,58421.34,15636
2024-09-03 14:00:00,58421.34,58421.34,57560.07,57676.44,18093
2024-09-03 15:00:00,57676.44,58025.14,57621.27,57728.64,13716
2024-09-03 16:00:00,57728.86,57933.3,57662.15,57715.28,11315
2024-09-03 17:00:00,57715.28,58117.46,57689.46,57710.05,10821
2024-09-03 18:00:00,57710.04,58083.77,57596.36,57951.95,10674
2024-09-03 19:00:00,57951.65,58296.19,57863.68,58063.54,11274
2024-09-03 20:00:00,58067.13,58272.83,58064.65,58249.86,7078
2024-09-03 21:00:00,58249.86,58269.47,57983.57,58149.33,6559
2024-09-03 22:00:00,58149.19,58210.33,57883.98,57896.2,7081
2024-09-03 23:00:00,57896.2,57937.34,57390.48,57503.58,6728
2024-09-04 00:00:00,57503.58,57972.69,57159.64,57166.87,11832
2024-09-04 01:00:00,57166.87,57190.58,55619.2,56833.15,22265
2024-09-04 02:00:00,56833.15,56886.99,56581.69,56701.92,12146
2024-09-04 03:00:00,56702.5,56911.83,56664.01,56712.94,10513
2024-09-04 04:00:00,56712.98,56774.24,56596.99,56741.0,9122
2024-09-04 05:00:00,56741.0,56741.0,56197.65,56289.23,9585
2024-09-04 06:00:00,56289.23,56575.49,56266.85,56323.17,9857
2024-09-04 07:00:00,56323.17,56929.55,56290.05,56801.33,11230
2024-09-04 08:00:00,56801.33,56961.77,56717.49,56833.33,9214
2024-09-04 09:00:00,56833.33,56914.23,56633.98,56659.94,9328
2024-09-04 10:00:00,56659.94,56750.65,56497.28,56508.15,10159
2024-09-04 11:00:00,56508.14,56732.86,56494.79,56623.53,9711
2024-09-04 12:00:00,56620.73,56822.05,56530.86,56662.42,10288
2024-09-04 13:00:00,56662.42,56735.54,56366.07,56517.0,15575
2024-09-04 14:00:00,56516.7,57610.43,56207.69,57545.36,20962
2024-09-04 15:00:00,57546.09,58197.46,57411.64,58161.61,17610
2024-09-04 16:00:00,58163.94,58571.01,58146.29,58446.02,16314
2024-09-04 17:00:00,58446.02,58521.88,57860.98,57924.79,13920
2024-09-04 18:00:00,57924.58,58042.17,57680.42,57728.21,11605
2024-09-04 19:00:00,57727.88,58203.72,57695.38,58089.19,9382
2024-09-04 20:00:00,58092.88,58224.47,57853.53,58076.07,7029
2024-09-04 21:00:00,58075.97,58167.08,57974.06,58144.35,5804
2024-09-04 22:00:00,58144.35,58439.68,58066.18,58171.58,7833
2024-09-04 23:00:00,58171.58,58278.94,57926.21,58007.24,7847
2024-09-05 00:00:00,58007.24,58386.69,57984.51,58036.15,8685
2024-09-05 01:00:00,58037.41,58288.44,57979.6,58066.38,6421
2024-09-05 02:00:00,58066.38,58109.16,57680.29,57729.81,8728
2024-09-05 03:00:00,57729.81,57729.81,56960.18,57177.15,12861
2024-09-05 04:00:00,57177.15,57343.5,57112.88,57258.66,8670
2024-09-05 05:00:00,57258.66,57308.85,57070.33,57243.48,7878
2024-09-05 06:00:00,57243.48,57276.43,56570.38,56942.7,11257
2024-09-05 07:00:00,56943.41,57290.67,56861.43,57186.18,10480
2024-09-05 08:00:00,57186.18,57266.88,56957.26,57020.46,8931
2024-09-05 09:00:00,57020.46,57021.93,56624.23,56804.31,9748
2024-09-05 10:00:00,56804.31,56865.93,56662.6,56788.55,7899
2024-09-05 11:00:00,56788.55,56879.33,56667.7,56704.64,8434
2024-09-05 12:00:00,56704.64,56864.06,56372.17,56677.52,14266
2024-09-05 13:00:00,56677.52,57173.92,56581.79,57050.49,16708
2024-09-05 14:00:00,57050.49,57348.82,56490.35,56579.61,18722
2024-09-05 15:00:00,56579.61,56712.28,55821.26,55986.7,19495
2024-09-05 16:00:00,55986.7,56437.56,55966.86,56347.53,14927
2024-09-05 17:00:00,56347.53,56638.26,56215.51,56621.33,12090
2024-09-05 18:00:00,56621.33,56743.32,56520.65,56570.67,11069
2024-09-05 19:00:00,56570.67,56596.96,55791.87,56058.14,14220
2024-09-05 20:00:00,56054.34,56275.91,56010.61,56108.38,9172
2024-09-05 21:00:00,56108.38,56279.11,55654.92,56167.93,7306
2024-09-05 22:00:00,56167.87,56247.36,55791.8,56117.98,8230
2024-09-05 23:00:00,56117.88,56231.6,56003.42,56201.35,7727
2024-09-06 00:00:00,56201.35,56365.19,56001.74,56193.32,9888
2024-09-06 01:00:00,56193.32,56636.68,56002.45,56576.15,9712
2024-09-06 02:00:00,56575.6,56889.96,56514.31,56763.73,10115
2024-09-06 03:00:00,56763.98,56877.71,56563.4,56613.49,7968
2024-09-06 04:00:00,56613.49,56784.15,56613.49,56633.69,9136
2024-09-06 05:00:00,56634.01,56713.07,56332.85,56527.9,9591
2024-09-06 06:00:00,56527.9,56560.11,56307.95,56458.7,8221
2024-09-06 07:00:00,56458.7,56482.97,55295.73,55813.43,15672
2024-09-06 08:00:00,55813.42,55963.03,55655.2,55811.55,12220
2024-09-06 09:00:00,55811.55,55959.29,55697.59,55918.98,10689
2024-09-06 10:00:00,55918.98,56298.32,55909.53,56192.91,9460
2024-09-06 11:00:00,56192.91,56279.65,55838.25,56021.41,9810
2024-09-06 12:00:00,56021.41,56962.41,55692.07,56892.64,17555
2024-09-06 13:00:00,56892.64,57044.11,55874.33,55921.39,20632
2024-09-06 14:00:00,55921.39,55966.39,54415.46,54743.53,24710
2024-09-06 15:00:00,54746.13,55003.26,53809.79,54034.83,24821
2024-09-06 16:00:00,54034.83,54235.24,53602.56,54070.63,19868
2024-09-06 17:00:00,54070.63,54429.01,53680.97,53933.83,18079
2024-09-06 18:00:00,53933.48,53995.0,53346.51,53346.51,15821
2024-09-06 19:00:00,53346.69,53990.31,53255.48,53536.48,17473
2024-09-06 20:00:00,53536.48,53803.64,52641.38,52910.04,19093
2024-09-06 21:00:00,52912.61,53808.05,52549.38,53808.01,16466
2024-09-06 22:00:00,53808.06,53899.37,53647.16,53683.41,10136
2024-09-06 23:00:00,53683.41,54005.08,53643.95,53994.23,10118
2024-09-07 00:00:00,53993.93,54120.57,53921.58,53955.57,11588
2024-09-07 01:00:00,53955.57,54038.43,53788.33,53860.67,11263
2024-09-07 02:00:00,53859.39,53981.26,53791.52,53843.37,10206
2024-09-07 03:00:00,53843.38,53922.12,53824.17,53864.44,8628
2024-09-07 04:00:00,53864.45,54098.26,53850.66,54087.77,7866
2024-09-07 05:00:00,54087.77,54408.52,54037.64,54214.4,11440
2024-09-07 06:00:00,54214.83,54424.94,54065.65,54358.2,11652
2024-09-07 07:00:00,54357.9,54452.72,54220.87,54322.88,12279
2024-09-07 08:00:00,54322.88,54438.3,54227.06,54418.12,9361
2024-09-07 09:00:00,54418.12,54475.4,54223.09,54295.18,8494
2024-09-07 10:00:00,54295.18,54504.87,54284.7,54390.57,8518
2024-09-07 11:00:00,54391.21,54554.52,54324.77,54377.51,9407
2024-09-07 12:00:00,54377.51,54717.71,54375.89,54629.79,8903
2024-09-07 13:00:00,54629.79,54708.96,54444.62,54596.5,11734
2024-09-07 14:00:00,54596.55,54749.62,54534.17,54677.03,9337
2024-09-07 15:00:00,54677.03,54894.67,54651.46,54836.45,10930
2024-09-07 16:00:00,54836.45,54917.75,54490.15,54521.82,10196
2024-09-07 17:00:00,54521.82,54588.78,54028.38,54171.26,11754
2024-09-07 18:00:00,54171.26,54441.04,54062.75,54335.8,11864
2024-09-07 19:00:00,54335.8,54500.8,54267.96,54433.53,8797
2024-09-07 20:00:00,54433.53,54478.07,54188.14,54196.17,7627
2024-09-07 21:00:00,54196.17,54215.27,53871.61,53953.66,8561
2024-09-07 22:00:00,53953.66,54108.54,53880.11,53983.87,8132
2024-09-07 23:00:00,53983.87,54221.85,53840.26,54184.7,8365
2024-09-08 00:00:00,54184.68,54214.63,53975.66,54153.62,9235
2024-09-08 01:00:00,54153.62,54404.3,54141.57,54292.75,8692
2024-09-08 02:00:00,54293.06,54529.18,54290.23,54355.07,7325
2024-09-08 03:00:00,54355.07,54425.26,54270.48,54413.24,8178
2024-09-08 04:00:00,54414.55,54598.71,54381.59,54521.26,8604
2024-09-08 05:00:00,54521.26,54550.27,54352.44,54372.68,8504
2024-09-08 06:00:00,54372.68,54453.1,54309.44,54311.44,8900
2024-09-08 07:00:00,54311.18,54555.95,54307.68,54475.54,8472
2024-09-08 08:00:00,54475.54,54515.85,54380.09,54504.1,7404
2024-09-08 09:00:00,54504.1,54750.31,54482.78,54482.87,8034
2024-09-08 10:00:00,54482.87,54680.26,54466.57,54638.42,8244
2024-09-08 11:00:00,54638.42,54711.2,54550.89,54601.65,7478
2024-09-08 12:00:00,54601.64,54604.85,54131.74,54219.51,9455
2024-09-08 13:00:00,54219.51,54430.17,54083.37,54408.03,10650
2024-09-08 14:00:00,54408.03,54467.97,54059.24,54162.07,11677
2024-09-08 15:00:00,54162.07,54219.32,53664.82,53721.56,10571
2024-09-08 16:00:00,53721.56,54056.63,53651.49,53940.87,11614
2024-09-08 17:00:00,53940.91,54548.11,53930.82,54526.2,7662
2024-09-08 18:00:00,54526.2,54560.67,54294.49,54446.28,9208
2024-09-08 19:00:00,54446.29,54517.57,54341.04,54367.03,6774
2024-09-08 20:00:00,54367.03,54415.41,54210.81,54407.56,7359
2024-09-08 21:00:00,54407.56,54663.9,54353.09,54490.36,7805
2024-09-08 22:00:00,54490.36,55362.98,54392.02,54569.83,14324
2024-09-08 23:00:00,54569.83,55020.96,54474.35,54911.39,10432
2024-09-09 00:00:00,54911.19,55257.2,54723.79,55072.98,13127
2024-09-09 01:00:00,55072.98,55413.06,54932.87,55142.46,13611
2024-09-09 02:00:00,55141.44,55164.4,54871.05,55130.71,11182
2024-09-09 03:00:00,55130.71,55246.44,54818.55,55153.45,9208
2024-09-09 04:00:00,55153.65,55188.23,54868.19,54877.59,9395
2024-09-09 05:00:00,54877.59,54952.14,54605.89,54695.28,10240
2024-09-09 06:00:00,54695.28,55000.02,54659.9,54926.06,10352
2024-09-09 07:00:00,54926.18,55029.67,54760.72,54985.97,11002
2024-09-09 08:00:00,54985.98,55358.92,54974.89,55283.18,8849
2024-09-09 09:00:00,55283.18,55585.96,55139.1,55205.26,13026
2024-09-09 10:00:00,55205.26,55513.46,55133.64,55420.08,9049
2024-09-09 11:00:00,55420.33,55443.62,55213.48,55299.71,8713
2024-09-09 12:00:00,55299.61,55401.09,55005.87,55388.11,10788
2024-09-09 13:00:00,55388.25,55852.54,55292.11,55733.88,16113
2024-09-09 14:00:00,55734.11,55806.24,54843.91,54861.65,18938
2024-09-09 15:00:00,54859.27,55511.63,54851.42,55431.54,15487
2024-09-09 16:00:00,55431.54,56579.51,55391.18,56478.45,17244
2024-09-09 17:00:00,56480.44,56838.3,56386.08,56575.4,16089
2024-09-09 18:00:00,56575.53,56712.35,56316.78,56590.05,12369
2024-09-09 19:00:00,56590.05,57226.19,56527.8,57140.27,13376
2024-09-09 20:00:00,57144.86,57183.67,56845.72,57047.45,10194
2024-09-09 21:00:00,57047.45,58195.21,57038.28,57498.82,14095
2024-09-09 22:00:00,57498.82,57672.38,57227.1,57253.58,10042
2024-09-09 23:00:00,57253.58,57297.57,57029.63,57067.1,7341
2024-09-10 00:00:00,57067.51,57103.24,56656.36,57018.36,12345
2024-09-10 01:00:00,57018.37,57105.9,56748.78,56931.74,10218
2024-09-10 02:00:00,56931.74,56948.33,56660.76,56802.28,8374
2024-09-10 03:00:00,56802.28,56835.81,56540.74,56550.17,7907
2024-09-10 04:00:00,56550.84,56764.14,56416.92,56643.79,9056
2024-09-10 05:00:00,56643.79,57012.51,56609.57,56981.16,10341
2024-09-10 06:00:00,56980.42,56980.42,56805.83,56859.16,8662
2024-09-10 07:00:00,56858.87,57329.42,56805.67,57238.45,11990
2024-09-10 08:00:00,57238.45,57407.49,57023.26,57086.52,10504
2024-09-10 09:00:00,57086.52,57312.39,56918.78,57112.74,9608
2024-09-10 10:00:00,57114.31,57226.98,56977.07,57199.21,8872
2024-09-10 11:00:00,57199.51,57295.69,57039.27,57252.22,9105
2024-09-10 12:00:00,57252.22,57503.83,57189.29,57236.92,11674
2024-09-10 13:00:00,57236.18,57236.28,56661.97,56766.99,15633
2024-09-10 14:00:00,56766.99,57198.59,56544.25,56967.02,20057
2024-09-10 15:00:00,56967.02,57240.04,56616.12,56618.36,16352
2024-09-10 16:00:00,56617.16,56987.4,56583.91,56854.72,13157
2024-09-10 17:00:00,56854.67,57421.88,56823.25,57210.1,12243
2024-09-10 18:00:00,57210.11,58030.22,57209.93,57631.47,14865
2024-09-10 19:00:00,57631.17,58088.86,57368.8,57987.56,12579
2024-09-10 20:00:00,57988.77,58016.78,57587.02,57601.1,10206
2024-09-10 21:00:00,57601.1,57798.35,57486.85,57543.41,6401
2024-09-10 22:00:00,57543.41,57718.93,57474.63,57640.17,6836
2024-09-10 23:00:00,57640.02,57909.2,57609.99,57675.19,7556
2024-09-11 00:00:00,57675.46,57715.63,57456.12,57660.37,8969
2024-09-11 01:00:00,57660.37,57781.98,56689.52,56751.71,14435
2024-09-11 02:00:00,56751.7,57203.93,56718.13,56951.03,12879
2024-09-11 03:00:00,56951.03,57005.1,56704.36,56849.21,7754
2024-09-11 04:00:00,56849.21,56849.21,56271.8,56546.32,12326
2024-09-11 05:00:00,56546.32,56568.12,56108.98,56270.79,11532
2024-09-11 06:00:00,56270.36,56613.83,56202.66,56492.22,10648
2024-09-11 07:00:00,56492.72,56808.37,56492.72,56743.57,11134
2024-09-11 08:00:00,56743.45,56752.44,56394.24,56440.4,10678
2024-09-11 09:00:00,56440.58,56774.38,56415.9,56717.18,10090
2024-09-11 10:00:00,56717.18,56747.21,56375.99,56555.28,11733
2024-09-11 11:00:00,56555.28,56911.7,56555.27,56832.79,11705
2024-09-11 12:00:00,56832.79,56953.85,56323.08,56767.74,17651
2024-09-11 13:00:00,56767.72,57199.9,55744.33,55761.46,20667
2024-09-11 14:00:00,55767.85,56065.34,55584.21,55992.41,21464
2024-09-11 15:00:00,55992.41,57049.23,55872.65,56734.66,17378
2024-09-11 16:00:00,56734.64,57585.21,56674.69,57352.78,17627
2024-09-11 17:00:00,57353.35,57930.3,57289.56,57758.73,15524
2024-09-11 18:00:00,57758.73,58052.28,57440.92,57561.11,13836
2024-09-11 19:00:00,57561.11,57846.84,57373.5,57633.49,14167
2024-09-11 20:00:00,57633.49,57732.94,57473.9,57523.96,7518
2024-09-11 21:00:00,57523.96,57598.39,57279.47,57397.48,6470
2024-09-11 22:00:00,57397.48,57507.05,57245.74,57507.05,6265
2024-09-11 23:00:00,57507.05,57544.27,57346.76,57376.69,7427
2024-09-12 00:00:00,57376.39,57951.59,57365.66,57660.12,11065
2024-09-12 01:00:00,57660.12,58338.35,57631.33,58178.63,10884
2024-09-12 02:00:00,58180.97,58525.64,57866.46,57985.88,12468
2024-09-12 03:00:00,57986.06,58392.16,57984.01,58275.75,9675
2024-09-12 04:00:00,58275.74,58474.65,58197.95,58219.4,9916
2024-09-12 05:00:00,58219.4,58224.08,57969.03,58012.35,9148
2024-09-12 06:00:00,58012.36,58142.56,57884.42,57987.28,8680
2024-09-12 07:00:00,57987.28,58190.37,57903.26,58165.34,11530
2024-09-12 08:00:00,58165.34,58403.01,58130.51,58219.18,8295
2024-09-12 09:00:00,58219.19,58301.86,58025.31,58057.83,9425
2024-09-12 10:00:00,58057.83,58138.85,57954.31,57956.8,8820
2024-09-12 11:00:00,57956.8,58180.31,57916.38,58085.65,7941
2024-09-12 12:00:00,58085.85,58198.35,57611.36,57716.64,13367
2024-09-12 13:00:00,57716.64,57900.8,57353.46,57636.77,15057
2024-09-12 14:00:00,57636.4,58600.17,57560.97,57566.99,20556
2024-09-12 15:00:00,57567.27,57909.35,57429.28,57528.44,15273
2024-09-12 16:00:00,57528.43,58157.83,57503.51,58087.24,11575
2024-09-12 17:00:00,58087.24,58442.44,58025.16,58414.52,10988
2024-09-12 18:00:00,58415.92,58499.65,58007.09,58207.72,12416
2024-09-12 19:00:00,58207.72,58488.22,58161.07,58427.32,11263
2024-09-12 20:00:00,58427.2,58431.73,58145.83,58239.33,6924
2024-09-12 21:00:00,58239.59,58412.67,57805.82,57964.97,6824
2024-09-12 22:00:00,57964.82,58295.03,57932.5,58176.09,6827
2024-09-12 23:00:00,58176.09,58228.12,58057.71,58171.7,6644
2024-09-13 00:00:00,58171.7,58287.36,58034.19,58071.93,7849
2024-09-13 01:00:00,58071.93,58289.29,57909.03,58170.11,8591
2024-09-13 02:00:00,58169.97,58205.16,58000.27,58089.32,6194
2024-09-13 03:00:00,58089.32,58111.63,57857.63,57886.3,5732
2024-09-13 04:00:00,57885.74,58023.68,57849.95,57877.93,5258
2024-09-13 05:00:00,57878.36,58062.83,57862.39,57964.46,6231
2024-09-13 06:00:00,57964.46,57978.75,57766.43,57799.71,6716
2024-09-13 07:00:00,57799.71,58167.91,57792.6,58139.75,7864
2024-09-13 08:00:00,58139.76,58187.67,57947.57,57984.64,6374
2024-09-13 09:00:00,57984.64,58176.24,57942.97,58082.92,7486
2024-09-13 10:00:00,58082.92,58393.29,58060.62,58385.03,8266
2024-09-13 11:00:00,58385.03,58385.03,57853.78,57913.21,8292
2024-09-13 12:00:00,57913.21,57980.48,57648.93,57933.0,10652
2024-09-13 13:00:00,57933.57,58194.11,57713.77,58083.34,12753
2024-09-13 14:00:00,58083.34,58612.44,57886.63,58500.99,15885
2024-09-13 15:00:00,58501.14,59772.89,58408.08,59697.27,18630
2024-09-13 16:00:00,59695.07,59837.1,59335.68,59471.09,16511
2024-09-13 17:00:00,59471.09,59999.0,59456.1,59600.31,12920
2024-09-13 18:00:00,59600.31,59923.74,59480.78,59768.42,12531
2024-09-13 19:00:00,59768.84,60031.43,59660.54,59759.67,10334
2024-09-13 20:00:00,59761.07,59985.01,59639.46,59871.64,7519
2024-09-13 21:00:00,59871.67,60407.52,59854.29,60323.84,11526
2024-09-13 22:00:00,60323.84,60674.74,60281.13,60645.61,11060
2024-09-13 23:00:00,60645.61,60658.49,60374.8,60531.23,8823
2024-09-14 00:00:00,60531.2,60651.28,60419.7,60440.61,9828
2024-09-14 01:00:00,60440.6,60628.69,60440.6,60445.86,9017
2024-09-14 02:00:00,60445.86,60542.09,60319.79,60319.79,7963
2024-09-14 03:00:00,60319.79,60460.4,60319.79,60348.59,8298
2024-09-14 04:00:00,60348.59,60372.34,60187.3,60225.69,8390
2024-09-14 05:00:00,60225.69,60247.17,59919.3,59938.73,9079
2024-09-14 06:00:00,59938.73,60108.75,59900.2,60057.33,9329
2024-09-14 07:00:00,60057.33,60194.32,59996.46,60143.16,8170
2024-09-14 08:00:00,60143.18,60169.97,59936.0,60003.69,6999
2024-09-14 09:00:00,60003.69,60094.03,59892.1,60085.05,6711
2024-09-14 10:00:00,60085.05,60085.26,59807.56,59876.5,6116
2024-09-14 11:00:00,59876.5,59876.5,59635.39,59744.29,9977
2024-09-14 12:00:00,59744.66,59898.05,59670.37,59820.8,9397
2024-09-14 13:00:00,59820.8,59832.57,59668.78,59793.61,8207
2024-09-14 14:00:00,59793.61,60050.35,59729.05,59936.18,10132
2024-09-14 15:00:00,59936.4,59979.13,59842.65,59895.7,8149
2024-09-14 16:00:00,59895.7,59999.98,59846.74,59988.85,8575
2024-09-14 17:00:00,59988.85,59996.47,59858.76,59912.74,5383
2024-09-14 18:00:00,59913.14,59921.41,59423.55,59815.06,10717
2024-09-14 19:00:00,59815.06,59954.64,59771.02,59847.21,7649
2024-09-14 20:00:00,59847.2,60184.5,59804.06,60036.07,8926
2024-09-14 21:00:00,60036.07,60088.51,59959.89,60047.42,5797
2024-09-14 22:00:00,60047.34,60150.36,59952.68,60034.98,6679
2024-09-14 23:00:00,60034.98,60081.71,59961.65,60023.16,6759
2024-09-15 00:00:00,60023.5,60160.94,60013.79,60056.65,6331
2024-09-15 01:00:00,60056.89,60295.75,60052.7,60251.99,8269
2024-09-15 02:00:00,60251.99,60286.91,60129.92,60247.64,7924
2024-09-15 03:00:00,60247.64,60266.64,60155.27,60183.64,7105
2024-09-15 04:00:00,60183.64,60245.48,60102.92,60147.44,8172
2024-09-15 05:00:00,60147.58,60246.61,60138.88,60179.6,7037
2024-09-15 06:00:00,60181.31,60209.93,60155.52,60178.75,4613
2024-09-15 07:00:00,60178.75,60236.49,60136.63,60207.15,5216
2024-09-15 08:00:00,60206.23,60224.59,60045.63,60084.1,6726
2024-09-15 09:00:00,60084.1,60125.17,60013.06,60029.18,5655
2024-09-15 10:00:00,60029.18,60064.96,59902.2,60004.67,8326
2024-09-15 11:00:00,60004.67,60062.13,59916.83,60019.89,7482
2024-09-15 12:00:00,60020.32,60139.11,59963.83,60119.51,7230
2024-09-15 13:00:00,60123.62,60364.41,60083.96,60193.92,8400
2024-09-15 14:00:00,60193.92,60294.71,59879.05,60281.98,8723
2024-09-15 15:00:00,60281.98,60410.88,60167.84,60343.23,10112
2024-09-15 16:00:00,60342.01,60360.05,59956.62,59971.56,6920
2024-09-15 17:00:00,59971.56,60067.41,59712.14,59844.03,9176
2024-09-15 18:00:00,59844.03,60207.3,59761.46,59992.98,8445
2024-09-15 19:00:00,59992.98,60153.43,59810.07,59892.39,7940
2024-09-15 20:00:00,59892.39,59953.4,59701.33,59811.76,6863
2024-09-15 21:00:00,59811.5,59813.29,59487.12,59675.28,8933
2024-09-15 22:00:00,59674.68,59690.38,59388.7,59460.39,8926
2024-09-15 23:00:00,59460.39,59496.18,58716.2,59166.65,13167
2024-09-16 00:00:00,59159.63,59243.81,58626.48,58689.61,11491
2024-09-16 01:00:00,58689.61,58817.71,58439.64,58626.06,12265
2024-09-16 02:00:00,58625.72,58691.61,58118.82,58284.6,10987
2024-09-16 03:00:00,58285.19,58619.96,58225.44,58583.55,12013
2024-09-16 04:00:00,58581.05,58606.41,58312.51,58365.02,8194
2024-09-16 05:00:00,58365.02,58687.74,58353.44,58673.92,8296
2024-09-16 06:00:00,58673.93,58873.95,58633.72,58719.49,9194
2024-09-16 07:00:00,58719.49,58978.01,58669.61,58917.73,9305
2024-09-16 08:00:00,58917.67,59198.57,58859.31,58927.51,11112
2024-09-16 09:00:00,58927.51,59045.29,58590.9,58648.55,9304
2024-09-16 10:00:00,58648.55,58757.41,58503.13,58752.72,8189
2024-09-16 11:00:00,58752.72,58861.73,58657.84,58671.02,10030
2024-09-16 12:00:00,58670.89,58806.87,58445.99,58545.65,10462
2024-09-16 13:00:00,58545.65,58626.21,58033.57,58505.8,14202
2024-09-16 14:00:00,58506.1,58575.94,57596.65,57628.49,14918
2024-09-16 15:00:00,57628.49,58016.49,57581.97,57897.78,13107
2024-09-16 16:00:00,57897.78,57976.95,57690.62,57827.23,10531
2024-09-16 17:00:00,57827.23,58283.07,57495.41,58173.29,12375
2024-09-16 18:00:00,58173.29,58203.41,57707.68,57901.13,10513
2024-09-16 19:00:00,57901.13,58057.83,57800.81,57966.93,8817
2024-09-16 20:00:00,57966.93,58197.54,57649.18,57708.43,8370
2024-09-16 21:00:00,57708.43,58020.98,57609.98,58009.14,7881
2024-09-16 22:00:00,58013.63,58058.55,57855.82,57987.84,5896
2024-09-16 23:00:00,57987.84,58439.0,57987.82,58238.52,6776
2024-09-17 00:00:00,58238.52,58371.85,57641.35,57659.95,8215
2024-09-17 01:00:00,57663.96,57991.58,57652.9,57926.43,10354
2024-09-17 02:00:00,57926.38,58251.49,57862.45,58140.12,7685
2024-09-17 03:00:00,58140.12,58182.67,58035.46,58098.36,7540
2024-09-17 04:00:00,58096.73,58368.49,58050.87,58281.74,5817
2024-09-17 05:00:00,58281.74,58810.86,58257.29,58662.54,7598
2024-09-17 06:00:00,58662.54,58693.22,58457.63,58497.62,8644
2024-09-17 07:00:00,58497.62,58735.28,58459.92,58712.94,7197
2024-09-17 08:00:00,58712.98,58887.96,58648.19,58815.17,7889
2024-09-17 09:00:00,58814.61,59106.9,58711.23,58980.63,8999
2024-09-17 10:00:00,58980.63,59307.25,58922.95,59273.23,9696
2024-09-17 11:00:00,59273.23,59343.93,59064.83,59122.19,10335
2024-09-17 12:00:00,59122.99,59480.0,59089.0,59404.58,11397
2024-09-17 13:00:00,59405.05,59452.28,58909.62,58991.7,15768
2024-09-17 14:00:00,58991.7,60402.98,58971.0,60286.3,19137
2024-09-17 15:00:00,60288.34,61379.97,60235.52,61140.22,18781
2024-09-17 16:00:00,61140.22,61273.41,60732.36,60879.81,16026
2024-09-17 17:00:00,60879.81,60998.21,60679.32,60967.44,13074
2024-09-17 18:00:00,60967.44,61077.98,60406.11,60548.11,12292
2024-09-17 19:00:00,60548.42,60715.14,59643.13,59990.26,13844
2024-09-17 20:00:00,59990.85,60380.47,59748.78,60156.98,11797
2024-09-17 21:00:00,60156.96,60463.23,60142.48,60360.31,7773
2024-09-17 22:00:00,60360.31,60374.34,60140.98,60262.32,7520
2024-09-17 23:00:00,60262.31,60349.56,60026.46,60336.11,7785
2024-09-18 00:00:00,60335.98,60357.78,59900.86,60263.09,8955
2024-09-18 01:00:00,60263.09,60363.17,60014.0,60150.23,8287
2024-09-18 02:00:00,60150.23,60399.76,60102.69,60382.92,7286
2024-09-18 03:00:00,60383.64,60797.95,60370.49,60535.42,9884
2024-09-18 04:00:00,60535.13,60709.16,60325.43,60450.68,7886
2024-09-18 05:00:00,60450.68,60450.68,60203.85,60254.81,7623
2024-09-18 06:00:00,60254.8,60493.85,60213.15,60464.23,5773
2024-09-18 07:00:00,60463.98,60555.09,60331.34,60436.38,8308
2024-09-18 08:00:00,60436.38,60436.38,60077.34,60194.9,8335
2024-09-18 09:00:00,60194.9,60195.97,59671.21,59680.69,8912
2024-09-18 10:00:00,59680.69,59948.32,59396.61,59929.09,11586
2024-09-18 11:00:00,59928.98,60031.33,59842.04,59867.33,9609
2024-09-18 12:00:00,59867.33,60027.54,59707.41,59992.65,9301
2024-09-18 13:00:00,59993.0,60176.89,59299.32,59510.77,13228
2024-09-18 14:00:00,59511.2,59780.46,59334.31,59503.88,14230
2024-09-18 15:00:00,59503.88,59762.81,59336.25,59443.01,12127
2024-09-18 16:00:00,59443.59,59973.2,59179.01,59924.04,13201
2024-09-18 17:00:00,59924.04,60268.35,59530.15,60033.33,13275
2024-09-18 18:00:00,60034.69,61347.46,59744.49,60613.59,30718
2024-09-18 19:00:00,60613.59,60756.05,59970.95,60065.89,25002
2024-09-18 20:00:00,60065.89,60339.54,59479.04,60236.28,13770
2024-09-18 21:00:00,60236.28,60498.41,60179.55,60207.7,7845
2024-09-18 22:00:00,60207.7,60708.73,60201.15,60687.73,7001
2024-09-18 23:00:00,60689.73,61802.18,60686.97,61765.54,11332
2024-09-19 00:00:00,61765.54,62621.03,61715.51,62272.89,16451
2024-09-19 01:00:00,62272.88,62354.81,61574.84,62020.72,14847
2024-09-19 02:00:00,62020.72,62345.34,61819.53,62226.68,9478
2024-09-19 03:00:00,62226.68,62300.46,62021.44,62141.64,9111
2024-09-19 04:00:00,62141.23,62180.31,61918.87,62114.82,9187
2024-09-19 05:00:00,62114.99,62218.63,61924.24,62026.84,7762
2024-09-19 06:00:00,62026.84,62161.18,61834.12,62060.82,8521
2024-09-19 07:00:00,62060.82,62204.8,61965.12,62133.05,10292
2024-09-19 08:00:00,62133.2,62239.85,61906.08,61962.37,9062
2024-09-19 09:00:00,61962.37,62400.34,61915.43,62315.07,10350
2024-09-19 10:00:00,62315.17,62766.66,62311.28,62352.03,10811
2024-09-19 11:00:00,62352.03,62770.92,62274.37,62689.97,8558
2024-09-19 12:00:00,62689.97,63272.36,62636.17,62968.1,15694
2024-09-19 13:00:00,62968.1,63409.93,62737.57,63082.04,15038
2024-09-19 14:00:00,63082.04,63564.37,62936.84,62988.69,16393
2024-09-19 15:00:00,62988.68,63388.44,62860.48,63186.43,14104
2024-09-19 16:00:00,63186.59,63750.21,62976.68,63604.64,15024
2024-09-19 17:00:00,63604.64,63911.07,63329.62,63762.73,14347
2024-09-19 18:00:00,63763.35,63842.62,63529.41,63674.68,13639
2024-09-19 19:00:00,63674.68,63682.53,63209.62,63288.8,12071
2024-09-19 20:00:00,63288.8,63288.8,63003.55,63037.07,7427
2024-09-19 21:00:00,63037.07,63190.01,62879.59,62881.0,7622
2024-09-19 22:00:00,62880.59,63089.73,62650.35,62937.76,10362
2024-09-19 23:00:00,62937.75,63085.62,62900.57,62963.58,7969
2024-09-20 00:00:00,62963.58,63026.09,62668.47,62765.05,10070
2024-09-20 01:00:00,62765.04,63182.29,62603.77,63051.14,11118
2024-09-20 02:00:00,63051.14,63126.08,62810.48,63114.4,9339
2024-09-20 03:00:00,63113.83,63764.36,63066.83,63753.96,11348
2024-09-20 04:00:00,63753.96,64150.24,63662.55,63849.01,15084
2024-09-20 05:00:00,63849.01,64055.39,63602.3,63823.43,11291
2024-09-20 06:00:00,63823.43,63936.52,63642.6,63802.57,10363
2024-09-20 07:00:00,63802.58,63806.49,63385.07,63531.79,11024
2024-09-20 08:00:00,63532.15,63540.71,63106.99,63288.99,10085
2024-09-20 09:00:00,63288.99,63562.03,63252.66,63486.88,8596
2024-09-20 10:00:00,63486.87,63671.02,63359.96,63671.02,8175
2024-09-20 11:00:00,63671.02,63706.94,63334.4,63432.52,9228
2024-09-20 12:00:00,63432.51,63543.15,63315.53,63410.92,10400
2024-09-20 13:00:00,63410.93,63440.0,62660.18,62833.72,16370
2024-09-20 14:00:00,62833.72,63503.12,62550.88,63033.0,17678
2024-09-20 15:00:00,63033.41,63344.43,62678.45,63136.74,15399
2024-09-20 16:00:00,63136.75,63276.36,62793.39,62852.62,11996
2024-09-20 17:00:00,62852.62,62975.8,62588.55,62677.23,11006
2024-09-20 18:00:00,62677.23,62973.23,62318.03,62844.1,13490
2024-09-20 19:00:00,62844.55,63007.33,62756.32,62777.56,12079
2024-09-20 20:00:00,62778.41,62911.14,62674.21,62779.93,8054
2024-09-20 21:00:00,62779.94,63273.06,62770.67,63084.92,8765
2024-09-20 22:00:00,63085.23,63260.8,63084.41,63162.86,7491
2024-09-20 23:00:00,63164.26,63202.56,63042.88,63176.07,7081
2024-09-21 00:00:00,63176.07,63280.1,63000.92,63153.33,9590
2024-09-21 01:00:00,63153.33,63182.5,62801.59,62808.96,9341
2024-09-21 02:00:00,62809.07,62962.38,62774.79,62873.26,7780
2024-09-21 03:00:00,62873.26,62971.0,62836.74,62855.4,7407
2024-09-21 04:00:00,62854.71,62900.23,62768.58,62810.56,8587
2024-09-21 05:00:00,62810.73,62913.86,62693.29,62872.75,9124
2024-09-21 06:00:00,62872.75,63055.73,62850.56,62975.31,8380
2024-09-21 07:00:00,62975.31,63114.59,62940.61,63062.96,8097
2024-09-21 08:00:00,63062.96,63100.51,62976.91,63014.99,5487
2024-09-21 09:00:00,63014.99,63126.41,62975.93,63110.25,7208
2024-09-21 10:00:00,63110.25,63111.48,62949.93,62977.71,6034
2024-09-21 11:00:00,62977.71,63099.93,62958.49,63075.43,6096
2024-09-21 12:00:00,63075.43,63147.21,63017.94,63124.29,8521
2024-09-21 13:00:00,63123.89,63201.42,62995.76,63159.01,7273
2024-09-21 14:00:00,63159.23,63291.04,63098.63,63287.15,7847
2024-09-21 15:00:00,63287.15,63298.06,63035.86,63149.49,9555
2024-09-21 16:00:00,63150.25,63216.3,63064.65,63185.94,5975
2024-09-21 17:00:00,63185.93,63381.79,63144.87,63270.01,7215
2024-09-21 18:00:00,63270.01,63290.86,63204.21,63247.69,5746
2024-09-21 19:00:00,63247.69,63313.56,63141.21,63180.12,5714
2024-09-21 20:00:00,63180.12,63196.74,63096.58,63112.99,5473
2024-09-21 21:00:00,63112.99,63123.12,63021.59,63069.04,4673
2024-09-21 22:00:00,63069.03,63207.45,63018.83,63190.83,5992
2024-09-21 23:00:00,63190.84,63557.43,63122.74,63341.42,7164
2024-09-22 00:00:00,63341.42,63437.32,63090.16,63197.43,8442
2024-09-22 01:00:00,63197.73,63262.61,62971.18,63010.04,7700
2024-09-22 02:00:00,63010.05,63074.46,62810.63,62953.46,9156
2024-09-22 03:00:00,62953.11,63223.27,62908.01,63104.57,7514
2024-09-22 04:00:00,63104.57,63200.65,63068.41,63076.41,6851
2024-09-22 05:00:00,63076.41,63086.26,62892.13,62925.72,5866
2024-09-22 06:00:00,62925.72,63043.36,62822.84,62866.88,6539
2024-09-22 07:00:00,62866.88,62960.0,62861.74,62932.49,5992
2024-09-22 08:00:00,62932.49,63028.47,62886.03,63010.31,7168
2024-09-22 09:00:00,63010.31,63010.33,62637.44,62687.37,7329
2024-09-22 10:00:00,62687.37,62760.85,62528.77,62644.12,8167
2024-09-22 11:00:00,62644.12,62832.07,62531.3,62751.57,9011
2024-09-22 12:00:00,62751.61,62918.54,62713.69,62754.66,9542
2024-09-22 13:00:00,62754.29,62825.4,62549.29,62592.1,8311
2024-09-22 14:00:00,62592.1,62694.52,62457.18,62653.37,8675
2024-09-22 15:00:00,62653.36,62804.66,62560.05,62641.56,7447
2024-09-22 16:00:00,62641.56,62842.22,62462.0,62759.3,6289
2024-09-22 17:00:00,62759.3,63135.11,62759.3,63052.22,6926
2024-09-22 18:00:00,63052.2,63065.87,62819.39,62952.1,7678
2024-09-22 19:00:00,62952.23,63217.58,62789.07,63147.5,5257
2024-09-22 20:00:00,63147.5,63319.6,63090.76,63216.64,7041
2024-09-22 21:00:00,63216.64,63329.29,62736.78,62778.47,6302
2024-09-22 22:00:00,62778.47,64021.86,62367.73,63876.75,14073
2024-09-22 23:00:00,63876.45,63980.2,63400.1,63580.13,11579
2024-09-23 00:00:00,63580.13,63756.86,62557.8,63566.33,13961
2024-09-23 01:00:00,63566.33,63967.24,63466.74,63830.16,13268
2024-09-23 02:00:00,63830.16,63987.5,63670.87,63938.52,11014
2024-09-23 03:00:00,63938.52,64761.62,63925.47,64343.0,15845
2024-09-23 04:00:00,64343.06,64452.13,63770.13,63893.88,9401
2024-09-23 05:00:00,63894.63,63929.35,63649.36,63743.01,8044
2024-09-23 06:00:00,63743.01,63771.69,63512.94,63664.51,8194
2024-09-23 07:00:00,63664.51,63664.51,63377.06,63541.24,8790
2024-09-23 08:00:00,63541.01,63604.61,63286.43,63470.15,8985
2024-09-23 09:00:00,63470.15,63684.2,63464.92,63625.41,8306
2024-09-23 10:00:00,63625.41,63637.72,63393.18,63485.86,6785
2024-09-23 11:00:00,63485.86,63518.06,63340.06,63404.39,7588
2024-09-23 12:00:00,63404.38,63509.92,63206.83,63298.51,8979
2024-09-23 13:00:00,63298.51,63395.5,63014.59,63140.14,13742
2024-09-23 14:00:00,63140.55,63784.27,63072.82,63382.74,17441
2024-09-23 15:00:00,63382.74,63777.06,63084.53,63620.71,11702
2024-09-23 16:00:00,63620.52,63825.78,63174.23,63201.77,12720
2024-09-23 17:00:00,63201.77,63325.7,63079.99,63293.81,7759
2024-09-23 18:00:00,63293.81,63562.03,63252.93,63433.43,7631
2024-09-23 19:00:00,63433.43,63494.96,63249.51,63303.14,7104
2024-09-23 20:00:00,63303.14,63444.37,63258.57,63310.17,5121
2024-09-23 21:00:00,63310.17,63496.08,63073.88,63369.59,6427
2024-09-23 22:00:00,63369.59,63369.59,63180.86,63215.86,5597
2024-09-23 23:00:00,63215.86,63415.74,63184.31,63333.9,4915
2024-09-24 00:00:00,63333.9,63401.73,62782.33,62899.2,8623
2024-09-24 01:00:00,62899.03,63239.31,62772.31,62917.24,9453
2024-09-24 02:00:00,62917.24,63136.25,62697.63,63108.64,8086
2024-09-24 03:00:00,63108.64,63185.42,62916.44,63111.37,6520
2024-09-24 04:00:00,63111.37,63139.02,62922.33,63058.55,5595
2024-09-24 05:00:00,63058.55,63222.8,63040.84,63210.0,6036
2024-09-24 06:00:00,63210.01,63400.23,63210.01,63291.97,6992
2024-09-24 07:00:00,63291.97,63570.41,63285.32,63550.73,7329
2024-09-24 08:00:00,63550.74,63969.08,63532.42,63868.68,8441
2024-09-24 09:00:00,63868.58,63913.14,63476.23,63525.13,8618
2024-09-24 10:00:00,63525.13,63711.83,63496.76,63516.29,6840
2024-09-24 11:00:00,63516.29,63599.32,63370.37,63476.67,7409
2024-09-24 12:00:00,63476.67,63665.25,63399.14,63442.27,7677
2024-09-24 13:00:00,63442.27,63778.43,63390.51,63523.65,9658
2024-09-24 14:00:00,63523.65,63560.78,62706.39,63173.16,15390
2024-09-24 15:00:00,63173.16,63349.57,62976.44,63145.51,10319
2024-09-24 16:00:00,63145.66,63376.31,63075.13,63247.24,8390
2024-09-24 17:00:00,63247.24,64014.24,63220.98,63780.16,9769
2024-09-24 18:00:00,63780.16,63888.63,63527.33,63726.56,8828
2024-09-24 19:00:00,63726.35,64402.1,63676.97,64309.52,8515
2024-09-24 20:00:00,64309.52,64612.9,64086.03,64217.68,10439
2024-09-24 21:00:00,64213.98,64287.8,63968.98,64029.97,6660
2024-09-24 22:00:00,64029.97,64690.07,64029.97,64569.41,8927
2024-09-24 23:00:00,64569.41,64624.39,64238.59,64260.35,6447
2024-09-25 00:00:00,64260.35,64440.05,63981.7,64118.77,8442
2024-09-25 01:00:00,64118.77,64825.13,64080.53,64368.15,9740
2024-09-25 02:00:00,64368.15,64553.6,64273.41,64411.37,6797
2024-09-25 03:00:00,64411.38,64467.42,64222.11,64454.76,7013
2024-09-25 04:00:00,64454.56,64461.91,64169.12,64177.69,5676
2024-09-25 05:00:00,64177.69,64284.9,64132.85,64172.49,5279
2024-09-25 06:00:00,64172.49,64172.49,63730.41,63798.41,7261
2024-09-25 07:00:00,63798.41,63858.41,63629.61,63834.06,7055
2024-09-25 08:00:00,63834.06,63909.7,63749.89,63821.8,5528
2024-09-25 09:00:00,63821.93,63878.14,63596.34,63608.68,6136
2024-09-25 10:00:00,63608.68,63737.5,63390.66,63639.18,7994
2024-09-25 11:00:00,63639.18,63843.63,63501.01,63827.57,7611
2024-09-25 12:00:00,63827.57,63837.79,63587.91,63592.18,7631
2024-09-25 13:00:00,63593.17,63760.14,63296.34,63743.48,9988
2024-09-25 14:00:00,63743.28,63954.62,63637.96,63941.37,14475
2024-09-25 15:00:00,63940.66,64005.63,63440.92,63497.75,12381
2024-09-25 16:00:00,63497.75,63665.19,63436.3,63455.08,9325
2024-09-25 17:00:00,63455.08,63538.46,62979.63,63150.02,8892
2024-09-25 18:00:00,63150.02,63365.64,63103.34,63339.41,8487
2024-09-25 19:00:00,63339.41,63457.38,63108.8,63162.57,8318
2024-09-25 20:00:00,63162.57,63526.11,63153.98,63493.38,6270
2024-09-25 21:00:00,63493.42,63569.63,63410.63,63439.8,5423
2024-09-25 22:00:00,63439.79,63519.11,63032.31,63257.8,7403
2024-09-25 23:00:00,63257.81,63266.22,62918.11,63115.39,7397
2024-09-26 00:00:00,63118.25,63255.87,62825.9,62930.15,8788
2024-09-26 01:00:00,62930.15,63135.19,62641.7,63135.19,8585
2024-09-26 02:00:00,63133.83,63362.19,63073.34,63338.92,7154
2024-09-26 03:00:00,63338.22,63541.45,63294.23,63510.54,5670
2024-09-26 04:00:00,63510.84,63533.06,63335.73,63430.67,5552
2024-09-26 05:00:00,63430.67,63736.7,63360.21,63602.68,7967
2024-09-26 06:00:00,63602.92,63795.85,63587.92,63725.69,6845
2024-09-26 07:00:00,63725.69,63871.93,63662.59,63852.75,6440
2024-09-26 08:00:00,63852.75,63901.1,63698.69,63718.78,7113
2024-09-26 09:00:00,63718.77,63978.12,63585.82,63801.13,7252
2024-09-26 10:00:00,63801.13,64483.64,63761.15,64397.36,9118
2024-09-26 11:00:00,64397.36,64513.23,64286.69,64397.77,8047
2024-09-26 12:00:00,64397.77,64735.34,64324.33,64476.78,11453
2024-09-26 13:00:00,64476.78,64553.2,64150.54,64443.23,12777
2024-09-26 14:00:00,64443.23,65251.17,64379.37,64458.03,18480
2024-09-26 15:00:00,64458.03,65576.07,64334.98,65247.43,16950
2024-09-26 16:00:00,65247.43,65600.58,65115.82,65374.88,14671
2024-09-26 17:00:00,65374.88,65864.04,65139.17,65165.37,11954
2024-09-26 18:00:00,65165.37,65337.24,64965.43,65305.58,10345
2024-09-26 19:00:00,65307.96,65321.24,64721.89,64740.41,8361
2024-09-26 20:00:00,64740.4,64906.65,64669.74,64683.53,7853
2024-09-26 21:00:00,64683.39,65243.16,64651.65,65065.73,7850
2024-09-26 22:00:00,65065.73,65267.61,64987.7,65110.43,6127
2024-09-26 23:00:00,65110.43,65197.22,64740.95,65185.15,7426
2024-09-27 00:00:00,65185.15,65344.8,65007.41,65274.77,8657
2024-09-27 01:00:00,65274.78,65398.32,65035.57,65140.82,7484
2024-09-27 02:00:00,65140.83,65234.82,64846.31,64911.88,6959
2024-09-27 03:00:00,64911.88,65453.41,64841.05,65383.09,7898
2024-09-27 04:00:00,65383.11,65485.84,65298.82,65331.57,8026
2024-09-27 05:00:00,65331.57,65414.34,65120.68,65385.82,7016
2024-09-27 06:00:00,65385.82,65555.19,65245.32,65362.58,9466
2024-09-27 07:00:00,65362.8,65589.75,65284.54,65500.76,8624
2024-09-27 08:00:00,65500.76,65838.47,65451.84,65751.32,9288
2024-09-27 09:00:00,65751.32,66022.51,65663.5,65756.7,11125
2024-09-27 10:00:00,65756.7,65799.87,65490.51,65505.19,8547
2024-09-27 11:00:00,65505.19,65635.41,65349.11,65450.71,7875
2024-09-27 12:00:00,65450.71,65918.93,65330.81,65762.09,10755
2024-09-27 13:00:00,65762.08,65823.79,65365.03,65687.71,11827
2024-09-27 14:00:00,65687.71,66512.63,65582.13,66277.62,16766
2024-09-27 15:00:00,66277.62,66455.03,66034.63,66041.7,13025
2024-09-27 16:00:00,66041.69,66401.04,65899.81,66338.85,12038
2024-09-27 17:00:00,66338.72,66390.02,65696.69,65928.16,9882
2024-09-27 18:00:00,65928.34,65954.9,65525.45,65882.64,9324
2024-09-27 19:00:00,65882.8,65977.71,65640.31,65664.49,8439
2024-09-27 20:00:00,65662.29,65932.33,65626.28,65820.08,7746
2024-09-27 21:00:00,65820.08,65893.37,65764.52,65818.68,5647
2024-09-27 22:00:00,65818.68,65993.81,65772.78,65886.29,6276
2024-09-27 23:00:00,65885.68,65934.07,65688.18,65788.1,6034
2024-09-28 00:00:00,65788.11,65917.54,65724.22,65909.89,7591
2024-09-28 01:00:00,65909.88,66023.31,65804.55,66006.83,7076
2024-09-28 02:00:00,66007.17,66214.52,65913.61,66180.59,7178
2024-09-28 03:00:00,66180.59,66284.98,66007.12,66095.45,8483
2024-09-28 04:00:00,66095.45,66115.02,65980.35,66038.97,6098
2024-09-28 05:00:00,66038.97,66053.81,65916.68,65972.18,8016
2024-09-28 06:00:00,65972.18,65974.77,65751.74,65827.93,6527
2024-09-28 07:00:00,65827.93,65910.95,65764.63,65832.04,6977
2024-09-28 08:00:00,65832.04,65832.04,65569.1,65644.41,7819
2024-09-28 09:00:00,65644.41,65655.31,65462.78,65641.3,10233
2024-09-28 10:00:00,65640.88,65791.55,65580.36,65778.22,7922
2024-09-28 11:00:00,65778.22,65832.41,65714.03,65814.56,7295
2024-09-28 12:00:00,65814.68,65815.2,65428.49,65561.4,8471
2024-09-28 13:00:00,65561.21,65628.01,65433.36,65549.86,7865
2024-09-28 14:00:00,65549.64,65843.1,65543.81,65748.52,6412
2024-09-28 15:00:00,65748.52,65749.22,65624.82,65634.82,7076
2024-09-28 16:00:00,65634.37,65688.62,65496.64,65529.7,6290
2024-09-28 17:00:00,65529.7,65741.56,65514.26,65648.96,6070
2024-09-28 18:00:00,65650.41,65836.64,65646.54,65720.52,5491
2024-09-28 19:00:00,65720.52,65800.25,65706.5,65748.6,5122
2024-09-28 20:00:00,65748.53,65795.91,65650.32,65665.83,4689
2024-09-28 21:00:00,65666.96,65707.48,65434.3,65706.76,5771
2024-09-28 22:00:00,65706.75,65787.68,65589.83,65694.23,5064
2024-09-28 23:00:00,65694.23,66023.22,65631.97,65870.51,5558
2024-09-29 00:00:00,65870.31,66000.23,65642.75,65695.78,7465
2024-09-29 01:00:00,65695.78,65898.31,65673.64,65879.87,7170
2024-09-29 02:00:00,65879.87,65946.93,65828.59,65834.73,6345
2024-09-29 03:00:00,65834.81,65841.89,65734.4,65828.13,5549
2024-09-29 04:00:00,65828.37,65828.37,65700.11,65765.81,4514
2024-09-29 05:00:00,65765.81,65779.42,65531.4,65614.18,5253
2024-09-29 06:00:00,65614.18,65649.23,65492.87,65518.46,6348
2024-09-29 07:00:00,65518.46,65570.27,65439.76,65480.12,5315
2024-09-29 08:00:00,65480.12,65611.47,65441.01,65578.31,6517
2024-09-29 09:00:00,65578.16,65686.13,65566.3,65587.02,5967
2024-09-29 10:00:00,65587.02,65591.83,65472.08,65575.0,5827
2024-09-29 11:00:00,65575.6,65737.24,65566.51,65701.26,3953
2024-09-29 12:00:00,65701.26,65775.0,65629.24,65649.1,6022
2024-09-29 13:00:00,65649.1,65873.55,65590.74,65824.24,7717
2024-09-29 14:00:00,65824.24,65842.13,65660.13,65703.95,5791
2024-09-29 15:00:00,65703.95,65830.04,65526.02,65768.51,6396
2024-09-29 16:00:00,65768.12,65807.89,65659.27,65775.8,6285
2024-09-29 17:00:00,65775.8,65946.99,65768.24,65840.98,5751
2024-09-29 18:00:00,65840.98,65881.92,65756.8,65811.44,5089
2024-09-29 19:00:00,65811.43,65994.89,65797.48,65967.97,4242
2024-09-29 20:00:00,65967.98,66105.86,65813.29,65826.63,5619
2024-09-29 21:00:00,65826.63,65981.85,65794.58,65871.48,4585
2024-09-29 22:00:00,65871.48,65951.29,65570.44,65686.81,6966
2024-09-29 23:00:00,65686.81,65746.26,65531.41,65607.1,5618
2024-09-30 00:00:00,65607.1,65620.44,65083.24,65482.91,9577
2024-09-30 01:00:00,65482.91,65563.61,64736.74,64788.76,9577
2024-09-30 02:00:00,64786.26,64838.99,64349.24,64397.78,9143
2024-09-30 03:00:00,64396.18,64599.76,64208.68,64594.85,10924
2024-09-30 04:00:00,64594.56,64596.64,64338.26,64463.38,7026
2024-09-30 05:00:00,64463.38,64561.35,64404.49,64556.0,6696
2024-09-30 06:00:00,64556.0,64739.93,64372.33,64375.64,8425
2024-09-30 07:00:00,64375.64,64704.76,64366.0,64589.79,7430
2024-09-30 08:00:00,64589.96,64603.42,64051.76,64335.81,9917
2024-09-30 09:00:00,64335.94,64335.94,63543.6,63548.4,10968
2024-09-30 10:00:00,63548.4,63687.22,63256.02,63659.44,13318
2024-09-30 11:00:00,63659.63,63886.87,63524.2,63830.28,10199
2024-09-30 12:00:00,63830.44,64153.07,63763.34,64052.2,10081
2024-09-30 13:00:00,64052.07,64181.79,63837.19,63888.36,11925
2024-09-30 14:00:00,63888.72,64026.67,63556.3,63764.05,13174
2024-09-30 15:00:00,63764.05,63997.55,63540.84,63570.94,10191
2024-09-30 16:00:00,63570.93,63742.01,63450.07,63480.9,9567
2024-09-30 17:00:00,63480.9,63709.41,63355.06,63687.11,10292
2024-09-30 18:00:00,63687.11,63737.72,63032.47,63316.42,14081
2024-09-30 19:00:00,63316.42,63611.06,63257.54,63474.15,9692
2024-09-30 20:00:00,63476.25,63853.49,63429.06,63796.42,7889
2024-09-30 21:00:00,63796.42,63827.52,63625.69,63697.49,6014
2024-09-30 22:00:00,63697.74,63767.96,63454.54,63465.95,7201
2024-09-30 23:00:00,63466.25,63602.7,62831.6,63314.34,10655
2024-10-01 00:00:00,63314.34,63588.14,62997.18,63496.66,12192
2024-10-01 01:00:00,63496.89,63616.11,63333.4,63434.65,9258
2024-10-01 02:00:00,63434.65,63434.65,63140.71,63402.59,7489
2024-10-01 03:00:00,63403.14,63713.33,63384.52,63688.49,8689
2024-10-01 04:00:00,63688.49,63838.02,63603.61,63821.72,7459
2024-10-01 05:00:00,63821.77,63864.79,63627.3,63714.56,5650
2024-10-01 06:00:00,63714.57,64078.55,63711.79,64010.93,9407
2024-10-01 07:00:00,64010.93,64110.56,63901.2,64041.98,8727
2024-10-01 08:00:00,64041.98,64095.05,63822.43,63944.95,7334
2024-10-01 09:00:00,63944.95,64097.37,63849.12,63864.18,7281
2024-10-01 10:00:00,63864.18,63943.7,63697.14,63906.63,7247
2024-10-01 11:00:00,63906.63,63987.28,63701.06,63709.56,6640
2024-10-01 12:00:00,63709.56,63801.85,63562.86,63657.65,7826
2024-10-01 13:00:00,63657.65,63684.66,62502.53,62833.54,15132
2024-10-01 14:00:00,62833.54,63051.23,62393.74,62576.37,19582
2024-10-01 15:00:00,62576.37,62763.82,61779.5,62601.04,20063
2024-10-01 16:00:00,62599.87,62746.72,61860.07,62394.03,18633
2024-10-01 17:00:00,62394.03,62394.03,61053.29,62092.0,19737
2024-10-01 18:00:00,62092.0,62398.79,61814.56,61948.62,14399
2024-10-01 19:00:00,61948.62,62076.95,61564.64,61733.74,14051
2024-10-01 20:00:00,61736.28,61743.45,60133.15,60785.16,20283
2024-10-01 21:00:00,60785.16,61195.9,60630.09,61126.09,10624
2024-10-01 22:00:00,61125.99,61131.78,60613.06,60758.69,9605
2024-10-01 23:00:00,60758.56,61029.25,60631.91,60783.7,8763
2024-10-02 00:00:00,60783.7,61193.93,60707.37,61012.36,10540
2024-10-02 01:00:00,61012.36,61504.43,60962.98,61495.7,10373
2024-10-02 02:00:00,61495.7,61803.26,61403.0,61756.27,9258
2024-10-02 03:00:00,61756.27,61860.52,61631.57,61720.59,9133
2024-10-02 04:00:00,61720.58,61728.64,61403.26,61461.67,9444
2024-10-02 05:00:00,61461.66,61583.6,61316.63,61463.2,9700
2024-10-02 06:00:00,61463.2,61766.75,61322.23,61674.38,9641
2024-10-02 07:00:00,61674.38,61926.74,61556.05,61698.2,10682
2024-10-02 08:00:00,61698.2,61891.02,61578.36,61780.6,9567
2024-10-02 09:00:00,61780.61,61799.01,61094.93,61231.57,11428
2024-10-02 10:00:00,61231.57,61529.71,61114.99,61167.53,10640
2024-10-02 11:00:00,61167.53,61354.48,60846.79,61132.35,12809
2024-10-02 12:00:00,61131.74,61199.18,60674.19,60783.55,12262
2024-10-02 13:00:00,60783.55,61439.95,60495.9,61318.47,17385
2024-10-02 14:00:00,61318.06,61661.7,61045.66,61051.46,18943
2024-10-02 15:00:00,61051.46,61921.52,61024.97,61855.82,15159
2024-10-02 16:00:00,61855.82,62381.08,61769.3,61791.63,15708
2024-10-02 17:00:00,61791.63,61831.61,61214.21,61607.08,13858
2024-10-02 18:00:00,61605.33,61678.69,60732.0,60743.19,14879
2024-10-02 19:00:00,60743.19,60904.14,59943.2,60162.87,17948
2024-10-02 20:00:00,60154.99,60975.48,60084.7,60897.42,16287
2024-10-02 21:00:00,60897.42,60923.52,60619.57,60803.62,8547
2024-10-02 22:00:00,60803.62,60823.96,60415.03,60821.26,10591
2024-10-02 23:00:00,60821.26,60836.47,60578.71,60610.94,7805
2024-10-03 00:00:00,60610.94,61077.16,60489.86,60953.53,12689
2024-10-03 01:00:00,60953.85,61166.93,60889.95,61002.9,10572
2024-10-03 02:00:00,61002.74,61259.25,60949.95,61166.17,9186
2024-10-03 03:00:00,61166.95,61445.78,61056.2,61443.5,8591
2024-10-03 04:00:00,61443.5,61468.98,61267.83,61314.47,8629
2024-10-03 05:00:00,61314.46,61353.51,61068.99,61160.14,7794
2024-10-03 06:00:00,61160.14,61398.36,61083.24,61310.13,7699
2024-10-03 07:00:00,61310.13,61412.08,60798.03,60899.46,11332
2024-10-03 08:00:00,60898.11,60956.11,60131.36,60338.04,14629
2024-10-03 09:00:00,60334.94,60749.53,60108.8,60695.74,12800
2024-10-03 10:00:00,60695.73,61002.7,60617.58,60996.77,9565
2024-10-03 11:00:00,60996.77,61045.27,60551.67,60738.19,9584
2024-10-03 12:00:00,60738.19,60741.55,60337.45,60449.09,13894
2024-10-03 13:00:00,60449.35,60564.47,59831.68,60362.75,19800
2024-10-03 14:00:00,60362.41,60908.01,60117.9,60157.59,22874
2024-10-03 15:00:00,60157.59,60679.01,60014.18,60624.53,17079
2024-10-03 16:00:00,60624.53,60776.64,60064.85,60159.61,14896
2024-10-03 17:00:00,60159.61,60701.92,59902.73,60600.68,13235
2024-10-03 18:00:00,60600.68,60836.2,60502.62,60691.57,10413
2024-10-03 19:00:00,60691.57,61035.8,60511.8,61010.63,9632
2024-10-03 20:00:00,61008.98,61084.63,60645.38,60759.46,7648
2024-10-03 21:00:00,60759.46,60934.4,60582.61,60783.07,6557
2024-10-03 22:00:00,60782.95,60963.81,60675.21,60865.62,7614
2024-10-03 23:00:00,60865.62,60962.5,60667.77,60719.66,7225
2024-10-04 00:00:00,60719.66,60775.35,60420.94,60471.22,9556
2024-10-04 01:00:00,60471.22,61243.46,60446.22,61200.85,11460
2024-10-04 02:00:00,61202.15,61260.41,60921.21,61024.38,8785
2024-10-04 03:00:00,61024.38,61063.02,60865.69,60942.47,5217
2024-10-04 04:00:00,60942.47,61198.78,60911.27,60987.2,6247
2024-10-04 05:00:00,60987.2,61234.45,60958.85,61217.83,6665
2024-10-04 06:00:00,61217.83,61344.11,61082.98,61115.58,7158
2024-10-04 07:00:00,61115.38,61500.34,61052.03,61430.01,6870
2024-10-04 08:00:00,61430.06,61647.68,61323.95,61447.08,10480
2024-10-04 09:00:00,61447.07,61592.43,61290.68,61326.59,8408
2024-10-04 10:00:00,61326.59,61410.71,61242.93,61262.95,6989
2024-10-04 11:00:00,61262.96,61458.86,61243.38,61429.09,7665
2024-10-04 12:00:00,61429.09,61914.57,61180.7,61907.0,14006
2024-10-04 13:00:00,61907.09,61997.27,61462.59,61569.95,16003
2024-10-04 14:00:00,61569.95,61575.43,60762.61,61214.17,18661
2024-10-04 15:00:00,61214.17,61865.73,61199.51,61862.68,15086
2024-10-04 16:00:00,61862.88,62298.41,61632.1,62245.71,12998
2024-10-04 17:00:00,62245.71,62351.94,61835.11,61983.98,12812
2024-10-04 18:00:00,61983.98,62375.78,61893.93,62354.22,10294
2024-10-04 19:00:00,62354.23,62490.52,62277.24,62388.87,10456
2024-10-04 20:00:00,62392.03,62506.61,62172.96,62424.12,9286
2024-10-04 21:00:00,62424.12,62480.77,62271.12,62286.98,6967
2024-10-04 22:00:00,62286.98,62364.39,62189.31,62212.62,7462
2024-10-04 23:00:00,62212.62,62217.23,61968.1,62095.17,6843
2024-10-05 00:00:00,62095.17,62200.77,62042.49,62172.36,8463
2024-10-05 01:00:00,62171.92,62210.09,61984.0,62069.86,7528
2024-10-05 02:00:00,62069.6,62071.66,61785.21,61807.12,7728
2024-10-05 03:00:00,61807.12,61971.26,61676.79,61868.13,9702
2024-10-05 04:00:00,61868.32,62026.07,61822.01,61938.45,8504
2024-10-05 05:00:00,61938.45,62167.86,61932.66,62144.21,9091
2024-10-05 06:00:00,62144.21,62263.58,62074.23,62234.31,8556
2024-10-05 07:00:00,62232.72,62276.89,62064.86,62071.95,8472
2024-10-05 08:00:00,62071.95,62194.77,62068.33,62150.03,8828
2024-10-05 09:00:00,62150.02,62324.41,62121.54,62245.62,7664
2024-10-05 10:00:00,62245.07,62266.83,62186.32,62203.36,7767
2024-10-05 11:00:00,62203.36,62230.95,62158.67,62175.02,7645
2024-10-05 12:00:00,62175.02,62312.41,62175.02,62301.89,7565
2024-10-05 13:00:00,62301.89,62370.98,62091.02,62138.65,8037
2024-10-05 14:00:00,62138.65,62225.82,62072.37,62176.19,8808
2024-10-05 15:00:00,62175.71,62209.92,62089.68,62143.23,8103
2024-10-05 16:00:00,62142.54,62165.86,61932.14,61942.32,8008
2024-10-05 17:00:00,61942.32,62020.55,61882.76,62002.69,6687
2024-10-05 18:00:00,62002.69,62042.56,61816.62,61843.84,6446
2024-10-05 19:00:00,61843.84,61893.17,61746.41,61832.82,5634
2024-10-05 20:00:00,61832.82,61832.82,61697.34,61703.63,6098
2024-10-05 21:00:00,61703.63,61919.8,61669.12,61833.07,6361
2024-10-05 22:00:00,61833.07,62082.59,61816.71,62017.64,6644
2024-10-05 23:00:00,62017.64,62087.29,61952.19,62026.12,6123
2024-10-06 00:00:00,62026.12,62070.62,61849.05,61888.74,7002
2024-10-06 01:00:00,61888.74,62120.4,61876.42,62055.52,7655
2024-10-06 02:00:00,62055.52,62093.64,61913.88,61939.17,5505
2024-10-06 03:00:00,61938.84,61999.07,61838.13,61854.03,5589
2024-10-06 04:00:00,61854.62,61930.7,61772.65,61845.7,6238
2024-10-06 05:00:00,61845.7,61947.86,61803.71,61911.75,6887
2024-10-06 06:00:00,61911.75,61987.68,61854.58,61935.81,6025
2024-10-06 07:00:00,61935.81,61977.75,61916.6,61929.1,5803
2024-10-06 08:00:00,61929.1,62052.86,61894.12,61971.23,6776
2024-10-06 09:00:00,61971.23,62143.37,61951.2,62042.98,6214
2024-10-06 10:00:00,62042.98,62059.18,61977.25,62001.56,5818
2024-10-06 11:00:00,62001.56,62119.89,61978.33,62066.83,6962
2024-10-06 12:00:00,62066.83,62219.6,62029.2,62191.61,6513
2024-10-06 13:00:00,62191.61,62335.11,62191.61,62234.06,7796
2024-10-06 14:00:00,62234.06,62768.01,62164.15,62703.79,9016
2024-10-06 15:00:00,62703.79,62762.19,62434.49,62703.58,10791
2024-10-06 16:00:00,62703.58,62920.72,62580.17,62588.22,11129
2024-10-06 17:00:00,62588.22,62749.88,62526.34,62577.77,7547
2024-10-06 18:00:00,62577.36,62769.72,62577.36,62723.02,7325
2024-10-06 19:00:00,62723.02,63004.01,62588.85,62642.39,9654
2024-10-06 20:00:00,62642.38,62763.44,62579.03,62618.3,6697
2024-10-06 21:00:00,62618.3,62666.74,62283.8,62300.55,6307
2024-10-06 22:00:00,62300.55,62635.07,62298.53,62612.39,8526
2024-10-06 23:00:00,62612.4,62919.28,62612.4,62824.79,9381
2024-10-07 00:00:00,62824.89,63735.15,62662.59,63686.85,12356
2024-10-07 01:00:00,63686.85,63991.08,63667.46,63824.2,11581
2024-10-07 02:00:00,63824.2,63954.49,63588.55,63643.95,10536
2024-10-07 03:00:00,63643.95,63777.15,63337.19,63522.16,9591
2024-10-07 04:00:00,63522.16,63671.92,63444.39,63461.25,7597
2024-10-07 05:00:00,63461.25,63618.29,63314.08,63370.38,6894
2024-10-07 06:00:00,63370.38,63723.96,63295.24,63697.63,9885
2024-10-07 07:00:00,63695.28,63708.27,63425.11,63537.96,7479
2024-10-07 08:00:00,63537.96,63715.0,63507.33,63547.52,9374
2024-10-07 09:00:00,63547.53,63547.54,63058.61,63200.95,9327
2024-10-07 10:00:00,63200.95,63213.65,62851.26,62870.35,7641
2024-10-07 11:00:00,62870.35,63162.7,62616.72,63116.28,9176
2024-10-07 12:00:00,63116.33,63122.38,62813.89,62873.6,10136
2024-10-07 13:00:00,62873.6,63578.37,62806.65,63455.77,13742
2024-10-07 14:00:00,63455.77,64476.17,63455.77,63987.5,16896
2024-10-07 15:00:00,63987.35,64003.72,63505.17,63647.31,13205
2024-10-07 16:00:00,63647.31,63870.23,63410.52,63807.05,11908
2024-10-07 17:00:00,63807.05,63907.16,63518.58,63808.17,9491
2024-10-07 18:00:00,63807.74,63808.67,62714.88,62835.87,12564
2024-10-07 19:00:00,62835.87,63463.08,62835.87,63377.81,12480
2024-10-07 20:00:00,63378.41,63409.77,62976.22,63028.63,7420
2024-10-07 21:00:00,63028.63,63380.33,62995.73,63379.55,6501
2024-10-07 22:00:00,63379.55,63380.04,62414.93,62449.49,8695
2024-10-07 23:00:00,62449.49,62659.59,62111.3,62200.22,12363
2024-10-08 00:00:00,62200.23,62557.3,62122.15,62528.49,11488
2024-10-08 01:00:00,62528.49,62709.42,62277.93,62614.14,10557
2024-10-08 02:00:00,62613.7,62781.58,62401.26,62763.01,9046
2024-10-08 03:00:00,62763.01,62809.16,62515.5,62620.29,7690
2024-10-08 04:00:00,62619.98,62780.46,62522.19,62686.11,8321
2024-10-08 05:00:00,62686.11,62719.4,62281.8,62506.55,9327
2024-10-08 06:00:00,62506.55,62519.73,62155.64,62481.64,9546
2024-10-08 07:00:00,62481.64,62481.83,61975.41,62288.4,10329
2024-10-08 08:00:00,62288.4,62433.15,62159.44,62406.65,9065
2024-10-08 09:00:00,62406.65,62590.67,62285.49,62523.19,8511
2024-10-08 10:00:00,62523.19,62585.28,62391.95,62511.07,7631
2024-10-08 11:00:00,62511.07,62653.62,62446.31,62608.35,8220
2024-10-08 12:00:00,62608.35,62667.62,62402.6,62424.44,8844
2024-10-08 13:00:00,62423.74,63046.75,62300.35,63023.47,16284
2024-10-08 14:00:00,63023.47,63193.62,62146.19,62761.61,17320
2024-10-08 15:00:00,62761.8,62822.53,61847.26,62265.54,14733
2024-10-08 16:00:00,62265.54,62568.98,62001.17,62533.64,12256
2024-10-08 17:00:00,62533.64,62537.58,62031.08,62337.87,10267
2024-10-08 18:00:00,62341.69,62483.41,61869.3,62060.18,9575
2024-10-08 19:00:00,62060.58,62328.67,61812.74,62215.26,10257
2024-10-08 20:00:00,62219.96,62382.46,62118.26,62361.28,6986
2024-10-08 21:00:00,62361.43,62558.9,62292.02,62416.8,6320
2024-10-08 22:00:00,62416.8,62441.99,62114.42,62148.79,7493
2024-10-08 23:00:00,62148.79,62246.77,61985.98,62128.91,6890
2024-10-09 00:00:00,62128.8,62236.46,61968.25,62125.58,9239
2024-10-09 01:00:00,62125.58,62482.19,62070.61,62390.56,9516
2024-10-09 02:00:00,62390.56,62405.06,62231.74,62241.06,6234
2024-10-09 03:00:00,62241.06,62449.86,62113.34,62370.76,7281
2024-10-09 04:00:00,62370.77,62417.09,62280.58,62335.7,5874
2024-10-09 05:00:00,62335.7,62546.18,62335.63,62517.68,7058
2024-10-09 06:00:00,62517.68,62539.47,62365.84,62426.29,6005
2024-10-09 07:00:00,62423.69,62423.69,62173.49,62242.6,7417
2024-10-09 08:00:00,62242.6,62262.48,62012.49,62115.95,7397
2024-10-09 09:00:00,62115.95,62236.63,62056.54,62221.29,6831
2024-10-09 10:00:00,62221.44,62223.18,62011.58,62107.33,6294
2024-10-09 11:00:00,62107.33,62174.84,62053.67,62155.26,6891
2024-10-09 12:00:00,62155.26,62179.37,61697.19,61907.72,10835
2024-10-09 13:00:00,61908.02,61990.35,61683.97,61742.74,12945
2024-10-09 14:00:00,61742.74,61970.06,61568.53,61808.49,12253
2024-10-09 15:00:00,61808.49,62394.14,61709.78,62294.06,12802
2024-10-09 16:00:00,62294.06,62324.68,61638.58,61754.41,12161
2024-10-09 17:00:00,61754.41,61850.58,61603.22,61689.89,8813
2024-10-09 18:00:00,61689.89,61759.46,61063.81,61127.73,11507
2024-10-09 19:00:00,61127.73,61159.62,60752.27,60973.94,10450
2024-10-09 20:00:00,60973.93,61051.03,60224.2,60361.89,12371
2024-10-09 21:00:00,60361.89,60925.51,60304.1,60858.14,9952
2024-10-09 22:00:00,60858.14,60879.53,60654.88,60743.09,6796
2024-10-09 23:00:00,60743.09,60786.58,60556.0,60585.43,5754
2024-10-10 00:00:00,60585.43,60641.55,60310.82,60395.85,8361
2024-10-10 01:00:00,60395.85,60800.04,60386.37,60744.93,9519
2024-10-10 02:00:00,60744.8,60878.23,60643.62,60812.5,7611
2024-10-10 03:00:00,60812.5,60892.06,60751.62,60805.39,6132
2024-10-10 04:00:00,60805.39,60901.1,60750.93,60802.86,6308
2024-10-10 05:00:00,60803.02,60987.97,60779.61,60871.83,7526
2024-10-10 06:00:00,60871.83,61078.42,60817.75,61061.85,8094
2024-10-10 07:00:00,61061.85,61078.36,60820.3,60825.77,7886
2024-10-10 08:00:00,60825.78,61000.35,60729.64,60763.71,7584
2024-10-10 09:00:00,60764.2,60926.62,60560.03,60874.16,9563
2024-10-10 10:00:00,60874.16,61149.79,60864.01,60999.39,8681
2024-10-10 11:00:00,60999.39,61258.88,60973.97,61192.67,8683
2024-10-10 12:00:00,61192.67,61253.09,60687.74,60884.89,13181
2024-10-10 13:00:00,60884.9,61179.47,60551.36,60861.01,13886
2024-10-10 14:00:00,60861.0,60985.7,60453.01,60537.04,13165
2024-10-10 15:00:00,60537.04,60777.46,60378.59,60740.95,11039
2024-10-10 16:00:00,60740.95,60986.46,60194.76,60245.95,10762
2024-10-10 17:00:00,60245.94,60412.44,59506.06,59560.89,13901
2024-10-10 18:00:00,59560.48,59562.17,58857.02,59425.14,16695
2024-10-10 19:00:00,59425.15,59726.89,59298.84,59685.6,11260
2024-10-10 20:00:00,59685.6,59984.77,59527.83,59753.03,9587
2024-10-10 21:00:00,59753.03,60151.13,59636.25,60149.47,8101
2024-10-10 22:00:00,60149.47,60210.74,59897.23,60110.19,8061
2024-10-10 23:00:00,60110.19,60301.95,60109.5,60296.87,6441
2024-10-11 00:00:00,60296.87,60334.18,60127.84,60152.9,8144
2024-10-11 01:00:00,60152.9,60727.12,60042.67,60520.3,9375
2024-10-11 02:00:00,60520.51,60611.12,60319.86,60494.09,9116
2024-10-11 03:00:00,60494.09,60657.84,60494.09,60555.96,6231
2024-10-11 04:00:00,60555.96,60676.0,60525.36,60657.56,6160
2024-10-11 05:00:00,60657.56,60722.96,60539.47,60543.77,6954
2024-10-11 06:00:00,60543.77,60873.3,60543.77,60753.51,7565
2024-10-11 07:00:00,60753.51,60872.4,60609.1,60623.86,8036
2024-10-11 08:00:00,60624.15,60760.5,60598.86,60606.95,6129
2024-10-11 09:00:00,60606.95,61078.83,60593.91,61041.33,7993
2024-10-11 10:00:00,61042.15,61209.37,60956.75,61117.46,9267
2024-10-11 11:00:00,61117.46,61230.15,61033.2,61140.42,6430
2024-10-11 12:00:00,61140.01,61445.48,61084.36,61349.96,11399
2024-10-11 13:00:00,61349.86,61845.52,61179.53,61669.85,12566
2024-10-11 14:00:00,61671.05,61950.83,61627.83,61754.98,14764
2024-10-11 15:00:00,61755.78,62485.24,61755.49,62268.65,13189
2024-10-11 16:00:00,62268.66,62472.71,62145.73,62288.15,11778
2024-10-11 17:00:00,62288.56,62992.67,62177.74,62955.63,11681
2024-10-11 18:00:00,62955.64,63028.56,62757.0,62951.76,10812
2024-10-11 19:00:00,62952.66,63469.36,62838.3,63099.55,12274
2024-10-11 20:00:00,63099.55,63115.39,62944.87,63020.56,7558
2024-10-11 21:00:00,63020.56,63214.4,62831.89,62878.91,6980
2024-10-11 22:00:00,62878.76,62949.38,62391.17,62468.03,10314
2024-10-11 23:00:00,62468.02,62683.66,62360.61,62543.26,8278
2024-10-12 00:00:00,62543.32,62947.6,62494.57,62852.63,11501
2024-10-12 01:00:00,62852.51,63098.4,62698.56,62754.97,10559
2024-10-12 02:00:00,62754.98,62784.99,62526.53,62574.53,10451
2024-10-12 03:00:00,62574.53,62647.34,62492.16,62577.48,8932
2024-10-12 04:00:00,62577.19,62766.22,62577.19,62600.79,8587
2024-10-12 05:00:00,62600.62,62816.57,62585.58,62787.76,8383
2024-10-12 06:00:00,62787.76,62791.27,62679.09,62695.83,7865
2024-10-12 07:00:00,62695.83,62784.01,62638.1,62762.12,7747
2024-10-12 08:00:00,62762.12,62799.85,62702.29,62732.15,7539
2024-10-12 09:00:00,62731.71,62857.55,62679.48,62857.49,8027
2024-10-12 10:00:00,62856.43,63070.33,62813.35,63047.78,9495
2024-10-12 11:00:00,63047.78,63276.72,62927.03,62950.96,11226
2024-10-12 12:00:00,62950.96,63096.94,62836.36,63073.36,9914
2024-10-12 13:00:00,63073.36,63190.99,62995.18,63106.38,11822
2024-10-12 14:00:00,63106.39,63436.77,63046.14,63273.78,10541
2024-10-12 15:00:00,63273.78,63536.7,63085.16,63198.18,9672
2024-10-12 16:00:00,63197.26,63430.45,63092.18,63093.7,8667
2024-10-12 17:00:00,63092.99,63306.32,63076.05,63139.38,7186
2024-10-12 18:00:00,63139.38,63218.86,62950.68,62958.98,8587
2024-10-12 19:00:00,62958.98,63101.56,62922.85,63020.23,8645
2024-10-12 20:00:00,63020.24,63133.95,63017.75,63046.84,6611
2024-10-12 21:00:00,63046.83,63261.2,63046.82,63240.24,6291
2024-10-12 22:00:00,63240.24,63363.3,63160.01,63314.99,6606
2024-10-12 23:00:00,63314.99,63404.12,63191.0,63225.04,7829
2024-10-13 00:00:00,63225.02,63313.78,63042.51,63214.37,8274
2024-10-13 01:00:00,63214.37,63214.38,62829.0,62910.87,9230
2024-10-13 02:00:00,62910.87,62952.91,62718.52,62884.85,8341
2024-10-13 03:00:00,62884.85,62922.69,62676.08,62735.48,7154
2024-10-13 04:00:00,62735.48,62879.96,62720.95,62844.5,7088
2024-10-13 05:00:00,62844.5,62992.54,62827.99,62883.26,7246
2024-10-13 06:00:00,62883.26,63017.32,62879.12,62896.7,6395
2024-10-13 07:00:00,62896.7,62944.55,62731.81,62860.14,7072
2024-10-13 08:00:00,62860.35,62993.85,62810.13,62835.87,7972
2024-10-13 09:00:00,62835.87,62891.9,62776.5,62847.4,4922
2024-10-13 10:00:00,62847.4,62851.3,62696.14,62721.44,6312
2024-10-13 11:00:00,62721.44,62800.69,62533.59,62577.57,9453
2024-10-13 12:00:00,62577.57,62756.2,62563.4,62691.13,8097
2024-10-13 13:00:00,62691.34,62854.69,62634.08,62669.56,8337
2024-10-13 14:00:00,62669.54,62676.12,62217.88,62268.38,8997
2024-10-13 15:00:00,62268.38,62363.2,62059.52,62246.33,11939
2024-10-13 16:00:00,62246.33,62754.68,62185.15,62659.37,9537
2024-10-13 17:00:00,62659.37,62928.99,62442.35,62553.99,10075
2024-10-13 18:00:00,62554.7,62658.79,62325.1,62438.86,9271
2024-10-13 19:00:00,62438.86,62777.99,62438.86,62755.86,7719
2024-10-13 20:00:00,62761.72,62803.23,62633.78,62787.6,7242
2024-10-13 21:00:00,62787.6,63050.29,62707.8,62907.66,7644
2024-10-13 22:00:00,62907.66,63158.24,62736.84,62858.98,10515
2024-10-13 23:00:00,62858.98,62924.1,62648.72,62895.84,8535
2024-10-14 00:00:00,62895.84,62925.86,62471.09,62541.95,9667
2024-10-14 01:00:00,62541.95,62847.59,62530.27,62655.16,10277
2024-10-14 02:00:00,62655.16,62666.58,62493.88,62633.22,8720
2024-10-14 03:00:00,62633.23,64397.03,62632.1,64300.73,14286
2024-10-14 04:00:00,64300.73,64535.36,64091.88,64144.46,12851
2024-10-14 05:00:00,64144.46,64163.3,63760.43,63924.47,10193
2024-10-14 06:00:00,63924.47,64225.0,63781.86,64085.53,8513
2024-10-14 07:00:00,64086.42,64682.9,64011.69,64603.05,10846
2024-10-14 08:00:00,64603.05,64860.23,64354.05,64408.04,12013
2024-10-14 09:00:00,64408.13,64896.83,64308.48,64796.61,9172
2024-10-14 10:00:00,64796.61,65011.22,64690.43,64830.58,11132
2024-10-14 11:00:00,64830.58,65146.25,64770.11,64891.53,12007
2024-10-14 12:00:00,64891.53,65007.67,64722.31,64856.63,13137
2024-10-14 13:00:00,64856.63,65274.61,64626.82,65118.28,13984
2024-10-14 14:00:00,65118.28,66268.0,65083.61,65890.71,17666
2024-10-14 15:00:00,65890.42,66087.49,65783.43,65841.9,13571
2024-10-14 16:00:00,65841.9,65993.19,65580.7,65662.49,11610
2024-10-14 17:00:00,65663.05,65816.23,65501.15,65610.55,10460
2024-10-14 18:00:00,65610.55,65947.08,65539.54,65748.15,11455
2024-10-14 19:00:00,65748.15,66056.9,65689.9,65918.8,9051
2024-10-14 20:00:00,65918.8,66038.92,65795.29,65925.83,6364
2024-10-14 21:00:00,65925.45,65990.32,65713.32,65767.26,5566
2024-10-14 22:00:00,65767.16,66512.67,65752.47,66437.37,9009
2024-10-14 23:00:00,66437.37,66510.2,66014.09,66057.46,9700
2024-10-15 00:00:00,66057.46,66316.44,65831.68,65908.93,11928
2024-10-15 01:00:00,65908.78,65998.84,65693.38,65848.59,9980
2024-10-15 02:00:00,65848.59,65896.81,65664.75,65725.39,7678
2024-10-15 03:00:00,65725.38,65726.18,65282.36,65370.44,9353
2024-10-15 04:00:00,65370.44,65665.7,65284.41,65574.58,9034
2024-10-15 05:00:00,65574.45,65581.23,65181.79,65328.38,9375
2024-10-15 06:00:00,65328.38,65583.7,65246.71,65522.55,9264
2024-10-15 07:00:00,65522.55,65816.34,65514.74,65627.32,9307
2024-10-15 08:00:00,65627.32,65831.49,65589.91,65732.47,9063
2024-10-15 09:00:00,65732.48,65755.66,65562.58,65601.27,9886
2024-10-15 10:00:00,65601.27,65718.15,65529.87,65652.79,8059
2024-10-15 11:00:00,65652.79,65696.11,65260.9,65380.28,12751
2024-10-15 12:00:00,65389.15,65951.59,65365.47,65775.44,13584
2024-10-15 13:00:00,65775.76,67760.1,65735.59,67636.03,16277
2024-10-15 14:00:00,67637.63,67947.76,65112.53,65338.83,26925
2024-10-15 15:00:00,65337.65,66248.47,64756.96,65967.21,23402
2024-10-15 16:00:00,65967.21,67196.12,65931.13,66840.04,19298
2024-10-15 17:00:00,66842.24,67037.64,66472.92,66787.45,15327
2024-10-15 18:00:00,66787.45,67381.51,66736.26,66886.49,10847
2024-10-15 19:00:00,66885.66,67042.38,66566.35,66965.41,12069
2024-10-15 20:00:00,66965.41,67012.38,66367.37,66472.91,10718
2024-10-15 21:00:00,66468.02,66605.95,66108.87,66411.84,10608
2024-10-15 22:00:00,66411.85,66991.21,66393.64,66746.95,10857
2024-10-15 23:00:00,66748.09,67152.03,66664.56,67061.31,8747
2024-10-16 00:00:00,67061.31,67142.78,66749.1,66878.95,8767
2024-10-16 01:00:00,66878.95,67517.23,66741.74,67392.72,13054
2024-10-16 02:00:00,67390.12,67592.66,67250.73,67300.21,10676
2024-10-16 03:00:00,67300.14,67317.13,67095.04,67112.26,9671
2024-10-16 04:00:00,67112.26,67269.61,66896.39,67004.65,11191
2024-10-16 05:00:00,67003.61,67390.58,66933.2,67249.06,10611
2024-10-16 06:00:00,67249.06,67333.11,66984.14,67076.99,10099
2024-10-16 07:00:00,67076.99,67076.99,66772.87,66971.38,12095
2024-10-16 08:00:00,66971.38,67279.51,66906.43,67147.61,11823
2024-10-16 09:00:00,67147.7,67494.3,67096.24,67450.12,12059
2024-10-16 10:00:00,67450.12,67862.17,67349.35,67769.8,11397
2024-10-16 11:00:00,67769.67,68433.78,67619.56,67899.28,16225
2024-10-16 12:00:00,67898.68,68071.0,67666.46,67838.67,16961
2024-10-16 13:00:00,67838.67,67982.41,67110.26,67384.34,17892
2024-10-16 14:00:00,67384.34,68320.26,67344.6,67676.22,21199
2024-10-16 15:00:00,67676.36,68057.79,67376.25,67758.92,16638
2024-10-16 16:00:00,67759.04,67938.31,67478.15,67820.35,13992
2024-10-16 17:00:00,67820.21,68127.33,67689.38,67953.16,11764
2024-10-16 18:00:00,67953.16,68087.14,67793.78,67830.03,10011
2024-10-16 19:00:00,67830.03,67972.49,67627.24,67730.99,8775
2024-10-16 20:00:00,67730.99,67980.71,67627.75,67631.3,8052
2024-10-16 21:00:00,67631.3,67720.14,67475.45,67547.27,7136
2024-10-16 22:00:00,67547.27,67859.55,67547.27,67783.8,7762
2024-10-16 23:00:00,67783.8,67823.51,67585.14,67607.99,7129
2024-10-17 00:00:00,67607.99,67942.95,67557.89,67710.81,7674
2024-10-17 01:00:00,67710.8,67894.69,67374.53,67889.5,9358
2024-10-17 02:00:00,67889.5,67892.5,67388.31,67454.07,8596
2024-10-17 03:00:00,67454.07,67688.55,67407.7,67585.87,7584
2024-10-17 04:00:00,67586.23,67586.23,67230.03,67236.7,8326
2024-10-17 05:00:00,67236.71,67451.98,67236.58,67315.18,9371
2024-10-17 06:00:00,67315.18,67483.38,67101.53,67141.0,10281
2024-10-17 07:00:00,67142.29,67301.62,67044.41,67266.01,10917
2024-10-17 08:00:00,67266.0,67452.86,67143.36,67426.02,9470
2024-10-17 09:00:00,67426.02,67514.95,67152.6,67171.11,8400
2024-10-17 10:00:00,67171.11,67275.0,66765.95,67170.0,10360
2024-10-17 11:00:00,67170.01,67258.46,66767.19,66823.28,11028
2024-10-17 12:00:00,66823.28,67145.55,66756.58,67119.6,13923
2024-10-17 13:00:00,67119.6,67310.38,66635.09,66989.45,15629
2024-10-17 14:00:00,66992.74,67271.19,66623.05,67093.26,17301
2024-10-17 15:00:00,67093.06,67683.36,66892.38,67568.09,15540
2024-10-17 16:00:00,67568.09,67583.62,67104.52,67370.8,12278
2024-10-17 17:00:00,67370.8,67526.23,67138.95,67276.91,11821
2024-10-17 18:00:00,67276.92,67301.02,66685.47,66895.52,12190
2024-10-17 19:00:00,66895.51,66993.11,66721.47,66789.22,9597
2024-10-17 20:00:00,66789.21,67102.8,66769.9,66901.4,7796
2024-10-17 21:00:00,66901.4,67092.47,66889.39,67033.91,5763
2024-10-17 22:00:00,67033.91,67457.26,67033.91,67421.25,8403
2024-10-17 23:00:00,67421.26,67463.79,67263.36,67398.05,6877
2024-10-18 00:00:00,67398.05,67444.66,67157.75,67183.51,8892
2024-10-18 01:00:00,67183.51,68251.96,67162.55,68080.56,12985
2024-10-18 02:00:00,68080.56,68129.16,67767.95,68095.56,11727
2024-10-18 03:00:00,68094.69,68106.06,67501.52,67540.46,8413
2024-10-18 04:00:00,67540.46,67859.37,67519.54,67724.51,7556
2024-10-18 05:00:00,67724.51,68050.18,67604.77,67991.9,10095
2024-10-18 06:00:00,67991.9,68386.41,67910.58,68093.8,12675
2024-10-18 07:00:00,68093.8,68187.13,67849.74,67959.58,10772
2024-10-18 08:00:00,67959.58,68044.06,67810.81,67902.09,10074
2024-10-18 09:00:00,67902.09,68031.86,67733.4,67776.64,9148
2024-10-18 10:00:00,67776.64,67948.29,67743.29,67852.28,9152
2024-10-18 11:00:00,67852.0,68012.07,67641.4,67680.54,8685
2024-10-18 12:00:00,67680.54,67797.31,67601.85,67628.8,9287
2024-10-18 13:00:00,67628.8,68183.41,67617.12,68178.99,13783
2024-10-18 14:00:00,68177.07,68594.32,67920.67,68418.03,18702
2024-10-18 15:00:00,68418.1,68868.54,68280.25,68715.36,15419
2024-10-18 16:00:00,68715.36,68892.35,68341.35,68767.15,13875
2024-10-18 17:00:00,68767.15,68879.13,68627.28,68695.95,11528
2024-10-18 18:00:00,68695.95,69002.18,68538.31,68873.13,10699
2024-10-18 19:00:00,68873.19,68962.23,68544.02,68588.53,8250
2024-10-18 20:00:00,68588.53,68673.24,68361.72,68402.88,8550
2024-10-18 21:00:00,68404.56,68465.61,68194.26,68385.53,6125
2024-10-18 22:00:00,68385.49,68395.91,68145.9,68163.87,8086
2024-10-18 23:00:00,68163.87,68452.47,68159.14,68402.67,8767
2024-10-19 00:00:00,68403.04,68453.84,68264.9,68297.45,7886
2024-10-19 01:00:00,68297.56,68421.72,68283.71,68297.84,6424
2024-10-19 02:00:00,68297.84,68440.4,68288.58,68421.5,5728
2024-10-19 03:00:00,68421.5,68669.51,68398.48,68423.14,7535
2024-10-19 04:00:00,68423.14,68541.89,68291.36,68301.16,6470
2024-10-19 05:00:00,68301.16,68413.86,68293.23,68359.69,6380
2024-10-19 06:00:00,68359.55,68426.52,68301.12,68311.15,4982
2024-10-19 07:00:00,68311.15,68380.79,68261.81,68329.58,5746
2024-10-19 08:00:00,68329.58,68449.3,68307.58,68382.86,6878
2024-10-19 09:00:00,68382.86,68418.14,68313.65,68323.42,6458
2024-10-19 10:00:00,68323.42,68356.13,68202.97,68213.82,6814
2024-10-19 11:00:00,68213.82,68269.14,68039.96,68054.81,7892
2024-10-19 12:00:00,68054.81,68230.42,68046.67,68178.02,10442
2024-10-19 13:00:00,68177.81,68188.28,68071.29,68078.59,6400
2024-10-19 14:00:00,68078.62,68327.64,68077.97,68269.68,9208
2024-10-19 15:00:00,68268.75,68311.74,68133.8,68202.28,6245
2024-10-19 16:00:00,68201.94,68211.78,68007.89,68019.56,5778
2024-10-19 17:00:00,68019.56,68121.34,67983.99,68102.74,6923
2024-10-19 18:00:00,68102.74,68170.79,68059.93,68144.07,5463
2024-10-19 19:00:00,68144.07,68219.03,68111.62,68156.92,4567
2024-10-19 20:00:00,68156.92,68236.97,68135.2,68207.0,5688
2024-10-19 21:00:00,68207.0,68319.88,68180.44,68193.38,4950
2024-10-19 22:00:00,68193.77,68392.74,68168.24,68296.46,6190
2024-10-19 23:00:00,68296.32,68395.68,68260.27,68347.49,5779
2024-10-20 00:00:00,68350.98,68428.53,68191.32,68195.36,5319
2024-10-20 01:00:00,68195.35,68225.42,68099.92,68112.6,4114
2024-10-20 02:00:00,68112.6,68194.46,68070.3,68137.07,4198
2024-10-20 03:00:00,68137.07,68157.23,68047.1,68144.9,6069
2024-10-20 04:00:00,68144.9,68286.64,68136.97,68208.59,6441
2024-10-20 05:00:00,68208.59,68254.76,68133.22,68179.85,6062
2024-10-20 06:00:00,68179.85,68388.69,68123.08,68356.56,5056
2024-10-20 07:00:00,68356.56,68410.07,68316.78,68337.65,5892
2024-10-20 08:00:00,68337.66,68484.23,68334.13,68378.65,7441
2024-10-20 09:00:00,68378.01,68433.79,68327.66,68412.69,6755
2024-10-20 10:00:00,68412.69,68446.59,68350.49,68356.98,5259
2024-10-20 11:00:00,68356.98,68437.67,68348.68,68406.08,5624
2024-10-20 12:00:00,68406.08,68430.18,68238.05,68246.65,5865
2024-10-20 13:00:00,68246.65,68468.84,68177.76,68439.25,7458
2024-10-20 14:00:00,68438.99,68752.96,68436.63,68622.6,10074
2024-10-20 15:00:00,68622.29,68669.46,68330.92,68607.0,8502
2024-10-20 16:00:00,68607.0,68647.83,68481.77,68493.73,7999
2024-10-20 17:00:00,68493.73,68598.96,68394.73,68543.61,6283
2024-10-20 18:00:00,68543.61,68648.65,68534.41,68595.83,4870
2024-10-20 19:00:00,68595.83,68610.33,68474.34,68505.22,4492
2024-10-20 20:00:00,68505.22,68901.77,68446.76,68753.49,7290
2024-10-20 21:00:00,68753.48,68846.55,68616.38,68738.58,6324
2024-10-20 22:00:00,68738.58,69388.62,68555.0,69091.58,14973
2024-10-20 23:00:00,69091.58,69146.42,68858.7,68965.77,9752
2024-10-21 00:00:00,68965.77,69498.36,68903.39,69090.24,10129
2024-10-21 01:00:00,69090.24,69431.35,69026.65,69162.39,10491
2024-10-21 02:00:00,69162.39,69214.56,68636.79,68672.86,6388
2024-10-21 03:00:00,68672.86,68918.04,68548.78,68903.23,9609
2024-10-21 04:00:00,68903.22,69001.38,68744.96,68987.77,7175
2024-10-21 05:00:00,68987.77,69153.94,68902.48,68923.43,8194
2024-10-21 06:00:00,68923.43,69101.43,68587.27,68652.4,9250
2024-10-21 07:00:00,68652.41,68767.38,68439.63,68483.57,8433
2024-10-21 08:00:00,68483.57,68634.95,68242.38,68261.71,8442
2024-10-21 09:00:00,68261.71,68394.69,68087.66,68327.09,9887
2024-10-21 10:00:00,68327.09,68449.42,68214.1,68244.0,9524
2024-10-21 11:00:00,68244.0,68401.15,68133.19,68186.83,8300
2024-10-21 12:00:00,68187.46,68286.61,68011.73,68150.58,9164
2024-10-21 13:00:00,68150.59,68184.41,67083.06,67262.16,16739
2024-10-21 14:00:00,67260.23,67588.82,66960.19,67244.04,11154
2024-10-21 15:00:00,67236.84,67305.09,66777.73,67283.14,9125
2024-10-21 16:00:00,67288.98,67310.24,66813.8,67284.86,7357
2024-10-21 17:00:00,67280.96,67628.66,67209.74,67489.94,11433
2024-10-21 18:00:00,67489.94,67495.22,66966.63,67260.05,10210
2024-10-21 19:00:00,67260.06,67933.39,67260.06,67747.96,11206
2024-10-21 20:00:00,67747.96,67807.58,67603.05,67721.24,7312
2024-10-21 21:00:00,67721.24,67926.25,67658.89,67777.74,6231
2024-10-21 22:00:00,67777.74,67856.86,67580.61,67757.12,7680
2024-10-21 23:00:00,67757.12,67757.12,67313.01,67340.15,9170
2024-10-22 00:00:00,67340.15,67368.28,66508.04,67089.98,12206
2024-10-22 01:00:00,67089.19,67500.41,66983.67,67473.38,11481
2024-10-22 02:00:00,67473.38,67665.36,67218.56,67276.77,10561
2024-10-22 03:00:00,67276.77,67510.13,67242.75,67348.69,6874
2024-10-22 04:00:00,67348.69,67456.27,67222.41,67452.51,6367
2024-10-22 05:00:00,67451.75,67617.21,67402.78,67532.28,7607
2024-10-22 06:00:00,67532.46,67756.72,67518.8,67523.65,10151
2024-10-22 07:00:00,67524.24,67647.58,67312.58,67344.78,7636
2024-10-22 08:00:00,67344.77,67344.77,66823.17,66863.98,11140
2024-10-22 09:00:00,66863.98,67055.24,66669.04,66877.9,12267
2024-10-22 10:00:00,66877.91,67179.51,66779.7,67124.17,10151
2024-10-22 11:00:00,67124.17,67477.68,67091.78,67216.75,8748
2024-10-22 12:00:00,67216.75,67386.08,66753.42,66888.41,10971
2024-10-22 13:00:00,66888.41,67079.28,66533.31,66889.39,13232
2024-10-22 14:00:00,66889.39,67638.97,66717.21,67490.17,17911
2024-10-22 15:00:00,67489.53,67626.83,67024.61,67203.43,13226
2024-10-22 16:00:00,67203.05,67204.1,66827.36,66877.88,10054
2024-10-22 17:00:00,66877.88,67358.33,66847.03,67258.53,10777
2024-10-22 18:00:00,67258.27,67463.74,67162.3,67316.8,10194
2024-10-22 19:00:00,67316.8,67591.75,67274.48,67432.15,8488
2024-10-22 20:00:00,67432.15,67522.92,67358.37,67467.61,7041
2024-10-22 21:00:00,67467.61,67496.53,67336.26,67464.56,5418
2024-10-22 22:00:00,67464.56,67791.4,67414.38,67667.3,7854
2024-10-22 23:00:00,67667.07,67729.12,67212.93,67356.76,6582
2024-10-23 00:00:00,67356.76,67395.5,67036.44,67090.72,7552
2024-10-23 01:00:00,67090.72,67307.27,67088.81,67273.3,5838
2024-10-23 02:00:00,67273.3,67311.61,66980.29,67007.55,7868
2024-10-23 03:00:00,67007.33,67096.69,66781.61,66984.25,7094
2024-10-23 04:00:00,66984.25,67155.93,66905.7,67133.49,7284
2024-10-23 05:00:00,67133.49,67152.54,66960.35,67006.73,7431
2024-10-23 06:00:00,67006.73,67222.6,66805.08,66827.3,7241
2024-10-23 07:00:00,66827.3,66916.77,66688.25,66748.56,7983
2024-10-23 08:00:00,66748.56,66945.52,66306.16,66423.44,9954
2024-10-23 09:00:00,66423.44,66506.04,66087.5,66438.8,12860
2024-10-23 10:00:00,66438.8,66582.35,66318.19,66335.59,8448
2024-10-23 11:00:00,66335.59,66533.08,66232.2,66343.45,7086
2024-10-23 12:00:00,66343.45,66423.35,66014.42,66321.0,11211
2024-10-23 13:00:00,66320.88,66821.76,66263.93,66708.02,11933
2024-10-23 14:00:00,66707.75,66793.43,66342.27,66410.1,12011
2024-10-23 15:00:00,66410.1,66410.78,65811.09,66109.4,14373
2024-10-23 16:00:00,66109.39,66214.94,65684.37,65777.04,13393
2024-10-23 17:00:00,65777.04,65892.78,65542.92,65619.77,12193
2024-10-23 18:00:00,65619.96,65975.04,65146.99,65954.67,14365
2024-10-23 19:00:00,65954.67,66474.89,65777.81,66368.56,12902
2024-10-23 20:00:00,66368.56,66591.47,66223.21,66569.53,9298
2024-10-23 21:00:00,66569.53,66585.24,66251.99,66308.27,6492
2024-10-23 22:00:00,66308.27,66490.41,66245.46,66382.36,7508
2024-10-23 23:00:00,66382.36,66743.01,66364.28,66586.72,7878
2024-10-24 00:00:00,66586.72,67398.56,66425.52,67361.93,9450
2024-10-24 01:00:00,67361.93,67550.05,66983.28,67185.86,11496
2024-10-24 02:00:00,67185.86,67429.82,67060.82,67370.23,9647
2024-10-24 03:00:00,67370.23,67386.89,67125.81,67125.81,7984
2024-10-24 04:00:00,67125.81,67351.44,67116.37,67292.7,7122
2024-10-24 05:00:00,67293.17,67400.51,67260.67,67286.15,6838
2024-10-24 06:00:00,67286.09,67405.64,67039.56,67043.95,8724
2024-10-24 07:00:00,67043.95,67227.24,66970.61,67029.61,9936
2024-10-24 08:00:00,67029.6,67159.57,66750.73,66760.52,9381
2024-10-24 09:00:00,66760.52,66916.14,66625.43,66790.05,10173
2024-10-24 10:00:00,66790.35,67037.77,66764.86,66919.27,8697
2024-10-24 11:00:00,66919.27,67241.29,66894.61,67211.88,9762
2024-10-24 12:00:00,67211.88,67550.83,67176.91,67450.93,10367
2024-10-24 13:00:00,67450.97,67935.42,67377.77,67850.47,14507
2024-10-24 14:00:00,67850.67,67924.37,67453.33,67724.32,17313
2024-10-24 15:00:00,67719.02,67919.4,67533.55,67629.24,12728
2024-10-24 16:00:00,67629.24,67719.11,67275.9,67512.54,11888
2024-10-24 17:00:00,67512.54,67806.44,67388.58,67595.77,9970
2024-10-24 18:00:00,67595.77,67917.92,67572.33,67777.6,8505
2024-10-24 19:00:00,67777.6,68294.99,67677.02,68283.22,9997
2024-10-24 20:00:00,68283.84,68327.84,67929.64,68163.32,9418
2024-10-24 21:00:00,68163.32,68828.6,68163.32,68298.27,10241
2024-10-24 22:00:00,68298.11,68513.93,68117.44,68122.47,9598
2024-10-24 23:00:00,68122.47,68206.35,67977.64,68130.38,7012
2024-10-25 00:00:00,68130.38,68217.88,67841.73,67924.88,9590
2024-10-25 01:00:00,67924.88,67938.68,67769.25,67906.73,7293
2024-10-25 02:00:00,67906.73,68029.78,67756.55,68010.91,8618
2024-10-25 03:00:00,68010.91,68189.32,67923.92,67959.57,8533
2024-10-25 04:00:00,67959.57,67993.74,67606.82,67664.87,9180
2024-10-25 05:00:00,67664.67,67794.34,67515.86,67683.76,7986
2024-10-25 06:00:00,67683.76,67779.21,67512.06,67567.22,7133
2024-10-25 07:00:00,67567.21,67654.67,67162.69,67461.3,9277
2024-10-25 08:00:00,67460.5,67699.33,67246.25,67610.91,11034
2024-10-25 09:00:00,67610.91,67809.65,67464.26,67764.99,9848
2024-10-25 10:00:00,67764.99,67829.68,67609.1,67803.96,7822
2024-10-25 11:00:00,67803.96,68146.3,67737.15,68065.92,8996
2024-10-25 12:00:00,68065.92,68266.85,67939.91,68027.58,9982
2024-10-25 13:00:00,68027.58,68396.61,67693.8,68301.76,13551
2024-10-25 14:00:00,68300.61,68740.33,68090.37,68280.34,16223
2024-10-25 15:00:00,68280.34,68511.61,67393.88,67643.99,15491
2024-10-25 16:00:00,67640.89,67829.43,67292.48,67632.11,14691
2024-10-25 17:00:00,67632.11,67770.2,66678.28,66763.24,15154
2024-10-25 18:00:00,66763.28,67511.11,65887.62,66945.43,22393
2024-10-25 19:00:00,66945.43,67142.95,66510.29,66749.47,16878
2024-10-25 20:00:00,66749.47,66896.38,66476.07,66783.76,13988
2024-10-25 21:00:00,66788.88,67191.02,66788.88,67179.6,10914
2024-10-25 22:00:00,67179.6,67294.11,66510.63,66513.58,9708
2024-10-25 23:00:00,66514.51,66699.81,65483.14,66579.57,20779
2024-10-26 00:00:00,66579.57,66758.86,66428.04,66646.75,17885
2024-10-26 01:00:00,66648.26,66729.51,66434.83,66596.53,12553
2024-10-26 02:00:00,66596.57,66937.63,66325.8,66740.45,12055
2024-10-26 03:00:00,66739.81,66882.87,66587.79,66819.65,10367
2024-10-26 04:00:00,66819.79,66902.72,66674.46,66866.24,8808
2024-10-26 05:00:00,66866.24,67158.99,66861.77,67070.86,11970
2024-10-26 06:00:00,67070.86,67176.42,66973.74,67106.84,10144
2024-10-26 07:00:00,67106.84,67129.36,66923.91,66931.82,11391
2024-10-26 08:00:00,66931.88,67110.2,66919.49,67070.3,9866
2024-10-26 09:00:00,67070.3,67218.58,66992.64,66999.74,8764
2024-10-26 10:00:00,66999.75,67122.55,66926.78,66992.32,9184
2024-10-26 11:00:00,66992.32,67099.49,66890.24,67064.92,8993
2024-10-26 12:00:00,67064.93,67112.19,66921.37,66949.45,8577
2024-10-26 13:00:00,66949.45,67042.61,66771.03,66806.47,10054
2024-10-26 14:00:00,66806.46,66872.25,66623.98,66687.44,10927
2024-10-26 15:00:00,66687.28,66914.18,66651.13,66795.79,11555
2024-10-26 16:00:00,66795.79,67001.0,66700.79,66919.57,13062
2024-10-26 17:00:00,66919.69,67057.08,66890.78,66981.69,10524
2024-10-26 18:00:00,66981.69,67067.83,66942.6,66964.07,9982
2024-10-26 19:00:00,66964.07,67106.59,66956.79,67095.5,6799
2024-10-26 20:00:00,67095.5,67387.77,67060.44,67181.65,8932
2024-10-26 21:00:00,67181.64,67192.25,67016.36,67084.23,7035
2024-10-26 22:00:00,67084.23,67149.68,67006.48,67040.05,8112
2024-10-26 23:00:00,67040.05,67065.43,66986.44,67002.03,5995
2024-10-27 00:00:00,67002.05,67025.24,66860.83,66918.29,8425
2024-10-27 01:00:00,66918.29,67019.83,66816.26,66967.56,8269
2024-10-27 02:00:00,66967.56,67007.56,66919.05,66955.43,7207
2024-10-27 03:00:00,66955.92,67225.93,66888.91,67185.06,8137
2024-10-27 04:00:00,67185.06,67215.11,67018.99,67058.15,8804
2024-10-27 05:00:00,67058.15,67132.21,67039.55,67098.9,7616
2024-10-27 06:00:00,67098.47,67119.89,67042.16,67117.37,6977
2024-10-27 07:00:00,67117.37,67157.34,67095.09,67131.26,7087
2024-10-27 08:00:00,67131.26,67197.46,67089.76,67150.12,6764
2024-10-27 09:00:00,67150.12,67152.65,67035.77,67082.26,6360
2024-10-27 10:00:00,67082.27,67132.89,66994.8,67028.45,6997
2024-10-27 11:00:00,67028.44,67111.1,66971.57,67063.05,7664
2024-10-27 12:00:00,67063.05,67455.94,67050.14,67343.54,9494
2024-10-27 13:00:00,67343.27,67721.63,67328.44,67552.59,12073
2024-10-27 14:00:00,67552.58,67692.74,67532.1,67622.4,10638
2024-10-27 15:00:00,67622.4,67791.86,67614.95,67718.08,9260
2024-10-27 16:00:00,67719.23,67815.27,67588.27,67751.47,9201
2024-10-27 17:00:00,67751.47,67941.69,67644.82,67694.19,8662
2024-10-27 18:00:00,67694.19,67708.69,67455.85,67485.45,7417
2024-10-27 19:00:00,67485.45,67788.27,67470.62,67772.36,9136
2024-10-27 20:00:00,67772.37,67863.08,67646.78,67697.69,7797
2024-10-27 21:00:00,67697.7,68125.78,67660.32,67859.36,8185
2024-10-27 22:00:00,67859.36,68287.23,67859.36,68063.65,11675
2024-10-27 23:00:00,68064.66,68238.11,67924.88,67967.64,9686
2024-10-28 00:00:00,67967.63,68068.08,67775.79,67798.63,11274
2024-10-28 01:00:00,67798.63,67846.11,67655.9,67672.0,6872
2024-10-28 02:00:00,67672.0,67789.01,67596.97,67737.9,6786
2024-10-28 03:00:00,67737.9,67930.58,67631.69,67666.48,9233
2024-10-28 04:00:00,67666.48,67738.86,67567.35,67682.86,7999
2024-10-28 05:00:00,67683.07,67894.44,67549.08,67846.04,7504
2024-10-28 06:00:00,67846.04,67897.28,67736.11,67893.12,7988
2024-10-28 07:00:00,67892.93,68623.61,67892.93,68380.33,12106
2024-10-28 08:00:00,68380.33,68559.79,68264.78,68268.73,10859
2024-10-28 09:00:00,68268.97,68562.51,68169.54,68517.25,9200
2024-10-28 10:00:00,68516.46,68810.2,68485.16,68595.12,9902
2024-10-28 11:00:00,68594.68,68739.62,68451.97,68721.31,7267
2024-10-28 12:00:00,68721.31,69038.45,68541.49,68860.68,12589
2024-10-28 13:00:00,68860.95,69255.64,68717.9,68783.46,13521
2024-10-28 14:00:00,68783.47,69061.69,68641.84,68801.41,15068
2024-10-28 15:00:00,68801.41,68816.7,68387.1,68460.34,14601
2024-10-28 16:00:00,68460.34,68940.71,68418.38,68703.31,9725
2024-10-28 17:00:00,68705.85,69174.5,68454.84,68953.45,11334
2024-10-28 18:00:00,68953.45,69219.59,68811.82,69166.04,11050
2024-10-28 19:00:00,69166.04,69898.84,69107.88,69613.25,12875
2024-10-28 20:00:00,69613.24,69687.57,69387.57,69625.58,9555
2024-10-28 21:00:00,69626.91,69776.0,69482.39,69767.08,8253
2024-10-28 22:00:00,69766.75,70307.5,69743.52,69902.3,14002
2024-10-28 23:00:00,69902.3,70103.43,69679.59,69910.87,10117
2024-10-29 00:00:00,69910.88,69966.59,69705.3,69901.17,9917
2024-10-29 01:00:00,69901.17,70329.4,69779.75,70251.38,10358
2024-10-29 02:00:00,70251.38,71540.0,70162.97,71105.98,18454
2024-10-29 03:00:00,71105.98,71342.24,70793.41,70850.64,10568
2024-10-29 04:00:00,70850.64,71055.39,70828.32,70997.04,9013
2024-10-29 05:00:00,70997.32,71026.05,70815.88,70950.15,9254
2024-10-29 06:00:00,70950.15,71295.88,70916.44,71182.99,11569
2024-10-29 07:00:00,71183.15,71205.19,70743.54,70942.54,10591
2024-10-29 08:00:00,70942.54,71152.52,70895.06,71064.39,9932
2024-10-29 09:00:00,71064.36,71281.62,71043.85,71236.96,9644
2024-10-29 10:00:00,71236.96,71284.18,70999.42,71104.21,9500
2024-10-29 11:00:00,71104.21,71537.7,71078.32,71403.16,10296
2024-10-29 12:00:00,71403.16,71455.22,71035.42,71040.17,11589
2024-10-29 13:00:00,71040.18,71774.45,70847.3,71744.77,12951
2024-10-29 14:00:00,71744.77,71945.84,71266.47,71827.36,17544
2024-10-29 15:00:00,71828.26,72381.1,71603.07,72356.14,15485
2024-10-29 16:00:00,72355.34,72900.45,72311.73,72706.1,16106
2024-10-29 17:00:00,72706.09,72966.76,72489.75,72681.09,14009
2024-10-29 18:00:00,72681.08,73240.35,72615.47,73153.65,12606
2024-10-29 19:00:00,73153.66,73626.94,72439.34,72468.42,18038
2024-10-29 20:00:00,72474.94,72604.71,71792.87,72252.06,15902
2024-10-29 21:00:00,72250.17,72541.57,72134.34,72210.47,9739
2024-10-29 22:00:00,72210.47,72913.55,72106.09,72600.72,11158
2024-10-29 23:00:00,72600.72,72746.35,72436.32,72674.74,9479
2024-10-30 00:00:00,72674.08,72729.23,72047.33,72222.45,9904
2024-10-30 01:00:00,72222.45,72355.86,71934.54,72355.86,10787
2024-10-30 02:00:00,72356.11,72581.42,72240.85,72261.33,9919
2024-10-30 03:00:00,72261.33,72408.3,72096.68,72166.25,8646
2024-10-30 04:00:00,72166.41,72297.35,72111.45,72220.22,7172
2024-10-30 05:00:00,72220.22,72443.66,72207.34,72440.16,8178
2024-10-30 06:00:00,72440.16,72556.79,72238.72,72250.76,8791
2024-10-30 07:00:00,72250.77,72398.14,72039.51,72167.75,8995
2024-10-30 08:00:00,72167.42,72490.23,72154.58,72199.79,9370
2024-10-30 09:00:00,72199.79,72541.87,72176.67,72516.63,8308
2024-10-30 10:00:00,72516.48,72550.1,72286.97,72305.86,7551
2024-10-30 11:00:00,72305.86,72315.21,71866.09,71931.71,8665
2024-10-30 12:00:00,71931.71,72101.68,71696.07,71806.8,13808
2024-10-30 13:00:00,71806.8,72043.65,71359.89,71893.19,15809
2024-10-30 14:00:00,71893.19,72433.88,71859.56,72369.07,17821
2024-10-30 15:00:00,72369.08,72398.18,71649.16,72002.96,14478
2024-10-30 16:00:00,72002.96,72149.08,71746.64,72050.98,13003
2024-10-30 17:00:00,72050.98,72080.54,71573.88,71826.4,10515
2024-10-30 18:00:00,71826.25,72097.52,71778.98,71916.77,9473
2024-10-30 19:00:00,71916.23,72006.29,71714.3,71764.86,9386
2024-10-30 20:00:00,71764.86,72803.93,71563.46,72801.77,13744
2024-10-30 21:00:00,72801.77,72929.24,72040.51,72325.11,9646
2024-10-30 22:00:00,72325.29,72605.11,72190.13,72343.07,8248
2024-10-30 23:00:00,72343.07,72650.56,72297.01,72304.86,7768
2024-10-31 00:00:00,72304.86,72372.31,71993.54,72106.37,7097
2024-10-31 01:00:00,72106.36,72400.74,71966.72,72309.27,8611
2024-10-31 02:00:00,72309.27,72528.02,72125.04,72496.19,8548
2024-10-31 03:00:00,72496.19,72546.84,72232.19,72302.66,7009
2024-10-31 04:00:00,72302.66,72336.53,72166.56,72223.46,7850
2024-10-31 05:00:00,72223.46,72327.06,72143.84,72232.4,6553
2024-10-31 06:00:00,72232.4,72271.7,72080.09,72154.97,7182
2024-10-31 07:00:00,72154.97,72425.36,72081.48,72353.6,7301
2024-10-31 08:00:00,72353.59,72393.03,72074.58,72193.26,7513
2024-10-31 09:00:00,72193.26,72316.95,72163.7,72213.31,6864
2024-10-31 10:00:00,72213.5,72630.16,72126.17,72557.78,8606
2024-10-31 11:00:00,72557.78,72587.41,72124.45,72134.7,7050
2024-10-31 12:00:00,72134.7,72190.94,71880.77,72030.33,8872
2024-10-31 13:00:00,72030.33,72096.08,71024.16,71240.33,15403
2024-10-31 14:00:00,71240.33,71301.37,70538.54,70665.07,19933
2024-10-31 15:00:00,70665.07,70974.14,70333.5,70524.11,14606
2024-10-31 16:00:00,70524.11,70802.3,70275.09,70302.17,12025
2024-10-31 17:00:00,70302.16,70709.4,70247.89,70685.0,12120
2024-10-31 18:00:00,70685.0,70686.41,70004.09,70532.5,13156
2024-10-31 19:00:00,70532.5,70654.4,69917.55,69990.26,10273
2024-10-31 20:00:00,69990.26,70164.99,69543.23,69896.79,12493
2024-10-31 21:00:00,69896.79,70441.34,69726.07,70339.07,9422
2024-10-31 22:00:00,70339.07,70432.29,70058.56,70373.61,7793
2024-10-31 23:00:00,70373.47,70550.03,70190.53,70199.91,7591
2024-11-01 00:00:00,70199.9,70367.42,70022.71,70061.97,8690
2024-11-01 01:00:00,70061.98,70251.55,69186.19,69292.52,13733
2024-11-01 02:00:00,69292.51,69495.12,68735.69,69466.34,16033
2024-11-01 03:00:00,69466.69,69639.96,69236.26,69277.22,12069
2024-11-01 04:00:00,69277.21,69541.48,69237.62,69521.74,9092
2024-11-01 05:00:00,69521.74,69609.63,69450.49,69538.93,7382
2024-11-01 06:00:00,69538.93,69635.04,69122.13,69128.18,10504
2024-11-01 07:00:00,69128.18,69326.0,68981.33,69180.07,10187
2024-11-01 08:00:00,69180.07,69441.98,69145.8,69287.51,9015
2024-11-01 09:00:00,69287.51,69518.69,69225.65,69457.15,8463
2024-11-01 10:00:00,69457.15,70087.39,69441.63,69904.75,10668
2024-11-01 11:00:00,69904.75,70165.58,69899.12,69937.63,9275
2024-11-01 12:00:00,69936.86,70409.88,69821.49,70275.65,12481
2024-11-01 13:00:00,70275.65,71144.09,70053.5,71116.56,14370
2024-11-01 14:00:00,71116.57,71576.38,70850.3,71213.08,19717
2024-11-01 15:00:00,71213.09,71312.77,68983.23,69334.39,20136
2024-11-01 16:00:00,69334.39,70487.99,69304.46,69892.02,19716
2024-11-01 17:00:00,69892.02,70150.7,69423.61,69536.35,15146
2024-11-01 18:00:00,69536.35,69609.58,68996.77,69088.11,14133
2024-11-01 19:00:00,69088.11,69387.74,68741.7,69187.73,14351
2024-11-01 20:00:00,69181.95,69399.25,69094.79,69193.34,10003
2024-11-01 21:00:00,69193.34,69297.42,68783.58,69198.65,8655
2024-11-01 22:00:00,69198.66,69400.92,69175.88,69385.75,9980
2024-11-01 23:00:00,69385.86,69578.44,69301.75,69460.02,9496
2024-11-02 00:00:00,69460.02,69650.71,69442.41,69634.87,9361
2024-11-02 01:00:00,69634.87,69668.7,69471.31,69630.84,9008
2024-11-02 02:00:00,69630.84,69885.41,69625.04,69629.63,8882
2024-11-02 03:00:00,69629.63,69755.66,69518.1,69562.54,8144
2024-11-02 04:00:00,69560.91,69588.8,69417.06,69520.79,9196
2024-11-02 05:00:00,69520.79,69694.25,69393.47,69671.94,9685
2024-11-02 06:00:00,69671.93,69715.14,69533.07,69708.0,7814
2024-11-02 07:00:00,69708.0,69789.47,69641.59,69767.72,7905
2024-11-02 08:00:00,69767.72,69801.88,69528.1,69589.88,7766
2024-11-02 09:00:00,69589.88,69635.61,69472.97,69519.56,8817
2024-11-02 10:00:00,69519.56,69586.1,69359.94,69574.27,9010
2024-11-02 11:00:00,69574.28,69665.59,69525.53,69570.58,10341
2024-11-02 12:00:00,69570.59,69647.19,69335.54,69415.7,9898
2024-11-02 13:00:00,69416.65,69647.49,69306.81,69307.07,10646
2024-11-02 14:00:00,69306.11,69387.12,68952.63,69196.34,11281
2024-11-02 15:00:00,69196.34,69378.86,69065.7,69319.28,11549
2024-11-02 16:00:00,69319.28,69549.05,69247.39,69518.48,9165
2024-11-02 17:00:00,69517.92,69539.17,69267.15,69336.19,8795
2024-11-02 18:00:00,69336.18,69424.92,69148.58,69356.15,7780
2024-11-02 19:00:00,69356.23,69501.96,69315.77,69442.04,5918
2024-11-02 20:00:00,69442.04,69515.81,69399.01,69482.54,6307
2024-11-02 21:00:00,69482.59,69504.04,69365.98,69373.01,5636
2024-11-02 22:00:00,69373.01,69482.37,69294.79,69364.25,6234
2024-11-02 23:00:00,69364.25,69382.94,69093.88,69296.65,6606
2024-11-03 00:00:00,69296.64,69325.56,69085.57,69088.61,7341
2024-11-03 01:00:00,69088.61,69144.23,68919.01,68933.53,9006
2024-11-03 02:00:00,68933.53,68950.99,67789.54,68158.11,15245
2024-11-03 03:00:00,68158.11,68401.82,67958.82,68323.99,13279
2024-11-03 04:00:00,68323.37,68646.96,68242.9,68535.44,11863
2024-11-03 05:00:00,68535.44,68651.62,68381.52,68396.01,11252
2024-11-03 06:00:00,68396.01,68727.1,68336.76,68531.87,9587
2024-11-03 07:00:00,68531.87,68660.81,68303.25,68334.16,9795
2024-11-03 08:00:00,68334.16,68549.25,68226.27,68420.8,9352
2024-11-03 09:00:00,68420.94,68477.41,68142.7,68192.31,7970
2024-11-03 10:00:00,68192.31,68516.14,68190.99,68386.31,9065
2024-11-03 11:00:00,68386.31,68533.87,68255.35,68297.58,8034
2024-11-03 12:00:00,68297.59,68479.75,68207.97,68405.37,9739
2024-11-03 13:00:00,68399.59,68429.8,67933.15,68019.72,12026
2024-11-03 14:00:00,68019.72,68165.18,67554.18,67752.84,13070
2024-11-03 15:00:00,67755.02,68192.87,67450.17,68041.77,15082
2024-11-03 16:00:00,68041.77,68493.3,68004.11,68075.28,14262
2024-11-03 17:00:00,68075.28,68420.59,68054.75,68293.19,10263
2024-11-03 18:00:00,68293.19,68386.11,67633.8,67964.71,11205
2024-11-03 19:00:00,67964.71,68657.19,67949.41,68632.0,8759
2024-11-03 20:00:00,68632.27,68935.09,68443.2,68917.38,10582
2024-11-03 21:00:00,68917.16,69311.69,68908.63,69101.63,11599
2024-11-03 22:00:00,69101.47,69259.1,68723.04,68818.38,10400
2024-11-03 23:00:00,68813.98,68856.43,68450.61,68704.96,13883
2024-11-04 00:00:00,68704.95,68704.95,68145.92,68640.39,12934
2024-11-04 01:00:00,68642.75,68966.17,68492.51,68905.51,14649
2024-11-04 02:00:00,68905.51,69283.37,68808.11,69239.19,11888
2024-11-04 03:00:00,69239.46,69450.38,68920.98,68974.02,12946
2024-11-04 04:00:00,68973.79,69335.69,68973.79,69074.18,9989
2024-11-04 05:00:00,69074.18,69105.83,68640.1,68739.85,9901
2024-11-04 06:00:00,68739.85,69105.46,68736.43,69061.04,9543
2024-11-04 07:00:00,69060.68,69110.99,68523.34,68523.39,10389
2024-11-04 08:00:00,68523.68,68669.43,68375.19,68609.42,13132
2024-11-04 09:00:00,68609.31,68847.08,68400.73,68567.83,10947
2024-11-04 10:00:00,68567.83,68847.68,68521.25,68761.8,11426
2024-11-04 11:00:00,68761.8,68985.97,68632.63,68716.49,11636
2024-11-04 12:00:00,68716.49,68950.58,68647.22,68909.5,11214
2024-11-04 13:00:00,68909.65,69197.03,68584.33,68608.77,12056
2024-11-04 14:00:00,68608.77,68657.09,68117.0,68328.85,14140
2024-11-04 15:00:00,68329.52,68705.0,68154.04,68588.83,14402
2024-11-04 16:00:00,68588.83,68786.34,67576.06,67717.03,13237
2024-11-04 17:00:00,67717.03,67896.38,67198.09,67801.09,13460
2024-11-04 18:00:00,67801.09,68018.86,67523.41,67617.18,12616
2024-11-04 19:00:00,67617.18,68029.29,67604.63,67805.83,9561
2024-11-04 20:00:00,67805.83,67805.83,67284.94,67323.68,9067
2024-11-04 21:00:00,67323.68,67596.49,66806.81,67094.39,13773
2024-11-04 22:00:00,67094.38,68063.05,67034.44,67867.53,11724
2024-11-04 23:00:00,67867.53,67984.35,67579.51,67801.12,11547
2024-11-05 00:00:00,67801.12,68124.9,67743.94,67956.5,11182
2024-11-05 01:00:00,67956.07,68026.01,67417.57,67935.9,12379
2024-11-05 02:00:00,67935.9,68014.51,67761.29,67813.83,9580
2024-11-05 03:00:00,67813.83,68205.4,67812.29,68183.32,10447
2024-11-05 04:00:00,68183.08,68456.9,68154.64,68274.39,10244
2024-11-05 05:00:00,68274.39,68758.35,68241.55,68698.12,9899
2024-11-05 06:00:00,68697.32,68776.31,68532.36,68735.0,9428
2024-11-05 07:00:00,68734.99,68951.06,68538.56,68861.81,10037
2024-11-05 08:00:00,68861.81,69016.72,68731.43,68989.75,10663
2024-11-05 09:00:00,68989.75,69065.75,68687.65,68731.61,10700
2024-11-05 10:00:00,68731.62,68811.01,68559.29,68734.65,10447
2024-11-05 11:00:00,68734.65,68938.35,68716.46,68777.57,9935
2024-11-05 12:00:00,68778.0,68923.27,68632.16,68830.87,9840
2024-11-05 13:00:00,68830.87,68931.01,68636.55,68790.2,9639
2024-11-05 14:00:00,68790.2,70312.85,68728.58,69967.18,18764
2024-11-05 15:00:00,69968.98,70071.84,69211.65,69641.81,19874
2024-11-05 16:00:00,69641.81,70570.35,69519.87,70196.13,17036
2024-11-05 17:00:00,70196.13,70469.42,69882.23,69963.19,13170
2024-11-05 18:00:00,69963.19,70268.68,69744.48,70239.12,11842
2024-11-05 19:00:00,70239.12,70282.06,68698.65,68982.13,12253
2024-11-05 20:00:00,68983.01,69665.93,68812.68,69462.31,16435
2024-11-05 21:00:00,69462.31,69636.32,69092.22,69184.97,9082
2024-11-05 22:00:00,69184.97,69614.71,68884.87,69590.23,8958
2024-11-05 23:00:00,69590.24,69912.73,69292.57,69389.34,12635
2024-11-06 00:00:00,69389.34,71494.61,69300.55,71132.35,20594
2024-11-06 01:00:00,71132.25,71456.68,70662.22,71147.84,20171
2024-11-06 02:00:00,71148.45,73387.02,70972.33,73130.27,21147
2024-11-06 03:00:00,73130.27,75438.22,73097.23,74314.56,29647
2024-11-06 04:00:00,74314.57,74945.96,73860.02,74244.88,20701
2024-11-06 05:00:00,74248.68,74848.65,73618.17,74759.14,18767
2024-11-06 06:00:00,74759.27,75416.24,74160.78,74225.12,21948
2024-11-06 07:00:00,74225.07,74619.0,73053.12,73362.23,21424
2024-11-06 08:00:00,73362.22,73529.3,72654.99,73416.28,21181
2024-11-06 09:00:00,73416.17,74100.71,73415.42,73782.26,18150
2024-11-06 10:00:00,73782.26,73957.42,73372.31,73848.41,14099
2024-11-06 11:00:00,73848.18,74493.75,73662.25,74307.94,15908
2024-11-06 12:00:00,74308.27,74796.18,74180.24,74196.74,15539
2024-11-06 13:00:00,74196.74,74305.61,73614.45,74015.3,15139
2024-11-06 14:00:00,74007.94,74762.29,73525.03,73681.22,19455
2024-11-06 15:00:00,73683.22,74556.87,73541.69,74349.87,22159
2024-11-06 16:00:00,74350.07,74638.9,74162.74,74363.62,16492
2024-11-06 17:00:00,74363.62,74707.1,74183.48,74486.02,13728
2024-11-06 18:00:00,74486.02,75297.53,74434.56,75282.66,13822
2024-11-06 19:00:00,75282.66,75925.12,75097.87,75871.87,16083
2024-11-06 20:00:00,75871.87,76470.03,75559.14,76151.11,18111
2024-11-06 21:00:00,76149.07,76216.93,75674.07,75914.06,14069
2024-11-06 22:00:00,75913.1,76066.97,75543.14,75652.54,12214
2024-11-06 23:00:00,75652.54,75851.79,75556.62,75589.85,10206
2024-11-07 00:00:00,75589.85,75665.86,75066.53,75355.64,13005
2024-11-07 01:00:00,75355.64,76046.81,75207.06,75396.6,15967
2024-11-07 02:00:00,75396.75,75478.55,75135.1,75279.11,14141
2024-11-07 03:00:00,75279.1,75394.99,74994.84,75039.98,12487
2024-11-07 04:00:00,75039.98,75063.05,74606.05,74725.96,11526
2024-11-07 05:00:00,74725.96,74899.69,74673.94,74755.0,9379
2024-11-07 06:00:00,74755.0,74861.08,74402.63,74774.76,12776
2024-11-07 07:00:00,74774.49,74967.52,74677.36,74760.57,10470
2024-11-07 08:00:00,74760.57,75164.97,74682.24,75164.97,12915
2024-11-07 09:00:00,75164.97,75166.57,74801.11,74906.3,11754
2024-11-07 10:00:00,74906.3,75039.34,74738.63,75024.19,11447
2024-11-07 11:00:00,75024.3,75040.23,74695.46,74748.27,9609
2024-11-07 12:00:00,74748.27,75123.84,74719.47,74997.71,10807
2024-11-07 13:00:00,74997.71,75043.49,74587.42,74670.37,12406
2024-11-07 14:00:00,74670.6,75023.93,74524.96,74845.94,15476
2024-11-07 15:00:00,74845.95,76129.2,74705.39,76118.31,17720
2024-11-07 16:00:00,76118.31,76273.25,75603.69,75946.88,16956
2024-11-07 17:00:00,75947.03,76559.36,75795.6,76333.26,16875
2024-11-07 18:00:00,76334.16,76777.03,75851.06,76637.75,17202
2024-11-07 19:00:00,76636.57,76656.37,75958.88,76577.64,19184
2024-11-07 20:00:00,76577.64,76935.25,76361.88,76519.86,16684
2024-11-07 21:00:00,76519.86,76668.45,75906.58,75924.07,12843
2024-11-07 22:00:00,75924.07,76042.46,75493.64,75886.6,11636
2024-11-07 23:00:00,75886.29,76112.27,75707.78,75892.62,12716
2024-11-08 00:00:00,75893.73,76386.83,75860.58,76045.25,13526
2024-11-08 01:00:00,76045.25,76365.61,75856.1,76007.14,13574
2024-11-08 02:00:00,76007.13,76056.01,75654.78,75736.18,12336
2024-11-08 03:00:00,75736.18,75924.37,75584.38,75924.37,11669
2024-11-08 04:00:00,75924.37,76080.72,75843.12,75876.45,10846
2024-11-08 05:00:00,75876.17,76197.19,75845.58,76032.74,10303
2024-11-08 06:00:00,76032.74,76061.97,75850.65,75905.61,11211
2024-11-08 07:00:00,75906.27,76285.2,75712.81,76211.95,13540
2024-11-08 08:00:00,76211.95,76235.14,75804.25,75853.19,10979
2024-11-08 09:00:00,75853.19,76131.8,75818.46,76004.61,10532
2024-11-08 10:00:00,76001.46,76374.16,75828.89,76277.81,9963
2024-11-08 11:00:00,76278.73,76334.9,75962.45,75983.38,11512
2024-11-08 12:00:00,75983.38,76235.52,75973.39,76123.14,10765
2024-11-08 13:00:00,76121.93,76347.07,75894.09,76321.96,11344
2024-11-08 14:00:00,76321.97,76382.03,75656.02,75782.92,14690
2024-11-08 15:00:00,75782.92,76654.48,75647.96,76464.97,17296
2024-11-08 16:00:00,76464.97,76583.56,75854.13,75943.62,14514
2024-11-08 17:00:00,75943.62,76573.1,75838.55,76425.74,12110
2024-11-08 18:00:00,76425.3,77084.28,76381.06,76848.31,14484
2024-11-08 19:00:00,76841.81,77248.97,76789.85,76960.03,15656
2024-11-08 20:00:00,76960.03,77149.8,76454.14,76598.88,14863
2024-11-08 21:00:00,76601.93,76713.39,76387.8,76465.08,12749
2024-11-08 22:00:00,76465.08,76607.19,76286.12,76364.82,9501
2024-11-08 23:00:00,76364.82,76511.97,76293.89,76483.04,10252
2024-11-09 00:00:00,76484.12,76632.48,76343.16,76410.93,10674
2024-11-09 01:00:00,76410.81,76534.47,76230.42,76301.08,10060
2024-11-09 02:00:00,76301.08,76431.31,76124.16,76426.13,12010
2024-11-09 03:00:00,76426.13,76447.8,76239.64,76335.79,9622
2024-11-09 04:00:00,76335.79,76411.84,76289.42,76372.73,9201
2024-11-09 05:00:00,76372.73,76668.23,76353.75,76544.83,11081
2024-11-09 06:00:00,76544.98,76800.95,76391.72,76505.32,11709
2024-11-09 07:00:00,76505.32,76539.45,76337.34,76526.83,11485
2024-11-09 08:00:00,76526.82,76736.93,76436.06,76552.01,11330
2024-11-09 09:00:00,76552.02,76652.22,76497.26,76551.84,10877
2024-11-09 10:00:00,76551.84,76627.36,76393.71,76465.82,9959
2024-11-09 11:00:00,76465.82,76521.17,76364.7,76497.52,9166
2024-11-09 12:00:00,76496.12,76554.97,76259.92,76270.26,8575
2024-11-09 13:00:00,76270.28,76495.07,76264.87,76412.1,9815
2024-11-09 14:00:00,76412.09,76433.82,76246.16,76341.58,7823
2024-11-09 15:00:00,76341.58,76411.45,76264.57,76299.5,8498
2024-11-09 16:00:00,76296.95,76309.91,76027.34,76071.81,9544
2024-11-09 17:00:00,76071.81,76218.39,75686.63,76210.35,12684
2024-11-09 18:00:00,76210.35,76373.24,76165.27,76330.58,9878
2024-11-09 19:00:00,76330.99,76698.13,76069.43,76175.16,11715
2024-11-09 20:00:00,76175.28,76331.26,76131.08,76243.93,9577
2024-11-09 21:00:00,76243.93,76449.11,76173.62,76403.47,8082
2024-11-09 22:00:00,76403.47,76579.89,76325.36,76493.55,8136
2024-11-09 23:00:00,76493.54,76900.85,76441.51,76665.37,11008
2024-11-10 00:00:00,76665.37,77103.81,76482.85,76865.94,11969
2024-11-10 01:00:00,76865.89,76941.85,76630.14,76663.26,12965
2024-11-10 02:00:00,76663.26,77502.48,76615.23,76993.94,14627
2024-11-10 03:00:00,76993.94,77404.6,76940.51,77162.13,12080
2024-11-10 04:00:00,77162.53,79670.58,77095.55,79173.66,17044
2024-11-10 05:00:00,79169.21,79733.9,78800.07,79055.8,21574
2024-11-10 06:00:00,79054.67,79199.47,78555.7,78852.7,15377
2024-11-10 07:00:00,78851.24,79092.85,78676.64,78777.72,15140
2024-11-10 08:00:00,78777.03,79093.28,78777.03,79078.57,13336
2024-11-10 09:00:00,79078.57,79451.59,79058.23,79321.41,11972
2024-11-10 10:00:00,79321.4,79773.62,79223.96,79516.7,14003
2024-11-10 11:00:00,79516.71,80102.02,79511.63,79858.96,13788
2024-11-10 12:00:00,79856.0,80134.57,79230.19,79634.53,16407
2024-11-10 13:00:00,79634.53,79900.91,79515.76,79728.34,14992
2024-11-10 14:00:00,79728.67,79998.23,79168.95,79498.45,15069
2024-11-10 15:00:00,79498.45,79765.18,79370.76,79688.05,14639
2024-11-10 16:00:00,79688.05,79816.39,79508.9,79774.82,14136
2024-11-10 17:00:00,79774.82,80779.3,79641.06,80361.6,13442
2024-11-10 18:00:00,80361.6,81119.73,80359.31,80570.95,17020
2024-11-10 19:00:00,80578.33,80879.46,79322.69,79728.53,15750
2024-11-10 20:00:00,79728.54,79893.71,78923.94,78943.35,15153
2024-11-10 21:00:00,78943.35,80026.64,78461.53,79874.11,18856
2024-11-10 22:00:00,79874.22,81607.05,79789.95,80606.75,18746
2024-11-10 23:00:00,80606.91,80700.1,79935.1,80360.51,16017
2024-11-11 00:00:00,80360.51,80834.6,80214.84,80577.74,16334
2024-11-11 01:00:00,80581.16,81790.96,80368.1,81225.99,16019
2024-11-11 02:00:00,81226.0,81551.27,81040.82,81457.68,16107
2024-11-11 03:00:00,81457.68,81917.13,80970.83,81639.17,12856
2024-11-11 04:00:00,81638.78,81758.45,81159.72,81443.26,12993
2024-11-11 05:00:00,81443.26,81605.43,80438.13,80742.16,14672
2024-11-11 06:00:00,80742.16,81258.75,80581.12,80899.84,16105
2024-11-11 07:00:00,80899.88,81238.71,80750.85,81138.3,14064
2024-11-11 08:00:00,81136.81,81398.35,81053.34,81258.62,14157
2024-11-11 09:00:00,81260.9,81793.31,81174.72,81720.6,12526
2024-11-11 10:00:00,81721.25,82410.45,81684.55,81993.84,16502
2024-11-11 11:00:00,81993.83,82270.04,81830.24,82167.95,14530
2024-11-11 12:00:00,82166.8,82499.99,81739.52,82186.35,15998
2024-11-11 13:00:00,82186.55,82252.05,81492.16,81835.38,15448
2024-11-11 14:00:00,81835.53,82663.83,81490.33,82522.81,20476
2024-11-11 15:00:00,82522.81,84384.95,82376.75,84135.57,25975
2024-11-11 16:00:00,84135.57,84959.94,83885.41,84251.89,24072
2024-11-11 17:00:00,84251.89,84950.99,84235.31,84713.49,19533
2024-11-11 18:00:00,84713.49,85995.78,84307.13,85989.98,18756
2024-11-11 19:00:00,85988.45,86951.72,85544.12,86226.38,21735
2024-11-11 20:00:00,86226.38,87530.89,86172.26,87010.68,20028
2024-11-11 21:00:00,87017.53,88533.95,86811.48,87989.37,21509
2024-11-11 22:00:00,87988.37,88195.56,86497.61,88062.88,18244
2024-11-11 23:00:00,88062.89,89724.85,88062.29,88698.08,24992
2024-11-12 00:00:00,88698.06,89049.32,86631.67,89015.72,24792
2024-11-12 01:00:00,89015.72,89549.65,88448.85,88604.63,21955
2024-11-12 02:00:00,88604.27,88943.55,87047.14,87760.45,19225
2024-11-12 03:00:00,87759.9,88342.88,87545.31,88147.83,18734
2024-11-12 04:00:00,88147.83,89100.02,87800.11,88516.81,17862
2024-11-12 05:00:00,88517.15,88876.19,88220.92,88454.13,16897
2024-11-12 06:00:00,88454.13,89923.9,88219.19,89601.61,17619
2024-11-12 07:00:00,89601.61,90009.79,89048.3,89073.72,17669
2024-11-12 08:00:00,89073.95,89433.16,88805.62,89405.6,14995
2024-11-12 09:00:00,89402.97,89505.54,87712.16,87738.62,19521
2024-11-12 10:00:00,87738.62,88128.53,85384.45,86822.33,31113
2024-11-12 11:00:00,86822.33,87896.44,86568.13,87189.88,26682
2024-11-12 12:00:00,87189.88,87902.97,86232.5,86386.91,22790
2024-11-12 13:00:00,86386.91,86563.58,85062.81,86302.81,25400
2024-11-12 14:00:00,86302.82,87053.12,85187.1,86978.14,27444
2024-11-12 15:00:00,86981.04,87502.27,86156.22,86648.71,25265
2024-11-12 16:00:00,86648.72,87673.1,85784.28,87103.84,22683
2024-11-12 17:00:00,87103.84,87974.2,86950.16,87051.83,20181
2024-11-12 18:00:00,87055.81,88995.68,86987.82,88903.44,20419
2024-11-12 19:00:00,88903.44,89899.54,88725.14,88813.22,21115
2024-11-12 20:00:00,88813.22,89999.95,88766.12,89592.82,19475
2024-11-12 21:00:00,89592.82,89807.46,88194.79,88280.94,18875
2024-11-12 22:00:00,88280.93,88700.61,87630.46,88636.52,14117
2024-11-12 23:00:00,88636.52,88636.52,87459.02,87987.94,16113
2024-11-13 00:00:00,87987.94,88537.48,87645.29,88125.34,18799
2024-11-13 01:00:00,88125.34,88641.37,87786.72,88345.34,19028
2024-11-13 02:00:00,88345.34,88417.61,87090.46,87952.69,17717
2024-11-13 03:00:00,87952.69,88253.51,87122.79,87220.1,16653
2024-11-13 04:00:00,87220.1,87774.25,86301.85,87254.28,17559
2024-11-13 05:00:00,87254.28,87513.78,86530.25,86630.53,15855
2024-11-13 06:00:00,86630.53,87018.26,86193.09,86558.65,14973
2024-11-13 07:00:00,86558.44,87560.27,86530.01,87436.86,17286
2024-11-13 08:00:00,87436.94,87790.03,87173.72,87308.85,16538
2024-11-13 09:00:00,87308.85,87617.28,87143.5,87444.99,14010
2024-11-13 10:00:00,87444.99,87620.17,87176.68,87600.53,12634
2024-11-13 11:00:00,87600.53,88175.38,87512.62,87729.13,14318
2024-11-13 12:00:00,87728.29,88094.07,87568.45,87721.35,15171
2024-11-13 13:00:00,87721.35,89828.69,87622.9,89272.1,21878
2024-11-13 14:00:00,89273.52,91974.09,88755.42,91640.77,29678
2024-11-13 15:00:00,91642.46,92888.35,90577.97,92693.73,29685
2024-11-13 16:00:00,92693.73,93487.89,91632.97,92418.73,28070
2024-11-13 17:00:00,92418.73,92985.24,91873.42,92337.59,22359
2024-11-13 18:00:00,92338.98,93270.98,92162.65,92957.29,18312
2024-11-13 19:00:00,92956.45,93024.22,90045.92,90231.34,30411
2024-11-13 20:00:00,90231.34,91233.58,89325.78,89747.79,25058
2024-11-13 21:00:00,89750.49,89854.0,87993.29,88598.07,24707
2024-11-13 22:00:00,88598.07,89890.9,88396.12,89771.53,15478
2024-11-13 23:00:00,89771.53,90608.21,89309.34,90456.32,17613
2024-11-14 00:00:00,90456.24,90593.64,89751.1,90159.25,18277
2024-11-14 01:00:00,90159.25,90501.83,89531.49,90409.73,18516
2024-11-14 02:00:00,90409.73,90634.19,89686.12,90117.41,16453
2024-11-14 03:00:00,90117.14,90253.53,89533.05,89959.68,13411
2024-11-14 04:00:00,89959.68,90227.33,89320.76,90149.47,14206
2024-11-14 05:00:00,90149.47,90149.48,89677.09,89976.36,13313
2024-11-14 06:00:00,89980.44,90335.83,89270.02,89316.37,12978
2024-11-14 07:00:00,89313.54,90879.21,89085.04,90792.41,16668
2024-11-14 08:00:00,90792.41,91476.32,90358.83,90587.65,18822
2024-11-14 09:00:00,90587.65,90947.5,90376.1,90943.12,14575
2024-11-14 10:00:00,90943.12,91476.45,90878.5,91145.03,17416
2024-11-14 11:00:00,91145.03,91718.3,90496.72,91524.63,19192
2024-11-14 12:00:00,91524.69,91646.03,90972.18,91272.55,15897
2024-11-14 13:00:00,91272.55,91430.62,90608.13,90779.27,17011
2024-11-14 14:00:00,90779.27,91827.49,88686.13,88745.25,25357
2024-11-14 15:00:00,88745.14,89620.87,87814.7,87948.4,27761
2024-11-14 16:00:00,87948.93,89243.51,87507.06,89186.63,23421
2024-11-14 17:00:00,89186.64,89394.42,88591.85,89244.52,17611
2024-11-14 18:00:00,89244.52,89716.47,88934.78,89121.73,15373
2024-11-14 19:00:00,89121.73,89677.77,89121.73,89476.74,14238
2024-11-14 20:00:00,89477.1,89477.1,87544.97,87597.44,20602
2024-11-14 21:00:00,87597.05,88262.44,86974.9,88213.35,19690
2024-11-14 22:00:00,88213.42,88352.65,87038.26,87625.07,14427
2024-11-14 23:00:00,87623.57,87778.21,86648.79,87314.05,19778
2024-11-15 00:00:00,87314.05,88451.68,87226.84,87862.23,17549
2024-11-15 01:00:00,87862.22,88176.3,87369.21,88090.45,16393
2024-11-15 02:00:00,88091.05,88456.03,87726.19,88366.09,15432
2024-11-15 03:00:00,88366.09,88505.2,88121.64,88231.63,11475
2024-11-15 04:00:00,88231.63,88266.64,87056.21,87433.44,14865
2024-11-15 05:00:00,87433.44,87880.43,87257.27,87725.98,14720
2024-11-15 06:00:00,87725.98,88196.18,87607.46,88187.21,13532
2024-11-15 07:00:00,88187.21,88428.85,87620.32,87648.15,12657
2024-11-15 08:00:00,87648.38,88185.62,87372.34,88080.92,13371
2024-11-15 09:00:00,88080.92,89357.31,88024.22,89194.42,17589
2024-11-15 10:00:00,89194.42,89482.32,88940.43,89361.35,14392
2024-11-15 11:00:00,89361.35,89787.5,89137.06,89739.62,13528
2024-11-15 12:00:00,89739.62,90746.39,89598.97,89756.81,17369
2024-11-15 13:00:00,89756.81,90478.21,89284.4,90145.05,16896
2024-11-15 14:00:00,90144.52,90204.83,88560.83,89087.38,21987
2024-11-15 15:00:00,89083.58,89121.14,87721.8,88400.33,24396
2024-11-15 16:00:00,88400.34,89755.21,88345.05,89351.34,20234
2024-11-15 17:00:00,89356.84,89962.62,89176.48,89481.85,18186
2024-11-15 18:00:00,89481.85,89832.75,89216.16,89381.64,17338
2024-11-15 19:00:00,89381.63,90878.28,89246.04,90397.22,16137
2024-11-15 20:00:00,90397.22,91514.49,90349.93,91490.18,18077
2024-11-15 21:00:00,91490.18,91895.1,91131.36,91732.99,14272
2024-11-15 22:00:00,91732.99,91921.93,91102.27,91233.59,13395
2024-11-15 23:00:00,91233.59,91461.91,90866.64,91015.04,13411
2024-11-16 00:00:00,91014.46,91326.47,90844.25,91020.44,14322
2024-11-16 01:00:00,91020.39,91473.15,90956.38,91262.35,12414
2024-11-16 02:00:00,91262.35,91730.39,91160.86,91441.28,11689
2024-11-16 03:00:00,91441.28,91614.07,90976.47,91247.77,13332
2024-11-16 04:00:00,91247.77,91406.44,91057.83,91276.71,12044
2024-11-16 05:00:00,91278.91,91806.27,91147.57,91348.1,12622
2024-11-16 06:00:00,91348.43,91442.25,91138.77,91178.89,11549
2024-11-16 07:00:00,91178.89,91386.93,91072.1,91111.28,11213
2024-11-16 08:00:00,91111.27,91412.58,91003.01,91405.53,11618
2024-11-16 09:00:00,91405.53,91453.5,91234.88,91235.75,11621
2024-11-16 10:00:00,91235.99,91598.6,91225.15,91382.62,9988
2024-11-16 11:00:00,91382.68,91422.89,90967.39,91148.49,11841
2024-11-16 12:00:00,91148.49,91300.95,90469.79,90882.31,15970
2024-11-16 13:00:00,90881.83,91189.83,90658.38,90742.03,13812
2024-11-16 14:00:00,90742.03,91055.91,90588.81,90952.62,14235
2024-11-16 15:00:00,90952.62,91001.7,90021.17,90480.67,15852
2024-11-16 16:00:00,90480.74,90814.95,90159.76,90598.19,14981
2024-11-16 17:00:00,90598.19,91015.52,90487.22,90912.26,12907
2024-11-16 18:00:00,90912.18,91401.78,90830.16,91311.72,11997
2024-11-16 19:00:00,91311.48,91347.92,90916.18,91092.06,13003
2024-11-16 20:00:00,91092.06,91168.95,90636.69,90740.02,11000
2024-11-16 21:00:00,90740.01,91062.84,90683.21,90982.41,10635
2024-11-16 22:00:00,90982.4,90999.6,90260.12,90295.68,7363
2024-11-16 23:00:00,90291.7,90645.49,90287.53,90545.29,11599
2024-11-17 00:00:00,90572.86,90896.26,90550.08,90810.51,11863
2024-11-17 01:00:00,90810.5,90872.93,89966.0,90234.51,11757
2024-11-17 02:00:00,90234.52,90259.97,89320.88,90010.01,16910
2024-11-17 03:00:00,90010.64,90260.7,89762.29,90248.61,12910
2024-11-17 04:00:00,90248.61,90667.99,90146.4,90545.79,13167
2024-11-17 05:00:00,90545.79,90876.09,90337.38,90425.79,12997
2024-11-17 06:00:00,90425.02,90753.66,90319.85,90598.38,12151
2024-11-17 07:00:00,90596.28,90631.4,90315.21,90497.5,11486
2024-11-17 08:00:00,90498.3,91014.4,90424.84,90943.85,11724
2024-11-17 09:00:00,90945.13,91433.02,90911.23,91255.92,12552
2024-11-17 10:00:00,91255.92,91306.37,90834.41,91020.42,13484
2024-11-17 11:00:00,91020.42,91045.13,90444.8,90631.37,13096
2024-11-17 12:00:00,90631.38,91140.61,90572.77,91031.81,12762
2024-11-17 13:00:00,91030.2,91058.12,90243.69,90439.49,13950
2024-11-17 14:00:00,90439.31,90704.84,89852.52,90267.66,14648
2024-11-17 15:00:00,90267.66,90565.57,90059.46,90216.76,12552
2024-11-17 16:00:00,90215.13,90502.99,90026.64,90408.6,11792
2024-11-17 17:00:00,90408.6,90603.42,90100.94,90552.65,10880
2024-11-17 18:00:00,90553.0,90597.16,89781.29,89894.54,11304
2024-11-17 19:00:00,89892.15,90098.76,89622.18,90003.25,12225
2024-11-17 20:00:00,90003.25,90190.17,89444.9,89595.1,12675
2024-11-17 21:00:00,89595.1,89688.95,88937.53,89081.58,11604
2024-11-17 22:00:00,89081.59,89610.39,88648.52,89509.21,12622
2024-11-17 23:00:00,89509.21,89858.23,89285.31,89833.48,14241
2024-11-18 00:00:00,89833.48,90093.2,89605.55,89926.78,13971
2024-11-18 01:00:00,89926.38,90931.24,89869.23,90739.57,14303
2024-11-18 02:00:00,90739.35,90834.44,90377.85,90482.45,14969
2024-11-18 03:00:00,90482.44,90651.28,90267.9,90634.31,11968
2024-11-18 04:00:00,90634.31,90706.41,90424.21,90425.26,10538
2024-11-18 05:00:00,90425.26,90799.9,90425.26,90610.74,10151
2024-11-18 06:00:00,90610.74,92142.63,90608.91,92119.29,14083
2024-11-18 07:00:00,92114.68,92320.8,91381.14,91688.74,14559
2024-11-18 08:00:00,91688.74,92127.75,91523.99,91790.16,12912
2024-11-18 09:00:00,91790.16,92224.33,91605.24,91678.44,13291
2024-11-18 10:00:00,91678.44,91996.83,91631.19,91728.96,10914
2024-11-18 11:00:00,91728.96,91783.46,89964.98,90219.72,16607
2024-11-18 12:00:00,90219.73,90736.29,90040.94,90510.52,16834
2024-11-18 13:00:00,90510.52,90589.0,89327.72,89465.22,18889
2024-11-18 14:00:00,89465.21,91050.73,89382.69,90297.19,20893
2024-11-18 15:00:00,90297.19,92670.21,90230.93,92378.42,22382
2024-11-18 16:00:00,92379.23,92654.27,91114.98,91423.88,21532
2024-11-18 17:00:00,91423.58,92186.62,90903.5,91581.37,18410
2024-11-18 18:00:00,91581.37,91684.3,90061.51,90343.65,16600
2024-11-18 19:00:00,90344.99,90657.43,89630.52,90623.15,17977
2024-11-18 20:00:00,90623.15,91991.51,90449.84,91518.55,20199
2024-11-18 21:00:00,91518.55,92050.56,91193.52,91333.91,15090
2024-11-18 22:00:00,91324.71,91482.87,90935.24,91169.07,10239
2024-11-18 23:00:00,91169.07,91241.82,90236.05,90465.1,13421
2024-11-19 00:00:00,90465.13,91239.48,90359.14,91062.44,13438
2024-11-19 01:00:00,91062.44,91264.34,90606.48,90713.26,12139
2024-11-19 02:00:00,90713.26,91294.03,90701.49,91238.21,11135
2024-11-19 03:00:00,91237.99,91554.12,91154.4,91425.48,11268
2024-11-19 04:00:00,91425.48,91814.09,91228.49,91527.42,12645
2024-11-19 05:00:00,91527.42,91903.24,91208.92,91873.73,11659
2024-11-19 06:00:00,91873.13,91994.05,91588.17,91968.72,10837
2024-11-19 07:00:00,91968.72,92056.99,91576.0,91622.91,12053
2024-11-19 08:00:00,91622.92,91769.27,91378.29,91754.95,11603
2024-11-19 09:00:00,91754.95,91940.21,91156.64,91679.73,13286
2024-11-19 10:00:00,91679.74,91922.71,91480.3,91742.7,12271
2024-11-19 11:00:00,91742.7,91859.52,91515.29,91640.4,11884
2024-11-19 12:00:00,91640.53,92568.38,91639.18,92499.0,15776
2024-11-19 13:00:00,92499.0,92864.11,91028.85,91136.08,18592
2024-11-19 14:00:00,91136.08,92353.39,90971.76,91836.72,21480
2024-11-19 15:00:00,91839.32,92493.71,91498.3,92431.3,18769
2024-11-19 16:00:00,92434.81,92703.81,92206.52,92612.16,14594
2024-11-19 17:00:00,92612.16,93339.53,92385.5,92898.52,17162
2024-11-19 18:00:00,92898.52,93943.39,92757.64,93720.88,19286
2024-11-19 19:00:00,93720.88,93996.88,93128.79,93280.63,18282
2024-11-19 20:00:00,93273.23,93620.72,92183.8,92484.77,16908
2024-11-19 21:00:00,92484.77,92775.84,91814.36,92225.29,15644
2024-11-19 22:00:00,92225.3,92460.26,91338.81,91856.12,12014
2024-11-19 23:00:00,91856.12,92372.15,91620.98,92348.72,13272
2024-11-20 00:00:00,92359.93,92484.73,92036.51,92081.22,12676
2024-11-20 01:00:00,92080.93,92291.79,91731.94,91993.8,11427
2024-11-20 02:00:00,91993.46,92068.09,91606.23,91777.02,11430
2024-11-20 03:00:00,91777.01,92079.24,91490.84,92045.11,12890
2024-11-20 04:00:00,92044.91,92287.66,91857.36,92121.04,12027
2024-11-20 05:00:00,92121.56,92551.16,91964.23,92544.61,12184
2024-11-20 06:00:00,92543.78,92682.48,92379.19,92406.95,11789
2024-11-20 07:00:00,92406.95,92894.53,92323.34,92878.93,12016
2024-11-20 08:00:00,92878.93,93393.91,92753.95,93230.93,11640
2024-11-20 09:00:00,93230.93,93729.9,92970.82,93099.84,14516
2024-11-20 10:00:00,93099.83,93566.09,93022.04,93313.11,13124
2024-11-20 11:00:00,93313.4,93668.6,92835.76,93489.21,14123
2024-11-20 12:00:00,93489.39,93787.95,93337.34,93563.82,13603
2024-11-20 13:00:00,93563.82,94651.81,93563.82,94421.26,17039
2024-11-20 14:00:00,94421.31,94789.47,93849.02,94650.88,21331
2024-11-20 15:00:00,94650.88,94901.53,94094.18,94810.23,19303
2024-11-20 16:00:00,94810.2,94919.73,93353.64,94097.34,20548
2024-11-20 17:00:00,94089.46,94404.78,93652.2,93967.69,17034
2024-11-20 18:00:00,93966.81,94356.59,93187.52,93723.99,19190
2024-11-20 19:00:00,93720.29,94071.06,93273.56,94065.75,15172
2024-11-20 20:00:00,94066.32,94682.92,93889.41,94316.42,15204
2024-11-20 21:00:00,94317.14,94548.53,93932.7,94402.0,13001
2024-11-20 22:00:00,94402.01,94542.9,93984.03,94200.66,12039
2024-11-20 23:00:00,94200.66,94344.6,93814.23,94343.04,12027
2024-11-21 00:00:00,94342.68,94987.98,94251.18,94744.5,12469
2024-11-21 01:00:00,94744.5,95040.81,94613.18,94732.03,12595
2024-11-21 02:00:00,94731.85,94790.92,94052.99,94439.31,14247
2024-11-21 03:00:00,94439.32,95989.77,94418.4,95815.72,15159
2024-11-21 04:00:00,95814.76,97761.41,95813.31,97561.41,19021
2024-11-21 05:00:00,97575.62,97880.52,96680.84,97294.73,19065
2024-11-21 06:00:00,97294.73,97414.33,96766.28,97027.61,15774
2024-11-21 07:00:00,97027.62,97389.23,96905.9,96922.78,12438
2024-11-21 08:00:00,96922.78,97161.82,96715.68,97096.23,13230
2024-11-21 09:00:00,97096.23,97684.23,97019.85,97595.11,13710
2024-11-21 10:00:00,97595.11,97733.72,97261.52,97694.61,12247
2024-11-21 11:00:00,97694.61,98350.24,97673.95,97941.5,17019
2024-11-21 12:00:00,97941.03,98223.52,97233.74,97290.12,16656
2024-11-21 13:00:00,97290.12,97743.61,97004.23,97528.09,17343
2024-11-21 14:00:00,97528.09,97705.5,96523.71,97065.58,20610
2024-11-21 15:00:00,97063.53,97154.4,95584.64,96653.55,24389
2024-11-21 16:00:00,96653.33,97448.58,96295.05,97184.77,20634
2024-11-21 17:00:00,97184.19,98150.03,96963.77,98142.21,17255
2024-11-21 18:00:00,98140.06,98525.5,97724.79,98311.74,17872
2024-11-21 19:00:00,98311.75,99093.55,97726.62,97832.77,20475
2024-11-21 20:00:00,97832.77,98716.39,97634.66,98149.58,16708
2024-11-21 21:00:00,98149.06,98245.23,97554.14,98031.0,14304
2024-11-21 22:00:00,98031.0,98500.59,97909.15,98432.16,11790
2024-11-21 23:00:00,98432.16,98802.42,98380.72,98402.98,12934
2024-11-22 00:00:00,98402.95,98596.0,97885.92,98050.61,12681
2024-11-22 01:00:00,98050.61,98430.88,97859.9,98109.63,12470
2024-11-22 02:00:00,98109.63,98852.88,98063.38,98648.67,12752
2024-11-22 03:00:00,98648.67,99396.85,98413.74,98858.98,16394
2024-11-22 04:00:00,98858.98,99152.93,98689.01,98828.0,12963
2024-11-22 05:00:00,98828.0,99000.16,98531.37,98787.18,12364
2024-11-22 06:00:00,98787.18,99077.14,98648.6,99039.59,10302
2024-11-22 07:00:00,99039.6,99532.23,98906.96,99250.28,11746
2024-11-22 08:00:00,99250.28,99336.88,98762.08,98821.71,12666
2024-11-22 09:00:00,98821.71,98866.27,98388.94,98705.95,10112
2024-11-22 10:00:00,98705.96,98777.04,98277.8,98385.29,10976
2024-11-22 11:00:00,98385.29,98914.7,98221.15,98875.44,13263
2024-11-22 12:00:00,98875.44,98964.58,98488.63,98632.68,12916
2024-11-22 13:00:00,98632.68,98640.76,97326.03,97775.21,18831
2024-11-22 14:00:00,97774.75,98164.56,97120.46,97294.61,18796
2024-11-22 15:00:00,97294.61,98873.5,97160.7,98753.62,21838
2024-11-22 16:00:00,98753.62,99088.68,98309.54,98935.76,15363
2024-11-22 17:00:00,98935.8,99371.03,98813.57,98878.28,16033
2024-11-22 18:00:00,98878.27,99287.55,98745.99,99223.04,16336
2024-11-22 19:00:00,99222.53,99728.71,98944.73,99140.46,17683
2024-11-22 20:00:00,99140.44,99521.35,98953.98,99188.75,14265
2024-11-22 21:00:00,99188.75,99297.57,98715.2,99286.16,14125
2024-11-22 22:00:00,99286.17,99400.55,98529.81,98637.61,13650
2024-11-22 23:00:00,98637.61,98953.15,98637.61,98924.26,10358
2024-11-23 00:00:00,98924.25,98949.22,98555.27,98622.01,12936
2024-11-23 01:00:00,98620.91,98643.42,98248.92,98517.32,13935
2024-11-23 02:00:00,98515.78,98558.9,98217.46,98425.18,10977
2024-11-23 03:00:00,98425.18,98773.58,98330.77,98635.75,11118
2024-11-23 04:00:00,98635.74,98680.2,98208.92,98505.86,12376
2024-11-23 05:00:00,98505.86,98715.56,98335.84,98691.59,9724
2024-11-23 06:00:00,98691.59,98741.36,98534.85,98643.9,9981
2024-11-23 07:00:00,98643.9,98667.21,98333.31,98492.32,7512
2024-11-23 08:00:00,98492.32,98560.29,98301.63,98399.4,8442
2024-11-23 09:00:00,98399.64,98491.02,98298.67,98394.12,8517
2024-11-23 10:00:00,98394.12,98511.24,98234.13,98348.44,7644
2024-11-23 11:00:00,98348.26,98465.69,98304.14,98388.32,9138
2024-11-23 12:00:00,98388.27,98650.42,98373.99,98645.61,11342
2024-11-23 13:00:00,98645.61,98910.56,98600.44,98610.68,10952
2024-11-23 14:00:00,98610.68,98880.21,98519.8,98829.84,9984
2024-11-23 15:00:00,98829.85,98879.98,98460.9,98472.49,8879
2024-11-23 16:00:00,98472.5,98551.65,97629.38,97816.19,14853
2024-11-23 17:00:00,97816.19,98180.59,97427.12,98014.3,13087
2024-11-23 18:00:00,98014.11,98106.34,97759.83,97912.69,11360
2024-11-23 19:00:00,97912.69,97912.69,97428.48,97581.92,9666
2024-11-23 20:00:00,97581.92,97798.1,97169.33,97798.1,12552
2024-11-23 21:00:00,97798.11,98119.78,97629.03,98038.41,9926
2024-11-23 22:00:00,98038.41,98107.69,97580.62,97723.27,8683
2024-11-23 23:00:00,97723.27,97813.52,97458.33,97713.35,10884
2024-11-24 00:00:00,97713.38,98051.23,97659.05,97979.17,9298
2024-11-24 01:00:00,97979.17,98473.98,97979.17,98236.68,9580
2024-11-24 02:00:00,98236.68,98607.07,98236.68,98433.49,8923
2024-11-24 03:00:00,98434.05,98469.33,98127.05,98222.32,9091
2024-11-24 04:00:00,98222.32,98289.25,97895.49,98193.82,9373
2024-11-24 05:00:00,98193.83,98300.83,97924.42,98278.99,8776
2024-11-24 06:00:00,98279.0,98433.9,98036.24,98368.79,8477
2024-11-24 07:00:00,98368.79,98444.5,98179.75,98437.47,7792
2024-11-24 08:00:00,98437.47,98504.44,97941.45,98064.29,7626
2024-11-24 09:00:00,98063.47,98203.14,97818.16,97960.2,9339
2024-11-24 10:00:00,97960.2,97997.43,97463.92,97714.55,10731
2024-11-24 11:00:00,97714.55,97803.46,97280.71,97331.91,10869
2024-11-24 12:00:00,97331.91,97477.24,96452.45,96954.44,16645
2024-11-24 13:00:00,96954.45,97726.89,96795.98,97325.43,16285
2024-11-24 14:00:00,97325.43,97327.19,96642.2,97115.55,15383
2024-11-24 15:00:00,97115.55,97172.11,95938.05,95952.12,13793
2024-11-24 16:00:00,95951.06,96813.96,95777.01,96477.57,15276
2024-11-24 17:00:00,96477.57,96483.22,95750.79,95891.65,14398
2024-11-24 18:00:00,95891.65,96621.22,95811.33,96588.04,13726
2024-11-24 19:00:00,96588.05,96588.05,96178.92,96371.0,9704
2024-11-24 20:00:00,96371.0,96914.69,96238.83,96899.72,11154
2024-11-24 21:00:00,96899.21,97085.61,96664.13,97059.11,9610
2024-11-24 22:00:00,97059.11,98126.59,97059.11,98122.76,11197
2024-11-24 23:00:00,98119.53,98447.74,97589.39,97978.33,14832
2024-11-25 00:00:00,97978.34,98147.61,97607.37,97797.41,14564
2024-11-25 01:00:00,97791.75,97937.61,96953.62,97286.77,15913
2024-11-25 02:00:00,97286.77,97824.75,97282.99,97455.14,11339
2024-11-25 03:00:00,97454.8,97994.35,97420.47,97985.12,11078
2024-11-25 04:00:00,97983.35,98143.1,97635.77,97902.46,12357
2024-11-25 05:00:00,97902.47,98315.77,97863.9,98133.69,12044
2024-11-25 06:00:00,98133.69,98431.12,98096.65,98141.14,12009
2024-11-25 07:00:00,98141.12,98344.02,97795.1,98113.9,11735
2024-11-25 08:00:00,98113.16,98366.92,97909.31,98286.8,10634
2024-11-25 09:00:00,98286.8,98958.73,98270.0,98532.92,15030
2024-11-25 10:00:00,98532.92,98712.81,98203.29,98325.2,12329
2024-11-25 11:00:00,98325.2,98584.79,98037.12,98198.26,11058
2024-11-25 12:00:00,98198.48,98325.9,97875.46,97934.46,13336
2024-11-25 13:00:00,97934.48,97974.24,97258.98,97520.37,15025
2024-11-25 14:00:00,97520.37,97698.69,95299.84,95359.46,20187
2024-11-25 15:00:00,95357.61,96536.07,94571.74,96040.93,28580
2024-11-25 16:00:00,96041.6,96554.1,95737.58,95937.43,19472
2024-11-25 17:00:00,95937.03,95937.03,94834.01,95205.33,18284
2024-11-25 18:00:00,95205.33,95882.5,94842.88,95136.73,15831
2024-11-25 19:00:00,95137.27,95289.13,94418.12,94666.24,15746
2024-11-25 20:00:00,94666.24,95328.0,94494.37,94989.34,14874
2024-11-25 21:00:00,94990.34,95200.13,93575.79,93788.19,16456
2024-11-25 22:00:00,93788.19,94433.56,92586.31,94422.92,19223
2024-11-25 23:00:00,94422.92,94422.93,92826.51,93009.27,17029
2024-11-26 00:00:00,93009.42,94397.5,92760.38,93890.46,19545
2024-11-26 01:00:00,93890.67,94958.55,93869.25,94951.39,16073
2024-11-26 02:00:00,94951.39,95035.66,94535.95,94709.53,12556
2024-11-26 03:00:00,94709.53,94823.21,94359.91,94585.24,12250
2024-11-26 04:00:00,94585.24,94657.96,94159.75,94394.87,12517
2024-11-26 05:00:00,94393.72,94772.82,94268.88,94742.61,11753
2024-11-26 06:00:00,94742.61,95086.2,94518.27,94583.23,12481
2024-11-26 07:00:00,94582.81,94607.65,93580.08,93842.34,16165
2024-11-26 08:00:00,93842.34,93842.34,92304.09,93132.68,22288
2024-11-26 09:00:00,93132.68,93779.86,93046.53,93566.61,18413
2024-11-26 10:00:00,93566.06,93799.97,92257.22,92293.89,18767
2024-11-26 11:00:00,92294.39,92641.48,91383.28,92275.26,22409
2024-11-26 12:00:00,92277.97,92645.35,91763.46,92109.87,21407
2024-11-26 13:00:00,92109.27,92893.83,91862.53,92123.73,19295
2024-11-26 14:00:00,92123.73,93512.13,91666.15,93263.38,23361
2024-11-26 15:00:00,93263.94,93567.47,92311.18,92853.85,23474
2024-11-26 16:00:00,92853.85,94747.54,92720.62,94119.34,21691
2024-11-26 17:00:00,94120.16,94135.04,93473.56,93586.6,18377
2024-11-26 18:00:00,93586.59,93664.85,91985.48,92118.5,19406
2024-11-26 19:00:00,92123.58,92661.45,91501.6,91617.49,19368
2024-11-26 20:00:00,91617.49,91980.17,90685.18,90933.31,20809
2024-11-26 21:00:00,90932.76,91841.23,90735.1,91616.98,17377
2024-11-26 22:00:00,91616.86,92339.67,91472.45,91787.67,13435
2024-11-26 23:00:00,91787.67,92024.56,91538.08,91912.29,13853
2024-11-27 00:00:00,91912.3,92407.75,91752.59,91902.02,15604
2024-11-27 01:00:00,91902.01,92821.62,91764.0,92763.24,16574
2024-11-27 02:00:00,92763.25,93073.96,92313.43,92942.38,13357
2024-11-27 03:00:00,92942.38,92962.97,92485.48,92577.34,14643
2024-11-27 04:00:00,92577.34,93220.09,92492.42,92564.98,13803
2024-11-27 05:00:00,92564.98,92805.8,92322.49,92754.48,14161
2024-11-27 06:00:00,92754.49,93422.53,92754.49,93091.99,14319
2024-11-27 07:00:00,93091.99,93712.27,93042.54,93639.04,12384
2024-11-27 08:00:00,93639.04,93650.0,93274.98,93481.03,13720
2024-11-27 09:00:00,93481.03,93540.84,93154.62,93451.45,13518
2024-11-27 10:00:00,93451.45,93952.01,93383.94,93882.63,14279
2024-11-27 11:00:00,93882.63,93897.37,93354.92,93418.67,11478
2024-11-27 12:00:00,93418.67,93559.93,92874.04,93542.29,14303
2024-11-27 13:00:00,93542.56,94372.15,93446.96,94368.09,16592
2024-11-27 14:00:00,94370.28,94982.67,94195.83,94938.14,16288
2024-11-27 15:00:00,94938.15,95964.67,94396.86,95687.18,20301
2024-11-27 16:00:00,95687.18,96500.21,95322.02,95821.48,18300
2024-11-27 17:00:00,95821.72,96458.12,95451.63,96393.04,16141
2024-11-27 18:00:00,96393.05,96713.01,96148.92,96271.11,15255
2024-11-27 19:00:00,96271.11,96834.09,96037.19,96818.39,13664
2024-11-27 20:00:00,96818.39,97391.01,96474.54,96650.82,14882
2024-11-27 21:00:00,96658.12,96760.67,96216.47,96436.38,12829
2024-11-27 22:00:00,96433.82,96680.69,96178.53,96194.39,11876
2024-11-27 23:00:00,96194.22,96330.25,95871.4,96009.09,12717
2024-11-28 00:00:00,96009.09,96732.95,95865.69,96708.15,13013
2024-11-28 01:00:00,96708.15,96714.42,96222.71,96436.14,13604
2024-11-28 02:00:00,96436.47,96602.38,95757.36,95853.3,12210
2024-11-28 03:00:00,95853.49,95948.49,94932.43,95588.81,16357
2024-11-28 04:00:00,95588.82,95981.25,95464.38,95894.03,13703
2024-11-28 05:00:00,95894.78,96084.72,95505.29,95603.78,13513
2024-11-28 06:00:00,95603.79,95835.03,95199.61,95621.1,15069
2024-11-28 07:00:00,95621.26,95916.89,95358.35,95449.18,12250
2024-11-28 08:00:00,95449.18,95745.13,95205.94,95581.12,14158
2024-11-28 09:00:00,95581.11,95642.37,95028.57,95057.79,12363
2024-11-28 10:00:00,95058.29,95238.27,94710.57,95048.22,14982
2024-11-28 11:00:00,95048.47,95899.74,94844.73,95565.47,15352
2024-11-28 12:00:00,95565.47,95769.64,95275.38,95572.86,14390
2024-11-28 13:00:00,95572.87,95883.81,95083.65,95818.28,15054
2024-11-28 14:00:00,95818.29,96344.52,95466.96,95498.45,17632
2024-11-28 15:00:00,95498.45,95630.89,94967.79,95082.09,15618
2024-11-28 16:00:00,95082.08,95388.47,94866.22,95027.05,13387
2024-11-28 17:00:00,95027.05,95327.76,94864.95,94915.02,11426
2024-11-28 18:00:00,94915.02,95403.04,94900.16,95342.23,9753
2024-11-28 19:00:00,95342.23,95503.83,95068.34,95171.86,10397
2024-11-28 20:00:00,95171.87,95184.51,94731.06,94860.83,9080
2024-11-28 21:00:00,94860.83,95237.63,94844.29,95175.97,8767
2024-11-28 22:00:00,95175.97,95729.11,95067.22,95729.08,10960
2024-11-28 23:00:00,95729.24,96128.02,95603.54,95723.82,12199
2024-11-29 00:00:00,95723.8,95904.11,95429.17,95539.73,14155
2024-11-29 01:00:00,95539.72,96064.72,95458.91,95994.62,12373
2024-11-29 02:00:00,95994.62,96988.47,95986.84,96860.98,14708
2024-11-29 03:00:00,96860.98,96925.11,96540.14,96689.63,10973
2024-11-29 04:00:00,96689.63,96731.66,96341.17,96366.73,10942
2024-11-29 05:00:00,96366.73,96627.43,96261.33,96276.19,10467
2024-11-29 06:00:00,96276.19,96481.51,96088.24,96354.92,11380
2024-11-29 07:00:00,96354.92,96522.08,95675.01,95700.82,11400
2024-11-29 08:00:00,95700.82,96099.46,95698.19,96069.03,11754
2024-11-29 09:00:00,96069.03,96590.15,95943.45,96492.13,11948
2024-11-29 10:00:00,96492.13,96987.27,96418.37,96982.32,11735
2024-11-29 11:00:00,96982.32,97492.79,96665.1,97357.73,12864
2024-11-29 12:00:00,97356.81,97637.31,96992.84,97041.1,13864
2024-11-29 13:00:00,97041.1,97380.67,96853.52,97325.26,13071
2024-11-29 14:00:00,97325.26,98214.38,97010.68,98145.12,15394
2024-11-29 15:00:00,98145.12,98797.08,97831.83,98170.46,19722
2024-11-29 16:00:00,98170.46,98615.27,97851.8,97919.92,16922
2024-11-29 17:00:00,97926.41,97957.47,97033.07,97071.37,16992
2024-11-29 18:00:00,97071.37,97486.63,96945.96,97310.27,13108
2024-11-29 19:00:00,97310.27,97547.31,96995.43,97453.5,12126
2024-11-29 20:00:00,97453.5,97770.49,97322.31,97448.2,10964
2024-11-29 21:00:00,97448.2,97573.12,97121.96,97512.58,10071
2024-11-29 22:00:00,97512.58,97622.67,97352.45,97407.82,9021
2024-11-29 23:00:00,97407.82,97590.01,97214.61,97549.1,12314
2024-11-30 00:00:00,97549.1,97559.05,97007.75,97037.53,10477
2024-11-30 01:00:00,97037.53,97037.53,96493.17,96500.29,11485
2024-11-30 02:00:00,96500.3,96784.17,96389.32,96692.55,12761
2024-11-30 03:00:00,96692.55,96785.2,96475.81,96735.34,11084
2024-11-30 04:00:00,96735.33,96834.06,96637.05,96780.08,10849
2024-11-30 05:00:00,96780.08,97282.59,96780.07,97190.44,10070
2024-11-30 06:00:00,97190.44,97340.56,96687.85,96740.56,12746
2024-11-30 07:00:00,96740.56,97026.46,96640.63,96880.82,11101
2024-11-30 08:00:00,96880.82,97082.11,96802.28,97048.49,10978
2024-11-30 09:00:00,97048.48,97051.62,96712.91,96872.83,7963
2024-11-30 10:00:00,96872.83,96915.82,96195.47,96232.31,10319
2024-11-30 11:00:00,96232.31,96551.18,96173.27,96351.5,11500
2024-11-30 12:00:00,96351.5,96673.9,96322.77,96660.74,11695
2024-11-30 13:00:00,96660.74,96789.55,96507.86,96516.03,10528
2024-11-30 14:00:00,96516.03,96830.72,96395.57,96562.44,10705
2024-11-30 15:00:00,96562.8,96845.03,96505.08,96741.69,10056
2024-11-30 16:00:00,96742.32,97054.06,96613.04,96958.03,10924
2024-11-30 17:00:00,96958.03,97056.19,96862.89,96887.47,10602
2024-11-30 18:00:00,96887.47,97112.17,96866.22,97051.57,9206
2024-11-30 19:00:00,97051.57,97171.39,96969.27,97113.47,9274
2024-11-30 20:00:00,97113.47,97160.43,96934.34,97082.31,8633
2024-11-30 21:00:00,97080.5,97091.26,96859.66,96867.43,9103
2024-11-30 22:00:00,96867.44,96913.14,96415.99,96543.79,7934
2024-11-30 23:00:00,96543.79,96673.96,96393.91,96489.24,8760
2024-12-01 00:00:00,96489.23,96759.29,96330.46,96419.64,12070
2024-12-01 01:00:00,96419.64,96595.3,96097.52,96173.15,11853
2024-12-01 02:00:00,96173.15,96492.38,95730.32,95832.95,12388
2024-12-01 03:00:00,95833.09,96541.83,95827.09,96432.29,11266
2024-12-01 04:00:00,96432.27,96628.47,96273.98,96613.76,10851
2024-12-01 05:00:00,96613.76,96628.65,96388.84,96433.68,10712
2024-12-01 06:00:00,96433.69,96610.54,96394.71,96469.68,9023
2024-12-01 07:00:00,96470.87,96636.14,96439.19,96597.69,8767
2024-12-01 08:00:00,96597.49,97313.77,96548.25,97156.35,12682
2024-12-01 09:00:00,97156.63,97216.2,96953.44,97128.65,9777
2024-12-01 10:00:00,97128.65,97149.03,96644.21,96920.97,10701
2024-12-01 11:00:00,96920.97,97258.15,96920.97,97218.34,10299
2024-12-01 12:00:00,97218.34,97239.67,96906.61,96914.49,10456
2024-12-01 13:00:00,96914.49,97533.66,96786.75,97202.49,11570
2024-12-01 14:00:00,97204.29,97479.91,97064.82,97409.97,10518
2024-12-01 15:00:00,97409.95,97445.32,97068.25,97144.54,9250
2024-12-01 16:00:00,97144.54,97472.62,97107.17,97333.11,8507
2024-12-01 17:00:00,97333.11,97410.13,97146.33,97410.13,7984
2024-12-01 18:00:00,97410.13,97655.76,97184.09,97223.17,8828
2024-12-01 19:00:00,97222.07,97427.26,97053.88,97260.79,8722
2024-12-01 20:00:00,97260.79,97303.74,96871.66,97187.53,8787
2024-12-01 21:00:00,97187.54,97915.35,97134.67,97890.29,8453
2024-12-01 22:00:00,97891.01,97973.44,97497.39,97687.29,10090
2024-12-01 23:00:00,97687.28,97903.65,97295.76,97317.63,12470
2024-12-02 00:00:00,97317.63,97715.21,97183.79,97554.54,13576
2024-12-02 01:00:00,97554.54,98298.99,97510.13,98099.2,13060
2024-12-02 02:00:00,98099.2,98187.09,97546.25,97746.77,11095
2024-12-02 03:00:00,97746.77,97774.2,96406.74,96560.07,12428
2024-12-02 04:00:00,96560.07,96935.74,96164.13,96818.97,15563
2024-12-02 05:00:00,96819.11,97047.94,96456.66,96478.39,12686
2024-12-02 06:00:00,96478.39,96512.84,96207.74,96362.98,12466
2024-12-02 07:00:00,96362.99,96551.98,95797.23,96052.27,12644
2024-12-02 08:00:00,96052.1,96176.06,94885.65,95101.01,16113
2024-12-02 09:00:00,95101.01,95599.77,95004.45,95545.15,14361
2024-12-02 10:00:00,95545.16,95565.06,94855.18,94999.04,12402
2024-12-02 11:00:00,94999.04,95383.32,94896.13,95181.54,13959
2024-12-02 12:00:00,95181.54,95458.22,94815.15,95012.8,12575
2024-12-02 13:00:00,95012.83,95866.4,94862.69,95745.11,15767
2024-12-02 14:00:00,95745.41,96942.71,95574.55,96442.15,17605
2024-12-02 15:00:00,96442.44,97354.19,95854.82,97160.73,18746
2024-12-02 16:00:00,97160.73,97493.38,96091.2,96269.45,18927
2024-12-02 17:00:00,96269.44,96668.28,94419.52,94653.42,18365
2024-12-02 18:00:00,94654.01,95918.32,94534.08,95714.96,15607
2024-12-02 19:00:00,95714.95,95925.28,95218.63,95871.07,15190
2024-12-02 20:00:00,95871.07,96410.67,95506.29,95734.11,14775
2024-12-02 21:00:00,95729.51,95802.3,95364.51,95435.52,12654
2024-12-02 22:00:00,95436.52,95565.68,95133.47,95399.5,10007
2024-12-02 23:00:00,95399.56,95927.08,95353.59,95895.9,13242
2024-12-03 00:00:00,95895.91,96193.93,95759.72,95886.78,13730
2024-12-03 01:00:00,95887.35,96002.19,95526.98,95601.51,14447
2024-12-03 02:00:00,95601.51,96383.55,95468.81,96130.14,13151
2024-12-03 03:00:00,96130.3,96294.35,95978.95,96162.87,10668
2024-12-03 04:00:00,96162.87,96319.69,95975.44,95996.48,10453
2024-12-03 05:00:00,95996.48,96265.74,95924.33,96239.84,10245
2024-12-03 06:00:00,96239.51,96355.31,95622.05,95731.04,11349
2024-12-03 07:00:00,95727.13,95805.84,95319.9,95594.02,13969
2024-12-03 08:00:00,95594.25,95728.55,95341.81,95569.91,10624
2024-12-03 09:00:00,95570.14,95590.13,95195.02,95298.61,9430
2024-12-03 10:00:00,95298.55,95525.09,94680.41,94736.13,9916
2024-12-03 11:00:00,94736.14,95081.56,94648.87,95031.72,12732
2024-12-03 12:00:00,95031.31,95042.75,94718.77,94858.32,10212
2024-12-03 13:00:00,94858.32,94920.18,93686.88,93754.52,16741
2024-12-03 14:00:00,93754.51,95497.72,93573.91,95306.27,23356
2024-12-03 15:00:00,95303.47,96382.37,95179.52,95798.51,21224
2024-12-03 16:00:00,95798.51,96289.71,94958.85,95199.98,17417
2024-12-03 17:00:00,95199.49,95993.32,94949.01,95912.54,16899
2024-12-03 18:00:00,95912.41,95912.41,95337.62,95546.17,14369
2024-12-03 19:00:00,95546.13,95573.44,94995.82,95503.74,12942
2024-12-03 20:00:00,95503.74,95775.57,95344.74,95710.6,13533
2024-12-03 21:00:00,95710.6,96260.45,95648.57,96148.01,13125
2024-12-03 22:00:00,96148.01,96280.83,95808.53,96260.32,11737
2024-12-03 23:00:00,96260.32,96281.59,95941.46,95998.34,10918
2024-12-04 00:00:00,95998.34,96168.3,95685.11,95855.44,12796
2024-12-04 01:00:00,95855.44,96779.56,95589.57,96363.18,14475
2024-12-04 02:00:00,96363.18,96372.0,95324.07,95901.02,13668
2024-12-04 03:00:00,95901.02,96027.52,95704.36,95903.3,10329
2024-12-04 04:00:00,95903.3,96156.78,95834.12,96151.05,9645
2024-12-04 05:00:00,96151.13,96650.07,96145.93,96640.12,9262
2024-12-04 06:00:00,96640.11,96874.76,96433.71,96672.88,11718
2024-12-04 07:00:00,96672.88,96847.87,96537.14,96724.03,11295
2024-12-04 08:00:00,96724.03,96946.74,96628.73,96793.96,11715
2024-12-04 09:00:00,96793.96,97070.3,96763.33,96910.72,11954
2024-12-04 10:00:00,96910.78,96937.47,96542.14,96636.7,11044
2024-12-04 11:00:00,96636.7,96643.79,96286.6,96317.25,9357
2024-12-04 12:00:00,96317.25,96393.0,95770.4,96086.97,12234
2024-12-04 13:00:00,96086.96,96131.87,95419.72,95755.36,13948
2024-12-04 14:00:00,95755.29,96673.91,95549.22,95938.59,16901
2024-12-04 15:00:00,95938.59,96532.56,95523.18,95886.14,18098
2024-12-04 16:00:00,95886.14,95959.23,94685.96,94929.92,18105
2024-12-04 17:00:00,94925.12,95669.59,94766.48,95643.51,16958
2024-12-04 18:00:00,95643.51,96405.53,95545.66,96289.14,15751
2024-12-04 19:00:00,96288.68,97400.03,96213.26,97373.8,13116
2024-12-04 20:00:00,97373.79,99187.82,97285.51,98912.24,20309
2024-12-04 21:00:00,98906.85,99073.29,97578.64,97847.85,18506
2024-12-04 22:00:00,97847.85,98720.49,97685.41,98300.82,12655
2024-12-04 23:00:00,98300.82,99122.61,98290.62,98688.94,13940
2024-12-05 00:00:00,98688.94,98896.67,98328.37,98408.03,15962
2024-12-05 01:00:00,98401.64,98757.86,98008.99,98290.72,16806
2024-12-05 02:00:00,98290.72,102346.78,98241.94,101262.17,25907
2024-12-05 03:00:00,101266.97,104320.4,101266.97,102957.4,32431
2024-12-05 04:00:00,102957.4,103573.07,102512.56,103360.4,18502
2024-12-05 05:00:00,103360.4,103534.41,101865.99,102523.95,16335
2024-12-05 06:00:00,102523.8,102740.78,101483.74,101942.2,15991
2024-12-05 07:00:00,101942.06,102610.25,101352.65,102308.81,14545
2024-12-05 08:00:00,102308.81,103007.93,102303.72,102869.92,15825
2024-12-05 09:00:00,102869.93,103263.99,102640.09,102766.57,15683
2024-12-05 10:00:00,102766.57,102989.31,102293.49,102317.68,13105
2024-12-05 11:00:00,102317.68,102737.96,102289.67,102622.1,11822
2024-12-05 12:00:00,102622.1,103412.52,102497.29,102932.37,14287
2024-12-05 13:00:00,102932.32,103375.08,102757.84,102876.66,15251
2024-12-05 14:00:00,102876.65,103666.58,102349.51,103609.6,18704
2024-12-05 15:00:00,103609.6,103633.27,100977.66,101371.31,22880
2024-12-05 16:00:00,101371.31,102065.73,100626.36,101090.66,18847
2024-12-05 17:00:00,101095.55,101386.67,100569.51,101309.57,17495
2024-12-05 18:00:00,101309.57,101520.8,100151.54,100163.02,17330
2024-12-05 19:00:00,100163.02,100890.18,98569.37,98972.48,19287
2024-12-05 20:00:00,98972.48,99372.73,97845.89,99060.71,23587
2024-12-05 21:00:00,99060.72,99492.19,98830.17,98917.74,13912
2024-12-05 22:00:00,98917.79,99059.41,90806.09,96753.04,27125
2024-12-05 23:00:00,96753.04,97593.15,95486.08,96986.04,25518
2024-12-06 00:00:00,96986.04,97742.13,96406.55,97543.69,20065
2024-12-06 01:00:00,97543.63,98789.36,97095.86,98105.08,17039
2024-12-06 02:00:00,98104.57,98150.72,97430.23,97558.32,15109
2024-12-06 03:00:00,97558.31,97741.51,97157.07,97714.83,15551
2024-12-06 04:00:00,97714.83,97989.51,97354.08,97879.05,12841
2024-12-06 05:00:00,97878.78,98297.08,97644.42,97874.95,11155
2024-12-06 06:00:00,97874.95,98278.4,97767.14,98115.78,11398
2024-12-06 07:00:00,98115.78,98327.68,97789.49,98183.52,10188
2024-12-06 08:00:00,98183.52,98761.41,98050.02,98403.27,12374
2024-12-06 09:00:00,98403.1,98504.55,97986.39,98065.36,13460
2024-12-06 10:00:00,98065.35,98264.49,97699.45,98188.33,13234
2024-12-06 11:00:00,98188.34,98401.26,97868.02,98126.78,12873
2024-12-06 12:00:00,98126.78,98464.74,97549.24,97684.84,12512
2024-12-06 13:00:00,97684.84,98995.02,97552.57,98682.1,19134
2024-12-06 14:00:00,98682.1,99612.16,98433.34,99598.94,20003
2024-12-06 15:00:00,99598.94,99644.01,98680.71,99463.65,18758
2024-12-06 16:00:00,99463.65,99689.55,98914.98,99134.56,16428
2024-12-06 17:00:00,99135.53,101429.12,99011.49,100978.57,17605
2024-12-06 18:00:00,100978.57,101876.35,100731.27,101490.63,17979
2024-12-06 19:00:00,101490.63,101936.56,101295.83,101576.01,13391
2024-12-06 20:00:00,101576.02,102019.66,101180.88,101496.29,13290
2024-12-06 21:00:00,101496.25,101586.68,100415.73,100472.78,13703
2024-12-06 22:00:00,100472.78,100794.8,100426.07,100587.89,8951
2024-12-06 23:00:00,100587.89,100658.47,99120.36,99828.04,14297
2024-12-07 00:00:00,99827.87,100529.53,99627.38,100394.02,13694
2024-12-07 01:00:00,100396.62,100563.85,99961.04,100175.27,13291
2024-12-07 02:00:00,100175.28,100306.34,99987.77,100081.87,12015
2024-12-07 03:00:00,100081.87,100090.7,99426.3,99522.04,14399
2024-12-07 04:00:00,99522.05,99849.29,99300.84,99647.83,17424
2024-12-07 05:00:00,99644.92,99768.12,98930.72,99256.61,11515
2024-12-07 06:00:00,99256.61,99494.82,99163.12,99443.44,11105
2024-12-07 07:00:00,99443.5,99611.9,99204.99,99493.22,11134
2024-12-07 08:00:00,99493.23,99690.63,99374.24,99538.04,10530
2024-12-07 09:00:00,99539.02,99960.93,99533.07,99775.02,11119
2024-12-07 10:00:00,99775.02,99826.24,99512.77,99618.52,10885
2024-12-07 11:00:00,99618.53,99852.26,99505.18,99706.75,12000
2024-12-07 12:00:00,99705.37,99816.29,99468.08,99530.79,9686
2024-12-07 13:00:00,99531.41,99623.67,99388.1,99431.31,10063
2024-12-07 14:00:00,99431.31,99887.35,99105.92,99563.26,11521
2024-12-07 15:00:00,99563.25,99909.83,99416.7,99826.31,11224
2024-12-07 16:00:00,99826.31,99883.75,99556.61,99717.51,9860
2024-12-07 17:00:00,99717.51,99804.73,99528.95,99710.49,8342
2024-12-07 18:00:00,99710.49,100362.42,99661.79,100213.5,9366
2024-12-07 19:00:00,100213.49,100367.04,100012.34,100183.81,9928
2024-12-07 20:00:00,100183.81,100478.56,100177.59,100414.45,7797
2024-12-07 21:00:00,100413.64,100542.1,99793.78,99945.43,11620
2024-12-07 22:00:00,99945.45,100132.93,99652.26,99659.48,9030
2024-12-07 23:00:00,99659.48,100348.97,99658.74,99902.45,8403
2024-12-08 00:00:00,99901.97,100049.97,99686.05,100043.48,10660
2024-12-08 01:00:00,100043.48,100233.0,99771.99,99924.14,11160
2024-12-08 02:00:00,99925.7,100444.35,99811.8,100255.67,9945
2024-12-08 03:00:00,100255.67,100366.48,99982.57,100010.2,8093
2024-12-08 04:00:00,100007.77,100110.02,99757.25,99822.62,9317
2024-12-08 05:00:00,99822.62,99854.03,99396.98,99578.72,8528
2024-12-08 06:00:00,99578.72,99871.29,99372.63,99741.17,8063
2024-12-08 07:00:00,99741.18,99921.21,99674.15,99730.29,9322
2024-12-08 08:00:00,99730.29,99756.1,98944.11,98988.57,9586
2024-12-08 09:00:00,98988.57,99322.25,98670.83,98899.09,11412
2024-12-08 10:00:00,98899.26,99452.71,98890.07,99301.69,12031
2024-12-08 11:00:00,99301.69,99907.79,99177.54,99765.08,9382
2024-12-08 12:00:00,99765.07,100286.01,99515.89,99992.51,11688
2024-12-08 13:00:00,99998.4,100587.79,99863.21,100467.34,11591
2024-12-08 14:00:00,100467.34,100492.38,99777.99,99787.09,12120
2024-12-08 15:00:00,99787.09,100011.24,99381.18,99948.42,12867
2024-12-08 16:00:00,99948.42,100193.35,99777.86,99869.17,13135
2024-12-08 17:00:00,99869.33,100070.94,99659.45,99998.16,10529
2024-12-08 18:00:00,99998.16,100075.3,99604.36,99712.52,10135
2024-12-08 19:00:00,99712.51,100236.13,99502.39,100150.25,9074
2024-12-08 20:00:00,100150.25,100211.72,99833.25,99846.49,11013
2024-12-08 21:00:00,99846.49,100132.04,99775.14,100104.89,8698
2024-12-08 22:00:00,100099.9,100375.68,99944.99,100306.64,8570
2024-12-08 23:00:00,100306.64,100832.81,100174.09,100650.39,7610
2024-12-09 02:00:00,99355.41,99401.51,99048.8,99235.55,3245
2024-12-09 03:00:00,99235.54,99404.85,98492.38,99133.1,12105
2024-12-09 04:00:00,99133.1,99548.67,98831.75,99511.44,10771
2024-12-09 05:00:00,99511.44,99645.6,99391.01,99519.55,11333
2024-12-09 06:00:00,99519.95,99568.69,98917.49,99107.69,12387
2024-12-09 07:00:00,99107.54,99788.24,98362.58,99625.28,15136
2024-12-09 08:00:00,99625.28,99751.69,98824.16,98941.06,15752
2024-12-09 09:00:00,98941.05,99131.23,98374.12,98385.14,14508
2024-12-09 10:00:00,98385.13,98753.47,98224.71,98691.19,14112
2024-12-09 11:00:00,98691.52,98694.41,98016.03,98061.77,13459
2024-12-09 12:00:00,98061.76,98624.11,97906.0,98580.6,15234
2024-12-09 13:00:00,98580.6,99264.58,98225.9,99044.65,15869
2024-12-09 14:00:00,99044.65,100481.64,98900.07,100214.67,15955
2024-12-09 15:00:00,100215.26,100494.53,97469.56,97753.89,23073
2024-12-09 16:00:00,97754.09,98363.67,97417.98,97828.18,17753
2024-12-09 17:00:00,97828.18,98239.94,97275.89,97306.69,14772
2024-12-09 18:00:00,97305.79,98242.54,97305.34,97806.59,15415
2024-12-09 19:00:00,97806.59,97806.59,96898.48,96999.26,15847
2024-12-09 20:00:00,96999.26,97253.8,96039.86,96186.19,18398
2024-12-09 21:00:00,96186.0,97589.46,93998.84,96938.06,26865
2024-12-09 22:00:00,96938.06,97418.94,94846.38,97021.37,21964
2024-12-09 23:00:00,97021.38,97577.47,96747.62,97357.97,15183
2024-12-10 00:00:00,97359.59,98211.98,97048.24,97929.98,16739
2024-12-10 01:00:00,97929.98,98135.41,97539.54,98022.76,13794
2024-12-10 02:00:00,98022.76,98035.78,96651.47,96711.94,15695
2024-12-10 03:00:00,96711.2,96991.88,95591.71,96962.56,20655
2024-12-10 04:00:00,96963.42,97166.16,95924.06,97067.9,16398
2024-12-10 05:00:00,97067.9,97093.35,96556.5,96985.33,12585
2024-12-10 06:00:00,96985.33,97544.94,96844.9,97484.65,13201
2024-12-10 07:00:00,97484.52,97523.91,96924.42,97204.46,11397
2024-12-10 08:00:00,97204.46,97577.69,96943.72,97419.3,13361
2024-12-10 09:00:00,97419.3,97728.77,97256.01,97516.2,13686
2024-12-10 10:00:00,97516.2,97923.94,97516.18,97745.04,12699
2024-12-10 11:00:00,97745.04,97970.3,97479.06,97772.54,12469
2024-12-10 12:00:00,97772.55,97888.95,96872.81,97165.24,16113
2024-12-10 13:00:00,97165.24,97969.13,97126.05,97776.05,17084
2024-12-10 14:00:00,97774.22,98348.12,97191.85,97870.68,20956
2024-12-10 15:00:00,97871.15,98179.0,95612.57,95654.41,23630
2024-12-10 16:00:00,95654.41,96519.46,94511.21,96328.9,25662
2024-12-10 17:00:00,96329.35,96417.68,94352.59,94465.38,24291
2024-12-10 18:00:00,94465.38,95509.67,94210.5,95125.23,20223
2024-12-10 19:00:00,95125.23,96194.35,94964.23,95869.25,16149
2024-12-10 20:00:00,95869.51,96761.26,95625.25,96485.02,16280
2024-12-10 21:00:00,96486.51,97298.87,96441.83,96922.09,14681
2024-12-10 22:00:00,96929.61,97162.36,96650.22,96906.36,11150
2024-12-10 23:00:00,96906.65,97197.27,96481.3,96651.04,12120
2024-12-11 00:00:00,96651.03,96908.32,95841.32,96453.04,17340
2024-12-11 01:00:00,96453.04,96687.84,95682.41,95794.33,17563
2024-12-11 02:00:00,95794.33,97523.79,95709.76,97275.17,16829
2024-12-11 03:00:00,97269.69,97700.71,97181.68,97449.49,14349
2024-12-11 04:00:00,97449.16,97658.63,97225.42,97587.41,12620
2024-12-11 05:00:00,97587.41,97745.65,97349.81,97563.59,12198
2024-12-11 06:00:00,97563.58,97824.52,97452.72,97743.36,10295
2024-12-11 07:00:00,97743.36,97858.74,97301.13,97389.4,12054
2024-12-11 08:00:00,97389.41,98571.94,97358.59,98180.23,14362
2024-12-11 09:00:00,98180.21,98247.36,97773.76,98025.24,13836
2024-12-11 10:00:00,98025.24,98323.15,97881.06,98221.52,14845
2024-12-11 11:00:00,98221.3,98520.35,98159.6,98369.72,13992
2024-12-11 12:00:00,98369.72,98588.73,98238.94,98312.86,12818
2024-12-11 13:00:00,98312.44,98954.69,98137.18,98815.88,17501
2024-12-11 14:00:00,98815.88,99675.1,98424.78,99627.46,16065
2024-12-11 15:00:00,99627.46,100924.83,99516.99,100425.96,21098
2024-12-11 16:00:00,100426.38,101167.29,100363.86,100642.17,17719
2024-12-11 17:00:00,100641.72,101037.72,99690.29,99831.63,15627
2024-12-11 18:00:00,99831.54,100849.72,99650.88,100459.04,17155
2024-12-11 19:00:00,100459.04,101251.34,100451.43,101215.07,13678
2024-12-11 20:00:00,101215.07,101774.73,101113.21,101372.55,14841
2024-12-11 21:00:00,101372.55,101590.95,100924.73,101569.47,13694
2024-12-11 22:00:00,101569.47,101953.4,101212.96,101246.07,11406
2024-12-11 23:00:00,101246.07,101523.62,101095.28,101163.64,11865
2024-12-12 00:00:00,101168.2,101240.82,100580.5,100800.02,12613
2024-12-12 01:00:00,100800.02,100898.19,100350.74,100533.41,12517
2024-12-12 02:00:00,100533.42,101876.08,100533.42,101868.76,13700
2024-12-12 03:00:00,101868.96,101881.45,100819.55,101063.47,14850
2024-12-12 04:00:00,101064.25,101221.36,100587.41,100697.72,11694
2024-12-12 05:00:00,100697.72,101111.63,100610.98,100623.76,11881
2024-12-12 06:00:00,100623.76,100720.18,100395.18,100566.29,11514
2024-12-12 07:00:00,100566.96,100819.16,100479.46,100487.79,10470
2024-12-12 08:00:00,100487.79,101053.74,100447.13,100989.71,11234
2024-12-12 09:00:00,100989.71,101142.79,100807.77,100817.7,11701
2024-12-12 10:00:00,100817.7,100820.21,100462.28,100575.11,10050
2024-12-12 11:00:00,100575.11,100625.99,100128.62,100321.38,12806
2024-12-12 12:00:00,100321.38,100957.27,100320.53,100837.2,12379
2024-12-12 13:00:00,100845.09,101554.46,100547.76,100909.02,17212
2024-12-12 14:00:00,100911.02,101722.02,100615.96,101695.15,18182
2024-12-12 15:00:00,101705.13,101879.85,100721.99,101793.14,16878
2024-12-12 16:00:00,101793.14,102537.43,101430.09,101437.19,18572
2024-12-12 17:00:00,101437.18,101677.9,101187.88,101586.15,14435
2024-12-12 18:00:00,101586.16,101659.61,100784.65,100811.84,12065
2024-12-12 19:00:00,100811.84,101017.91,99225.29,99422.28,18505
2024-12-12 20:00:00,99422.28,100411.95,99399.62,100007.69,16477
2024-12-12 21:00:00,100007.55,100092.46,99682.66,99756.42,12111
2024-12-12 22:00:00,99756.42,100493.22,99496.54,100448.05,12588
2024-12-12 23:00:00,100448.06,100483.31,99878.92,99989.03,11570
2024-12-13 00:00:00,99989.37,100349.51,99922.08,100075.87,11934
2024-12-13 01:00:00,100075.86,100129.45,99185.3,99323.92,11897
2024-12-13 02:00:00,99323.92,99692.85,99211.52,99490.77,12815
2024-12-13 03:00:00,99490.77,99816.66,99485.25,99748.64,11274
2024-12-13 04:00:00,99748.64,100085.59,99667.26,100014.77,9908
2024-12-13 05:00:00,100014.77,100195.15,99845.59,99883.65,10333
2024-12-13 06:00:00,99883.65,100087.58,99688.77,99694.32,11270
2024-12-13 07:00:00,99694.19,100246.96,99484.12,100144.87,11900
2024-12-13 08:00:00,100144.87,100363.11,99913.54,100263.68,11663
2024-12-13 09:00:00,100263.59,100321.99,99871.39,100078.95,11787
2024-12-13 10:00:00,100078.96,100554.5,99885.47,100443.31,11394
2024-12-13 11:00:00,100443.31,100782.13,100281.31,100324.62,11992
2024-12-13 12:00:00,100324.62,100445.76,100100.13,100257.79,10833
2024-12-13 13:00:00,100257.79,100496.61,99896.22,100269.76,12213
2024-12-13 14:00:00,100269.76,101038.14,100186.87,101034.4,14738
2024-12-13 15:00:00,101035.32,101432.47,99711.97,99897.55,17930
2024-12-13 16:00:00,99891.93,101286.02,99792.68,100989.66,16704
2024-12-13 17:00:00,100984.53,101791.86,100770.03,101733.94,14268
2024-12-13 18:00:00,101724.75,101919.04,101278.31,101490.98,14335
2024-12-13 19:00:00,101491.74,101607.84,101179.77,101451.63,11912
2024-12-13 20:00:00,101451.64,101875.58,101188.72,101678.87,10811
2024-12-13 21:00:00,101678.86,101694.01,101247.1,101303.06,9697
2024-12-13 22:00:00,101303.06,101395.65,101065.55,101223.19,10123
2024-12-13 23:00:00,101223.19,101494.73,101096.71,101385.87,10576
2024-12-14 00:00:00,101388.53,101497.92,101117.12,101260.87,11155
2024-12-14 01:00:00,101260.87,102622.73,101260.86,102093.34,15605
2024-12-14 02:00:00,102095.97,102268.75,101618.0,101996.28,12725
2024-12-14 03:00:00,101996.56,102331.13,101988.15,102044.74,10859
2024-12-14 04:00:00,102044.74,102114.29,101555.14,101646.73,11154
2024-12-14 05:00:00,101649.09,101809.01,101597.76,101700.15,12853
2024-12-14 06:00:00,101700.15,101974.72,101656.38,101873.08,8001
2024-12-14 07:00:00,101873.08,101893.71,101577.87,101793.18,3998
2024-12-14 08:00:00,101793.17,101845.61,101543.92,101761.23,5132
2024-12-14 09:00:00,101761.23,101761.3,101446.16,101508.48,3841
2024-12-14 10:00:00,101508.48,101553.58,101277.74,101508.02,4453
2024-12-14 11:00:00,101508.02,101664.26,101419.86,101537.7,4318
2024-12-14 12:00:00,101537.69,101608.54,101176.94,101255.74,10435
2024-12-14 13:00:00,101255.75,101374.63,100758.91,101141.3,12776
2024-12-14 14:00:00,101141.27,101518.22,101129.63,101405.62,10905
2024-12-14 15:00:00,101405.62,101738.53,101313.53,101597.33,11687
2024-12-14 16:00:00,101597.33,101630.24,101397.8,101617.35,11661
2024-12-14 17:00:00,101617.36,101715.68,100817.7,100947.34,11024
2024-12-14 18:00:00,100947.34,101147.31,100784.43,100856.86,11215
2024-12-14 19:00:00,100856.86,101326.98,100827.11,101311.55,10404
2024-12-14 20:00:00,101311.55,101406.38,100545.07,100713.18,10330
2024-12-14 21:00:00,100713.19,101164.19,100713.19,101045.47,8542
2024-12-14 22:00:00,101045.46,101244.14,100852.04,101093.91,9061
2024-12-14 23:00:00,101096.47,101469.38,101017.18,101396.02,9479
2024-12-15 00:00:00,101396.0,101559.63,101213.18,101416.87,10228
2024-12-15 01:00:00,101416.87,102148.69,101391.63,102051.55,9398
2024-12-15 02:00:00,102050.75,102095.74,101705.51,101755.61,11034
2024-12-15 03:00:00,101755.61,101867.17,101652.17,101680.51,11445
2024-12-15 04:00:00,101680.51,102806.43,101680.51,102285.98,12120
2024-12-15 05:00:00,102285.98,102442.81,102021.61,102079.04,10188
2024-12-15 06:00:00,102079.04,102090.86,101686.33,101694.72,8257
2024-12-15 07:00:00,101694.71,101896.57,101472.23,101672.62,11055
2024-12-15 08:00:00,101672.62,101974.15,101530.94,101964.34,11402
2024-12-15 09:00:00,101963.2,102217.26,101858.26,102183.9,9503
2024-12-15 10:00:00,102183.9,102396.47,102076.31,102216.52,10087
2024-12-15 11:00:00,102215.68,102655.62,102165.5,102601.51,9217
2024-12-15 12:00:00,102601.52,103292.61,102468.9,102874.42,13335
2024-12-15 13:00:00,102875.33,102918.9,102384.32,102700.42,13052
2024-12-15 14:00:00,102695.08,102995.94,102570.14,102910.22,11795
2024-12-15 15:00:00,102910.22,102983.42,102615.15,102633.23,11217
2024-12-15 16:00:00,102633.23,103441.61,102515.14,103038.82,11693
2024-12-15 17:00:00,103038.89,103294.66,102887.01,103083.58,10659
2024-12-15 18:00:00,103083.58,103310.86,102911.52,103119.81,8294
2024-12-15 19:00:00,103119.81,103391.65,103099.79,103181.08,8083
2024-12-15 20:00:00,103181.31,103341.81,102986.79,103072.31,7941
2024-12-15 21:00:00,103072.57,103128.59,102567.49,102795.76,10110
2024-12-15 22:00:00,102795.77,103345.27,102554.42,103206.68,10337
2024-12-15 23:00:00,103206.68,105295.33,103171.06,104397.81,18832
2024-12-16 00:00:00,104396.9,106590.52,104251.16,105372.04,18284
2024-12-16 01:00:00,105372.64,105466.07,104891.69,105439.35,12836
2024-12-16 02:00:00,105443.05,105562.89,104354.22,104492.69,13413
2024-12-16 03:00:00,104490.67,104909.08,104174.39,104482.83,13229
2024-12-16 04:00:00,104485.19,104721.72,104368.32,104598.23,11646
2024-12-16 05:00:00,104598.24,105022.5,104399.39,104975.94,11201
2024-12-16 06:00:00,104975.94,105319.68,104888.27,105097.09,10875
2024-12-16 07:00:00,105097.09,105364.35,104811.86,104916.42,10603
2024-12-16 08:00:00,104916.42,104957.6,104395.71,104428.32,11010
2024-12-16 09:00:00,104428.32,104842.26,104373.14,104584.74,11966
2024-12-16 10:00:00,104584.74,104630.36,104221.04,104576.88,11139
2024-12-16 11:00:00,104576.88,104735.29,103503.92,103620.51,12430
2024-12-16 12:00:00,103620.5,104013.98,103164.47,103487.8,13882
2024-12-16 13:00:00,103487.8,104022.81,103322.76,103772.3,15866
2024-12-16 14:00:00,103772.3,105914.94,103743.98,105390.6,17531
2024-12-16 15:00:00,105391.0,106438.78,105142.1,106270.34,18495
2024-12-16 16:00:00,106270.54,107129.46,106084.92,106747.45,17307
2024-12-16 17:00:00,106747.6,107151.63,106628.76,107030.2,13516
2024-12-16 18:00:00,107030.2,107778.4,106844.47,107035.85,14359
2024-12-16 19:00:00,107035.85,107057.95,105742.77,106535.44,17330
2024-12-16 20:00:00,106535.44,106612.78,105727.35,105762.69,13397
2024-12-16 21:00:00,105761.12,106206.74,105613.74,105983.73,11653
2024-12-16 22:00:00,105983.48,106233.03,105646.0,105766.44,10158
2024-12-16 23:00:00,105766.44,106008.99,105402.06,106004.95,10977
2024-12-17 00:00:00,106004.95,106178.6,105598.64,105797.25,13028
2024-12-17 01:00:00,105797.25,106394.54,105687.01,106295.03,12371
2024-12-17 02:00:00,106295.03,106542.73,106131.11,106212.06,9958
2024-12-17 03:00:00,106211.06,106971.46,106174.41,106808.69,10469
2024-12-17 04:00:00,106808.69,106824.96,106333.94,106421.59,9681
2024-12-17 05:00:00,106422.02,106774.91,106361.34,106752.51,11087
2024-12-17 06:00:00,106752.51,106789.68,106309.64,106476.38,11089
2024-12-17 07:00:00,106476.37,107082.85,106388.78,106752.09,11730
2024-12-17 08:00:00,106747.11,107450.22,106677.98,107317.09,11436
2024-12-17 09:00:00,107317.1,107398.24,107033.97,107233.03,12279
2024-12-17 10:00:00,107233.03,107265.89,106848.89,107129.37,11936
2024-12-17 11:00:00,107129.73,107265.45,106634.4,106749.85,11694
2024-12-17 12:00:00,106749.85,107128.66,106466.81,107066.62,11365
2024-12-17 13:00:00,107066.62,107582.52,106908.12,107226.05,14094
2024-12-17 14:00:00,107227.51,108321.01,106970.87,108180.1,16678
2024-12-17 15:00:00,108180.1,108180.1,105617.04,106385.59,22185
2024-12-17 16:00:00,106385.59,107023.83,106074.59,107013.94,16561
2024-12-17 17:00:00,107013.19,107559.41,106637.94,107431.28,14476
2024-12-17 18:00:00,107431.28,107579.59,106335.86,106483.04,13958
2024-12-17 19:00:00,106484.22,106909.54,106118.33,106389.62,14517
2024-12-17 20:00:00,106389.62,106847.55,106037.76,106652.62,13047
2024-12-17 21:00:00,106652.62,106769.74,106170.08,106321.8,10735
2024-12-17 22:00:00,106321.8,106343.8,105220.3,105848.5,11147
2024-12-17 23:00:00,105848.5,106265.2,105450.83,106051.54,13182
2024-12-18 00:00:00,106051.25,106403.35,105540.66,106032.0,12778
2024-12-18 01:00:00,106025.38,106466.0,104831.77,105246.96,14553
2024-12-18 02:00:00,105254.2,105575.73,104940.84,105238.97,13320
2024-12-18 03:00:00,105238.97,105255.68,104443.27,104640.72,12395
2024-12-18 04:00:00,104631.81,104632.36,103470.77,103790.8,14756
2024-12-18 05:00:00,103791.18,104062.83,103185.29,103493.68,12999
2024-12-18 06:00:00,103496.27,103938.52,103064.75,103734.29,14375
2024-12-18 07:00:00,103734.78,104217.26,103640.36,104156.28,15397
2024-12-18 08:00:00,104156.28,104297.69,103645.5,103731.05,12573
2024-12-18 09:00:00,103731.05,104349.04,103722.93,103955.26,12308
2024-12-18 10:00:00,103954.82,104575.77,103883.13,104473.71,11993
2024-12-18 11:00:00,104474.23,104993.72,104433.29,104967.34,12187
2024-12-18 12:00:00,104967.34,105332.88,104629.53,104872.82,13867
2024-12-18 13:00:00,104872.81,105216.18,104467.46,104548.45,14835
2024-12-18 14:00:00,104548.75,104807.65,103785.78,103941.7,18078
2024-12-18 15:00:00,103941.7,104475.22,103557.59,104331.32,18306
2024-12-18 16:00:00,104331.32,104374.59,103293.67,104084.83,15960
2024-12-18 17:00:00,104084.83,104737.19,103775.37,104566.6,14980
2024-12-18 18:00:00,104566.6,104923.41,104055.6,104702.75,16174
2024-12-18 19:00:00,104703.7,104722.37,102716.63,102723.19,25527
2024-12-18 20:00:00,102723.36,102896.11,100191.55,100719.04,35725
2024-12-18 21:00:00,100722.76,101599.93,100317.44,100888.38,21672
2024-12-18 22:00:00,100884.52,101423.66,100507.25,101036.49,14730
2024-12-18 23:00:00,101037.16,101081.46,99871.33,100076.17,17379
2024-12-19 00:00:00,100076.18,100864.12,99980.11,100711.14,17053
2024-12-19 01:00:00,100711.14,100790.96,99486.62,99638.8,15010
2024-12-19 02:00:00,99638.79,100410.01,98628.55,100409.45,23110
2024-12-19 03:00:00,100407.06,101240.68,100314.67,101108.44,17374
2024-12-19 04:00:00,101108.44,101178.22,100553.52,100600.24,12838
2024-12-19 05:00:00,100600.24,101369.15,100588.71,101265.03,13609
2024-12-19 06:00:00,101265.03,101357.99,100963.91,101156.62,13178
2024-12-19 07:00:00,101156.62,101717.84,101087.96,101633.4,12572
2024-12-19 08:00:00,101633.4,101845.74,101360.64,101642.35,11713
2024-12-19 09:00:00,101642.46,101881.82,101524.19,101784.86,11913
2024-12-19 10:00:00,101784.86,102590.25,101721.45,102384.22,14383
2024-12-19 11:00:00,102384.22,102493.12,102145.8,102412.16,11701
2024-12-19 12:00:00,102410.22,102538.02,101828.5,101963.82,14459
2024-12-19 13:00:00,101963.82,102167.85,101600.08,101899.67,15255
2024-12-19 14:00:00,101899.35,102739.86,100647.4,100912.44,20471
2024-12-19 15:00:00,100911.73,101023.44,99378.47,100570.99,26342
2024-12-19 16:00:00,100570.99,101135.64,99781.0,100679.75,21720
2024-12-19 17:00:00,100679.88,100709.44,97223.9,98642.62,28558
2024-12-19 18:00:00,98639.76,98735.97,96658.56,98707.92,29632
2024-12-19 19:00:00,98707.93,98865.86,96048.32,96980.45,24627
2024-12-19 20:00:00,96980.45,97093.59,95489.75,96199.33,28098
2024-12-19 21:00:00,96203.75,97880.35,95622.01,97206.02,21874
2024-12-19 22:00:00,97206.27,98217.77,97011.46,98177.92,16686
2024-12-19 23:00:00,98177.93,98189.15,97268.58,97283.6,15191
2024-12-20 00:00:00,97283.6,97640.8,96447.52,97052.4,20601
2024-12-20 01:00:00,97052.4,97350.33,95971.89,96143.16,18770
2024-12-20 02:00:00,96154.32,97521.37,95786.98,97424.22,18539
2024-12-20 03:00:00,97424.34,97606.0,96778.99,96932.91,15271
2024-12-20 04:00:00,96932.91,97658.82,96656.76,97124.51,15532
2024-12-20 05:00:00,97124.51,97314.92,96486.96,96572.34,13070
2024-12-20 06:00:00,96572.34,97134.82,96199.61,97116.22,16133
2024-12-20 07:00:00,97116.21,98052.33,97103.65,97613.98,17444
2024-12-20 08:00:00,97614.07,97658.45,95105.81,95292.87,20443
2024-12-20 09:00:00,95293.19,95542.25,94501.85,94630.78,21654
2024-12-20 10:00:00,94630.79,94932.35,93813.7,94214.05,23389
2024-12-20 11:00:00,94216.35,94512.43,92477.39,92583.89,27378
2024-12-20 12:00:00,92583.88,94142.15,92112.42,93834.84,27205
2024-12-20 13:00:00,93834.84,95743.76,93496.44,95150.31,24288
2024-12-20 14:00:00,95149.34,96129.82,94695.44,95568.27,24286
2024-12-20 15:00:00,95568.27,97499.48,95556.56,96900.74,24185
2024-12-20 16:00:00,96901.61,97609.13,96210.92,96643.01,22068
2024-12-20 17:00:00,96646.81,97337.09,96366.6,97177.31,19609
2024-12-20 18:00:00,97177.31,97273.23,96557.55,96959.25,17165
2024-12-20 19:00:00,96959.25,97694.57,96806.31,97085.58,16228
2024-12-20 20:00:00,97085.58,97193.93,96393.25,96431.31,15363
2024-12-20 21:00:00,96431.31,96623.84,95368.87,96591.18,18495
2024-12-20 22:00:00,96591.18,97452.5,96416.64,97394.97,12577
2024-12-20 23:00:00,97394.36,97761.88,97317.2,97738.04,12668
2024-12-21 00:00:00,97738.04,97759.24,97151.18,97478.77,14434
2024-12-21 01:00:00,97478.77,97621.68,97142.89,97309.74,13861
2024-12-21 02:00:00,97308.36,97583.66,97143.42,97354.8,12055
2024-12-21 03:00:00,97354.8,97442.35,97200.87,97439.81,10422
2024-12-21 04:00:00,97439.81,97575.8,97327.88,97526.04,10261
2024-12-21 05:00:00,97524.49,98637.77,97474.24,98637.77,13232
2024-12-21 06:00:00,98637.77,98778.8,98270.97,98654.33,13090
2024-12-21 07:00:00,98654.34,99479.74,98429.06,98997.38,14888
2024-12-21 08:00:00,98997.37,99144.04,98384.87,98576.67,14267
2024-12-21 09:00:00,98576.67,98610.45,98214.7,98481.93,13579
2024-12-21 10:00:00,98481.93,98585.23,97981.56,98073.3,14286
2024-12-21 11:00:00,98073.3,98364.36,97736.72,98206.98,12074
2024-12-21 12:00:00,98206.99,98235.38,97065.82,97107.04,10840
2024-12-21 13:00:00,97107.04,97457.06,96364.7,97320.08,20329
2024-12-21 14:00:00,97320.08,97746.41,97035.02,97061.25,17539
2024-12-21 15:00:00,97058.48,97695.8,97032.84,97489.14,15286
2024-12-21 16:00:00,97489.14,97686.76,96908.34,97255.14,16325
2024-12-21 17:00:00,97255.17,97663.05,96994.36,97556.9,13090
2024-12-21 18:00:00,97557.79,97696.24,97249.9,97370.42,11343
2024-12-21 19:00:00,97370.42,97420.24,96775.27,97210.61,13660
2024-12-21 20:00:00,97210.61,98022.23,97163.15,97379.35,13800
2024-12-21 21:00:00,97380.81,97497.59,96493.71,96842.69,13061
2024-12-21 22:00:00,96842.69,97361.13,96577.27,97094.71,12725
2024-12-21 23:00:00,97096.38,97271.62,96845.09,97238.41,12798
2024-12-22 00:00:00,97238.41,97409.39,97002.88,97179.56,11956
2024-12-22 01:00:00,97179.57,97383.01,96652.53,96994.63,11494
2024-12-22 02:00:00,96994.62,97194.49,96548.58,96657.75,11600
2024-12-22 03:00:00,96657.75,97261.95,96499.73,96946.15,13489
2024-12-22 04:00:00,96945.47,97040.59,96013.31,96014.42,11673
2024-12-22 05:00:00,96021.33,96366.26,95822.18,96117.75,14615
2024-12-22 06:00:00,96117.76,96703.49,96077.35,96690.65,11296
2024-12-22 07:00:00,96690.65,96802.14,96036.25,96172.6,11952
2024-12-22 08:00:00,96172.59,96642.78,96141.86,96495.38,13020
2024-12-22 09:00:00,96495.67,97200.54,96283.51,96877.53,12472
2024-12-22 10:00:00,96877.53,97291.39,96794.16,96952.86,12916
2024-12-22 11:00:00,96952.86,97301.04,96917.58,97069.26,12392
2024-12-22 12:00:00,97069.26,97251.87,96787.27,96926.66,13217
2024-12-22 13:00:00,96927.33,97196.2,96787.56,96921.52,11455
2024-12-22 14:00:00,96921.51,96994.28,95230.9,95308.13,16795
2024-12-22 15:00:00,95309.63,95594.43,95051.77,95312.83,16287
2024-12-22 16:00:00,95312.65,95830.35,95139.88,95679.39,14657
2024-12-22 17:00:00,95679.29,95828.32,95410.92,95601.54,12646
2024-12-22 18:00:00,95601.54,96435.81,95343.54,95917.04,13933
2024-12-22 19:00:00,95917.07,96123.84,94615.52,94762.06,14425
2024-12-22 20:00:00,94762.06,95568.18,94356.94,95524.42,14929
2024-12-22 21:00:00,95524.72,95686.68,95000.47,95129.47,13191
2024-12-22 22:00:00,95129.47,95568.8,94147.51,95474.53,14877
2024-12-22 23:00:00,95474.53,95759.42,94935.7,95097.12,14657
2024-12-23 00:00:00,95097.13,95346.98,94219.51,94285.89,16410
2024-12-23 01:00:00,94285.89,95018.63,93641.38,94381.65,18328
2024-12-23 02:00:00,94381.65,94677.03,93572.89,94620.06,19205
2024-12-23 03:00:00,94620.07,95970.64,94507.31,95945.03,16021
2024-12-23 04:00:00,95945.03,96456.67,95567.6,95759.76,14565
2024-12-23 05:00:00,95758.88,95895.12,95257.2,95541.94,14170
2024-12-23 06:00:00,95541.93,95584.34,94593.69,94747.76,13735
2024-12-23 07:00:00,94747.76,95527.02,94747.76,95332.14,15180
2024-12-23 08:00:00,95332.14,95501.88,94966.8,95431.11,13772
2024-12-23 09:00:00,95431.11,96098.89,95422.77,95966.17,14323
2024-12-23 10:00:00,95966.17,96391.16,95902.57,96321.55,13613
2024-12-23 11:00:00,96321.55,96484.95,95733.07,95841.93,13192
2024-12-23 12:00:00,95841.93,96320.8,95744.46,96218.75,14602
2024-12-23 13:00:00,96218.75,96268.64,94717.54,94822.75,15622
2024-12-23 14:00:00,94823.07,95517.13,93579.29,94275.47,20756
2024-12-23 15:00:00,94279.97,94328.41,92944.21,93102.47,20615
2024-12-23 16:00:00,93102.47,94147.35,92783.52,93847.74,17663
2024-12-23 17:00:00,93847.74,94021.5,93095.28,93254.38,17435
2024-12-23 18:00:00,93254.38,93640.37,92546.03,92618.12,14157
2024-12-23 19:00:00,92618.12,93577.55,92551.08,92918.79,14597
2024-12-23 20:00:00,92918.79,93387.46,92369.94,93073.86,16520
2024-12-23 21:00:00,93074.77,94191.9,93056.77,93859.64,16296
2024-12-23 22:00:00,93858.99,95111.31,93786.18,95111.31,13723
2024-12-23 23:00:00,95110.68,95453.89,94598.07,94798.48,15492
2024-12-24 00:00:00,94798.48,94798.52,94037.28,94443.87,16567
2024-12-24 01:00:00,94442.48,94583.47,93907.63,94006.48,13838
2024-12-24 02:00:00,94006.72,94208.23,93410.54,93830.47,13754
2024-12-24 03:00:00,93830.47,94282.68,93672.07,94239.57,14441
2024-12-24 04:00:00,94239.96,94309.21,93926.87,94305.84,12987
2024-12-24 05:00:00,94304.68,94581.87,94191.97,94507.52,12221
2024-12-24 06:00:00,94507.52,94520.19,93711.07,93799.3,12245
2024-12-24 07:00:00,93801.63,94176.86,93678.14,94089.9,11676
2024-12-24 08:00:00,94089.9,94525.05,93981.92,94379.75,13023
2024-12-24 09:00:00,94379.76,94424.27,93819.77,93938.44,12182
2024-12-24 10:00:00,93937.97,94064.71,93687.66,93836.31,11349
2024-12-24 11:00:00,93836.31,94324.8,93787.33,94275.23,10578
2024-12-24 12:00:00,94275.23,94297.19,93951.87,94178.81,11859
2024-12-24 13:00:00,94187.05,96039.32,94160.27,96018.89,14752
2024-12-24 14:00:00,96018.89,97454.59,95792.93,97399.08,18346
2024-12-24 15:00:00,97399.09,98299.43,97189.8,98264.81,17021
2024-12-24 16:00:00,98264.81,98741.86,97969.97,98494.65,17837
2024-12-24 17:00:00,98497.04,99089.59,98364.3,98815.32,17055
2024-12-24 18:00:00,98809.57,99544.91,98448.35,98638.74,16265
2024-12-24 19:00:00,98638.74,98761.21,97527.52,97573.41,15701
2024-12-24 20:00:00,97573.41,98035.2,97226.48,97251.99,16068
2024-12-24 21:00:00,97251.98,98438.53,97224.54,98379.85,14032
2024-12-24 22:00:00,98379.85,99094.34,98323.34,98743.93,12433
2024-12-24 23:00:00,98743.64,99002.53,98466.0,98624.51,12323
2024-12-25 00:00:00,98623.92,98813.93,98348.0,98375.96,13567
2024-12-25 01:00:00,98363.32,98529.97,97804.22,97897.99,12498
2024-12-25 02:00:00,97897.99,98270.08,97607.06,98046.84,12594
2024-12-25 03:00:00,98042.97,98201.11,97839.27,97956.27,11905
2024-12-25 04:00:00,97956.27,98287.47,97790.59,98160.04,12872
2024-12-25 05:00:00,98160.04,98293.23,98072.47,98202.76,11129
2024-12-25 06:00:00,98202.76,98497.06,97742.93,97799.27,11339
2024-12-25 07:00:00,97799.27,98273.53,97749.97,97991.47,12292
2024-12-25 08:00:00,97991.47,98166.49,97827.55,97977.2,11180
2024-12-25 09:00:00,97977.19,98167.05,97908.33,98075.18,9652
2024-12-25 10:00:00,98075.18,99268.42,98035.46,98364.49,15844
2024-12-25 11:00:00,98363.03,98798.7,97683.47,97841.2,14575
2024-12-25 12:00:00,97841.2,98589.67,97530.55,98100.31,17280
2024-12-25 13:00:00,98100.32,98554.9,98041.29,98392.47,13872
2024-12-25 14:00:00,98392.47,98773.76,98176.82,98640.1,12882
2024-12-25 15:00:00,98640.09,98677.29,98100.93,98449.6,13463
2024-12-25 16:00:00,98450.12,98632.05,98027.16,98307.73,12169
2024-12-25 17:00:00,98308.67,98559.39,98069.8,98456.67,11469
2024-12-25 18:00:00,98457.09,98904.76,98431.83,98671.05,11006
2024-12-25 19:00:00,98671.76,99235.76,98634.64,98972.99,11002
2024-12-25 20:00:00,98972.99,99381.65,98806.33,99069.71,10146
2024-12-25 21:00:00,99069.71,99524.73,98263.92,98409.75,12211
2024-12-25 22:00:00,98412.29,99015.6,98312.59,98739.36,10297
2024-12-25 23:00:00,98739.36,99522.35,98739.21,99366.73,10671
2024-12-26 00:00:00,99366.74,99931.99,98855.29,98956.25,13544
2024-12-26 01:00:00,98956.25,99185.9,98495.03,98999.58,11570
2024-12-26 02:00:00,98999.59,99141.09,98387.32,98650.4,12978
2024-12-26 03:00:00,98650.39,99068.67,98475.11,98917.98,11552
2024-12-26 04:00:00,98917.98,98919.05,98135.13,98183.56,10178
2024-12-26 05:00:00,98183.82,98329.25,97947.4,98227.44,12735
2024-12-26 06:00:00,98226.81,98348.8,97889.72,97947.65,10987
2024-12-26 07:00:00,97947.65,98149.79,97541.63,97573.4,12151
2024-12-26 08:00:00,97573.4,97626.24,95498.97,95787.18,18645
2024-12-26 09:00:00,95787.18,95886.89,95301.4,95314.72,12562
2024-12-26 10:00:00,95314.72,95655.13,95045.52,95377.42,12491
2024-12-26 11:00:00,95377.42,95926.41,95340.94,95595.2,12829
2024-12-26 12:00:00,95595.2,95762.82,95325.21,95555.39,13505
2024-12-26 13:00:00,95555.39,95647.53,95155.24,95577.32,13930
2024-12-26 14:00:00,95578.11,96175.42,95131.87,95347.94,18863
2024-12-26 15:00:00,95349.47,96105.68,95151.27,95959.99,18128
2024-12-26 16:00:00,95959.99,96566.97,95747.9,96452.77,15357
2024-12-26 17:00:00,96452.77,96500.12,95591.34,95730.56,14805
2024-12-26 18:00:00,95729.36,95879.03,95366.2,95625.07,13195
2024-12-26 19:00:00,95625.07,96117.91,95321.64,96009.04,11263
2024-12-26 20:00:00,96008.9,96031.99,95247.6,95457.36,13258
2024-12-26 21:00:00,95464.08,95818.41,95176.6,95695.34,10664
2024-12-26 22:00:00,95694.64,95859.54,95509.5,95712.01,9189
2024-12-26 23:00:00,95712.01,95777.56,95265.56,95672.93,9506
2024-12-27 00:00:00,95673.16,95817.17,95287.35,95661.31,10359
2024-12-27 01:00:00,95661.39,96137.21,95439.6,95800.36,10210
2024-12-27 02:00:00,95800.36,96339.92,95569.29,95932.7,11815
2024-12-27 03:00:00,95932.7,96344.83,95847.91,96304.6,10921
2024-12-27 04:00:00,96304.61,96485.02,96124.67,96207.52,12390
2024-12-27 05:00:00,96207.52,96243.17,95873.1,96133.13,11563
2024-12-27 06:00:00,96130.62,96528.66,96006.48,96513.41,10704
2024-12-27 07:00:00,96514.77,96522.97,94526.58,94986.86,15199
2024-12-27 08:00:00,94971.55,96297.69,94971.55,95600.62,15995
2024-12-27 09:00:00,95604.33,97429.49,95532.62,96684.73,19676
2024-12-27 10:00:00,96684.73,96922.04,96063.97,96506.99,14747
2024-12-27 11:00:00,96506.99,96854.42,96261.3,96843.64,14433
2024-12-27 12:00:00,96843.65,96948.67,96503.03,96587.21,13122
2024-12-27 13:00:00,96586.69,96586.69,96152.51,96334.84,14259
2024-12-27 14:00:00,96334.84,96403.84,95067.01,95553.99,18511
2024-12-27 15:00:00,95553.99,95600.58,93874.43,94416.81,20578
2024-12-27 16:00:00,94418.23,94856.16,93935.11,94024.14,16351
2024-12-27 17:00:00,94024.14,94195.49,93317.81,94143.87,20386
2024-12-27 18:00:00,94143.88,94653.61,94075.39,94441.76,16166
2024-12-27 19:00:00,94439.75,94692.4,94104.96,94629.27,14135
2024-12-27 20:00:00,94629.28,94664.53,94187.34,94457.38,12397
2024-12-27 21:00:00,94456.88,94716.79,94267.37,94412.8,11122
2024-12-27 22:00:00,94412.76,94552.6,94064.95,94306.44,9328
2024-12-27 23:00:00,94307.34,94398.39,93996.07,94172.19,9210
2024-12-28 00:00:00,94172.19,94418.79,94124.29,94279.5,8720
2024-12-28 01:00:00,94279.51,94490.68,94009.32,94408.01,9026
2024-12-28 02:00:00,94408.01,94513.36,94134.63,94203.51,9735
2024-12-28 03:00:00,94201.24,94599.72,94194.69,94451.44,8136
2024-12-28 04:00:00,94451.74,94519.3,94360.73,94406.02,10185
2024-12-28 05:00:00,94405.0,94671.4,94403.28,94493.58,8963
2024-12-28 06:00:00,94493.58,94578.1,94256.32,94327.17,8611
2024-12-28 07:00:00,94326.73,94495.73,94163.51,94245.97,7930
2024-12-28 08:00:00,94245.97,94401.98,94172.1,94362.67,10379
2024-12-28 09:00:00,94363.38,94568.76,94346.59,94459.52,7872
2024-12-28 10:00:00,94459.52,94594.06,94374.91,94508.14,8208
2024-12-28 11:00:00,94508.14,94771.56,94472.15,94626.47,10313
2024-12-28 12:00:00,94625.61,94759.66,94467.55,94479.1,11278
2024-12-28 13:00:00,94479.1,94646.46,94345.76,94531.35,9396
2024-12-28 14:00:00,94531.37,95223.51,94259.68,94446.07,12520
2024-12-28 15:00:00,94445.97,94672.76,94222.64,94303.06,10557
2024-12-28 16:00:00,94302.66,94793.11,94245.25,94726.58,10544
2024-12-28 17:00:00,94726.58,95092.25,94664.01,94899.38,11793
2024-12-28 18:00:00,94899.55,94976.99,94563.81,94701.45,10465
2024-12-28 19:00:00,94702.38,95006.54,94684.54,94894.0,9487
2024-12-28 20:00:00,94894.0,95023.88,94738.53,94936.51,8559
2024-12-28 21:00:00,94936.51,95101.16,94822.85,95033.97,8677
2024-12-28 22:00:00,95033.97,95601.47,94913.67,95194.93,9850
2024-12-28 23:00:00,95194.94,95291.99,94976.85,95186.57,9650
2024-12-29 00:00:00,95186.6,95227.66,94917.94,95041.44,9068
2024-12-29 01:00:00,95042.16,95107.36,94693.4,94741.15,8781
2024-12-29 02:00:00,94741.15,95110.74,94723.32,95046.03,9393
2024-12-29 03:00:00,95045.9,95108.09,94848.89,95067.09,9064
2024-12-29 04:00:00,95066.44,95192.22,94979.22,95034.04,11994
2024-12-29 05:00:00,95034.05,95102.77,94960.83,95020.66,9261
2024-12-29 06:00:00,95020.85,95117.96,94861.2,95089.09,6996
2024-12-29 07:00:00,95089.33,95175.19,94970.1,95165.47,7650
2024-12-29 08:00:00,95165.48,95230.11,94977.54,95034.88,6331
2024-12-29 09:00:00,95034.88,95126.02,94941.34,95082.69,7073
2024-12-29 10:00:00,95081.29,95187.1,95000.68,95074.36,7182
2024-12-29 11:00:00,95074.36,95093.07,94901.48,94930.09,6474
2024-12-29 12:00:00,94930.09,95040.23,94781.0,94793.25,8434
2024-12-29 13:00:00,94793.26,94907.09,94625.32,94812.15,10501
2024-12-29 14:00:00,94810.64,95102.63,93865.73,94497.32,13347
2024-12-29 15:00:00,94497.49,94668.74,94278.12,94394.05,13464
2024-12-29 16:00:00,94394.05,94463.45,93459.97,93790.96,11585
2024-12-29 17:00:00,93790.96,94005.82,93671.66,93842.89,12013
2024-12-29 18:00:00,93842.1,93852.39,93477.71,93555.81,10219
2024-12-29 19:00:00,93555.8,93760.28,93259.98,93478.08,9377
2024-12-29 20:00:00,93476.84,93762.93,93215.8,93727.43,9908
2024-12-29 21:00:00,93727.43,93830.34,93020.1,93234.52,11269
2024-12-29 22:00:00,93234.52,93647.96,92916.77,93032.42,10005
2024-12-29 23:00:00,93032.41,93763.03,92875.09,93627.63,11533
2024-12-30 00:00:00,93627.63,93802.43,93372.56,93460.22,13286
2024-12-30 01:00:00,93460.22,94142.72,93227.6,93767.85,14318
2024-12-30 02:00:00,93767.85,93797.25,93227.97,93709.27,10210
2024-12-30 03:00:00,93709.28,93897.06,93446.68,93520.62,9351
2024-12-30 04:00:00,93519.53,93766.36,93057.18,93069.33,10475
2024-12-30 05:00:00,93069.33,93384.83,93008.23,93373.31,9830
2024-12-30 06:00:00,93373.31,93877.02,93307.3,93692.59,11569
2024-12-30 07:00:00,93692.59,93751.01,93115.09,93526.56,11381
2024-12-30 08:00:00,93526.56,93796.6,93515.29,93643.45,10069
2024-12-30 09:00:00,93643.45,93859.25,93483.44,93705.61,11649
2024-12-30 10:00:00,93706.47,93911.35,93548.2,93605.31,10612
2024-12-30 11:00:00,93605.31,93796.88,93286.21,93752.65,10227
2024-12-30 12:00:00,93752.66,94102.4,93542.73,93598.68,13242
2024-12-30 13:00:00,93598.69,93666.21,92425.41,92505.19,12650
2024-12-30 14:00:00,92505.19,92961.27,91567.99,91650.74,22068
2024-12-30 15:00:00,91659.54,92235.93,91282.62,91896.51,22167
2024-12-30 16:00:00,91896.52,92028.53,91598.47,91922.31,16220
2024-12-30 17:00:00,91922.31,94082.53,91792.39,93685.73,18313
2024-12-30 18:00:00,93685.73,94605.14,93420.86,94506.62,18389
2024-12-30 19:00:00,94506.62,94535.41,93847.44,94329.87,14385
2024-12-30 20:00:00,94329.87,94949.07,94197.79,94251.37,14084
2024-12-30 21:00:00,94251.36,94294.8,91771.25,91950.7,17772
2024-12-30 22:00:00,91950.7,92918.65,91807.59,92692.78,15188
2024-12-30 23:00:00,92692.47,92784.42,92257.28,92670.27,13212
2024-12-31 00:00:00,92670.27,92797.57,92260.12,92355.64,12330
2024-12-31 01:00:00,92355.64,92467.89,91914.9,92323.68,11922
2024-12-31 02:00:00,92327.01,92628.28,92190.82,92372.91,11794
2024-12-31 03:00:00,92372.91,92556.09,92138.01,92409.0,10491
2024-12-31 04:00:00,92405.92,92733.89,92260.55,92379.73,10631
2024-12-31 05:00:00,92379.73,92689.19,92273.36,92530.16,9680
2024-12-31 06:00:00,92530.9,92975.65,92500.43,92757.21,11747
2024-12-31 07:00:00,92757.51,92867.02,92702.09,92806.49,11732
2024-12-31 08:00:00,92806.42,94698.37,92786.76,93852.23,16858
2024-12-31 09:00:00,93849.54,94090.92,93744.91,93946.94,15710
2024-12-31 10:00:00,93945.78,94172.86,93565.17,93994.41,13555
2024-12-31 11:00:00,93994.41,94184.84,93863.28,94103.33,11797
2024-12-31 12:00:00,94102.79,94826.16,94102.74,94423.18,13774
2024-12-31 13:00:00,94423.18,95964.26,94399.06,95512.27,16137
2024-12-31 14:00:00,95512.27,96200.73,95301.03,95614.96,17969
2024-12-31 15:00:00,95614.96,95911.67,94844.14,95333.03,18388
2024-12-31 16:00:00,95332.5,95508.22,94497.04,94727.18,17431
2024-12-31 17:00:00,94723.11,94907.78,93029.29,93987.68,16691
2024-12-31 18:00:00,93987.68,94292.03,93672.23,93787.29,17262
2024-12-31 19:00:00,93787.29,94183.69,93581.56,94053.43,12207
2024-12-31 20:00:00,94052.87,94127.84,93309.52,93439.86,11174
2024-12-31 21:00:00,93437.86,93854.0,93364.82,93795.14,9616
2024-12-31 22:00:00,93795.14,93795.14,93233.73,93360.48,8527
2024-12-31 23:00:00,93360.99,93633.72,93240.42,93440.45,9863
2025-01-01 00:00:00,93440.45,94358.9,93329.67,94277.21,12460
2025-01-01 01:00:00,94276.25,94276.25,93429.63,93476.51,9181
2025-01-01 02:00:00,93476.51,93969.83,93450.4,93956.03,9287
2025-01-01 03:00:00,93956.03,93961.72,93583.84,93704.93,8867
2025-01-01 04:00:00,93704.93,93704.93,93372.51,93411.94,7202
2025-01-01 05:00:00,93411.94,93786.69,93388.39,93645.59,10449
2025-01-01 06:00:00,93645.59,93645.73,93395.71,93611.93,9321
2025-01-01 07:00:00,93612.67,93666.3,93496.15,93543.86,9921
2025-01-01 08:00:00,93543.86,93622.78,93137.63,93289.58,10587
2025-01-01 09:00:00,93289.58,93354.93,92724.57,93269.24,10748
2025-01-01 10:00:00,93269.24,93412.81,93134.69,93200.5,10702
2025-01-01 11:00:00,93198.47,93577.63,93042.26,93313.85,11336
2025-01-01 12:00:00,93315.91,93847.18,93257.0,93688.28,11825
2025-01-01 13:00:00,93688.28,93944.91,93457.48,93897.56,11873
2025-01-01 14:00:00,93897.56,94341.16,93531.72,94061.8,14000
2025-01-01 15:00:00,94061.8,94401.17,93776.45,94315.11,11902
2025-01-01 16:00:00,94315.11,94383.87,93776.7,93947.83,12872
2025-01-01 17:00:00,93947.83,94066.31,93605.36,94010.51,11131
2025-01-01 18:00:00,94010.51,94242.3,93793.21,94183.56,10114
2025-01-01 19:00:00,94183.99,94677.68,93977.32,94472.33,11238
2025-01-01 20:00:00,94472.34,94754.48,94445.99,94681.21,10332
2025-01-01 21:00:00,94681.21,95077.71,94569.73,94868.07,9262
2025-01-01 22:00:00,94865.78,94898.16,94566.27,94659.96,9929
2025-01-01 23:00:00,94659.69,94831.2,94392.75,94449.47,10628
2025-01-02 00:00:00,94449.63,95263.64,94212.26,95014.0,15889
2025-01-02 01:00:00,95014.0,95422.47,94607.93,94747.33,13686
2025-01-02 02:00:00,94747.34,95128.67,94675.23,95118.63,11401
2025-01-02 03:00:00,95117.5,95196.34,94783.85,94882.39,9728
2025-01-02 04:00:00,94882.39,95935.98,94854.78,95629.4,12217
2025-01-02 05:00:00,95629.4,95706.51,95295.12,95507.25,11404
2025-01-02 06:00:00,95507.8,95620.45,95275.22,95493.23,11477
2025-01-02 07:00:00,95493.39,95853.84,95413.68,95783.65,10936
2025-01-02 08:00:00,95784.14,96171.77,95575.02,96081.28,10955
2025-01-02 09:00:00,96081.28,96761.05,95974.46,96680.76,12970
2025-01-02 10:00:00,96680.76,96754.04,96474.49,96652.21,13306
2025-01-02 11:00:00,96652.2,96836.35,96393.87,96671.31,11520
2025-01-02 12:00:00,96671.32,96851.36,96534.37,96799.88,11461
2025-01-02 13:00:00,96799.88,96954.69,96384.23,96406.85,12828
2025-01-02 14:00:00,96404.47,97401.53,95888.21,97200.56,21726
2025-01-02 15:00:00,97196.96,97268.56,96085.86,96391.24,20906
2025-01-02 16:00:00,96389.95,97609.61,95973.7,97160.49,17201
2025-01-02 17:00:00,97159.51,97549.62,96251.95,96676.66,17047
2025-01-02 18:00:00,96675.98,97251.8,96312.49,97201.79,16247
2025-01-02 19:00:00,97201.79,97678.93,97074.64,97228.8,13138
2025-01-02 20:00:00,97228.8,97757.52,97195.74,97224.0,12830
2025-01-02 21:00:00,97224.0,97281.02,96929.37,97100.88,10924
2025-01-02 22:00:00,97100.49,97101.6,96566.34,96792.75,9571
2025-01-02 23:00:00,96793.33,96988.14,96679.85,96885.76,8756
2025-01-03 00:00:00,96885.75,96969.35,96690.8,96746.54,10730
2025-01-03 01:00:00,96746.51,96916.82,96557.13,96886.58,11819
2025-01-03 02:00:00,96888.52,97257.56,96753.15,96878.95,11103
2025-01-03 03:00:00,96878.95,96994.48,96716.54,96952.96,9777
2025-01-03 04:00:00,96952.96,96952.96,96668.1,96731.68,11203
2025-01-03 05:00:00,96737.57,96791.15,96509.96,96685.32,11330
2025-01-03 06:00:00,96685.23,96839.17,96434.31,96467.39,11727
2025-01-03 07:00:00,96468.95,96586.45,96212.88,96267.08,12094
2025-01-03 08:00:00,96264.7,96480.77,96046.95,96091.07,12910
2025-01-03 09:00:00,96091.06,96637.18,96062.08,96472.7,12228
2025-01-03 10:00:00,96473.5,96585.49,96334.61,96412.23,11103
2025-01-03 11:00:00,96412.23,96757.54,96406.93,96651.2,13670
2025-01-03 12:00:00,96651.2,96751.76,96497.13,96536.57,18646
2025-01-03 13:00:00,96536.59,96749.67,96389.47,96458.49,16991
2025-01-03 14:00:00,96458.49,97293.36,96452.21,96963.64,15781
2025-01-03 15:00:00,96965.81,97634.88,96703.08,97476.43,15310
2025-01-03 16:00:00,97475.35,98275.02,97261.83,97451.74,26379
2025-01-03 17:00:00,97451.75,98242.44,97407.12,97970.2,15084
2025-01-03 18:00:00,97970.19,98657.68,97927.33,98466.77,11525
2025-01-03 19:00:00,98466.77,98947.68,98438.74,98544.44,12686
2025-01-03 20:00:00,98544.45,98704.95,98234.45,98277.44,12447
2025-01-03 21:00:00,98277.44,98353.7,98121.74,98198.73,10349
2025-01-03 22:00:00,98198.73,98458.18,98172.9,98232.95,9697
2025-01-03 23:00:00,98232.95,98304.3,97985.05,98105.15,10436
2025-01-04 00:00:00,98105.15,98207.54,97770.08,97870.15,10601
2025-01-04 01:00:00,97870.15,98022.67,97722.4,97949.82,12143
2025-01-04 02:00:00,97949.35,98241.55,97765.97,98235.32,11845
2025-01-04 03:00:00,98235.32,98235.33,97976.09,98136.11,8515
2025-01-04 04:00:00,98136.11,98141.85,97782.44,97927.86,10624
2025-01-04 05:00:00,97928.21,98145.01,97901.26,98065.93,8293
2025-01-04 06:00:00,98065.93,98169.41,97980.66,98078.53,10652
2025-01-04 07:00:00,98079.16,98290.17,98047.7,98232.15,9885
2025-01-04 08:00:00,98232.03,98277.69,97860.46,97879.42,9553
2025-01-04 09:00:00,97879.42,97956.7,97476.28,97645.79,10995
2025-01-04 10:00:00,97645.79,97813.26,97536.06,97734.13,11944
2025-01-04 11:00:00,97733.76,97867.7,97659.14,97827.07,11097
2025-01-04 12:00:00,97827.07,97962.65,97748.12,97828.72,13686
2025-01-04 13:00:00,97828.73,98022.66,97685.34,97918.85,12306
2025-01-04 14:00:00,97915.77,98054.71,97770.85,98002.85,9712
2025-01-04 15:00:00,98002.85,98132.88,97486.94,97630.5,12751
2025-01-04 16:00:00,97630.5,97820.21,97535.92,97675.13,10940
2025-01-04 17:00:00,97674.54,98028.06,97634.73,97987.93,9485
2025-01-04 18:00:00,97987.93,98121.8,97880.26,97940.53,9415
2025-01-04 19:00:00,97939.94,98349.11,97897.51,98146.95,10852
2025-01-04 20:00:00,98146.59,98662.13,98137.78,98578.5,9759
2025-01-04 21:00:00,98578.51,98764.52,98307.99,98347.27,10569
2025-01-04 22:00:00,98347.26,98465.24,98230.06,98380.38,9661
2025-01-04 23:00:00,98380.38,98394.4,98090.5,98190.73,9713
2025-01-05 00:00:00,98190.72,98376.05,98131.47,98201.66,9822
2025-01-05 01:00:00,98201.66,98296.05,98006.28,98086.43,8912
2025-01-05 02:00:00,98086.43,98193.68,98058.67,98184.35,10164
2025-01-05 03:00:00,98184.34,98195.41,98007.49,98135.6,8697
2025-01-05 04:00:00,98135.6,98461.27,98135.6,98307.16,9838
2025-01-05 05:00:00,98307.16,98472.79,98222.46,98304.65,10386
2025-01-05 06:00:00,98304.67,98439.75,98245.24,98387.57,8796
2025-01-05 07:00:00,98387.57,98418.83,98216.58,98226.65,8411
2025-01-05 08:00:00,98226.65,98226.65,97715.81,97813.65,9647
2025-01-05 09:00:00,97813.64,97897.53,97594.14,97628.43,10886
2025-01-05 10:00:00,97628.43,97737.52,97534.27,97671.91,11128
2025-01-05 11:00:00,97672.01,97783.9,97564.92,97606.17,9098
2025-01-05 12:00:00,97606.17,97905.84,97499.6,97720.85,10688
2025-01-05 13:00:00,97720.85,98010.79,97646.09,97676.7,9707
2025-01-05 14:00:00,97676.7,97959.74,97214.13,97832.02,13463
2025-01-05 15:00:00,97832.02,98283.37,97687.68,98025.98,13127
2025-01-05 16:00:00,98025.98,98334.68,97920.77,98039.91,10987
2025-01-05 17:00:00,98039.91,98081.75,97648.32,97728.66,9449
2025-01-05 18:00:00,97728.65,97915.2,97551.06,97894.34,9260
2025-01-05 19:00:00,97894.35,98124.99,97830.01,98058.34,9346
2025-01-05 20:00:00,98058.24,98699.03,97997.15,98253.31,9895
2025-01-05 21:00:00,98253.31,98516.32,98185.74,98480.07,7417
2025-01-05 22:00:00,98480.07,98753.44,98319.77,98660.28,8368
2025-01-05 23:00:00,98660.28,98834.02,98286.91,98354.62,11318
2025-01-06 00:00:00,98354.55,98770.73,98165.86,98203.8,10488
2025-01-06 01:00:00,98203.8,98815.23,97889.71,98747.98,10359
2025-01-06 02:00:00,98747.98,99286.38,98613.56,98785.56,14494
2025-01-06 03:00:00,98785.56,99210.64,98720.08,99007.08,9614
2025-01-06 04:00:00,99007.32,99478.09,99004.83,99431.22,10771
2025-01-06 05:00:00,99431.22,99902.39,99363.87,99587.31,11755
2025-01-06 06:00:00,99587.32,99769.43,99383.73,99480.5,10963
2025-01-06 07:00:00,99480.5,99529.15,99151.04,99296.57,11721
2025-01-06 08:00:00,99294.3,99617.25,98956.41,99014.22,11061
2025-01-06 09:00:00,99014.22,99235.94,98900.99,98979.49,10628
2025-01-06 10:00:00,98979.49,99042.03,98638.85,98725.0,9208
2025-01-06 11:00:00,98725.0,99398.29,98639.08,99225.24,13902
2025-01-06 12:00:00,99225.24,99693.05,99106.01,99133.28,12499
2025-01-06 13:00:00,99133.28,99543.23,98865.01,99458.18,13250
2025-01-06 14:00:00,99458.58,101268.47,98667.5,100731.36,19808
2025-01-06 15:00:00,100724.58,102496.21,100447.51,102154.65,21056
2025-01-06 16:00:00,102154.65,102474.33,101732.64,102131.29,15632
2025-01-06 17:00:00,102131.29,102135.91,101277.47,101843.75,15119
2025-01-06 18:00:00,101843.75,102077.59,101569.22,101764.36,13046
2025-01-06 19:00:00,101763.69,102060.55,101650.76,101830.79,10438
2025-01-06 20:00:00,101830.52,102364.67,101820.18,102160.67,10096
2025-01-06 21:00:00,102160.67,102377.6,101628.62,101643.86,9805
2025-01-06 22:00:00,101648.32,102103.42,101628.78,102014.41,8941
2025-01-06 23:00:00,102014.42,102273.96,101907.52,102247.32,8159
2025-01-07 00:00:00,102247.32,102777.55,101956.64,102082.62,11635
2025-01-07 01:00:00,102082.61,102105.94,101711.09,101935.86,9988
2025-01-07 02:00:00,101935.86,102039.81,101664.68,101691.7,9218
2025-01-07 03:00:00,101691.7,101844.1,101520.67,101701.19,9275
2025-01-07 04:00:00,101705.41,101950.49,101675.49,101682.07,9769
2025-01-07 05:00:00,101681.67,101808.59,101594.55,101738.12,9735
2025-01-07 06:00:00,101738.13,101910.63,101632.35,101821.83,9897
2025-01-07 07:00:00,101821.82,102033.83,101647.76,101696.01,8653
2025-01-07 08:00:00,101696.01,102002.29,101613.11,101896.92,8869
2025-01-07 09:00:00,101896.93,101931.48,101637.46,101725.06,9110
2025-01-07 10:00:00,101725.06,101725.07,101365.57,101414.52,11320
2025-01-07 11:00:00,101414.52,101470.27,100445.12,100797.96,12749
2025-01-07 12:00:00,100797.96,100930.31,100584.89,100730.4,13010
2025-01-07 13:00:00,100730.4,100931.89,100566.13,100601.57,11903
2025-01-07 14:00:00,100604.67,100845.28,99711.5,99929.94,16417
2025-01-07 15:00:00,99937.43,100116.55,97085.04,97896.24,30099
2025-01-07 16:00:00,97895.98,98297.3,97523.98,97716.73,20127
2025-01-07 17:00:00,97717.57,97795.19,96522.43,97228.67,17549
2025-01-07 18:00:00,97233.63,97502.94,96552.47,96706.18,15824
2025-01-07 19:00:00,96706.18,97134.89,96269.36,96397.94,15465
2025-01-07 20:00:00,96397.94,96768.5,96088.58,96431.23,15675
2025-01-07 21:00:00,96431.52,97042.74,96348.0,96458.96,16050
2025-01-07 22:00:00,96458.96,97198.3,96352.01,97154.87,12659
2025-01-07 23:00:00,97154.87,97166.87,96779.33,96957.34,11116
2025-01-08 00:00:00,96955.08,97262.68,96705.4,97245.35,12441
2025-01-08 01:00:00,97245.35,97250.44,96601.71,96896.48,10556
2025-01-08 02:00:00,96896.49,97185.14,96773.89,96880.28,10544
2025-01-08 03:00:00,96880.28,96880.29,96221.6,96519.8,13684
2025-01-08 04:00:00,96519.31,96621.1,96069.33,96258.86,13131
2025-01-08 05:00:00,96258.87,96676.57,96079.34,96522.85,15484
2025-01-08 06:00:00,96522.85,96665.73,95234.52,95268.27,16437
2025-01-08 07:00:00,95268.27,95804.21,95212.79,95647.21,14540
2025-01-08 08:00:00,95647.79,96126.94,95506.32,95946.44,12974
2025-01-08 09:00:00,95945.42,96111.06,95374.48,95416.41,14079
2025-01-08 10:00:00,95416.4,95982.55,95415.14,95920.27,14093
2025-01-08 11:00:00,95920.27,96037.87,94471.9,95057.1,16059
2025-01-08 12:00:00,95056.52,95317.17,94784.46,94821.7,16324
2025-01-08 13:00:00,94821.7,95602.19,94820.76,95317.05,18587
2025-01-08 14:00:00,95317.06,95835.16,94834.58,95224.37,20870
2025-01-08 15:00:00,95224.37,96041.64,94567.09,95430.93,21736
2025-01-08 16:00:00,95430.94,95431.14,94446.79,94688.44,16479
2025-01-08 17:00:00,94688.44,94757.34,92438.89,93937.89,25930
2025-01-08 18:00:00,93937.47,95094.76,93705.18,94194.95,23026
2025-01-08 19:00:00,94187.35,94840.32,93987.99,94205.08,19736
2025-01-08 20:00:00,94204.33,94357.56,93688.0,93910.4,15186
2025-01-08 21:00:00,93911.46,94550.44,93537.94,94431.47,14557
2025-01-08 22:00:00,94431.47,95284.27,94422.7,95276.64,13070
2025-01-08 23:00:00,95276.69,95294.8,94866.4,95036.76,11656
2025-01-09 00:00:00,95034.96,95107.07,94767.1,95094.86,13255
2025-01-09 01:00:00,95094.86,95366.09,94931.5,94964.63,12243
2025-01-09 02:00:00,94964.63,95022.11,93405.89,94733.94,18735
2025-01-09 03:00:00,94733.95,94764.94,93933.94,93952.12,12302
2025-01-09 04:00:00,93952.12,94432.73,93700.72,94353.49,13347
2025-01-09 05:00:00,94353.49,94548.82,94211.15,94437.2,12070
2025-01-09 06:00:00,94437.02,94593.35,93984.78,94049.02,12999
2025-01-09 07:00:00,94049.02,94255.27,93135.31,93157.83,13167
2025-01-09 08:00:00,93157.83,93319.99,92658.78,92955.15,16192
2025-01-09 09:00:00,92955.15,93694.66,92883.25,93454.6,13043
2025-01-09 10:00:00,93454.6,93615.59,92945.13,93402.26,13280
2025-01-09 11:00:00,93402.26,93825.46,93143.07,93393.75,13108
2025-01-09 12:00:00,93394.17,93632.53,93082.33,93356.46,14458
2025-01-09 13:00:00,93356.46,93427.31,91788.06,91887.17,18271
2025-01-09 14:00:00,91887.17,92849.85,91692.31,92798.57,20194
2025-01-09 15:00:00,92796.47,94574.69,92595.63,94230.9,19143
2025-01-09 16:00:00,94230.89,94689.06,93824.26,94236.39,18447
2025-01-09 17:00:00,94234.02,94274.0,92267.94,92652.81,18286
2025-01-09 18:00:00,92652.81,93204.85,92347.88,93013.2,18502
2025-01-09 19:00:00,93013.2,93288.2,91837.2,91851.73,16334
2025-01-09 20:00:00,91851.74,92323.82,91120.14,91872.86,20766
2025-01-09 21:00:00,91872.86,92483.82,91760.21,92087.08,17094
2025-01-09 22:00:00,92088.17,92693.35,91607.65,92447.7,14387
2025-01-09 23:00:00,92447.71,92672.7,92016.59,92516.82,14192
2025-01-10 00:00:00,92516.82,92850.51,92448.97,92773.53,14216
2025-01-10 01:00:00,92774.02,93166.84,92582.32,93089.3,13404
2025-01-10 02:00:00,93088.61,93689.15,93015.7,93349.5,14164
2025-01-10 03:00:00,93349.5,93720.27,93293.03,93686.65,11681
2025-01-10 04:00:00,93686.65,93907.92,93478.87,93830.88,12013
2025-01-10 05:00:00,93830.88,94264.27,93634.87,93981.05,12618
2025-01-10 06:00:00,93981.05,94341.68,93729.36,94259.11,12943
2025-01-10 07:00:00,94259.11,95036.84,94075.61,94535.01,14629
2025-01-10 08:00:00,94531.41,94791.68,94405.75,94686.94,14828
2025-01-10 09:00:00,94686.94,95008.29,94582.27,94821.1,12343
2025-01-10 10:00:00,94821.1,95328.73,94783.57,95246.55,10939
2025-01-10 11:00:00,95246.55,95302.22,94647.78,95103.01,13999
2025-01-10 12:00:00,95103.02,95165.65,94730.93,95050.55,12632
2025-01-10 13:00:00,95050.55,95084.16,92768.0,93546.61,22787
2025-01-10 14:00:00,93546.61,94674.56,93397.2,94096.79,26372
2025-01-10 15:00:00,94098.41,94500.41,92171.72,93705.82,28867
2025-01-10 16:00:00,93704.9,93982.08,93127.59,93610.28,23454
2025-01-10 17:00:00,93610.09,95853.66,93267.69,95792.73,21088
2025-01-10 18:00:00,95792.73,95792.73,94565.8,94845.61,20466
2025-01-10 19:00:00,94845.61,95403.54,94356.63,95334.87,18408
2025-01-10 20:00:00,95334.88,95480.35,94574.62,94683.46,15837
2025-01-10 21:00:00,94674.21,94905.27,94580.06,94597.24,11288
2025-01-10 22:00:00,94597.65,94936.05,94545.36,94743.36,9782
2025-01-10 23:00:00,94743.04,94871.57,94609.65,94688.44,8255
2025-01-11 00:00:00,94688.44,94707.64,94294.09,94531.17,10924
2025-01-11 01:00:00,94531.9,94637.52,94154.39,94363.42,11904
2025-01-11 02:00:00,94363.42,94442.59,94107.14,94339.26,10993
2025-01-11 03:00:00,94339.26,94373.17,94023.66,94134.16,9518
2025-01-11 04:00:00,94134.23,94229.7,93760.42,93968.82,11211
2025-01-11 05:00:00,93968.82,94322.85,93908.6,94293.91,13911
2025-01-11 06:00:00,94294.26,94386.73,94157.94,94169.45,12270
2025-01-11 07:00:00,94169.45,94294.44,94082.07,94186.3,11827
2025-01-11 08:00:00,94186.79,94332.22,93958.85,93996.03,11441
2025-01-11 09:00:00,93996.03,94259.31,93955.1,94247.41,11135
2025-01-11 10:00:00,94247.41,94465.0,94231.16,94425.81,12389
2025-01-11 11:00:00,94424.59,94748.1,94385.07,94577.37,13845
2025-01-11 12:00:00,94577.36,94605.91,94465.42,94490.84,12998
2025-01-11 13:00:00,94490.84,94546.93,94268.5,94316.77,12437
2025-01-11 14:00:00,94315.81,94591.97,94237.26,94558.44,13245
2025-01-11 15:00:00,94558.44,94614.77,94310.92,94360.05,10143
2025-01-11 16:00:00,94360.05,94680.33,94236.14,94406.0,10496
2025-01-11 17:00:00,94406.0,94410.26,93904.13,94079.31,12761
2025-01-11 18:00:00,94079.31,94230.73,94026.85,94184.7,9280
2025-01-11 19:00:00,94184.7,94257.2,93984.71,94141.17,9557
2025-01-11 20:00:00,94141.17,94600.28,94086.2,94534.18,10477
2025-01-11 21:00:00,94534.01,94994.3,94500.24,94896.7,10932
2025-01-11 22:00:00,94896.71,94967.2,94516.81,94546.25,10972
2025-01-11 23:00:00,94546.26,94718.41,94493.56,94565.35,10700
2025-01-12 00:00:00,94565.34,94621.36,94372.19,94405.62,10377
2025-01-12 01:00:00,94405.62,94540.03,94246.74,94516.94,8965
2025-01-12 02:00:00,94516.94,94631.38,94421.88,94583.79,10958
2025-01-12 03:00:00,94583.89,94667.13,94372.68,94578.8,9354
2025-01-12 04:00:00,94578.8,94644.81,94471.87,94549.63,10197
2025-01-12 05:00:00,94549.87,94601.59,94449.76,94529.98,9938
2025-01-12 06:00:00,94529.98,94582.64,94320.28,94328.9,7045
2025-01-12 07:00:00,94328.9,94411.74,94220.43,94275.84,8720
2025-01-12 08:00:00,94275.83,94336.17,94011.77,94090.16,9355
2025-01-12 09:00:00,94090.16,94133.67,93619.32,93829.0,10831
2025-01-12 10:00:00,93829.0,93999.42,93753.75,93957.18,11597
2025-01-12 11:00:00,93957.4,94294.23,93939.99,94189.13,8465
2025-01-12 12:00:00,94191.08,94567.91,94104.29,94279.56,12649
2025-01-12 13:00:00,94279.56,94687.03,94230.79,94612.74,11019
2025-01-12 14:00:00,94612.74,94947.36,94612.74,94766.88,11595
2025-01-12 15:00:00,94766.87,95436.36,94624.49,95030.42,14690
2025-01-12 16:00:00,95030.65,95097.96,94745.98,95007.91,12736
2025-01-12 17:00:00,95007.17,95245.55,94929.15,95114.4,11046
2025-01-12 18:00:00,95110.04,95295.01,94868.28,94966.13,10632
2025-01-12 19:00:00,94966.13,95030.44,94516.08,94614.14,10025
2025-01-12 20:00:00,94614.14,94763.14,94549.76,94648.87,9983
2025-01-12 21:00:00,94648.87,94688.61,94237.62,94287.99,9678
2025-01-12 22:00:00,94287.47,94314.59,93695.58,93874.07,10949
2025-01-12 23:00:00,93874.33,94527.91,93866.09,94490.25,13463
2025-01-13 00:00:00,94490.25,95911.78,94392.54,95293.79,18620
2025-01-13 01:00:00,95292.39,95381.21,94034.54,94168.21,17835
2025-01-13 02:00:00,94168.09,94439.58,93821.88,94135.72,13662
2025-01-13 03:00:00,94133.99,94339.06,93895.52,94185.62,13864
2025-01-13 04:00:00,94185.62,94884.26,94115.61,94442.78,13896
2025-01-13 05:00:00,94442.12,94496.15,93980.1,94094.14,10914
2025-01-13 06:00:00,94093.94,94260.88,93178.8,93556.64,13668
2025-01-13 07:00:00,93556.0,93877.07,93385.7,93525.13,14907
2025-01-13 08:00:00,93525.13,93590.51,92812.45,92967.74,14066
2025-01-13 09:00:00,92967.73,93132.81,92572.22,92783.84,14851
2025-01-13 10:00:00,92783.85,92832.66,91293.92,91560.36,14542
2025-01-13 11:00:00,91560.36,91700.87,90739.78,90788.67,16743
2025-01-13 12:00:00,90788.66,91273.48,90203.71,90677.28,20669
2025-01-13 13:00:00,90677.28,91739.29,90508.59,91073.49,19720
2025-01-13 14:00:00,91073.49,92287.43,88988.99,91824.58,27582
2025-01-13 15:00:00,91824.58,93098.06,91554.95,92116.92,25363
2025-01-13 16:00:00,92114.98,92268.13,91232.23,91333.61,22922
2025-01-13 17:00:00,91333.61,92295.42,91226.32,91966.96,19578
2025-01-13 18:00:00,91966.96,92405.88,91579.2,92063.37,17683
2025-01-13 19:00:00,92063.01,92529.08,91584.93,92284.76,15681
2025-01-13 20:00:00,92284.76,93768.26,91875.56,93553.57,15790
2025-01-13 21:00:00,93554.99,94493.62,93376.76,94223.39,17235
2025-01-13 22:00:00,94223.72,94742.88,94158.87,94391.93,13249
2025-01-13 23:00:00,94391.92,94613.89,94178.2,94517.17,11279
2025-01-14 00:00:00,94517.17,94868.88,94329.11,94450.63,14355
2025-01-14 01:00:00,94450.63,95058.8,94434.68,94823.23,13979
2025-01-14 02:00:00,94823.22,95281.14,94725.75,94874.27,13133
2025-01-14 03:00:00,94872.71,95090.34,94795.17,94823.41,13438
2025-01-14 04:00:00,94823.41,95107.51,94778.33,95061.55,10975
2025-01-14 05:00:00,95061.56,95443.18,94842.21,94898.01,13303
2025-01-14 06:00:00,94898.01,94976.23,94678.05,94976.23,13859
2025-01-14 07:00:00,94976.23,95116.19,94796.21,94809.22,12412
2025-01-14 08:00:00,94809.21,95817.34,94809.21,95490.01,14603
2025-01-14 09:00:00,95490.02,97439.42,95450.75,97211.54,17018
2025-01-14 10:00:00,97214.67,97237.7,96563.62,96665.96,16602
2025-01-14 11:00:00,96670.24,96690.23,96319.61,96518.48,13704
2025-01-14 12:00:00,96518.41,96684.88,95934.45,95948.17,15432
2025-01-14 13:00:00,95948.16,97242.34,95697.48,96316.84,18799
2025-01-14 14:00:00,96316.75,97272.05,95991.46,96284.09,21997
2025-01-14 15:00:00,96287.2,96978.47,96177.86,96465.73,19608
2025-01-14 16:00:00,96465.73,96465.73,95298.05,95699.75,21057
2025-01-14 17:00:00,95699.75,96518.04,95522.04,96492.15,17151
2025-01-14 18:00:00,96492.16,96953.56,96268.55,96765.89,14965
2025-01-14 19:00:00,96765.89,97095.83,96468.33,96545.82,14048
2025-01-14 20:00:00,96545.81,96920.4,96134.44,96501.91,15801
2025-01-14 21:00:00,96495.7,96676.1,96293.05,96482.95,10333
2025-01-14 22:00:00,96482.67,96764.76,96432.82,96692.65,9157
2025-01-14 23:00:00,96693.5,96799.07,96502.44,96574.36,9568
2025-01-15 00:00:00,96574.37,97351.44,96496.21,96899.97,12369
2025-01-15 01:00:00,96900.02,97578.36,96797.32,97344.61,13020
2025-01-15 02:00:00,97344.61,97449.52,96728.47,96811.6,12028
2025-01-15 03:00:00,96812.44,97330.18,96756.62,97309.62,11811
2025-01-15 04:00:00,97309.62,97709.41,97058.03,97179.58,12106
2025-01-15 05:00:00,97179.58,97239.29,96712.39,97004.67,11332
2025-01-15 06:00:00,97005.41,97135.15,96819.57,97081.76,12123
2025-01-15 07:00:00,97081.96,97572.12,97075.0,97292.2,11022
2025-01-15 08:00:00,97292.39,97530.4,97142.67,97208.43,10989
2025-01-15 09:00:00,97208.43,97369.34,96754.03,96822.19,11492
2025-01-15 10:00:00,96822.19,97136.52,96704.42,96930.17,10151
2025-01-15 11:00:00,96930.15,96940.98,96508.26,96748.0,12933
2025-01-15 12:00:00,96746.79,97184.73,96527.87,96930.24,12948
2025-01-15 13:00:00,96930.24,99063.65,96830.4,98988.75,20147
2025-01-15 14:00:00,98988.75,99526.01,98631.43,99440.92,21521
2025-01-15 15:00:00,99440.92,99832.76,98989.99,99026.73,19935
2025-01-15 16:00:00,99026.73,99515.69,98906.26,99012.53,16171
2025-01-15 17:00:00,99012.53,99370.18,98621.6,98665.07,15027
2025-01-15 18:00:00,98665.07,99499.9,98665.07,99481.04,13100
2025-01-15 19:00:00,99481.39,100114.07,99327.63,99909.52,12756
2025-01-15 20:00:00,99911.07,100743.87,99481.98,99596.77,15911
2025-01-15 21:00:00,99590.66,99897.65,99501.65,99715.72,10388
2025-01-15 22:00:00,99715.71,99880.99,99581.88,99738.46,9220
2025-01-15 23:00:00,99738.46,100546.29,99645.96,100506.91,10613
2025-01-16 00:00:00,100506.91,100904.03,99656.92,99872.55,17097
2025-01-16 01:00:00,99872.55,100204.11,99804.03,100091.39,13919
2025-01-16 02:00:00,100091.67,100127.94,99462.39,99620.75,12231
2025-01-16 03:00:00,99620.75,99847.99,99142.99,99465.93,13496
2025-01-16 04:00:00,99465.93,99698.9,99465.93,99618.86,10953
2025-01-16 05:00:00,99619.36,99622.64,99340.76,99363.63,10150
2025-01-16 06:00:00,99363.44,99891.9,99298.07,99793.86,12656
2025-01-16 07:00:00,99793.86,99853.72,99643.43,99813.21,11648
2025-01-16 08:00:00,99807.2,99831.83,98560.71,98888.82,15536
2025-01-16 09:00:00,98888.82,99280.46,98573.12,99117.75,14404
2025-01-16 10:00:00,99117.75,99397.75,99067.86,99187.3,11043
2025-01-16 11:00:00,99187.3,99325.16,98696.53,99114.13,14538
2025-01-16 12:00:00,99114.13,99513.73,98848.66,99371.64,14697
2025-01-16 13:00:00,99371.64,99415.93,98726.85,99057.12,17578
2025-01-16 14:00:00,99056.72,99384.68,97451.6,97565.03,19234
2025-01-16 15:00:00,97564.25,99273.2,97268.92,99255.61,22049
2025-01-16 16:00:00,99255.61,99906.49,99053.7,99343.85,21320
2025-01-16 17:00:00,99340.85,100364.23,99170.8,99818.18,16459
2025-01-16 18:00:00,99818.19,100052.82,99225.0,99556.46,14202
2025-01-16 19:00:00,99556.39,100457.63,99376.25,100414.51,12916
2025-01-16 20:00:00,100414.51,100642.13,100255.7,100353.7,14535
2025-01-16 21:00:00,100353.7,100386.0,99692.27,100099.99,13611
2025-01-16 22:00:00,100099.99,100108.25,99348.77,99797.69,10745
2025-01-16 23:00:00,99797.69,100106.61,99708.89,99977.95,11245
2025-01-17 00:00:00,99975.45,100452.43,99934.87,100147.15,11683
2025-01-17 01:00:00,100147.15,101862.68,100036.02,101635.82,13925
2025-01-17 02:00:00,101635.82,102131.54,100713.81,101049.58,14757
2025-01-17 03:00:00,101049.58,101224.13,100871.81,100996.42,11447
2025-01-17 04:00:00,100996.42,101446.22,100878.03,101411.27,11071
2025-01-17 05:00:00,101411.28,101730.62,101267.73,101309.64,10897
2025-01-17 06:00:00,101309.64,101561.7,101250.02,101365.84,11525
2025-01-17 07:00:00,101365.84,101854.68,101359.24,101418.8,12648
2025-01-17 08:00:00,101418.8,102181.5,101407.93,102075.3,11538
2025-01-17 09:00:00,102075.3,102249.87,101692.32,101799.2,13509
2025-01-17 10:00:00,101801.19,102548.29,101734.17,102281.53,12980
2025-01-17 11:00:00,102281.53,102399.73,102036.61,102185.75,12043
2025-01-17 12:00:00,102178.66,102927.63,102134.08,102703.09,12791
2025-01-17 13:00:00,102702.42,102942.65,102330.18,102415.74,13402
2025-01-17 14:00:00,102414.9,103339.58,102209.22,103330.7,19080
2025-01-17 15:00:00,103330.7,104247.46,103235.43,104002.07,20227
2025-01-17 16:00:00,104002.07,105051.98,103832.85,104997.99,15697
2025-01-17 17:00:00,104997.99,105311.0,103993.17,104106.9,16124
2025-01-17 18:00:00,104109.25,104974.25,104006.68,104849.8,15598
2025-01-17 19:00:00,104849.8,105882.09,104696.03,105864.15,14960
2025-01-17 20:00:00,105864.15,105888.62,104552.54,104717.16,16564
2025-01-17 21:00:00,104717.16,105067.07,104474.53,104620.89,13441
2025-01-17 22:00:00,104620.88,104705.11,104194.2,104416.95,13050
2025-01-17 23:00:00,104416.96,104544.84,104078.32,104094.96,10936
2025-01-18 00:00:00,104094.96,104698.23,104083.96,104682.45,12843
2025-01-18 01:00:00,104682.45,104683.82,104126.96,104287.98,12738
2025-01-18 02:00:00,104288.57,104526.82,104257.87,104347.81,11200
2025-01-18 03:00:00,104347.77,104482.51,103031.28,103540.5,15590
2025-01-18 04:00:00,103540.5,103678.45,102620.46,103533.51,15110
2025-01-18 05:00:00,103533.58,103714.18,102763.57,102777.52,14089
2025-01-18 06:00:00,102777.52,103589.21,102767.64,103395.24,13514
2025-01-18 07:00:00,103395.25,103453.2,102512.46,102732.9,13548
2025-01-18 08:00:00,102732.9,103287.26,102178.21,103226.88,15297
2025-01-18 09:00:00,103226.88,103416.06,102999.55,103115.67,14000
2025-01-18 10:00:00,103115.18,103251.12,102763.68,103105.76,14171
2025-01-18 11:00:00,103104.08,103832.06,102864.56,103527.2,13794
2025-01-18 12:00:00,103528.13,103986.87,103317.95,103369.57,14722
2025-01-18 13:00:00,103369.41,104361.35,103042.55,104307.36,13949
2025-01-18 14:00:00,104307.36,104530.19,103682.73,103944.54,15734
2025-01-18 15:00:00,103944.23,104981.37,103705.99,104536.4,15266
2025-01-18 16:00:00,104536.4,104685.68,103092.84,103190.25,17560
2025-01-18 17:00:00,103190.25,104173.19,103190.25,103766.03,15267
2025-01-18 18:00:00,103766.03,104377.47,103729.13,104054.29,14655
2025-01-18 19:00:00,104054.29,104461.12,104050.4,104336.16,12145
2025-01-18 20:00:00,104336.17,104465.45,103715.83,103961.33,12771
2025-01-18 21:00:00,103961.67,104214.53,103801.8,103801.8,11591
2025-01-18 22:00:00,103801.8,104235.55,103778.2,104208.88,9262
2025-01-18 23:00:00,104208.88,104679.72,104208.88,104466.33,11910
2025-01-19 00:00:00,104466.3,104475.44,104016.24,104037.25,12410
2025-01-19 01:00:00,104036.92,104604.74,103916.08,104402.4,12022
2025-01-19 02:00:00,104401.37,105409.52,104401.14,104813.57,12141
2025-01-19 03:00:00,104813.57,105112.82,104474.3,104915.74,12154
2025-01-19 04:00:00,104915.73,105205.7,104588.32,104943.77,13696
2025-01-19 05:00:00,104943.77,105033.6,104144.4,105016.78,11347
2025-01-19 06:00:00,105016.78,105546.33,104924.76,105466.88,8943
2025-01-19 07:00:00,105466.87,105500.47,104823.45,105033.05,13247
2025-01-19 08:00:00,105033.05,105041.67,104193.24,104295.05,12397
2025-01-19 09:00:00,104294.32,105357.09,103333.84,105185.49,18611
2025-01-19 10:00:00,105185.49,105202.83,104289.47,104714.89,15776
2025-01-19 11:00:00,104714.89,105255.21,104070.67,104248.16,15731
2025-01-19 12:00:00,104248.16,104910.79,104165.45,104815.51,15779
2025-01-19 13:00:00,104815.91,105224.74,104734.68,104862.82,14497
2025-01-19 14:00:00,104865.92,105647.82,104672.9,105054.13,17102
2025-01-19 15:00:00,105053.76,105145.71,104406.0,104826.71,15743
2025-01-19 16:00:00,104826.71,105124.05,104592.88,104856.74,12481
2025-01-19 17:00:00,104856.73,105078.08,104411.38,105025.76,11424
2025-01-19 18:00:00,105025.76,105183.84,104802.62,104938.42,10801
2025-01-19 19:00:00,104938.42,106195.03,104874.14,106171.45,10951
2025-01-19 20:00:00,106171.45,106380.47,105427.99,106210.64,15143
2025-01-19 21:00:00,106210.63,106311.97,103574.61,103597.29,21133
2025-01-19 22:00:00,103595.89,104366.31,100896.89,103284.38,23878
2025-01-19 23:00:00,103284.38,103284.38,99474.07,101188.6,33958
2025-01-20 00:00:00,101188.15,101519.62,99396.96,99659.7,30173
2025-01-20 01:00:00,99659.7,100832.64,99469.72,100536.88,24932
2025-01-20 02:00:00,100536.88,102159.41,100429.72,101771.37,21289
2025-01-20 03:00:00,101780.77,102069.32,101234.38,101730.76,18489
2025-01-20 04:00:00,101730.77,102669.71,101386.31,102092.68,15638
2025-01-20 05:00:00,102094.02,102742.31,101984.47,102254.25,15693
2025-01-20 06:00:00,102254.25,109867.17,102116.22,107458.91,23768
2025-01-20 07:00:00,107458.92,109358.55,106822.62,107057.58,33481
2025-01-20 08:00:00,107053.55,108354.94,107014.35,108264.49,19553
2025-01-20 09:00:00,108264.49,109172.71,107510.6,108100.03,20174
2025-01-20 10:00:00,108100.03,108704.51,107729.7,107927.64,16071
2025-01-20 11:00:00,107928.07,108496.02,107724.17,108182.6,17048
2025-01-20 12:00:00,108182.6,108676.54,105408.14,106867.97,26116
2025-01-20 13:00:00,106873.17,108096.33,106596.22,107916.98,22548
2025-01-20 14:00:00,107916.98,108114.87,107246.76,107854.66,18953
2025-01-20 15:00:00,107848.5,107981.58,104412.03,104883.51,24496
2025-01-20 16:00:00,104896.27,106961.7,103589.2,106601.93,28030
2025-01-20 17:00:00,106601.93,106706.94,100409.69,102814.57,43523
2025-01-20 18:00:00,102822.9,104378.8,102585.28,103838.54,26129
2025-01-20 19:00:00,103838.55,103877.05,102645.98,103607.13,20872
2025-01-20 20:00:00,103606.59,104250.33,103252.84,103567.53,17414
2025-01-20 21:00:00,103567.52,103967.24,102474.62,102503.22,14836
2025-01-20 22:00:00,102504.52,103719.1,101728.23,103486.48,17101
2025-01-20 23:00:00,103488.24,103573.27,101612.44,102132.01,19493
2025-01-21 00:00:00,102132.51,102519.16,100948.4,101040.53,22426
2025-01-21 01:00:00,101040.52,102072.23,99961.22,101379.96,24545
2025-01-21 02:00:00,101379.96,102643.63,100918.74,102416.85,20168
2025-01-21 03:00:00,102416.85,103177.38,102172.71,102846.28,17949
2025-01-21 04:00:00,102846.43,102867.79,101819.17,102213.52,17852
2025-01-21 05:00:00,102213.52,102410.14,101208.5,101235.48,15870
2025-01-21 06:00:00,101240.08,102057.68,100973.56,102044.9,16557
2025-01-21 07:00:00,102049.2,102367.99,101711.24,101883.91,16339
2025-01-21 08:00:00,101883.9,102386.33,101624.14,102326.93,15349
2025-01-21 09:00:00,102326.93,102791.08,101957.17,102599.36,15902
2025-01-21 10:00:00,102599.36,103294.83,102473.35,103090.43,15669
2025-01-21 11:00:00,103090.43,103937.22,102999.74,103714.34,16629
2025-01-21 12:00:00,103711.37,104688.66,103565.35,104493.95,16388
2025-01-21 13:00:00,104493.95,104964.49,104093.84,104442.59,15671
2025-01-21 14:00:00,104442.02,105314.16,102978.51,103228.46,22835
2025-01-21 15:00:00,103228.46,104050.14,102751.87,103890.03,24408
2025-01-21 16:00:00,103893.03,106535.04,103743.01,104997.62,25917
2025-01-21 17:00:00,104997.61,106442.89,104897.82,106207.96,18632
2025-01-21 18:00:00,106207.97,107295.34,105921.59,106910.64,18062
2025-01-21 19:00:00,106909.63,107195.52,106319.09,107069.97,16976
2025-01-21 20:00:00,107069.97,107260.19,105969.13,106122.53,17794
2025-01-21 21:00:00,106125.63,106836.42,105742.51,106792.89,15613
2025-01-21 22:00:00,106792.89,106815.05,106005.25,106033.33,12129
2025-01-21 23:00:00,106033.33,106307.02,105459.12,106169.81,15524
2025-01-22 00:00:00,106169.81,106356.43,105829.79,105994.12,14605
2025-01-22 01:00:00,105994.12,106455.99,105481.35,105825.76,14384
2025-01-22 02:00:00,105825.76,106236.48,105585.05,105631.67,13037
2025-01-22 03:00:00,105631.66,105952.04,105626.28,105659.88,10685
2025-01-22 04:00:00,105659.88,105849.88,105305.8,105576.66,12115
2025-01-22 05:00:00,105576.66,105882.73,105485.06,105721.08,12445
2025-01-22 06:00:00,105721.08,105995.33,105189.48,105402.14,12526
2025-01-22 07:00:00,105402.14,105703.36,105050.87,105066.61,12588
2025-01-22 08:00:00,105066.19,105330.74,104656.43,105242.62,14057
2025-01-22 09:00:00,105242.62,105262.41,104885.24,104982.78,11218
2025-01-22 10:00:00,104982.78,105140.47,104611.0,105099.77,13604
2025-01-22 11:00:00,105099.77,105455.12,104711.52,105101.03,13053
2025-01-22 12:00:00,105101.13,105588.14,105035.55,105294.75,14795
2025-01-22 13:00:00,105294.75,105391.63,103775.34,104034.17,16012
2025-01-22 14:00:00,104034.37,104896.55,103597.91,104355.48,20206
2025-01-22 15:00:00,104355.48,105132.38,103942.9,104144.76,19664
2025-01-22 16:00:00,104144.76,104186.56,103264.84,103679.1,18263
2025-01-22 17:00:00,103678.87,104605.67,103641.15,104332.41,15851
2025-01-22 18:00:00,104332.42,104683.11,103730.54,103902.26,15241
2025-01-22 19:00:00,103902.26,104738.43,103845.72,104627.8,14310
2025-01-22 20:00:00,104627.8,104834.17,104039.5,104285.17,14493
2025-01-22 21:00:00,104285.95,104348.13,103565.02,104044.29,11523
2025-01-22 22:00:00,104044.29,104463.16,103733.84,103854.6,10268
2025-01-22 23:00:00,103854.59,104118.32,103582.88,103651.28,11366
2025-01-23 00:00:00,103651.28,103761.2,102950.87,103217.39,13809
2025-01-23 01:00:00,103217.79,103563.54,102461.07,102821.76,13934
2025-01-23 02:00:00,102821.76,102877.51,101976.66,102516.52,15227
2025-01-23 03:00:00,102516.52,102897.41,102072.15,102325.73,14752
2025-01-23 04:00:00,102325.73,102371.81,101436.92,101922.44,13780
2025-01-23 05:00:00,101921.44,102521.27,101839.99,102410.72,13666
2025-01-23 06:00:00,102410.73,102862.87,102106.94,102166.77,13908
2025-01-23 07:00:00,102166.76,102681.75,101968.59,102589.55,12753
2025-01-23 08:00:00,102589.55,102595.63,101931.11,102118.08,13197
2025-01-23 09:00:00,102118.08,102372.27,101535.35,101566.5,10853
2025-01-23 10:00:00,101566.5,101969.27,101164.91,101580.86,14581
2025-01-23 11:00:00,101580.86,102123.38,101580.86,101886.45,13465
2025-01-23 12:00:00,101886.45,102073.71,101343.31,101547.92,13814
2025-01-23 13:00:00,101547.92,102634.01,101216.33,102425.11,16186
2025-01-23 14:00:00,102425.11,106015.43,101886.73,105207.08,25808
2025-01-23 15:00:00,105206.78,105811.65,102692.41,105288.19,33839
2025-01-23 16:00:00,105294.4,106917.02,105068.35,105187.65,27755
2025-01-23 17:00:00,105187.65,106289.03,104241.67,105981.29,21208
2025-01-23 18:00:00,105989.25,106194.32,105139.78,105477.61,16489
2025-01-23 19:00:00,105477.61,105567.45,103382.49,103763.8,19829
2025-01-23 20:00:00,103754.21,106441.32,102616.3,103336.52,36396
2025-01-23 21:00:00,103323.53,103450.76,102205.46,103086.67,21710
2025-01-23 22:00:00,103084.51,104738.85,102981.57,103990.51,16926
2025-01-23 23:00:00,103990.51,104552.68,103775.57,103921.43,14382
2025-01-24 00:00:00,103921.42,104159.96,103384.21,103435.63,13078
2025-01-24 01:00:00,103435.19,103861.93,103029.24,103185.99,12704
2025-01-24 02:00:00,103185.72,103494.86,102920.76,102977.93,13908
2025-01-24 03:00:00,102977.93,104279.0,102691.89,103863.55,16531
2025-01-24 04:00:00,103862.82,104921.28,103760.2,104587.82,14251
2025-01-24 05:00:00,104587.82,105282.49,104508.39,105213.08,14271
2025-01-24 06:00:00,105213.08,105361.21,104580.09,104954.47,14356
2025-01-24 07:00:00,104956.45,105164.38,104612.95,105022.61,11971
2025-01-24 08:00:00,105022.62,105643.83,104897.62,105504.06,12487
2025-01-24 09:00:00,105504.06,105782.53,105058.7,105132.52,11907
2025-01-24 10:00:00,105132.52,105427.97,105031.5,105397.24,12457
2025-01-24 11:00:00,105397.25,105541.46,105211.01,105426.16,9396
2025-01-24 12:00:00,105426.15,105612.85,105174.08,105514.62,11222
2025-01-24 13:00:00,105514.62,105788.86,104949.28,105085.99,12473
2025-01-24 14:00:00,105085.99,106318.77,104637.99,105744.65,19256
2025-01-24 15:00:00,105744.37,105996.2,105224.67,105859.99,16604
2025-01-24 16:00:00,105858.45,106192.76,105605.17,105671.18,13741
2025-01-24 17:00:00,105671.18,106751.93,105615.85,106511.08,15054
2025-01-24 18:00:00,106511.08,107186.88,106124.61,106350.55,14982
2025-01-24 19:00:00,106349.98,106649.5,105689.4,105779.43,15613
2025-01-24 20:00:00,105779.43,105781.53,104678.71,104807.4,15512
2025-01-24 21:00:00,104815.9,105351.17,104815.9,105074.88,13791
2025-01-24 22:00:00,105074.88,105440.74,104663.32,104734.0,9695
2025-01-24 23:00:00,104734.0,104885.72,104393.83,104781.93,13591
2025-01-25 00:00:00,104781.95,104788.22,104270.0,104341.17,11195
2025-01-25 01:00:00,104341.17,104750.15,104299.08,104653.12,10436
2025-01-25 02:00:00,104652.3,104767.97,104378.75,104489.32,10316
2025-01-25 03:00:00,104489.31,105188.87,104381.02,105115.22,11255
2025-01-25 04:00:00,105115.2,105115.2,104534.13,104578.55,8740
2025-01-25 05:00:00,104578.54,104622.78,104142.7,104268.12,9549
2025-01-25 06:00:00,104268.12,104385.06,104122.93,104201.87,10163
2025-01-25 07:00:00,104201.87,104434.54,104176.87,104307.03,11207
2025-01-25 08:00:00,104307.03,104419.33,104020.93,104247.89,10821
2025-01-25 09:00:00,104251.87,104378.41,104181.22,104286.18,9653
2025-01-25 10:00:00,104285.5,104602.67,104011.43,104458.13,10512
2025-01-25 11:00:00,104457.43,104641.89,104321.39,104608.36,10458
2025-01-25 12:00:00,104608.37,104757.77,104382.72,104710.13,9912
2025-01-25 13:00:00,104710.13,104820.74,104573.62,104660.27,10831
2025-01-25 14:00:00,104660.36,104677.16,104402.34,104540.58,11331
2025-01-25 15:00:00,104537.5,105072.69,104535.5,104853.85,12022
2025-01-25 16:00:00,104853.85,104955.5,104529.09,104621.75,11327
2025-01-25 17:00:00,104621.75,104882.52,104400.53,104838.43,9918
2025-01-25 18:00:00,104838.43,105283.43,104787.86,104949.12,11832
2025-01-25 19:00:00,104947.96,105172.44,104863.16,105013.6,10558
2025-01-25 20:00:00,105020.52,105192.01,104911.07,104936.76,9016
2025-01-25 21:00:00,104936.77,105105.5,104815.18,105059.73,8565
2025-01-25 22:00:00,105059.73,105236.1,104960.24,105024.17,7651
2025-01-25 23:00:00,105024.17,105083.12,104630.31,104698.94,8957
2025-01-26 00:00:00,104698.94,104798.7,104441.22,104545.58,8188
2025-01-26 01:00:00,104545.58,104720.29,104443.53,104557.63,8037
2025-01-26 02:00:00,104557.63,104658.37,104447.22,104623.44,7313
2025-01-26 03:00:00,104623.43,105182.74,104623.24,105020.84,9683
2025-01-26 04:00:00,105020.26,105472.43,104918.6,105130.05,11669
2025-01-26 05:00:00,105131.4,105166.02,104953.72,105032.28,8287
2025-01-26 06:00:00,105032.28,105076.93,104899.46,104952.33,9260
2025-01-26 07:00:00,104952.33,105044.23,104870.07,104942.27,7679
2025-01-26 08:00:00,104943.11,105190.39,104803.16,104976.82,8685
2025-01-26 09:00:00,104976.82,104993.38,104343.41,104569.08,8707
2025-01-26 10:00:00,104569.08,104666.9,104436.87,104656.24,7850
2025-01-26 11:00:00,104656.24,104803.05,104597.66,104763.14,7718
2025-01-26 12:00:00,104763.13,104847.15,104648.69,104843.09,8623
2025-01-26 13:00:00,104843.09,105016.17,104775.9,104900.4,6934
2025-01-26 14:00:00,104900.4,104954.92,104737.12,104879.73,7279
2025-01-26 15:00:00,104879.15,105032.06,104822.15,104915.66,8673
2025-01-26 16:00:00,104915.66,104994.97,104844.71,104892.28,7469
2025-01-26 17:00:00,104892.28,105018.64,104871.37,104902.82,7097
2025-01-26 18:00:00,104902.82,105224.24,104863.61,105134.08,7569
2025-01-26 19:00:00,105134.08,105204.64,104988.01,105035.1,6025
2025-01-26 20:00:00,105038.56,105150.04,104853.87,104894.99,5861
2025-01-26 21:00:00,104894.99,104938.23,104479.46,104481.64,6694
2025-01-26 22:00:00,104481.65,104659.98,104225.34,104265.21,16175
2025-01-26 23:00:00,104265.2,104265.2,102442.03,102548.61,20394
2025-01-27 00:00:00,102548.61,103212.98,101485.44,101662.97,18545
2025-01-27 01:00:00,101662.98,102006.34,101079.88,101239.95,19705
2025-01-27 02:00:00,101240.16,101634.64,100758.7,100938.44,19112
2025-01-27 03:00:00,100938.69,101826.4,100646.15,101390.77,19752
2025-01-27 04:00:00,101390.71,101391.81,100242.93,100395.07,18174
2025-01-27 05:00:00,100395.07,100714.84,99680.11,100321.08,18850
2025-01-27 06:00:00,100321.04,100459.4,98639.62,98893.61,21726
2025-01-27 07:00:00,98904.3,99339.15,97654.45,98980.19,24897
2025-01-27 08:00:00,98980.06,99290.84,98613.49,98945.74,21098
2025-01-27 09:00:00,98945.72,99474.77,98714.55,99350.03,20060
2025-01-27 10:00:00,99349.53,99393.25,98179.13,98314.45,19217
2025-01-27 11:00:00,98314.45,99280.68,98227.92,98651.49,20044
2025-01-27 12:00:00,98651.49,100865.24,98616.84,100578.27,20886
2025-01-27 13:00:00,100578.28,101654.93,100013.04,100497.65,24801
2025-01-27 14:00:00,100497.66,102356.96,100090.21,101952.87,25089
2025-01-27 15:00:00,101952.77,102170.69,100886.61,101131.54,23813
2025-01-27 16:00:00,101132.04,101275.68,99523.47,99686.25,24417
2025-01-27 17:00:00,99686.25,99991.28,98973.87,99071.89,21898
2025-01-27 18:00:00,99071.88,99666.14,98744.97,99084.36,19924
2025-01-27 19:00:00,99084.15,99879.34,99083.19,99622.99,19882
2025-01-27 20:00:00,99622.99,101759.82,99517.77,101404.65,21352
2025-01-27 21:00:00,101403.14,102480.38,100986.37,101376.33,22326
2025-01-27 22:00:00,101376.09,102021.38,101293.55,101685.24,19735
2025-01-27 23:00:00,101686.0,102250.51,101682.14,102128.42,19193
2025-01-28 00:00:00,102128.42,102973.25,101841.8,101928.49,21084
2025-01-28 01:00:00,101928.64,102070.99,101440.15,101446.54,20201
2025-01-28 02:00:00,101440.74,102524.18,101384.27,102471.67,19200
2025-01-28 03:00:00,102472.06,102971.96,102110.16,102699.04,19354
2025-01-28 04:00:00,102702.68,103428.71,102653.26,102976.37,19394
2025-01-28 05:00:00,102976.57,103388.36,102854.55,103073.74,19161
2025-01-28 06:00:00,103073.76,103261.86,102661.3,102795.76,20242
2025-01-28 07:00:00,102795.75,103363.83,102575.38,102849.41,19252
2025-01-28 08:00:00,102860.33,103088.86,102646.86,102904.77,19024
2025-01-28 09:00:00,102906.72,103021.15,102436.92,103000.97,19702
2025-01-28 10:00:00,103001.12,103226.01,102624.66,102781.18,19548
2025-01-28 11:00:00,102781.37,102986.08,102604.76,102807.98,18467
2025-01-28 12:00:00,102808.63,103039.7,102505.83,102654.52,18342
2025-01-28 13:00:00,102654.52,102984.57,102519.17,102642.84,19075
2025-01-28 14:00:00,102642.97,102950.78,101843.34,102685.0,22753
2025-01-28 15:00:00,102684.48,103859.68,102506.17,102795.91,22134
2025-01-28 16:00:00,102794.88,102939.58,101886.64,102243.83,20138
2025-01-28 17:00:00,102243.83,103116.41,102205.63,102587.63,19656
2025-01-28 18:00:00,102587.52,103145.67,102166.56,102213.97,18497
2025-01-28 19:00:00,102209.6,102694.21,101808.34,102438.23,18905
2025-01-28 20:00:00,102428.83,102569.62,101212.6,101251.64,19566
2025-01-28 21:00:00,101251.64,101500.87,100223.44,100291.16,20172
2025-01-28 22:00:00,100291.15,101386.78,100213.25,101231.27,20011
2025-01-28 23:00:00,101231.11,101435.43,100718.06,101302.12,20386
2025-01-29 00:00:00,101302.12,101819.27,101292.5,101688.28,20106
2025-01-29 01:00:00,101687.98,102010.54,101453.43,101849.55,19224
2025-01-29 02:00:00,101849.72,102345.62,101674.77,101776.86,19059
2025-01-29 03:00:00,101775.07,102176.17,101747.61,102034.95,19249
2025-01-29 04:00:00,102034.95,102206.64,101965.54,101985.52,18827
2025-01-29 05:00:00,101982.7,102393.44,101963.31,102268.43,19327
2025-01-29 06:00:00,102268.51,102861.47,102232.65,102806.4,18577
2025-01-29 07:00:00,102806.21,102819.48,102460.7,102736.2,19511
2025-01-29 08:00:00,102736.08,103028.89,102650.39,102706.0,18978
2025-01-29 09:00:00,102705.81,102760.51,102272.59,102312.81,20480
2025-01-29 10:00:00,102312.44,102707.94,102153.59,102533.59,19262
2025-01-29 11:00:00,102533.59,102799.29,102380.97,102616.01,19086
2025-01-29 12:00:00,102616.68,102800.62,102171.08,102210.55,18813
2025-01-29 13:00:00,102210.55,102310.83,101658.55,101788.04,19451
2025-01-29 14:00:00,101788.04,102367.04,101542.37,101999.89,20106
2025-01-29 15:00:00,101999.99,102508.65,101752.5,101957.94,18797
2025-01-29 16:00:00,101958.01,102141.36,101643.74,102061.81,18729
2025-01-29 17:00:00,102061.72,102783.4,101964.06,102425.92,18907
2025-01-29 18:00:00,102425.43,103049.79,101997.54,102875.49,18779
2025-01-29 19:00:00,102875.48,104016.31,101400.87,103577.94,29272
2025-01-29 20:00:00,103575.67,104794.19,102823.15,104213.01,24549
2025-01-29 21:00:00,104207.51,104400.69,103699.96,103717.62,19518
2025-01-29 22:00:00,103717.62,104009.7,103380.23,103480.27,19350
2025-01-29 23:00:00,103479.69,104350.13,103438.68,103743.95,18972
2025-01-30 00:00:00,103742.61,104138.1,103259.41,104029.32,18918
2025-01-30 01:00:00,104029.32,104601.41,103927.81,104279.89,18567
2025-01-30 02:00:00,104278.9,104710.53,104001.32,104692.57,18530
2025-01-30 03:00:00,104692.57,105373.21,104511.94,105242.67,19074
2025-01-30 04:00:00,105242.67,105649.64,104875.72,105503.19,19226
2025-01-30 05:00:00,105503.19,105573.78,105085.21,105428.01,19937
2025-01-30 06:00:00,105427.25,105641.82,105197.63,105230.43,19214
2025-01-30 07:00:00,105229.9,105403.73,104826.94,105141.08,20024
2025-01-30 08:00:00,105141.08,105366.3,104955.72,105081.28,19848
2025-01-30 09:00:00,105080.87,105595.43,105028.9,105443.96,20650
2025-01-30 10:00:00,105443.91,105454.91,105138.77,105358.54,19790
2025-01-30 11:00:00,105359.19,105424.99,105085.22,105326.79,19488
2025-01-30 12:00:00,105333.71,105359.93,104869.79,105036.1,19894
2025-01-30 13:00:00,105034.92,105409.56,104861.33,104898.4,20111
2025-01-30 14:00:00,104897.27,106262.53,104660.51,105937.72,21374
2025-01-30 15:00:00,105936.78,106497.07,105410.83,105609.8,20998
2025-01-30 16:00:00,105609.79,106053.93,105483.32,105747.28,19419
2025-01-30 17:00:00,105747.28,105747.28,104930.65,105313.94,19452
2025-01-30 18:00:00,105313.66,105651.91,104786.52,105620.38,20157
2025-01-30 19:00:00,105620.39,105837.18,105275.65,105758.27,19948
2025-01-30 20:00:00,105762.78,105866.33,104869.36,104951.37,19625
2025-01-30 21:00:00,104951.37,105246.71,104816.85,105071.54,19127
2025-01-30 22:00:00,105071.25,105360.13,104986.97,105103.63,18760
2025-01-30 23:00:00,105102.73,105278.26,104664.3,104721.3,18668
2025-01-31 00:00:00,104720.85,105029.33,104373.43,104894.99,20352
2025-01-31 01:00:00,104894.8,104926.94,104407.2,104732.02,19387
2025-01-31 02:00:00,104731.17,104851.84,104220.57,104289.92,19436
2025-01-31 03:00:00,104292.08,104333.55,103867.98,104266.11,20023
2025-01-31 04:00:00,104266.49,104519.55,103906.62,103969.76,20169
2025-01-31 05:00:00,103968.63,104441.41,103956.62,104267.62,19569
2025-01-31 06:00:00,104267.63,104729.01,104236.25,104486.87,21758
2025-01-31 07:00:00,104486.58,104795.22,104008.79,104175.48,19830
2025-01-31 08:00:00,104174.0,104303.12,103974.93,103994.72,19443
2025-01-31 09:00:00,103994.74,104286.67,103874.81,104204.6,19573
2025-01-31 10:00:00,104204.63,104411.65,104027.84,104247.1,20677
2025-01-31 11:00:00,104246.72,104856.18,104245.66,104722.72,21034
2025-01-31 12:00:00,104722.72,104932.39,104551.05,104702.78,21123
2025-01-31 13:00:00,104702.89,105048.05,104552.51,104682.45,19955
2025-01-31 14:00:00,104682.45,104866.83,104069.43,104423.54,19946
2025-01-31 15:00:00,104425.16,106094.65,104420.98,105499.88,21286
2025-01-31 16:00:00,105495.52,105626.83,104703.09,105072.33,21062
2025-01-31 17:00:00,105072.33,105085.66,104494.04,104566.07,20031
2025-01-31 18:00:00,104566.07,104813.11,102567.37,102607.87,22385
2025-01-31 19:00:00,102607.87,102989.47,102089.82,102263.61,21131
2025-01-31 20:00:00,102263.61,102286.54,101537.1,101639.06,19843
2025-01-31 21:00:00,101627.54,102132.73,101499.17,102118.32,19934
2025-01-31 22:00:00,102118.1,102493.75,101896.2,102258.1,20620
2025-01-31 23:00:00,102258.05,102434.12,101941.69,102416.09,19967
2025-02-01 00:00:00,102413.96,102582.6,102189.84,102479.68,20786
2025-02-01 01:00:00,102479.73,102789.92,102436.51,102588.21,21318
2025-02-01 02:00:00,102587.61,102804.05,102378.62,102461.85,20350
2025-02-01 03:00:00,102458.4,102524.65,102170.33,102239.41,21279
2025-02-01 04:00:00,102239.36,102480.1,102093.83,102294.1,20353
2025-02-01 05:00:00,102294.62,102582.9,102204.52,102493.15,19868
2025-02-01 06:00:00,102493.15,102582.85,102154.76,102394.49,19235
2025-02-01 07:00:00,102393.67,102476.48,102129.57,102160.46,18851
2025-02-01 08:00:00,102163.03,102266.53,101789.18,101994.01,19442
2025-02-01 09:00:00,101993.47,101998.07,101350.39,101641.65,19246
2025-02-01 10:00:00,101641.52,101965.16,101595.36,101626.32,21656
2025-02-01 11:00:00,101627.17,102055.12,101612.05,102000.1,20947
2025-02-01 12:00:00,101999.16,102335.44,101973.95,102278.18,20415
2025-02-01 13:00:00,102278.17,102291.38,101801.14,101874.91,20624
2025-02-01 14:00:00,101875.9,102163.98,101794.4,101818.16,19908
2025-02-01 15:00:00,101818.16,102172.06,101698.46,102063.45,20335
2025-02-01 16:00:00,102063.26,102218.5,101871.62,101906.73,20367
2025-02-01 17:00:00,101906.06,102292.75,101892.09,102263.92,19839
2025-02-01 18:00:00,102263.53,102298.94,101955.96,102006.24,19627
2025-02-01 19:00:00,102006.36,102041.07,101404.03,101639.45,20618
2025-02-01 20:00:00,101639.45,101639.45,100922.05,101299.2,20091
2025-02-01 21:00:00,101298.51,101564.24,100970.2,101179.32,20332
2025-02-01 22:00:00,101179.56,101416.98,100422.86,100602.15,19209
2025-02-01 23:00:00,100601.11,100835.19,100194.81,100591.75,19134
2025-02-02 00:00:00,100592.36,101262.13,100429.1,101215.25,20361
2025-02-02 01:00:00,101215.38,101446.77,101138.12,101228.18,19588
2025-02-02 02:00:00,101228.18,101263.67,100321.55,100361.18,19391
2025-02-02 03:00:00,100360.78,100677.74,99039.04,99098.22,19633
2025-02-02 04:00:00,99098.22,99796.53,98909.22,99449.64,21297
2025-02-02 05:00:00,99449.4,100277.81,99398.62,100192.35,19831
2025-02-02 06:00:00,100192.36,100467.54,100034.74,100232.8,19794
2025-02-02 07:00:00,100233.21,100247.41,99512.13,99537.82,20323
2025-02-02 08:00:00,99536.78,100021.56,99215.91,99742.46,20145
2025-02-02 09:00:00,99741.67,99792.52,99243.31,99609.25,19775
2025-02-02 10:00:00,99608.66,99610.81,99138.53,99307.05,19420
2025-02-02 11:00:00,99306.31,99493.48,98508.66,98772.82,20067
2025-02-02 12:00:00,98772.88,99073.8,98044.45,98078.95,18842
2025-02-02 13:00:00,98078.95,98752.34,98066.52,98700.29,20784
2025-02-02 14:00:00,98699.87,99334.14,98606.41,99105.16,20871
2025-02-02 15:00:00,99105.16,99326.31,98614.08,99265.71,20735
2025-02-02 16:00:00,99267.27,99291.57,97980.72,98164.02,19487
2025-02-02 17:00:00,98164.29,98478.62,96828.53,97099.32,23483
2025-02-02 18:00:00,97101.57,97784.4,96645.98,96914.55,23686
2025-02-02 19:00:00,96914.54,98577.87,96668.34,98139.93,23324
2025-02-02 20:00:00,98134.63,98500.71,97523.44,97670.43,20640
2025-02-02 21:00:00,97670.58,97855.61,96411.88,96907.43,21156
2025-02-02 22:00:00,96909.0,97959.85,95986.22,97922.53,22756
2025-02-02 23:00:00,97922.53,97931.52,96431.64,97591.4,27155
2025-02-03 00:00:00,97591.4,97684.06,95293.15,96394.87,28681
2025-02-03 01:00:00,96395.22,96804.54,91708.06,93294.28,36543
2025-02-03 02:00:00,93298.42,94897.71,91078.24,93478.61,39270
2025-02-03 03:00:00,93478.61,94613.39,93330.22,94028.66,26404
2025-02-03 04:00:00,94028.66,94502.61,92628.18,92803.82,23134
2025-02-03 05:00:00,92803.81,94283.51,92754.58,94206.73,21874
2025-02-03 06:00:00,94206.73,94653.63,93664.62,93925.91,22171
2025-02-03 07:00:00,93925.77,95489.97,93856.84,95387.61,22245
2025-02-03 08:00:00,95388.0,95737.78,94942.33,95404.19,23338
2025-02-03 09:00:00,95404.19,96047.59,95333.82,95388.74,22293
2025-02-03 10:00:00,95388.34,95828.95,94870.55,95794.26,22440
2025-02-03 11:00:00,95794.26,95805.66,94985.52,95159.77,21916
2025-02-03 12:00:00,95159.58,95622.33,94776.3,94787.61,22026
2025-02-03 13:00:00,94787.6,95391.09,94356.29,94647.49,22081
2025-02-03 14:00:00,94646.9,96733.64,94129.8,96612.34,30542
2025-02-03 15:00:00,96612.34,99519.8,96217.46,98879.67,32037
2025-02-03 16:00:00,98879.68,99085.85,98205.79,98611.16,24969
2025-02-03 17:00:00,98611.15,99347.15,98070.53,99207.93,22811
2025-02-03 18:00:00,99217.0,100017.44,98964.28,99877.68,22034
2025-02-03 19:00:00,99876.6,101968.27,99636.43,101958.13,22325
2025-02-03 20:00:00,101956.8,102057.76,101099.81,101187.99,23337
2025-02-03 21:00:00,101184.44,102026.56,100982.03,101838.78,22280
2025-02-03 22:00:00,101839.68,102563.5,101548.02,101764.0,21800
2025-02-03 23:00:00,101761.82,101902.04,101304.22,101383.6,21068
2025-02-04 00:00:00,101380.08,101716.13,101085.13,101111.45,20997
2025-02-04 01:00:00,101110.81,101741.45,100761.73,101411.39,22413
2025-02-04 02:00:00,101411.62,101468.35,100809.58,100861.28,20827
2025-02-04 03:00:00,100861.01,101048.71,100538.68,100613.81,21080
2025-02-04 04:00:00,100613.79,100763.91,99970.95,100039.72,20574
2025-02-04 05:00:00,100039.72,100086.51,98206.4,98862.45,25417
2025-02-04 06:00:00,98859.58,99639.32,98805.13,99382.16,21545
2025-02-04 07:00:00,99382.36,99490.84,98277.94,98406.4,20931
2025-02-04 08:00:00,98406.39,98692.59,97808.58,98256.72,22269
2025-02-04 09:00:00,98256.72,98798.98,98222.61,98328.46,20950
2025-02-04 10:00:00,98327.38,98951.24,98310.37,98756.99,20433
2025-02-04 11:00:00,98757.25,99406.07,98711.61,98958.14,20681
2025-02-04 12:00:00,98958.75,99804.99,98958.01,99353.98,21427
2025-02-04 13:00:00,99353.98,99554.79,98956.95,99016.79,21292
2025-02-04 14:00:00,99016.78,100397.19,98555.11,99969.57,25137
2025-02-04 15:00:00,99969.57,100227.1,98250.83,99349.53,26809
2025-02-04 16:00:00,99348.4,99943.0,99015.24,99038.06,21733
2025-02-04 17:00:00,99037.81,99604.92,98798.75,99157.01,20511
2025-02-04 18:00:00,99157.08,99553.35,98743.47,99386.09,19793
2025-02-04 19:00:00,99386.09,100797.16,98772.01,98853.45,23895
2025-02-04 20:00:00,98847.8,99408.38,97925.12,98626.88,27369
2025-02-04 21:00:00,98626.82,98642.06,96397.53,96502.31,24524
2025-02-04 22:00:00,96503.05,97958.99,96151.37,97711.2,22202
2025-02-04 23:00:00,97711.2,98197.31,97462.62,97745.29,20862
2025-02-05 00:00:00,97745.29,98390.23,97667.32,98250.54,20230
2025-02-05 01:00:00,98247.93,98944.06,97629.75,97814.92,21029
2025-02-05 02:00:00,97815.1,98180.79,97075.02,97954.96,21816
2025-02-05 03:00:00,97954.06,98300.82,97751.27,98004.81,19777
2025-02-05 04:00:00,98002.11,98315.19,97867.2,98011.46,19859
2025-02-05 05:00:00,98011.37,98287.75,97633.77,98105.43,19932
2025-02-05 06:00:00,98104.56,98184.34,97516.64,97629.43,19347
2025-02-05 07:00:00,97628.67,97952.02,97314.33,97831.45,19916
2025-02-05 08:00:00,97831.79,98016.85,97531.69,97595.21,20264
2025-02-05 09:00:00,97596.04,97946.17,97227.24,97389.58,20742
2025-02-05 10:00:00,97389.35,98019.61,97337.92,97721.91,19742
2025-02-05 11:00:00,97724.2,98217.99,97686.37,98200.16,21173
2025-02-05 12:00:00,98200.27,98710.56,97964.02,98031.51,21387
2025-02-05 13:00:00,98031.51,98666.59,97910.1,98572.95,20658
2025-02-05 14:00:00,98565.34,99145.8,98084.71,98264.8,21808
2025-02-05 15:00:00,98264.61,98530.42,97721.72,98072.19,22880
2025-02-05 16:00:00,98071.65,98265.39,97276.3,97933.9,21577
2025-02-05 17:00:00,97944.6,98219.17,97297.29,97512.34,19746
2025-02-05 18:00:00,97510.51,97667.33,96471.83,96685.75,20437
2025-02-05 19:00:00,96685.74,97510.65,96452.26,97366.84,19957
2025-02-05 20:00:00,97366.81,97713.95,96866.03,97293.66,19447
2025-02-05 21:00:00,97293.66,97524.53,96747.48,96938.1,19188
2025-02-05 22:00:00,96938.11,97073.51,96261.03,96449.35,18722
2025-02-05 23:00:00,96449.35,96883.71,96155.16,96616.69,19416
2025-02-06 00:00:00,96616.12,97036.12,96438.63,96870.98,19516
2025-02-06 01:00:00,96870.78,97270.91,96669.52,97169.28,19932
2025-02-06 02:00:00,97171.14,97477.36,97095.63,97341.82,20251
2025-02-06 03:00:00,97341.82,97499.93,97053.8,97337.18,19508
2025-02-06 04:00:00,97337.99,97835.06,97250.48,97596.48,19038
2025-02-06 05:00:00,97596.66,97850.83,97559.59,97768.8,19193
2025-02-06 06:00:00,97768.78,98414.48,97645.0,98353.16,20426
2025-02-06 07:00:00,98353.21,98353.5,97984.91,98200.36,20287
2025-02-06 08:00:00,98200.36,98325.45,97900.0,98108.55,20825
2025-02-06 09:00:00,98108.0,98741.38,98067.77,98609.18,21106
2025-02-06 10:00:00,98609.06,99070.72,98607.62,99014.48,20889
2025-02-06 11:00:00,99014.48,99125.85,98388.07,98867.36,21061
2025-02-06 12:00:00,98867.31,99059.59,98251.78,98315.35,20146
2025-02-06 13:00:00,98317.53,98752.18,98115.13,98579.97,20548
2025-02-06 14:00:00,98579.74,98900.77,97757.55,97828.57,22134
2025-02-06 15:00:00,97828.57,98047.38,96915.56,97347.68,23173
2025-02-06 16:00:00,97349.28,97577.99,96416.7,96630.05,20865
2025-02-06 17:00:00,96631.39,97253.32,96419.81,96771.54,20705
2025-02-06 18:00:00,96772.59,96918.87,95915.48,96383.38,20950
2025-02-06 19:00:00,96383.58,96977.86,95706.72,96033.73,20793
2025-02-06 20:00:00,96033.95,97141.2,95811.02,96987.88,19692
2025-02-06 21:00:00,96979.19,96999.23,96117.98,96869.37,20259
2025-02-06 22:00:00,96869.27,97014.02,96203.35,97006.45,18478
2025-02-06 23:00:00,97012.03,97028.75,96265.81,96613.25,18454
2025-02-07 00:00:00,96612.6,96997.95,96450.79,96557.66,18701
2025-02-07 01:00:00,96557.67,97883.33,96545.17,97421.71,19592
2025-02-07 02:00:00,97421.7,97653.72,97074.59,97584.81,19466
2025-02-07 03:00:00,97584.81,97786.65,97247.97,97466.16,19275
2025-02-07 04:00:00,97465.93,97889.24,97387.9,97432.91,19094
2025-02-07 05:00:00,97434.16,97557.87,97145.5,97364.03,19339
2025-02-07 06:00:00,97363.96,97384.24,96593.78,96778.14,20625
2025-02-07 07:00:00,96778.13,97244.86,96648.58,96757.96,19992
2025-02-07 08:00:00,96759.6,97293.08,96626.48,97029.33,18706
2025-02-07 09:00:00,97029.65,97398.1,97029.65,97279.55,20238
2025-02-07 10:00:00,97279.65,97486.08,97217.75,97252.55,20329
2025-02-07 11:00:00,97252.2,97751.81,97244.16,97722.81,20629
2025-02-07 12:00:00,97717.81,98000.35,97470.87,97943.72,21912
2025-02-07 13:00:00,97942.44,98839.12,97163.15,98790.98,23129
2025-02-07 14:00:00,98805.64,100133.29,98649.09,99706.43,24143
2025-02-07 15:00:00,99706.44,99706.64,97575.68,98271.17,27274
2025-02-07 16:00:00,98271.17,98570.48,97653.04,97823.77,22807
2025-02-07 17:00:00,97823.77,98157.59,97123.89,97418.49,22676
2025-02-07 18:00:00,97418.49,98349.64,97287.92,97721.29,20707
2025-02-07 19:00:00,97721.29,97805.76,96850.18,96874.25,19925
2025-02-07 20:00:00,96874.25,96936.79,95603.92,95765.0,20034
2025-02-07 21:00:00,95764.66,96167.58,95692.58,96012.03,20848
2025-02-07 22:00:00,96016.53,96116.54,95624.1,96078.14,19675
2025-02-07 23:00:00,96074.73,96589.72,95881.57,96559.47,21805
2025-02-08 00:00:00,96560.23,96923.9,96390.44,96723.17,21462
2025-02-08 01:00:00,96723.86,96833.5,96417.3,96583.97,21266
2025-02-08 02:00:00,96583.96,96881.51,96446.23,96801.17,20131
2025-02-08 03:00:00,96801.16,96949.69,96578.3,96737.01,19885
2025-02-08 04:00:00,96737.03,96740.65,96214.84,96312.61,20256
2025-02-08 05:00:00,96311.26,96375.18,96043.48,96222.47,20438
2025-02-08 06:00:00,96222.47,96233.8,95884.51,96005.02,19919
2025-02-08 07:00:00,96004.48,96327.19,95768.77,96234.67,20860
2025-02-08 08:00:00,96234.67,96330.48,95893.94,95910.92,20731
2025-02-08 09:00:00,95911.18,96228.57,95911.18,96185.84,21108
2025-02-08 10:00:00,96185.75,96319.58,96012.71,96066.62,20869
2025-02-08 11:00:00,96066.57,96148.94,95845.07,96119.44,20663
2025-02-08 12:00:00,96119.11,96269.17,95896.96,96066.36,20166
2025-02-08 13:00:00,96066.99,96529.89,96000.85,96272.4,20770
2025-02-08 14:00:00,96272.4,96406.3,95944.04,96124.44,20834
2025-02-08 15:00:00,96125.17,96236.04,95659.64,95853.3,20220
2025-02-08 16:00:00,95854.3,96141.55,95725.72,96124.83,20095
2025-02-08 17:00:00,96116.85,96433.4,96114.08,96401.87,20359
2025-02-08 18:00:00,96401.65,96589.54,96264.33,96558.63,20835
2025-02-08 19:00:00,96559.26,96815.42,96438.15,96656.74,20658
2025-02-08 20:00:00,96658.05,96704.94,96389.74,96517.26,20901
2025-02-08 21:00:00,96517.59,96670.56,96399.35,96585.02,18893
2025-02-08 22:00:00,96583.49,96771.77,96423.38,96535.9,20112
2025-02-08 23:00:00,96535.1,96780.57,96505.78,96528.79,19749
2025-02-09 00:00:00,96529.75,96673.12,96411.72,96630.26,19629
2025-02-09 01:00:00,96630.26,97062.47,96553.39,97047.42,19687
2025-02-09 02:00:00,97043.85,97129.11,96725.17,96784.71,19533
2025-02-09 03:00:00,96784.76,97342.82,96746.62,97327.22,20362
2025-02-09 04:00:00,97327.24,97353.2,96971.24,97215.59,20839
2025-02-09 05:00:00,97215.64,97244.53,96985.7,97036.17,20279
2025-02-09 06:00:00,97035.55,97090.5,96770.94,97017.37,16802
2025-02-09 07:00:00,97017.12,97153.55,96936.62,97080.56,19246
2025-02-09 08:00:00,97081.14,97332.54,97045.75,97076.04,19489
2025-02-09 09:00:00,97076.15,97090.69,96892.23,96947.7,20191
2025-02-09 10:00:00,96948.26,96954.54,96672.4,96795.96,20038
2025-02-09 11:00:00,96797.33,97064.39,96560.83,96587.56,19184
2025-02-09 12:00:00,96587.48,96744.56,96383.76,96549.55,19765
2025-02-09 13:00:00,96549.66,96581.35,95823.08,95901.86,19800
2025-02-09 14:00:00,95901.9,96339.67,95701.29,96150.76,20671
2025-02-09 15:00:00,96140.79,96701.75,96122.04,96520.81,20743
2025-02-09 16:00:00,96519.64,96588.73,96331.52,96476.37,20131
2025-02-09 17:00:00,96476.85,96615.69,95950.46,96178.85,19944
2025-02-09 18:00:00,96178.83,96307.91,95971.43,96221.17,19283
2025-02-09 19:00:00,96222.1,96294.42,95877.5,96058.16,19682
2025-02-09 20:00:00,96058.08,96791.19,96035.43,96330.96,19676
2025-02-09 21:00:00,96330.53,96355.33,94701.54,95175.71,20762
2025-02-09 22:00:00,95175.71,96515.3,94775.27,95870.21,21028
2025-02-09 23:00:00,95870.21,96637.47,95759.14,96507.72,20752
2025-02-10 00:00:00,96508.09,97156.91,96496.69,96751.05,21477
2025-02-10 01:00:00,96750.82,96867.63,95264.13,95599.93,21033
2025-02-10 02:00:00,95599.81,96089.58,95404.62,95833.47,20339
2025-02-10 03:00:00,95832.63,97136.83,95787.56,96830.21,20457
2025-02-10 04:00:00,96830.04,97200.07,96641.35,96951.91,20958
2025-02-10 05:00:00,96952.32,97656.37,96778.71,97014.87,21468
2025-02-10 06:00:00,97014.87,97212.82,96775.29,97159.29,20904
2025-02-10 07:00:00,97159.33,97490.1,97085.05,97427.14,20505
2025-02-10 08:00:00,97425.93,97894.51,97339.11,97676.0,21833
2025-02-10 09:00:00,97675.34,97879.89,97449.49,97652.76,22122
2025-02-10 10:00:00,97652.14,97980.05,97574.62,97736.2,22453
2025-02-10 11:00:00,97735.68,97907.14,97607.34,97675.16,22409
2025-02-10 12:00:00,97674.92,97807.19,97153.45,97360.0,22515
2025-02-10 13:00:00,97360.08,98371.15,97340.44,98212.58,23192
2025-02-10 14:00:00,98212.54,98325.25,97051.51,97287.92,22434
2025-02-10 15:00:00,97288.57,97585.1,96840.23,97231.92,21767
2025-02-10 16:00:00,97231.79,97422.12,96856.42,97318.51,21191
2025-02-10 17:00:00,97317.09,97539.69,96881.42,97499.32,21211
2025-02-10 18:00:00,97499.23,97581.97,97182.06,97554.43,21155
2025-02-10 19:00:00,97554.18,97647.13,97249.35,97384.68,23553
2025-02-10 20:00:00,97384.86,97489.68,97198.0,97338.42,22305
2025-02-10 21:00:00,97338.92,97378.28,97118.86,97375.4,22461
2025-02-10 22:00:00,97374.0,97491.65,97264.95,97386.37,23806
2025-02-10 23:00:00,97386.51,97457.87,97226.14,97413.43,22702
2025-02-11 00:00:00,97414.96,98152.68,97391.52,97770.29,23045
2025-02-11 01:00:00,97769.84,98089.54,97751.74,97993.76,22102
2025-02-11 02:00:00,97993.39,98127.96,97446.72,97758.79,21270
2025-02-11 03:00:00,97758.74,97768.8,97459.35,97583.41,21115
2025-02-11 04:00:00,97584.09,98241.86,97526.47,98051.95,21069
2025-02-11 05:00:00,98051.48,98514.43,97991.11,98439.62,21939
2025-02-11 06:00:00,98439.62,98492.38,98120.81,98408.45,21182
2025-02-11 07:00:00,98408.45,98476.74,98249.51,98269.71,21511
2025-02-11 08:00:00,98270.36,98345.1,98096.29,98229.02,20629
2025-02-11 09:00:00,98228.74,98309.34,97888.27,97994.4,21970
2025-02-11 10:00:00,97994.37,98133.05,97863.52,97950.12,20880
2025-02-11 11:00:00,97949.98,98227.3,97857.02,98135.17,20459
2025-02-11 12:00:00,98135.32,98143.56,97631.14,97742.79,21208
2025-02-11 13:00:00,97742.91,97825.49,96644.82,96786.84,21420
2025-02-11 14:00:00,96776.59,97344.53,96563.97,96974.22,22736
2025-02-11 15:00:00,96973.77,97287.09,96638.69,97055.98,22051
2025-02-11 16:00:00,97055.98,97091.12,96308.67,96385.78,21286
2025-02-11 17:00:00,96386.88,96412.58,95967.62,96184.39,20943
2025-02-11 18:00:00,96184.37,96190.88,95409.97,95483.52,21216
2025-02-11 19:00:00,95485.17,95670.46,94839.22,95019.35,21387
2025-02-11 20:00:00,95019.35,95435.36,94898.8,95278.68,21224
2025-02-11 21:00:00,95277.09,96497.75,95231.11,96442.69,21521
2025-02-11 22:00:00,96441.77,96565.14,95373.67,95632.67,21161
2025-02-11 23:00:00,95632.67,96017.4,95519.29,95826.88,21001
2025-02-12 00:00:00,95826.67,96192.5,95718.58,96116.22,20476
2025-02-12 01:00:00,96115.16,96326.98,95851.35,96272.4,20397
2025-02-12 02:00:00,96272.41,96277.86,95408.24,95610.54,20278
2025-02-12 03:00:00,95609.85,95783.83,95104.37,95287.63,21370
2025-02-12 04:00:00,95287.63,95599.24,95240.94,95535.32,19973
2025-02-12 05:00:00,95536.62,95946.69,95469.1,95916.23,20793
2025-02-12 06:00:00,95916.28,95994.57,95699.4,95865.07,20734
2025-02-12 07:00:00,95865.4,96231.17,95829.82,96119.69,21469
2025-02-12 08:00:00,96119.69,96518.51,96088.23,96400.97,22016
2025-02-12 09:00:00,96400.57,96434.36,96084.84,96200.02,21744
2025-02-12 10:00:00,96200.84,96258.6,95932.0,96017.44,22329
2025-02-12 11:00:00,96016.29,96452.72,96014.17,96140.16,20972
2025-02-12 12:00:00,96142.47,96402.54,95964.21,96031.07,20739
2025-02-12 13:00:00,96031.19,96662.47,94075.43,94966.22,27450
2025-02-12 14:00:00,94965.42,95719.36,94470.91,95654.43,25623
2025-02-12 15:00:00,95654.51,96028.61,94739.5,95829.54,24741
2025-02-12 16:00:00,95829.56,97147.66,95126.97,97016.05,22044
2025-02-12 17:00:00,97016.05,97768.74,96791.04,97376.96,22843
2025-02-12 18:00:00,97379.48,97481.55,96619.41,96902.64,21652
2025-02-12 19:00:00,96903.03,97272.65,96320.1,97182.63,20727
2025-02-12 20:00:00,97182.63,97657.82,96919.73,97051.48,21338
2025-02-12 21:00:00,97051.48,97938.64,96849.7,97650.75,20647
2025-02-12 22:00:00,97649.3,98144.39,97400.78,97814.76,21130
2025-02-12 23:00:00,97814.75,98031.91,97585.57,97823.71,21448
2025-02-13 00:00:00,97825.51,97835.12,97492.09,97776.26,20535
2025-02-13 01:00:00,97776.54,98093.11,97708.55,97986.63,20970
2025-02-13 02:00:00,97986.89,97998.46,97283.81,97415.77,20678
2025-02-13 03:00:00,97417.36,97564.49,97349.15,97410.85,20686
2025-02-13 04:00:00,97410.51,97474.13,96686.33,96874.0,21328
2025-02-13 05:00:00,96872.79,96881.66,96451.9,96643.28,20836
2025-02-13 06:00:00,96643.34,96739.8,95753.94,96020.16,20903
2025-02-13 07:00:00,96020.05,96200.16,95871.71,96052.43,21568
2025-02-13 08:00:00,96053.34,96167.02,95707.91,95957.75,21904
2025-02-13 09:00:00,95958.18,96331.11,95804.08,96281.98,23053
2025-02-13 10:00:00,96282.25,96379.19,96120.18,96189.53,22672
2025-02-13 11:00:00,96189.56,96320.87,95596.89,95950.47,21729
2025-02-13 12:00:00,95950.37,96107.79,95721.18,95866.76,22067
2025-02-13 13:00:00,95866.44,96323.45,95691.55,96119.81,22576
2025-02-13 14:00:00,96119.81,96146.76,95354.68,95899.5,21906
2025-02-13 15:00:00,95899.5,96500.01,95578.47,96030.68,20947
2025-02-13 16:00:00,96027.47,96029.28,95213.65,95359.42,19723
2025-02-13 17:00:00,95356.27,96057.41,95293.58,95757.02,20038
2025-02-13 18:00:00,95756.51,96028.05,95369.52,96005.85,20259
2025-02-13 19:00:00,96005.85,96410.29,95602.98,95675.65,19174
2025-02-13 20:00:00,95675.67,96339.37,95630.25,96301.86,19101
2025-02-13 21:00:00,96301.86,96839.37,96285.39,96521.4,20316
2025-02-13 22:00:00,96522.19,96649.1,96299.41,96447.89,20247
2025-02-13 23:00:00,96447.35,96689.4,96357.41,96646.97,19193
2025-02-14 00:00:00,96655.46,97007.58,96574.22,96784.05,20973
2025-02-14 01:00:00,96784.61,96928.26,96404.37,96584.97,20422
2025-02-14 02:00:00,96584.96,96865.93,96483.67,96577.97,19869
2025-02-14 03:00:00,96577.97,97237.19,96562.4,97164.42,19669
2025-02-14 04:00:00,97164.27,97276.17,96756.65,96779.03,19040
2025-02-14 05:00:00,96779.36,96937.25,96575.71,96707.63,18681
2025-02-14 06:00:00,96707.77,96909.85,96623.55,96864.28,18646
2025-02-14 07:00:00,96863.64,97093.46,96829.11,96946.88,19956
2025-02-14 08:00:00,96946.45,97042.36,96792.55,96896.76,19831
2025-02-14 09:00:00,96896.74,97170.7,96835.96,97093.22,21000
2025-02-14 10:00:00,97093.13,97190.93,96938.46,97002.88,20009
2025-02-14 11:00:00,97002.96,97140.72,96784.5,96892.87,20527
2025-02-14 12:00:00,96892.71,96892.71,96519.92,96667.6,21986
2025-02-14 13:00:00,96667.48,96990.69,96456.33,96782.05,20636
2025-02-14 14:00:00,96781.85,97575.58,96568.58,97271.67,21883
2025-02-14 15:00:00,97271.67,97394.4,96249.15,96962.02,22194
2025-02-14 16:00:00,96960.63,97744.98,96495.86,97655.74,22266
2025-02-14 17:00:00,97655.73,98790.57,97113.29,98492.22,22077
2025-02-14 18:00:00,98478.34,98706.5,98125.67,98150.57,21937
2025-02-14 19:00:00,98150.47,98400.48,97565.06,97867.05,20660
2025-02-14 20:00:00,97873.47,98212.19,96930.63,97131.96,20818
2025-02-14 21:00:00,97131.96,97489.44,96655.03,97445.93,22359
2025-02-14 22:00:00,97454.3,97536.81,96912.56,97122.15,20521
2025-02-14 23:00:00,97122.17,97497.66,96991.36,97458.92,20248
2025-02-15 00:00:00,97459.06,97488.42,97199.1,97435.1,20728
2025-02-15 01:00:00,97435.5,97785.28,97405.32,97729.41,21429
2025-02-15 02:00:00,97729.65,97865.84,97552.35,97758.99,21200
2025-02-15 03:00:00,97759.14,97914.97,97574.44,97588.6,21033
2025-02-15 04:00:00,97588.66,97714.52,97415.17,97457.49,20383
2025-02-15 05:00:00,97457.69,97582.24,97378.36,97545.17,19381
2025-02-15 06:00:00,97545.17,97605.01,97364.4,97431.88,19751
2025-02-15 07:00:00,97436.98,97477.56,97288.52,97314.63,20917
2025-02-15 08:00:00,97314.58,97500.84,97250.8,97458.16,20271
2025-02-15 09:00:00,97458.21,97552.59,97368.85,97487.32,19225
2025-02-15 10:00:00,97487.1,97675.13,97385.84,97589.41,19091
2025-02-15 11:00:00,97588.23,97619.59,97422.64,97560.02,19438
2025-02-15 12:00:00,97560.14,97780.19,97473.77,97687.73,18788
2025-02-15 13:00:00,97690.07,97884.34,97599.21,97647.51,19171
2025-02-15 14:00:00,97647.51,97700.63,97359.35,97546.94,19740
2025-02-15 15:00:00,97545.77,97654.46,97472.34,97562.76,19598
2025-02-15 16:00:00,97562.98,97649.23,97375.38,97470.54,19072
2025-02-15 17:00:00,97470.71,97527.31,97268.7,97370.61,19677
2025-02-15 18:00:00,97371.56,97547.21,97325.53,97494.98,19577
2025-02-15 19:00:00,97495.0,97601.45,97460.53,97506.94,18894
2025-02-15 20:00:00,97507.15,97603.04,97360.43,97488.09,17801
2025-02-15 21:00:00,97488.2,97644.33,97473.47,97611.82,18865
2025-02-15 22:00:00,97611.61,97680.6,97359.09,97492.9,19781
2025-02-15 23:00:00,97492.52,97589.16,97374.94,97526.95,17457
2025-02-16 00:00:00,97526.89,97657.11,97502.91,97545.86,19846
2025-02-16 01:00:00,97545.85,97619.52,97485.02,97583.97,18371
2025-02-16 02:00:00,97583.46,97609.36,97418.0,97470.97,18489
2025-02-16 03:00:00,97470.92,97505.2,97374.36,97493.85,18222
2025-02-16 04:00:00,97494.31,97547.03,97419.87,97471.05,17786
2025-02-16 05:00:00,97471.57,97617.01,97406.21,97534.99,17709
2025-02-16 06:00:00,97534.76,97566.78,97379.05,97429.91,18122
2025-02-16 07:00:00,97430.02,97432.23,97134.58,97212.79,19916
2025-02-16 08:00:00,97212.44,97305.53,97089.77,97149.55,20035
2025-02-16 09:00:00,97148.62,97351.32,97030.64,97329.82,19566
2025-02-16 10:00:00,97329.84,97373.11,97137.06,97163.89,19976
2025-02-16 11:00:00,97164.17,97316.78,97127.43,97300.28,19383
2025-02-16 12:00:00,97300.46,97307.33,97058.28,97106.78,18757
2025-02-16 13:00:00,97106.77,97209.66,96756.26,96843.31,19934
2025-02-16 14:00:00,96843.31,97043.63,96669.85,96965.34,21454
2025-02-16 15:00:00,96965.37,97107.38,96878.8,96895.6,20391
2025-02-16 16:00:00,96895.47,97124.58,96854.21,97045.84,19165
2025-02-16 17:00:00,97045.27,97179.52,96909.48,96952.38,19721
2025-02-16 18:00:00,96952.48,96988.08,96614.77,96868.46,19221
2025-02-16 19:00:00,96865.99,97112.92,96743.83,97051.06,19114
2025-02-16 20:00:00,97051.63,97171.26,96842.13,96894.58,19341
2025-02-16 21:00:00,96894.41,97281.72,96847.7,97152.91,19232
2025-02-16 22:00:00,97152.87,97184.64,96557.81,96884.33,19445
2025-02-16 23:00:00,96884.35,96893.42,96045.37,96114.71,21068
2025-02-17 00:00:00,96118.5,96465.78,96046.39,96335.9,20448
2025-02-17 01:00:00,96336.17,96578.13,96073.64,96534.0,20212
2025-02-17 02:00:00,96534.23,96689.94,96184.47,96265.54,20445
2025-02-17 03:00:00,96265.96,96306.7,96085.17,96230.22,21288
2025-02-17 04:00:00,96230.07,96300.77,96004.59,96069.67,20787
2025-02-17 05:00:00,96069.84,96361.17,95812.3,96278.07,20448
2025-02-17 06:00:00,96277.98,96514.6,96243.06,96434.65,20913
2025-02-17 07:00:00,96434.64,96529.16,95938.16,96103.33,20980
2025-02-17 08:00:00,96103.08,96346.79,95979.74,96185.38,20646
2025-02-17 09:00:00,96185.33,96383.56,96121.49,96204.2,21453
2025-02-17 10:00:00,96202.89,96451.25,96085.56,96147.99,21421
2025-02-17 11:00:00,96148.9,96331.07,96035.59,96100.74,20672
2025-02-17 12:00:00,96100.65,96585.55,96083.61,96496.71,20837
2025-02-17 13:00:00,96496.99,96543.88,96304.48,96462.23,20360
2025-02-17 14:00:00,96463.62,97088.87,96439.92,96836.3,21262
2025-02-17 15:00:00,96836.35,96939.3,95557.47,95680.05,20783
2025-02-17 16:00:00,95680.05,95977.54,95284.34,95333.38,20695
2025-02-17 17:00:00,95332.18,95732.28,95275.29,95488.52,20481
2025-02-17 18:00:00,95488.52,95785.7,95214.95,95309.66,20152
2025-02-17 19:00:00,95310.19,95608.48,95159.78,95535.98,20219
2025-02-17 20:00:00,95536.9,96337.82,95496.84,96030.73,21026
2025-02-17 21:00:00,96030.11,96491.69,95965.64,96477.29,20312
2025-02-17 22:00:00,96474.89,96493.29,95904.25,95940.64,20995
2025-02-17 23:00:00,95939.81,96060.89,95725.54,95829.02,20707
2025-02-18 00:00:00,95828.55,96107.77,95562.32,95666.82,20781
2025-02-18 01:00:00,95666.81,96376.0,95620.24,96328.29,20845
2025-02-18 02:00:00,96328.16,96399.49,96071.97,96126.94,22215
2025-02-18 03:00:00,96126.42,96372.46,96044.86,96274.21,21560
2025-02-18 04:00:00,96274.72,96379.53,96024.91,96123.39,23339
2025-02-18 05:00:00,96123.35,96173.95,95578.38,95645.81,21441
2025-02-18 06:00:00,95646.03,95685.59,95214.95,95356.84,21333
2025-02-18 07:00:00,95356.15,95730.05,95287.71,95464.71,22399
2025-02-18 08:00:00,95464.29,95582.2,95026.94,95224.5,21874
2025-02-18 09:00:00,95228.51,95828.32,95128.94,95802.31,23121
2025-02-18 10:00:00,95802.47,95918.08,95652.49,95779.09,22211
2025-02-18 11:00:00,95778.93,95813.74,95573.73,95643.49,21841
2025-02-18 12:00:00,95643.49,96318.09,95605.35,96214.75,21779
2025-02-18 13:00:00,96215.41,96523.15,96135.51,96259.91,22612
2025-02-18 14:00:00,96260.16,96799.12,95411.41,95553.8,23528
2025-02-18 15:00:00,95553.8,95744.8,95141.21,95542.87,21339
2025-02-18 16:00:00,95542.57,95645.03,94563.27,94603.75,21336
2025-02-18 17:00:00,94603.75,94845.92,94053.48,94068.96,21010
2025-02-18 18:00:00,94068.84,94304.97,93544.36,93890.89,20662
2025-02-18 19:00:00,93890.29,94374.76,93316.25,94067.28,20854
2025-02-18 20:00:00,94067.1,94421.04,93689.58,94150.75,21602
2025-02-18 21:00:00,94150.75,95313.75,94065.09,95038.33,22249
2025-02-18 22:00:00,95038.52,95524.93,94833.11,95300.18,20819
2025-02-18 23:00:00,95300.17,95709.69,95259.41,95683.48,21074
2025-02-19 00:00:00,95683.47,95871.46,95290.4,95357.03,22011
2025-02-19 01:00:00,95357.54,95497.31,95057.2,95490.52,22338
2025-02-19 02:00:00,95491.04,96003.5,95452.99,95859.67,21360
2025-02-19 03:00:00,95859.7,95886.8,95609.58,95761.86,21803
2025-02-19 04:00:00,95763.33,95828.8,95245.32,95249.2,21808
2025-02-19 05:00:00,95249.2,95357.16,95033.06,95286.46,22067
2025-02-19 06:00:00,95285.71,95702.54,95244.42,95645.48,21554
2025-02-19 07:00:00,95645.43,95912.72,95609.75,95718.85,22298
2025-02-19 08:00:00,95718.85,95918.74,95648.18,95669.64,21793
2025-02-19 09:00:00,95666.28,96095.4,95649.62,95986.42,23414
2025-02-19 10:00:00,95986.42,96530.93,95986.41,96340.62,21993
2025-02-19 11:00:00,96340.19,96460.97,96223.24,96450.14,21789
2025-02-19 12:00:00,96450.54,96528.2,96179.14,96193.65,22353
2025-02-19 13:00:00,96193.04,96531.64,96192.44,96311.67,21940
2025-02-19 14:00:00,96311.35,96742.84,95709.12,95791.74,22457
2025-02-19 15:00:00,95791.72,96436.49,95550.79,95978.35,22276
2025-02-19 16:00:00,95978.35,96423.12,95960.44,96344.9,21656
2025-02-19 17:00:00,96345.26,96543.11,96163.82,96445.01,21773
2025-02-19 18:00:00,96444.39,96471.65,95669.3,95704.56,21226
2025-02-19 19:00:00,95705.68,96283.48,95409.36,96244.85,21880
2025-02-19 20:00:00,96246.25,96535.25,96135.08,96230.42,20701
2025-02-19 21:00:00,96230.13,96531.18,96115.61,96362.69,20597
2025-02-19 22:00:00,96364.2,96674.92,96359.51,96554.38,20661
2025-02-19 23:00:00,96554.26,96935.64,96530.52,96655.76,21412
2025-02-20 00:00:00,96655.76,96898.65,96428.24,96879.46,21630
2025-02-20 01:00:00,96879.45,97047.43,96644.11,96794.27,21436
2025-02-20 02:00:00,96799.54,97334.9,96759.29,97160.69,20835
2025-02-20 03:00:00,97161.11,97402.63,96990.06,97069.64,22548
2025-02-20 04:00:00,97069.57,97354.62,97049.81,97228.06,22082
2025-02-20 05:00:00,97227.25,97229.32,96893.57,96928.89,21902
2025-02-20 06:00:00,96928.36,97001.61,96786.56,96932.31,21610
2025-02-20 07:00:00,96932.38,97100.52,96813.63,96885.84,21088
2025-02-20 08:00:00,96886.07,97219.05,96803.62,97158.44,21133
2025-02-20 09:00:00,97158.68,97317.7,97157.17,97196.09,21651
2025-02-20 10:00:00,97194.92,97371.76,97097.52,97365.81,21699
2025-02-20 11:00:00,97365.84,97398.2,97149.38,97200.72,20931
2025-02-20 12:00:00,97199.68,97549.86,97199.68,97423.71,21218
2025-02-20 13:00:00,97422.1,97579.85,97255.73,97552.44,22121
2025-02-20 14:00:00,97552.84,98055.89,96873.86,96975.66,21579
2025-02-20 15:00:00,96975.66,97334.16,96798.29,96927.68,22002
2025-02-20 16:00:00,96931.07,97995.46,96891.73,97560.87,20884
2025-02-20 17:00:00,97560.61,98042.27,97546.83,97970.45,21774
2025-02-20 18:00:00,97971.29,98457.32,97955.65,98290.98,22229
2025-02-20 19:00:00,98291.31,98559.66,98254.51,98431.86,21693
2025-02-20 20:00:00,98431.86,98745.96,98324.67,98487.78,21277
2025-02-20 21:00:00,98487.51,98534.53,97994.23,98095.09,21906
2025-02-20 22:00:00,98094.86,98388.88,98050.1,98124.96,21017
2025-02-20 23:00:00,98124.66,98500.25,98089.03,98295.2,21593
2025-02-21 00:00:00,98294.15,98496.15,98072.29,98221.92,22279
2025-02-21 01:00:00,98222.1,98347.61,98088.71,98294.85,21539
2025-02-21 02:00:00,98294.04,98364.0,98102.35,98116.75,22109
2025-02-21 03:00:00,98116.53,98290.87,98072.53,98136.91,22794
2025-02-21 04:00:00,98136.84,98261.06,98091.85,98190.24,22317
2025-02-21 05:00:00,98190.13,98377.21,98129.96,98311.69,21709
2025-02-21 06:00:00,98311.55,98408.9,98267.44,98383.21,21220
2025-02-21 07:00:00,98382.7,98597.42,98145.51,98181.85,23043
2025-02-21 08:00:00,98181.86,98262.43,98112.65,98212.05,21730
2025-02-21 09:00:00,98212.07,98923.81,98097.98,98342.16,22364
2025-02-21 10:00:00,98341.39,98679.5,98226.02,98616.43,22286
2025-02-21 11:00:00,98616.72,98831.31,98477.33,98642.8,22551
2025-02-21 12:00:00,98642.56,98994.32,98531.95,98919.78,22668
2025-02-21 13:00:00,98919.67,99481.06,98802.75,99322.31,22844
2025-02-21 14:00:00,99322.36,99369.71,98325.51,98787.4,23041
2025-02-21 15:00:00,98787.89,99336.48,97179.51,98092.64,25082
2025-02-21 16:00:00,98091.88,98758.93,97707.85,98206.66,24174
2025-02-21 17:00:00,98206.65,98421.71,96798.35,96960.6,22604
2025-02-21 18:00:00,96960.6,97230.85,96516.24,96542.76,21481
2025-02-21 19:00:00,96542.77,96828.91,95189.9,95245.05,22204
2025-02-21 20:00:00,95249.18,95626.72,94764.5,94948.53,21419
2025-02-21 21:00:00,94948.53,95382.76,94900.91,95303.49,22428
2025-02-21 22:00:00,95304.62,95897.86,95142.79,95794.99,22447
2025-02-21 23:00:00,95795.0,96216.63,95632.1,96195.96,22899
2025-02-22 00:00:00,96195.89,96246.33,95796.27,96219.74,22584
2025-02-22 01:00:00,96219.75,96488.28,96147.67,96275.16,22400
2025-02-22 02:00:00,96275.15,96472.6,96118.96,96369.74,21819
2025-02-22 03:00:00,96368.55,96400.68,96170.63,96329.5,21286
2025-02-22 04:00:00,96329.64,96514.63,96289.18,96437.6,21492
2025-02-22 05:00:00,96437.43,96587.81,96338.87,96554.12,21288
2025-02-22 06:00:00,96554.07,96637.14,96356.18,96417.89,21035
2025-02-22 07:00:00,96412.67,96542.02,96297.57,96317.69,21054
2025-02-22 08:00:00,96317.26,96376.49,96155.44,96246.0,21314
2025-02-22 09:00:00,96245.87,96545.04,96171.97,96510.08,21386
2025-02-22 10:00:00,96510.07,96607.82,96445.17,96520.69,21366
2025-02-22 11:00:00,96519.65,96664.48,96516.44,96618.99,20279
2025-02-22 12:00:00,96619.23,97052.91,96594.65,96863.86,21080
2025-02-22 13:00:00,96863.85,96942.7,96528.47,96587.54,21887
2025-02-22 14:00:00,96587.15,96750.88,96558.06,96577.11,20568
2025-02-22 15:00:00,96575.79,96761.64,96516.06,96632.88,21661
2025-02-22 16:00:00,96633.09,96851.33,96483.12,96549.29,21832
2025-02-22 17:00:00,96549.84,96746.12,96506.13,96683.11,21033
2025-02-22 18:00:00,96683.43,96890.81,96449.51,96511.28,20422
2025-02-22 19:00:00,96511.4,96713.61,96412.86,96691.46,21512
2025-02-22 20:00:00,96691.75,96716.21,96559.36,96633.43,19771
2025-02-22 21:00:00,96633.39,96747.57,96568.13,96722.24,20788
2025-02-22 22:00:00,96722.56,96779.62,96665.59,96699.57,19115
2025-02-22 23:00:00,96700.39,96724.91,96543.53,96618.3,19191
2025-02-23 00:00:00,96617.7,96728.05,96542.3,96702.31,19688
2025-02-23 01:00:00,96702.31,96710.03,96438.0,96536.31,20821
2025-02-23 02:00:00,96536.17,96592.0,96467.29,96499.13,19843
2025-02-23 03:00:00,96498.67,96639.72,96463.57,96503.1,19789
2025-02-23 04:00:00,96503.28,96596.16,96453.62,96481.19,19483
2025-02-23 05:00:00,96481.21,96506.88,96255.12,96273.6,21267
2025-02-23 06:00:00,96273.77,96413.63,96203.91,96406.39,20505
2025-02-23 07:00:00,96406.68,96635.03,96354.84,96587.26,21697
2025-02-23 08:00:00,96587.22,96587.22,96366.26,96441.42,20815
2025-02-23 09:00:00,96442.7,96545.94,96315.93,96361.44,20649
2025-02-23 10:00:00,96361.82,96382.67,96131.31,96248.93,20925
2025-02-23 11:00:00,96249.13,96297.91,96117.35,96164.77,20158
2025-02-23 12:00:00,96164.46,96218.28,95695.15,95782.11,20862
2025-02-23 13:00:00,95782.12,96043.01,95757.58,96034.91,21103
2025-02-23 14:00:00,96030.36,96099.43,95561.12,95635.35,21331
2025-02-23 15:00:00,95635.63,95772.29,95430.37,95472.78,22010
2025-02-23 16:00:00,95471.35,95651.14,95440.33,95449.67,21978
2025-02-23 17:00:00,95449.54,95778.73,95228.19,95668.22,21353
2025-02-23 18:00:00,95667.6,95930.03,95621.58,95797.16,22376
2025-02-23 19:00:00,95797.13,95907.77,95759.42,95809.0,20282
2025-02-23 20:00:00,95809.79,95881.23,95717.2,95830.19,20106
2025-02-23 21:00:00,95830.55,95837.25,95673.35,95816.77,19820
2025-02-23 22:00:00,95816.29,95998.14,95579.43,95854.06,20431
2025-02-23 23:00:00,95853.98,96408.5,95831.3,96331.2,21447
2025-02-24 00:00:00,96331.34,96587.7,96213.56,96316.96,21319
2025-02-24 01:00:00,96316.48,96418.56,95804.43,96031.43,21975
2025-02-24 02:00:00,96031.44,96260.38,95791.61,95880.7,21563
2025-02-24 03:00:00,95880.69,95882.51,95351.86,95481.02,21074
2025-02-24 04:00:00,95481.05,95619.46,95084.28,95330.29,21093
2025-02-24 05:00:00,95330.0,95831.48,95263.55,95775.7,21956
2025-02-24 06:00:00,95775.59,95968.24,95675.95,95914.36,21682
2025-02-24 07:00:00,95914.28,96025.87,95751.32,95937.88,21437
2025-02-24 08:00:00,95937.46,96005.9,95424.88,95550.91,22488
2025-02-24 09:00:00,95551.98,96246.96,95551.53,95806.5,21471
2025-02-24 10:00:00,95808.08,95986.21,95381.38,95680.64,21608
2025-02-24 11:00:00,95680.64,95930.88,95446.25,95895.38,21451
2025-02-24 12:00:00,95893.6,96043.55,95745.02,95876.78,21411
2025-02-24 13:00:00,95877.36,96171.65,95404.93,95649.64,21385
2025-02-24 14:00:00,95649.26,95836.89,94584.01,94702.36,20432
2025-02-24 15:00:00,94701.13,94979.97,93812.81,94315.08,22228
2025-02-24 16:00:00,94316.8,94987.13,94148.61,94452.4,21843
2025-02-24 17:00:00,94452.4,95234.05,94321.36,94682.74,21919
2025-02-24 18:00:00,94681.43,94879.34,94119.86,94168.71,19976
2025-02-24 19:00:00,94168.71,94581.61,93663.98,93952.19,20318
2025-02-24 20:00:00,93952.19,94580.49,93835.89,94011.78,21856
2025-02-24 21:00:00,94011.73,94328.38,93580.38,93977.8,21942
2025-02-24 22:00:00,93977.72,93999.87,92348.39,92426.73,22987
2025-02-24 23:00:00,92426.73,92872.68,91353.45,91576.75,21876
2025-02-25 00:00:00,91579.46,92210.1,90926.97,91903.0,24591
2025-02-25 01:00:00,91902.89,92441.11,91169.0,92051.68,22320
2025-02-25 02:00:00,92050.25,92547.99,91594.97,92403.43,22164
2025-02-25 03:00:00,92403.34,92595.31,91975.08,92224.88,21273
2025-02-25 04:00:00,92224.89,92382.76,91870.32,91941.23,21469
2025-02-25 05:00:00,91941.48,92155.8,91739.74,92100.84,21502
2025-02-25 06:00:00,92101.51,92169.43,91220.35,91294.09,21177
2025-02-25 07:00:00,91293.9,91446.65,88350.33,89432.96,33176
2025-02-25 08:00:00,89422.69,90083.24,89114.57,89433.92,25283
2025-02-25 09:00:00,89436.11,89615.14,88241.93,88290.18,22702
2025-02-25 10:00:00,88290.17,88876.32,86815.92,88182.84,28761
2025-02-25 11:00:00,88182.83,89341.67,87583.8,89223.11,23491
2025-02-25 12:00:00,89223.12,89535.9,88901.37,89420.66,24957
2025-02-25 13:00:00,89421.58,89575.02,88738.95,88818.85,23714
2025-02-25 14:00:00,88818.64,89376.47,87015.47,87111.31,27221
2025-02-25 15:00:00,87108.78,87678.21,85935.93,87143.85,35043
2025-02-25 16:00:00,87146.15,87753.73,86096.76,87428.23,28054
2025-02-25 17:00:00,87428.23,87755.2,86767.52,87179.44,24063
2025-02-25 18:00:00,87179.03,87717.55,86821.52,86994.21,21781
2025-02-25 19:00:00,86994.2,87988.89,86403.29,87858.72,22572
2025-02-25 20:00:00,87857.98,88947.84,87522.19,88099.41,25393
2025-02-25 21:00:00,88098.96,88744.51,87684.82,88740.9,22008
2025-02-25 22:00:00,88744.81,89414.7,88446.42,88777.11,22223
2025-02-25 23:00:00,88776.89,89110.25,88627.95,88645.9,21772
2025-02-26 00:00:00,88645.9,88646.23,88023.48,88023.48,22234
2025-02-26 01:00:00,88024.03,88770.21,88024.03,88605.88,21173
2025-02-26 02:00:00,88605.88,89150.39,88343.05,88938.16,21185
2025-02-26 03:00:00,88938.16,89377.28,88822.22,88831.23,21210
2025-02-26 04:00:00,88832.5,89208.37,88635.16,88652.81,20945
2025-02-26 05:00:00,88652.8,88844.47,88345.03,88374.55,21653
2025-02-26 06:00:00,88374.55,88891.88,88356.51,88867.91,21331
2025-02-26 07:00:00,88867.68,89131.61,88395.59,88670.92,21452
2025-02-26 08:00:00,88671.7,88760.72,88067.95,88406.31,21695
2025-02-26 09:00:00,88406.83,89299.58,88387.5,89098.86,21608
2025-02-26 10:00:00,89098.32,89315.37,88870.8,89246.98,21940
2025-02-26 11:00:00,89246.9,89268.31,88483.23,88567.74,21511
2025-02-26 12:00:00,88569.09,88655.64,87557.62,87880.31,21731
2025-02-26 13:00:00,87880.31,88040.08,86973.28,87130.48,21775
2025-02-26 14:00:00,87130.26,87680.89,85370.86,87553.33,30122
2025-02-26 15:00:00,87553.33,88479.39,87359.79,87518.13,26911
2025-02-26 16:00:00,87518.63,87763.99,86191.33,86734.67,26176
2025-02-26 17:00:00,86734.79,87226.87,85591.65,85981.2,24487
2025-02-26 18:00:00,85980.21,86428.24,83327.36,84235.68,31664
2025-02-26 19:00:00,84232.78,85065.31,83697.91,83844.16,28211
2025-02-26 20:00:00,83844.15,84616.8,82224.37,84381.49,30227
2025-02-26 21:00:00,84375.4,85142.95,83450.23,84596.3,28575
2025-02-26 22:00:00,84598.14,85381.09,84139.81,84425.63,24459
2025-02-26 23:00:00,84425.63,84767.05,83902.51,84200.82,22003
2025-02-27 00:00:00,84201.06,84797.36,84005.8,84725.75,23547
2025-02-27 01:00:00,84727.5,85451.12,84302.58,84782.29,22444
2025-02-27 02:00:00,84781.98,85242.88,84219.07,84307.54,21669
2025-02-27 03:00:00,84308.42,85367.13,84276.46,85246.41,20441
2025-02-27 04:00:00,85243.49,85401.2,84695.51,85185.5,21536
2025-02-27 05:00:00,85180.91,85952.71,85075.43,85870.83,21853
2025-02-27 06:00:00,85870.54,86729.69,85687.67,86251.35,22753
2025-02-27 07:00:00,86251.35,86579.92,86076.14,86230.14,22364
2025-02-27 08:00:00,86231.23,86409.05,85848.76,86037.9,23396
2025-02-27 09:00:00,86038.01,86334.71,85820.55,86140.86,22704
2025-02-27 10:00:00,86143.57,87083.53,86008.09,86984.74,21888
2025-02-27 11:00:00,86981.97,87069.45,86333.83,86658.13,22098
2025-02-27 12:00:00,86657.16,86763.93,86193.63,86297.88,23038
2025-02-27 13:00:00,86297.78,86746.86,85734.02,86084.0,24992
2025-02-27 14:00:00,86085.15,86395.94,84929.47,84962.67,27359
2025-02-27 15:00:00,84950.18,86142.0,84615.48,85488.2,29233
2025-02-27 16:00:00,85488.57,85682.64,84329.64,84452.98,23121
2025-02-27 17:00:00,84453.38,85025.68,84299.93,84554.97,22892
2025-02-27 18:00:00,84555.45,84952.57,84460.06,84591.0,21547
2025-02-27 19:00:00,84589.51,84604.81,83541.41,84068.41,21927
2025-02-27 20:00:00,84067.3,84119.51,82621.38,83463.45,24326
2025-02-27 21:00:00,83459.25,84393.56,83152.77,84360.5,23718
2025-02-27 22:00:00,84360.5,84725.81,83837.22,84662.75,20983
2025-02-27 23:00:00,84662.75,84920.59,84372.14,84690.42,22462
2025-02-28 00:00:00,84690.42,84868.3,84185.31,84224.87,22047
2025-02-28 01:00:00,84223.29,84374.02,80988.92,81627.22,30011
2025-02-28 02:00:00,81617.49,82877.73,79545.78,80803.62,34957
2025-02-28 03:00:00,80817.44,81556.85,80243.53,80449.32,26900
2025-02-28 04:00:00,80454.22,80976.87,79366.11,80411.2,29878
2025-02-28 05:00:00,80417.53,80553.66,79130.9,79961.67,27612
2025-02-28 06:00:00,79966.17,80440.25,78930.68,79343.66,26778
2025-02-28 07:00:00,79339.94,80232.56,78807.5,79172.13,24580
2025-02-28 08:00:00,79172.34,79433.74,78212.6,78954.86,26816
2025-02-28 09:00:00,78954.86,80725.33,78863.84,80335.26,26214
2025-02-28 10:00:00,80333.01,80467.32,79555.29,80003.45,23770
2025-02-28 11:00:00,80003.49,80855.16,79966.6,80532.6,22855
2025-02-28 12:00:00,80524.63,80855.38,80069.84,80793.1,23302
2025-02-28 13:00:00,80793.1,81772.17,80619.63,81517.83,27803
2025-02-28 14:00:00,81517.57,82585.44,81120.27,82138.53,31492
2025-02-28 15:00:00,82137.53,84488.93,82023.93,84058.86,28887
2025-02-28 16:00:00,84052.64,84977.51,83559.46,84403.15,26718
2025-02-28 17:00:00,84401.54,84448.12,83616.75,83634.14,23490
2025-02-28 18:00:00,83634.38,85161.38,83201.94,84462.05,26081
2025-02-28 19:00:00,84461.99,84838.87,84226.96,84455.99,23548
2025-02-28 20:00:00,84455.99,84815.81,83638.48,84220.72,23418
2025-02-28 21:00:00,84221.22,84623.83,84012.97,84255.19,21659
2025-02-28 22:00:00,84254.29,84511.23,83886.22,84151.01,20307
2025-02-28 23:00:00,84150.87,84552.47,84014.57,84347.28,20292
2025-03-01 00:00:00,84347.29,84640.42,83812.84,83860.25,21040
2025-03-01 01:00:00,83860.25,84855.27,83833.89,84614.99,21894
2025-03-01 02:00:00,84616.82,85695.86,84305.72,85249.09,23336
2025-03-01 03:00:00,85249.09,85526.44,84947.04,85341.59,21584
2025-03-01 04:00:00,85338.86,86590.4,85309.03,86211.55,21716
2025-03-01 05:00:00,86212.46,86314.11,85606.89,85624.57,21590
2025-03-01 06:00:00,85630.73,85705.69,84849.55,85085.39,21289
2025-03-01 07:00:00,85087.67,85092.78,84729.65,84752.53,23464
2025-03-01 08:00:00,84747.56,85377.32,84747.56,85337.17,22071
2025-03-01 09:00:00,85337.17,85563.82,85154.67,85416.59,21802
2025-03-01 10:00:00,85417.91,85494.26,84799.37,84901.18,21848
2025-03-01 11:00:00,84899.55,84988.79,84382.0,84653.77,22843
2025-03-01 12:00:00,84654.18,84987.73,84479.56,84784.68,22560
2025-03-01 13:00:00,84785.73,84979.18,84340.74,84531.05,22150
2025-03-01 14:00:00,84528.92,84849.77,84411.16,84716.68,21640
2025-03-01 15:00:00,84716.69,84952.39,84558.39,84814.27,20812
2025-03-01 16:00:00,84814.27,85310.86,84708.35,85297.81,21054
2025-03-01 17:00:00,85297.95,85413.29,84962.06,85227.9,19606
2025-03-01 18:00:00,85228.11,85363.41,85087.46,85343.26,20227
2025-03-01 19:00:00,85342.21,85622.6,85209.46,85494.97,19994
2025-03-01 20:00:00,85495.15,85645.05,85359.71,85571.39,20283
2025-03-01 21:00:00,85571.39,86200.59,85304.54,86107.82,21200
2025-03-01 22:00:00,86107.28,86296.88,85682.48,86136.58,21729
2025-03-01 23:00:00,86135.26,86231.9,85693.75,86082.3,20021
2025-03-02 00:00:00,86081.54,86369.17,85830.6,86066.94,20864
2025-03-02 01:00:00,86066.94,86405.47,86009.76,86394.42,19504
2025-03-02 02:00:00,86394.39,86557.95,85638.93,85807.36,20751
2025-03-02 03:00:00,85807.69,86245.6,85774.62,85885.43,20958
2025-03-02 04:00:00,85885.29,85906.21,85527.98,85729.45,20877
2025-03-02 05:00:00,85729.45,86063.29,85650.95,85964.21,20957
2025-03-02 06:00:00,85965.96,86601.43,85926.58,86305.13,21044
2025-03-02 07:00:00,86304.93,86389.22,86095.66,86262.96,20916
2025-03-02 08:00:00,86262.08,86290.59,85691.63,85752.77,20998
2025-03-02 09:00:00,85752.27,86155.03,85658.8,85929.65,21834
2025-03-02 10:00:00,85929.48,86030.77,85793.31,86011.94,21081
2025-03-02 11:00:00,86011.84,86254.39,85962.07,86117.6,20519
2025-03-02 12:00:00,86117.38,86138.38,85764.54,86000.27,19978
2025-03-02 13:00:00,86000.24,86011.16,85481.34,85725.07,20666
2025-03-02 14:00:00,85723.01,85933.58,85080.59,85154.27,20905
2025-03-02 15:00:00,85154.06,88713.48,85099.93,87474.7,32033
2025-03-02 16:00:00,87473.6,92066.09,87317.92,91300.66,38014
2025-03-02 17:00:00,91300.66,95153.38,90728.39,94190.67,35757
2025-03-02 18:00:00,94190.66,94527.14,92372.2,92828.4,28260
2025-03-02 19:00:00,92829.64,93562.75,92635.05,93512.47,23352
2025-03-02 20:00:00,93512.27,94478.82,93491.36,94360.01,23048
2025-03-02 21:00:00,94360.01,94445.26,93679.8,94285.86,22113
2025-03-02 22:00:00,94285.86,94787.46,93901.86,94236.48,21415
2025-03-02 23:00:00,94227.86,94851.22,93844.47,94269.67,23337
2025-03-03 00:00:00,94269.97,94428.84,93252.64,93288.54,24264
2025-03-03 01:00:00,93288.54,93399.82,92630.98,93078.17,22016
2025-03-03 02:00:00,93078.17,93453.82,92418.03,93310.83,22085
2025-03-03 03:00:00,93311.47,93448.6,92444.49,92688.8,22004
2025-03-03 04:00:00,92687.72,92929.43,92551.69,92851.21,21280
2025-03-03 05:00:00,92851.56,93352.11,92790.37,93320.04,21370
2025-03-03 06:00:00,93331.86,93331.86,91311.45,91613.88,22810
2025-03-03 07:00:00,91613.88,92572.42,91158.74,92378.82,24991
2025-03-03 08:00:00,92378.82,92408.26,91098.1,91445.25,23429
2025-03-03 09:00:00,91445.25,92050.94,91138.78,91831.11,24685
2025-03-03 10:00:00,91831.79,92615.57,91522.69,92578.82,22797
2025-03-03 11:00:00,92577.47,92969.45,92428.1,92779.38,23234
2025-03-03 12:00:00,92779.38,93289.12,92674.07,93048.78,23196
2025-03-03 13:00:00,93047.4,93721.98,92884.67,93583.55,22202
2025-03-03 14:00:00,93577.77,93735.78,89144.39,89190.21,32272
2025-03-03 15:00:00,89194.16,91253.93,89100.0,90014.23,32818
2025-03-03 16:00:00,90014.23,90697.53,89629.5,90089.62,26806
2025-03-03 17:00:00,90090.01,90959.12,89833.42,90260.9,23776
2025-03-03 18:00:00,90268.89,90423.79,86687.44,87079.71,35610
2025-03-03 19:00:00,87079.14,87663.8,85453.74,85515.11,33613
2025-03-03 20:00:00,85515.81,86329.36,85088.46,85965.97,34778
2025-03-03 21:00:00,85965.97,86495.53,85029.72,85299.19,24882
2025-03-03 22:00:00,85302.88,86990.64,85225.03,86592.63,23809
2025-03-03 23:00:00,86592.62,86767.16,85945.7,86199.19,22071
2025-03-04 00:00:00,86199.19,86780.33,85820.41,86009.49,24685
2025-03-04 01:00:00,86018.53,86173.83,82606.6,83378.61,33068
2025-03-04 02:00:00,83383.78,84444.58,82451.52,83959.83,32172
2025-03-04 03:00:00,83959.83,84497.17,83629.43,84012.19,25139
2025-03-04 04:00:00,84022.95,84095.44,83332.22,83454.16,22822
2025-03-04 05:00:00,83453.65,84641.82,83379.63,84302.54,25517
2025-03-04 06:00:00,84302.57,84443.87,83595.42,83877.21,22045
2025-03-04 07:00:00,83877.21,84044.64,83141.26,83205.79,22598
2025-03-04 08:00:00,83205.25,83960.87,83033.39,83909.05,23417
2025-03-04 09:00:00,83909.05,84220.07,83638.91,83770.76,22085
2025-03-04 10:00:00,83770.87,84096.58,83498.83,83998.43,21641
2025-03-04 11:00:00,83998.43,84429.35,83702.6,83959.65,22409
2025-03-04 12:00:00,83965.49,84002.88,83285.94,83800.28,22838
2025-03-04 13:00:00,83799.17,83805.92,82300.8,82849.4,26495
2025-03-04 14:00:00,82848.63,84974.52,82076.74,83221.82,36486
2025-03-04 15:00:00,83212.54,83394.58,81471.33,82980.15,38641
2025-03-04 16:00:00,82982.8,83820.8,81951.38,83567.3,31499
2025-03-04 17:00:00,83570.85,85599.68,83413.26,85503.96,29606
2025-03-04 18:00:00,85503.96,86987.49,85196.08,86803.19,26571
2025-03-04 19:00:00,86803.2,88540.33,86566.54,88194.19,28441
2025-03-04 20:00:00,88194.19,88860.97,86686.93,86824.79,26388
2025-03-04 21:00:00,86828.19,88951.81,86564.64,87504.38,26423
2025-03-04 22:00:00,87505.67,87923.28,87364.52,87434.16,20606
2025-03-04 23:00:00,87433.88,87692.46,87032.16,87223.0,20771
2025-03-05 00:00:00,87222.98,87234.51,86334.56,86787.93,23708
2025-03-05 01:00:00,86788.48,87783.91,86581.13,87608.28,23297
2025-03-05 02:00:00,87609.23,87888.12,87015.87,87457.17,23785
2025-03-05 03:00:00,87455.77,87885.11,86743.72,86833.75,22331
2025-03-05 04:00:00,86835.27,87385.05,86704.99,86897.98,21346
2025-03-05 05:00:00,86899.58,87223.39,86804.07,87107.72,19562
2025-03-05 06:00:00,87107.17,87551.32,86950.95,87474.61,20961
2025-03-05 07:00:00,87475.5,87713.58,87318.41,87605.94,21081
2025-03-05 08:00:00,87599.86,87902.31,87563.02,87718.92,21856
2025-03-05 09:00:00,87718.92,88789.61,87629.21,88439.85,23058
2025-03-05 10:00:00,88440.36,90668.43,88337.95,89930.43,24948
2025-03-05 11:00:00,89930.42,90118.38,89540.83,89800.43,23091
2025-03-05 12:00:00,89800.02,90984.86,89799.5,90386.12,24210
2025-03-05 13:00:00,90386.49,90640.5,89120.13,89470.62,25862
2025-03-05 14:00:00,89470.63,89860.01,88142.44,88511.74,30154
2025-03-05 15:00:00,88511.74,89547.74,87884.85,88317.47,30828
2025-03-05 16:00:00,88317.46,89253.43,87545.47,88894.42,27086
2025-03-05 17:00:00,88893.65,90498.72,88747.88,89710.58,27485
2025-03-05 18:00:00,89710.33,89964.5,88882.47,89710.76,26156
2025-03-05 19:00:00,89719.99,90179.15,89474.69,89775.5,23073
2025-03-05 20:00:00,89775.14,90611.54,89684.47,90538.92,22464
2025-03-05 21:00:00,90539.36,90761.05,89955.51,90390.41,21241
2025-03-05 22:00:00,90384.44,90590.62,90041.06,90471.32,20851
2025-03-05 23:00:00,90471.17,91064.77,90327.67,90645.3,20832
2025-03-06 00:00:00,90645.29,90853.64,89988.86,90070.17,21859
2025-03-06 01:00:00,90069.15,91946.14,90051.55,91083.84,23159
2025-03-06 02:00:00,91083.23,92094.86,91041.4,91901.23,23634
2025-03-06 03:00:00,91902.21,92121.07,91455.27,91681.97,22319
2025-03-06 04:00:00,91682.18,92538.58,91596.4,92364.58,21608
2025-03-06 05:00:00,92364.83,92903.0,92195.15,92814.8,21704
2025-03-06 06:00:00,92816.75,92858.81,91840.76,91974.3,21871
2025-03-06 07:00:00,91973.06,92069.78,91289.84,91391.24,21420
2025-03-06 08:00:00,91391.68,91660.68,91159.26,91217.54,22509
2025-03-06 09:00:00,91217.54,91245.62,90632.2,90776.53,22621
2025-03-06 10:00:00,90776.38,91726.7,90622.49,91351.43,22589
2025-03-06 11:00:00,91351.41,91654.08,91036.61,91399.9,21613
2025-03-06 12:00:00,91399.79,91466.18,89838.29,90097.78,24167
2025-03-06 13:00:00,90097.78,90492.96,89478.65,89580.79,23962
2025-03-06 14:00:00,89575.23,90388.79,89102.42,89817.97,28184
2025-03-06 15:00:00,89815.53,91505.59,89623.41,90876.85,29094
2025-03-06 16:00:00,90876.99,91126.32,89219.73,89342.06,27071
2025-03-06 17:00:00,89342.05,89369.46,88005.86,88634.34,27313
2025-03-06 18:00:00,88632.22,88997.93,88157.11,88435.9,23856
2025-03-06 19:00:00,88436.6,89406.33,87835.46,88552.61,22860
2025-03-06 20:00:00,88553.35,89380.77,88475.89,89049.99,24219
2025-03-06 21:00:00,89057.5,89987.14,88977.7,89939.17,21163
2025-03-06 22:00:00,89927.46,90818.24,89517.3,90349.98,22836
2025-03-06 23:00:00,90349.93,90615.12,89925.76,89965.47,21455
2025-03-07 00:00:00,89965.46,91327.73,84610.31,85505.71,36786
2025-03-07 01:00:00,85505.91,88921.82,85157.78,88261.44,30613
2025-03-07 02:00:00,88261.44,88488.6,87250.64,87268.47,25272
2025-03-07 03:00:00,87259.34,87715.26,86772.28,87011.2,22634
2025-03-07 04:00:00,87010.31,87908.77,86859.78,87663.69,22574
2025-03-07 05:00:00,87665.89,88472.55,87596.41,88232.49,22112
2025-03-07 06:00:00,88231.89,88375.65,87820.52,88217.88,21717
2025-03-07 07:00:00,88217.8,88634.13,88101.19,88378.45,21729
2025-03-07 08:00:00,88376.98,88516.72,87995.77,88377.53,21812
2025-03-07 09:00:00,88377.31,89736.83,88364.34,88965.15,22905
2025-03-07 10:00:00,88965.15,89322.65,88747.43,89281.32,21549
2025-03-07 11:00:00,89281.21,89493.93,88851.25,88995.85,21567
2025-03-07 12:00:00,88995.49,89358.07,88335.86,89061.23,22935
2025-03-07 13:00:00,89062.23,90388.7,88990.19,89192.99,28177
2025-03-07 14:00:00,89200.18,91159.77,88660.99,90491.28,30576
2025-03-07 15:00:00,90490.87,90851.69,88063.72,88497.49,32061
2025-03-07 16:00:00,88491.46,88999.56,86586.3,87209.34,31370
2025-03-07 17:00:00,87209.35,88632.69,86509.03,87674.28,28271
2025-03-07 18:00:00,87679.78,89048.34,87481.56,88611.57,27772
2025-03-07 19:00:00,88610.94,88923.05,87328.67,87820.55,25633
2025-03-07 20:00:00,87817.94,88525.48,86485.65,86989.74,27700
2025-03-07 21:00:00,86986.04,87372.6,85569.64,86315.06,28611
2025-03-07 22:00:00,86300.55,86843.18,85590.66,86735.12,22739
2025-03-07 23:00:00,86735.08,86862.76,85957.37,86802.82,22298
2025-03-08 00:00:00,86803.58,86920.69,86540.28,86746.46,21892
2025-03-08 01:00:00,86746.47,86807.02,85203.92,86104.38,21977
2025-03-08 02:00:00,86104.38,86347.41,85945.1,86188.52,21497
2025-03-08 03:00:00,86188.79,86210.06,85436.79,85910.8,20637
2025-03-08 04:00:00,85907.81,86514.75,85633.66,86444.03,21496
2025-03-08 05:00:00,86443.67,86469.43,86029.75,86295.74,20281
2025-03-08 06:00:00,86416.12,86680.27,86284.0,86494.57,18771
2025-03-08 07:00:00,86494.94,86567.48,86128.45,86222.38,21796
2025-03-08 08:00:00,86222.01,86349.5,86044.33,86086.86,20349
2025-03-08 09:00:00,86087.32,86488.71,85838.21,85952.98,20696
2025-03-08 10:00:00,85944.31,86282.3,85940.27,86153.65,20434
2025-03-08 11:00:00,86153.2,86158.23,85750.15,85946.67,19866
2025-03-08 12:00:00,85947.28,86441.55,85801.86,86215.4,20798
2025-03-08 13:00:00,86216.39,86540.23,86119.6,86335.34,21179
2025-03-08 14:00:00,86335.47,86658.56,86225.89,86371.53,21452
2025-03-08 15:00:00,86371.53,86628.29,86204.99,86421.0,19501
2025-03-08 16:00:00,86419.71,86473.18,85815.69,86153.48,20205
2025-03-08 17:00:00,86157.05,86162.69,85639.42,85953.19,20806
2025-03-08 18:00:00,85953.32,86111.23,85863.44,86061.2,20131
2025-03-08 19:00:00,86060.34,86500.68,85795.18,86249.16,19981
2025-03-08 20:00:00,86248.92,86382.16,86182.34,86293.24,18860
2025-03-08 21:00:00,86293.98,86524.53,86201.01,86250.41,19028
2025-03-08 22:00:00,86250.27,86394.69,85857.15,86348.95,19303
2025-03-08 23:00:00,86346.35,86421.7,86069.85,86236.45,18536
2025-03-09 00:00:00,86236.41,86489.73,86133.1,86428.65,19236
2025-03-09 01:00:00,86428.16,86528.33,86109.07,86212.98,19010
2025-03-09 02:00:00,86213.56,86294.85,86002.48,86027.32,18904
2025-03-09 03:00:00,86027.32,86264.22,85964.88,86152.94,18179
2025-03-09 04:00:00,86153.44,86179.89,85965.82,86102.61,17564
2025-03-09 05:00:00,86105.76,86200.81,85997.66,86066.48,18375
2025-03-09 06:00:00,86066.48,86092.08,85827.93,85957.07,18652
2025-03-09 07:00:00,85957.2,86217.24,85877.28,86045.03,18193
2025-03-09 08:00:00,86046.18,86137.3,85809.58,85843.49,17828
2025-03-09 09:00:00,85842.48,85937.44,85400.54,85592.6,18922
2025-03-09 10:00:00,85591.56,85647.59,84698.7,84872.82,20610
2025-03-09 11:00:00,84873.08,85142.92,84658.88,85057.12,21078
2025-03-09 12:00:00,85058.23,85102.97,84224.73,84633.4,21397
2025-03-09 13:00:00,84633.4,84721.23,83448.02,83506.06,20654
2025-03-09 14:00:00,83507.17,83824.45,82974.4,83583.51,23361
2025-03-09 15:00:00,83583.51,83769.8,82720.2,83085.99,22465
2025-03-09 16:00:00,83085.82,83785.0,82312.59,82490.61,25030
2025-03-09 17:00:00,82492.85,82963.63,82218.96,82381.55,23264
2025-03-09 18:00:00,82381.9,83368.72,82281.99,82717.43,24197
2025-03-09 19:00:00,82717.12,83010.93,82363.11,82663.68,21113
2025-03-09 20:00:00,82662.33,83563.81,82616.65,83098.16,20593
2025-03-09 21:00:00,83098.92,83122.78,81541.4,81894.22,21104
2025-03-09 22:00:00,81894.72,82118.26,80180.32,80379.7,24881
2025-03-09 23:00:00,80379.7,81089.0,79982.56,80733.48,26932
2025-03-10 00:00:00,80737.0,81504.04,80039.98,81270.66,25832
2025-03-10 01:00:00,81270.66,81907.23,80787.79,81754.65,24322
2025-03-10 02:00:00,81753.99,82748.91,81514.84,82201.37,23450
2025-03-10 03:00:00,82201.51,82352.29,81781.35,82054.5,22520
2025-03-10 04:00:00,82053.63,82658.79,81989.34,82627.44,22047
2025-03-10 05:00:00,82627.5,82817.75,82127.7,82323.68,22227
2025-03-10 06:00:00,82324.39,82437.35,81980.02,82343.95,21796
2025-03-10 07:00:00,82344.7,82702.55,82042.42,82314.69,21390
2025-03-10 08:00:00,82314.91,82400.74,81146.27,81350.98,24297
2025-03-10 09:00:00,81350.77,84080.44,81326.75,82524.39,28069
2025-03-10 10:00:00,82524.39,82724.68,81640.81,82307.28,24198
2025-03-10 11:00:00,82307.28,83847.91,82085.88,83624.77,25237
2025-03-10 12:00:00,83627.26,83822.89,82659.72,83285.62,26199
2025-03-10 13:00:00,83285.7,83361.41,81431.11,81565.88,29528
2025-03-10 14:00:00,81563.52,81563.52,79183.26,79852.99,36058
2025-03-10 15:00:00,79850.49,81141.21,79581.91,80071.94,30607
2025-03-10 16:00:00,80071.94,80273.97,78977.17,79022.17,28296
2025-03-10 17:00:00,79024.92,79323.27,78201.9,78469.91,30262
2025-03-10 18:00:00,78469.91,79160.78,77476.09,77668.86,27908
2025-03-10 19:00:00,77668.97,79522.58,77444.04,79047.39,31307
2025-03-10 20:00:00,79060.42,79740.5,78403.98,79317.18,24214
2025-03-10 21:00:00,79315.75,79925.5,78979.87,79602.01,22840
2025-03-10 22:00:00,79600.88,79895.39,79223.52,79558.12,22069
2025-03-10 23:00:00,79556.48,79763.69,78530.91,78630.85,23760
2025-03-11 00:00:00,78630.85,79275.16,76587.33,77654.85,32542
2025-03-11 01:00:00,77652.05,79159.75,76804.97,79140.48,31466
2025-03-11 02:00:00,79139.26,79717.39,78956.88,79428.93,26311
2025-03-11 03:00:00,79428.94,80017.05,79356.67,79601.81,23651
2025-03-11 04:00:00,79601.81,80363.68,79525.86,79848.76,23060
2025-03-11 05:00:00,79848.24,80578.28,79796.78,80358.33,23378
2025-03-11 06:00:00,80358.31,80657.14,80189.79,80189.79,22317
2025-03-11 07:00:00,80189.79,80714.55,80176.28,80526.13,22641
2025-03-11 08:00:00,80525.87,81645.07,80421.27,81233.73,23383
2025-03-11 09:00:00,81233.73,82003.13,81224.62,81558.44,23006
2025-03-11 10:00:00,81558.02,81969.53,81362.32,81877.93,22889
2025-03-11 11:00:00,81874.59,82159.34,81469.7,81786.5,22297
2025-03-11 12:00:00,81785.37,81979.63,81136.09,81313.05,24090
2025-03-11 13:00:00,81312.39,82337.01,80635.31,80972.53,32296
2025-03-11 14:00:00,80972.53,81453.93,79094.94,79791.97,37324
2025-03-11 15:00:00,79790.84,81733.67,79671.22,81275.45,31429
2025-03-11 16:00:00,81275.2,81935.11,80686.4,81421.46,27218
2025-03-11 17:00:00,81423.44,81776.82,80801.41,81341.94,25283
2025-03-11 18:00:00,81341.95,83480.38,81312.75,83276.99,27516
2025-03-11 19:00:00,83283.99,83658.77,82860.75,83109.05,24960
2025-03-11 20:00:00,83109.5,83181.98,82588.83,82801.58,23247
2025-03-11 21:00:00,82801.64,83276.61,82788.7,83113.56,20906
2025-03-11 22:00:00,83113.56,83328.0,82985.82,83160.01,19572
2025-03-11 23:00:00,83159.88,83216.86,82554.58,82931.74,21131
2025-03-12 00:00:00,82932.2,83137.53,82605.86,82776.3,20525
2025-03-12 01:00:00,82776.37,83823.83,82757.71,83349.8,21516
2025-03-12 02:00:00,83351.0,83365.1,82237.62,82447.47,22194
2025-03-12 03:00:00,82445.77,82625.15,82126.0,82166.44,22417
2025-03-12 04:00:00,82165.83,82218.18,81658.77,81863.27,22843
2025-03-12 05:00:00,81862.79,82102.92,81649.43,82036.99,21999
2025-03-12 06:00:00,82037.58,82038.4,81339.75,81478.77,22202
2025-03-12 07:00:00,81478.31,82589.02,81377.28,82480.29,23329
2025-03-12 08:00:00,82478.83,82867.91,82043.42,82695.21,25197
2025-03-12 09:00:00,82695.38,82952.37,82224.83,82665.23,24224
2025-03-12 10:00:00,82665.23,82780.02,82101.47,82504.08,22717
2025-03-12 11:00:00,82504.56,83116.18,82440.87,83036.97,22276
2025-03-12 12:00:00,83037.83,84545.54,82890.17,84062.75,28621
2025-03-12 13:00:00,84062.58,84222.78,82376.83,82708.45,28942
2025-03-12 14:00:00,82709.54,82948.89,81552.02,81570.92,28401
2025-03-12 15:00:00,81570.92,82059.25,80635.71,81773.8,27480
2025-03-12 16:00:00,81771.9,82324.96,81649.54,81982.23,25293
2025-03-12 17:00:00,81983.11,82917.26,81797.45,81865.93,24361
2025-03-12 18:00:00,81866.44,82839.97,81736.48,82662.69,23582
2025-03-12 19:00:00,82662.49,83179.04,82504.54,82918.48,22566
2025-03-12 20:00:00,82929.99,83210.13,82717.88,83127.51,21672
2025-03-12 21:00:00,83127.62,83342.69,82851.43,83081.89,21025
2025-03-12 22:00:00,83081.87,83714.22,83074.01,83669.18,21626
2025-03-12 23:00:00,83668.66,83915.56,83412.23,83701.61,21509
2025-03-13 00:00:00,83702.32,84036.64,83442.33,83456.47,21985
2025-03-13 01:00:00,83455.52,84244.8,83300.02,83936.16,21540
2025-03-13 02:00:00,83936.54,84362.59,83765.11,83802.66,22419
2025-03-13 03:00:00,83802.66,84209.43,83536.23,83572.6,22132
2025-03-13 04:00:00,83572.77,83705.25,83184.39,83286.93,22543
2025-03-13 05:00:00,83286.69,83544.81,83065.06,83156.9,21703
2025-03-13 06:00:00,83157.38,83325.58,82823.54,83285.27,22366
2025-03-13 07:00:00,83286.2,83567.1,83127.2,83161.63,22751
2025-03-13 08:00:00,83162.88,83269.02,82381.47,82971.96,23082
2025-03-13 09:00:00,82972.28,83532.44,82963.92,83425.1,22384
2025-03-13 10:00:00,83425.45,83498.86,82979.2,83175.15,22871
2025-03-13 11:00:00,83175.15,83225.63,82680.88,82935.54,21818
2025-03-13 12:00:00,82935.53,83948.7,82232.5,82486.45,24375
2025-03-13 13:00:00,82485.4,83094.56,81589.64,81771.22,26847
2025-03-13 14:00:00,81771.12,82513.97,81531.95,82019.22,27218
2025-03-13 15:00:00,82010.09,82192.6,80967.7,81073.49,25476
2025-03-13 16:00:00,81071.51,81295.48,80676.22,80901.15,23785
2025-03-13 17:00:00,80904.43,80925.73,79932.43,80076.73,23184
2025-03-13 18:00:00,80076.73,80985.5,80002.53,80850.19,23980
2025-03-13 19:00:00,80850.23,81068.89,80153.86,80234.53,23406
2025-03-13 20:00:00,80231.42,80754.07,80204.13,80391.25,21741
2025-03-13 21:00:00,80392.16,80924.46,80288.7,80857.34,20890
2025-03-13 22:00:00,80856.15,81462.07,80762.3,81431.6,22455
2025-03-13 23:00:00,81431.59,81543.1,81086.85,81180.65,21392
2025-03-14 00:00:00,81180.64,81749.02,80864.86,81548.94,22655
2025-03-14 01:00:00,81548.03,81926.96,81251.48,81644.13,22402
2025-03-14 02:00:00,81644.17,82300.04,81619.95,82244.73,21332
2025-03-14 03:00:00,82244.73,82274.31,81747.97,81906.04,21121
2025-03-14 04:00:00,81908.71,82056.41,81840.91,81952.89,21332
2025-03-14 05:00:00,81954.78,82239.65,81814.87,82166.12,21324
2025-03-14 06:00:00,82166.12,82201.73,81779.62,82049.74,21925
2025-03-14 07:00:00,82050.37,82478.88,81908.12,82162.97,21935
2025-03-14 08:00:00,82163.56,82657.85,82163.56,82592.67,22618
2025-03-14 09:00:00,82592.67,82954.94,82558.22,82791.75,22468
2025-03-14 10:00:00,82791.63,83313.94,82679.24,83066.98,22949
2025-03-14 11:00:00,83068.33,83386.49,82983.0,83263.33,23027
2025-03-14 12:00:00,83262.77,83546.73,83060.07,83438.5,23220
2025-03-14 13:00:00,83437.98,83911.24,83046.27,83610.91,23841
2025-03-14 14:00:00,83611.24,83614.2,82642.04,83543.17,27574
2025-03-14 15:00:00,83550.36,85346.15,83545.43,84766.65,27051
2025-03-14 16:00:00,84767.61,84986.37,83959.83,84788.75,25305
2025-03-14 17:00:00,84789.06,84863.86,84199.41,84368.14,23402
2025-03-14 18:00:00,84368.37,84744.13,84202.17,84586.43,21580
2025-03-14 19:00:00,84586.23,84965.9,84444.69,84573.09,21371
2025-03-14 20:00:00,84573.09,84573.09,83718.54,84139.24,22613
2025-03-14 21:00:00,84137.58,84314.15,83948.91,84206.98,21734
2025-03-14 22:00:00,84207.15,84536.61,84099.73,84451.67,22201
2025-03-14 23:00:00,84452.05,84461.89,83946.94,83991.38,20542
2025-03-15 00:00:00,83991.37,84368.19,83958.47,84300.82,21375
2025-03-15 01:00:00,84301.08,84601.87,84109.46,84358.25,21095
2025-03-15 02:00:00,84358.14,84647.06,84163.38,84559.98,20425
2025-03-15 03:00:00,84559.61,84698.09,84418.05,84505.05,21485
2025-03-15 04:00:00,84505.23,84571.55,84297.5,84469.09,20902
2025-03-15 05:00:00,84467.85,84504.69,84254.1,84266.48,21197
2025-03-15 06:00:00,84264.68,84303.23,84150.26,84173.85,23185
2025-03-15 07:00:00,84174.79,84197.07,83788.14,83839.23,20676
2025-03-15 08:00:00,83839.44,84016.58,83616.09,83893.67,21899
2025-03-15 09:00:00,83893.42,83958.3,83694.19,83946.06,20851
2025-03-15 10:00:00,83945.68,83987.45,83633.83,83892.44,22251
2025-03-15 11:00:00,83891.49,84186.31,83814.55,84093.27,21795
2025-03-15 12:00:00,84091.46,84290.46,84002.05,84140.81,22258
2025-03-15 13:00:00,84142.15,84502.36,84132.26,84469.48,21023
2025-03-15 14:00:00,84469.88,84469.88,84113.04,84151.05,21044
2025-03-15 15:00:00,84151.61,84430.71,84150.67,84360.49,20802
2025-03-15 16:00:00,84360.37,84513.63,84197.02,84377.3,20896
2025-03-15 17:00:00,84376.58,84520.32,84274.75,84426.69,20820
2025-03-15 18:00:00,84427.18,84492.51,84133.56,84229.05,20361
2025-03-15 19:00:00,84229.53,84339.87,84093.83,84310.32,19250
2025-03-15 20:00:00,84309.5,84448.34,84297.26,84394.98,21473
2025-03-15 21:00:00,84395.25,84492.88,84229.23,84393.77,19263
2025-03-15 22:00:00,84393.2,84460.15,84325.54,84379.81,20480
2025-03-15 23:00:00,84379.91,84415.92,84273.49,84343.62,20645
2025-03-16 00:00:00,84348.79,84396.06,84213.15,84249.15,18204
2025-03-16 01:00:00,84248.77,84277.66,83802.69,83862.43,19606
2025-03-16 02:00:00,83862.8,84128.05,83708.22,83942.31,20217
2025-03-16 03:00:00,83942.3,84403.79,83875.56,84339.6,19075
2025-03-16 04:00:00,84339.66,84441.67,84255.66,84412.93,19692
2025-03-16 05:00:00,84414.66,84440.8,84310.72,84400.88,19700
2025-03-16 06:00:00,84400.83,84416.72,84236.47,84248.3,18656
2025-03-16 07:00:00,84247.22,84388.84,83967.7,84296.38,19838
2025-03-16 08:00:00,84296.4,84355.22,84169.21,84268.17,19085
2025-03-16 09:00:00,84268.29,84289.71,83773.58,83894.2,19628
2025-03-16 10:00:00,83894.2,84050.69,83621.0,83648.53,19936
2025-03-16 11:00:00,83648.29,83677.01,82401.02,82467.42,21695
2025-03-16 12:00:00,82467.43,82964.29,82438.08,82751.33,21605
2025-03-16 13:00:00,82751.21,83147.24,82479.98,82601.66,21543
2025-03-16 14:00:00,82600.43,83398.53,82569.27,83367.89,21065
2025-03-16 15:00:00,83368.03,83501.05,82968.15,83317.47,21132
2025-03-16 16:00:00,83317.53,85169.02,83284.59,83618.48,25144
2025-03-16 17:00:00,83623.1,84122.56,83464.96,83900.8,20749
2025-03-16 18:00:00,83900.15,84109.59,83617.16,83693.17,19884
2025-03-16 19:00:00,83693.99,83740.08,82536.44,83116.68,21907
2025-03-16 20:00:00,83116.93,83467.36,82906.61,83216.16,20678
2025-03-16 21:00:00,83215.97,83235.19,82666.52,82764.91,21059
2025-03-16 22:00:00,82764.07,82850.4,82085.3,82112.34,20561
2025-03-16 23:00:00,82112.34,82660.39,81997.71,82591.16,22719
2025-03-17 00:00:00,82591.09,83175.21,82524.51,83072.94,21416
2025-03-17 01:00:00,83072.9,83418.5,82829.49,83251.99,21780
2025-03-17 02:00:00,83252.45,83391.01,82974.54,83215.19,21258
2025-03-17 03:00:00,83215.29,83748.18,83215.05,83678.47,21089
2025-03-17 04:00:00,83678.31,83888.46,83511.57,83626.82,22353
2025-03-17 05:00:00,83627.73,83627.73,83109.44,83121.81,21362
2025-03-17 06:00:00,83121.36,83300.73,82653.03,83218.74,22656
2025-03-17 07:00:00,83219.69,83638.47,83194.48,83557.54,22512
2025-03-17 08:00:00,83557.59,83731.01,83199.5,83548.69,22394
2025-03-17 09:00:00,83549.24,83792.97,83417.1,83661.41,22498
2025-03-17 10:00:00,83661.73,83694.45,83233.35,83326.19,22158
2025-03-17 11:00:00,83326.41,83694.22,83186.56,83502.64,21887
2025-03-17 12:00:00,83502.92,84001.11,82970.12,83027.16,25240
2025-03-17 13:00:00,83026.93,83727.46,82778.13,83010.37,25264
2025-03-17 14:00:00,83009.51,83370.17,82409.3,82916.89,25234
2025-03-17 15:00:00,82918.23,83703.05,82693.6,83543.33,22928
2025-03-17 16:00:00,83542.01,83883.16,83097.62,83432.04,22604
2025-03-17 17:00:00,83432.92,84352.58,83339.03,84186.3,21690
2025-03-17 18:00:00,84186.3,84596.38,83972.62,84500.91,22267
2025-03-17 19:00:00,84500.9,84771.39,84301.63,84488.72,22353
2025-03-17 20:00:00,84480.16,84512.67,83826.08,83961.02,21797
2025-03-17 21:00:00,83960.82,84264.39,83869.51,84069.48,20215
2025-03-17 22:00:00,84067.92,84259.47,83985.77,84067.8,21134
2025-03-17 23:00:00,84067.69,84153.88,83737.49,84013.42,21092
2025-03-18 00:00:00,84013.41,84040.25,83701.51,83800.83,20805
2025-03-18 01:00:00,83801.19,83920.65,83007.45,83176.97,20162
2025-03-18 02:00:00,83178.78,83555.85,83080.7,83390.43,21615
2025-03-18 03:00:00,83390.17,83390.17,82954.22,83158.95,21336
2025-03-18 04:00:00,83159.04,83231.25,82842.92,83016.9,20912
2025-03-18 05:00:00,83016.85,83155.82,82905.55,83028.63,20713
2025-03-18 06:00:00,83027.83,83049.1,82251.41,82470.92,21133
2025-03-18 07:00:00,82470.92,83300.63,82368.19,83192.61,23090
2025-03-18 08:00:00,83193.01,83490.98,83066.41,83324.01,21998
2025-03-18 09:00:00,83323.82,83388.62,82794.3,82878.7,21569
2025-03-18 10:00:00,82878.71,82975.08,82602.26,82825.3,21187
2025-03-18 11:00:00,82824.54,82887.67,82499.64,82603.43,20855
2025-03-18 12:00:00,82603.77,82839.78,82336.89,82421.59,21680
2025-03-18 13:00:00,82421.59,82494.85,81171.51,81369.48,24479
2025-03-18 14:00:00,81369.81,81983.76,81143.61,81856.3,23947
2025-03-18 15:00:00,81856.3,82233.31,81548.94,81623.11,23163
2025-03-18 16:00:00,81623.11,82182.86,81536.57,81866.3,22427
2025-03-18 17:00:00,81866.26,82006.85,81344.33,81476.06,21639
2025-03-18 18:00:00,81476.58,81987.42,81253.78,81909.18,22165
2025-03-18 19:00:00,81909.0,82503.5,81775.65,82331.88,21527
2025-03-18 20:00:00,82331.88,82385.31,81885.53,82075.81,21654
2025-03-18 21:00:00,82075.56,82223.81,81932.01,82076.51,21862
2025-03-18 22:00:00,82076.51,82600.2,82008.0,82408.11,21342
2025-03-18 23:00:00,82408.5,82844.63,82408.5,82732.71,21593
2025-03-19 00:00:00,82732.7,83264.15,82614.81,83134.41,22043
2025-03-19 01:00:00,83134.91,83188.23,82585.86,82615.33,22721
2025-03-19 02:00:00,82617.07,82917.89,82546.45,82891.96,22489
2025-03-19 03:00:00,82891.93,83119.02,82754.05,83062.72,22734
2025-03-19 04:00:00,83062.08,83112.16,82797.37,82984.3,21818
2025-03-19 05:00:00,82984.11,83360.39,82934.74,83271.75,22462
2025-03-19 06:00:00,83271.42,83372.36,83149.34,83239.67,22088
2025-03-19 07:00:00,83238.42,83424.3,83055.46,83225.66,22373
2025-03-19 08:00:00,83227.86,83543.52,83208.41,83437.62,22180
2025-03-19 09:00:00,83438.34,83642.42,83382.55,83552.96,22009
2025-03-19 10:00:00,83553.85,83866.99,83469.19,83503.33,22304
2025-03-19 11:00:00,83501.0,84148.37,83400.54,83914.89,23374
2025-03-19 12:00:00,83913.32,83973.48,83512.38,83750.15,23648
2025-03-19 13:00:00,83753.48,84376.41,83634.09,84124.61,23581
2025-03-19 14:00:00,84124.6,84435.7,83896.98,84345.18,23117
2025-03-19 15:00:00,84347.26,84931.92,84125.82,84776.35,23200
2025-03-19 16:00:00,84776.21,84868.75,84477.84,84617.76,22891
2025-03-19 17:00:00,84617.76,84776.89,83814.44,84275.03,24209
2025-03-19 18:00:00,84270.85,85944.84,83587.8,85674.26,29698
2025-03-19 19:00:00,85666.52,86016.06,84989.7,85482.09,25925
2025-03-19 20:00:00,85481.77,85940.03,85278.05,85443.24,21923
2025-03-19 21:00:00,85443.25,85994.43,85402.14,85707.89,21014
2025-03-19 22:00:00,85707.89,86579.1,85698.22,86233.2,21061
2025-03-19 23:00:00,86233.2,87096.8,86233.2,86921.23,22390
2025-03-20 00:00:00,86920.68,87554.71,85971.51,86066.31,22490
2025-03-20 01:00:00,86066.31,86433.64,85764.57,85915.13,21688
2025-03-20 02:00:00,85915.28,86177.96,85639.04,86115.23,22331
2025-03-20 03:00:00,86114.95,86185.72,85855.24,85935.76,21335
2025-03-20 04:00:00,85935.8,85982.0,85443.01,85700.17,21488
2025-03-20 05:00:00,85699.02,85872.49,85481.13,85850.08,21921
2025-03-20 06:00:00,85850.06,86059.15,85655.05,85782.86,21439
2025-03-20 07:00:00,85779.68,86011.25,85709.42,85842.43,21235
2025-03-20 08:00:00,85842.51,86360.24,85731.55,86270.55,22667
2025-03-20 09:00:00,86270.64,86329.7,85823.43,85917.67,21850
2025-03-20 10:00:00,85917.62,85998.14,84745.47,85182.12,24580
2025-03-20 11:00:00,85182.3,85537.03,85163.0,85518.0,23298
2025-03-20 12:00:00,85517.75,85595.25,85206.09,85358.9,23230
2025-03-20 13:00:00,85358.83,85883.2,85071.67,85533.77,23443
2025-03-20 14:00:00,85530.27,86552.17,85485.71,86191.04,24737
2025-03-20 15:00:00,86191.04,86259.43,84565.1,84707.51,24086
2025-03-20 16:00:00,84703.71,84893.95,83628.52,83796.99,22131
2025-03-20 17:00:00,83796.99,84336.89,83707.94,84080.0,22212
2025-03-20 18:00:00,84080.0,84315.09,83904.8,84041.91,21490
2025-03-20 19:00:00,84041.91,84400.73,83875.2,84146.54,21504
2025-03-20 20:00:00,84144.14,84601.53,84114.16,84529.26,21400
2025-03-20 21:00:00,84528.97,84596.21,84237.56,84364.53,21006
2025-03-20 22:00:00,84364.0,84496.78,83968.04,84129.52,21276
2025-03-20 23:00:00,84130.66,84341.85,83889.54,84213.9,22472
2025-03-21 00:00:00,84213.5,84532.63,84160.05,84485.63,22922
2025-03-21 01:00:00,84485.63,84778.53,84355.13,84757.04,23025
2025-03-21 02:00:00,84758.77,84839.49,84505.01,84685.88,22555
2025-03-21 03:00:00,84685.52,84731.38,84242.8,84431.32,22195
2025-03-21 04:00:00,84429.91,84818.73,84429.91,84666.9,22036
2025-03-21 05:00:00,84667.05,84694.59,84320.98,84457.97,21812
2025-03-21 06:00:00,84457.22,84481.11,84010.34,84190.67,22139
2025-03-21 07:00:00,84190.15,84261.59,83695.29,83908.93,21700
2025-03-21 08:00:00,83908.69,84152.91,83699.86,83995.72,22715
2025-03-21 09:00:00,83997.92,84337.97,83763.0,84136.67,22620
2025-03-21 10:00:00,84136.58,84290.91,83873.85,84135.21,22259
2025-03-21 11:00:00,84135.21,84160.25,83922.59,84033.45,21599
2025-03-21 12:00:00,84032.86,84356.86,83349.27,83452.22,22933
2025-03-21 13:00:00,83451.93,84101.2,83151.95,83924.07,24503
2025-03-21 14:00:00,83925.14,84301.71,83483.45,84234.04,23897
2025-03-21 15:00:00,84233.8,84281.76,83531.48,83557.43,21422
2025-03-21 16:00:00,83558.28,84142.18,83345.45,84088.76,22220
2025-03-21 17:00:00,84088.18,84139.24,83682.86,83999.16,22070
2025-03-21 18:00:00,83999.01,84418.78,83868.3,84081.6,21483
2025-03-21 19:00:00,84081.61,84191.16,83786.54,83948.53,21034
2025-03-21 20:00:00,83949.14,84238.97,83792.92,84197.6,20780
2025-03-21 21:00:00,84197.83,84582.8,84152.19,84374.85,20651
2025-03-21 22:00:00,84376.32,84410.47,84074.47,84162.33,19988
2025-03-21 23:00:00,84162.32,84226.73,84023.94,84088.82,20153
2025-03-22 00:00:00,84088.79,84244.35,84019.97,84178.67,21584
2025-03-22 01:00:00,84177.38,84304.2,83963.44,84061.89,21012
2025-03-22 02:00:00,84061.22,84251.1,83997.19,84164.29,20893
2025-03-22 03:00:00,84164.08,84284.59,84111.73,84237.32,21117
2025-03-22 04:00:00,84238.79,84378.17,84179.3,84330.54,20726
2025-03-22 05:00:00,84330.67,84429.34,84225.9,84318.66,24277
2025-03-22 06:00:00,84320.15,84398.24,84142.87,84303.75,23677
2025-03-22 07:00:00,84303.74,84378.56,84198.83,84278.1,22273
2025-03-22 08:00:00,84276.95,84286.83,84096.22,84220.47,20860
2025-03-22 09:00:00,84220.36,84537.57,84213.75,84341.24,22439
2025-03-22 10:00:00,84341.29,84424.53,84311.37,84398.26,22308
2025-03-22 11:00:00,84399.57,84408.29,84178.9,84227.83,22335
2025-03-22 12:00:00,84227.83,84294.57,84171.78,84235.67,20933
2025-03-22 13:00:00,84235.75,84253.7,84032.18,84167.31,20563
2025-03-22 14:00:00,84167.37,84213.87,83980.88,83992.83,20883
2025-03-22 15:00:00,83990.78,84142.12,83948.1,84099.63,20896
2025-03-22 16:00:00,84098.16,84168.21,84045.98,84137.69,20716
2025-03-22 17:00:00,84137.64,84278.35,84117.82,84236.54,22629
2025-03-22 18:00:00,84236.31,84349.2,84190.54,84258.72,21037
2025-03-22 19:00:00,84258.98,84302.46,84163.73,84189.88,20452
2025-03-22 20:00:00,84190.22,84227.9,83941.29,83950.55,20373
2025-03-22 21:00:00,83950.43,84098.14,83835.04,84021.82,21941
2025-03-22 22:00:00,84021.81,84081.28,83937.66,83950.65,20331
2025-03-22 23:00:00,83949.58,83956.59,83625.8,83847.55,20736
2025-03-23 00:00:00,83847.21,84052.16,83810.19,84001.56,21478
2025-03-23 01:00:00,84001.89,84135.54,83957.4,84058.94,20583
2025-03-23 02:00:00,84059.45,84283.13,83975.78,84228.4,20270
2025-03-23 03:00:00,84228.33,84261.44,84132.93,84228.46,23524
2025-03-23 04:00:00,84234.3,84241.14,84057.04,84108.01,21760
2025-03-23 05:00:00,84107.16,84241.65,84081.6,84216.8,21001
2025-03-23 06:00:00,84216.62,84305.3,84180.12,84229.95,20713
2025-03-23 07:00:00,84229.78,84314.37,84201.75,84258.46,22231
2025-03-23 08:00:00,84267.2,84354.25,84238.29,84326.42,20062
2025-03-23 09:00:00,84326.42,84369.21,84284.75,84298.27,21524
2025-03-23 10:00:00,84297.92,84500.12,84276.96,84454.45,20634
2025-03-23 11:00:00,84454.24,85059.27,84454.24,84702.09,22200
2025-03-23 12:00:00,84702.07,84843.18,84572.6,84733.66,21678
2025-03-23 13:00:00,84734.1,85127.97,84654.23,85078.2,21771
2025-03-23 14:00:00,85078.52,85219.07,84857.17,84914.26,21941
2025-03-23 15:00:00,84913.23,85269.04,84897.6,85187.39,21325
2025-03-23 16:00:00,85186.61,85394.21,84953.1,85265.94,21116
2025-03-23 17:00:00,85265.52,85454.69,84885.65,85029.6,22030
2025-03-23 18:00:00,85029.85,85052.09,84795.82,84979.02,21887
2025-03-23 19:00:00,84979.57,85101.1,84898.84,85024.02,19444
2025-03-23 20:00:00,85023.81,85318.0,85023.37,85144.84,20980
2025-03-23 21:00:00,85145.18,85230.21,84937.42,85219.83,20615
2025-03-23 22:00:00,85219.87,85749.09,85188.5,85413.35,22433
2025-03-23 23:00:00,85412.16,86205.72,85411.17,86123.04,21812
2025-03-24 00:00:00,86123.04,86710.82,85911.31,86079.9,22749
2025-03-24 01:00:00,86079.9,86094.79,85539.31,85594.15,22238
2025-03-24 02:00:00,85595.27,85997.66,85547.24,85894.2,21992
2025-03-24 03:00:00,85893.1,86622.75,85892.43,86565.59,23051
2025-03-24 04:00:00,86565.26,86975.5,86562.33,86859.59,22595
2025-03-24 05:00:00,86860.08,87068.07,86824.76,86922.54,22640
2025-03-24 06:00:00,86922.54,87328.58,86886.47,87112.7,22501
2025-03-24 07:00:00,87112.68,87196.5,86744.92,86881.92,22307
2025-03-24 08:00:00,86881.05,87533.07,86860.41,87419.16,23234
2025-03-24 09:00:00,87418.38,87534.2,87099.74,87152.02,24015
2025-03-24 10:00:00,87153.04,87939.61,87105.43,87809.87,23152
2025-03-24 11:00:00,87812.87,87855.43,87515.82,87704.28,22327
2025-03-24 12:00:00,87703.73,87733.81,87231.62,87324.8,23968
2025-03-24 13:00:00,87324.8,87714.93,87126.04,87695.36,23160
2025-03-24 14:00:00,87695.36,88801.34,87619.01,87993.97,22862
2025-03-24 15:00:00,87993.96,88383.71,87675.43,88327.33,23373
2025-03-24 16:00:00,88327.33,88510.71,87675.66,88050.88,23163
2025-03-24 17:00:00,88050.22,88499.97,87919.83,88468.24,22873
2025-03-24 18:00:00,88467.93,88548.74,88119.74,88461.16,22725
2025-03-24 19:00:00,88460.99,88535.95,87966.79,88236.74,22532
2025-03-24 20:00:00,88233.45,88515.6,87802.98,87846.46,21250
2025-03-24 21:00:00,87846.74,88279.19,87798.35,88115.19,20752
2025-03-24 22:00:00,88115.19,88202.27,87307.93,87442.19,21477
2025-03-24 23:00:00,87443.14,87534.85,87038.37,87498.57,21419
2025-03-25 00:00:00,87499.12,87700.12,87250.35,87609.63,22331
2025-03-25 01:00:00,87609.94,87609.95,86801.76,87109.28,21959
2025-03-25 02:00:00,87109.28,87116.81,86825.22,86860.18,22136
2025-03-25 03:00:00,86860.15,87007.62,86319.87,86522.36,21861
2025-03-25 04:00:00,86522.66,86684.04,86291.67,86549.43,21904
2025-03-25 05:00:00,86548.47,86795.37,86385.53,86677.35,22096
2025-03-25 06:00:00,86677.53,86901.22,86518.68,86557.26,22214
2025-03-25 07:00:00,86555.51,86825.49,86319.88,86438.98,22942
2025-03-25 08:00:00,86439.14,86779.25,86388.76,86724.5,22324
2025-03-25 09:00:00,86724.54,87377.68,86647.63,87227.29,23244
2025-03-25 10:00:00,87226.91,87306.96,86952.82,87143.36,22581
2025-03-25 11:00:00,87143.77,87512.5,87050.34,87373.52,22970
2025-03-25 12:00:00,87373.83,87453.67,86924.02,87102.42,22509
2025-03-25 13:00:00,87102.52,88044.47,87025.54,87598.43,24111
2025-03-25 14:00:00,87599.31,88242.18,87327.79,88008.59,24359
2025-03-25 15:00:00,88008.59,88283.2,87700.11,87778.38,23103
2025-03-25 16:00:00,87778.66,87978.12,87619.1,87797.68,22662
2025-03-25 17:00:00,87798.1,88344.61,87798.1,87955.3,22254
2025-03-25 18:00:00,87954.81,88075.79,87580.3,87817.9,22438
2025-03-25 19:00:00,87817.9,88279.37,87808.69,88121.26,22043
2025-03-25 20:00:00,88125.01,88579.75,87791.84,87859.06,21861
2025-03-25 21:00:00,87859.26,88219.5,87693.03,87759.48,21692
2025-03-25 22:00:00,87760.03,87829.74,87176.48,87497.8,22117
2025-03-25 23:00:00,87498.04,87552.06,87147.64,87435.29,20887
2025-03-26 00:00:00,87433.54,87846.27,87255.34,87681.11,21703
2025-03-26 01:00:00,87680.89,87932.69,87591.56,87854.17,21092
2025-03-26 02:00:00,87853.89,87865.21,87321.93,87358.93,21890
2025-03-26 03:00:00,87358.33,87441.17,87043.94,87186.18,21535
2025-03-26 04:00:00,87186.74,87479.72,87069.75,87349.25,21796
2025-03-26 05:00:00,87349.15,87668.04,87237.38,87534.79,21782
2025-03-26 06:00:00,87534.81,87962.09,87453.24,87911.86,21386
2025-03-26 07:00:00,87911.86,88312.35,87767.86,88160.33,21935
2025-03-26 08:00:00,88160.16,88238.16,87886.51,87965.11,22489
2025-03-26 09:00:00,87964.65,88063.08,87828.14,87959.26,21607
2025-03-26 10:00:00,87959.27,88297.01,87951.83,88233.48,22043
2025-03-26 11:00:00,88234.45,88277.77,87952.8,87980.97,21381
2025-03-26 12:00:00,87980.97,88040.24,87594.01,87810.44,22181
2025-03-26 13:00:00,87810.44,87950.43,86726.52,86882.34,23155
2025-03-26 14:00:00,86880.34,87347.21,86472.92,86815.39,24162
2025-03-26 15:00:00,86815.4,87085.18,86591.92,86789.31,23929
2025-03-26 16:00:00,86789.36,87092.47,86403.94,86528.6,22081
2025-03-26 17:00:00,86528.6,86863.48,86483.23,86588.14,21483
2025-03-26 18:00:00,86588.21,86786.02,86173.6,86232.81,20726
2025-03-26 19:00:00,86233.93,86835.29,85874.54,86598.62,22014
2025-03-26 20:00:00,86598.51,87447.46,86531.79,87331.86,22156
2025-03-26 21:00:00,87331.68,87372.2,86774.69,87143.92,21926
2025-03-26 22:00:00,87148.5,87200.62,86785.79,86890.54,21644
2025-03-26 23:00:00,86890.47,87007.52,86595.79,86969.55,21609
2025-03-27 00:00:00,86969.55,87362.96,86841.37,87323.69,21841
2025-03-27 01:00:00,87322.47,87556.72,87203.82,87420.11,22456
2025-03-27 02:00:00,87420.18,87803.76,87358.8,87594.37,21942
2025-03-27 03:00:00,87594.41,87722.97,87451.63,87694.7,21738
2025-03-27 04:00:00,87695.0,87725.09,87430.61,87544.8,21074
2025-03-27 05:00:00,87544.67,87550.48,87285.68,87347.2,22151
2025-03-27 06:00:00,87347.53,87584.34,87305.12,87390.21,21214
2025-03-27 07:00:00,87390.0,87473.48,87272.05,87432.64,22091
2025-03-27 08:00:00,87432.65,87633.64,87280.72,87461.32,22444
2025-03-27 09:00:00,87461.41,87555.54,87387.53,87427.57,21952
2025-03-27 10:00:00,87428.55,87623.29,87114.48,87199.75,22521
2025-03-27 11:00:00,87200.36,87333.0,86798.56,86962.23,22938
2025-03-27 12:00:00,86962.13,87137.5,86724.24,86772.75,22553
2025-03-27 13:00:00,86772.49,86874.7,85777.11,86378.59,22860
2025-03-27 14:00:00,86377.29,87323.75,86191.92,87285.07,25529
2025-03-27 15:00:00,87285.07,87579.37,86743.55,86954.63,23998
2025-03-27 16:00:00,86953.64,87254.62,86772.49,86817.52,23420
2025-03-27 17:00:00,86817.63,87143.74,86751.37,86885.19,22617
2025-03-27 18:00:00,86884.75,87426.89,86839.64,87210.74,22007
2025-03-27 19:00:00,87210.18,87446.66,87027.14,87096.29,21620
2025-03-27 20:00:00,87096.29,87371.04,86931.08,87331.35,20964
2025-03-27 21:00:00,87331.45,87765.78,87254.46,87551.21,21163
2025-03-27 22:00:00,87551.15,87600.14,87287.11,87328.82,19392
2025-03-27 23:00:00,87328.82,87356.95,87087.81,87201.2,20850
2025-03-28 00:00:00,87201.01,87393.43,86863.34,87334.51,21976
2025-03-28 01:00:00,87334.48,87501.0,87092.2,87231.31,21314
2025-03-28 02:00:00,87231.31,87327.02,86930.92,86979.51,21090
2025-03-28 03:00:00,86979.18,87005.07,86700.18,86764.13,21372
2025-03-28 04:00:00,86764.29,86812.98,85946.3,86295.63,22241
2025-03-28 05:00:00,86295.63,86311.41,85810.3,86056.09,21738
2025-03-28 06:00:00,86056.09,86269.71,85633.36,85701.04,22314
2025-03-28 07:00:00,85701.33,85872.58,85135.52,85200.74,22224
2025-03-28 08:00:00,85200.74,85437.54,85026.6,85206.15,21640
2025-03-28 09:00:00,85205.79,85415.75,84969.8,85147.93,21759
2025-03-28 10:00:00,85147.96,85247.64,84864.7,84942.82,21684
2025-03-28 11:00:00,84943.07,85245.37,84771.44,85227.59,23265
2025-03-28 12:00:00,85226.89,85587.95,84855.41,85018.51,23664
2025-03-28 13:00:00,85018.79,85557.77,84887.42,84988.93,23150
2025-03-28 14:00:00,84988.93,85106.91,84108.5,84135.19,23449
2025-03-28 15:00:00,84135.19,84515.31,83919.63,84046.76,22778
2025-03-28 16:00:00,84046.67,84215.14,83653.0,83798.8,22299
2025-03-28 17:00:00,83798.8,84006.06,83572.85,83985.94,21446
2025-03-28 18:00:00,83995.35,84172.01,83696.23,83876.35,21931
2025-03-28 19:00:00,83877.21,83897.06,83604.81,83785.24,20492
2025-03-28 20:00:00,83785.18,84148.45,83698.81,83812.22,21316
2025-03-28 21:00:00,83811.02,84117.46,83690.46,84043.97,21213
2025-03-28 22:00:00,84043.82,84488.94,84043.8,84473.32,22064
2025-03-28 23:00:00,84472.76,84537.38,84193.87,84417.77,21688
2025-03-29 00:00:00,84417.4,84626.15,84333.22,84393.24,22403
2025-03-29 01:00:00,84392.58,84501.25,84187.41,84265.51,21742
2025-03-29 02:00:00,84266.0,84418.99,83816.86,83875.87,21665
2025-03-29 03:00:00,83875.88,84276.67,83709.77,84164.59,21768
2025-03-29 04:00:00,84163.34,84268.63,83971.48,84089.03,21620
2025-03-29 05:00:00,84087.95,84113.67,83864.09,84025.68,22248
2025-03-29 06:00:00,84025.74,84025.94,83667.18,83799.42,21311
2025-03-29 07:00:00,83800.6,83913.16,83656.28,83747.51,21680
2025-03-29 08:00:00,83747.41,83958.37,83674.91,83933.85,21997
2025-03-29 09:00:00,83934.77,83964.64,83088.04,83549.63,22430
2025-03-29 10:00:00,83549.5,83579.63,82797.14,82917.21,21372
2025-03-29 11:00:00,82917.21,83106.9,81991.15,82288.54,22131
2025-03-29 12:00:00,82288.22,82539.99,82137.08,82466.35,22844
2025-03-29 13:00:00,82466.61,82878.83,82457.46,82859.03,22312
2025-03-29 14:00:00,82859.83,82898.34,82456.26,82516.02,21893
2025-03-29 15:00:00,82516.01,82645.96,82387.16,82438.47,21975
2025-03-29 16:00:00,82443.5,82705.99,82171.46,82212.8,21235
2025-03-29 17:00:00,82212.62,82620.67,81639.93,82342.66,22127
2025-03-29 18:00:00,82342.67,82697.93,82218.49,82374.68,21254
2025-03-29 19:00:00,82374.68,82789.73,82221.85,82771.27,21031
2025-03-29 20:00:00,82773.98,82806.23,82427.63,82522.98,20451
2025-03-29 21:00:00,82522.92,82691.89,82345.83,82526.05,20137
2025-03-29 22:00:00,82526.04,82531.02,82265.26,82410.32,19604
2025-03-29 23:00:00,82410.13,82710.38,82338.85,82660.69,20744
2025-03-30 00:00:00,82660.83,82917.28,82506.91,82825.66,21464
2025-03-30 01:00:00,82825.7,83096.9,82764.57,82964.09,22010
2025-03-30 02:00:00,82964.72,83399.62,82932.16,83336.32,21411
2025-03-30 03:00:00,83337.47,83537.08,83060.28,83108.04,21436
2025-03-30 04:00:00,83108.04,83331.16,83080.31,83128.98,21313
2025-03-30 05:00:00,83128.62,83236.49,82925.82,82987.36,21419
2025-03-30 06:00:00,82986.69,83326.27,82867.91,83207.22,21504
2025-03-30 07:00:00,83206.79,83357.29,83080.81,83117.19,21161
2025-03-30 08:00:00,83116.52,83444.3,83115.48,83410.08,21070
2025-03-30 09:00:00,83410.05,83567.82,83265.63,83526.54,21562
2025-03-30 10:00:00,83525.4,83576.48,83079.22,83143.94,21214
2025-03-30 11:00:00,83143.9,83379.09,82971.1,83129.82,21221
2025-03-30 12:00:00,83130.3,83286.87,82971.55,83087.12,20689
2025-03-30 13:00:00,83087.75,83169.89,82577.19,82700.08,21523
2025-03-30 14:00:00,82699.79,83041.49,82607.95,82804.96,21970
2025-03-30 15:00:00,82805.62,83076.89,82698.18,82741.22,21643
2025-03-30 16:00:00,82740.75,82819.81,82151.31,82287.04,21795
2025-03-30 17:00:00,82287.79,82597.59,82033.06,82417.77,21569
2025-03-30 18:00:00,82417.67,82809.61,82416.9,82722.21,20947
2025-03-30 19:00:00,82722.21,82907.62,82554.91,82571.12,20236
2025-03-30 20:00:00,82571.01,82698.6,82396.52,82595.06,20188
2025-03-30 21:00:00,82595.29,82744.73,82074.72,82239.82,19958
2025-03-30 22:00:00,82239.01,82801.1,81540.36,82475.7,22361
2025-03-30 23:00:00,82477.15,82488.17,81965.42,82426.79,20769
2025-03-31 00:00:00,82428.01,82493.93,81272.56,81655.96,21436
2025-03-31 01:00:00,81656.95,82300.76,81533.42,81973.34,23054
2025-03-31 02:00:00,81974.14,82198.6,81647.33,81957.94,22498
2025-03-31 03:00:00,81957.85,82064.21,81461.6,81544.46,21994
2025-03-31 04:00:00,81544.71,81882.69,81398.36,81847.28,21736
2025-03-31 05:00:00,81847.29,82335.61,81828.75,82202.95,21810
2025-03-31 06:00:00,82202.36,82309.37,81919.87,82071.42,23001
2025-03-31 07:00:00,82071.62,82329.37,81747.68,81945.68,22990
2025-03-31 08:00:00,81943.95,82300.43,81892.79,81929.96,22737
2025-03-31 09:00:00,81929.96,81990.72,81305.62,81451.74,20515
2025-03-31 10:00:00,81451.58,82234.47,81267.39,82182.95,21777
2025-03-31 11:00:00,82183.06,82298.29,81907.36,82227.91,22895
2025-03-31 12:00:00,82227.36,83191.19,81926.63,82792.75,23506
2025-03-31 13:00:00,82793.11,82880.23,81636.62,82502.43,25976
2025-03-31 14:00:00,82502.07,83787.4,82482.72,83517.01,26189
2025-03-31 15:00:00,83513.04,83955.36,83384.34,83433.74,24674
2025-03-31 16:00:00,83434.21,83713.3,83238.39,83291.72,23512
2025-03-31 17:00:00,83291.48,83555.46,82566.62,82668.96,21809
2025-03-31 18:00:00,82668.96,83601.0,82668.39,83301.64,22693
2025-03-31 19:00:00,83302.29,83470.18,82373.91,82437.41,22008
2025-03-31 20:00:00,82443.8,82837.65,82327.28,82416.52,22199
2025-03-31 21:00:00,82416.17,82737.78,82400.31,82554.54,20405
2025-03-31 22:00:00,82554.62,82561.28,82238.62,82400.21,20371
2025-03-31 23:00:00,82400.73,82896.48,82264.03,82539.11,20721
2025-04-01 00:00:00,82538.09,82806.94,82402.8,82632.89,21274
2025-04-01 01:00:00,82632.07,82737.2,82437.75,82706.24,20590
2025-04-01 02:00:00,82706.57,83123.23,82633.25,83094.19,21942
2025-04-01 03:00:00,83094.46,83258.97,82921.54,82974.93,21901
2025-04-01 04:00:00,82975.1,83241.85,82882.77,83069.09,21845
2025-04-01 05:00:00,83069.92,83349.51,82981.16,82995.93,21824
2025-04-01 06:00:00,82995.68,83501.92,82871.39,83456.48,21837
2025-04-01 07:00:00,83460.17,83622.67,83376.05,83462.94,22531
2025-04-01 08:00:00,83462.65,84226.33,83456.5,84113.09,22698
2025-04-01 09:00:00,84111.05,84395.03,84098.13,84344.62,22192
2025-04-01 10:00:00,84344.62,84490.88,84124.44,84166.59,23311
2025-04-01 11:00:00,84166.95,84204.81,83810.0,83895.74,23417
2025-04-01 12:00:00,83895.46,84139.21,83572.65,83581.38,22917
2025-04-01 13:00:00,83581.41,83875.58,83361.38,83636.98,24367
2025-04-01 14:00:00,83628.21,84345.18,82485.52,84151.45,24701
2025-04-01 15:00:00,84151.45,85510.69,84141.04,85295.56,23801
2025-04-01 16:00:00,85296.67,85508.51,84806.91,85105.48,24380
2025-04-01 17:00:00,85105.06,85345.99,84892.95,85117.61,22934
2025-04-01 18:00:00,85117.6,85162.6,84685.2,85113.16,22737
2025-04-01 19:00:00,85113.21,85193.87,84808.4,84949.26,21512
2025-04-01 20:00:00,84949.26,85372.02,84753.64,85249.45,21305
2025-04-01 21:00:00,85249.47,85496.74,85122.04,85240.55,20930
2025-04-01 22:00:00,85240.55,85487.15,85086.85,85123.54,21101
2025-04-01 23:00:00,85123.53,85594.56,84969.5,85183.46,21485
2025-04-02 00:00:00,85183.55,85278.59,84915.97,84975.1,22577
2025-04-02 01:00:00,84977.4,85234.65,84840.98,85148.41,23051
2025-04-02 02:00:00,85148.14,85183.0,84612.69,84703.19,23310
2025-04-02 03:00:00,84704.94,84901.47,84478.45,84508.12,22399
2025-04-02 04:00:00,84509.31,84705.71,84428.75,84577.34,22222
2025-04-02 05:00:00,84577.39,84577.39,84080.74,84084.99,22950
2025-04-02 06:00:00,84088.05,84350.15,83888.01,84103.96,22927
2025-04-02 07:00:00,84103.12,84449.39,83978.17,84402.56,22477
2025-04-02 08:00:00,84402.3,84756.26,84241.74,84669.09,23079
2025-04-02 09:00:00,84669.77,85470.62,84629.78,85011.76,23220
2025-04-02 10:00:00,85011.2,85296.71,84814.81,84850.02,22950
2025-04-02 11:00:00,84849.93,84979.17,84514.77,84540.74,22409
2025-04-02 12:00:00,84536.34,85052.85,84429.63,85031.51,23086
2025-04-02 13:00:00,85032.38,86114.92,84432.28,85227.71,26159
2025-04-02 14:00:00,85219.27,85975.21,85152.48,85865.96,26645
2025-04-02 15:00:00,85865.67,87325.45,85789.61,86756.09,28456
2025-04-02 16:00:00,86755.01,87212.72,86566.96,87037.73,24255
2025-04-02 17:00:00,87037.54,87291.68,86318.98,86585.49,23290
2025-04-02 18:00:00,86584.14,86706.87,86174.24,86263.26,22636
2025-04-02 19:00:00,86263.3,86988.12,86142.41,86853.04,21632
2025-04-02 20:00:00,86853.63,88517.19,85189.26,85617.5,33573
2025-04-02 21:00:00,85617.5,85723.14,84185.09,84794.14,22615
2025-04-02 22:00:00,84790.99,84790.99,82561.02,82722.46,24290
2025-04-02 23:00:00,82722.46,82751.58,82226.91,82417.0,23054
2025-04-03 00:00:00,82417.06,83323.42,82066.51,83138.52,24949
2025-04-03 01:00:00,83139.0,83854.4,82998.47,83685.72,24469
2025-04-03 02:00:00,83684.39,83825.17,83200.13,83704.77,23827
2025-04-03 03:00:00,83704.61,83725.28,83275.01,83436.77,22748
2025-04-03 04:00:00,83437.17,83691.55,83201.8,83501.12,22240
2025-04-03 05:00:00,83500.97,83663.15,83260.24,83271.19,22424
2025-04-03 06:00:00,83271.77,83358.57,82918.25,82976.47,23122
2025-04-03 07:00:00,82976.28,83437.5,82912.03,83392.78,23289
2025-04-03 08:00:00,83393.5,83742.9,83374.99,83628.54,23503
2025-04-03 09:00:00,83628.97,83738.72,83393.87,83430.65,22524
2025-04-03 10:00:00,83430.2,83711.0,83088.01,83150.77,23916
2025-04-03 11:00:00,83150.02,83292.27,82950.39,83010.4,22771
2025-04-03 12:00:00,83010.13,83065.33,81771.48,81864.81,25102
2025-04-03 13:00:00,81864.81,82698.02,81697.07,82290.04,28193
2025-04-03 14:00:00,82290.26,82321.9,81203.79,81438.24,28013
2025-04-03 15:00:00,81438.24,82028.93,81109.37,81960.58,24567
2025-04-03 16:00:00,81960.94,82421.96,81633.89,81773.84,23373
2025-04-03 17:00:00,81773.9,82123.9,81548.94,81771.17,23370
2025-04-03 18:00:00,81771.09,82250.58,81460.87,82044.65,22952
2025-04-03 19:00:00,82044.2,82307.64,81754.88,81939.34,23320
2025-04-03 20:00:00,81944.03,82356.9,81704.97,82292.65,21965
2025-04-03 21:00:00,82293.63,82789.4,82242.57,82651.16,22012
2025-04-03 22:00:00,82651.04,82804.06,82508.43,82665.26,21842
2025-04-03 23:00:00,82665.11,83277.51,82420.71,83149.04,22375
2025-04-04 00:00:00,83155.92,83351.57,82922.82,82966.27,22763
2025-04-04 01:00:00,82966.1,83303.24,82525.06,82640.31,23612
2025-04-04 02:00:00,82641.61,83128.7,82628.43,82847.65,22463
2025-04-04 03:00:00,82847.31,83002.55,82605.59,82752.93,21921
2025-04-04 04:00:00,82752.87,82856.66,82531.53,82649.78,22425
2025-04-04 05:00:00,82649.11,83154.99,82551.72,83127.49,22567
2025-04-04 06:00:00,83128.22,83211.28,82953.21,82984.04,21993
2025-04-04 07:00:00,82983.9,83984.33,82960.48,83961.16,23505
2025-04-04 08:00:00,83961.14,84661.96,83960.55,84408.31,23915
2025-04-04 09:00:00,84408.15,84729.33,84122.21,84571.38,23078
2025-04-04 10:00:00,84571.38,84706.5,82351.07,82511.24,27648
2025-04-04 11:00:00,82509.72,82714.33,81569.09,82590.79,26368
2025-04-04 12:00:00,82590.81,83308.65,82136.87,82801.2,28038
2025-04-04 13:00:00,82801.51,83466.96,82079.45,83291.07,29012
2025-04-04 14:00:00,83278.56,83461.97,81759.95,82511.09,30511
2025-04-04 15:00:00,82503.97,83655.41,82404.53,82801.94,32218
2025-04-04 16:00:00,82802.28,83516.97,82672.97,83325.4,27087
2025-04-04 17:00:00,83323.68,84581.71,82890.02,84438.66,25740
2025-04-04 18:00:00,84440.19,84564.28,83697.96,83960.0,25097
2025-04-04 19:00:00,83960.06,84447.8,83750.01,83985.19,23913
2025-04-04 20:00:00,83978.41,84263.43,83447.87,84135.52,21968
2025-04-04 21:00:00,84135.73,84433.36,83904.17,84164.0,20700
2025-04-04 22:00:00,84164.0,84262.46,83973.76,84028.96,20780
2025-04-04 23:00:00,84030.34,84091.62,83594.9,83851.36,22096
2025-04-05 00:00:00,83851.31,83856.39,83331.7,83742.49,22514
2025-04-05 01:00:00,83742.64,84257.67,83735.95,83958.18,21427
2025-04-05 02:00:00,83958.41,84080.4,83749.59,83953.09,21293
2025-04-05 03:00:00,83953.88,83953.88,83549.88,83571.97,20753
2025-04-05 04:00:00,83572.01,83836.11,83560.59,83656.92,20093
2025-04-05 05:00:00,83656.38,83835.58,83591.99,83648.07,20698
2025-04-05 06:00:00,83648.36,83707.59,83293.29,83437.26,22151
2025-04-05 07:00:00,83436.93,83534.9,83316.68,83496.29,21455
2025-04-05 08:00:00,83496.48,83636.09,83330.2,83478.87,20906
2025-04-05 09:00:00,83478.74,83846.35,83475.93,83809.26,21316
2025-04-05 10:00:00,83807.36,83881.87,83534.64,83610.29,21195
2025-04-05 11:00:00,83608.99,83669.87,83407.09,83428.94,21085
2025-04-05 12:00:00,83428.93,83527.3,83083.69,83246.93,21950
2025-04-05 13:00:00,83244.22,83305.88,82484.49,82722.78,22558
2025-04-05 14:00:00,82722.08,83012.19,82632.62,82890.64,22766
2025-04-05 15:00:00,82890.86,82901.03,82345.73,82596.66,22423
2025-04-05 16:00:00,82596.23,82808.6,82572.78,82717.04,21534
2025-04-05 17:00:00,82717.66,82949.97,82641.61,82859.72,21025
2025-04-05 18:00:00,82860.12,83115.27,82832.42,83036.6,21297
2025-04-05 19:00:00,83036.23,83155.96,82760.23,82845.75,21185
2025-04-05 20:00:00,82846.92,83112.77,82812.51,83061.94,20740
2025-04-05 21:00:00,83061.45,83230.49,82874.68,82912.33,20178
2025-04-05 22:00:00,82912.33,83221.18,82896.88,83174.07,19550
2025-04-05 23:00:00,83174.04,83713.2,83109.95,83526.66,20557
2025-04-06 00:00:00,83535.1,83622.71,83394.37,83518.49,20555
2025-04-06 01:00:00,83517.82,83800.74,83395.9,83429.0,21499
2025-04-06 02:00:00,83429.72,83499.55,83265.72,83294.71,21596
2025-04-06 03:00:00,83294.77,83405.62,83140.23,83331.99,21695
2025-04-06 04:00:00,83332.05,83503.29,83212.84,83490.76,20849
2025-04-06 05:00:00,83491.39,83530.23,83297.75,83418.28,21163
2025-04-06 06:00:00,83418.27,83453.47,83081.5,83092.65,22628
2025-04-06 07:00:00,83091.15,83187.9,82970.81,82984.68,22899
2025-04-06 08:00:00,82985.74,83012.62,82643.51,82974.44,22300
2025-04-06 09:00:00,82974.96,83129.49,82854.45,83016.24,20860
2025-04-06 10:00:00,83015.96,83034.72,82631.92,82805.74,21279
2025-04-06 11:00:00,82804.83,82866.59,82582.16,82781.65,21529
2025-04-06 12:00:00,82778.74,82925.82,82568.65,82634.71,22094
2025-04-06 13:00:00,82634.77,82775.15,82164.48,82246.86,21905
2025-04-06 14:00:00,82246.69,82740.75,82145.79,82609.41,21776
2025-04-06 15:00:00,82611.47,82772.61,82331.54,82493.5,21139
2025-04-06 16:00:00,82493.52,82523.84,81857.91,81920.39,20904
2025-04-06 17:00:00,81919.57,81941.09,80501.87,80767.05,22921
2025-04-06 18:00:00,80765.16,80766.13,78609.21,79035.7,28707
2025-04-06 19:00:00,79037.66,79792.08,78740.76,79550.95,25551
2025-04-06 20:00:00,79549.85,79851.3,78484.36,78829.55,24569
2025-04-06 21:00:00,78830.04,79626.06,78644.78,78882.61,21953
2025-04-06 22:00:00,78882.6,79058.06,77700.6,77957.88,28229
2025-04-06 23:00:00,77957.58,78573.48,77020.48,78301.66,28571
2025-04-07 00:00:00,78301.7,78411.13,77286.4,78208.48,26893
2025-04-07 01:00:00,78208.83,79252.4,78190.21,79054.24,26788
2025-04-07 02:00:00,79054.69,79156.56,78301.6,78358.5,24153
2025-04-07 03:00:00,78357.74,78435.7,77231.38,77594.06,25939
2025-04-07 04:00:00,77594.23,77884.48,76528.49,76870.51,26845
2025-04-07 05:00:00,76870.5,77382.61,76534.03,76822.75,25494
2025-04-07 06:00:00,76820.7,77189.61,74418.1,74686.13,31082
2025-04-07 07:00:00,74694.41,75357.44,74360.24,74980.1,29566
2025-04-07 08:00:00,74979.91,76723.46,74945.26,76156.84,28285
2025-04-07 09:00:00,76148.93,76712.02,75622.22,76189.71,25498
2025-04-07 10:00:00,76189.46,77492.26,76041.86,76904.51,27052
2025-04-07 11:00:00,76904.52,77325.09,76333.94,76595.81,25134
2025-04-07 12:00:00,76595.54,77577.61,76305.9,77258.22,28846
2025-04-07 13:00:00,77254.98,78393.53,75702.69,78258.88,34125
2025-04-07 14:00:00,78260.87,81150.57,77805.26,78957.27,46185
2025-04-07 15:00:00,78966.31,79298.61,77444.31,78418.93,36631
2025-04-07 16:00:00,78420.55,78529.19,77246.63,77380.99,29496
2025-04-07 17:00:00,77380.89,79169.15,77373.75,79034.81,32064
2025-04-07 18:00:00,79045.74,79367.62,78247.14,78457.06,28030
2025-04-07 19:00:00,78457.37,78920.58,77964.97,78081.83,27028
2025-04-07 20:00:00,78081.71,79121.92,78057.12,78924.39,22582
2025-04-07 21:00:00,78924.47,79594.18,78659.27,79231.63,21182
2025-04-07 22:00:00,79231.63,80223.81,79149.38,79959.3,23070
2025-04-07 23:00:00,79959.54,80099.38,79068.46,79170.1,22246
2025-04-08 00:00:00,79168.26,79596.04,78963.82,78998.34,22699
2025-04-08 01:00:00,78998.34,80792.57,78742.59,80583.08,24191
2025-04-08 02:00:00,80582.9,80858.35,79860.14,79922.14,23459
2025-04-08 03:00:00,79922.15,80187.86,79722.42,79891.32,21796
2025-04-08 04:00:00,79891.23,80403.14,79829.77,80282.22,22096
2025-04-08 05:00:00,80282.25,80300.27,79515.68,79826.57,22124
2025-04-08 06:00:00,79827.33,79829.18,79249.71,79437.05,21667
2025-04-08 07:00:00,79437.05,79695.62,79181.75,79446.8,22873
2025-04-08 08:00:00,79446.76,79495.13,78893.46,79122.44,22966
2025-04-08 09:00:00,79122.44,79206.53,78811.45,78870.77,22892
2025-04-08 10:00:00,78870.03,79132.96,78771.66,78959.81,22251
2025-04-08 11:00:00,78959.9,80055.32,78911.31,79967.56,23835
2025-04-08 12:00:00,79967.56,80100.58,79532.32,79811.41,24020
2025-04-08 13:00:00,79811.89,80357.79,79336.08,79863.71,29311
2025-04-08 14:00:00,79866.24,80234.57,78422.78,78439.39,27003
2025-04-08 15:00:00,78439.77,78822.62,78123.58,78462.88,26289
2025-04-08 16:00:00,78463.05,78493.54,77293.56,77368.63,27848
2025-04-08 17:00:00,77368.63,77494.87,76456.04,77258.17,29376
2025-04-08 18:00:00,77259.22,77927.15,76982.19,77170.01,26981
2025-04-08 19:00:00,77170.87,77280.38,76225.21,76731.16,27221
2025-04-08 20:00:00,76741.22,77106.88,76481.5,77043.25,22281
2025-04-08 21:00:00,77044.71,77201.43,76635.02,77029.1,20592
2025-04-08 22:00:00,77029.1,77060.43,76112.24,76606.7,22546
2025-04-08 23:00:00,76606.7,76688.93,76155.84,76190.89,21749
2025-04-09 00:00:00,76191.76,76754.53,75770.0,76405.39,24888
2025-04-09 01:00:00,76405.39,76484.72,74468.3,75919.04,28379
2025-04-09 02:00:00,75919.52,76330.21,75409.68,75514.88,24364
2025-04-09 03:00:00,75518.41,75731.89,74843.1,74928.14,22791
2025-04-09 04:00:00,74926.75,76770.52,74819.51,76302.86,26978
2025-04-09 05:00:00,76302.75,76732.03,76079.99,76652.19,22846
2025-04-09 06:00:00,76652.19,77243.04,76601.8,76786.5,24384
2025-04-09 07:00:00,76786.51,77922.19,76757.33,77658.5,25837
2025-04-09 08:00:00,77658.29,77853.9,77019.73,77249.61,23597
2025-04-09 09:00:00,77249.14,77508.77,77096.03,77437.81,22825
2025-04-09 10:00:00,77438.0,77563.18,76893.03,77165.92,23355
2025-04-09 11:00:00,77166.52,77171.22,75652.36,76109.48,29827
2025-04-09 12:00:00,76109.48,76991.89,75903.91,76674.23,26150
2025-04-09 13:00:00,76674.23,77750.09,76613.23,77608.26,30890
2025-04-09 14:00:00,77597.11,78248.25,76717.3,76797.97,30425
2025-04-09 15:00:00,76797.95,77575.58,76762.68,77174.94,26848
2025-04-09 16:00:00,77187.27,78312.88,77043.51,78197.46,24680
2025-04-09 17:00:00,78197.46,82292.99,77581.14,82182.22,38389
2025-04-09 18:00:00,82182.56,83021.66,81694.93,81804.92,33324
2025-04-09 19:00:00,81804.45,82610.5,81782.2,82344.01,26149
2025-04-09 20:00:00,82352.01,83324.78,82048.2,83245.98,23607
2025-04-09 21:00:00,83247.75,83676.65,82908.38,83352.18,22689
2025-04-09 22:00:00,83352.07,83580.34,83039.64,83137.15,22588
2025-04-09 23:00:00,83137.06,83261.14,82583.45,82677.78,22363
2025-04-10 00:00:00,82677.89,82809.89,82116.19,82406.49,22576
2025-04-10 01:00:00,82406.49,82663.28,82273.94,82296.93,22618
2025-04-10 02:00:00,82296.94,82620.34,82224.28,82249.72,22487
2025-04-10 03:00:00,82249.72,82272.31,81457.09,81779.25,23926
2025-04-10 04:00:00,81779.26,82104.57,81640.97,82036.52,22486
2025-04-10 05:00:00,82036.67,82289.56,81923.23,82188.8,22696
2025-04-10 06:00:00,82188.83,82387.03,81855.56,82180.09,23218
2025-04-10 07:00:00,82180.31,82288.85,81299.11,81609.62,24081
2025-04-10 08:00:00,81609.85,81860.54,81418.41,81547.34,23224
2025-04-10 09:00:00,81546.48,82109.44,81319.25,82055.99,23783
2025-04-10 10:00:00,82056.52,82157.5,81557.1,81731.39,23702
2025-04-10 11:00:00,81731.39,81934.03,81467.33,81868.27,22425
2025-04-10 12:00:00,81868.63,82506.25,81429.02,81696.7,25655
2025-04-10 13:00:00,81696.76,81930.1,80743.04,80854.13,27764
2025-04-10 14:00:00,80854.13,81819.47,80602.58,81263.77,27248
2025-04-10 15:00:00,81263.77,81336.7,78506.89,78688.33,27416
2025-04-10 16:00:00,78688.32,79603.15,78355.14,79361.58,28053
2025-04-10 17:00:00,79362.12,79608.54,78506.96,79224.21,26470
2025-04-10 18:00:00,79224.47,79805.47,79120.14,79404.36,24671
2025-04-10 19:00:00,79404.36,79967.89,79206.48,79579.83,21682
2025-04-10 20:00:00,79570.35,79891.09,79473.5,79872.57,21418
2025-04-10 21:00:00,79877.18,79989.98,79613.63,79660.52,21045
2025-04-10 22:00:00,79660.71,79871.83,79469.42,79634.27,20613
2025-04-10 23:00:00,79634.26,79682.83,79292.47,79530.17,21354
2025-04-11 00:00:00,79529.57,79692.53,78893.78,78978.48,23201
2025-04-11 01:00:00,78980.81,80404.8,78939.97,80387.26,23144
2025-04-11 02:00:00,80387.27,80791.15,80088.17,80241.81,22120
2025-04-11 03:00:00,80241.51,80866.28,80229.75,80792.04,21862
2025-04-11 04:00:00,80792.02,81066.42,80670.69,80834.47,21766
2025-04-11 05:00:00,80834.74,80880.03,80459.58,80774.7,21310
2025-04-11 06:00:00,80774.98,81333.98,80774.98,81092.33,22905
2025-04-11 07:00:00,81092.26,81423.8,80810.02,81252.36,22593
2025-04-11 08:00:00,81252.27,81917.88,80763.58,81623.53,23117
2025-04-11 09:00:00,81623.61,82429.53,81422.94,82418.3,22903
2025-04-11 10:00:00,82422.7,82992.32,82279.9,82699.23,22919
2025-04-11 11:00:00,82700.15,82896.76,81984.58,82101.12,23309
2025-04-11 12:00:00,82101.1,82523.37,81786.66,82096.97,23491
2025-04-11 13:00:00,82099.37,83326.19,81793.83,82919.23,26826
2025-04-11 14:00:00,82931.39,82931.39,81324.92,81887.81,26681
2025-04-11 15:00:00,81887.8,82696.81,81696.65,82514.34,24687
2025-04-11 16:00:00,82513.09,83013.65,81993.73,82773.96,23973
2025-04-11 17:00:00,82773.9,84069.7,82675.77,83940.91,24831
2025-04-11 18:00:00,83938.18,84239.66,83527.04,83630.7,23842
2025-04-11 19:00:00,83630.7,84007.23,83569.34,83881.8,21991
2025-04-11 20:00:00,83881.8,84071.89,83720.48,83875.55,21438
2025-04-11 21:00:00,83875.09,84356.17,83663.26,83692.72,21634
2025-04-11 22:00:00,83692.05,83750.36,83300.98,83418.35,22429
2025-04-11 23:00:00,83418.22,83573.17,83144.19,83430.12,22251
2025-04-12 00:00:00,83421.94,83595.54,83233.5,83378.47,21732
2025-04-12 01:00:00,83378.51,83468.03,83134.52,83212.51,21642
2025-04-12 02:00:00,83212.42,83299.87,82797.05,82798.24,23793
2025-04-12 03:00:00,82798.23,83122.3,82773.18,82951.9,23440
2025-04-12 04:00:00,82947.11,83435.3,82818.46,83181.2,23545
2025-04-12 05:00:00,83185.14,83491.81,83150.33,83319.7,23045
2025-04-12 06:00:00,83319.04,83780.73,83317.39,83533.75,22735
2025-04-12 07:00:00,83533.23,83808.11,83460.81,83709.4,21719
2025-04-12 08:00:00,83708.99,84019.49,83446.23,83581.6,22383
2025-04-12 09:00:00,83581.55,83762.64,83384.53,83510.49,23084
2025-04-12 10:00:00,83511.13,83550.41,83258.28,83393.0,22320
2025-04-12 11:00:00,83392.37,83630.84,83386.12,83495.99,21417
2025-04-12 12:00:00,83496.54,83904.22,83433.89,83805.19,21853
2025-04-12 13:00:00,83805.19,84684.87,83539.05,84427.2,22542
2025-04-12 14:00:00,84432.23,85307.34,84280.04,84820.51,23913
2025-04-12 15:00:00,84820.81,85439.35,84631.84,85018.53,22938
2025-04-12 16:00:00,85018.55,85238.48,84572.84,84649.77,22558
2025-04-12 17:00:00,84646.93,84859.65,84414.58,84770.03,22277
2025-04-12 18:00:00,84769.65,85206.79,84736.64,85172.1,21292
2025-04-12 19:00:00,85172.24,85294.44,84834.68,84955.3,21838
2025-04-12 20:00:00,84955.86,85969.18,84878.26,85554.19,21350
2025-04-12 21:00:00,85554.93,85618.85,85260.6,85379.03,19443
2025-04-12 22:00:00,85379.47,85726.34,85323.85,85353.5,20319
2025-04-12 23:00:00,85353.58,85444.72,85165.23,85260.95,20895
2025-04-13 00:00:00,85262.79,85571.95,84981.21,85496.22,21616
2025-04-13 01:00:00,85496.22,86147.82,85143.71,85247.36,22811
2025-04-13 02:00:00,85247.36,85450.54,84731.96,85286.01,22265
2025-04-13 03:00:00,85286.01,85760.6,85235.36,85433.93,21883
2025-04-13 04:00:00,85434.43,85458.71,84474.92,84604.83,21070
2025-04-13 05:00:00,84609.39,84796.13,84361.82,84503.09,22145
2025-04-13 06:00:00,84503.13,84854.29,84415.15,84603.87,22375
2025-04-13 07:00:00,84603.71,84777.17,84381.95,84390.66,22847
2025-04-13 08:00:00,84390.96,84683.57,84248.01,84651.41,23267
2025-04-13 09:00:00,84650.27,84949.54,84479.48,84898.72,23395
2025-04-13 10:00:00,84899.27,84953.26,84486.89,84685.58,22656
2025-04-13 11:00:00,84684.83,84769.22,84195.78,84513.95,22881
2025-04-13 12:00:00,84514.08,84685.22,84216.14,84434.56,22214
2025-04-13 13:00:00,84431.26,84576.52,83424.21,83563.13,22183
2025-04-13 14:00:00,83560.71,84122.2,83433.85,84028.35,23442
2025-04-13 15:00:00,84029.42,84035.33,83613.53,83808.68,22941
2025-04-13 16:00:00,83809.29,84387.09,83787.76,84195.82,22661
2025-04-13 17:00:00,84197.16,85003.98,84147.6,84733.29,22842
2025-04-13 18:00:00,84729.85,84942.29,84497.12,84729.54,22166
2025-04-13 19:00:00,84729.08,84729.08,82989.94,83938.0,23863
2025-04-13 20:00:00,83936.3,84424.78,83119.3,83462.12,22155
2025-04-13 21:00:00,83461.92,83788.33,82977.61,83550.27,21858
2025-04-13 22:00:00,83551.85,83836.63,83097.52,83281.78,20900
2025-04-13 23:00:00,83281.45,83795.59,83092.26,83705.35,21926
2025-04-14 00:00:00,83705.62,85119.95,83619.03,84310.52,22806
2025-04-14 01:00:00,84310.52,84664.07,84036.1,84194.83,21781
2025-04-14 02:00:00,84196.36,85517.91,83989.71,85092.39,23051
2025-04-14 03:00:00,85092.58,85121.42,84416.93,84545.0,21700
2025-04-14 04:00:00,84544.98,85077.66,84378.09,84852.47,22671
2025-04-14 05:00:00,84852.83,84988.87,84299.37,84547.32,21986
2025-04-14 06:00:00,84547.32,84627.86,84229.46,84594.45,22129
2025-04-14 07:00:00,84596.97,84771.57,84182.53,84566.13,22212
2025-04-14 08:00:00,84566.07,84963.9,84417.03,84764.45,21965
2025-04-14 09:00:00,84764.48,84911.81,84218.58,84411.1,22185
2025-04-14 10:00:00,84411.12,84805.45,84268.81,84638.59,23205
2025-04-14 11:00:00,84637.39,84976.28,84477.48,84935.76,23069
2025-04-14 12:00:00,84934.63,85237.65,84745.36,85148.18,23125
2025-04-14 13:00:00,85148.15,85295.66,84044.72,84365.14,24311
2025-04-14 14:00:00,84365.14,85799.35,84248.45,85431.92,14916
2025-04-14 15:00:00,85431.92,85485.98,83688.99,84073.21,24379
2025-04-14 16:00:00,84073.21,84665.76,83824.86,84323.94,24208
2025-04-14 17:00:00,84322.73,84888.49,84181.17,84850.68,23131
2025-04-14 18:00:00,84849.67,85064.45,84674.46,84984.4,21836
2025-04-14 19:00:00,84984.27,85207.66,84751.72,84912.49,22090
2025-04-14 20:00:00,84919.1,84966.13,84520.96,84835.46,22221
2025-04-14 21:00:00,84835.55,84956.82,84419.43,84677.74,20591
2025-04-14 22:00:00,84677.51,84723.32,84388.94,84479.65,19465
2025-04-14 23:00:00,84479.56,84760.51,84393.11,84572.44,18965
2025-04-15 00:00:00,84571.09,84947.08,84314.12,84893.95,21133
2025-04-15 01:00:00,84893.95,85125.4,84510.64,84975.26,20734
2025-04-15 02:00:00,84974.92,85306.91,84676.75,85211.69,21080
2025-04-15 03:00:00,85211.7,85416.32,85040.58,85363.33,21105
2025-04-15 04:00:00,85363.27,85531.72,85140.96,85475.08,21547
2025-04-15 05:00:00,85475.19,85878.76,85463.35,85535.69,21693
2025-04-15 06:00:00,85535.69,85693.06,85324.64,85371.11,21067
2025-04-15 07:00:00,85370.76,85778.5,85367.51,85730.07,20487
2025-04-15 08:00:00,85729.51,85988.83,85664.15,85855.37,21633
2025-04-15 09:00:00,85854.89,86004.23,85600.33,85999.33,21019
2025-04-15 10:00:00,85997.83,86023.34,85435.16,85637.95,20282
2025-04-15 11:00:00,85637.57,85680.71,85329.97,85581.63,21062
2025-04-15 12:00:00,85581.82,85833.1,85431.69,85810.71,21959
2025-04-15 13:00:00,85810.41,86496.42,85500.41,85585.97,23024
2025-04-15 14:00:00,85585.97,85991.57,84825.61,85142.49,24834
2025-04-15 15:00:00,85140.6,85400.9,84612.58,84909.78,21905
2025-04-15 16:00:00,84909.21,85154.73,84755.87,84844.97,21852
2025-04-15 17:00:00,84844.98,85001.09,84392.83,84471.44,20775
2025-04-15 18:00:00,84471.26,84596.3,84117.54,84178.12,20971
2025-04-15 19:00:00,84178.11,84219.26,83891.91,83963.78,20844
2025-04-15 20:00:00,83964.22,84184.33,83759.19,83986.31,21188
2025-04-15 21:00:00,83985.98,84226.1,83850.61,84170.82,21760
2025-04-15 22:00:00,84170.55,84170.55,83662.55,83820.42,20826
2025-04-15 23:00:00,83821.21,83856.54,83589.85,83646.48,20804
2025-04-16 00:00:00,83646.2,83700.02,83119.45,83135.63,20985
2025-04-16 01:00:00,83135.63,83651.49,83085.62,83620.03,21349
2025-04-16 02:00:00,83620.38,83921.62,83561.81,83884.27,22720
2025-04-16 03:00:00,83889.43,83950.45,83632.92,83677.9,21572
2025-04-16 04:00:00,83678.97,83797.85,83388.87,83590.97,22127
2025-04-16 05:00:00,83589.93,83826.17,83195.16,83351.63,21991
2025-04-16 06:00:00,83352.19,83728.88,83257.88,83633.47,21588
2025-04-16 07:00:00,83634.48,83756.92,83296.15,83352.83,21539
2025-04-16 08:00:00,83352.84,84122.87,83119.38,83738.53,23307
2025-04-16 09:00:00,83738.83,83933.32,83581.62,83586.64,21850
2025-04-16 10:00:00,83591.47,83995.33,83556.26,83937.7,21927
2025-04-16 11:00:00,83938.1,84143.29,83772.5,84061.51,22200
2025-04-16 12:00:00,84066.37,84289.87,83710.57,83752.43,22214
2025-04-16 13:00:00,83752.15,84210.73,83475.16,83718.88,22849
2025-04-16 14:00:00,83717.58,84878.01,83698.9,84618.31,23429
2025-04-16 15:00:00,84618.26,85297.69,84515.02,84881.28,23113
2025-04-16 16:00:00,84882.59,85251.29,84706.2,85063.4,22601
2025-04-16 17:00:00,85062.94,85568.68,83230.58,83284.81,25361
2025-04-16 18:00:00,83275.7,84482.26,83265.44,84013.61,25170
2025-04-16 19:00:00,84013.65,84489.09,83781.16,84315.76,21205
2025-04-16 20:00:00,84316.4,84676.26,84233.61,84307.68,21136
2025-04-16 21:00:00,84307.68,84692.28,84253.34,84560.66,20338
2025-04-16 22:00:00,84560.66,84597.91,84294.77,84444.58,19565
2025-04-16 23:00:00,84444.71,84492.43,84001.25,84019.53,20544
2025-04-17 00:00:00,84019.56,84200.14,83907.26,84190.02,20100
2025-04-17 01:00:00,84189.75,84497.6,84088.77,84333.29,21080
2025-04-17 02:00:00,84333.19,84333.93,84000.96,84245.69,21061
2025-04-17 03:00:00,84244.79,84286.26,83787.99,83969.52,20463
2025-04-17 04:00:00,83979.72,84172.04,83866.71,84133.14,20945
2025-04-17 05:00:00,84132.89,84498.05,84065.96,84391.66,21654
2025-04-17 06:00:00,84392.5,84881.93,84294.96,84783.04,21839
2025-04-17 07:00:00,84782.82,85078.49,84590.83,84670.89,22576
2025-04-17 08:00:00,84670.85,84768.56,84376.7,84431.75,23281
2025-04-17 09:00:00,84431.75,84499.7,84301.33,84439.07,21952
2025-04-17 10:00:00,84438.83,84475.69,84143.44,84352.82,21607
2025-04-17 11:00:00,84352.82,84741.64,84230.97,84545.27,21938
2025-04-17 12:00:00,84546.77,84862.62,84546.68,84753.26,21372
2025-04-17 13:00:00,84753.24,84765.32,84279.64,84450.11,21611
2025-04-17 14:00:00,84449.45,84453.37,83677.41,84053.7,22848
2025-04-17 15:00:00,84053.67,84679.77,84044.1,84516.22,22640
2025-04-17 16:00:00,84516.25,85086.0,84364.85,84917.65,22748
2025-04-17 17:00:00,84917.38,85205.44,84765.32,85105.43,21462
2025-04-17 18:00:00,85105.73,85484.32,84892.92,84910.03,21090
2025-04-17 19:00:00,84910.03,85134.53,84460.2,84822.15,20931
2025-04-17 20:00:00,84822.15,85104.07,84811.34,84941.6,11708
