time,open,high,low,close,tick_volume
2023-09-07 03:00:00,1.07275,1.07314,1.07244,1.07294,721
2023-09-07 04:00:00,1.07294,1.07298,1.07176,1.07189,784
2023-09-07 05:00:00,1.07188,1.07211,1.07153,1.07189,1155
2023-09-07 06:00:00,1.07187,1.07252,1.07144,1.07161,2036
2023-09-07 07:00:00,1.07162,1.07193,1.07078,1.07155,2692
2023-09-07 08:00:00,1.07153,1.07163,1.07073,1.07102,2209
2023-09-07 09:00:00,1.07101,1.07175,1.07068,1.07142,1965
2023-09-07 10:00:00,1.0714299999999999,1.07145,1.07037,1.07059,1817
2023-09-07 11:00:00,1.07059,1.0713,1.07026,1.0705,1450
2023-09-07 12:00:00,1.07049,1.07103,1.06857,1.06929,3772
2023-09-07 13:00:00,1.06929,1.07037,1.06906,1.0691,3811
2023-09-07 14:00:00,1.0691,1.07095,1.0686,1.07026,3330
2023-09-07 15:00:00,1.07028,1.07083,1.06942,1.07029,2377
2023-09-07 16:00:00,1.07029,1.07093,1.07026,1.07036,1414
2023-09-07 17:00:00,1.07036,1.0709,1.06982,1.06989,1281
2023-09-07 18:00:00,1.06987,1.07035,1.06937,1.06938,1106
2023-09-07 19:00:00,1.06937,1.0701,1.06934,1.06945,1235
2023-09-07 20:00:00,1.06945,1.06982,1.06929,1.06929,642
2023-09-07 21:00:00,1.06939,1.06963,1.06934,1.06957,192
2023-09-07 22:00:00,1.06955,1.06966,1.06937,1.06952,204
2023-09-07 23:00:00,1.06937,1.0697,1.06924,1.0697,274
2023-09-08 00:00:00,1.06972,1.07146,1.06967,1.07136,1602
2023-09-08 01:00:00,1.07136,1.07205,1.07044,1.07168,1850
2023-09-08 02:00:00,1.07168,1.07229,1.07141,1.07176,1189
2023-09-08 03:00:00,1.07176,1.0718,1.07144,1.0716,728
2023-09-08 04:00:00,1.0716,1.07166,1.07123,1.0713,688
2023-09-08 05:00:00,1.0713,1.07257,1.0713,1.07237,956
2023-09-08 06:00:00,1.07237,1.07276,1.0714,1.07151,1758
2023-09-08 07:00:00,1.07151,1.07186,1.07073,1.07083,2532
2023-09-08 08:00:00,1.07083,1.07169,1.07073,1.07115,2290
2023-09-08 09:00:00,1.07113,1.07113,1.06989,1.07029,2210
2023-09-08 10:00:00,1.07028,1.07042,1.06963,1.06999,1681
2023-09-08 11:00:00,1.07001,1.07044,1.06938,1.06988,1791
2023-09-08 12:00:00,1.06987,1.07132,1.06974,1.07019,2714
2023-09-08 13:00:00,1.0702099999999999,1.07258,1.06992,1.07258,3337
2023-09-08 14:00:00,1.07259,1.07434,1.07138,1.07148,3507
2023-09-08 15:00:00,1.0715,1.07169,1.07064,1.07083,2200
2023-09-08 16:00:00,1.07084,1.07131,1.07001,1.0704,1428
2023-09-08 17:00:00,1.07039,1.07103,1.07024,1.07054,1068
2023-09-08 18:00:00,1.07054,1.0708199999999999,1.06966,1.06974,1192
2023-09-08 19:00:00,1.06974,1.07001,1.06968,1.0699,884
2023-09-08 20:00:00,1.06988,1.07027,1.06988,1.07,641
2023-09-10 21:00:00,1.07106,1.0715,1.07081,1.07144,264
2023-09-10 22:00:00,1.07139,1.07139,1.07065,1.07097,616
2023-09-10 23:00:00,1.07097,1.07201,1.07066,1.07158,717
2023-09-11 00:00:00,1.07159,1.07205,1.07096,1.07129,1567
2023-09-11 01:00:00,1.07129,1.07205,1.07098,1.0719,1764
2023-09-11 02:00:00,1.07191,1.07276,1.07184,1.07235,1257
2023-09-11 03:00:00,1.07235,1.07247,1.07189,1.07222,986
2023-09-11 04:00:00,1.07221,1.07372,1.07214,1.07351,1486
2023-09-11 05:00:00,1.0735,1.0741,1.07282,1.07283,1754
2023-09-11 06:00:00,1.07285,1.07351,1.0723799999999999,1.07328,1994
2023-09-11 07:00:00,1.07327,1.07371,1.07247,1.0725500000000001,2471
2023-09-11 08:00:00,1.0725500000000001,1.07328,1.07218,1.07282,2090
2023-09-11 09:00:00,1.07282,1.07339,1.07231,1.07321,1807
2023-09-11 10:00:00,1.07322,1.07335,1.0726,1.07317,1712
2023-09-11 11:00:00,1.0731600000000001,1.07319,1.07179,1.07191,1737
2023-09-11 12:00:00,1.07192,1.07274,1.07151,1.07272,2480
2023-09-11 13:00:00,1.0727,1.07365,1.07219,1.07354,3037
2023-09-11 14:00:00,1.07354,1.07588,1.07343,1.07452,3419
2023-09-11 15:00:00,1.07451,1.07494,1.07407,1.07422,2012
2023-09-11 16:00:00,1.07423,1.07575,1.07422,1.07507,1458
2023-09-11 17:00:00,1.07506,1.07518,1.0743800000000001,1.07454,1140
2023-09-11 18:00:00,1.07454,1.07509,1.07439,1.07447,899
2023-09-11 19:00:00,1.07448,1.0749900000000001,1.0744,1.07484,1051
2023-09-11 20:00:00,1.07485,1.07504,1.07469,1.07469,531
2023-09-11 21:00:00,1.07478,1.0751,1.07457,1.0749,284
2023-09-11 22:00:00,1.07486,1.07506,1.07479,1.07495,224
2023-09-11 23:00:00,1.0748,1.07493,1.07471,1.07471,246
2023-09-12 00:00:00,1.07471,1.07473,1.07419,1.07435,938
2023-09-12 01:00:00,1.07435,1.07687,1.07372,1.07406,2211
2023-09-12 02:00:00,1.07405,1.07507,1.07386,1.07506,1374
2023-09-12 03:00:00,1.07507,1.07507,1.07441,1.07459,933
2023-09-12 04:00:00,1.0746,1.07461,1.07382,1.07386,724
2023-09-12 05:00:00,1.07386,1.07404,1.07352,1.0735999999999999,1077
2023-09-12 06:00:00,1.0735999999999999,1.07404,1.073,1.07322,1777
2023-09-12 07:00:00,1.07321,1.07344,1.07118,1.0713,2482
2023-09-12 08:00:00,1.07131,1.07231,1.07118,1.07141,2169
2023-09-12 09:00:00,1.07142,1.07256,1.0713,1.07221,1828
2023-09-12 10:00:00,1.07219,1.0724,1.07116,1.07158,1485
2023-09-12 11:00:00,1.07156,1.07182,1.0708199999999999,1.07176,1933
2023-09-12 12:00:00,1.07175,1.07205,1.07054,1.07069,2697
2023-09-12 13:00:00,1.07068,1.07184,1.07051,1.0717,2975
2023-09-12 14:00:00,1.07171,1.07177,1.07101,1.07134,2347
2023-09-12 15:00:00,1.07134,1.07297,1.07134,1.0725,1769
2023-09-12 16:00:00,1.07252,1.07371,1.07213,1.07229,1407
2023-09-12 17:00:00,1.07228,1.07336,1.07227,1.07256,1383
2023-09-12 18:00:00,1.07256,1.0734,1.07242,1.0731600000000001,1274
2023-09-12 19:00:00,1.07318,1.07334,1.07272,1.07277,997
2023-09-12 20:00:00,1.07277,1.07644,1.07273,1.07488,1376
2023-09-12 21:00:00,1.07524,1.07584,1.07496,1.07535,314
2023-09-12 22:00:00,1.07534,1.07557,1.0749900000000001,1.07557,294
2023-09-12 23:00:00,1.07542,1.07563,1.07522,1.07527,331
2023-09-13 00:00:00,1.07528,1.07636,1.07528,1.07589,1308
2023-09-13 01:00:00,1.07589,1.07644,1.07553,1.07573,1420
2023-09-13 02:00:00,1.07573,1.07595,1.07448,1.07462,1272
2023-09-13 03:00:00,1.07462,1.07498,1.07441,1.07468,874
2023-09-13 04:00:00,1.07469,1.07532,1.07458,1.07518,789
2023-09-13 05:00:00,1.07519,1.07541,1.07415,1.07441,1241
2023-09-13 06:00:00,1.07441,1.07467,1.07345,1.07379,2503
2023-09-13 07:00:00,1.0737700000000001,1.07485,1.07308,1.07434,2675
2023-09-13 08:00:00,1.07432,1.07444,1.07313,1.07347,2523
2023-09-13 09:00:00,1.07348,1.07394,1.07285,1.07294,2050
2023-09-13 10:00:00,1.07294,1.07376,1.07282,1.07372,1627
2023-09-13 11:00:00,1.07374,1.07404,1.07297,1.07362,1667
2023-09-13 12:00:00,1.07363,1.0761,1.07089,1.07472,9303
2023-09-13 13:00:00,1.07473,1.07555,1.07289,1.07383,6485
2023-09-13 14:00:00,1.07383,1.07423,1.07266,1.07375,4062
2023-09-13 15:00:00,1.0737700000000001,1.07444,1.07308,1.07353,2405
2023-09-13 16:00:00,1.07353,1.07461,1.07344,1.07402,2097
2023-09-13 17:00:00,1.07402,1.07487,1.07369,1.07443,1805
2023-09-13 18:00:00,1.07441,1.07457,1.0731600000000001,1.0731600000000001,1335
2023-09-13 19:00:00,1.0731600000000001,1.07321,1.07275,1.07314,1201
2023-09-13 20:00:00,1.07314,1.07317,1.07264,1.07264,495
2023-09-13 21:00:00,1.07274,1.0729,1.07268,1.07281,425
2023-09-13 22:00:00,1.07281,1.07322,1.07277,1.07311,315
2023-09-13 23:00:00,1.07311,1.07342,1.07286,1.07324,294
2023-09-14 00:00:00,1.07324,1.0742,1.0729899999999999,1.07396,1023
2023-09-14 01:00:00,1.07397,1.0743,1.0735,1.07369,1607
2023-09-14 02:00:00,1.07367,1.07401,1.07313,1.07401,1054
2023-09-14 03:00:00,1.07402,1.07461,1.07402,1.07442,899
2023-09-14 04:00:00,1.07442,1.07483,1.0743800000000001,1.07467,640
2023-09-14 05:00:00,1.07468,1.07517,1.07459,1.07473,1096
2023-09-14 06:00:00,1.07473,1.07483,1.07404,1.07425,1365
2023-09-14 07:00:00,1.07426,1.07429,1.07327,1.07332,1934
2023-09-14 08:00:00,1.07331,1.07396,1.07318,1.07336,2017
2023-09-14 09:00:00,1.07336,1.07368,1.07241,1.0728,1508
2023-09-14 10:00:00,1.0728,1.0737,1.0727,1.07346,1904
2023-09-14 11:00:00,1.07346,1.07371,1.07285,1.07298,1715
2023-09-14 12:00:00,1.073,1.07458,1.06547,1.06765,9871
2023-09-14 13:00:00,1.06764,1.06969,1.06603,1.06638,8764
2023-09-14 14:00:00,1.0664,1.06735,1.06537,1.06634,4345
2023-09-14 15:00:00,1.06635,1.06751,1.06558,1.06583,2572
2023-09-14 16:00:00,1.06585,1.06626,1.06448,1.06482,2109
2023-09-14 17:00:00,1.06482,1.06503,1.06314,1.06362,1576
2023-09-14 18:00:00,1.06362,1.064,1.0633,1.06343,1268
2023-09-14 19:00:00,1.06345,1.06439,1.06339,1.06422,1442
2023-09-14 20:00:00,1.06421,1.06464,1.06374,1.06374,749
2023-09-14 21:00:00,1.06408,1.0642,1.06394,1.06411,179
2023-09-14 22:00:00,1.06412,1.06421,1.06372,1.06421,294
2023-09-14 23:00:00,1.06406,1.06406,1.06345,1.06346,346
2023-09-15 00:00:00,1.06346,1.06433,1.06339,1.06418,1301
2023-09-15 01:00:00,1.0642,1.0643,1.06329,1.06391,1333
2023-09-15 02:00:00,1.06391,1.0648,1.06391,1.06426,1466
2023-09-15 03:00:00,1.0642800000000001,1.06475,1.06412,1.0647,938
2023-09-15 04:00:00,1.0647199999999999,1.06531,1.0644,1.06529,795
2023-09-15 05:00:00,1.0653,1.06559,1.06484,1.06558,1456
2023-09-15 06:00:00,1.06559,1.06671,1.06516,1.06603,2372
2023-09-15 07:00:00,1.06603,1.06651,1.06494,1.06632,2499
2023-09-15 08:00:00,1.06633,1.06683,1.06613,1.06652,2043
2023-09-15 09:00:00,1.06652,1.0669,1.06603,1.06625,1645
2023-09-15 10:00:00,1.06625,1.06681,1.06537,1.06558,1441
2023-09-15 11:00:00,1.06557,1.06592,1.06526,1.06541,1552
2023-09-15 12:00:00,1.06544,1.06616,1.06448,1.065,2920
2023-09-15 13:00:00,1.065,1.06673,1.06494,1.06592,3216
2023-09-15 14:00:00,1.06598,1.06874,1.06598,1.06638,5249
2023-09-15 15:00:00,1.06637,1.06761,1.06614,1.06718,2976
2023-09-15 16:00:00,1.06718,1.06798,1.06698,1.06718,1674
2023-09-15 17:00:00,1.06718,1.06759,1.06678,1.06712,1377
2023-09-15 18:00:00,1.06713,1.06713,1.06601,1.06603,973
2023-09-15 19:00:00,1.06604,1.06634,1.06592,1.0659399999999999,1184
2023-09-15 20:00:00,1.06595,1.06624,1.06567,1.06603,855
2023-09-17 21:00:00,1.06607,1.06626,1.06606,1.06624,189
2023-09-17 22:00:00,1.06625,1.0667200000000001,1.06617,1.06621,286
2023-09-17 23:00:00,1.06622,1.06681,1.06606,1.06676,399
2023-09-18 00:00:00,1.06676,1.06714,1.06671,1.0671,891
2023-09-18 01:00:00,1.06711,1.0673300000000001,1.06607,1.06621,1282
2023-09-18 02:00:00,1.0662,1.0668,1.06617,1.0665,1021
2023-09-18 03:00:00,1.0665,1.06682,1.06631,1.06638,618
2023-09-18 04:00:00,1.06638,1.0669,1.06626,1.06683,425
2023-09-18 05:00:00,1.06683,1.06726,1.06678,1.06682,728
2023-09-18 06:00:00,1.06683,1.06774,1.06582,1.06582,1844
2023-09-18 07:00:00,1.0658,1.0665499999999999,1.06574,1.06618,2170
2023-09-18 08:00:00,1.06617,1.06652,1.06559,1.06636,1705
2023-09-18 09:00:00,1.06637,1.06737,1.06616,1.06725,1610
2023-09-18 10:00:00,1.06725,1.06744,1.06668,1.06674,1364
2023-09-18 11:00:00,1.06674,1.06699,1.06618,1.06629,1293
2023-09-18 12:00:00,1.06628,1.06687,1.06556,1.06564,2266
2023-09-18 13:00:00,1.06564,1.06709,1.06543,1.06617,2831
2023-09-18 14:00:00,1.06616,1.06751,1.06591,1.06746,2809
2023-09-18 15:00:00,1.06747,1.06983,1.06738,1.06937,2158
2023-09-18 16:00:00,1.06937,1.06949,1.0684,1.06918,1389
2023-09-18 17:00:00,1.06917,1.06977,1.06866,1.06866,1090
2023-09-18 18:00:00,1.06866,1.06871,1.06776,1.06778,1005
2023-09-18 19:00:00,1.06778,1.06866,1.0677699999999999,1.06862,1111
2023-09-18 20:00:00,1.06861,1.06918,1.06857,1.06892,538
2023-09-18 21:00:00,1.06897,1.06898,1.06809,1.06884,324
2023-09-18 22:00:00,1.06885,1.06909,1.06871,1.06909,242
2023-09-18 23:00:00,1.06894,1.06933,1.06894,1.06916,236
2023-09-19 00:00:00,1.06917,1.06962,1.06876,1.06881,987
2023-09-19 01:00:00,1.06882,1.06891,1.06806,1.06833,1083
2023-09-19 02:00:00,1.06833,1.06873,1.06818,1.06841,746
2023-09-19 03:00:00,1.06841,1.06853,1.0682,1.06822,584
2023-09-19 04:00:00,1.06823,1.06847,1.06785,1.06796,457
2023-09-19 05:00:00,1.06796,1.06818,1.06758,1.06792,879
2023-09-19 06:00:00,1.06792,1.06833,1.06758,1.06783,1627
2023-09-19 07:00:00,1.06782,1.06949,1.06746,1.06939,2384
2023-09-19 08:00:00,1.06939,1.06939,1.06836,1.06864,1796
2023-09-19 09:00:00,1.06862,1.06906,1.06817,1.06886,1585
2023-09-19 10:00:00,1.06886,1.07093,1.06862,1.07001,1743
2023-09-19 11:00:00,1.07001,1.07093,1.0699,1.07084,1966
2023-09-19 12:00:00,1.07084,1.07175,1.06938,1.06991,3128
2023-09-19 13:00:00,1.06992,1.07009,1.06827,1.06912,3594
2023-09-19 14:00:00,1.06912,1.0693,1.0682,1.06891,2752
2023-09-19 15:00:00,1.06891,1.06923,1.06795,1.06827,1819
2023-09-19 16:00:00,1.06828,1.06858,1.06779,1.06843,1370
2023-09-19 17:00:00,1.06843,1.06914,1.06818,1.06843,1303
2023-09-19 18:00:00,1.06843,1.06849,1.06767,1.06772,1134
2023-09-19 19:00:00,1.0677,1.06807,1.06758,1.068,1086
2023-09-19 20:00:00,1.06801,1.06808,1.06764,1.06764,498
2023-09-19 21:00:00,1.06775,1.06787,1.06769,1.06778,150
2023-09-19 22:00:00,1.06779,1.06818,1.06765,1.06818,239
2023-09-19 23:00:00,1.06803,1.06816,1.06791,1.0681,247
2023-09-20 00:00:00,1.06811,1.06856,1.06789,1.06846,937
2023-09-20 01:00:00,1.06844,1.0687,1.06798,1.06857,1131
2023-09-20 02:00:00,1.06858,1.06893,1.06824,1.06825,865
2023-09-20 03:00:00,1.06825,1.06837,1.06778,1.06791,643
2023-09-20 04:00:00,1.06792,1.06808,1.06778,1.06781,434
2023-09-20 05:00:00,1.06781,1.06835,1.0678,1.06804,820
2023-09-20 06:00:00,1.06802,1.06925,1.06727,1.06813,2552
2023-09-20 07:00:00,1.06814,1.06925,1.06748,1.06902,2600
2023-09-20 08:00:00,1.06901,1.06965,1.06893,1.06959,1625
2023-09-20 09:00:00,1.06959,1.06995,1.06928,1.06983,1495
2023-09-20 10:00:00,1.06983,1.07046,1.06982,1.07026,1359
2023-09-20 11:00:00,1.07026,1.07044,1.06967,1.0701100000000001,1312
2023-09-20 12:00:00,1.07013,1.07031,1.06918,1.06975,1920
2023-09-20 13:00:00,1.06976,1.07178,1.06967,1.07165,2949
2023-09-20 14:00:00,1.07165,1.07268,1.07125,1.07191,2764
2023-09-20 15:00:00,1.07191,1.07239,1.07132,1.07138,2031
2023-09-20 16:00:00,1.07137,1.07363,1.0713300000000001,1.07348,1684
2023-09-20 17:00:00,1.07348,1.0735,1.07241,1.07259,1452
2023-09-20 18:00:00,1.07259,1.07259,1.0673300000000001,1.06864,11548
2023-09-20 19:00:00,1.06862,1.06887,1.06575,1.06583,4166
2023-09-20 20:00:00,1.06583,1.0662,1.06498,1.0657,1097
2023-09-20 21:00:00,1.06587,1.0662,1.06584,1.06617,176
2023-09-20 22:00:00,1.06617,1.06626,1.06509,1.06551,390
2023-09-20 23:00:00,1.06534,1.06534,1.06474,1.06493,499
2023-09-21 00:00:00,1.06495,1.06498,1.06295,1.06309,1835
2023-09-21 01:00:00,1.06309,1.06393,1.06273,1.0637,1702
2023-09-21 02:00:00,1.06369,1.0641,1.06164,1.06269,1723
2023-09-21 03:00:00,1.06267,1.06374,1.06266,1.06362,1053
2023-09-21 04:00:00,1.06362,1.0637,1.06329,1.0636700000000001,679
2023-09-21 05:00:00,1.06368,1.06382,1.06324,1.06343,1054
2023-09-21 06:00:00,1.06341,1.06542,1.06332,1.065,2227
2023-09-21 07:00:00,1.06498,1.06578,1.06385,1.06548,3845
2023-09-21 08:00:00,1.06546,1.06633,1.06518,1.06551,2808
2023-09-21 09:00:00,1.06551,1.06641,1.0651,1.0653,2299
2023-09-21 10:00:00,1.06529,1.06624,1.06466,1.06501,2181
2023-09-21 11:00:00,1.06499,1.06499,1.06332,1.06352,3841
2023-09-21 12:00:00,1.06354,1.06418,1.06245,1.06418,4016
2023-09-21 13:00:00,1.06416,1.06609,1.06384,1.06405,4726
2023-09-21 14:00:00,1.06403,1.06731,1.06375,1.06595,4158
2023-09-21 15:00:00,1.06593,1.06683,1.06545,1.06629,2855
2023-09-21 16:00:00,1.0663,1.0666,1.06542,1.06554,1802
2023-09-21 17:00:00,1.06553,1.06699,1.06552,1.06652,1604
2023-09-21 18:00:00,1.06653,1.06705,1.06609,1.06613,1561
2023-09-21 19:00:00,1.06613,1.06664,1.06586,1.06588,1520
2023-09-21 20:00:00,1.06586,1.06626,1.06571,1.06582,677
2023-09-21 21:00:00,1.06593,1.06593,1.06557,1.06572,233
2023-09-21 22:00:00,1.06573,1.06618,1.06573,1.06596,277
2023-09-21 23:00:00,1.06596,1.0661100000000001,1.06568,1.06599,381
2023-09-22 00:00:00,1.06599,1.06623,1.0653,1.06571,1220
2023-09-22 01:00:00,1.06572,1.06572,1.06405,1.0642800000000001,1530
2023-09-22 02:00:00,1.0642800000000001,1.06512,1.0642,1.06475,1436
2023-09-22 03:00:00,1.06475,1.06525,1.0647,1.0651,929
2023-09-22 04:00:00,1.0651,1.06564,1.06508,1.06543,869
2023-09-22 05:00:00,1.06543,1.06573,1.06488,1.0648900000000001,964
2023-09-22 06:00:00,1.0648900000000001,1.0659399999999999,1.06469,1.06592,2213
2023-09-22 07:00:00,1.0659,1.06675,1.06146,1.06455,5384
2023-09-22 08:00:00,1.06455,1.0651,1.06388,1.0646,2617
2023-09-22 09:00:00,1.0646,1.06483,1.06337,1.06379,1967
2023-09-22 10:00:00,1.0638,1.06467,1.06341,1.06352,1803
2023-09-22 11:00:00,1.06351,1.06416,1.06351,1.06359,1524
2023-09-22 12:00:00,1.0636,1.06602,1.0636,1.06552,2726
2023-09-22 13:00:00,1.06551,1.06616,1.06418,1.06602,3709
2023-09-22 14:00:00,1.06602,1.06713,1.06571,1.06579,3099
2023-09-22 15:00:00,1.06577,1.06649,1.06532,1.06589,2085
2023-09-22 16:00:00,1.06589,1.06613,1.06544,1.06551,1200
2023-09-22 17:00:00,1.06551,1.0661,1.06512,1.06513,1245
2023-09-22 18:00:00,1.06515,1.06523,1.06389,1.06465,1143
2023-09-22 19:00:00,1.06465,1.06507,1.06432,1.06434,1318
2023-09-22 20:00:00,1.06434,1.06467,1.06413,1.06455,848
2023-09-24 21:00:00,1.06506,1.06509,1.06418,1.06444,338
2023-09-24 22:00:00,1.06451,1.06497,1.06447,1.06486,341
2023-09-24 23:00:00,1.06471,1.06514,1.06454,1.06479,453
2023-09-25 00:00:00,1.0648,1.06549,1.06476,1.0654,977
2023-09-25 01:00:00,1.0654,1.06546,1.0644,1.06463,987
2023-09-25 02:00:00,1.06463,1.06491,1.06426,1.06486,1063
2023-09-25 03:00:00,1.06485,1.06503,1.06471,1.06476,842
2023-09-25 04:00:00,1.06476,1.06502,1.06454,1.06485,578
2023-09-25 05:00:00,1.06485,1.06498,1.06418,1.06436,812
2023-09-25 06:00:00,1.06437,1.06527,1.06422,1.06458,1709
2023-09-25 07:00:00,1.06456,1.06524,1.06312,1.06376,2292
2023-09-25 08:00:00,1.06376,1.06426,1.06238,1.06253,2786
2023-09-25 09:00:00,1.06252,1.06365,1.06235,1.06344,2027
2023-09-25 10:00:00,1.06345,1.06413,1.06335,1.06369,1617
2023-09-25 11:00:00,1.0637,1.0643,1.06289,1.06301,1668
2023-09-25 12:00:00,1.063,1.06343,1.06188,1.06216,2406
2023-09-25 13:00:00,1.06217,1.06241,1.05955,1.06017,3373
2023-09-25 14:00:00,1.06016,1.06066,1.0575,1.05771,3907
2023-09-25 15:00:00,1.05771,1.05924,1.05757,1.05897,2471
2023-09-25 16:00:00,1.05897,1.05958,1.05872,1.05887,1581
2023-09-25 17:00:00,1.05887,1.0597,1.05883,1.05945,1195
2023-09-25 18:00:00,1.05944,1.05983,1.05852,1.05866,1071
2023-09-25 19:00:00,1.05866,1.05929,1.0585,1.05923,1082
2023-09-25 20:00:00,1.05923,1.05944,1.05894,1.05894,618
2023-09-25 21:00:00,1.0591,1.05917,1.05891,1.05904,193
2023-09-25 22:00:00,1.05903,1.05946,1.05901,1.05934,569
2023-09-25 23:00:00,1.0592,1.05942,1.05907,1.05909,290
2023-09-26 00:00:00,1.05909,1.05916,1.05804,1.05839,1164
2023-09-26 01:00:00,1.05838,1.05872,1.05829,1.0586,1195
2023-09-26 02:00:00,1.0586,1.05871,1.05796,1.05798,1083
2023-09-26 03:00:00,1.05796,1.05862,1.05781,1.05855,839
2023-09-26 04:00:00,1.05856,1.05925,1.05839,1.05923,653
2023-09-26 05:00:00,1.05923,1.05926,1.05816,1.05874,1081
2023-09-26 06:00:00,1.05872,1.05885,1.05709,1.05713,2024
2023-09-26 07:00:00,1.05711,1.05883,1.05696,1.0584500000000001,2678
2023-09-26 08:00:00,1.05847,1.05994,1.05822,1.05958,2282
2023-09-26 09:00:00,1.05956,1.06025,1.0593,1.05969,1792
2023-09-26 10:00:00,1.05969,1.06012,1.05928,1.05959,1493
2023-09-26 11:00:00,1.05957,1.06029,1.05892,1.05991,1748
2023-09-26 12:00:00,1.05989,1.06086,1.05983,1.06053,2627
2023-09-26 13:00:00,1.06053,1.0606,1.05851,1.05914,2900
2023-09-26 14:00:00,1.05915,1.0598,1.05778,1.05834,3757
2023-09-26 15:00:00,1.05833,1.0584,1.05673,1.0572,2468
2023-09-26 16:00:00,1.05722,1.05765,1.05677,1.05687,1543
2023-09-26 17:00:00,1.05687,1.05757,1.05667,1.05704,1331
2023-09-26 18:00:00,1.05705,1.0571,1.05617,1.0566,1343
2023-09-26 19:00:00,1.0566,1.05714,1.0564,1.05696,1149
2023-09-26 20:00:00,1.05697,1.0575,1.05683,1.05683,709
2023-09-26 21:00:00,1.05707,1.05709,1.05671,1.05691,206
2023-09-26 22:00:00,1.0569,1.05722,1.05677,1.05694,311
2023-09-26 23:00:00,1.05694,1.0572,1.05665,1.05687,506
2023-09-27 00:00:00,1.05686,1.05716,1.05556,1.05594,1161
2023-09-27 01:00:00,1.05595,1.05696,1.05584,1.0569,1591
2023-09-27 02:00:00,1.05691,1.05692,1.05585,1.0564,1201
2023-09-27 03:00:00,1.0564,1.05645,1.05591,1.05616,897
2023-09-27 04:00:00,1.05614,1.05629,1.05568,1.05597,836
2023-09-27 05:00:00,1.05598,1.05638,1.05545,1.05598,1165
2023-09-27 06:00:00,1.05597,1.05703,1.05569,1.05688,1914
2023-09-27 07:00:00,1.05688,1.05735,1.05641,1.05649,2179
2023-09-27 08:00:00,1.05649,1.05694,1.05569,1.05594,1969
2023-09-27 09:00:00,1.05593,1.05633,1.05526,1.05595,1798
2023-09-27 10:00:00,1.05594,1.05615,1.05522,1.05539,1597
2023-09-27 11:00:00,1.05539,1.05543,1.0534,1.0539,2101
2023-09-27 12:00:00,1.05392,1.05508,1.05346,1.05463,3367
2023-09-27 13:00:00,1.05461,1.05485,1.05118,1.05198,3439
2023-09-27 14:00:00,1.05199,1.05255,1.05082,1.05082,3600
2023-09-27 15:00:00,1.05085,1.05235,1.05078,1.05084,3107
2023-09-27 16:00:00,1.05085,1.05093,1.05004,1.05025,2327
2023-09-27 17:00:00,1.05026,1.05102,1.049,1.04985,2810
2023-09-27 18:00:00,1.04985,1.05088,1.04877,1.05065,2405
2023-09-27 19:00:00,1.05065,1.05182,1.0501,1.05052,2211
2023-09-27 20:00:00,1.05053,1.05054,1.04981,1.04993,818
2023-09-27 21:00:00,1.05008,1.05055,1.04981,1.0501800000000001,398
2023-09-27 22:00:00,1.05016,1.05036,1.04996,1.05031,275
2023-09-27 23:00:00,1.05016,1.05065,1.05005,1.05049,396
2023-09-28 00:00:00,1.05051,1.0515,1.05047,1.05146,1262
2023-09-28 01:00:00,1.05146,1.05158,1.05092,1.05101,1412
2023-09-28 02:00:00,1.05101,1.05114,1.04983,1.04992,987
2023-09-28 03:00:00,1.04992,1.0505,1.04987,1.05036,819
2023-09-28 04:00:00,1.05036,1.05055,1.04968,1.05039,896
2023-09-28 05:00:00,1.05039,1.05092,1.04955,1.05085,1459
2023-09-28 06:00:00,1.05084,1.05086,1.04907,1.04946,2306
2023-09-28 07:00:00,1.04948,1.0518399999999999,1.04939,1.05082,3252
2023-09-28 08:00:00,1.05082,1.05238,1.05043,1.05162,3065
2023-09-28 09:00:00,1.05163,1.0541,1.05148,1.05389,2937
2023-09-28 10:00:00,1.05391,1.05415,1.05313,1.05392,1956
2023-09-28 11:00:00,1.05393,1.05479,1.05368,1.05409,1923
2023-09-28 12:00:00,1.05411,1.0557,1.05175,1.05178,5484
2023-09-28 13:00:00,1.05178,1.05545,1.05175,1.05492,5893
2023-09-28 14:00:00,1.05491,1.05673,1.05452,1.05625,4186
2023-09-28 15:00:00,1.05623,1.0578400000000001,1.05577,1.05759,3121
2023-09-28 16:00:00,1.05759,1.05779,1.05558,1.05574,2493
2023-09-28 17:00:00,1.05575,1.05637,1.05497,1.05504,2326
2023-09-28 18:00:00,1.05505,1.05641,1.05494,1.05545,1841
2023-09-28 19:00:00,1.05546,1.0564,1.05521,1.05636,1707
2023-09-28 20:00:00,1.05636,1.05668,1.05624,1.05624,814
2023-09-28 21:00:00,1.05636,1.05643,1.05583,1.05632,262
2023-09-28 22:00:00,1.05625,1.05655,1.05623,1.05646,291
2023-09-28 23:00:00,1.05631,1.05632,1.05601,1.05618,357
2023-09-29 00:00:00,1.05619,1.05643,1.05576,1.05637,1065
2023-09-29 01:00:00,1.05637,1.05756,1.05617,1.05733,1306
2023-09-29 02:00:00,1.05735,1.05823,1.05733,1.05787,1109
2023-09-29 03:00:00,1.05787,1.058,1.05751,1.05751,744
2023-09-29 04:00:00,1.05751,1.05809,1.05748,1.05797,715
2023-09-29 05:00:00,1.05797,1.05857,1.05752,1.05759,1183
2023-09-29 06:00:00,1.05761,1.05915,1.05738,1.05896,2829
2023-09-29 07:00:00,1.05894,1.06103,1.05876,1.06059,3175
2023-09-29 08:00:00,1.0606,1.06159,1.0599,1.06092,3088
2023-09-29 09:00:00,1.06079,1.06166,1.06036,1.06139,2391
2023-09-29 10:00:00,1.06138,1.06159,1.06061,1.06086,2018
2023-09-29 11:00:00,1.06086,1.06107,1.05898,1.05939,2280
2023-09-29 12:00:00,1.05939,1.06097,1.05874,1.05994,4803
2023-09-29 13:00:00,1.05995,1.0607,1.05746,1.05806,4361
2023-09-29 14:00:00,1.05806,1.05925,1.05696,1.05865,4903
2023-09-29 15:00:00,1.05867,1.05898,1.05724,1.05831,4050
2023-09-29 16:00:00,1.05831,1.05864,1.05743,1.05773,2665
2023-09-29 17:00:00,1.0577,1.05772,1.05638,1.05645,2372
2023-09-29 18:00:00,1.05647,1.05794,1.05637,1.05773,2042
2023-09-29 19:00:00,1.05773,1.05788,1.05695,1.05719,2294
2023-09-29 20:00:00,1.0572,1.05758,1.0569,1.05735,1061
2023-10-01 21:00:00,1.05676,1.05694,1.05627,1.05667,275
2023-10-01 22:00:00,1.05668,1.05697,1.05559,1.05588,653
2023-10-01 23:00:00,1.05573,1.05642,1.0556,1.0563,667
2023-10-02 00:00:00,1.05636,1.05679,1.05618,1.05636,1288
2023-10-02 01:00:00,1.05637,1.057,1.05636,1.05675,976
2023-10-02 02:00:00,1.05675,1.05704,1.05674,1.05675,662
2023-10-02 03:00:00,1.05675,1.05699,1.05674,1.05694,578
2023-10-02 04:00:00,1.05692,1.05707,1.05677,1.05684,638
2023-10-02 05:00:00,1.05682,1.05689,1.05598,1.05615,913
2023-10-02 06:00:00,1.05613,1.05892,1.05605,1.05875,2373
2023-10-02 07:00:00,1.05874,1.05915,1.0571,1.0572,2865
2023-10-02 08:00:00,1.05718,1.05777,1.05595,1.05618,2417
2023-10-02 09:00:00,1.05617,1.05623,1.05344,1.05387,2559
2023-10-02 10:00:00,1.05386,1.05433,1.05334,1.05389,2132
2023-10-02 11:00:00,1.05392,1.0542,1.05299,1.05309,2225
2023-10-02 12:00:00,1.05309,1.05371,1.05246,1.0529,3104
2023-10-02 13:00:00,1.0529,1.05321,1.05147,1.05154,3581
2023-10-02 14:00:00,1.05144,1.05263,1.04918,1.0495,6003
2023-10-02 15:00:00,1.04951,1.0512299999999999,1.04951,1.04984,3363
2023-10-02 16:00:00,1.04984,1.04988,1.04878,1.04888,2302
2023-10-02 17:00:00,1.04889,1.05047,1.04887,1.04954,1933
2023-10-02 18:00:00,1.04954,1.0501800000000001,1.04902,1.04922,1665
2023-10-02 19:00:00,1.04922,1.04936,1.04804,1.04806,1683
2023-10-02 20:00:00,1.04804,1.04824,1.0473,1.0473,906
2023-10-02 21:00:00,1.04757,1.04777,1.04755,1.04773,174
2023-10-02 22:00:00,1.04774,1.04808,1.04746,1.04762,350
2023-10-02 23:00:00,1.04747,1.04823,1.04735,1.04794,522
2023-10-03 00:00:00,1.04795,1.048,1.04639,1.04721,1972
2023-10-03 01:00:00,1.0472,1.04743,1.04674,1.04707,1455
2023-10-03 02:00:00,1.04708,1.04708,1.04634,1.04661,1306
2023-10-03 03:00:00,1.04661,1.04702,1.04648,1.04678,956
2023-10-03 04:00:00,1.0468,1.04699,1.04595,1.04629,1165
2023-10-03 05:00:00,1.04629,1.04658,1.04604,1.04655,1393
2023-10-03 06:00:00,1.04654,1.04743,1.0462,1.04725,2498
2023-10-03 07:00:00,1.04725,1.04838,1.04688,1.0482,2761
2023-10-03 08:00:00,1.0482,1.04931,1.04781,1.04848,2498
2023-10-03 09:00:00,1.04847,1.04907,1.048,1.04835,2313
2023-10-03 10:00:00,1.04833,1.0485,1.04751,1.04755,2128
2023-10-03 11:00:00,1.04756,1.04811,1.04689,1.04731,2488
2023-10-03 12:00:00,1.04733,1.04783,1.04617,1.04657,3515
2023-10-03 13:00:00,1.04656,1.04853,1.04637,1.04805,3927
2023-10-03 14:00:00,1.04803,1.04824,1.04493,1.04753,11535
2023-10-03 15:00:00,1.04751,1.04754,1.04478,1.04522,4252
2023-10-03 16:00:00,1.04522,1.04721,1.04514,1.04618,2965
2023-10-03 17:00:00,1.04618,1.04746,1.04617,1.04686,2226
2023-10-03 18:00:00,1.04686,1.04792,1.04593,1.04743,2244
2023-10-03 19:00:00,1.04744,1.04782,1.04701,1.04709,2038
2023-10-03 20:00:00,1.04709,1.04732,1.04631,1.04631,888
2023-10-03 21:00:00,1.04644,1.04667,1.04632,1.04635,164
2023-10-03 22:00:00,1.04634,1.0466,1.04624,1.04628,305
2023-10-03 23:00:00,1.04628,1.04692,1.04612,1.04682,471
2023-10-04 00:00:00,1.04683,1.04752,1.04652,1.0471,1348
2023-10-04 01:00:00,1.04709,1.04715,1.04601,1.04664,1954
2023-10-04 02:00:00,1.04664,1.0468,1.04595,1.04629,1236
2023-10-04 03:00:00,1.04629,1.04661,1.04568,1.04588,939
2023-10-04 04:00:00,1.04588,1.04695,1.04578,1.04695,1063
2023-10-04 05:00:00,1.04696,1.04735,1.04665,1.04677,1219
2023-10-04 06:00:00,1.04678,1.0469,1.04538,1.046,2099
2023-10-04 07:00:00,1.046,1.04849,1.04509,1.04841,3487
2023-10-04 08:00:00,1.04841,1.04883,1.04786,1.04857,2722
2023-10-04 09:00:00,1.04859,1.05036,1.04845,1.04979,2435
2023-10-04 10:00:00,1.04978,1.05112,1.04952,1.05029,2278
2023-10-04 11:00:00,1.0503,1.05159,1.04975,1.04976,2772
2023-10-04 12:00:00,1.04976,1.05318,1.04958,1.05248,6201
2023-10-04 13:00:00,1.05247,1.05254,1.05049,1.05072,4102
2023-10-04 14:00:00,1.05068,1.05114,1.04826,1.04924,6086
2023-10-04 15:00:00,1.04924,1.05195,1.04898,1.05172,3915
2023-10-04 16:00:00,1.05174,1.05214,1.05106,1.05119,2556
2023-10-04 17:00:00,1.05117,1.05126,1.05005,1.05024,2170
2023-10-04 18:00:00,1.05022,1.05065,1.04975,1.05027,2059
2023-10-04 19:00:00,1.05028,1.0519,1.05013,1.05149,1888
2023-10-04 20:00:00,1.05149,1.05155,1.05015,1.05015,831
2023-10-04 21:00:00,1.05026,1.05047,1.05012,1.05046,177
2023-10-04 22:00:00,1.05047,1.05066,1.05034,1.0506,294
2023-10-04 23:00:00,1.05045,1.05088,1.05032,1.05065,427
2023-10-05 00:00:00,1.05064,1.05217,1.05017,1.05198,1317
2023-10-05 01:00:00,1.05198,1.05284,1.05198,1.05283,1846
2023-10-05 02:00:00,1.05281,1.05284,1.05206,1.05227,1111
2023-10-05 03:00:00,1.05225,1.05281,1.0521,1.05246,1067
2023-10-05 04:00:00,1.05246,1.05259,1.05202,1.05202,907
2023-10-05 05:00:00,1.05202,1.05257,1.05163,1.0517,1161
2023-10-05 06:00:00,1.05172,1.05206,1.05044,1.05066,1962
2023-10-05 07:00:00,1.05067,1.05141,1.05012,1.05084,2712
2023-10-05 08:00:00,1.05083,1.05198,1.05024,1.05038,2608
2023-10-05 09:00:00,1.05038,1.05161,1.05029,1.05074,2219
2023-10-05 10:00:00,1.05074,1.05225,1.05047,1.05185,2044
2023-10-05 11:00:00,1.05185,1.05248,1.05109,1.05232,2303
2023-10-05 12:00:00,1.05232,1.05293,1.04996,1.05144,4544
2023-10-05 13:00:00,1.05144,1.05315,1.05076,1.05247,4884
2023-10-05 14:00:00,1.05246,1.05326,1.0512299999999999,1.05298,4571
2023-10-05 15:00:00,1.05298,1.0537,1.05198,1.05254,3685
2023-10-05 16:00:00,1.05253,1.05394,1.05237,1.05355,2733
2023-10-05 17:00:00,1.05355,1.05395,1.05285,1.05373,2149
2023-10-05 18:00:00,1.05373,1.05512,1.05373,1.05506,2065
2023-10-05 19:00:00,1.05505,1.05511,1.05444,1.0549,1487
2023-10-05 20:00:00,1.05492,1.05514,1.05475,1.05479,612
2023-10-05 21:00:00,1.05489,1.05489,1.05444,1.05467,380
2023-10-05 22:00:00,1.05467,1.05489,1.05462,1.05478,200
2023-10-05 23:00:00,1.05463,1.05474,1.05449,1.05459,296
2023-10-06 00:00:00,1.0546,1.05475,1.05409,1.05412,1106
2023-10-06 01:00:00,1.05412,1.05441,1.05378,1.05428,1350
2023-10-06 02:00:00,1.05425,1.0547,1.0541,1.05444,902
2023-10-06 03:00:00,1.05444,1.0546,1.05398,1.05421,871
2023-10-06 04:00:00,1.05421,1.0544,1.05395,1.05401,651
2023-10-06 05:00:00,1.05399,1.05414,1.0533,1.05347,922
2023-10-06 06:00:00,1.05345,1.05398,1.05311,1.05342,1667
2023-10-06 07:00:00,1.05342,1.05506,1.05337,1.05495,2466
2023-10-06 08:00:00,1.05496,1.05528,1.05417,1.05478,2432
2023-10-06 09:00:00,1.05479,1.0557,1.05455,1.05522,2008
2023-10-06 10:00:00,1.05524,1.05629,1.05523,1.05543,1954
2023-10-06 11:00:00,1.05544,1.05669,1.05502,1.05655,1932
2023-10-06 12:00:00,1.05655,1.05679,1.04822,1.04959,8530
2023-10-06 13:00:00,1.04959,1.05221,1.0488,1.05114,7678
2023-10-06 14:00:00,1.05116,1.0555,1.05048,1.05373,6701
2023-10-06 15:00:00,1.05374,1.05995,1.05357,1.05944,6129
2023-10-06 16:00:00,1.05942,1.05949,1.05752,1.05786,3643
2023-10-06 17:00:00,1.05788,1.05919,1.05768,1.05877,2316
2023-10-06 18:00:00,1.05877,1.0599,1.05866,1.05928,1657
2023-10-06 19:00:00,1.0593,1.05958,1.05883,1.05892,1706
2023-10-06 20:00:00,1.05893,1.05893,1.0582,1.05856,833
2023-10-08 21:00:00,1.05494,1.05538,1.05469,1.05536,377
2023-10-08 22:00:00,1.05536,1.05617,1.05486,1.05577,1083
2023-10-08 23:00:00,1.05562,1.05679,1.05562,1.05658,899
2023-10-09 00:00:00,1.0566,1.05739,1.05618,1.05731,1743
2023-10-09 01:00:00,1.0573,1.05737,1.05566,1.05626,1799
2023-10-09 02:00:00,1.05628,1.0565,1.05584,1.0561,1128
2023-10-09 03:00:00,1.0561,1.0561,1.05511,1.05518,876
2023-10-09 04:00:00,1.05518,1.0554,1.05475,1.05497,767
2023-10-09 05:00:00,1.05498,1.05563,1.05497,1.05533,1207
2023-10-09 06:00:00,1.05536,1.05582,1.05313,1.05365,2830
2023-10-09 07:00:00,1.05367,1.05392,1.05191,1.05227,3380
2023-10-09 08:00:00,1.05225,1.05414,1.05198,1.05413,2583
2023-10-09 09:00:00,1.05413,1.05447,1.05304,1.05331,2090
2023-10-09 10:00:00,1.0533,1.05333,1.05231,1.05276,1733
2023-10-09 11:00:00,1.05277,1.05398,1.05265,1.05278,1847
2023-10-09 12:00:00,1.05278,1.05357,1.05222,1.05328,2781
2023-10-09 13:00:00,1.05326,1.05543,1.05323,1.05526,4451
2023-10-09 14:00:00,1.05526,1.05571,1.0537,1.05448,3479
2023-10-09 15:00:00,1.05449,1.05524,1.05387,1.05393,2345
2023-10-09 16:00:00,1.05393,1.05434,1.05341,1.05349,1757
2023-10-09 17:00:00,1.0535,1.05642,1.05347,1.05629,1967
2023-10-09 18:00:00,1.05628,1.05669,1.05598,1.05638,1809
2023-10-09 19:00:00,1.05638,1.05696,1.05637,1.05687,1601
2023-10-09 20:00:00,1.05686,1.05719,1.05636,1.05636,802
2023-10-09 21:00:00,1.05648,1.05658,1.05631,1.05646,276
2023-10-09 22:00:00,1.05645,1.05697,1.0564,1.05683,249
2023-10-09 23:00:00,1.05668,1.05792,1.0566,1.05782,589
2023-10-10 00:00:00,1.05782,1.0583,1.05705,1.05722,2239
2023-10-10 01:00:00,1.05722,1.05802,1.05702,1.05728,2025
2023-10-10 02:00:00,1.05726,1.05765,1.05663,1.05666,1311
2023-10-10 03:00:00,1.05666,1.05699,1.05656,1.05691,1161
2023-10-10 04:00:00,1.05691,1.05691,1.05604,1.05611,1003
2023-10-10 05:00:00,1.0561,1.05665,1.05584,1.0561,1279
2023-10-10 06:00:00,1.05612,1.05686,1.05543,1.0561,2860
2023-10-10 07:00:00,1.05609,1.05719,1.05541,1.05713,3596
2023-10-10 08:00:00,1.05714,1.06091,1.05695,1.06039,4029
2023-10-10 09:00:00,1.06038,1.06106,1.05969,1.06016,3095
2023-10-10 10:00:00,1.06014,1.06043,1.05904,1.05916,2336
2023-10-10 11:00:00,1.05916,1.05916,1.05715,1.05753,2825
2023-10-10 12:00:00,1.05751,1.05949,1.05738,1.0593,4159
2023-10-10 13:00:00,1.05928,1.05964,1.05843,1.05937,4136
2023-10-10 14:00:00,1.05939,1.06061,1.0588899999999999,1.0596700000000001,4190
2023-10-10 15:00:00,1.05966,1.0619,1.05957,1.06167,3160
2023-10-10 16:00:00,1.06168,1.06194,1.06091,1.06168,2427
2023-10-10 17:00:00,1.06166,1.06181,1.05932,1.05944,2861
2023-10-10 18:00:00,1.05943,1.06004,1.05921,1.05982,2023
2023-10-10 19:00:00,1.0598,1.0606,1.05934,1.06042,1838
2023-10-10 20:00:00,1.06042,1.0606,1.06017,1.06019,879
2023-10-10 21:00:00,1.06032,1.06048,1.06017,1.06037,187
2023-10-10 22:00:00,1.06037,1.06049,1.06013,1.06049,240
2023-10-10 23:00:00,1.06034,1.06077,1.06023,1.06038,409
2023-10-11 00:00:00,1.06039,1.06139,1.06039,1.06102,1379
2023-10-11 01:00:00,1.06101,1.06119,1.0601,1.06076,1603
2023-10-11 02:00:00,1.06076,1.06094,1.06017,1.06073,1290
2023-10-11 03:00:00,1.06072,1.06079,1.06033,1.06045,979
2023-10-11 04:00:00,1.06045,1.06073,1.06023,1.06024,776
2023-10-11 05:00:00,1.06024,1.061,1.06003,1.0601099999999999,1069
2023-10-11 06:00:00,1.0601,1.06141,1.05989,1.061,2035
2023-10-11 07:00:00,1.061,1.06277,1.05951,1.05995,3929
2023-10-11 08:00:00,1.05994,1.06132,1.0593,1.0608,3582
2023-10-11 09:00:00,1.0608,1.06142,1.0604,1.06042,2484
2023-10-11 10:00:00,1.06042,1.06061,1.05972,1.06013,2184
2023-10-11 11:00:00,1.06015,1.06082,1.0596,1.06035,2308
2023-10-11 12:00:00,1.06036,1.0614,1.05808,1.0614,5063
2023-10-11 13:00:00,1.06142,1.06343,1.06061,1.06287,4945
2023-10-11 14:00:00,1.06287,1.0634,1.0618,1.06237,4254
2023-10-11 15:00:00,1.06237,1.06241,1.06098,1.06124,3086
2023-10-11 16:00:00,1.06122,1.06124,1.05992,1.06068,2285
2023-10-11 17:00:00,1.06067,1.06093,1.0584500000000001,1.05926,2390
2023-10-11 18:00:00,1.05924,1.0608,1.05908,1.06067,2677
2023-10-11 19:00:00,1.06066,1.06153,1.06066,1.06121,1459
2023-10-11 20:00:00,1.06121,1.06199,1.06112,1.06147,774
2023-10-11 21:00:00,1.06174,1.06182,1.06152,1.0618,175
2023-10-11 22:00:00,1.06182,1.06199,1.06169,1.06189,288
2023-10-11 23:00:00,1.06173,1.06251,1.0617,1.06232,392
2023-10-12 00:00:00,1.06231,1.06274,1.06196,1.06221,1365
2023-10-12 01:00:00,1.0622,1.06264,1.06198,1.06244,1369
2023-10-12 02:00:00,1.06244,1.06256,1.062,1.06235,1154
2023-10-12 03:00:00,1.06235,1.06286,1.06205,1.06282,885
2023-10-12 04:00:00,1.06283,1.06313,1.06267,1.0630600000000001,813
2023-10-12 05:00:00,1.0630600000000001,1.06334,1.06291,1.06309,1083
2023-10-12 06:00:00,1.06311,1.06392,1.06274,1.06352,2365
2023-10-12 07:00:00,1.06351,1.06357,1.06196,1.06196,2469
2023-10-12 08:00:00,1.06195,1.06264,1.0619,1.06259,1984
2023-10-12 09:00:00,1.06261,1.06269,1.06157,1.06178,1873
2023-10-12 10:00:00,1.06177,1.06262,1.06164,1.0618,1555
2023-10-12 11:00:00,1.06181,1.06196,1.06128,1.06191,1690
2023-10-12 12:00:00,1.06191,1.06254,1.05714,1.05814,6915
2023-10-12 13:00:00,1.05812,1.05858,1.05471,1.05493,6015
2023-10-12 14:00:00,1.05491,1.05623,1.05442,1.05552,4373
2023-10-12 15:00:00,1.05552,1.05597,1.05451,1.05516,3299
2023-10-12 16:00:00,1.05516,1.05604,1.05459,1.05481,2401
2023-10-12 17:00:00,1.05479,1.05487,1.0532,1.0534,3532
2023-10-12 18:00:00,1.0534,1.05366,1.05253,1.05263,2260
2023-10-12 19:00:00,1.05263,1.05334,1.0526200000000001,1.05302,1750
2023-10-12 20:00:00,1.05304,1.0531,1.05252,1.05252,760
2023-10-12 21:00:00,1.05265,1.05291,1.05257,1.05288,211
2023-10-12 22:00:00,1.05292,1.05311,1.05277,1.05311,265
2023-10-12 23:00:00,1.05296,1.0537,1.05289,1.05354,405
2023-10-13 00:00:00,1.05352,1.05391,1.05342,1.05385,1302
2023-10-13 01:00:00,1.05385,1.05429,1.05371,1.05418,1453
2023-10-13 02:00:00,1.05417,1.05462,1.05396,1.05457,1172
2023-10-13 03:00:00,1.05456,1.05478,1.05421,1.05452,936
2023-10-13 04:00:00,1.05452,1.05496,1.0543,1.05493,910
2023-10-13 05:00:00,1.05493,1.05505,1.05438,1.0548,1176
2023-10-13 06:00:00,1.05478,1.05481,1.05331,1.05362,2145
2023-10-13 07:00:00,1.05362,1.05574,1.05311,1.05513,2888
2023-10-13 08:00:00,1.05514,1.0558,1.05501,1.05534,2578
2023-10-13 09:00:00,1.05533,1.05545,1.05274,1.05289,2166
2023-10-13 10:00:00,1.05289,1.05306,1.05154,1.05175,2201
2023-10-13 11:00:00,1.05175,1.05302,1.05136,1.05243,2440
2023-10-13 12:00:00,1.05242,1.05469,1.05208,1.05372,3700
2023-10-13 13:00:00,1.05371,1.05408,1.05164,1.05252,3948
2023-10-13 14:00:00,1.05247,1.05258,1.04991,1.05029,5382
2023-10-13 15:00:00,1.05029,1.05049,1.04952,1.05002,3255
2023-10-13 16:00:00,1.05003,1.05146,1.04992,1.05086,2399
2023-10-13 17:00:00,1.05087,1.05113,1.05005,1.05047,2230
2023-10-13 18:00:00,1.05045,1.05118,1.05039,1.05106,1894
2023-10-13 19:00:00,1.05106,1.05154,1.0509,1.05134,1770
2023-10-13 20:00:00,1.05134,1.05134,1.05052,1.05076,759
2023-10-15 21:00:00,1.0511,1.05199,1.0506199999999999,1.05197,413
2023-10-15 22:00:00,1.05191,1.05235,1.0514000000000001,1.0521,563
2023-10-15 23:00:00,1.05195,1.05221,1.05154,1.05216,549
2023-10-16 00:00:00,1.05217,1.05232,1.05151,1.05171,1500
2023-10-16 01:00:00,1.05172,1.05251,1.05172,1.05217,1384
2023-10-16 02:00:00,1.05216,1.05255,1.05196,1.05212,990
2023-10-16 03:00:00,1.05213,1.05237,1.05196,1.0523,935
2023-10-16 04:00:00,1.05232,1.05264,1.0522,1.05256,734
2023-10-16 05:00:00,1.05256,1.05299,1.05226,1.05289,1184
2023-10-16 06:00:00,1.05289,1.05377,1.05263,1.05344,2494
2023-10-16 07:00:00,1.05343,1.05354,1.05232,1.05339,3143
2023-10-16 08:00:00,1.05338,1.05424,1.05231,1.05404,2509
2023-10-16 09:00:00,1.05404,1.0542,1.05313,1.05316,1952
2023-10-16 10:00:00,1.05316,1.05343,1.05274,1.05319,1695
2023-10-16 11:00:00,1.05319,1.05384,1.05258,1.05361,1869
2023-10-16 12:00:00,1.05363,1.05457,1.0529,1.05413,3523
2023-10-16 13:00:00,1.05415,1.05435,1.05277,1.05294,3445
2023-10-16 14:00:00,1.05295,1.05549,1.05253,1.05492,3498
2023-10-16 15:00:00,1.05492,1.05521,1.0539,1.05443,2508
2023-10-16 16:00:00,1.05445,1.05489,1.05399,1.05469,1675
2023-10-16 17:00:00,1.05469,1.05556,1.05432,1.05547,1534
2023-10-16 18:00:00,1.05546,1.05562,1.05513,1.05537,1302
2023-10-16 19:00:00,1.05536,1.05623,1.05521,1.05623,1254
2023-10-16 20:00:00,1.05621,1.05623,1.05549,1.05549,712
2023-10-16 21:00:00,1.05584,1.05588,1.05559,1.0557,224
2023-10-16 22:00:00,1.05573,1.05601,1.0554,1.05558,262
2023-10-16 23:00:00,1.05543,1.05554,1.05517,1.05535,353
2023-10-17 00:00:00,1.05538,1.05603,1.05538,1.05553,1285
2023-10-17 01:00:00,1.05553,1.05555,1.05491,1.0552,1386
2023-10-17 02:00:00,1.0552,1.05526,1.05457,1.05496,1198
2023-10-17 03:00:00,1.05496,1.05539,1.05475,1.05495,1048
2023-10-17 04:00:00,1.05495,1.05497,1.05451,1.0547,810
2023-10-17 05:00:00,1.0547,1.05501,1.05433,1.05435,1100
2023-10-17 06:00:00,1.05436,1.05446,1.05336,1.05366,1928
2023-10-17 07:00:00,1.05364,1.05543,1.05337,1.05482,2537
2023-10-17 08:00:00,1.0548,1.05483,1.05325,1.05354,2286
2023-10-17 09:00:00,1.05354,1.0554,1.05354,1.05533,2024
2023-10-17 10:00:00,1.05535,1.0562,1.05458,1.05529,2829
2023-10-17 11:00:00,1.05529,1.05789,1.05529,1.05747,2403
2023-10-17 12:00:00,1.05749,1.05776,1.05377,1.05467,5144
2023-10-17 13:00:00,1.05466,1.05609,1.05395,1.05487,5051
2023-10-17 14:00:00,1.05485,1.05863,1.05478,1.05749,4765
2023-10-17 15:00:00,1.05749,1.05921,1.05749,1.05917,3181
2023-10-17 16:00:00,1.05917,1.05944,1.05782,1.0579,2352
2023-10-17 17:00:00,1.0579,1.05807,1.05642,1.05667,1997
2023-10-17 18:00:00,1.05665,1.05741,1.05636,1.05686,1793
2023-10-17 19:00:00,1.05686,1.05806,1.05686,1.0576699999999999,1675
2023-10-17 20:00:00,1.05765,1.05772,1.05729,1.05729,783
2023-10-17 21:00:00,1.05749,1.05749,1.05735,1.05741,158
2023-10-17 22:00:00,1.05741,1.05755,1.05727,1.05755,232
2023-10-17 23:00:00,1.0574,1.05743,1.05714,1.05724,340
2023-10-18 00:00:00,1.05724,1.05739,1.05601,1.05639,1140
2023-10-18 01:00:00,1.05639,1.05696,1.0561,1.0569,1540
2023-10-18 02:00:00,1.0569,1.05785,1.0569,1.0575,1596
2023-10-18 03:00:00,1.0575,1.05775,1.05719,1.0575,928
2023-10-18 04:00:00,1.0575,1.05783,1.05729,1.05751,832
2023-10-18 05:00:00,1.05751,1.05844,1.05741,1.05822,1209
2023-10-18 06:00:00,1.05821,1.05937,1.05768,1.05785,2517
2023-10-18 07:00:00,1.05786,1.05827,1.057,1.0578400000000001,2826
2023-10-18 08:00:00,1.05783,1.05846,1.05729,1.0582799999999999,2286
2023-10-18 09:00:00,1.05826,1.05863,1.05654,1.05687,2309
2023-10-18 10:00:00,1.05685,1.05692,1.05538,1.05555,2327
2023-10-18 11:00:00,1.05556,1.05678,1.05516,1.05602,2143
2023-10-18 12:00:00,1.05602,1.05739,1.05489,1.05566,3149
2023-10-18 13:00:00,1.05566,1.05638,1.05483,1.055,3807
2023-10-18 14:00:00,1.05501,1.05598,1.05318,1.05371,4325
2023-10-18 15:00:00,1.05371,1.05422,1.05255,1.05308,3203
2023-10-18 16:00:00,1.0531,1.05374,1.05227,1.05364,2719
2023-10-18 17:00:00,1.05365,1.05532,1.0534,1.05497,3089
2023-10-18 18:00:00,1.05497,1.05508,1.05345,1.05352,1929
2023-10-18 19:00:00,1.05352,1.05375,1.05313,1.0535,1684
2023-10-18 20:00:00,1.05349,1.05371,1.0533,1.0533,692
2023-10-18 21:00:00,1.05346,1.0535,1.05332,1.05345,209
2023-10-18 22:00:00,1.05344,1.05376,1.05344,1.05367,242
2023-10-18 23:00:00,1.05351,1.05384,1.05351,1.05375,354
2023-10-19 00:00:00,1.05376,1.05394,1.05323,1.05385,1460
2023-10-19 01:00:00,1.05386,1.05415,1.0532,1.0536,1608
2023-10-19 02:00:00,1.05359,1.05391,1.05338,1.05346,1228
2023-10-19 03:00:00,1.05347,1.05366,1.0532,1.05334,930
2023-10-19 04:00:00,1.05336,1.05346,1.05301,1.05331,875
2023-10-19 05:00:00,1.05331,1.05346,1.05299,1.05327,1091
2023-10-19 06:00:00,1.05326,1.05417,1.05277,1.05398,1921
2023-10-19 07:00:00,1.05397,1.05477,1.05354,1.05371,2938
2023-10-19 08:00:00,1.05369,1.05433,1.05291,1.05353,2667
2023-10-19 09:00:00,1.05354,1.05449,1.05348,1.05442,2088
2023-10-19 10:00:00,1.05441,1.0552,1.05425,1.05507,1845
2023-10-19 11:00:00,1.05507,1.0563,1.05507,1.05575,2201
2023-10-19 12:00:00,1.05573,1.05793,1.05557,1.05759,3877
2023-10-19 13:00:00,1.05762,1.05813,1.05654,1.0575,3756
2023-10-19 14:00:00,1.0575,1.05789,1.0565,1.05686,3727
2023-10-19 15:00:00,1.05684,1.0578,1.05666,1.05691,3011
2023-10-19 16:00:00,1.05693,1.0616,1.05556,1.0596,10979
2023-10-19 17:00:00,1.05961,1.06062,1.05834,1.05982,5440
2023-10-19 18:00:00,1.05981,1.06043,1.05778,1.05804,3139
2023-10-19 19:00:00,1.05804,1.05897,1.05804,1.05877,2431
2023-10-19 20:00:00,1.05875,1.05875,1.05778,1.05778,975
2023-10-19 21:00:00,1.05806,1.05812,1.05788,1.05806,154
2023-10-19 22:00:00,1.05805,1.05814,1.05775,1.05805,301
2023-10-19 23:00:00,1.05791,1.0586,1.05764,1.05859,567
2023-10-20 00:00:00,1.05861,1.05861,1.05734,1.05757,1532
2023-10-20 01:00:00,1.05757,1.05758,1.05681,1.05721,1566
2023-10-20 02:00:00,1.0572,1.05794,1.0570599999999999,1.05776,1290
2023-10-20 03:00:00,1.05776,1.05795,1.05742,1.05757,877
2023-10-20 04:00:00,1.05756,1.05771,1.0573,1.0575,706
2023-10-20 05:00:00,1.05751,1.0578400000000001,1.05711,1.05734,1104
2023-10-20 06:00:00,1.05736,1.05756,1.05646,1.05737,2174
2023-10-20 07:00:00,1.05735,1.05763,1.05681,1.05703,2780
2023-10-20 08:00:00,1.05703,1.0594999999999999,1.0568,1.05874,2721
2023-10-20 09:00:00,1.05874,1.05928,1.05794,1.05894,2120
2023-10-20 10:00:00,1.05895,1.05924,1.05835,1.05848,1781
2023-10-20 11:00:00,1.05849,1.05985,1.0584500000000001,1.05905,1905
2023-10-20 12:00:00,1.05905,1.05919,1.05649,1.05833,3655
2023-10-20 13:00:00,1.05835,1.05944,1.0578400000000001,1.05786,4629
2023-10-20 14:00:00,1.0578400000000001,1.06003,1.05719,1.05873,4244
2023-10-20 15:00:00,1.05875,1.0596,1.05866,1.05907,2788
2023-10-20 16:00:00,1.05905,1.05908,1.05809,1.0589,2321
2023-10-20 17:00:00,1.0589,1.06032,1.05874,1.05952,2535
2023-10-20 18:00:00,1.05953,1.0596,1.05859,1.0592,1799
2023-10-20 19:00:00,1.05922,1.05943,1.05878,1.05918,1602
2023-10-20 20:00:00,1.05916,1.05953,1.05911,1.05934,814
2023-10-22 21:00:00,1.05931,1.05956,1.05911,1.05936,244
2023-10-22 22:00:00,1.05937,1.05943,1.05869,1.05912,445
2023-10-22 23:00:00,1.05897,1.0593,1.0588,1.05891,489
2023-10-23 00:00:00,1.0588899999999999,1.05898,1.05836,1.05867,1156
2023-10-23 01:00:00,1.05867,1.05868,1.05814,1.05831,1243
2023-10-23 02:00:00,1.0583,1.0583,1.05729,1.05732,1075
2023-10-23 03:00:00,1.05732,1.05779,1.05732,1.05748,745
2023-10-23 04:00:00,1.05747,1.0576699999999999,1.05736,1.05758,742
2023-10-23 05:00:00,1.05758,1.0579,1.05749,1.0577,966
2023-10-23 06:00:00,1.05769,1.05861,1.05711,1.05821,1659
2023-10-23 07:00:00,1.05819,1.05973,1.05761,1.05972,2980
2023-10-23 08:00:00,1.05972,1.061,1.05946,1.06023,2720
2023-10-23 09:00:00,1.06022,1.06145,1.05904,1.05927,2462
2023-10-23 10:00:00,1.05927,1.06041,1.05901,1.06041,2075
2023-10-23 11:00:00,1.06039,1.06094,1.06006,1.06013,2030
2023-10-23 12:00:00,1.06013,1.06182,1.05947,1.06094,3093
2023-10-23 13:00:00,1.06094,1.06128,1.0590600000000001,1.06049,3524
2023-10-23 14:00:00,1.06049,1.06314,1.06045,1.06284,4381
2023-10-23 15:00:00,1.06282,1.06463,1.06277,1.06449,2652
2023-10-23 16:00:00,1.06448,1.06644,1.06406,1.06642,2255
2023-10-23 17:00:00,1.06644,1.06724,1.0659399999999999,1.06679,2057
2023-10-23 18:00:00,1.06679,1.06775,1.06652,1.06738,1869
2023-10-23 19:00:00,1.06738,1.06744,1.06599,1.06652,1885
2023-10-23 20:00:00,1.06651,1.0669,1.06631,1.06633,685
2023-10-23 21:00:00,1.06634,1.06643,1.06624,1.0664,366
2023-10-23 22:00:00,1.0664,1.0671599999999999,1.0664,1.06675,346
2023-10-23 23:00:00,1.06674,1.067,1.06666,1.06695,517
2023-10-24 00:00:00,1.06696,1.0673,1.06665,1.06719,1225
2023-10-24 01:00:00,1.06719,1.06745,1.06675,1.06701,1552
2023-10-24 02:00:00,1.06702,1.06867,1.06686,1.06812,1497
2023-10-24 03:00:00,1.06812,1.06858,1.06805,1.06822,831
2023-10-24 04:00:00,1.06822,1.06831,1.06786,1.06786,840
2023-10-24 05:00:00,1.06786,1.06826,1.06768,1.06806,999
2023-10-24 06:00:00,1.06804,1.06862,1.06766,1.06847,2140
2023-10-24 07:00:00,1.0685,1.06941,1.06566,1.06625,3687
2023-10-24 08:00:00,1.06625,1.06625,1.06437,1.06498,2926
2023-10-24 09:00:00,1.06498,1.06507,1.06355,1.06363,2076
2023-10-24 10:00:00,1.06363,1.06391,1.06214,1.06251,2239
2023-10-24 11:00:00,1.06251,1.06411,1.06216,1.06348,2189
2023-10-24 12:00:00,1.06349,1.06361,1.06119,1.06155,3307
2023-10-24 13:00:00,1.06154,1.06238,1.05961,1.06109,4461
2023-10-24 14:00:00,1.0611,1.06157,1.05902,1.05993,4546
2023-10-24 15:00:00,1.05993,1.05994,1.05827,1.05933,3319
2023-10-24 16:00:00,1.05934,1.06016,1.05831,1.05864,2215
2023-10-24 17:00:00,1.05862,1.05936,1.05862,1.05883,2133
2023-10-24 18:00:00,1.05883,1.0590600000000001,1.05841,1.05879,1550
2023-10-24 19:00:00,1.05879,1.05933,1.05866,1.05914,1358
2023-10-24 20:00:00,1.05916,1.05939,1.05866,1.05866,819
2023-10-24 21:00:00,1.05883,1.05919,1.05877,1.05903,202
2023-10-24 22:00:00,1.05903,1.05918,1.05877,1.05915,289
2023-10-24 23:00:00,1.05915,1.05946,1.05907,1.05945,367
2023-10-25 00:00:00,1.05945,1.05985,1.05892,1.05923,1490
2023-10-25 01:00:00,1.05924,1.05974,1.05914,1.05941,1291
2023-10-25 02:00:00,1.05942,1.0604,1.05941,1.06032,1090
2023-10-25 03:00:00,1.06033,1.06046,1.06012,1.06016,844
2023-10-25 04:00:00,1.06016,1.06059,1.06005,1.06057,680
2023-10-25 05:00:00,1.06059,1.06062,1.05971,1.06006,940
2023-10-25 06:00:00,1.06006,1.06036,1.05921,1.05921,1600
2023-10-25 07:00:00,1.05921,1.05923,1.05779,1.05868,2272
2023-10-25 08:00:00,1.05869,1.05963,1.05832,1.05848,2320
2023-10-25 09:00:00,1.05848,1.05848,1.05662,1.05686,2071
2023-10-25 10:00:00,1.05686,1.05768,1.05655,1.05739,1651
2023-10-25 11:00:00,1.05739,1.05783,1.05694,1.0572300000000001,1608
2023-10-25 12:00:00,1.0572300000000001,1.05793,1.05693,1.05744,2587
2023-10-25 13:00:00,1.05744,1.05824,1.05665,1.05805,3154
2023-10-25 14:00:00,1.05806,1.0591,1.0568,1.05847,4368
2023-10-25 15:00:00,1.05847,1.05952,1.05826,1.05827,3680
2023-10-25 16:00:00,1.05826,1.05855,1.05704,1.05741,2192
2023-10-25 17:00:00,1.05741,1.05761,1.05654,1.05707,2769
2023-10-25 18:00:00,1.05707,1.0573,1.05655,1.05661,1667
2023-10-25 19:00:00,1.05662,1.05696,1.05654,1.05675,1357
2023-10-25 20:00:00,1.05676,1.05694,1.05619,1.05619,926
2023-10-25 21:00:00,1.0564,1.0567,1.05634,1.05658,324
2023-10-25 22:00:00,1.05658,1.05659,1.05624,1.0565,358
2023-10-25 23:00:00,1.05635,1.05665,1.05584,1.05659,462
2023-10-26 00:00:00,1.05658,1.05687,1.05575,1.05592,1244
2023-10-26 01:00:00,1.05592,1.0561,1.05536,1.05546,1394
2023-10-26 02:00:00,1.05546,1.05559,1.05432,1.05448,1353
2023-10-26 03:00:00,1.05448,1.05475,1.0541,1.05463,1092
2023-10-26 04:00:00,1.05463,1.05476,1.0542,1.05451,861
2023-10-26 05:00:00,1.05451,1.05489,1.05409,1.05424,1281
2023-10-26 06:00:00,1.05423,1.05449,1.05325,1.05382,2530
2023-10-26 07:00:00,1.05383,1.05489,1.05377,1.05478,2504
2023-10-26 08:00:00,1.05478,1.0552,1.0544,1.05449,2124
2023-10-26 09:00:00,1.05449,1.05515,1.05397,1.05452,1800
2023-10-26 10:00:00,1.05452,1.05488,1.05347,1.05368,1710
2023-10-26 11:00:00,1.05369,1.05386,1.05307,1.05355,1725
2023-10-26 12:00:00,1.05357,1.05585,1.05216,1.05585,6612
2023-10-26 13:00:00,1.05587,1.05598,1.05413,1.05467,5110
2023-10-26 14:00:00,1.05465,1.05481,1.05307,1.05425,4046
2023-10-26 15:00:00,1.05424,1.05444,1.05248,1.05314,2990
2023-10-26 16:00:00,1.05313,1.05363,1.0524499999999999,1.0528,2560
2023-10-26 17:00:00,1.05281,1.0552,1.05278,1.05502,2911
2023-10-26 18:00:00,1.05501,1.05643,1.05486,1.05605,2010
2023-10-26 19:00:00,1.05604,1.05628,1.0548,1.05563,1897
2023-10-26 20:00:00,1.05561,1.05635,1.05547,1.05594,1016
2023-10-26 21:00:00,1.05604,1.05604,1.05537,1.05592,298
2023-10-26 22:00:00,1.05592,1.0563,1.05592,1.05625,250
2023-10-26 23:00:00,1.05625,1.05651,1.05611,1.05635,533
2023-10-27 00:00:00,1.05635,1.05642,1.05556,1.05575,1386
2023-10-27 01:00:00,1.05573,1.05618,1.05521,1.05583,1173
2023-10-27 02:00:00,1.05583,1.05662,1.05583,1.0564,999
2023-10-27 03:00:00,1.05641,1.05649,1.05606,1.0564,751
2023-10-27 04:00:00,1.05641,1.05674,1.0563,1.05667,608
2023-10-27 05:00:00,1.05668,1.05694,1.05648,1.05688,989
2023-10-27 06:00:00,1.05688,1.05693,1.05545,1.05557,1937
2023-10-27 07:00:00,1.05555,1.05626,1.05516,1.05581,2202
2023-10-27 08:00:00,1.0558,1.05621,1.05533,1.05615,1987
2023-10-27 09:00:00,1.05615,1.0565,1.05598,1.0564,1763
2023-10-27 10:00:00,1.0564,1.05666,1.05555,1.05555,1667
2023-10-27 11:00:00,1.05553,1.05558,1.0535,1.05368,1999
2023-10-27 12:00:00,1.05368,1.05689,1.05348,1.05556,3789
2023-10-27 13:00:00,1.05556,1.05914,1.0555,1.05788,4904
2023-10-27 14:00:00,1.05788,1.05942,1.05653,1.05777,4959
2023-10-27 15:00:00,1.05777,1.05966,1.0577,1.05909,3105
2023-10-27 16:00:00,1.05909,1.05962,1.05803,1.05825,2103
2023-10-27 17:00:00,1.05824,1.05827,1.0557,1.05669,2581
2023-10-27 18:00:00,1.05667,1.05731,1.05619,1.05672,2482
2023-10-27 19:00:00,1.05671,1.05703,1.05616,1.05701,1940
2023-10-27 20:00:00,1.05702,1.05702,1.05624,1.0564,898
2023-10-29 21:00:00,1.05653,1.05671,1.05602,1.05645,239
2023-10-29 22:00:00,1.05646,1.05664,1.05572,1.05608,511
2023-10-29 23:00:00,1.05593,1.05636,1.05571,1.05617,587
2023-10-30 00:00:00,1.05617,1.05625,1.05548,1.05621,1426
2023-10-30 01:00:00,1.05621,1.05635,1.05592,1.05632,1318
2023-10-30 02:00:00,1.05633,1.05654,1.05613,1.05621,969
2023-10-30 03:00:00,1.05621,1.05632,1.05585,1.056,795
2023-10-30 04:00:00,1.056,1.05621,1.0558,1.05607,615
2023-10-30 05:00:00,1.05606,1.05615,1.05585,1.05612,764
2023-10-30 06:00:00,1.05612,1.05653,1.0556,1.05647,1207
2023-10-30 07:00:00,1.05645,1.05671,1.05526,1.05561,1975
2023-10-30 08:00:00,1.05563,1.05602,1.05467,1.05595,2426
2023-10-30 09:00:00,1.05594,1.05857,1.05594,1.05819,2457
2023-10-30 10:00:00,1.05819,1.05877,1.05735,1.05743,1936
2023-10-30 11:00:00,1.05742,1.05956,1.05728,1.05848,2049
2023-10-30 12:00:00,1.0585,1.06079,1.05817,1.06061,2906
2023-10-30 13:00:00,1.06062,1.06144,1.05962,1.06091,3526
2023-10-30 14:00:00,1.06091,1.06176,1.05907,1.06047,4798
2023-10-30 15:00:00,1.06046,1.06245,1.06044,1.06188,3110
2023-10-30 16:00:00,1.06185,1.06202,1.06047,1.06068,2244
2023-10-30 17:00:00,1.06069,1.06139,1.05999,1.0611,1754
2023-10-30 18:00:00,1.06111,1.06183,1.06096,1.06174,1400
2023-10-30 19:00:00,1.06174,1.06211,1.06136,1.06167,1527
2023-10-30 20:00:00,1.06167,1.06171,1.06116,1.06126,674
2023-10-30 21:00:00,1.06127,1.06151,1.06119,1.06131,212
2023-10-30 22:00:00,1.06132,1.06155,1.06102,1.06117,440
2023-10-30 23:00:00,1.06108,1.06146,1.06103,1.06136,521
2023-10-31 00:00:00,1.06136,1.06139,1.06092,1.06111,1207
2023-10-31 01:00:00,1.06109,1.06122,1.0603,1.06096,1538
2023-10-31 02:00:00,1.06096,1.06106,1.05982,1.06006,1259
2023-10-31 03:00:00,1.06007,1.06009,1.05902,1.05942,1936
2023-10-31 04:00:00,1.05941,1.05968,1.05903,1.05932,1210
2023-10-31 05:00:00,1.05933,1.05986,1.05923,1.05984,1158
2023-10-31 06:00:00,1.05985,1.06087,1.05938,1.0608,1596
2023-10-31 07:00:00,1.06081,1.06253,1.06033,1.06206,2351
2023-10-31 08:00:00,1.06204,1.06454,1.06152,1.06448,2806
2023-10-31 09:00:00,1.06448,1.06745,1.06353,1.06679,3133
2023-10-31 10:00:00,1.06681,1.06694,1.06518,1.06637,2965
2023-10-31 11:00:00,1.06637,1.06666,1.06551,1.06552,2068
2023-10-31 12:00:00,1.0655000000000001,1.06605,1.06211,1.06238,4075
2023-10-31 13:00:00,1.06237,1.06253,1.0601099999999999,1.06035,4163
2023-10-31 14:00:00,1.06033,1.06151,1.05945,1.06017,4165
2023-10-31 15:00:00,1.06019,1.06051,1.0566,1.05667,4194
2023-10-31 16:00:00,1.05671,1.05742,1.05573,1.0567,3401
2023-10-31 17:00:00,1.05671,1.05796,1.05652,1.05747,2648
2023-10-31 18:00:00,1.05747,1.05814,1.05705,1.0581,1899
2023-10-31 19:00:00,1.05808,1.05852,1.05796,1.058,1684
2023-10-31 20:00:00,1.05802,1.05831,1.05727,1.05729,946
2023-10-31 21:00:00,1.05742,1.05755,1.05705,1.05739,342
2023-10-31 22:00:00,1.05741,1.05789,1.05738,1.05789,471
2023-10-31 23:00:00,1.05768,1.0579,1.05752,1.05776,626
2023-11-01 00:00:00,1.05777,1.05802,1.05685,1.05733,1266
2023-11-01 01:00:00,1.05731,1.05759,1.05671,1.05688,1345
2023-11-01 02:00:00,1.05688,1.05727,1.05661,1.05701,1118
2023-11-01 03:00:00,1.05701,1.05732,1.05681,1.05699,972
2023-11-01 04:00:00,1.057,1.05716,1.05653,1.05666,936
2023-11-01 05:00:00,1.05665,1.0569,1.05649,1.05676,1039
2023-11-01 06:00:00,1.05677,1.05758,1.05677,1.05736,1336
2023-11-01 07:00:00,1.05734,1.05772,1.05585,1.05641,2063
2023-11-01 08:00:00,1.05641,1.05674,1.05569,1.05579,2117
2023-11-01 09:00:00,1.0558,1.05625,1.0545,1.05488,2013
2023-11-01 10:00:00,1.05489,1.05535,1.05455,1.0548,1523
2023-11-01 11:00:00,1.05479,1.05505,1.05405,1.05427,1918
2023-11-01 12:00:00,1.05429,1.05569,1.05364,1.05384,4625
2023-11-01 13:00:00,1.05384,1.05394,1.05213,1.0531,3684
2023-11-01 14:00:00,1.05314,1.05705,1.05314,1.05523,6303
2023-11-01 15:00:00,1.05524,1.05588,1.05353,1.0537,3082
2023-11-01 16:00:00,1.0537,1.05413,1.05318,1.05336,2090
2023-11-01 17:00:00,1.05336,1.05354,1.05273,1.05332,2012
2023-11-01 18:00:00,1.05332,1.05516,1.05163,1.05413,10784
2023-11-01 19:00:00,1.05412,1.057,1.05409,1.05668,4948
2023-11-01 20:00:00,1.05667,1.05751,1.05667,1.05675,1204
2023-11-01 21:00:00,1.05683,1.0569,1.05636,1.05664,259
2023-11-01 22:00:00,1.05663,1.05779,1.05663,1.05779,500
2023-11-01 23:00:00,1.05758,1.05861,1.05747,1.05858,787
2023-11-02 00:00:00,1.0586,1.06015,1.05832,1.0601099999999999,1911
2023-11-02 01:00:00,1.0601099999999999,1.06017,1.05961,1.05973,1580
2023-11-02 02:00:00,1.05974,1.05984,1.0593,1.05952,1130
2023-11-02 03:00:00,1.05952,1.06001,1.05935,1.05995,875
2023-11-02 04:00:00,1.05994,1.05997,1.05947,1.05956,870
2023-11-02 05:00:00,1.05956,1.06015,1.05949,1.0597,1175
2023-11-02 06:00:00,1.05969,1.06016,1.05934,1.05996,1313
2023-11-02 07:00:00,1.05994,1.06098,1.0596,1.0603,2297
2023-11-02 08:00:00,1.0602800000000001,1.0608,1.05909,1.06002,2978
2023-11-02 09:00:00,1.06002,1.06244,1.05985,1.06231,2890
2023-11-02 10:00:00,1.0623,1.06365,1.06205,1.06339,2224
2023-11-02 11:00:00,1.06338,1.06382,1.06298,1.06332,2359
2023-11-02 12:00:00,1.06336,1.06673,1.06318,1.06635,4705
2023-11-02 13:00:00,1.06633,1.06662,1.06417,1.06475,4007
2023-11-02 14:00:00,1.06474,1.06474,1.06271,1.06391,3784
2023-11-02 15:00:00,1.06389,1.06429,1.06167,1.06169,3367
2023-11-02 16:00:00,1.06169,1.06226,1.06103,1.0615,2887
2023-11-02 17:00:00,1.06152,1.06295,1.06134,1.06278,2061
2023-11-02 18:00:00,1.06276,1.06318,1.06229,1.06256,1874
2023-11-02 19:00:00,1.06254,1.06261,1.06162,1.06225,1566
2023-11-02 20:00:00,1.06224,1.06231,1.06166,1.06197,837
2023-11-02 21:00:00,1.06206,1.0621,1.06166,1.062,418
2023-11-02 22:00:00,1.06199,1.06213,1.06148,1.06167,381
2023-11-02 23:00:00,1.06157,1.06177,1.06141,1.06153,541
2023-11-03 00:00:00,1.06155,1.06214,1.06145,1.06178,878
2023-11-03 01:00:00,1.06178,1.0622,1.06144,1.06217,1122
2023-11-03 02:00:00,1.06216,1.0628,1.0621,1.06258,1112
2023-11-03 03:00:00,1.06258,1.06283,1.06237,1.06248,724
2023-11-03 04:00:00,1.06248,1.06283,1.06243,1.06261,699
2023-11-03 05:00:00,1.06259,1.06312,1.0625499999999999,1.06296,951
2023-11-03 06:00:00,1.06296,1.06332,1.06274,1.0631,1035
2023-11-03 07:00:00,1.06309,1.06333,1.06246,1.06287,1848
2023-11-03 08:00:00,1.06287,1.0631599999999999,1.06194,1.06266,2232
2023-11-03 09:00:00,1.06266,1.0648,1.06236,1.06475,2292
2023-11-03 10:00:00,1.06474,1.06478,1.06416,1.06426,1826
2023-11-03 11:00:00,1.06427,1.06521,1.06402,1.06463,2004
2023-11-03 12:00:00,1.06464,1.07188,1.06448,1.07094,6198
2023-11-03 13:00:00,1.07092,1.07242,1.06959,1.07156,5885
2023-11-03 14:00:00,1.07168,1.07341,1.06933,1.07191,6275
2023-11-03 15:00:00,1.07193,1.07349,1.07149,1.07315,4025
2023-11-03 16:00:00,1.07315,1.07389,1.07252,1.07387,3199
2023-11-03 17:00:00,1.07387,1.07463,1.07303,1.0735999999999999,2602
2023-11-03 18:00:00,1.0735999999999999,1.07395,1.07322,1.07354,1728
2023-11-03 19:00:00,1.07355,1.07371,1.07222,1.07246,1342
2023-11-03 20:00:00,1.07246,1.07322,1.07246,1.07297,836
2023-11-05 22:00:00,1.07243,1.07256,1.0722,1.07254,217
2023-11-05 23:00:00,1.07254,1.07315,1.07214,1.0729,772
2023-11-06 00:00:00,1.0729,1.07298,1.07224,1.07241,1079
2023-11-06 01:00:00,1.07241,1.07292,1.07219,1.07278,1434
2023-11-06 02:00:00,1.07279,1.0733,1.07261,1.07325,1209
2023-11-06 03:00:00,1.07326,1.0734,1.07307,1.07337,947
2023-11-06 04:00:00,1.07337,1.07371,1.07334,1.07352,846
2023-11-06 05:00:00,1.0735,1.07383,1.07327,1.0735,1098
2023-11-06 06:00:00,1.07349,1.07398,1.07339,1.07356,1189
2023-11-06 07:00:00,1.07358,1.07433,1.07315,1.07328,2113
2023-11-06 08:00:00,1.07326,1.07559,1.07312,1.07497,3041
2023-11-06 09:00:00,1.07498,1.07558,1.07423,1.07465,2272
2023-11-06 10:00:00,1.07466,1.07554,1.07448,1.0748199999999999,1846
2023-11-06 11:00:00,1.0748199999999999,1.07537,1.0743800000000001,1.07509,1832
2023-11-06 12:00:00,1.07508,1.07537,1.07388,1.0743,2057
2023-11-06 13:00:00,1.07432,1.07443,1.07349,1.07371,2728
2023-11-06 14:00:00,1.07373,1.07456,1.0735999999999999,1.07387,2886
2023-11-06 15:00:00,1.07387,1.07437,1.07259,1.0743,2913
2023-11-06 16:00:00,1.07431,1.07488,1.07396,1.07455,2452
2023-11-06 17:00:00,1.07455,1.07458,1.07335,1.07353,1593
2023-11-06 18:00:00,1.07352,1.07365,1.07287,1.07355,1522
2023-11-06 19:00:00,1.07356,1.07364,1.07219,1.07239,1839
2023-11-06 20:00:00,1.0723799999999999,1.07239,1.07192,1.0719400000000001,1404
2023-11-06 21:00:00,1.07196,1.07204,1.07136,1.07153,738
2023-11-06 22:00:00,1.07158,1.07188,1.07128,1.07183,397
2023-11-06 23:00:00,1.07184,1.07197,1.07149,1.07171,573
2023-11-07 00:00:00,1.07181,1.07191,1.07116,1.07136,760
2023-11-07 01:00:00,1.07136,1.07136,1.07077,1.07101,1524
2023-11-07 02:00:00,1.07101,1.07122,1.07057,1.0711,1114
2023-11-07 03:00:00,1.0711,1.07136,1.0707200000000001,1.07086,1378
2023-11-07 04:00:00,1.07086,1.07108,1.07046,1.07062,1203
2023-11-07 05:00:00,1.07062,1.07105,1.07049,1.07098,1108
2023-11-07 06:00:00,1.07099,1.07114,1.06997,1.07004,1376
2023-11-07 07:00:00,1.07004,1.0701100000000001,1.06915,1.06966,2022
2023-11-07 08:00:00,1.06964,1.07059,1.06944,1.0703,2807
2023-11-07 09:00:00,1.0703,1.07032,1.06828,1.06835,2388
2023-11-07 10:00:00,1.06833,1.06969,1.068,1.06814,2287
2023-11-07 11:00:00,1.06812,1.0683,1.0665,1.06732,2432
2023-11-07 12:00:00,1.06732,1.06843,1.06732,1.06783,2368
2023-11-07 13:00:00,1.06785,1.06863,1.06717,1.06759,2763
2023-11-07 14:00:00,1.06759,1.06767,1.06636,1.06755,3381
2023-11-07 15:00:00,1.06754,1.06892,1.06732,1.06847,3318
2023-11-07 16:00:00,1.06847,1.06922,1.0683,1.06855,2904
2023-11-07 17:00:00,1.06852,1.0686,1.06722,1.06769,2412
2023-11-07 18:00:00,1.06768,1.06994,1.06756,1.06982,2466
2023-11-07 19:00:00,1.06981,1.07044,1.06938,1.06949,2072
2023-11-07 20:00:00,1.0695000000000001,1.06978,1.06892,1.06943,1573
2023-11-07 21:00:00,1.06943,1.07003,1.06943,1.0698,745
2023-11-07 22:00:00,1.06989,1.06993,1.06957,1.06972,366
2023-11-07 23:00:00,1.06972,1.06982,1.06927,1.06941,593
2023-11-08 00:00:00,1.06953,1.06975,1.06892,1.0689899999999999,874
2023-11-08 01:00:00,1.069,1.06937,1.06862,1.06912,1378
2023-11-08 02:00:00,1.06913,1.06988,1.06887,1.06932,1372
2023-11-08 03:00:00,1.06932,1.06955,1.06882,1.06895,1051
2023-11-08 04:00:00,1.06896,1.06925,1.0688,1.06916,843
2023-11-08 05:00:00,1.06916,1.06926,1.06849,1.06857,1087
2023-11-08 06:00:00,1.06855,1.06878,1.06808,1.06813,1402
2023-11-08 07:00:00,1.06815,1.0684,1.06751,1.06799,1994
2023-11-08 08:00:00,1.068,1.06823,1.06709,1.06722,2570
2023-11-08 09:00:00,1.06724,1.06739,1.066,1.06648,2681
2023-11-08 10:00:00,1.06646,1.06685,1.06591,1.06677,2088
2023-11-08 11:00:00,1.06677,1.06772,1.06677,1.06766,1957
2023-11-08 12:00:00,1.06765,1.06767,1.06666,1.06676,2119
2023-11-08 13:00:00,1.06675,1.06722,1.06597,1.06688,2793
2023-11-08 14:00:00,1.06688,1.06917,1.06685,1.06902,3390
2023-11-08 15:00:00,1.06902,1.0707200000000001,1.06825,1.07045,3622
2023-11-08 16:00:00,1.07046,1.07154,1.07031,1.07138,3120
2023-11-08 17:00:00,1.07138,1.07142,1.07008,1.07071,2426
2023-11-08 18:00:00,1.07073,1.07136,1.07019,1.07088,2806
2023-11-08 19:00:00,1.07088,1.07105,1.07006,1.0702,1537
2023-11-08 20:00:00,1.07019,1.07102,1.06995,1.07092,1568
2023-11-08 21:00:00,1.0709,1.07106,1.0707,1.07075,831
2023-11-08 22:00:00,1.07079,1.07079,1.07036,1.07064,453
2023-11-08 23:00:00,1.07062,1.07096,1.07048,1.07088,539
2023-11-09 00:00:00,1.07107,1.07122,1.0702099999999999,1.07031,735
2023-11-09 01:00:00,1.0703,1.0714299999999999,1.07026,1.07117,1242
2023-11-09 02:00:00,1.07117,1.07154,1.07086,1.07093,1077
2023-11-09 03:00:00,1.07093,1.07112,1.07062,1.07076,811
2023-11-09 04:00:00,1.07075,1.07115,1.07075,1.07083,736
2023-11-09 05:00:00,1.07083,1.07098,1.0702099999999999,1.07023,841
2023-11-09 06:00:00,1.07023,1.07094,1.07012,1.07068,1244
2023-11-09 07:00:00,1.0707,1.0709,1.0702,1.07049,1759
2023-11-09 08:00:00,1.07049,1.07095,1.06935,1.0701100000000001,2801
2023-11-09 09:00:00,1.0701100000000001,1.07044,1.06938,1.06971,2273
2023-11-09 10:00:00,1.06973,1.06993,1.06848,1.06862,1932
2023-11-09 11:00:00,1.06862,1.06918,1.068,1.06877,1830
2023-11-09 12:00:00,1.06876,1.06924,1.06867,1.06897,2129
2023-11-09 13:00:00,1.06898,1.07081,1.06861,1.07068,3687
2023-11-09 14:00:00,1.07071,1.07248,1.07,1.07236,3813
2023-11-09 15:00:00,1.07236,1.07244,1.07073,1.0714299999999999,3951
2023-11-09 16:00:00,1.0714299999999999,1.07166,1.07047,1.07093,2405
2023-11-09 17:00:00,1.07094,1.07123,1.06996,1.07041,2021
2023-11-09 18:00:00,1.07042,1.07051,1.06726,1.06942,5714
2023-11-09 19:00:00,1.0694,1.06953,1.06597,1.06669,5285
2023-11-09 20:00:00,1.0667,1.06748,1.06622,1.06636,2374
2023-11-09 21:00:00,1.06636,1.06686,1.06635,1.06678,1022
2023-11-09 22:00:00,1.06675,1.06689,1.06659,1.06677,897
2023-11-09 23:00:00,1.06683,1.0669,1.06639,1.06666,438
2023-11-10 00:00:00,1.06669,1.067,1.06628,1.06681,872
2023-11-10 01:00:00,1.06682,1.06746,1.06664,1.0671599999999999,1333
2023-11-10 02:00:00,1.06715,1.06742,1.06698,1.06721,1110
2023-11-10 03:00:00,1.06721,1.06737,1.06684,1.06694,855
2023-11-10 04:00:00,1.06694,1.06711,1.06666,1.0671,785
2023-11-10 05:00:00,1.0671,1.06715,1.06653,1.06688,808
2023-11-10 06:00:00,1.06689,1.06698,1.06632,1.06652,1137
2023-11-10 07:00:00,1.06652,1.06693,1.06559,1.06628,2380
2023-11-10 08:00:00,1.06628,1.06778,1.06627,1.06706,2639
2023-11-10 09:00:00,1.06707,1.06796,1.06641,1.06767,2339
2023-11-10 10:00:00,1.06767,1.06874,1.06687,1.06863,2101
2023-11-10 11:00:00,1.06863,1.06885,1.06735,1.06764,2068
2023-11-10 12:00:00,1.06763,1.06879,1.06696,1.06816,2327
2023-11-10 13:00:00,1.06816,1.06922,1.06771,1.06882,2845
2023-11-10 14:00:00,1.06883,1.06893,1.067,1.06724,3045
2023-11-10 15:00:00,1.06719,1.06792,1.06622,1.06697,4506
2023-11-10 16:00:00,1.06696,1.06791,1.06627,1.0669,2674
2023-11-10 17:00:00,1.06689,1.06813,1.06637,1.06787,2331
2023-11-10 18:00:00,1.06787,1.0684,1.06723,1.06807,1947
2023-11-10 19:00:00,1.06806,1.0687,1.06787,1.0679400000000001,1668
2023-11-10 20:00:00,1.0679400000000001,1.06869,1.06769,1.06847,1566
2023-11-10 21:00:00,1.06845,1.06864,1.06823,1.06844,684
2023-11-12 22:00:00,1.06834,1.06839,1.06793,1.0683799999999999,422
2023-11-12 23:00:00,1.0684,1.06886,1.0684,1.06883,687
2023-11-13 00:00:00,1.06901,1.06901,1.0682,1.06837,802
2023-11-13 01:00:00,1.06837,1.0688,1.06808,1.06863,1203
2023-11-13 02:00:00,1.06864,1.06872,1.06811,1.06828,967
2023-11-13 03:00:00,1.06828,1.06858,1.06811,1.06855,808
2023-11-13 04:00:00,1.06854,1.06886,1.06837,1.06841,765
2023-11-13 05:00:00,1.0684,1.06864,1.06831,1.06856,811
2023-11-13 06:00:00,1.06855,1.06921,1.0683,1.06898,1154
2023-11-13 07:00:00,1.0689899999999999,1.06969,1.06883,1.06923,1793
2023-11-13 08:00:00,1.06922,1.06944,1.06854,1.06912,2376
2023-11-13 09:00:00,1.06912,1.07009,1.06851,1.06894,2124
2023-11-13 10:00:00,1.06893,1.0699,1.06869,1.06966,1763
2023-11-13 11:00:00,1.06966,1.06975,1.06847,1.06866,1759
2023-11-13 12:00:00,1.06866,1.06874,1.06695,1.06728,2033
2023-11-13 13:00:00,1.06727,1.0673300000000001,1.06647,1.06722,2732
2023-11-13 14:00:00,1.06722,1.06795,1.06677,1.06764,2871
2023-11-13 15:00:00,1.06763,1.06924,1.06743,1.06885,3862
2023-11-13 16:00:00,1.06887,1.07031,1.06848,1.06987,2687
2023-11-13 17:00:00,1.06986,1.07057,1.06934,1.06952,1918
2023-11-13 18:00:00,1.06952,1.07048,1.06898,1.0701,1696
2023-11-13 19:00:00,1.0701100000000001,1.07051,1.06969,1.07017,1482
2023-11-13 20:00:00,1.07015,1.07037,1.06986,1.06988,1309
2023-11-13 21:00:00,1.06989,1.06992,1.06962,1.06972,680
2023-11-13 22:00:00,1.06975,1.06992,1.0695000000000001,1.0699,640
2023-11-13 23:00:00,1.06988,1.07009,1.06975,1.07009,367
2023-11-14 00:00:00,1.0701100000000001,1.07018,1.06979,1.06992,608
2023-11-14 01:00:00,1.06993,1.07001,1.06943,1.06984,1080
2023-11-14 02:00:00,1.06983,1.07015,1.06965,1.06975,1039
2023-11-14 03:00:00,1.06974,1.06979,1.06951,1.06964,865
2023-11-14 04:00:00,1.06962,1.06995,1.06956,1.0695999999999999,755
2023-11-14 05:00:00,1.0695999999999999,1.06961,1.06925,1.06952,804
2023-11-14 06:00:00,1.06953,1.06994,1.06938,1.06985,1041
2023-11-14 07:00:00,1.06985,1.07092,1.06975,1.07056,2004
2023-11-14 08:00:00,1.07057,1.07096,1.0695999999999999,1.06979,2329
2023-11-14 09:00:00,1.06977,1.07174,1.06956,1.07154,2716
2023-11-14 10:00:00,1.07154,1.07301,1.07145,1.07213,2505
2023-11-14 11:00:00,1.07213,1.07234,1.07146,1.0719,2102
2023-11-14 12:00:00,1.0719,1.07263,1.0718,1.07208,1967
2023-11-14 13:00:00,1.07208,1.07996,1.07117,1.07889,8114
2023-11-14 14:00:00,1.07887,1.0835,1.07882,1.08327,7666
2023-11-14 15:00:00,1.0832600000000001,1.08418,1.08228,1.08371,4627
2023-11-14 16:00:00,1.0836999999999999,1.08637,1.08359,1.08598,4210
2023-11-14 17:00:00,1.08597,1.08731,1.08539,1.08723,2933
2023-11-14 18:00:00,1.08723,1.08761,1.08683,1.08694,1961
2023-11-14 19:00:00,1.08694,1.08822,1.08672,1.08808,1759
2023-11-14 20:00:00,1.08808,1.0887,1.08773,1.08822,1732
2023-11-14 21:00:00,1.0882,1.0882,1.08754,1.08766,801
2023-11-14 22:00:00,1.08762,1.08779,1.08709,1.08738,884
2023-11-14 23:00:00,1.08742,1.08821,1.08742,1.08774,458
2023-11-15 00:00:00,1.08775,1.08778,1.08654,1.08693,1129
2023-11-15 01:00:00,1.08694,1.08737,1.0867,1.08714,1603
2023-11-15 02:00:00,1.08715,1.08795,1.08701,1.0878,1526
2023-11-15 03:00:00,1.08781,1.08824,1.08757,1.08815,1205
2023-11-15 04:00:00,1.08815,1.08834,1.08772,1.08775,921
2023-11-15 05:00:00,1.08775,1.08793,1.08723,1.08724,1182
2023-11-15 06:00:00,1.08724,1.08766,1.08711,1.08729,1429
2023-11-15 07:00:00,1.08728,1.08758,1.08645,1.08722,2624
2023-11-15 08:00:00,1.08723,1.08789,1.08663,1.08703,3337
2023-11-15 09:00:00,1.08703,1.08703,1.08438,1.08516,2868
2023-11-15 10:00:00,1.08516,1.08584,1.08499,1.08564,2055
2023-11-15 11:00:00,1.08564,1.08676,1.08552,1.08654,1904
2023-11-15 12:00:00,1.08654,1.0867499999999999,1.08541,1.08631,2154
2023-11-15 13:00:00,1.08632,1.08856,1.08396,1.08583,5603
2023-11-15 14:00:00,1.08583,1.08606,1.08314,1.08358,4860
2023-11-15 15:00:00,1.08359,1.08647,1.08332,1.08645,3826
2023-11-15 16:00:00,1.08647,1.08683,1.08481,1.0852,3114
2023-11-15 17:00:00,1.0852,1.08558,1.08427,1.08537,2247
2023-11-15 18:00:00,1.08536,1.0854300000000001,1.08418,1.08457,1927
2023-11-15 19:00:00,1.08459,1.08475,1.08408,1.08459,1571
2023-11-15 20:00:00,1.08459,1.08467,1.08421,1.08429,1412
2023-11-15 21:00:00,1.08428,1.08468,1.08424,1.08461,889
2023-11-15 22:00:00,1.08458,1.08481,1.08397,1.08479,683
2023-11-15 23:00:00,1.0848,1.08534,1.08473,1.08534,398
2023-11-16 00:00:00,1.08536,1.08549,1.08503,1.08546,855
2023-11-16 01:00:00,1.08546,1.0855299999999999,1.08416,1.08434,1533
2023-11-16 02:00:00,1.08434,1.08436,1.08299,1.08332,1696
2023-11-16 03:00:00,1.08332,1.08355,1.08314,1.08323,910
2023-11-16 04:00:00,1.08323,1.0836999999999999,1.08319,1.08369,679
2023-11-16 05:00:00,1.08369,1.08393,1.0833,1.08375,1021
2023-11-16 06:00:00,1.08374,1.08407,1.08358,1.08386,1204
2023-11-16 07:00:00,1.08385,1.08453,1.08335,1.08403,2080
2023-11-16 08:00:00,1.08405,1.08544,1.0838,1.0854300000000001,2694
2023-11-16 09:00:00,1.08545,1.0860400000000001,1.08476,1.08507,2337
2023-11-16 10:00:00,1.08505,1.08515,1.08427,1.08449,1901
2023-11-16 11:00:00,1.08447,1.08578,1.08445,1.08519,1619
2023-11-16 12:00:00,1.08518,1.08529,1.08389,1.08422,2168
2023-11-16 13:00:00,1.08424,1.08808,1.08416,1.08806,4366
2023-11-16 14:00:00,1.08805,1.08806,1.08579,1.08757,4243
2023-11-16 15:00:00,1.08757,1.0895,1.08714,1.08776,4856
2023-11-16 16:00:00,1.08779,1.08825,1.0846,1.08497,3283
2023-11-16 17:00:00,1.08497,1.08602,1.0847,1.08594,2160
2023-11-16 18:00:00,1.08593,1.0865,1.08558,1.08586,1828
2023-11-16 19:00:00,1.08586,1.08598,1.08516,1.0855,1729
2023-11-16 20:00:00,1.08552,1.08575,1.08446,1.0846,1565
2023-11-16 21:00:00,1.08459,1.08534,1.08459,1.08507,801
2023-11-16 22:00:00,1.08512,1.08523,1.08408,1.08522,929
2023-11-16 23:00:00,1.08524,1.0855,1.08503,1.08521,411
2023-11-17 00:00:00,1.08524,1.08551,1.08483,1.0853,788
2023-11-17 01:00:00,1.08529,1.08566,1.08499,1.08525,1461
2023-11-17 02:00:00,1.08526,1.08563,1.08489,1.08548,1059
2023-11-17 03:00:00,1.08546,1.08567,1.08527,1.08536,964
2023-11-17 04:00:00,1.08536,1.08548,1.08498,1.08502,702
2023-11-17 05:00:00,1.08501,1.0855299999999999,1.08474,1.08527,1064
2023-11-17 06:00:00,1.08529,1.08559,1.08506,1.08509,1083
2023-11-17 07:00:00,1.08507,1.08507,1.08347,1.08381,2175
2023-11-17 08:00:00,1.0838,1.08487,1.08246,1.08476,3438
2023-11-17 09:00:00,1.08479,1.0858,1.08447,1.08526,3005
2023-11-17 10:00:00,1.08527,1.08707,1.0851,1.08702,2760
2023-11-17 11:00:00,1.08702,1.0874,1.08586,1.08659,2462
2023-11-17 12:00:00,1.08659,1.08682,1.08572,1.08629,2391
2023-11-17 13:00:00,1.08631,1.0877,1.0861,1.08706,3978
2023-11-17 14:00:00,1.08704,1.08841,1.08583,1.08686,4596
2023-11-17 15:00:00,1.08686,1.08925,1.08681,1.08862,3751
2023-11-17 16:00:00,1.08862,1.08895,1.08747,1.08783,3306
2023-11-17 17:00:00,1.08783,1.08908,1.08776,1.08899,2112
2023-11-17 18:00:00,1.08897,1.0904,1.08878,1.09025,1779
2023-11-17 19:00:00,1.09027,1.0903,1.08951,1.08994,1513
2023-11-17 20:00:00,1.08992,1.09088,1.08968,1.09081,1511
2023-11-17 21:00:00,1.09081,1.09133,1.09042,1.09131,1013
2023-11-19 22:00:00,1.09091,1.09091,1.09061,1.09076,355
2023-11-19 23:00:00,1.09076,1.09094,1.0903,1.0903100000000001,750
2023-11-20 00:00:00,1.09051,1.09053,1.08972,1.0901,1194
2023-11-20 01:00:00,1.0901,1.09102,1.0901,1.09079,1807
2023-11-20 02:00:00,1.09078,1.09233,1.09076,1.09218,1798
2023-11-20 03:00:00,1.09219,1.09244,1.09171,1.09232,1619
2023-11-20 04:00:00,1.09233,1.09354,1.09215,1.09215,1509
2023-11-20 05:00:00,1.09215,1.09272,1.09184,1.09185,1379
2023-11-20 06:00:00,1.09185,1.09225,1.09155,1.09167,1620
2023-11-20 07:00:00,1.09167,1.09194,1.09127,1.09155,2398
2023-11-20 08:00:00,1.09157,1.09292,1.09148,1.09187,2987
2023-11-20 09:00:00,1.09187,1.09396,1.0918,1.09364,2910
2023-11-20 10:00:00,1.09363,1.09363,1.09225,1.0925799999999999,1949
2023-11-20 11:00:00,1.09257,1.09291,1.09209,1.09225,1925
2023-11-20 12:00:00,1.09224,1.09303,1.09201,1.09291,2277
2023-11-20 13:00:00,1.09293,1.09318,1.09239,1.09262,2822
2023-11-20 14:00:00,1.09262,1.09454,1.09186,1.094,3205
2023-11-20 15:00:00,1.09397,1.09412,1.09259,1.09375,2903
2023-11-20 16:00:00,1.09375,1.09447,1.09373,1.09439,2393
2023-11-20 17:00:00,1.09437,1.0951,1.09349,1.09373,1909
2023-11-20 18:00:00,1.09372,1.09515,1.09365,1.09447,2705
2023-11-20 19:00:00,1.09447,1.09467,1.09385,1.09459,1706
2023-11-20 20:00:00,1.0946,1.09471,1.09415,1.09416,1563
2023-11-20 21:00:00,1.09415,1.09442,1.09382,1.09382,866
2023-11-20 22:00:00,1.09384,1.09415,1.0937000000000001,1.09415,688
2023-11-20 23:00:00,1.09418,1.09464,1.09415,1.09439,570
2023-11-21 00:00:00,1.0944099999999999,1.09518,1.09415,1.09451,1079
2023-11-21 01:00:00,1.09454,1.0957,1.09428,1.09517,2535
2023-11-21 02:00:00,1.09515,1.09618,1.09476,1.09593,1906
2023-11-21 03:00:00,1.09593,1.09638,1.09578,1.09629,1489
2023-11-21 04:00:00,1.09629,1.09648,1.09577,1.09583,1321
2023-11-21 05:00:00,1.09586,1.09631,1.09533,1.09557,1379
2023-11-21 06:00:00,1.09557,1.09605,1.09519,1.09578,1633
2023-11-21 07:00:00,1.09579,1.09627,1.09505,1.09535,2411
2023-11-21 08:00:00,1.09532,1.09637,1.09432,1.09458,3151
2023-11-21 09:00:00,1.09456,1.09504,1.09419,1.09434,2974
2023-11-21 10:00:00,1.09433,1.09535,1.09419,1.0945,2155
2023-11-21 11:00:00,1.09448,1.09465,1.09385,1.09392,1971
2023-11-21 12:00:00,1.09391,1.09504,1.09388,1.09476,2168
2023-11-21 13:00:00,1.09476,1.09608,1.09387,1.09446,3838
2023-11-21 14:00:00,1.09448,1.09591,1.09436,1.09528,3823
2023-11-21 15:00:00,1.09528,1.09586,1.0931,1.09338,4327
2023-11-21 16:00:00,1.09339,1.09432,1.09221,1.09226,3407
2023-11-21 17:00:00,1.09227,1.0926,1.09185,1.09205,2402
2023-11-21 18:00:00,1.09206,1.09211,1.09023,1.09083,2651
2023-11-21 19:00:00,1.09083,1.0915300000000001,1.08997,1.09148,2853
2023-11-21 20:00:00,1.09147,1.09162,1.09109,1.09116,1681
2023-11-21 21:00:00,1.09117,1.09142,1.0909200000000001,1.09102,941
2023-11-21 22:00:00,1.09101,1.09111,1.09068,1.0911,617
2023-11-21 23:00:00,1.09108,1.0918,1.09094,1.09167,801
2023-11-22 00:00:00,1.09169,1.09191,1.09139,1.09191,1078
2023-11-22 01:00:00,1.09192,1.09224,1.09086,1.0913,1866
2023-11-22 02:00:00,1.09131,1.09201,1.09113,1.09158,1583
2023-11-22 03:00:00,1.09156,1.0919,1.09125,1.0914,1069
2023-11-22 04:00:00,1.09141,1.09152,1.09105,1.09134,874
2023-11-22 05:00:00,1.09134,1.09143,1.09045,1.09069,1520
2023-11-22 06:00:00,1.09068,1.09072,1.08949,1.08997,1835
2023-11-22 07:00:00,1.08995,1.09162,1.08993,1.09139,2169
2023-11-22 08:00:00,1.09139,1.09193,1.08822,1.08852,3344
2023-11-22 09:00:00,1.0885,1.09119,1.08844,1.09024,2929
2023-11-22 10:00:00,1.09024,1.09054,1.08947,1.09003,2341
2023-11-22 11:00:00,1.09001,1.09073,1.08976,1.08995,2595
2023-11-22 12:00:00,1.08996,1.09119,1.08974,1.09061,3103
2023-11-22 13:00:00,1.09059,1.09173,1.08907,1.08958,5269
2023-11-22 14:00:00,1.0896,1.08981,1.08713,1.08745,5036
2023-11-22 15:00:00,1.08742,1.08742,1.0852,1.08652,5270
2023-11-22 16:00:00,1.08654,1.0873,1.08611,1.08696,3247
2023-11-22 17:00:00,1.087,1.0883099999999999,1.08682,1.0878,2101
2023-11-22 18:00:00,1.08777,1.08866,1.08769,1.08845,1953
2023-11-22 19:00:00,1.08844,1.08874,1.08794,1.08833,1977
2023-11-22 20:00:00,1.08832,1.08879,1.08812,1.0887,1420
2023-11-22 21:00:00,1.0887,1.0889,1.08855,1.08879,765
2023-11-22 22:00:00,1.08878,1.08878,1.08791,1.08858,606
2023-11-22 23:00:00,1.0886,1.08878,1.08833,1.08872,467
2023-11-23 00:00:00,1.08874,1.0892,1.08873,1.08914,673
2023-11-23 01:00:00,1.08915,1.08955,1.08881,1.08944,1331
2023-11-23 02:00:00,1.08945,1.09041,1.08941,1.0903,1195
2023-11-23 03:00:00,1.09029,1.09054,1.09008,1.09046,913
2023-11-23 04:00:00,1.09046,1.09051,1.09015,1.0902,756
2023-11-23 05:00:00,1.0902,1.09111,1.09004,1.09099,977
2023-11-23 06:00:00,1.09101,1.09171,1.09062,1.0908,1542
2023-11-23 07:00:00,1.09079,1.09142,1.09051,1.09133,2211
2023-11-23 08:00:00,1.09131,1.09301,1.08955,1.09172,3990
2023-11-23 09:00:00,1.09174,1.09233,1.09052,1.09227,3790
2023-11-23 10:00:00,1.09227,1.09236,1.09146,1.09188,2273
2023-11-23 11:00:00,1.09187,1.09193,1.09118,1.09142,1813
2023-11-23 12:00:00,1.09141,1.09148,1.08999,1.0903100000000001,1988
2023-11-23 13:00:00,1.0903100000000001,1.09052,1.08965,1.09012,2185
2023-11-23 14:00:00,1.09012,1.09027,1.08868,1.08959,2588
2023-11-23 15:00:00,1.08958,1.091,1.08954,1.09093,2169
2023-11-23 16:00:00,1.09091,1.09096,1.09022,1.0906,1491
2023-11-23 17:00:00,1.0906,1.09067,1.09021,1.09056,773
2023-11-23 18:00:00,1.09054,1.09057,1.09027,1.0903100000000001,284
2023-11-23 19:00:00,1.0903100000000001,1.09072,1.0903100000000001,1.09035,315
2023-11-23 20:00:00,1.09034,1.09061,1.09024,1.09053,331
2023-11-23 21:00:00,1.09053,1.09065,1.09043,1.09048,271
2023-11-23 22:00:00,1.09047,1.09055,1.08985,1.09055,599
2023-11-23 23:00:00,1.0906,1.09067,1.0903,1.09035,521
2023-11-24 00:00:00,1.09036,1.09093,1.09024,1.09065,994
2023-11-24 01:00:00,1.09067,1.09099,1.09008,1.09017,1504
2023-11-24 02:00:00,1.09016,1.0903,1.08948,1.0895299999999999,1191
2023-11-24 03:00:00,1.08951,1.08991,1.08944,1.08987,762
2023-11-24 04:00:00,1.08987,1.09033,1.08968,1.09032,916
2023-11-24 05:00:00,1.09032,1.09116,1.0903,1.09113,1065
2023-11-24 06:00:00,1.09112,1.09112,1.09035,1.09068,1190
2023-11-24 07:00:00,1.09065,1.09106,1.09025,1.09076,1728
2023-11-24 08:00:00,1.09076,1.0919,1.09049,1.09184,2668
2023-11-24 09:00:00,1.09181,1.09203,1.09013,1.09025,2420
2023-11-24 10:00:00,1.09025,1.09099,1.09011,1.09091,1873
2023-11-24 11:00:00,1.09091,1.09161,1.09061,1.09138,1963
2023-11-24 12:00:00,1.09135,1.09277,1.09116,1.09164,2160
2023-11-24 13:00:00,1.09164,1.09222,1.09063,1.09213,2936
2023-11-24 14:00:00,1.09215,1.09381,1.09167,1.09359,3785
2023-11-24 15:00:00,1.09362,1.09452,1.0934,1.09391,3808
2023-11-24 16:00:00,1.09392,1.09411,1.09298,1.0933,2262
2023-11-24 17:00:00,1.09329,1.09402,1.09279,1.09398,1830
2023-11-24 18:00:00,1.094,1.09479,1.09394,1.0947,566
2023-11-24 19:00:00,1.0947,1.0947,1.09386,1.09445,1203
2023-11-24 20:00:00,1.09444,1.09465,1.09416,1.0943,529
2023-11-24 21:00:00,1.09429,1.0944099999999999,1.09326,1.09369,838
2023-11-26 22:00:00,1.09394,1.09439,1.09355,1.0943,356
2023-11-26 23:00:00,1.09432,1.0946,1.0936,1.09372,912
2023-11-27 00:00:00,1.09392,1.09402,1.09283,1.09286,1185
2023-11-27 01:00:00,1.09287,1.09493,1.09265,1.09462,2111
2023-11-27 02:00:00,1.09462,1.09467,1.09377,1.09425,1581
2023-11-27 03:00:00,1.09425,1.09456,1.09387,1.09447,1267
2023-11-27 04:00:00,1.09447,1.09494,1.09415,1.09467,1210
2023-11-27 05:00:00,1.09468,1.095,1.09437,1.09488,1466
2023-11-27 06:00:00,1.09489,1.09558,1.09476,1.09495,1535
2023-11-27 07:00:00,1.09497,1.09587,1.09451,1.09472,2388
2023-11-27 08:00:00,1.09473,1.09518,1.09389,1.09426,2761
2023-11-27 09:00:00,1.09425,1.0952,1.09403,1.09481,2263
2023-11-27 10:00:00,1.0948,1.09561,1.0945,1.0954,2379
2023-11-27 11:00:00,1.0954,1.0955,1.09454,1.09531,1918
2023-11-27 12:00:00,1.09534,1.09548,1.09454,1.09493,2388
2023-11-27 13:00:00,1.09496,1.09548,1.0943,1.09435,4050
2023-11-27 14:00:00,1.09437,1.09446,1.09249,1.09278,4009
2023-11-27 15:00:00,1.09276,1.09388,1.09247,1.09324,4852
2023-11-27 16:00:00,1.09323,1.09373,1.09274,1.09359,3511
2023-11-27 17:00:00,1.09357,1.09377,1.09291,1.09341,2105
2023-11-27 18:00:00,1.09341,1.09422,1.0931899999999999,1.09413,2292
2023-11-27 19:00:00,1.09414,1.09562,1.09414,1.09556,1729
2023-11-27 20:00:00,1.09557,1.0957,1.09503,1.09563,1562
2023-11-27 21:00:00,1.09565,1.09567,1.09518,1.09529,974
2023-11-27 22:00:00,1.09528,1.09542,1.09422,1.09534,770
2023-11-27 23:00:00,1.09534,1.09588,1.09534,1.09583,559
2023-11-28 00:00:00,1.09585,1.09609,1.09547,1.09574,1279
2023-11-28 01:00:00,1.09577,1.09613,1.09537,1.09571,1755
2023-11-28 02:00:00,1.09571,1.09625,1.0953,1.09575,1361
2023-11-28 03:00:00,1.09575,1.09589,1.0954,1.09547,1038
2023-11-28 04:00:00,1.09547,1.09548,1.09518,1.09522,893
2023-11-28 05:00:00,1.09523,1.09532,1.09495,1.0951,1059
2023-11-28 06:00:00,1.09508,1.09518,1.09456,1.09467,1279
2023-11-28 07:00:00,1.09467,1.09474,1.09342,1.09357,2335
2023-11-28 08:00:00,1.09359,1.09498,1.09359,1.09469,3256
2023-11-28 09:00:00,1.09471,1.09545,1.09464,1.0953,2808
2023-11-28 10:00:00,1.09531,1.09564,1.09458,1.09514,2458
2023-11-28 11:00:00,1.09515,1.0957,1.09482,1.09496,1874
2023-11-28 12:00:00,1.09496,1.09622,1.0947,1.09504,2588
2023-11-28 13:00:00,1.09504,1.09735,1.0945,1.09718,4019
2023-11-28 14:00:00,1.09718,1.09844,1.09638,1.09785,5121
2023-11-28 15:00:00,1.09782,1.10015,1.09677,1.09806,6861
2023-11-28 16:00:00,1.09807,1.10055,1.09771,1.10048,5142
2023-11-28 17:00:00,1.1005,1.10086,1.0985,1.09866,3334
2023-11-28 18:00:00,1.09869,1.09879,1.0973,1.09807,3326
2023-11-28 19:00:00,1.09805,1.09932,1.09805,1.09908,2335
2023-11-28 20:00:00,1.09907,1.0991,1.09756,1.09876,2299
2023-11-28 21:00:00,1.09874,1.09948,1.09852,1.0990199999999999,1053
2023-11-28 22:00:00,1.09903,1.09943,1.09899,1.09932,510
2023-11-28 23:00:00,1.09932,1.10048,1.09932,1.10035,1103
2023-11-29 00:00:00,1.10038,1.10073,1.09971,1.10055,1584
2023-11-29 01:00:00,1.10057,1.10167,1.10046,1.10057,2781
2023-11-29 02:00:00,1.10058,1.10081,1.09976,1.10059,1766
2023-11-29 03:00:00,1.1006,1.10072,1.09978,1.09983,1341
2023-11-29 04:00:00,1.0998,1.10031,1.09965,1.1002,1259
2023-11-29 05:00:00,1.1002,1.10041,1.09975,1.10015,1607
2023-11-29 06:00:00,1.10015,1.10042,1.09959,1.10008,2312
2023-11-29 07:00:00,1.10005,1.10005,1.09817,1.09845,2782
2023-11-29 08:00:00,1.0984099999999999,1.09979,1.09765,1.09895,4241
2023-11-29 09:00:00,1.09893,1.09905,1.09714,1.09743,3230
2023-11-29 10:00:00,1.09743,1.09774,1.09686,1.09761,2720
2023-11-29 11:00:00,1.09763,1.09843,1.09709,1.0984,2617
2023-11-29 12:00:00,1.0984,1.09882,1.09783,1.09848,2834
2023-11-29 13:00:00,1.09849,1.09942,1.09714,1.09724,6418
2023-11-29 14:00:00,1.09724,1.09901,1.09616,1.09764,5264
2023-11-29 15:00:00,1.09765,1.09904,1.09595,1.09743,5979
2023-11-29 16:00:00,1.0974,1.09774,1.09612,1.0968,3465
2023-11-29 17:00:00,1.0968,1.0977999999999999,1.09655,1.09754,2416
2023-11-29 18:00:00,1.09756,1.0985,1.09718,1.09842,2210
2023-11-29 19:00:00,1.0984099999999999,1.09944,1.09767,1.09827,2257
2023-11-29 20:00:00,1.09826,1.09835,1.09708,1.09723,1966
2023-11-29 21:00:00,1.09725,1.09746,1.09674,1.09683,813
2023-11-29 22:00:00,1.09681,1.09711,1.09625,1.09711,893
2023-11-29 23:00:00,1.09712,1.09734,1.09698,1.09729,528
2023-11-30 00:00:00,1.0973,1.09834,1.09714,1.0982,1021
2023-11-30 01:00:00,1.09821,1.09821,1.09683,1.09693,1946
2023-11-30 02:00:00,1.09693,1.09775,1.09669,1.09761,1664
2023-11-30 03:00:00,1.09762,1.09768,1.09724,1.09739,1097
2023-11-30 04:00:00,1.09739,1.09756,1.0968,1.09686,1084
2023-11-30 05:00:00,1.09685,1.09726,1.09649,1.09717,1414
2023-11-30 06:00:00,1.09716,1.09814,1.09713,1.09782,1619
2023-11-30 07:00:00,1.09783,1.09785,1.09397,1.09513,3245
2023-11-30 08:00:00,1.09511,1.09588,1.092,1.0923,4189
2023-11-30 09:00:00,1.09228,1.09384,1.09195,1.09249,3908
2023-11-30 10:00:00,1.09246,1.09299,1.0909200000000001,1.09178,3003
2023-11-30 11:00:00,1.09179,1.0919,1.09087,1.09152,2589
2023-11-30 12:00:00,1.0915300000000001,1.09312,1.09107,1.0924800000000001,2660
2023-11-30 13:00:00,1.09251,1.09494,1.0913599999999999,1.0915300000000001,6483
2023-11-30 14:00:00,1.09156,1.09221,1.08918,1.0908,6952
2023-11-30 15:00:00,1.09078,1.09178,1.08939,1.09107,7107
2023-11-30 16:00:00,1.09105,1.09165,1.09012,1.09065,5612
2023-11-30 17:00:00,1.09066,1.09117,1.08878,1.08898,2878
2023-11-30 18:00:00,1.08899,1.08994,1.0883099999999999,1.08888,2104
2023-11-30 19:00:00,1.08889,1.08944,1.08845,1.08899,2010
2023-11-30 20:00:00,1.08897,1.08918,1.08788,1.08843,1955
2023-11-30 21:00:00,1.08841,1.08907,1.08833,1.08875,791
2023-11-30 22:00:00,1.08871,1.08889,1.08788,1.08882,718
2023-11-30 23:00:00,1.08903,1.08938,1.08888,1.08913,775
2023-12-01 00:00:00,1.08914,1.09026,1.08913,1.09013,1278
2023-12-01 01:00:00,1.09011,1.09097,1.09008,1.09064,1985
2023-12-01 02:00:00,1.09063,1.09123,1.09059,1.0907,1437
2023-12-01 03:00:00,1.0907,1.0909,1.08994,1.09003,1406
2023-12-01 04:00:00,1.09004,1.09064,1.08978,1.09062,938
2023-12-01 05:00:00,1.09059,1.09116,1.09044,1.09102,1488
2023-12-01 06:00:00,1.09104,1.09114,1.09058,1.09082,1687
2023-12-01 07:00:00,1.0908,1.09118,1.08942,1.08945,2912
2023-12-01 08:00:00,1.08947,1.09026,1.08856,1.0893,4013
2023-12-01 09:00:00,1.08928,1.09042,1.08894,1.08976,3399
2023-12-01 10:00:00,1.08975,1.09034,1.08849,1.08903,2279
2023-12-01 11:00:00,1.08905,1.0897000000000001,1.08823,1.08967,2615
2023-12-01 12:00:00,1.08968,1.09005,1.08752,1.08763,2877
2023-12-01 13:00:00,1.08765,1.08843,1.08659,1.08672,4415
2023-12-01 14:00:00,1.08672,1.08699,1.08408,1.08438,4207
2023-12-01 15:00:00,1.08454,1.08659,1.08321,1.08375,7139
2023-12-01 16:00:00,1.08375,1.08849,1.08283,1.08767,7919
2023-12-01 17:00:00,1.08765,1.0884,1.08712,1.08812,4146
2023-12-01 18:00:00,1.08812,1.08924,1.0878,1.08885,3025
2023-12-01 19:00:00,1.08885,1.08924,1.08695,1.08718,2278
2023-12-01 20:00:00,1.08716,1.08792,1.08704,1.08788,1756
2023-12-01 21:00:00,1.0879,1.0883,1.08771,1.08818,1060
2023-12-03 22:00:00,1.0876,1.08866,1.08738,1.08829,536
2023-12-03 23:00:00,1.08826,1.0893,1.08791,1.08838,1811
2023-12-04 00:00:00,1.08854,1.08863,1.08696,1.08714,2210
2023-12-04 01:00:00,1.08714,1.08769,1.08659,1.08728,2688
2023-12-04 02:00:00,1.08729,1.08839,1.08696,1.08821,1889
2023-12-04 03:00:00,1.08819,1.08855,1.08797,1.08798,1601
2023-12-04 04:00:00,1.08798,1.08803,1.08696,1.08713,1362
2023-12-04 05:00:00,1.08712,1.08724,1.08679,1.08686,1384
2023-12-04 06:00:00,1.08687,1.0876,1.08666,1.08685,1958
2023-12-04 07:00:00,1.08683,1.08689,1.08494,1.08537,3124
2023-12-04 08:00:00,1.08539,1.0872600000000001,1.08538,1.08635,4028
2023-12-04 09:00:00,1.08633,1.08805,1.08622,1.08742,3113
2023-12-04 10:00:00,1.08741,1.08756,1.08584,1.08676,2577
2023-12-04 11:00:00,1.08676,1.08783,1.08669,1.08688,2457
2023-12-04 12:00:00,1.08687,1.08721,1.0859,1.08686,2752
2023-12-04 13:00:00,1.08685,1.08756,1.0853,1.08544,4116
2023-12-04 14:00:00,1.08542,1.0855,1.0819,1.0839,5763
2023-12-04 15:00:00,1.08391,1.0843099999999999,1.08035,1.0814,5888
2023-12-04 16:00:00,1.08144,1.08241,1.0811,1.08228,3623
2023-12-04 17:00:00,1.0823,1.0826500000000001,1.08173,1.08249,2732
2023-12-04 18:00:00,1.08252,1.08263,1.08147,1.08165,2190
2023-12-04 19:00:00,1.08165,1.08286,1.08156,1.08269,1833
2023-12-04 20:00:00,1.08272,1.08349,1.08271,1.08335,1926
2023-12-04 21:00:00,1.08337,1.08364,1.0832600000000001,1.08354,923
2023-12-04 22:00:00,1.08358,1.08358,1.08266,1.08334,789
2023-12-04 23:00:00,1.08346,1.08372,1.08336,1.08366,463
2023-12-05 00:00:00,1.08368,1.08457,1.08356,1.08429,1262
2023-12-05 01:00:00,1.08429,1.08439,1.0834,1.0838700000000001,2025
2023-12-05 02:00:00,1.0838700000000001,1.08423,1.08343,1.08362,1517
2023-12-05 03:00:00,1.08364,1.08426,1.08357,1.084,1446
2023-12-05 04:00:00,1.084,1.08441,1.08388,1.08435,1007
2023-12-05 05:00:00,1.08434,1.0847,1.08394,1.08467,1246
2023-12-05 06:00:00,1.08467,1.0847,1.08312,1.08339,1857
2023-12-05 07:00:00,1.08338,1.08338,1.08038,1.0807,3563
2023-12-05 08:00:00,1.08069,1.0834,1.08057,1.08333,4094
2023-12-05 09:00:00,1.08333,1.08421,1.08301,1.08314,3382
2023-12-05 10:00:00,1.08315,1.08393,1.08293,1.08318,3038
2023-12-05 11:00:00,1.08319,1.08364,1.08148,1.08185,2719
2023-12-05 12:00:00,1.08185,1.08213,1.08119,1.08139,2549
2023-12-05 13:00:00,1.08136,1.08334,1.08131,1.08281,4179
2023-12-05 14:00:00,1.08281,1.08297,1.0801,1.08089,4609
2023-12-05 15:00:00,1.08093,1.08384,1.07986,1.08053,8725
2023-12-05 16:00:00,1.08051,1.08128,1.07817,1.07859,4498
2023-12-05 17:00:00,1.0786,1.0796999999999999,1.07854,1.07912,3261
2023-12-05 18:00:00,1.07912,1.07928,1.0777700000000001,1.07844,2609
2023-12-05 19:00:00,1.07845,1.07861,1.07805,1.07835,2125
2023-12-05 20:00:00,1.07835,1.07972,1.07813,1.07947,1976
2023-12-05 21:00:00,1.07947,1.07984,1.07928,1.0796999999999999,870
2023-12-05 22:00:00,1.07967,1.07972,1.07877,1.07967,956
2023-12-05 23:00:00,1.07968,1.07968,1.07902,1.07929,573
2023-12-06 00:00:00,1.0793,1.07961,1.07889,1.0795,1071
2023-12-06 01:00:00,1.07951,1.07982,1.07873,1.07917,1915
2023-12-06 02:00:00,1.07916,1.07934,1.07877,1.07917,1480
2023-12-06 03:00:00,1.07917,1.07982,1.07913,1.07961,1225
2023-12-06 04:00:00,1.07961,1.07992,1.07932,1.07942,1033
2023-12-06 05:00:00,1.0794,1.08013,1.07914,1.08007,1350
2023-12-06 06:00:00,1.08007,1.08007,1.07875,1.07875,1423
2023-12-06 07:00:00,1.07874,1.07927,1.07774,1.0789900000000001,3040
2023-12-06 08:00:00,1.07896,1.07898,1.07743,1.07862,3598
2023-12-06 09:00:00,1.0786,1.07975,1.07852,1.07907,3291
2023-12-06 10:00:00,1.0790899999999999,1.07955,1.0787,1.07904,2621
2023-12-06 11:00:00,1.07902,1.07905,1.07776,1.07796,2480
2023-12-06 12:00:00,1.07796,1.07802,1.0772,1.07769,2451
2023-12-06 13:00:00,1.07767,1.07992,1.07763,1.07976,5070
2023-12-06 14:00:00,1.07973,1.08045,1.07882,1.07941,4338
2023-12-06 15:00:00,1.07938,1.08001,1.07851,1.07898,4524
2023-12-06 16:00:00,1.07896,1.07998,1.07834,1.07888,3246
2023-12-06 17:00:00,1.07889,1.07914,1.07806,1.07813,2679
2023-12-06 18:00:00,1.07811,1.07839,1.07709,1.07781,2176
2023-12-06 19:00:00,1.07779,1.07786,1.07666,1.07681,1889
2023-12-06 20:00:00,1.0768,1.0769,1.07582,1.0762,1845
2023-12-06 21:00:00,1.07618,1.07659,1.07615,1.0763,981
2023-12-06 22:00:00,1.07625,1.07672,1.07577,1.07672,907
2023-12-06 23:00:00,1.07672,1.07672,1.07639,1.07658,567
2023-12-07 00:00:00,1.07659,1.07715,1.07653,1.07685,1133
2023-12-07 01:00:00,1.07684,1.07709,1.07637,1.07669,1829
2023-12-07 02:00:00,1.07669,1.07703,1.07617,1.07645,1506
2023-12-07 03:00:00,1.07648,1.07652,1.0759,1.07595,1293
2023-12-07 04:00:00,1.07593,1.07623,1.07575,1.07602,1123
2023-12-07 05:00:00,1.07602,1.07628,1.07566,1.07612,1442
2023-12-07 06:00:00,1.07613,1.07662,1.07583,1.07637,1806
2023-12-07 07:00:00,1.07632,1.07806,1.07549,1.07802,3322
2023-12-07 08:00:00,1.07801,1.07824,1.07721,1.07797,3770
2023-12-07 09:00:00,1.07799,1.07842,1.07715,1.07796,3292
2023-12-07 10:00:00,1.07794,1.07828,1.07634,1.0771,3486
2023-12-07 11:00:00,1.07709,1.07768,1.07633,1.07704,3044
2023-12-07 12:00:00,1.07705,1.07739,1.0759,1.07686,3060
2023-12-07 13:00:00,1.07686,1.07974,1.0761,1.07898,5334
2023-12-07 14:00:00,1.079,1.07914,1.07696,1.07696,4750
2023-12-07 15:00:00,1.07696,1.07931,1.07666,1.07836,5177
2023-12-07 16:00:00,1.07835,1.07953,1.07835,1.07933,3833
2023-12-07 17:00:00,1.07935,1.08172,1.07887,1.08133,4468
2023-12-07 18:00:00,1.08129,1.08132,1.08022,1.08048,2573
2023-12-07 19:00:00,1.08046,1.08059,1.07977,1.07979,1890
2023-12-07 20:00:00,1.07979,1.08033,1.07949,1.07949,1453
2023-12-07 21:00:00,1.07951,1.07957,1.07902,1.0790899999999999,879
2023-12-07 22:00:00,1.07913,1.07947,1.07889,1.07924,773
2023-12-07 23:00:00,1.07926,1.07962,1.0789,1.07892,741
2023-12-08 00:00:00,1.07895,1.07976,1.07881,1.07958,2018
2023-12-08 01:00:00,1.07956,1.08002,1.07849,1.07878,2954
2023-12-08 02:00:00,1.07879,1.07897,1.07835,1.0789,1804
2023-12-08 03:00:00,1.0789,1.07951,1.07875,1.07916,1829
2023-12-08 04:00:00,1.07918,1.07918,1.07823,1.07824,1481
2023-12-08 05:00:00,1.07823,1.07889,1.07818,1.07837,1625
2023-12-08 06:00:00,1.07836,1.07869,1.07788,1.07792,1788
2023-12-08 07:00:00,1.07794,1.07821,1.07727,1.07788,2708
2023-12-08 08:00:00,1.0778699999999999,1.07908,1.07765,1.07887,3722
2023-12-08 09:00:00,1.07885,1.07889,1.07717,1.07764,3148
2023-12-08 10:00:00,1.07763,1.07893,1.07747,1.07837,2594
2023-12-08 11:00:00,1.07834,1.07872,1.0777700000000001,1.07826,2675
2023-12-08 12:00:00,1.07826,1.07855,1.07747,1.07769,2450
2023-12-08 13:00:00,1.07769,1.07797,1.07224,1.07467,8533
2023-12-08 14:00:00,1.07469,1.07528,1.07301,1.07456,7437
2023-12-08 15:00:00,1.07461,1.07851,1.07461,1.07679,7198
2023-12-08 16:00:00,1.07682,1.07701,1.07434,1.07444,3634
2023-12-08 17:00:00,1.07444,1.07571,1.07397,1.07555,2970
2023-12-08 18:00:00,1.07554,1.07619,1.07524,1.07566,2341
2023-12-08 19:00:00,1.07565,1.07613,1.0756000000000001,1.07584,1774
2023-12-08 20:00:00,1.07583,1.0766,1.07566,1.0763,2021
2023-12-08 21:00:00,1.07633,1.07641,1.07597,1.076,935
2023-12-10 22:00:00,1.07567,1.0760399999999999,1.07565,1.07594,305
2023-12-10 23:00:00,1.076,1.07656,1.076,1.07636,846
2023-12-11 00:00:00,1.07648,1.0773,1.07643,1.07713,1582
2023-12-11 01:00:00,1.0771600000000001,1.07735,1.07667,1.07674,2300
2023-12-11 02:00:00,1.07673,1.07677,1.07637,1.07654,1404
2023-12-11 03:00:00,1.07654,1.07675,1.07631,1.07645,1079
2023-12-11 04:00:00,1.07645,1.07645,1.07606,1.07627,986
2023-12-11 05:00:00,1.07625,1.07678,1.07615,1.07673,1065
2023-12-11 06:00:00,1.07671,1.07703,1.07659,1.07689,1308
2023-12-11 07:00:00,1.07687,1.07689,1.07528,1.07557,2740
2023-12-11 08:00:00,1.07554,1.07703,1.07511,1.07647,3138
2023-12-11 09:00:00,1.07644,1.07676,1.07571,1.07664,2670
2023-12-11 10:00:00,1.07661,1.07785,1.0766,1.07731,2504
2023-12-11 11:00:00,1.07729,1.07775,1.07629,1.07677,2603
2023-12-11 12:00:00,1.07678,1.07699,1.0755,1.07607,2276
2023-12-11 13:00:00,1.07607,1.07662,1.0752,1.07632,3122
2023-12-11 14:00:00,1.07633,1.07636,1.07434,1.07524,3676
2023-12-11 15:00:00,1.07522,1.07595,1.07415,1.07439,3501
2023-12-11 16:00:00,1.07439,1.07492,1.07412,1.07457,3087
2023-12-11 17:00:00,1.07455,1.07545,1.07429,1.0743800000000001,2233
2023-12-11 18:00:00,1.0743800000000001,1.07647,1.07422,1.07629,2676
2023-12-11 19:00:00,1.0763,1.07692,1.0760399999999999,1.07609,1906
2023-12-11 20:00:00,1.07609,1.07647,1.07601,1.07642,1386
2023-12-11 21:00:00,1.07639,1.07648,1.0762,1.07634,934
2023-12-11 22:00:00,1.07627,1.0764,1.07548,1.0764,597
2023-12-11 23:00:00,1.0764,1.07651,1.07629,1.07646,450
2023-12-12 00:00:00,1.07647,1.07658,1.07627,1.07645,1006
2023-12-12 01:00:00,1.07644,1.07691,1.07637,1.07645,1604
2023-12-12 02:00:00,1.07644,1.07698,1.07611,1.07615,1294
2023-12-12 03:00:00,1.07614,1.07688,1.07609,1.07677,1266
2023-12-12 04:00:00,1.07677,1.07689,1.07638,1.07649,960
2023-12-12 05:00:00,1.0765,1.07707,1.07648,1.07689,1290
2023-12-12 06:00:00,1.07689,1.07795,1.07681,1.0778699999999999,1351
2023-12-12 07:00:00,1.0779,1.07828,1.07736,1.07774,2592
2023-12-12 08:00:00,1.07774,1.07917,1.07728,1.0785,3088
2023-12-12 09:00:00,1.07847,1.07972,1.07802,1.07929,2633
2023-12-12 10:00:00,1.0793,1.08069,1.07921,1.08005,2628
2023-12-12 11:00:00,1.08009,1.08014,1.07919,1.0796000000000001,2110
2023-12-12 12:00:00,1.07962,1.08056,1.07951,1.07978,2263
2023-12-12 13:00:00,1.07979,1.08278,1.07733,1.07763,8081
2023-12-12 14:00:00,1.07761,1.07997,1.07668,1.07741,5980
2023-12-12 15:00:00,1.07739,1.07894,1.07688,1.0784,4285
2023-12-12 16:00:00,1.07842,1.07927,1.07807,1.07884,3236
2023-12-12 17:00:00,1.07884,1.07952,1.07832,1.07876,2663
2023-12-12 18:00:00,1.07876,1.07983,1.07862,1.07927,3098
2023-12-12 19:00:00,1.07928,1.07934,1.07872,1.079,1745
2023-12-12 20:00:00,1.0789900000000001,1.07979,1.07888,1.07968,1802
2023-12-12 21:00:00,1.07965,1.07987,1.07926,1.07926,1051
2023-12-12 22:00:00,1.0793,1.07958,1.07905,1.07956,931
2023-12-12 23:00:00,1.07958,1.07988,1.07945,1.07975,593
2023-12-13 00:00:00,1.07977,1.07992,1.0790899999999999,1.07935,1116
2023-12-13 01:00:00,1.07933,1.07957,1.07907,1.07929,1336
2023-12-13 02:00:00,1.07929,1.07936,1.07837,1.07869,1259
2023-12-13 03:00:00,1.07869,1.07882,1.07842,1.0787,966
2023-12-13 04:00:00,1.07868,1.07895,1.07853,1.0786,1006
2023-12-13 05:00:00,1.0786,1.0790899999999999,1.07857,1.07896,1237
2023-12-13 06:00:00,1.07896,1.07917,1.07805,1.07835,1699
2023-12-13 07:00:00,1.07837,1.07883,1.07799,1.07846,2510
2023-12-13 08:00:00,1.07843,1.07923,1.07823,1.07889,3222
2023-12-13 09:00:00,1.07889,1.07915,1.07804,1.07871,2663
2023-12-13 10:00:00,1.0787,1.07872,1.07729,1.07775,2565
2023-12-13 11:00:00,1.07774,1.07845,1.07734,1.07832,2228
2023-12-13 12:00:00,1.07833,1.07891,1.07806,1.07815,2145
2023-12-13 13:00:00,1.07817,1.08032,1.07817,1.07999,4345
2023-12-13 14:00:00,1.07998,1.08088,1.07823,1.07903,4239
2023-12-13 15:00:00,1.07901,1.07954,1.07839,1.07938,3427
2023-12-13 16:00:00,1.07941,1.07963,1.07853,1.07917,2734
2023-12-13 17:00:00,1.07919,1.07936,1.07825,1.07835,2215
2023-12-13 18:00:00,1.07836,1.07893,1.07795,1.07854,2012
2023-12-13 19:00:00,1.07851,1.08912,1.07834,1.08873,13167
2023-12-13 20:00:00,1.08876,1.08961,1.08646,1.08807,7094
2023-12-13 21:00:00,1.08807,1.08836,1.08729,1.0874,2126
2023-12-13 22:00:00,1.08742,1.0877,1.0866,1.08761,817
2023-12-13 23:00:00,1.08767,1.08841,1.08749,1.0882,1209
2023-12-14 00:00:00,1.08821,1.08947,1.08788,1.08925,2298
2023-12-14 01:00:00,1.08928,1.08977,1.08851,1.08959,2845
2023-12-14 02:00:00,1.08958,1.09048,1.08926,1.09039,2286
2023-12-14 03:00:00,1.09039,1.09149,1.09038,1.09057,2306
2023-12-14 04:00:00,1.09056,1.0909,1.08989,1.08993,1762
2023-12-14 05:00:00,1.08992,1.08998,1.08928,1.08937,1902
2023-12-14 06:00:00,1.08939,1.09026,1.08939,1.09008,2273
2023-12-14 07:00:00,1.09011,1.09074,1.08807,1.08808,3480
2023-12-14 08:00:00,1.0881,1.09044,1.08796,1.09015,5072
2023-12-14 09:00:00,1.09011,1.09127,1.08998,1.09038,4224
2023-12-14 10:00:00,1.09036,1.0914,1.08978,1.09126,3377
2023-12-14 11:00:00,1.09127,1.09313,1.09124,1.09292,3133
2023-12-14 12:00:00,1.09291,1.09397,1.09226,1.09233,4344
2023-12-14 13:00:00,1.09233,1.0951,1.09061,1.09435,10180
2023-12-14 14:00:00,1.09433,1.0992,1.09357,1.0990199999999999,10923
2023-12-14 15:00:00,1.09904,1.09967,1.09678,1.09929,6402
2023-12-14 16:00:00,1.09926,1.10028,1.099,1.09957,4286
2023-12-14 17:00:00,1.09961,1.10087,1.09888,1.10045,3398
2023-12-14 18:00:00,1.10044,1.10055,1.09817,1.09822,2934
2023-12-14 19:00:00,1.09823,1.0995,1.09793,1.09917,2523
2023-12-14 20:00:00,1.09916,1.09964,1.09876,1.09924,2479
2023-12-14 21:00:00,1.09923,1.09932,1.09878,1.09907,1281
2023-12-14 22:00:00,1.09908,1.09921,1.09874,1.09914,829
2023-12-14 23:00:00,1.09918,1.09958,1.09891,1.09926,982
2023-12-15 00:00:00,1.09931,1.09939,1.09765,1.09827,1693
2023-12-15 01:00:00,1.0983,1.09893,1.0981,1.0984099999999999,2188
2023-12-15 02:00:00,1.09842,1.0998,1.0984099999999999,1.09967,1869
2023-12-15 03:00:00,1.09967,1.10003,1.09931,1.09983,1542
2023-12-15 04:00:00,1.09983,1.10031,1.09962,1.09973,1626
2023-12-15 05:00:00,1.09973,1.09978,1.09834,1.0984099999999999,1694
2023-12-15 06:00:00,1.0984099999999999,1.09876,1.09802,1.09868,1897
2023-12-15 07:00:00,1.09871,1.09949,1.09826,1.09934,2692
2023-12-15 08:00:00,1.09933,1.09987,1.09463,1.09555,5283
2023-12-15 09:00:00,1.09555,1.0967,1.09487,1.09599,3891
2023-12-15 10:00:00,1.09596,1.09671,1.09559,1.0964,2961
2023-12-15 11:00:00,1.09639,1.09692,1.09565,1.09678,2932
2023-12-15 12:00:00,1.09681,1.09691,1.09406,1.0943,2530
2023-12-15 13:00:00,1.09433,1.09491,1.09036,1.09159,6631
2023-12-15 14:00:00,1.09159,1.09278,1.09101,1.09191,6749
2023-12-15 15:00:00,1.09193,1.09226,1.09047,1.0915,5373
2023-12-15 16:00:00,1.09149,1.09164,1.09012,1.0905,3591
2023-12-15 17:00:00,1.09051,1.09159,1.09038,1.091,2956
2023-12-15 18:00:00,1.09099,1.09106,1.08883,1.08932,3139
2023-12-15 19:00:00,1.0893,1.08993,1.08896,1.08993,2763
2023-12-15 20:00:00,1.08989,1.09086,1.08937,1.08937,2535
2023-12-15 21:00:00,1.08935,1.08963,1.08916,1.08945,1364
2023-12-17 22:00:00,1.08906,1.08952,1.08906,1.08948,236
2023-12-17 23:00:00,1.08945,1.08961,1.089,1.08926,897
2023-12-18 00:00:00,1.08944,1.09009,1.08936,1.09002,1453
2023-12-18 01:00:00,1.09002,1.09003,1.08943,1.08972,1739
2023-12-18 02:00:00,1.08972,1.09048,1.0897000000000001,1.09035,1493
2023-12-18 03:00:00,1.09035,1.09131,1.09025,1.09103,1246
2023-12-18 04:00:00,1.09103,1.09125,1.09085,1.09123,1077
2023-12-18 05:00:00,1.09125,1.09154,1.09104,1.09149,1356
2023-12-18 06:00:00,1.09148,1.0919699999999999,1.09111,1.0918,1595
2023-12-18 07:00:00,1.09177,1.09297,1.09155,1.0921,2534
2023-12-18 08:00:00,1.09212,1.09232,1.09154,1.09179,3213
2023-12-18 09:00:00,1.09176,1.09277,1.09135,1.09192,3128
2023-12-18 10:00:00,1.09193,1.09206,1.0908,1.09102,2727
2023-12-18 11:00:00,1.09103,1.09132,1.09068,1.09123,2462
2023-12-18 12:00:00,1.09123,1.0917,1.0909,1.09132,2711
2023-12-18 13:00:00,1.09132,1.09288,1.09132,1.09212,3766
2023-12-18 14:00:00,1.09209,1.09306,1.09201,1.09285,3688
2023-12-18 15:00:00,1.09285,1.09308,1.09107,1.09137,3901
2023-12-18 16:00:00,1.09139,1.09244,1.09129,1.09187,3193
2023-12-18 17:00:00,1.09187,1.09275,1.09179,1.09273,2373
2023-12-18 18:00:00,1.09272,1.09275,1.09196,1.09229,2197
2023-12-18 19:00:00,1.09227,1.09229,1.09125,1.09166,1918
2023-12-18 20:00:00,1.09166,1.09192,1.09133,1.09189,1888
2023-12-18 21:00:00,1.09189,1.09238,1.0917,1.09225,1134
2023-12-18 22:00:00,1.09227,1.09227,1.0909,1.09212,778
2023-12-18 23:00:00,1.09214,1.09238,1.09193,1.09227,726
2023-12-19 00:00:00,1.09229,1.09242,1.09174,1.09198,1250
2023-12-19 01:00:00,1.09198,1.09254,1.09172,1.09184,1671
2023-12-19 02:00:00,1.09184,1.09225,1.09146,1.09211,2046
2023-12-19 03:00:00,1.09211,1.09286,1.0919699999999999,1.09251,1963
2023-12-19 04:00:00,1.0925,1.09266,1.0919699999999999,1.09225,1412
2023-12-19 05:00:00,1.09225,1.09281,1.09203,1.09273,1359
2023-12-19 06:00:00,1.09273,1.09305,1.09227,1.0927,2279
2023-12-19 07:00:00,1.09268,1.09408,1.09234,1.09279,3199
2023-12-19 08:00:00,1.09283,1.09418,1.09267,1.09403,3318
2023-12-19 09:00:00,1.094,1.0949,1.09387,1.09412,2725
2023-12-19 10:00:00,1.09413,1.09449,1.09358,1.09379,2612
2023-12-19 11:00:00,1.09377,1.09395,1.09302,1.09369,2384
2023-12-19 12:00:00,1.09368,1.09704,1.09366,1.0968,3012
2023-12-19 13:00:00,1.09678,1.0973600000000001,1.09534,1.09615,3871
2023-12-19 14:00:00,1.09615,1.09837,1.09586,1.0979,4431
2023-12-19 15:00:00,1.09789,1.0987,1.0969,1.09853,4335
2023-12-19 16:00:00,1.09854,1.0985800000000001,1.0972,1.09765,3092
2023-12-19 17:00:00,1.09764,1.09789,1.09722,1.09745,2394
2023-12-19 18:00:00,1.09743,1.09761,1.09691,1.09742,2177
2023-12-19 19:00:00,1.09743,1.09777,1.09717,1.09758,1795
2023-12-19 20:00:00,1.0976,1.0977999999999999,1.09718,1.09777,1869
2023-12-19 21:00:00,1.0977999999999999,1.09805,1.09758,1.09802,1016
2023-12-19 22:00:00,1.098,1.09824,1.09717,1.09824,755
2023-12-19 23:00:00,1.09822,1.09822,1.09773,1.0979,663
2023-12-20 00:00:00,1.09791,1.09791,1.09714,1.09727,1142
2023-12-20 01:00:00,1.09728,1.09739,1.09676,1.09694,1587
2023-12-20 02:00:00,1.09694,1.09723,1.09668,1.09697,1244
2023-12-20 03:00:00,1.097,1.09711,1.09677,1.09697,1027
2023-12-20 04:00:00,1.09696,1.09707,1.09654,1.0968,964
2023-12-20 05:00:00,1.09681,1.0969,1.09639,1.09645,1268
2023-12-20 06:00:00,1.09646,1.09648,1.0955300000000001,1.09587,1336
2023-12-20 07:00:00,1.09587,1.097,1.09505,1.09662,3563
2023-12-20 08:00:00,1.09662,1.09709,1.09576,1.09602,3495
2023-12-20 09:00:00,1.09604,1.0965,1.09527,1.09638,2901
2023-12-20 10:00:00,1.09639,1.09651,1.09466,1.09523,2546
2023-12-20 11:00:00,1.09525,1.09557,1.09352,1.09374,2455
2023-12-20 12:00:00,1.09371,1.09417,1.09334,1.09366,2858
2023-12-20 13:00:00,1.09364,1.09625,1.09354,1.096,3488
2023-12-20 14:00:00,1.09602,1.09717,1.09585,1.09694,3658
2023-12-20 15:00:00,1.097,1.09744,1.09532,1.0973600000000001,4506
2023-12-20 16:00:00,1.09732,1.09753,1.09544,1.09561,3104
2023-12-20 17:00:00,1.09559,1.096,1.09491,1.09574,2572
2023-12-20 18:00:00,1.09575,1.0963,1.09546,1.09596,2350
2023-12-20 19:00:00,1.09595,1.09603,1.0942,1.09463,2541
2023-12-20 20:00:00,1.09461,1.09481,1.09308,1.09315,3650
2023-12-20 21:00:00,1.09312,1.09437,1.09295,1.09421,1656
2023-12-20 22:00:00,1.09422,1.09427,1.09321,1.09427,1013
2023-12-20 23:00:00,1.09427,1.09454,1.09418,1.09429,801
2023-12-21 00:00:00,1.09429,1.09496,1.09412,1.09491,1153
2023-12-21 01:00:00,1.09491,1.09529,1.09477,1.09519,1841
2023-12-21 02:00:00,1.09518,1.09539,1.09451,1.0949,1705
2023-12-21 03:00:00,1.0949,1.09494,1.0946,1.09485,1225
2023-12-21 04:00:00,1.09485,1.09499,1.09469,1.09489,1105
2023-12-21 05:00:00,1.0949,1.09555,1.0948,1.09539,1297
2023-12-21 06:00:00,1.0954,1.09542,1.09426,1.09446,1688
2023-12-21 07:00:00,1.09447,1.09499,1.0942,1.09466,2375
2023-12-21 08:00:00,1.09464,1.09544,1.09388,1.09395,3107
2023-12-21 09:00:00,1.09394,1.09461,1.09349,1.09435,2550
2023-12-21 10:00:00,1.09434,1.09559,1.09397,1.09533,2660
2023-12-21 11:00:00,1.09533,1.09845,1.09529,1.09793,3113
2023-12-21 12:00:00,1.09796,1.09865,1.09766,1.09802,2569
2023-12-21 13:00:00,1.09802,1.10021,1.09721,1.09905,5646
2023-12-21 14:00:00,1.09906,1.10008,1.09819,1.0991900000000001,5453
2023-12-21 15:00:00,1.09923,1.09942,1.09748,1.09895,5486
2023-12-21 16:00:00,1.09893,1.09944,1.09789,1.09893,4078
2023-12-21 17:00:00,1.09894,1.09905,1.09775,1.09856,3608
2023-12-21 18:00:00,1.09856,1.09908,1.09781,1.09893,3243
2023-12-21 19:00:00,1.09892,1.10006,1.0988,1.09988,2551
2023-12-21 20:00:00,1.09987,1.10026,1.09923,1.1002399999999999,2319
2023-12-21 21:00:00,1.1002399999999999,1.10122,1.1002,1.10094,1199
2023-12-21 22:00:00,1.10087,1.10098,1.09937,1.10068,871
2023-12-21 23:00:00,1.10081,1.1012,1.10049,1.10051,894
2023-12-22 00:00:00,1.10051,1.10091,1.10026,1.10042,1216
2023-12-22 01:00:00,1.10042,1.10063,1.09967,1.09974,1846
2023-12-22 02:00:00,1.09974,1.10004,1.0995,1.09999,1390
2023-12-22 03:00:00,1.09997,1.10045,1.09956,1.09974,1377
2023-12-22 04:00:00,1.09974,1.10028,1.09973,1.10001,1187
2023-12-22 05:00:00,1.10002,1.10002,1.09954,1.09964,1462
2023-12-22 06:00:00,1.09965,1.09999,1.09936,1.09936,1230
2023-12-22 07:00:00,1.09933,1.10071,1.09933,1.1,2761
2023-12-22 08:00:00,1.10003,1.10118,1.0999,1.10067,3322
2023-12-22 09:00:00,1.10067,1.1013,1.10023,1.1004,2849
2023-12-22 10:00:00,1.10038,1.10205,1.10031,1.10186,2541
2023-12-22 11:00:00,1.10186,1.10293,1.10164,1.10254,2347
2023-12-22 12:00:00,1.10254,1.10376,1.10157,1.10185,2873
2023-12-22 13:00:00,1.10187,1.10286,1.10013,1.10286,6076
2023-12-22 14:00:00,1.10282,1.10398,1.10245,1.10352,4601
2023-12-22 15:00:00,1.10355,1.10399,1.10088,1.10111,4022
2023-12-22 16:00:00,1.1011,1.10233,1.10061,1.10069,3691
2023-12-22 17:00:00,1.10069,1.10159,1.09996,1.10154,3122
2023-12-22 18:00:00,1.10155,1.10187,1.10107,1.10127,2314
2023-12-22 19:00:00,1.10128,1.10152,1.10017,1.10152,2527
2023-12-22 20:00:00,1.1015,1.10153,1.10076,1.1012,1910
2023-12-22 21:00:00,1.1012,1.1014,1.10098,1.1013,866
2023-12-25 22:00:00,1.09785,1.1024,1.09785,1.10006,369
2023-12-25 23:00:00,1.09998,1.10151,1.09927,1.10109,836
2023-12-26 00:00:00,1.10123,1.10157,1.10074,1.1013600000000001,865
2023-12-26 01:00:00,1.10138,1.10182,1.10097,1.10149,1244
2023-12-26 02:00:00,1.10149,1.10205,1.10118,1.10183,1050
2023-12-26 03:00:00,1.10186,1.10232,1.10174,1.10194,869
2023-12-26 04:00:00,1.10194,1.10235,1.10143,1.10153,699
2023-12-26 05:00:00,1.10153,1.10233,1.10127,1.10225,1015
2023-12-26 06:00:00,1.10218,1.10218,1.10137,1.10173,932
2023-12-26 07:00:00,1.10173,1.10202,1.10128,1.10158,1142
2023-12-26 08:00:00,1.1016,1.10225,1.10081,1.10109,1310
2023-12-26 09:00:00,1.10109,1.1011,1.10037,1.10103,1191
2023-12-26 10:00:00,1.10104,1.10127,1.10062,1.1009,957
2023-12-26 11:00:00,1.1009,1.1013,1.10031,1.10097,1310
2023-12-26 12:00:00,1.10097,1.10167,1.1008,1.10123,1403
2023-12-26 13:00:00,1.10124,1.10242,1.10113,1.10171,2069
2023-12-26 14:00:00,1.10171,1.1026799999999999,1.1013600000000001,1.10257,2356
2023-12-26 15:00:00,1.10255,1.10322,1.10231,1.10245,2214
2023-12-26 16:00:00,1.10246,1.10371,1.10239,1.10338,1651
2023-12-26 17:00:00,1.10335,1.10366,1.10299,1.10343,1487
2023-12-26 18:00:00,1.10344,1.10394,1.10338,1.10358,1585
2023-12-26 19:00:00,1.10361,1.10446,1.1036,1.10437,1168
2023-12-26 20:00:00,1.10438,1.10446,1.10398,1.10419,1481
2023-12-26 21:00:00,1.10416,1.10431,1.10402,1.1041,706
2023-12-26 22:00:00,1.10409,1.10409,1.1036299999999999,1.10405,563
2023-12-26 23:00:00,1.10408,1.10437,1.10407,1.10414,459
2023-12-27 00:00:00,1.10417,1.10422,1.10356,1.10365,970
2023-12-27 01:00:00,1.10365,1.10372,1.10318,1.10355,1318
2023-12-27 02:00:00,1.10355,1.10361,1.10292,1.10308,1041
2023-12-27 03:00:00,1.10308,1.10362,1.10283,1.10358,832
2023-12-27 04:00:00,1.10358,1.10416,1.10357,1.10411,711
2023-12-27 05:00:00,1.10411,1.10436,1.10365,1.10429,788
2023-12-27 06:00:00,1.10428,1.10449,1.10399,1.10436,1136
2023-12-27 07:00:00,1.10435,1.10489,1.10361,1.10406,1843
2023-12-27 08:00:00,1.10405,1.10539,1.10373,1.10466,2468
2023-12-27 09:00:00,1.10466,1.10544,1.1046,1.10538,1825
2023-12-27 10:00:00,1.10538,1.10592,1.10514,1.10554,1569
2023-12-27 11:00:00,1.10554,1.10591,1.10494,1.10582,1695
2023-12-27 12:00:00,1.10583,1.10694,1.10481,1.10678,1895
2023-12-27 13:00:00,1.10681,1.10734,1.10615,1.10699,2470
2023-12-27 14:00:00,1.10699,1.1105,1.10684,1.11043,3342
2023-12-27 15:00:00,1.11043,1.11152,1.10985,1.11068,4179
2023-12-27 16:00:00,1.11068,1.11223,1.11019,1.11124,3333
2023-12-27 17:00:00,1.11123,1.11124,1.11033,1.11048,2129
2023-12-27 18:00:00,1.11047,1.11088,1.11012,1.11073,2375
2023-12-27 19:00:00,1.11072,1.11136,1.10984,1.11013,2295
2023-12-27 20:00:00,1.11013,1.11072,1.11005,1.11061,1872
2023-12-27 21:00:00,1.11059,1.11072,1.11021,1.11042,859
2023-12-27 22:00:00,1.11039,1.11049,1.10932,1.11049,886
2023-12-27 23:00:00,1.11045,1.11092,1.11045,1.11077,599
2023-12-28 00:00:00,1.11079,1.11167,1.11075,1.11143,936
2023-12-28 01:00:00,1.11143,1.11216,1.1113,1.11213,1194
2023-12-28 02:00:00,1.11213,1.11222,1.11093,1.11174,1241
2023-12-28 03:00:00,1.11175,1.11204,1.11141,1.11181,1016
2023-12-28 04:00:00,1.11181,1.11181,1.11097,1.11098,827
2023-12-28 05:00:00,1.11097,1.11173,1.1108,1.11088,1217
2023-12-28 06:00:00,1.11088,1.11147,1.11045,1.11127,1403
2023-12-28 07:00:00,1.11129,1.11252,1.11127,1.11162,1914
2023-12-28 08:00:00,1.11163,1.11213,1.11038,1.11206,2906
2023-12-28 09:00:00,1.11208,1.11391,1.11137,1.11289,2749
2023-12-28 10:00:00,1.11289,1.11319,1.11223,1.11273,2288
2023-12-28 11:00:00,1.11273,1.1132,1.1114,1.11195,2035
2023-12-28 12:00:00,1.11195,1.11197,1.11106,1.11121,2141
2023-12-28 13:00:00,1.11121,1.11196,1.10718,1.10728,3887
2023-12-28 14:00:00,1.1073,1.11043,1.10717,1.11022,4320
2023-12-28 15:00:00,1.11023,1.11129,1.10996,1.11062,3898
2023-12-28 16:00:00,1.11061,1.11063,1.1068500000000001,1.10714,3452
2023-12-28 17:00:00,1.10714,1.10762,1.10655,1.10734,2066
2023-12-28 18:00:00,1.10734,1.10736,1.10547,1.10636,2679
2023-12-28 19:00:00,1.10636,1.10656,1.10572,1.1064,1829
2023-12-28 20:00:00,1.1064,1.10702,1.1062400000000001,1.1065,1689
2023-12-28 21:00:00,1.10651,1.10654,1.10594,1.10606,943
2023-12-28 22:00:00,1.10604,1.1062400000000001,1.10562,1.1062400000000001,756
2023-12-28 23:00:00,1.10626,1.10673,1.10609,1.10673,915
2023-12-29 00:00:00,1.10676,1.10787,1.10659,1.10759,1312
2023-12-29 01:00:00,1.10759,1.1084,1.10748,1.10785,1536
2023-12-29 02:00:00,1.10786,1.1078999999999999,1.10703,1.10711,922
2023-12-29 03:00:00,1.10711,1.10723,1.10633,1.10648,888
2023-12-29 04:00:00,1.10648,1.10683,1.10634,1.10662,758
2023-12-29 05:00:00,1.1066,1.10665,1.10604,1.10659,1020
2023-12-29 06:00:00,1.10658,1.10743,1.10653,1.1072899999999999,1186
2023-12-29 07:00:00,1.1073,1.10758,1.10635,1.10656,1708
2023-12-29 08:00:00,1.10653,1.10771,1.10578,1.10601,2331
2023-12-29 09:00:00,1.10603,1.1061,1.10437,1.10487,2570
2023-12-29 10:00:00,1.1048499999999999,1.1066799999999999,1.10469,1.10645,2237
2023-12-29 11:00:00,1.10644,1.10765,1.10609,1.10759,1978
2023-12-29 12:00:00,1.10761,1.10802,1.10473,1.10514,2312
2023-12-29 13:00:00,1.10513,1.10583,1.10462,1.10481,3306
2023-12-29 14:00:00,1.10482,1.10701,1.10466,1.10683,3211
2023-12-29 15:00:00,1.1068500000000001,1.10781,1.1042,1.10469,5380
2023-12-29 16:00:00,1.10466,1.1061,1.10428,1.10605,4602
2023-12-29 17:00:00,1.10603,1.10664,1.10526,1.10637,2804
2023-12-29 18:00:00,1.10636,1.10636,1.10488,1.10527,3241
2023-12-29 19:00:00,1.10528,1.10535,1.10377,1.10404,1910
2023-12-29 20:00:00,1.10401,1.10503,1.1038000000000001,1.10407,1685
2023-12-29 21:00:00,1.10405,1.10405,1.10336,1.10369,784
2024-01-01 22:00:00,1.1026799999999999,1.10352,1.1026799999999999,1.1035,375
2024-01-01 23:00:00,1.10368,1.10369,1.1027,1.10306,820
2024-01-02 00:00:00,1.10304,1.10323,1.10282,1.10322,640
2024-01-02 01:00:00,1.10321,1.10385,1.10282,1.10288,1320
2024-01-02 02:00:00,1.10288,1.10299,1.10162,1.10168,1030
2024-01-02 03:00:00,1.10169,1.10228,1.10157,1.10226,753
2024-01-02 04:00:00,1.10226,1.10229,1.10145,1.10189,629
2024-01-02 05:00:00,1.10191,1.10317,1.10187,1.10314,968
2024-01-02 06:00:00,1.10314,1.10333,1.10249,1.10269,971
2024-01-02 07:00:00,1.10265,1.10359,1.10133,1.10134,2008
2024-01-02 08:00:00,1.10141,1.10368,1.10141,1.10277,2426
2024-01-02 09:00:00,1.10274,1.10375,1.10103,1.10147,2578
2024-01-02 10:00:00,1.10147,1.10167,1.09966,1.10072,3016
2024-01-02 11:00:00,1.10069,1.10073,1.09661,1.09687,3696
2024-01-02 12:00:00,1.09689,1.09714,1.09532,1.09532,2789
2024-01-02 13:00:00,1.09536,1.09646,1.09489,1.09524,3942
2024-01-02 14:00:00,1.09522,1.09636,1.09444,1.09628,5163
2024-01-02 15:00:00,1.09625,1.09679,1.09406,1.0943100000000001,5728
2024-01-02 16:00:00,1.0943100000000001,1.09613,1.09404,1.09561,3247
2024-01-02 17:00:00,1.09562,1.09571,1.09454,1.09501,2665
2024-01-02 18:00:00,1.09501,1.09556,1.09458,1.09464,2015
2024-01-02 19:00:00,1.09464,1.09498,1.09424,1.09461,1639
2024-01-02 20:00:00,1.09462,1.09508,1.09417,1.09428,1701
2024-01-02 21:00:00,1.09426,1.09429,1.09379,1.09402,951
2024-01-02 22:00:00,1.09404,1.09408,1.09361,1.09408,1078
2024-01-02 23:00:00,1.09408,1.09432,1.09404,1.09411,633
2024-01-03 00:00:00,1.09413,1.0950199999999999,1.09407,1.0949,753
2024-01-03 01:00:00,1.0949,1.09543,1.09444,1.0951,1338
2024-01-03 02:00:00,1.0951,1.09527,1.09481,1.09519,848
2024-01-03 03:00:00,1.09519,1.09619,1.09484,1.09604,995
2024-01-03 04:00:00,1.09605,1.0962,1.09584,1.0962,643
2024-01-03 05:00:00,1.0962,1.09624,1.09508,1.09509,988
2024-01-03 06:00:00,1.09508,1.09603,1.09508,1.0958,924
2024-01-03 07:00:00,1.09578,1.09623,1.09509,1.09599,2272
2024-01-03 08:00:00,1.0959699999999999,1.0965,1.09499,1.09522,3232
2024-01-03 09:00:00,1.0952,1.09559,1.09345,1.09358,3055
2024-01-03 10:00:00,1.09358,1.09386,1.09257,1.09276,2284
2024-01-03 11:00:00,1.09277,1.09293,1.09151,1.09192,2731
2024-01-03 12:00:00,1.09192,1.09316,1.09141,1.09164,2667
2024-01-03 13:00:00,1.09162,1.09298,1.09098,1.09211,4580
2024-01-03 14:00:00,1.09211,1.0926,1.09093,1.09177,4933
2024-01-03 15:00:00,1.09164,1.09383,1.08976,1.09041,8118
2024-01-03 16:00:00,1.09043,1.09179,1.09021,1.09077,4515
2024-01-03 17:00:00,1.09077,1.09097,1.09029,1.09061,2728
2024-01-03 18:00:00,1.0906,1.09144,1.09021,1.09048,2487
2024-01-03 19:00:00,1.0905,1.09253,1.08924,1.09174,6373
2024-01-03 20:00:00,1.09175,1.09228,1.09144,1.09208,3389
2024-01-03 21:00:00,1.09205,1.09232,1.09183,1.09209,930
2024-01-03 22:00:00,1.09208,1.09211,1.09091,1.09207,1015
2024-01-03 23:00:00,1.0921,1.09269,1.09208,1.09253,734
2024-01-04 00:00:00,1.09254,1.09262,1.0919,1.09221,992
2024-01-04 01:00:00,1.0922,1.09238,1.09158,1.09174,1417
2024-01-04 02:00:00,1.09174,1.09196,1.09156,1.0919,951
2024-01-04 03:00:00,1.0919,1.09302,1.0919,1.09257,1062
2024-01-04 04:00:00,1.09257,1.09282,1.09241,1.09256,856
2024-01-04 05:00:00,1.09256,1.09265,1.09215,1.09262,1271
2024-01-04 06:00:00,1.09261,1.09343,1.09206,1.0932,1871
2024-01-04 07:00:00,1.09317,1.09432,1.09291,1.09373,2883
2024-01-04 08:00:00,1.09374,1.09556,1.09341,1.09528,3946
2024-01-04 09:00:00,1.09527,1.09687,1.0945,1.09671,3621
2024-01-04 10:00:00,1.09674,1.09718,1.0954,1.09552,2866
2024-01-04 11:00:00,1.09551,1.09575,1.09456,1.09476,2054
2024-01-04 12:00:00,1.09474,1.09554,1.09463,1.09519,2322
2024-01-04 13:00:00,1.0952,1.09544,1.09324,1.09467,4774
2024-01-04 14:00:00,1.09467,1.0950199999999999,1.09377,1.09449,4637
2024-01-04 15:00:00,1.09451,1.0965,1.09447,1.09548,4741
2024-01-04 16:00:00,1.09549,1.09636,1.09537,1.09556,3211
2024-01-04 17:00:00,1.09557,1.09594,1.09415,1.095,2432
2024-01-04 18:00:00,1.09499,1.0954,1.09456,1.09466,1906
2024-01-04 19:00:00,1.09469,1.09495,1.09429,1.09467,1559
2024-01-04 20:00:00,1.09465,1.09487,1.09425,1.09486,1774
2024-01-04 21:00:00,1.09486,1.09496,1.09438,1.09442,808
2024-01-04 22:00:00,1.09446,1.09472,1.09409,1.09468,1177
2024-01-04 23:00:00,1.09465,1.09484,1.09427,1.09457,386
2024-01-05 00:00:00,1.09456,1.0951,1.09437,1.09504,946
2024-01-05 01:00:00,1.09504,1.09555,1.09496,1.09513,1536
2024-01-05 02:00:00,1.09511,1.09538,1.09462,1.09465,894
2024-01-05 03:00:00,1.09466,1.09469,1.09387,1.09388,914
2024-01-05 04:00:00,1.09388,1.09408,1.0936,1.09368,702
2024-01-05 05:00:00,1.09368,1.09377,1.09337,1.0937000000000001,979
2024-01-05 06:00:00,1.09368,1.09368,1.09243,1.09273,1434
2024-01-05 07:00:00,1.09273,1.0933,1.09221,1.09227,1910
2024-01-05 08:00:00,1.09225,1.09255,1.0903,1.09072,3000
2024-01-05 09:00:00,1.0907,1.093,1.09023,1.09123,3094
2024-01-05 10:00:00,1.09127,1.09134,1.09032,1.09123,2335
2024-01-05 11:00:00,1.09123,1.09171,1.09095,1.09137,2042
2024-01-05 12:00:00,1.0914,1.09204,1.09133,1.09173,2172
2024-01-05 13:00:00,1.09174,1.09275,1.08759,1.09206,10184
2024-01-05 14:00:00,1.09209,1.09544,1.09209,1.09486,8165
2024-01-05 15:00:00,1.09489,1.09981,1.09489,1.09778,10946
2024-01-05 16:00:00,1.09779,1.09802,1.09526,1.09556,5124
2024-01-05 17:00:00,1.09558,1.09558,1.09427,1.09458,3988
2024-01-05 18:00:00,1.09458,1.09558,1.09348,1.09536,2998
2024-01-05 19:00:00,1.09538,1.09594,1.09425,1.09447,2789
2024-01-05 20:00:00,1.09446,1.09468,1.09353,1.0939,2300
2024-01-05 21:00:00,1.09392,1.09422,1.09365,1.0942,1098
2024-01-07 22:00:00,1.09398,1.09438,1.09397,1.0943100000000001,399
2024-01-07 23:00:00,1.0943100000000001,1.09445,1.09329,1.09394,674
2024-01-08 00:00:00,1.0941,1.09489,1.09396,1.09481,853
2024-01-08 01:00:00,1.09478,1.09527,1.09466,1.09476,1362
2024-01-08 02:00:00,1.09476,1.09476,1.09356,1.09367,1181
2024-01-08 03:00:00,1.09366,1.09388,1.0931,1.09325,1055
2024-01-08 04:00:00,1.09326,1.09368,1.09302,1.09336,865
2024-01-08 05:00:00,1.09336,1.09371,1.09316,1.09369,960
2024-01-08 06:00:00,1.09369,1.09462,1.09358,1.09453,1170
2024-01-08 07:00:00,1.09455,1.09519,1.0939,1.09447,2610
2024-01-08 08:00:00,1.09449,1.09449,1.09291,1.09334,3590
2024-01-08 09:00:00,1.09332,1.09419,1.09222,1.09367,2766
2024-01-08 10:00:00,1.09369,1.0943,1.09338,1.0942,2506
2024-01-08 11:00:00,1.0942,1.0950199999999999,1.09363,1.09375,2512
2024-01-08 12:00:00,1.09374,1.09478,1.09368,1.09442,2512
2024-01-08 13:00:00,1.09443,1.09557,1.09421,1.09503,3811
2024-01-08 14:00:00,1.09503,1.09622,1.09487,1.09598,4722
2024-01-08 15:00:00,1.0959699999999999,1.09741,1.09548,1.09693,4009
2024-01-08 16:00:00,1.09695,1.09783,1.09679,1.09751,3348
2024-01-08 17:00:00,1.09749,1.09785,1.09621,1.09643,2031
2024-01-08 18:00:00,1.09641,1.09653,1.09485,1.09549,1613
2024-01-08 19:00:00,1.09549,1.09626,1.09524,1.09606,1798
2024-01-08 20:00:00,1.09604,1.09604,1.0949,1.09542,1932
2024-01-08 21:00:00,1.0954,1.09559,1.09484,1.09487,905
2024-01-08 22:00:00,1.09485,1.09511,1.09442,1.09503,998
2024-01-08 23:00:00,1.09508,1.09522,1.0949,1.09491,477
2024-01-09 00:00:00,1.09493,1.0959,1.09488,1.09546,1252
2024-01-09 01:00:00,1.09546,1.0961400000000001,1.09511,1.09611,1552
2024-01-09 02:00:00,1.0961,1.09643,1.09602,1.09624,1317
2024-01-09 03:00:00,1.09624,1.09659,1.09603,1.09623,1111
2024-01-09 04:00:00,1.09623,1.09625,1.0953,1.09557,934
2024-01-09 05:00:00,1.09558,1.09559,1.09476,1.0949200000000001,997
2024-01-09 06:00:00,1.09493,1.09545,1.09476,1.09495,1392
2024-01-09 07:00:00,1.095,1.09625,1.09457,1.09562,2250
2024-01-09 08:00:00,1.0956,1.09562,1.09385,1.09495,3000
2024-01-09 09:00:00,1.09493,1.09501,1.09375,1.09436,2776
2024-01-09 10:00:00,1.09439,1.09476,1.0932,1.09349,2688
2024-01-09 11:00:00,1.0935,1.09355,1.09282,1.0930900000000001,2259
2024-01-09 12:00:00,1.0931,1.09411,1.09283,1.09401,2598
2024-01-09 13:00:00,1.09403,1.09464,1.09327,1.09455,4340
2024-01-09 14:00:00,1.09457,1.09509,1.09374,1.0945,4561
2024-01-09 15:00:00,1.09452,1.09463,1.0917,1.09174,4079
2024-01-09 16:00:00,1.09176,1.09346,1.09097,1.09339,3009
2024-01-09 17:00:00,1.09341,1.09388,1.09296,1.09337,2517
2024-01-09 18:00:00,1.09334,1.09397,1.09219,1.09237,2568
2024-01-09 19:00:00,1.09237,1.09283,1.09196,1.09247,1833
2024-01-09 20:00:00,1.0924800000000001,1.09291,1.09245,1.09273,1989
2024-01-09 21:00:00,1.09275,1.0930900000000001,1.09272,1.09302,668
2024-01-09 22:00:00,1.09305,1.09308,1.09231,1.09285,879
2024-01-09 23:00:00,1.09284,1.09321,1.09282,1.09311,365
2024-01-10 00:00:00,1.09313,1.09359,1.09286,1.09304,1084
2024-01-10 01:00:00,1.09304,1.0933,1.0925799999999999,1.09318,1450
2024-01-10 02:00:00,1.0931899999999999,1.09355,1.09312,1.09334,1095
2024-01-10 03:00:00,1.09334,1.09356,1.09274,1.09288,1025
2024-01-10 04:00:00,1.09286,1.09326,1.09284,1.09317,726
2024-01-10 05:00:00,1.09317,1.09337,1.093,1.0931899999999999,821
2024-01-10 06:00:00,1.09317,1.09329,1.09232,1.09242,1293
2024-01-10 07:00:00,1.09242,1.0945,1.09241,1.09257,2851
2024-01-10 08:00:00,1.0925799999999999,1.09444,1.09222,1.09428,3321
2024-01-10 09:00:00,1.0943,1.09515,1.09409,1.09467,2318
2024-01-10 10:00:00,1.09465,1.09543,1.09448,1.09488,2159
2024-01-10 11:00:00,1.09488,1.0955,1.09411,1.09456,1766
2024-01-10 12:00:00,1.09455,1.095,1.09426,1.09434,1961
2024-01-10 13:00:00,1.09433,1.09516,1.09401,1.09401,2803
2024-01-10 14:00:00,1.094,1.09412,1.09315,1.09395,2878
2024-01-10 15:00:00,1.09396,1.09688,1.09352,1.09669,3607
2024-01-10 16:00:00,1.09671,1.09687,1.09518,1.09585,2564
2024-01-10 17:00:00,1.09587,1.09677,1.09577,1.09667,1822
2024-01-10 18:00:00,1.09666,1.09694,1.09589,1.0969,1970
2024-01-10 19:00:00,1.0969,1.09704,1.09665,1.09698,1491
2024-01-10 20:00:00,1.09699,1.09724,1.09611,1.09652,2657
2024-01-10 21:00:00,1.09649,1.09725,1.09644,1.09713,859
2024-01-10 22:00:00,1.09711,1.09716,1.09673,1.0971,815
2024-01-10 23:00:00,1.09723,1.09743,1.09704,1.09735,446
2024-01-11 00:00:00,1.09737,1.09784,1.09726,1.09772,963
2024-01-11 01:00:00,1.09773,1.09798,1.09746,1.09785,1410
2024-01-11 02:00:00,1.09783,1.09843,1.09766,1.09776,1222
2024-01-11 03:00:00,1.09776,1.09808,1.09768,1.09799,865
2024-01-11 04:00:00,1.09799,1.09824,1.09771,1.09773,775
2024-01-11 05:00:00,1.09773,1.09809,1.09753,1.09779,959
2024-01-11 06:00:00,1.09778,1.09881,1.09741,1.09854,1191
2024-01-11 07:00:00,1.09854,1.09864,1.09769,1.09784,1853
2024-01-11 08:00:00,1.09785,1.09808,1.09713,1.09746,2468
2024-01-11 09:00:00,1.09746,1.09748,1.09584,1.09633,2498
2024-01-11 10:00:00,1.09634,1.09692,1.09581,1.09682,2289
2024-01-11 11:00:00,1.09684,1.0982,1.09669,1.09782,2235
2024-01-11 12:00:00,1.09782,1.099,1.09757,1.09833,2051
2024-01-11 13:00:00,1.09836,1.0998,1.09353,1.0939,11123
2024-01-11 14:00:00,1.09393,1.09733,1.0931,1.09536,9511
2024-01-11 15:00:00,1.09535,1.09625,1.09297,1.09459,7639
2024-01-11 16:00:00,1.09461,1.09569,1.09361,1.09418,5516
2024-01-11 17:00:00,1.09418,1.0954,1.0941,1.09505,3914
2024-01-11 18:00:00,1.09504,1.09657,1.09493,1.09644,3068
2024-01-11 19:00:00,1.09646,1.09825,1.09643,1.09816,3042
2024-01-11 20:00:00,1.09817,1.09822,1.09557,1.0971,3022
2024-01-11 21:00:00,1.09707,1.09747,1.09697,1.09716,1213
2024-01-11 22:00:00,1.09718,1.09728,1.09706,1.09713,808
2024-01-11 23:00:00,1.09723,1.09821,1.09697,1.09818,767
2024-01-12 00:00:00,1.0982,1.09843,1.09739,1.09754,1257
2024-01-12 01:00:00,1.09754,1.09839,1.09723,1.09823,1449
2024-01-12 02:00:00,1.09824,1.09849,1.09778,1.09792,1452
2024-01-12 03:00:00,1.09792,1.09824,1.09767,1.09772,730
2024-01-12 04:00:00,1.09773,1.09773,1.09728,1.09752,820
2024-01-12 05:00:00,1.09752,1.098,1.09734,1.09752,1080
2024-01-12 06:00:00,1.09754,1.09782,1.09728,1.09749,979
2024-01-12 07:00:00,1.0975,1.09773,1.09605,1.09661,2533
2024-01-12 08:00:00,1.09659,1.09823,1.09645,1.09747,3121
2024-01-12 09:00:00,1.09745,1.09794,1.09606,1.09621,2509
2024-01-12 10:00:00,1.09621,1.09636,1.09562,1.09595,2171
2024-01-12 11:00:00,1.09595,1.09616,1.09461,1.09491,2216
2024-01-12 12:00:00,1.09491,1.09515,1.09367,1.09373,2660
2024-01-12 13:00:00,1.09373,1.09692,1.09354,1.09549,6635
2024-01-12 14:00:00,1.0955,1.09845,1.09522,1.09752,6183
2024-01-12 15:00:00,1.09754,1.09865,1.09618,1.0965799999999999,5015
2024-01-12 16:00:00,1.09655,1.09734,1.09578,1.09578,3817
2024-01-12 17:00:00,1.09579,1.09585,1.09465,1.09491,2621
2024-01-12 18:00:00,1.0949,1.09591,1.09485,1.09589,1869
2024-01-12 19:00:00,1.09587,1.09631,1.09531,1.09555,1606
2024-01-12 20:00:00,1.09555,1.0956,1.09499,1.0951,1630
2024-01-12 21:00:00,1.09509,1.09523,1.09477,1.09499,1261
2024-01-14 22:00:00,1.09466,1.09494,1.09442,1.09488,433
2024-01-14 23:00:00,1.09478,1.09478,1.09421,1.09432,485
2024-01-15 00:00:00,1.09448,1.09536,1.09404,1.0953,1551
2024-01-15 01:00:00,1.0953,1.09556,1.0949,1.09543,1482
2024-01-15 02:00:00,1.09544,1.09652,1.09544,1.09645,1104
2024-01-15 03:00:00,1.09645,1.09671,1.09632,1.09638,989
2024-01-15 04:00:00,1.09638,1.0964,1.09582,1.09624,701
2024-01-15 05:00:00,1.09625,1.09655,1.09604,1.09636,729
2024-01-15 06:00:00,1.09636,1.09661,1.0962,1.09636,912
2024-01-15 07:00:00,1.09633,1.09657,1.09511,1.0953,2321
2024-01-15 08:00:00,1.09532,1.09646,1.09532,1.09576,2889
2024-01-15 09:00:00,1.09576,1.09582,1.09425,1.09462,2494
2024-01-15 10:00:00,1.09461,1.09463,1.0933,1.09396,2418
2024-01-15 11:00:00,1.09395,1.09485,1.09395,1.09449,1904
2024-01-15 12:00:00,1.09449,1.09584,1.09433,1.09535,2777
2024-01-15 13:00:00,1.09534,1.09538,1.09439,1.09501,2774
2024-01-15 14:00:00,1.0950199999999999,1.09515,1.09381,1.09429,2604
2024-01-15 15:00:00,1.0943,1.09505,1.09376,1.0949200000000001,2374
2024-01-15 16:00:00,1.09493,1.0952,1.09463,1.09469,1620
2024-01-15 17:00:00,1.09469,1.0952,1.09457,1.09476,887
2024-01-15 18:00:00,1.09476,1.09524,1.09473,1.09524,268
2024-01-15 19:00:00,1.09523,1.09531,1.09483,1.09493,319
2024-01-15 20:00:00,1.0949200000000001,1.09516,1.09478,1.09515,293
2024-01-15 21:00:00,1.09514,1.09514,1.09487,1.09498,280
2024-01-15 22:00:00,1.09496,1.09501,1.09464,1.09494,581
2024-01-15 23:00:00,1.09491,1.09504,1.09442,1.09445,641
2024-01-16 00:00:00,1.09446,1.09459,1.09186,1.09192,1561
2024-01-16 01:00:00,1.09192,1.09311,1.09149,1.09271,2405
2024-01-16 02:00:00,1.09271,1.09271,1.09211,1.09235,1452
2024-01-16 03:00:00,1.09234,1.0925,1.09157,1.09185,1130
2024-01-16 04:00:00,1.09184,1.0919699999999999,1.09127,1.09171,862
2024-01-16 05:00:00,1.09171,1.09181,1.09121,1.0915,1058
2024-01-16 06:00:00,1.09148,1.09211,1.09123,1.09168,1437
2024-01-16 07:00:00,1.09171,1.09262,1.09081,1.09181,2751
2024-01-16 08:00:00,1.09179,1.09229,1.08938,1.09042,4835
2024-01-16 09:00:00,1.09038,1.09038,1.08836,1.08858,3602
2024-01-16 10:00:00,1.08861,1.0889,1.08788,1.08808,2740
2024-01-16 11:00:00,1.08806,1.08944,1.08734,1.08918,2567
2024-01-16 12:00:00,1.08918,1.0893,1.08833,1.08857,2528
2024-01-16 13:00:00,1.08858,1.08976,1.08711,1.08737,5990
2024-01-16 14:00:00,1.08735,1.08889,1.08663,1.0872,5701
2024-01-16 15:00:00,1.08722,1.08878,1.08653,1.08853,4290
2024-01-16 16:00:00,1.08854,1.08943,1.08616,1.08804,8956
2024-01-16 17:00:00,1.08806,1.08825,1.08623,1.08624,3470
2024-01-16 18:00:00,1.08625,1.08766,1.08623,1.08697,2328
2024-01-16 19:00:00,1.08696,1.08743,1.08672,1.08731,1781
2024-01-16 20:00:00,1.08732,1.08752,1.08696,1.08709,1641
2024-01-16 21:00:00,1.08711,1.0877,1.08709,1.08746,726
2024-01-16 22:00:00,1.08743,1.08767,1.08694,1.08766,973
2024-01-16 23:00:00,1.08764,1.08779,1.08744,1.08778,352
2024-01-17 00:00:00,1.0878,1.08784,1.08719,1.08775,1061
2024-01-17 01:00:00,1.08775,1.08819,1.0873,1.08771,1536
2024-01-17 02:00:00,1.08771,1.08841,1.08735,1.08744,1164
2024-01-17 03:00:00,1.08743,1.08744,1.08647,1.08659,1054
2024-01-17 04:00:00,1.08659,1.08707,1.08643,1.08704,803
2024-01-17 05:00:00,1.08703,1.08718,1.08603,1.08643,1372
2024-01-17 06:00:00,1.08644,1.08644,1.0855,1.08616,1821
2024-01-17 07:00:00,1.0862,1.08734,1.08583,1.08698,3895
2024-01-17 08:00:00,1.08697,1.08812,1.08657,1.08664,3794
2024-01-17 09:00:00,1.08664,1.08783,1.08605,1.08761,3056
2024-01-17 10:00:00,1.08756,1.08836,1.08667,1.08714,2745
2024-01-17 11:00:00,1.08717,1.08827,1.08694,1.08782,2534
2024-01-17 12:00:00,1.0878,1.08809,1.08689,1.0874,2220
2024-01-17 13:00:00,1.0874,1.08781,1.08509,1.08634,5854
2024-01-17 14:00:00,1.08636,1.08697,1.08472,1.08485,4802
2024-01-17 15:00:00,1.08488,1.08704,1.08441,1.08485,5039
2024-01-17 16:00:00,1.08485,1.08641,1.08474,1.08569,3682
2024-01-17 17:00:00,1.08571,1.08695,1.08564,1.0866500000000001,2711
2024-01-17 18:00:00,1.08668,1.0867,1.0856,1.08654,2563
2024-01-17 19:00:00,1.08655,1.08783,1.08655,1.08735,2039
2024-01-17 20:00:00,1.08734,1.08816,1.08699,1.08805,1555
2024-01-17 21:00:00,1.08804,1.08823,1.08802,1.08807,667
2024-01-17 22:00:00,1.08808,1.08813,1.08773,1.08813,623
2024-01-17 23:00:00,1.08815,1.0885,1.08809,1.08849,509
2024-01-18 00:00:00,1.08858,1.08939,1.08799,1.08935,1288
2024-01-18 01:00:00,1.08936,1.09003,1.0892,1.08958,2045
2024-01-18 02:00:00,1.08956,1.09026,1.08926,1.0893,1311
2024-01-18 03:00:00,1.08929,1.08977,1.08901,1.08949,1269
2024-01-18 04:00:00,1.08947,1.08958,1.08908,1.08937,942
2024-01-18 05:00:00,1.08937,1.08957,1.08901,1.08944,1148
2024-01-18 06:00:00,1.08944,1.09064,1.08942,1.09037,1770
2024-01-18 07:00:00,1.09034,1.09061,1.08859,1.08878,2212
2024-01-18 08:00:00,1.08875,1.08886,1.08771,1.08794,3063
2024-01-18 09:00:00,1.08791,1.08991,1.08761,1.08842,2858
2024-01-18 10:00:00,1.08841,1.08955,1.08825,1.08945,2257
2024-01-18 11:00:00,1.08943,1.08949,1.08842,1.08887,2021
2024-01-18 12:00:00,1.08889,1.08934,1.0874,1.08769,2442
2024-01-18 13:00:00,1.08769,1.08773,1.08502,1.08521,5772
2024-01-18 14:00:00,1.08521,1.08685,1.08488,1.08591,5892
2024-01-18 15:00:00,1.08589,1.08678,1.08462,1.08517,5203
2024-01-18 16:00:00,1.08515,1.08697,1.085,1.0861399999999999,3400
2024-01-18 17:00:00,1.0861399999999999,1.0864,1.08496,1.08591,2897
2024-01-18 18:00:00,1.08591,1.08653,1.08538,1.08633,2638
2024-01-18 19:00:00,1.08632,1.08688,1.08597,1.0861399999999999,2298
2024-01-18 20:00:00,1.08613,1.0869,1.08601,1.08686,2005
2024-01-18 21:00:00,1.08684,1.0877,1.08678,1.08742,773
2024-01-18 22:00:00,1.08739,1.08751,1.0866,1.08724,1172
2024-01-18 23:00:00,1.08729,1.08797,1.08729,1.08793,578
2024-01-19 00:00:00,1.08794,1.08815,1.08773,1.08795,1061
2024-01-19 01:00:00,1.08797,1.08868,1.08757,1.08851,1588
2024-01-19 02:00:00,1.08849,1.08893,1.0882,1.08877,1327
2024-01-19 03:00:00,1.08879,1.08889,1.0885,1.08886,849
2024-01-19 04:00:00,1.08886,1.08891,1.0885,1.0886,487
2024-01-19 05:00:00,1.08861,1.08867,1.08793,1.08805,1045
2024-01-19 06:00:00,1.08805,1.08819,1.0875,1.08806,1294
2024-01-19 07:00:00,1.08807,1.0886,1.08742,1.08789,2277
2024-01-19 08:00:00,1.0878700000000001,1.08814,1.08676,1.08769,2522
2024-01-19 09:00:00,1.08766,1.08844,1.08707,1.08824,2670
2024-01-19 10:00:00,1.08822,1.08846,1.08725,1.08805,2293
2024-01-19 11:00:00,1.08805,1.08926,1.08786,1.08869,1949
2024-01-19 12:00:00,1.0887,1.08876,1.08796,1.08822,1799
2024-01-19 13:00:00,1.08822,1.08893,1.08751,1.088,3381
2024-01-19 14:00:00,1.08801,1.08833,1.08652,1.08797,3940
2024-01-19 15:00:00,1.08799,1.08896,1.08693,1.08819,5653
2024-01-19 16:00:00,1.08822,1.08875,1.08803,1.08861,3207
2024-01-19 17:00:00,1.08863,1.08931,1.08796,1.0889199999999999,2603
2024-01-19 18:00:00,1.08893,1.08959,1.08854,1.08915,1841
2024-01-19 19:00:00,1.08917,1.08944,1.08876,1.08919,1942
2024-01-19 20:00:00,1.08919,1.0895299999999999,1.08895,1.08946,1798
2024-01-19 21:00:00,1.08945,1.08974,1.08932,1.0897000000000001,971
2024-01-21 22:00:00,1.08869,1.08929,1.08835,1.0890900000000001,863
2024-01-21 23:00:00,1.08902,1.0895299999999999,1.08888,1.08903,786
2024-01-22 00:00:00,1.08916,1.0901,1.08907,1.09005,1150
2024-01-22 01:00:00,1.09004,1.09045,1.08983,1.09015,1481
2024-01-22 02:00:00,1.09015,1.09086,1.08989,1.09066,1268
2024-01-22 03:00:00,1.09068,1.09072,1.09011,1.09017,1100
2024-01-22 04:00:00,1.09017,1.09043,1.09004,1.09025,818
2024-01-22 05:00:00,1.09025,1.09043,1.08981,1.09011,1193
2024-01-22 06:00:00,1.09011,1.09089,1.09009,1.09042,1544
2024-01-22 07:00:00,1.09043,1.09076,1.08968,1.08974,2255
2024-01-22 08:00:00,1.08972,1.09003,1.08867,1.08912,3134
2024-01-22 09:00:00,1.0890900000000001,1.09018,1.0889199999999999,1.08965,2112
2024-01-22 10:00:00,1.08963,1.08967,1.08855,1.08866,2045
2024-01-22 11:00:00,1.08865,1.08898,1.0881,1.08893,2053
2024-01-22 12:00:00,1.0889199999999999,1.0899,1.08875,1.08923,2394
2024-01-22 13:00:00,1.08922,1.08946,1.08795,1.08911,3464
2024-01-22 14:00:00,1.08914,1.08957,1.0885,1.0889199999999999,3317
2024-01-22 15:00:00,1.0889,1.08976,1.08822,1.08847,3354
2024-01-22 16:00:00,1.08846,1.08939,1.08813,1.08933,2291
2024-01-22 17:00:00,1.08934,1.08997,1.08902,1.08958,1747
2024-01-22 18:00:00,1.08959,1.08959,1.08837,1.08896,1894
2024-01-22 19:00:00,1.08895,1.08904,1.08799,1.08846,1747
2024-01-22 20:00:00,1.08847,1.0885,1.088,1.08837,1546
2024-01-22 21:00:00,1.08836,1.08845,1.08812,1.08816,704
2024-01-22 22:00:00,1.08814,1.08826,1.08778,1.0881,815
2024-01-22 23:00:00,1.08811,1.08817,1.08765,1.0877,629
2024-01-23 00:00:00,1.08771,1.08836,1.08754,1.08827,830
2024-01-23 01:00:00,1.08824,1.0888,1.08763,1.08878,1273
2024-01-23 02:00:00,1.08878,1.08934,1.08843,1.08871,1660
2024-01-23 03:00:00,1.08874,1.08945,1.08851,1.08922,1472
2024-01-23 04:00:00,1.08922,1.08982,1.08911,1.08978,911
2024-01-23 05:00:00,1.08978,1.09074,1.08962,1.09062,1068
2024-01-23 06:00:00,1.09064,1.0913599999999999,1.0901,1.09133,1775
2024-01-23 07:00:00,1.09132,1.09157,1.09035,1.09077,2665
2024-01-23 08:00:00,1.09076,1.09101,1.08922,1.0895,2612
2024-01-23 09:00:00,1.08948,1.08949,1.08832,1.08869,2489
2024-01-23 10:00:00,1.08871,1.08881,1.08669,1.08691,2192
2024-01-23 11:00:00,1.08692,1.08718,1.08594,1.0866,2381
2024-01-23 12:00:00,1.08658,1.08727,1.08598,1.08635,2348
2024-01-23 13:00:00,1.08637,1.08753,1.08637,1.08734,3105
2024-01-23 14:00:00,1.08734,1.0873599999999999,1.08481,1.08524,4093
2024-01-23 15:00:00,1.08526,1.08577,1.08209,1.08301,4452
2024-01-23 16:00:00,1.08304,1.08389,1.08251,1.08279,3113
2024-01-23 17:00:00,1.08279,1.08352,1.0824,1.0830899999999999,2222
2024-01-23 18:00:00,1.08313,1.0838700000000001,1.08299,1.08364,2083
2024-01-23 19:00:00,1.08363,1.08471,1.08351,1.08447,1604
2024-01-23 20:00:00,1.08447,1.08495,1.0843099999999999,1.08491,1296
2024-01-23 21:00:00,1.08491,1.08555,1.08476,1.08517,800
2024-01-23 22:00:00,1.08513,1.08529,1.08413,1.08512,764
2024-01-23 23:00:00,1.08521,1.08585,1.08521,1.08567,428
2024-01-24 00:00:00,1.08566,1.08593,1.08547,1.08555,876
2024-01-24 01:00:00,1.08555,1.08589,1.0851,1.08574,1493
2024-01-24 02:00:00,1.08574,1.08579,1.08527,1.08564,1101
2024-01-24 03:00:00,1.08564,1.0861,1.0856,1.08584,951
2024-01-24 04:00:00,1.08586,1.08655,1.08578,1.08639,890
2024-01-24 05:00:00,1.08639,1.0864,1.08588,1.08615,1031
2024-01-24 06:00:00,1.0861399999999999,1.0866,1.08602,1.08628,1204
2024-01-24 07:00:00,1.08626,1.08789,1.08598,1.0873,2492
2024-01-24 08:00:00,1.08732,1.08794,1.08624,1.08693,4020
2024-01-24 09:00:00,1.08694,1.09072,1.08691,1.09021,3537
2024-01-24 10:00:00,1.09019,1.09043,1.08929,1.08972,2634
2024-01-24 11:00:00,1.08973,1.09011,1.08906,1.08924,2429
2024-01-24 12:00:00,1.08925,1.08987,1.0887,1.08942,2512
2024-01-24 13:00:00,1.08939,1.09266,1.08932,1.09243,3792
2024-01-24 14:00:00,1.0924,1.0931899999999999,1.0901399999999999,1.09029,5845
2024-01-24 15:00:00,1.09032,1.09072,1.08929,1.09002,5533
2024-01-24 16:00:00,1.09003,1.09048,1.08902,1.09003,3937
2024-01-24 17:00:00,1.09001,1.0908,1.0895,1.09048,2344
2024-01-24 18:00:00,1.09045,1.09057,1.08899,1.0892,3123
2024-01-24 19:00:00,1.08918,1.08927,1.0881,1.08878,2194
2024-01-24 20:00:00,1.08879,1.08902,1.08789,1.08797,1921
2024-01-24 21:00:00,1.08797,1.0884800000000001,1.08775,1.08837,842
2024-01-24 22:00:00,1.08836,1.08856,1.08801,1.08852,715
2024-01-24 23:00:00,1.08852,1.0886,1.08811,1.08812,543
2024-01-25 00:00:00,1.08808,1.08811,1.0872,1.0874,1155
2024-01-25 01:00:00,1.08739,1.08784,1.08698,1.08771,1588
2024-01-25 02:00:00,1.08772,1.08795,1.08745,1.08767,1337
2024-01-25 03:00:00,1.0877,1.08813,1.08767,1.08776,1002
2024-01-25 04:00:00,1.08776,1.08809,1.08739,1.08752,863
2024-01-25 05:00:00,1.08752,1.0878700000000001,1.08742,1.08777,934
2024-01-25 06:00:00,1.08777,1.08861,1.08751,1.08859,1376
2024-01-25 07:00:00,1.08857,1.0890900000000001,1.08834,1.08873,1926
2024-01-25 08:00:00,1.08871,1.0899,1.08825,1.08981,2960
2024-01-25 09:00:00,1.08985,1.08993,1.08912,1.08952,2573
2024-01-25 10:00:00,1.08954,1.08981,1.08915,1.08924,2317
2024-01-25 11:00:00,1.08927,1.08947,1.08864,1.08942,1836
2024-01-25 12:00:00,1.08942,1.08954,1.08853,1.08879,2091
2024-01-25 13:00:00,1.08879,1.09015,1.08664,1.0878700000000001,8517
2024-01-25 14:00:00,1.08785,1.08785,1.08525,1.08596,8961
2024-01-25 15:00:00,1.08597,1.08611,1.08289,1.08314,5730
2024-01-25 16:00:00,1.08312,1.08391,1.08238,1.08359,3406
2024-01-25 17:00:00,1.08361,1.08514,1.08308,1.08371,3056
2024-01-25 18:00:00,1.08373,1.08461,1.08295,1.08299,2986
2024-01-25 19:00:00,1.08296,1.08371,1.0821,1.08353,2289
2024-01-25 20:00:00,1.08354,1.08401,1.0833,1.08393,1623
2024-01-25 21:00:00,1.08392,1.08476,1.08383,1.08437,704
2024-01-25 22:00:00,1.0844,1.08466,1.08399,1.0846,868
2024-01-25 23:00:00,1.0846,1.08468,1.08424,1.08452,611
2024-01-26 00:00:00,1.08449,1.08453,1.0836999999999999,1.08394,1128
2024-01-26 01:00:00,1.08393,1.08462,1.0838700000000001,1.08439,1380
2024-01-26 02:00:00,1.08439,1.08483,1.08434,1.08436,1125
2024-01-26 03:00:00,1.08436,1.08471,1.08433,1.08445,725
2024-01-26 04:00:00,1.08445,1.08447,1.08376,1.08393,722
2024-01-26 05:00:00,1.08393,1.08435,1.0838,1.08418,1000
2024-01-26 06:00:00,1.08419,1.08424,1.0828,1.08292,1478
2024-01-26 07:00:00,1.08288,1.08303,1.08123,1.08191,2588
2024-01-26 08:00:00,1.08189,1.08415,1.08167,1.08397,3041
2024-01-26 09:00:00,1.08399,1.08503,1.08337,1.08437,3128
2024-01-26 10:00:00,1.08437,1.08657,1.08437,1.08641,2246
2024-01-26 11:00:00,1.08642,1.08755,1.08638,1.08743,2285
2024-01-26 12:00:00,1.08743,1.08753,1.08653,1.0867,1939
2024-01-26 13:00:00,1.08671,1.08855,1.08559,1.08718,5969
2024-01-26 14:00:00,1.08715,1.08798,1.08605,1.08733,4622
2024-01-26 15:00:00,1.08731,1.08731,1.08548,1.08634,4105
2024-01-26 16:00:00,1.08633,1.0869,1.08585,1.08644,2457
2024-01-26 17:00:00,1.08642,1.08698,1.08586,1.08629,2102
2024-01-26 18:00:00,1.08632,1.08656,1.08536,1.0855299999999999,1778
2024-01-26 19:00:00,1.08554,1.08613,1.08549,1.08578,1357
2024-01-26 20:00:00,1.08581,1.08617,1.08528,1.08542,1460
2024-01-26 21:00:00,1.0854,1.08563,1.08518,1.08544,795
2024-01-28 22:00:00,1.08399,1.08455,1.08375,1.08445,786
2024-01-28 23:00:00,1.08446,1.08471,1.08404,1.08409,1002
2024-01-29 00:00:00,1.08421,1.08446,1.08408,1.08445,1163
2024-01-29 01:00:00,1.08444,1.08484,1.08429,1.08436,1362
2024-01-29 02:00:00,1.08437,1.08446,1.08388,1.08433,1113
2024-01-29 03:00:00,1.08435,1.08461,1.0842,1.08446,828
2024-01-29 04:00:00,1.08446,1.08471,1.08434,1.08446,725
2024-01-29 05:00:00,1.08444,1.08447,1.08392,1.08396,895
2024-01-29 06:00:00,1.08396,1.08467,1.08386,1.08459,1132
2024-01-29 07:00:00,1.08459,1.08496,1.08345,1.08369,2055
2024-01-29 08:00:00,1.08369,1.08414,1.0832600000000001,1.08342,2545
2024-01-29 09:00:00,1.08339,1.08354,1.08227,1.0824799999999999,2392
2024-01-29 10:00:00,1.0824799999999999,1.08251,1.08135,1.0818699999999999,2070
2024-01-29 11:00:00,1.0818699999999999,1.08266,1.08161,1.08227,1820
2024-01-29 12:00:00,1.08227,1.08362,1.082,1.08217,2091
2024-01-29 13:00:00,1.08217,1.08239,1.08132,1.08199,3013
2024-01-29 14:00:00,1.082,1.08222,1.08038,1.0806499999999999,2973
2024-01-29 15:00:00,1.08067,1.08101,1.07955,1.07972,2862
2024-01-29 16:00:00,1.07969,1.08083,1.07954,1.08056,2450
2024-01-29 17:00:00,1.08056,1.08156,1.08051,1.08111,1674
2024-01-29 18:00:00,1.08112,1.08131,1.08088,1.08112,1361
2024-01-29 19:00:00,1.08112,1.08194,1.08095,1.08183,1287
2024-01-29 20:00:00,1.08185,1.084,1.08185,1.08308,2970
2024-01-29 21:00:00,1.08306,1.08344,1.08263,1.08322,835
2024-01-29 22:00:00,1.08323,1.08327,1.08262,1.08327,1084
2024-01-29 23:00:00,1.08328,1.08361,1.08328,1.08331,503
2024-01-30 00:00:00,1.08333,1.08417,1.08332,1.08403,1196
2024-01-30 01:00:00,1.08403,1.08403,1.08321,1.08343,1490
2024-01-30 02:00:00,1.08343,1.08356,1.08295,1.08335,1096
2024-01-30 03:00:00,1.08334,1.08341,1.08297,1.08303,845
2024-01-30 04:00:00,1.08303,1.08331,1.08239,1.08251,1002
2024-01-30 05:00:00,1.08252,1.08283,1.08215,1.08218,1185
2024-01-30 06:00:00,1.08221,1.08256,1.08136,1.08148,1665
2024-01-30 07:00:00,1.08145,1.08238,1.08115,1.08222,2034
2024-01-30 08:00:00,1.08232,1.08317,1.08158,1.08214,3274
2024-01-30 09:00:00,1.08213,1.08288,1.08173,1.08263,2298
2024-01-30 10:00:00,1.08262,1.08399,1.08224,1.08377,2225
2024-01-30 11:00:00,1.08378,1.08475,1.08364,1.08415,1900
2024-01-30 12:00:00,1.08412,1.08493,1.08363,1.08471,2057
2024-01-30 13:00:00,1.08471,1.0848,1.08336,1.08342,3136
2024-01-30 14:00:00,1.0834,1.08568,1.0829,1.085,3873
2024-01-30 15:00:00,1.08501,1.08558,1.08275,1.08363,5954
2024-01-30 16:00:00,1.08363,1.08438,1.08339,1.08427,2967
2024-01-30 17:00:00,1.08428,1.08467,1.08365,1.08385,2020
2024-01-30 18:00:00,1.08384,1.08384,1.08312,1.08353,1622
2024-01-30 19:00:00,1.0835,1.08465,1.0835,1.08456,1514
2024-01-30 20:00:00,1.08456,1.08481,1.08403,1.08441,1517
2024-01-30 21:00:00,1.08443,1.08464,1.08419,1.08442,838
2024-01-30 22:00:00,1.08446,1.08446,1.08353,1.08436,1324
2024-01-30 23:00:00,1.08433,1.08445,1.08421,1.08425,562
2024-01-31 00:00:00,1.08424,1.08476,1.08406,1.08422,1316
2024-01-31 01:00:00,1.08423,1.08433,1.0831,1.0831,1507
2024-01-31 02:00:00,1.08307,1.0831,1.08159,1.08179,1852
2024-01-31 03:00:00,1.08179,1.08186,1.08155,1.08183,861
2024-01-31 04:00:00,1.08183,1.08217,1.08175,1.08201,761
2024-01-31 05:00:00,1.08201,1.08214,1.0817,1.082,895
2024-01-31 06:00:00,1.082,1.08217,1.08144,1.0815,1053
2024-01-31 07:00:00,1.08148,1.08211,1.08055,1.08154,2272
2024-01-31 08:00:00,1.08157,1.08256,1.08089,1.0818699999999999,3013
2024-01-31 09:00:00,1.0818699999999999,1.08363,1.0816,1.0822,3468
2024-01-31 10:00:00,1.08219,1.0831,1.08209,1.08251,2198
2024-01-31 11:00:00,1.08253,1.08398,1.08249,1.08383,1767
2024-01-31 12:00:00,1.08384,1.08424,1.08329,1.08363,2039
2024-01-31 13:00:00,1.08363,1.08624,1.08339,1.08573,5554
2024-01-31 14:00:00,1.08571,1.08861,1.08518,1.08794,5196
2024-01-31 15:00:00,1.08792,1.08871,1.08537,1.08609,6011
2024-01-31 16:00:00,1.08606,1.08673,1.08444,1.08539,4460
2024-01-31 17:00:00,1.08538,1.08539,1.08415,1.0849199999999999,2569
2024-01-31 18:00:00,1.08491,1.0852,1.08435,1.08453,2136
2024-01-31 19:00:00,1.08458,1.08636,1.08153,1.084,20012
2024-01-31 20:00:00,1.08403,1.08414,1.07944,1.0807,11229
2024-01-31 21:00:00,1.08072,1.08191,1.08048,1.08157,2189
2024-01-31 22:00:00,1.08155,1.08166,1.08077,1.08136,954
2024-01-31 23:00:00,1.08136,1.08164,1.08028,1.08035,753
2024-02-01 00:00:00,1.08037,1.08139,1.08012,1.0808,1615
2024-02-01 01:00:00,1.0808,1.08119,1.08042,1.08087,1821
2024-02-01 02:00:00,1.08084,1.08213,1.08081,1.08188,1789
2024-02-01 03:00:00,1.0818699999999999,1.08205,1.08106,1.08114,1152
2024-02-01 04:00:00,1.08115,1.08133,1.08049,1.08073,1088
2024-02-01 05:00:00,1.08071,1.08072,1.08022,1.08024,1153
2024-02-01 06:00:00,1.08024,1.08048,1.07931,1.07957,1407
2024-02-01 07:00:00,1.07955,1.07971,1.07834,1.07926,2736
2024-02-01 08:00:00,1.07924,1.07936,1.07794,1.07911,3436
2024-02-01 09:00:00,1.0790899999999999,1.0801,1.07863,1.07981,2637
2024-02-01 10:00:00,1.07984,1.0802100000000001,1.07911,1.07927,2812
2024-02-01 11:00:00,1.07927,1.08128,1.07923,1.0808,2511
2024-02-01 12:00:00,1.08078,1.08194,1.0805,1.08147,3493
2024-02-01 13:00:00,1.08145,1.08268,1.08084,1.08134,4254
2024-02-01 14:00:00,1.08134,1.08293,1.0811,1.08266,3990
2024-02-01 15:00:00,1.08263,1.08313,1.08053,1.08262,6830
2024-02-01 16:00:00,1.08261,1.08654,1.08259,1.08638,4781
2024-02-01 17:00:00,1.08641,1.08742,1.08601,1.08721,3546
2024-02-01 18:00:00,1.0872,1.08727,1.08625,1.08693,3166
2024-02-01 19:00:00,1.08692,1.08743,1.08672,1.08712,2425
2024-02-01 20:00:00,1.08713,1.08743,1.08678,1.08711,1762
2024-02-01 21:00:00,1.08708,1.0872600000000001,1.0867499999999999,1.08709,1049
2024-02-01 22:00:00,1.08712,1.08722,1.08643,1.08722,937
2024-02-01 23:00:00,1.0872,1.08756,1.08718,1.08735,487
2024-02-02 00:00:00,1.08737,1.08793,1.08713,1.08725,1005
2024-02-02 01:00:00,1.08725,1.08752,1.08695,1.08714,1449
2024-02-02 02:00:00,1.08715,1.08781,1.0871,1.08779,1193
2024-02-02 03:00:00,1.08779,1.08782,1.0873,1.08762,856
2024-02-02 04:00:00,1.08761,1.0877,1.08716,1.08725,799
2024-02-02 05:00:00,1.0872600000000001,1.08821,1.08717,1.08771,1128
2024-02-02 06:00:00,1.0877,1.08806,1.08734,1.08754,1501
2024-02-02 07:00:00,1.08752,1.08866,1.08739,1.08802,2182
2024-02-02 08:00:00,1.08804,1.08897,1.08732,1.08788,2631
2024-02-02 09:00:00,1.08786,1.08971,1.08786,1.08904,2185
2024-02-02 10:00:00,1.08902,1.08948,1.08802,1.08842,2005
2024-02-02 11:00:00,1.08843,1.08861,1.08778,1.0883,1878
2024-02-02 12:00:00,1.08832,1.0884800000000001,1.08773,1.08801,1761
2024-02-02 13:00:00,1.088,1.08856,1.08032,1.08069,7795
2024-02-02 14:00:00,1.08067,1.08164,1.07913,1.08087,6749
2024-02-02 15:00:00,1.08086,1.08114,1.07826,1.08019,5879
2024-02-02 16:00:00,1.08018,1.08032,1.0782,1.07858,3540
2024-02-02 17:00:00,1.07858,1.0792,1.07801,1.07832,2610
2024-02-02 18:00:00,1.07832,1.07905,1.07802,1.07878,2423
2024-02-02 19:00:00,1.0788,1.07952,1.07856,1.0792,2060
2024-02-02 20:00:00,1.0792,1.07968,1.07914,1.07926,1695
2024-02-02 21:00:00,1.07926,1.07935,1.07855,1.0787,800
2024-02-04 22:00:00,1.07824,1.07849,1.07773,1.07799,405
2024-02-04 23:00:00,1.07794,1.07822,1.07686,1.07785,1145
2024-02-05 00:00:00,1.07794,1.07827,1.07669,1.07722,2717
2024-02-05 01:00:00,1.07724,1.07782,1.07681,1.0777700000000001,1940
2024-02-05 02:00:00,1.07776,1.07807,1.07748,1.07783,1440
2024-02-05 03:00:00,1.07784,1.07806,1.07741,1.07786,1181
2024-02-05 04:00:00,1.0778699999999999,1.07798,1.07751,1.07783,746
2024-02-05 05:00:00,1.07784,1.07817,1.07729,1.07814,1353
2024-02-05 06:00:00,1.07814,1.07843,1.0777,1.0777700000000001,1542
2024-02-05 07:00:00,1.07774,1.07828,1.07722,1.07799,2281
2024-02-05 08:00:00,1.07801,1.07855,1.07631,1.0766499999999999,2852
2024-02-05 09:00:00,1.07663,1.07723,1.07517,1.07535,2277
2024-02-05 10:00:00,1.07533,1.07559,1.07468,1.07491,2173
2024-02-05 11:00:00,1.07494,1.0758,1.07466,1.0754299999999999,2040
2024-02-05 12:00:00,1.07547,1.07574,1.07488,1.07493,2018
2024-02-05 13:00:00,1.07489,1.07502,1.07357,1.07372,2533
2024-02-05 14:00:00,1.07375,1.07445,1.07346,1.0742099999999999,3152
2024-02-05 15:00:00,1.07417,1.07417,1.07228,1.0725,5266
2024-02-05 16:00:00,1.0725,1.07354,1.07243,1.07347,2393
2024-02-05 17:00:00,1.07347,1.07422,1.07334,1.07386,1781
2024-02-05 18:00:00,1.07386,1.07461,1.07367,1.07436,1607
2024-02-05 19:00:00,1.07436,1.07458,1.07415,1.07424,1262
2024-02-05 20:00:00,1.07426,1.07436,1.07363,1.07422,1482
2024-02-05 21:00:00,1.07423,1.07424,1.07388,1.07414,624
2024-02-05 22:00:00,1.07409,1.07423,1.0733,1.07423,669
2024-02-05 23:00:00,1.07425,1.0743,1.07402,1.07405,435
2024-02-06 00:00:00,1.07405,1.07447,1.07405,1.07433,863
2024-02-06 01:00:00,1.07433,1.07466,1.07411,1.07449,1491
2024-02-06 02:00:00,1.07449,1.07487,1.07433,1.07456,1049
2024-02-06 03:00:00,1.07456,1.07483,1.07429,1.07435,1142
2024-02-06 04:00:00,1.07433,1.07498,1.0743,1.07484,1090
2024-02-06 05:00:00,1.07484,1.07536,1.07481,1.07529,1243
2024-02-06 06:00:00,1.0753,1.0753,1.07477,1.07507,1344
2024-02-06 07:00:00,1.07501,1.07619,1.07501,1.07515,2498
2024-02-06 08:00:00,1.07517,1.07596,1.07448,1.07456,2800
2024-02-06 09:00:00,1.07456,1.0747,1.07252,1.07288,2378
2024-02-06 10:00:00,1.07288,1.0735999999999999,1.07273,1.0729,1806
2024-02-06 11:00:00,1.0729,1.07424,1.07239,1.0738,1751
2024-02-06 12:00:00,1.07378,1.07388,1.0722,1.07353,2177
2024-02-06 13:00:00,1.07356,1.07434,1.07276,1.07303,3226
2024-02-06 14:00:00,1.073,1.07431,1.07284,1.07399,3466
2024-02-06 15:00:00,1.07399,1.07479,1.07361,1.07427,3803
2024-02-06 16:00:00,1.07428,1.07527,1.07384,1.0749900000000001,2684
2024-02-06 17:00:00,1.0749900000000001,1.07546,1.07473,1.07505,2307
2024-02-06 18:00:00,1.07503,1.07551,1.07431,1.07534,2372
2024-02-06 19:00:00,1.07534,1.07542,1.07464,1.0749,2135
2024-02-06 20:00:00,1.07492,1.07569,1.07487,1.07561,1614
2024-02-06 21:00:00,1.07559,1.07559,1.07522,1.07534,816
2024-02-06 22:00:00,1.07537,1.0754,1.07505,1.0754,1061
2024-02-06 23:00:00,1.0754299999999999,1.07561,1.07538,1.07558,492
2024-02-07 00:00:00,1.07562,1.07589,1.07554,1.07584,809
2024-02-07 01:00:00,1.07584,1.07646,1.07583,1.07628,1367
2024-02-07 02:00:00,1.07629,1.07652,1.07611,1.07628,1176
2024-02-07 03:00:00,1.07628,1.07661,1.0758,1.07583,971
2024-02-07 04:00:00,1.07583,1.07599,1.07563,1.07586,775
2024-02-07 05:00:00,1.07586,1.07641,1.07574,1.07621,1093
2024-02-07 06:00:00,1.07621,1.07651,1.07563,1.07608,1312
2024-02-07 07:00:00,1.07611,1.07724,1.07603,1.0772,2173
2024-02-07 08:00:00,1.07719,1.07729,1.076,1.07625,2578
2024-02-07 09:00:00,1.07624,1.07704,1.07574,1.07687,2189
2024-02-07 10:00:00,1.07687,1.07703,1.07623,1.07638,2430
2024-02-07 11:00:00,1.07637,1.07737,1.07618,1.07704,2137
2024-02-07 12:00:00,1.07705,1.07747,1.07657,1.07731,2145
2024-02-07 13:00:00,1.07734,1.07835,1.07664,1.077,2682
2024-02-07 14:00:00,1.07699,1.07774,1.07652,1.07711,4017
2024-02-07 15:00:00,1.07713,1.07794,1.07555,1.07563,4274
2024-02-07 16:00:00,1.07566,1.07708,1.07557,1.07671,3016
2024-02-07 17:00:00,1.07669,1.07675,1.0759,1.07645,2059
2024-02-07 18:00:00,1.07642,1.07731,1.0764,1.07704,2200
2024-02-07 19:00:00,1.07706,1.07748,1.07693,1.07714,1456
2024-02-07 20:00:00,1.07714,1.07738,1.07703,1.07722,1338
2024-02-07 21:00:00,1.07722,1.07743,1.07711,1.0771600000000001,784
2024-02-07 22:00:00,1.07717,1.07723,1.07671,1.07723,853
2024-02-07 23:00:00,1.07723,1.07764,1.0771600000000001,1.0775,638
2024-02-08 00:00:00,1.07752,1.0779,1.07739,1.07774,831
2024-02-08 01:00:00,1.07773,1.07793,1.07749,1.07781,1220
2024-02-08 02:00:00,1.07781,1.07827,1.0777700000000001,1.07822,921
2024-02-08 03:00:00,1.07822,1.07844,1.0781,1.07818,537
2024-02-08 04:00:00,1.0782,1.07878,1.07792,1.07796,845
2024-02-08 05:00:00,1.07793,1.07837,1.07781,1.0782,938
2024-02-08 06:00:00,1.07823,1.07858,1.07805,1.07834,1071
2024-02-08 07:00:00,1.07834,1.07884,1.07764,1.07797,2090
2024-02-08 08:00:00,1.07795,1.07834,1.0768,1.07767,2634
2024-02-08 09:00:00,1.07768,1.07837,1.07732,1.07824,2216
2024-02-08 10:00:00,1.07825,1.0785,1.07707,1.07714,1845
2024-02-08 11:00:00,1.07714,1.07729,1.07607,1.07628,1794
2024-02-08 12:00:00,1.07627,1.07633,1.07496,1.07564,2216
2024-02-08 13:00:00,1.07567,1.07616,1.07413,1.07437,3801
2024-02-08 14:00:00,1.07435,1.07668,1.07428,1.07643,3150
2024-02-08 15:00:00,1.07645,1.0767,1.0751,1.07607,3439
2024-02-08 16:00:00,1.07606,1.07735,1.07595,1.07727,2330
2024-02-08 17:00:00,1.07729,1.07761,1.07708,1.0773,1791
2024-02-08 18:00:00,1.0773,1.07822,1.07727,1.07761,2265
2024-02-08 19:00:00,1.07761,1.07782,1.07723,1.07743,1677
2024-02-08 20:00:00,1.07745,1.07793,1.07744,1.07772,1369
2024-02-08 21:00:00,1.07773,1.0778,1.07757,1.07769,560
2024-02-08 22:00:00,1.07767,1.0777,1.07732,1.07758,788
2024-02-08 23:00:00,1.07755,1.07775,1.07734,1.07767,602
2024-02-09 00:00:00,1.07774,1.07782,1.07718,1.07724,893
2024-02-09 01:00:00,1.07725,1.07781,1.07725,1.07739,1045
2024-02-09 02:00:00,1.07739,1.07776,1.07727,1.07756,799
2024-02-09 03:00:00,1.07756,1.07772,1.07698,1.07705,746
2024-02-09 04:00:00,1.07707,1.07724,1.0769,1.07707,665
2024-02-09 05:00:00,1.07707,1.07735,1.0769,1.07705,615
2024-02-09 06:00:00,1.07706,1.07752,1.07695,1.0774,779
2024-02-09 07:00:00,1.07743,1.07824,1.07739,1.07798,1774
2024-02-09 08:00:00,1.07801,1.07841,1.07719,1.07724,2618
2024-02-09 09:00:00,1.07722,1.07763,1.07657,1.07668,2606
2024-02-09 10:00:00,1.07666,1.07697,1.07617,1.07662,2076
2024-02-09 11:00:00,1.07664,1.07729,1.07631,1.07712,1909
2024-02-09 12:00:00,1.07711,1.0776,1.07626,1.07668,2158
2024-02-09 13:00:00,1.07666,1.07944,1.07646,1.07825,5935
2024-02-09 14:00:00,1.07823,1.07946,1.07746,1.07816,4461
2024-02-09 15:00:00,1.07813,1.07892,1.07794,1.07858,3616
2024-02-09 16:00:00,1.07857,1.07874,1.07793,1.07813,2340
2024-02-09 17:00:00,1.07812,1.07862,1.07789,1.0785,1668
2024-02-09 18:00:00,1.0785,1.07903,1.0785,1.07863,1258
2024-02-09 19:00:00,1.07864,1.07875,1.0781,1.07821,982
2024-02-09 20:00:00,1.07822,1.07874,1.07792,1.07856,1359
2024-02-09 21:00:00,1.07857,1.07881,1.07835,1.07851,720
2024-02-11 22:00:00,1.07816,1.0784,1.07804,1.0783,284
2024-02-11 23:00:00,1.0783,1.07966,1.07829,1.07955,1089
2024-02-12 00:00:00,1.07974,1.07995,1.07961,1.07979,870
2024-02-12 01:00:00,1.07982,1.07983,1.07932,1.07953,711
2024-02-12 02:00:00,1.07954,1.07974,1.07927,1.07946,598
2024-02-12 03:00:00,1.07946,1.07966,1.07907,1.07915,628
2024-02-12 04:00:00,1.07914,1.07937,1.07891,1.07901,564
2024-02-12 05:00:00,1.07901,1.0794,1.07895,1.07912,797
2024-02-12 06:00:00,1.07912,1.07928,1.07895,1.07912,771
2024-02-12 07:00:00,1.07912,1.0805,1.0789,1.08026,1931
2024-02-12 08:00:00,1.08024,1.08025,1.07739,1.07749,2871
2024-02-12 09:00:00,1.0775,1.07775,1.07664,1.07688,1973
2024-02-12 10:00:00,1.07688,1.07783,1.0766499999999999,1.07763,1704
2024-02-12 11:00:00,1.07765,1.07774,1.07626,1.0769,1939
2024-02-12 12:00:00,1.0769,1.0773,1.07648,1.07693,1904
2024-02-12 13:00:00,1.07695,1.07731,1.07605,1.07636,2570
2024-02-12 14:00:00,1.07635,1.07736,1.07625,1.07715,2448
2024-02-12 15:00:00,1.0771600000000001,1.07719,1.07554,1.0767,2348
2024-02-12 16:00:00,1.07671,1.07768,1.07647,1.07729,2113
2024-02-12 17:00:00,1.07728,1.07819,1.07722,1.07817,1821
2024-02-12 18:00:00,1.07818,1.07855,1.078,1.07806,1676
2024-02-12 19:00:00,1.07807,1.07824,1.07675,1.07691,1641
2024-02-12 20:00:00,1.07691,1.07744,1.07688,1.07736,1455
2024-02-12 21:00:00,1.07735,1.07746,1.077,1.07706,567
2024-02-12 22:00:00,1.07708,1.07729,1.07673,1.07722,1018
2024-02-12 23:00:00,1.0772,1.07724,1.07703,1.0771,501
2024-02-13 00:00:00,1.07712,1.0772599999999999,1.07667,1.07722,768
2024-02-13 01:00:00,1.07722,1.0774,1.07653,1.0766499999999999,808
2024-02-13 02:00:00,1.0766499999999999,1.07666,1.07619,1.07639,805
2024-02-13 03:00:00,1.0764,1.07644,1.07602,1.07612,686
2024-02-13 04:00:00,1.07612,1.07638,1.07607,1.07631,578
2024-02-13 05:00:00,1.07629,1.07675,1.07629,1.07662,702
2024-02-13 06:00:00,1.07663,1.07719,1.07656,1.07698,853
2024-02-13 07:00:00,1.07701,1.07771,1.0765500000000001,1.07708,2534
2024-02-13 08:00:00,1.07706,1.07743,1.07619,1.07673,2431
2024-02-13 09:00:00,1.07673,1.07689,1.07564,1.0766,2144
2024-02-13 10:00:00,1.07661,1.07756,1.07657,1.07717,1940
2024-02-13 11:00:00,1.07718,1.07812,1.07718,1.07772,1944
2024-02-13 12:00:00,1.0777,1.07861,1.07755,1.0785,2074
2024-02-13 13:00:00,1.0784799999999999,1.0798,1.07027,1.0708199999999999,7707
2024-02-13 14:00:00,1.0708,1.07231,1.07002,1.07174,6175
2024-02-13 15:00:00,1.07177,1.07263,1.07056,1.07164,4380
2024-02-13 16:00:00,1.07165,1.07218,1.07124,1.07187,2849
2024-02-13 17:00:00,1.07187,1.07195,1.07118,1.07149,2149
2024-02-13 18:00:00,1.07151,1.07196,1.0707,1.0708,1717
2024-02-13 19:00:00,1.07078,1.07079,1.07002,1.0701,1979
2024-02-13 20:00:00,1.0701,1.07095,1.07001,1.07069,1692
2024-02-13 21:00:00,1.07067,1.07096,1.07066,1.07076,714
2024-02-13 22:00:00,1.07073,1.07098,1.07039,1.07098,814
2024-02-13 23:00:00,1.07099,1.07102,1.07073,1.0708,534
2024-02-14 00:00:00,1.07081,1.0714,1.07057,1.07075,1022
2024-02-14 01:00:00,1.07076,1.07117,1.07029,1.0711,1465
2024-02-14 02:00:00,1.07112,1.07134,1.07084,1.07094,1035
2024-02-14 03:00:00,1.07093,1.07134,1.07078,1.0712,833
2024-02-14 04:00:00,1.0712,1.07142,1.07089,1.07138,806
2024-02-14 05:00:00,1.07138,1.07145,1.07112,1.07136,939
2024-02-14 06:00:00,1.07136,1.07182,1.0713300000000001,1.07159,1006
2024-02-14 07:00:00,1.07159,1.0717,1.07046,1.07073,2713
2024-02-14 08:00:00,1.07074,1.07078,1.06946,1.07018,2962
2024-02-14 09:00:00,1.0702,1.07053,1.06958,1.06997,2423
2024-02-14 10:00:00,1.06997,1.07038,1.0695999999999999,1.07031,1893
2024-02-14 11:00:00,1.07031,1.07099,1.06968,1.0707200000000001,1984
2024-02-14 12:00:00,1.07073,1.07098,1.07008,1.07053,1952
2024-02-14 13:00:00,1.07055,1.07162,1.07054,1.07083,3256
2024-02-14 14:00:00,1.0708199999999999,1.07224,1.07063,1.07155,3615
2024-02-14 15:00:00,1.07155,1.07248,1.07126,1.07209,3348
2024-02-14 16:00:00,1.07208,1.07339,1.07189,1.07333,2622
2024-02-14 17:00:00,1.07333,1.07333,1.07272,1.07301,2045
2024-02-14 18:00:00,1.07302,1.07333,1.0725500000000001,1.07266,1789
2024-02-14 19:00:00,1.07264,1.07289,1.07252,1.07277,1576
2024-02-14 20:00:00,1.07277,1.07283,1.07257,1.07272,1400
2024-02-14 21:00:00,1.07269,1.07279,1.07251,1.0727,586
2024-02-14 22:00:00,1.07268,1.07274,1.07243,1.07267,739
2024-02-14 23:00:00,1.07268,1.07313,1.07265,1.07311,468
2024-02-15 00:00:00,1.07317,1.07349,1.07289,1.07337,861
2024-02-15 01:00:00,1.07335,1.07346,1.0726,1.07279,1062
2024-02-15 02:00:00,1.07279,1.07311,1.07254,1.07289,850
2024-02-15 03:00:00,1.07292,1.07301,1.07248,1.07254,763
2024-02-15 04:00:00,1.07254,1.07265,1.07242,1.07256,705
2024-02-15 05:00:00,1.07258,1.0731600000000001,1.07257,1.07287,747
2024-02-15 06:00:00,1.07287,1.07334,1.07269,1.07307,1144
2024-02-15 07:00:00,1.07306,1.07409,1.07273,1.07326,2287
2024-02-15 08:00:00,1.07326,1.07371,1.07292,1.07306,2503
2024-02-15 09:00:00,1.07307,1.07364,1.07277,1.07327,2132
2024-02-15 10:00:00,1.07326,1.07363,1.07303,1.0734,1812
2024-02-15 11:00:00,1.07341,1.07395,1.07335,1.07351,1517
2024-02-15 12:00:00,1.0735,1.0748199999999999,1.07349,1.07446,1628
2024-02-15 13:00:00,1.07444,1.07724,1.0742099999999999,1.0766,5506
2024-02-15 14:00:00,1.07657,1.07822,1.07589,1.07755,4436
2024-02-15 15:00:00,1.07758,1.07844,1.07583,1.07608,3332
2024-02-15 16:00:00,1.07609,1.07627,1.07548,1.07594,2551
2024-02-15 17:00:00,1.07595,1.07624,1.07562,1.07617,1860
2024-02-15 18:00:00,1.07618,1.0767,1.07599,1.07664,1619
2024-02-15 19:00:00,1.07663,1.07717,1.0766,1.07681,1551
2024-02-15 20:00:00,1.07682,1.07714,1.07674,1.07708,1310
2024-02-15 21:00:00,1.0771,1.07736,1.07697,1.07713,663
2024-02-15 22:00:00,1.0771600000000001,1.0771600000000001,1.07678,1.07708,777
2024-02-15 23:00:00,1.07721,1.0776,1.07714,1.07727,538
2024-02-16 00:00:00,1.07723,1.07732,1.07609,1.07644,1120
2024-02-16 01:00:00,1.07645,1.07658,1.0761,1.07645,1320
2024-02-16 02:00:00,1.07646,1.07646,1.07596,1.07601,1120
2024-02-16 03:00:00,1.076,1.07629,1.07588,1.07597,1050
2024-02-16 04:00:00,1.07598,1.07609,1.0757,1.0759,846
2024-02-16 05:00:00,1.07589,1.07613,1.07581,1.07598,974
2024-02-16 06:00:00,1.07599,1.07623,1.0758,1.07622,1035
2024-02-16 07:00:00,1.07624,1.07674,1.07598,1.07603,2043
2024-02-16 08:00:00,1.07605,1.07709,1.07592,1.07693,2167
2024-02-16 09:00:00,1.07693,1.07713,1.07636,1.07658,1980
2024-02-16 10:00:00,1.0766,1.07704,1.07623,1.07678,1471
2024-02-16 11:00:00,1.07679,1.07795,1.0766499999999999,1.0777,1612
2024-02-16 12:00:00,1.07768,1.07776,1.07671,1.07678,1907
2024-02-16 13:00:00,1.07678,1.07707,1.0731600000000001,1.0746,4894
2024-02-16 14:00:00,1.07462,1.07564,1.07407,1.07492,4124
2024-02-16 15:00:00,1.07491,1.07765,1.0748199999999999,1.07704,4133
2024-02-16 16:00:00,1.07706,1.07748,1.07653,1.0768,2426
2024-02-16 17:00:00,1.07679,1.07774,1.07623,1.07771,1940
2024-02-16 18:00:00,1.07773,1.07856,1.07734,1.07845,1816
2024-02-16 19:00:00,1.07847,1.07869,1.07751,1.07767,1791
2024-02-16 20:00:00,1.07766,1.07772,1.0772599999999999,1.07759,1890
2024-02-16 21:00:00,1.0776,1.07776,1.07743,1.07767,710
2024-02-18 22:00:00,1.07734,1.07752,1.07669,1.07735,487
2024-02-18 23:00:00,1.07732,1.07827,1.07732,1.07812,693
2024-02-19 00:00:00,1.07834,1.07885,1.07831,1.07865,938
2024-02-19 01:00:00,1.07866,1.07876,1.07781,1.07798,1240
2024-02-19 02:00:00,1.078,1.07814,1.0777700000000001,1.07809,896
2024-02-19 03:00:00,1.07809,1.07827,1.07746,1.07752,857
2024-02-19 04:00:00,1.07752,1.07807,1.07745,1.07774,792
2024-02-19 05:00:00,1.07773,1.07823,1.07764,1.0781,751
2024-02-19 06:00:00,1.07811,1.07861,1.07793,1.07858,1051
2024-02-19 07:00:00,1.07858,1.07889,1.0781,1.07823,1462
2024-02-19 08:00:00,1.07825,1.07867,1.07759,1.0778,2039
2024-02-19 09:00:00,1.0778,1.07829,1.0772,1.07743,1995
2024-02-19 10:00:00,1.07745,1.07782,1.07719,1.07749,1606
2024-02-19 11:00:00,1.07749,1.07811,1.0773,1.07765,1567
2024-02-19 12:00:00,1.07766,1.07792,1.07691,1.077,1536
2024-02-19 13:00:00,1.07702,1.07786,1.07669,1.07697,1824
2024-02-19 14:00:00,1.07699,1.07702,1.07625,1.0766,1868
2024-02-19 15:00:00,1.0766,1.0768,1.07616,1.07668,1705
2024-02-19 16:00:00,1.07668,1.07702,1.0762,1.07692,1128
2024-02-19 17:00:00,1.07692,1.07758,1.07689,1.07756,614
2024-02-19 18:00:00,1.07755,1.07831,1.07754,1.07786,554
2024-02-19 19:00:00,1.07786,1.07819,1.07774,1.07781,386
2024-02-19 20:00:00,1.07782,1.07794,1.07771,1.0778699999999999,282
2024-02-19 21:00:00,1.07788,1.07819,1.07781,1.07782,316
2024-02-19 22:00:00,1.07786,1.07786,1.07743,1.07785,721
2024-02-19 23:00:00,1.07786,1.07798,1.07733,1.07754,707
2024-02-20 00:00:00,1.07751,1.07763,1.07674,1.07694,921
2024-02-20 01:00:00,1.07694,1.07709,1.07647,1.07656,1451
2024-02-20 02:00:00,1.07656,1.0766499999999999,1.07614,1.07664,1131
2024-02-20 03:00:00,1.07662,1.07681,1.07642,1.07675,962
2024-02-20 04:00:00,1.07674,1.07705,1.07669,1.07686,798
2024-02-20 05:00:00,1.07684,1.07695,1.07648,1.07676,1014
2024-02-20 06:00:00,1.07677,1.07723,1.07669,1.07703,1117
2024-02-20 07:00:00,1.07705,1.07743,1.07671,1.07693,2020
2024-02-20 08:00:00,1.07692,1.07772,1.07686,1.07751,2493
2024-02-20 09:00:00,1.07751,1.07984,1.07735,1.07973,2176
2024-02-20 10:00:00,1.07972,1.08089,1.07948,1.08033,2194
2024-02-20 11:00:00,1.08034,1.08039,1.07932,1.07978,2482
2024-02-20 12:00:00,1.0798,1.08051,1.0795,1.07978,2263
2024-02-20 13:00:00,1.07978,1.08245,1.07964,1.08226,3406
2024-02-20 14:00:00,1.08228,1.08385,1.08177,1.08286,3240
2024-02-20 15:00:00,1.08288,1.08293,1.08127,1.0822,3170
2024-02-20 16:00:00,1.08218,1.08244,1.0812,1.0812599999999999,2432
2024-02-20 17:00:00,1.08128,1.08147,1.08088,1.08114,1872
2024-02-20 18:00:00,1.08115,1.0812599999999999,1.08068,1.08096,1470
2024-02-20 19:00:00,1.08098,1.0811,1.0806,1.08061,1741
2024-02-20 20:00:00,1.08061,1.08122,1.0804,1.08101,1505
2024-02-20 21:00:00,1.08101,1.08103,1.08063,1.08075,627
2024-02-20 22:00:00,1.08071,1.08091,1.08049,1.08091,621
2024-02-20 23:00:00,1.08091,1.08105,1.08074,1.08102,543
2024-02-21 00:00:00,1.08092,1.08107,1.08063,1.08099,946
2024-02-21 01:00:00,1.08099,1.08121,1.08051,1.08114,1138
2024-02-21 02:00:00,1.08114,1.08169,1.08114,1.08147,1183
2024-02-21 03:00:00,1.08147,1.08183,1.08131,1.08174,1046
2024-02-21 04:00:00,1.08174,1.08186,1.08128,1.08138,904
2024-02-21 05:00:00,1.08139,1.08162,1.0812,1.08145,1039
2024-02-21 06:00:00,1.08145,1.08148,1.08072,1.0811,1249
2024-02-21 07:00:00,1.08108,1.08137,1.08062,1.08104,1851
2024-02-21 08:00:00,1.08102,1.0814300000000001,1.07969,1.07986,2391
2024-02-21 09:00:00,1.07986,1.07999,1.07897,1.07994,2168
2024-02-21 10:00:00,1.07992,1.08027,1.07954,1.08007,2053
2024-02-21 11:00:00,1.08007,1.08018,1.07939,1.07985,1709
2024-02-21 12:00:00,1.07988,1.08027,1.0796000000000001,1.08025,2042
2024-02-21 13:00:00,1.08026,1.08111,1.08026,1.08097,2476
2024-02-21 14:00:00,1.08096,1.08156,1.08058,1.08125,2564
2024-02-21 15:00:00,1.08123,1.08194,1.0804,1.08049,2727
2024-02-21 16:00:00,1.08049,1.08185,1.08005,1.08165,2349
2024-02-21 17:00:00,1.08164,1.08169,1.08063,1.08072,1925
2024-02-21 18:00:00,1.08073,1.08132,1.07994,1.08114,2366
2024-02-21 19:00:00,1.08111,1.08239,1.08045,1.08161,3283
2024-02-21 20:00:00,1.0816,1.08203,1.08121,1.08169,1883
2024-02-21 21:00:00,1.08169,1.08198,1.08127,1.08174,1102
2024-02-21 22:00:00,1.08174,1.08189,1.08147,1.08189,1223
2024-02-21 23:00:00,1.0819,1.08218,1.0818,1.08198,615
2024-02-22 00:00:00,1.08198,1.08316,1.08194,1.08296,1066
2024-02-22 01:00:00,1.08299,1.08302,1.08263,1.08264,1180
2024-02-22 02:00:00,1.08262,1.08268,1.0818699999999999,1.08255,1168
2024-02-22 03:00:00,1.08255,1.08268,1.08226,1.08255,740
2024-02-22 04:00:00,1.08255,1.08306,1.08247,1.083,680
2024-02-22 05:00:00,1.083,1.08373,1.08291,1.08328,858
2024-02-22 06:00:00,1.08328,1.08396,1.0832600000000001,1.08383,1066
2024-02-22 07:00:00,1.08382,1.08532,1.0836999999999999,1.08526,2321
2024-02-22 08:00:00,1.08523,1.08878,1.0852,1.08711,6986
2024-02-22 09:00:00,1.08712,1.08715,1.08477,1.08525,3100
2024-02-22 10:00:00,1.08525,1.08583,1.08499,1.08561,2159
2024-02-22 11:00:00,1.08563,1.08568,1.08444,1.08568,2197
2024-02-22 12:00:00,1.08566,1.0858,1.08421,1.08438,2139
2024-02-22 13:00:00,1.08435,1.08476,1.08208,1.08227,4029
2024-02-22 14:00:00,1.08226,1.08244,1.08024,1.08177,4317
2024-02-22 15:00:00,1.08175,1.08189,1.08032,1.08099,4114
2024-02-22 16:00:00,1.081,1.0818,1.0808200000000001,1.08135,2416
2024-02-22 17:00:00,1.08136,1.08236,1.08112,1.08197,1773
2024-02-22 18:00:00,1.08197,1.08256,1.08139,1.08244,1809
2024-02-22 19:00:00,1.08242,1.0824799999999999,1.0818699999999999,1.08219,1506
2024-02-22 20:00:00,1.08218,1.08227,1.0818,1.08215,1611
2024-02-22 21:00:00,1.08215,1.08233,1.08202,1.08215,644
2024-02-22 22:00:00,1.08217,1.08224,1.0818699999999999,1.08215,798
2024-02-22 23:00:00,1.08212,1.08254,1.0821,1.08244,551
2024-02-23 00:00:00,1.0824799999999999,1.08276,1.08145,1.08212,1299
2024-02-23 01:00:00,1.0821,1.08314,1.0821,1.08267,1446
2024-02-23 02:00:00,1.08269,1.08301,1.08244,1.08249,1108
2024-02-23 03:00:00,1.0825,1.08256,1.08222,1.0825,921
2024-02-23 04:00:00,1.0825,1.0828,1.08246,1.0825,585
2024-02-23 05:00:00,1.08249,1.0826500000000001,1.08207,1.08223,781
2024-02-23 06:00:00,1.08222,1.08273,1.08216,1.0825,1159
2024-02-23 07:00:00,1.08249,1.08315,1.08233,1.08291,2001
2024-02-23 08:00:00,1.08292,1.08319,1.08203,1.08247,2344
2024-02-23 09:00:00,1.08247,1.08253,1.08137,1.0817,2255
2024-02-23 10:00:00,1.08171,1.08244,1.08168,1.08234,1736
2024-02-23 11:00:00,1.08232,1.08308,1.08218,1.0826500000000001,2102
2024-02-23 12:00:00,1.08266,1.0839,1.08242,1.08355,2431
2024-02-23 13:00:00,1.08357,1.08363,1.08264,1.08313,2812
2024-02-23 14:00:00,1.08312,1.08365,1.08238,1.08253,2870
2024-02-23 15:00:00,1.08252,1.08253,1.08114,1.08201,3181
2024-02-23 16:00:00,1.08202,1.08282,1.08146,1.08267,2665
2024-02-23 17:00:00,1.08267,1.08283,1.08207,1.08242,1931
2024-02-23 18:00:00,1.08244,1.08291,1.08222,1.08259,1536
2024-02-23 19:00:00,1.08258,1.08262,1.08197,1.08225,1369
2024-02-23 20:00:00,1.08226,1.0824,1.08173,1.08217,1578
2024-02-23 21:00:00,1.08216,1.08226,1.082,1.08205,699
2024-02-25 22:00:00,1.08252,1.08252,1.08151,1.0821,592
2024-02-25 23:00:00,1.08213,1.08213,1.08172,1.08177,724
2024-02-26 00:00:00,1.08188,1.082,1.08157,1.08162,1106
2024-02-26 01:00:00,1.08162,1.0819,1.08122,1.08161,1237
2024-02-26 02:00:00,1.08161,1.08172,1.0814,1.08165,923
2024-02-26 03:00:00,1.08165,1.0819,1.08154,1.0818,752
2024-02-26 04:00:00,1.0818,1.08221,1.08169,1.08207,735
2024-02-26 05:00:00,1.08206,1.08235,1.08183,1.08227,944
2024-02-26 06:00:00,1.08227,1.0825,1.08216,1.08236,933
2024-02-26 07:00:00,1.08237,1.08363,1.08224,1.08316,1995
2024-02-26 08:00:00,1.08318,1.08349,1.08267,1.08314,2272
2024-02-26 09:00:00,1.08316,1.08398,1.083,1.08396,1776
2024-02-26 10:00:00,1.08396,1.08481,1.08378,1.08473,1696
2024-02-26 11:00:00,1.08472,1.08534,1.08443,1.08513,1601
2024-02-26 12:00:00,1.08514,1.08594,1.08484,1.0849,1755
2024-02-26 13:00:00,1.08488,1.08583,1.08478,1.08572,2246
2024-02-26 14:00:00,1.08573,1.08581,1.08435,1.08459,2577
2024-02-26 15:00:00,1.08461,1.08538,1.08381,1.08505,2595
2024-02-26 16:00:00,1.08503,1.0855,1.08465,1.08534,2191
2024-02-26 17:00:00,1.08535,1.08545,1.08433,1.0845,1612
2024-02-26 18:00:00,1.0845,1.08454,1.08394,1.08441,1560
2024-02-26 19:00:00,1.0844,1.0847,1.08434,1.08458,1299
2024-02-26 20:00:00,1.08458,1.08522,1.08456,1.08502,1443
2024-02-26 21:00:00,1.08501,1.08512,1.0849199999999999,1.08505,453
2024-02-26 22:00:00,1.08503,1.08503,1.0845,1.08495,790
2024-02-26 23:00:00,1.08496,1.08509,1.08478,1.08497,493
2024-02-27 00:00:00,1.08499,1.08502,1.08463,1.08469,817
2024-02-27 01:00:00,1.08469,1.08503,1.08449,1.08497,951
2024-02-27 02:00:00,1.08498,1.0853,1.08478,1.0851,1025
2024-02-27 03:00:00,1.0851,1.08526,1.08483,1.08523,867
2024-02-27 04:00:00,1.08523,1.0855,1.08519,1.0853,754
2024-02-27 05:00:00,1.0853,1.08538,1.0848,1.08514,811
2024-02-27 06:00:00,1.08516,1.08525,1.08465,1.08497,1276
2024-02-27 07:00:00,1.08498,1.08621,1.08495,1.08557,1801
2024-02-27 08:00:00,1.08556,1.08655,1.08526,1.08573,2230
2024-02-27 09:00:00,1.08571,1.08591,1.08514,1.08526,2070
2024-02-27 10:00:00,1.08526,1.08527,1.08414,1.08511,1863
2024-02-27 11:00:00,1.0851,1.08584,1.08475,1.0857,1563
2024-02-27 12:00:00,1.0857,1.08626,1.0855299999999999,1.0856,1712
2024-02-27 13:00:00,1.08562,1.08574,1.08445,1.08477,2809
2024-02-27 14:00:00,1.08476,1.08505,1.08356,1.08397,2332
2024-02-27 15:00:00,1.08398,1.08506,1.0832600000000001,1.08463,2968
2024-02-27 16:00:00,1.08464,1.08573,1.08443,1.08554,2594
2024-02-27 17:00:00,1.08556,1.08562,1.08484,1.08504,2001
2024-02-27 18:00:00,1.08505,1.08561,1.08485,1.0849199999999999,1951
2024-02-27 19:00:00,1.08489,1.0849,1.08404,1.0844,1574
2024-02-27 20:00:00,1.08437,1.08471,1.08414,1.0844,1329
2024-02-27 21:00:00,1.08439,1.08459,1.0842,1.08427,566
2024-02-27 22:00:00,1.08428,1.08449,1.08402,1.08438,788
2024-02-27 23:00:00,1.08442,1.08449,1.08408,1.0841,429
2024-02-28 00:00:00,1.08408,1.08453,1.084,1.08442,876
2024-02-28 01:00:00,1.08443,1.08443,1.08375,1.08392,1386
2024-02-28 02:00:00,1.0839,1.08398,1.08367,1.08372,933
2024-02-28 03:00:00,1.08372,1.08377,1.08324,1.08341,803
2024-02-28 04:00:00,1.08341,1.08353,1.08316,1.0832,706
2024-02-28 05:00:00,1.08318,1.08329,1.08251,1.08264,821
2024-02-28 06:00:00,1.08263,1.08292,1.08217,1.08222,1039
2024-02-28 07:00:00,1.08221,1.08245,1.0816,1.08226,1850
2024-02-28 08:00:00,1.08229,1.08237,1.0808,1.08087,2151
2024-02-28 09:00:00,1.08087,1.08123,1.0796000000000001,1.07997,2748
2024-02-28 10:00:00,1.07996,1.08172,1.0799,1.08149,2318
2024-02-28 11:00:00,1.08147,1.08174,1.08105,1.08149,1842
2024-02-28 12:00:00,1.0815,1.0820400000000001,1.08068,1.08084,1986
2024-02-28 13:00:00,1.08085,1.08303,1.08064,1.08271,3633
2024-02-28 14:00:00,1.08271,1.0833,1.08209,1.08297,3332
2024-02-28 15:00:00,1.08297,1.08372,1.08256,1.08336,2652
2024-02-28 16:00:00,1.08336,1.08418,1.08308,1.08416,2287
2024-02-28 17:00:00,1.08416,1.08453,1.08336,1.08378,1759
2024-02-28 18:00:00,1.08378,1.084,1.08327,1.08339,1466
2024-02-28 19:00:00,1.08338,1.0836999999999999,1.08322,1.08333,1465
2024-02-28 20:00:00,1.08333,1.08393,1.08327,1.08378,1166
2024-02-28 21:00:00,1.08376,1.0838700000000001,1.08356,1.08373,601
2024-02-28 22:00:00,1.08371,1.08386,1.0832600000000001,1.08376,940
2024-02-28 23:00:00,1.08377,1.08397,1.08362,1.08376,563
2024-02-29 00:00:00,1.08378,1.08396,1.08343,1.08359,932
2024-02-29 01:00:00,1.08359,1.08398,1.08277,1.08287,1626
2024-02-29 02:00:00,1.08286,1.08363,1.08282,1.08361,1473
2024-02-29 03:00:00,1.08361,1.08373,1.08333,1.08363,1122
2024-02-29 04:00:00,1.08363,1.08374,1.08336,1.08359,1018
2024-02-29 05:00:00,1.0836,1.08372,1.08313,1.08349,1296
2024-02-29 06:00:00,1.08349,1.08377,1.08317,1.08327,1268
2024-02-29 07:00:00,1.08325,1.0838700000000001,1.08255,1.08282,2463
2024-02-29 08:00:00,1.08285,1.08469,1.08279,1.08376,3071
2024-02-29 09:00:00,1.08378,1.08516,1.08373,1.08498,3064
2024-02-29 10:00:00,1.08499,1.08537,1.08373,1.08378,2341
2024-02-29 11:00:00,1.08375,1.08427,1.08286,1.0834,2204
2024-02-29 12:00:00,1.08337,1.08357,1.08262,1.08285,2180
2024-02-29 13:00:00,1.08286,1.08462,1.08214,1.08373,5097
2024-02-29 14:00:00,1.0836999999999999,1.08497,1.08358,1.08461,3517
2024-02-29 15:00:00,1.08464,1.08554,1.0818699999999999,1.08221,4326
2024-02-29 16:00:00,1.08222,1.08246,1.0804,1.08058,3615
2024-02-29 17:00:00,1.08059,1.0807,1.07955,1.07996,2244
2024-02-29 18:00:00,1.07996,1.08097,1.07979,1.08085,1933
2024-02-29 19:00:00,1.08085,1.08106,1.08006,1.0802,1746
2024-02-29 20:00:00,1.08022,1.0809,1.08022,1.08078,1678
2024-02-29 21:00:00,1.08076,1.08081,1.08033,1.08046,874
2024-02-29 22:00:00,1.08044,1.08045,1.07992,1.08045,1312
2024-02-29 23:00:00,1.08045,1.08048,1.08019,1.08046,490
2024-03-01 00:00:00,1.08054,1.0812,1.08049,1.08108,886
2024-03-01 01:00:00,1.08108,1.08208,1.08104,1.08207,1135
2024-03-01 02:00:00,1.08207,1.08213,1.08159,1.08178,899
2024-03-01 03:00:00,1.08178,1.08207,1.0816,1.08162,805
2024-03-01 04:00:00,1.08163,1.08164,1.08117,1.08132,679
2024-03-01 05:00:00,1.08132,1.08138,1.08107,1.08116,726
2024-03-01 06:00:00,1.08116,1.08137,1.08078,1.08089,811
2024-03-01 07:00:00,1.08088,1.08171,1.08084,1.08119,1854
2024-03-01 08:00:00,1.08121,1.08192,1.08086,1.0811,2541
2024-03-01 09:00:00,1.08108,1.08172,1.08081,1.0815,2324
2024-03-01 10:00:00,1.08153,1.0822,1.07981,1.081,3003
2024-03-01 11:00:00,1.081,1.08186,1.08098,1.08182,1964
2024-03-01 12:00:00,1.0818,1.08241,1.08115,1.0812599999999999,1919
2024-03-01 13:00:00,1.0812599999999999,1.08149,1.08074,1.08122,3057
2024-03-01 14:00:00,1.08123,1.08201,1.07977,1.07999,3231
2024-03-01 15:00:00,1.08005,1.08414,1.08001,1.08344,5872
2024-03-01 16:00:00,1.08346,1.08364,1.08229,1.08303,2568
2024-03-01 17:00:00,1.08305,1.08395,1.08282,1.08371,1715
2024-03-01 18:00:00,1.08369,1.0842,1.08311,1.08393,1869
2024-03-01 19:00:00,1.08396,1.08427,1.08376,1.08406,1566
2024-03-01 20:00:00,1.08406,1.08409,1.08345,1.08369,1406
2024-03-01 21:00:00,1.08367,1.08399,1.0833,1.08389,879
2024-03-03 22:00:00,1.08341,1.084,1.08337,1.08383,421
2024-03-03 23:00:00,1.08384,1.0842,1.08378,1.0838700000000001,871
2024-03-04 00:00:00,1.08411,1.08475,1.08401,1.08453,1109
2024-03-04 01:00:00,1.08455,1.08455,1.08381,1.08398,1012
2024-03-04 02:00:00,1.08398,1.08454,1.08381,1.08448,885
2024-03-04 03:00:00,1.08447,1.08451,1.08417,1.08433,736
2024-03-04 04:00:00,1.08433,1.08451,1.08425,1.0843099999999999,643
2024-03-04 05:00:00,1.08432,1.08462,1.08424,1.08438,666
2024-03-04 06:00:00,1.08438,1.08474,1.08425,1.08464,1011
2024-03-04 07:00:00,1.08464,1.08536,1.08447,1.08531,1810
2024-03-04 08:00:00,1.08533,1.08573,1.08374,1.08442,2653
2024-03-04 09:00:00,1.08439,1.08515,1.08417,1.08483,2080
2024-03-04 10:00:00,1.08484,1.08544,1.08453,1.0853,1634
2024-03-04 11:00:00,1.08531,1.08563,1.0851,1.08556,1498
2024-03-04 12:00:00,1.08556,1.08571,1.08413,1.08424,1767
2024-03-04 13:00:00,1.08425,1.08494,1.08397,1.08481,2622
2024-03-04 14:00:00,1.08483,1.08612,1.08447,1.08593,2643
2024-03-04 15:00:00,1.08593,1.08631,1.08548,1.08626,2581
2024-03-04 16:00:00,1.08628,1.0866500000000001,1.08565,1.08609,2301
2024-03-04 17:00:00,1.0861,1.0862,1.08551,1.08576,1794
2024-03-04 18:00:00,1.08576,1.08601,1.08554,1.0856,1145
2024-03-04 19:00:00,1.08561,1.08581,1.08548,1.0856,1112
2024-03-04 20:00:00,1.08562,1.08591,1.08552,1.08555,1110
2024-03-04 21:00:00,1.08555,1.08569,1.08544,1.08551,532
2024-03-04 22:00:00,1.0855,1.08556,1.08514,1.08541,1576
2024-03-04 23:00:00,1.08539,1.08577,1.08539,1.08541,374
2024-03-05 00:00:00,1.08537,1.08549,1.0851,1.08527,666
2024-03-05 01:00:00,1.08527,1.08542,1.08472,1.0849199999999999,1121
2024-03-05 02:00:00,1.08493,1.08515,1.08481,1.08498,879
2024-03-05 03:00:00,1.08498,1.0854300000000001,1.08491,1.08539,693
2024-03-05 04:00:00,1.08538,1.08538,1.08494,1.08502,611
2024-03-05 05:00:00,1.08502,1.08536,1.08489,1.08523,803
2024-03-05 06:00:00,1.08523,1.08528,1.08442,1.08464,1099
2024-03-05 07:00:00,1.08466,1.08508,1.08411,1.08459,1621
2024-03-05 08:00:00,1.08458,1.08513,1.08427,1.08469,2382
2024-03-05 09:00:00,1.08469,1.0855299999999999,1.08467,1.08511,1862
2024-03-05 10:00:00,1.08508,1.0854300000000001,1.08489,1.08499,1478
2024-03-05 11:00:00,1.08497,1.08531,1.08476,1.08494,1478
2024-03-05 12:00:00,1.08494,1.08501,1.08452,1.08469,1532
2024-03-05 13:00:00,1.08469,1.08511,1.08417,1.08459,2477
2024-03-05 14:00:00,1.08462,1.08539,1.08398,1.08453,2938
2024-03-05 15:00:00,1.08452,1.08758,1.08452,1.08708,5241
2024-03-05 16:00:00,1.08709,1.08713,1.08578,1.0860400000000001,2600
2024-03-05 17:00:00,1.08605,1.08639,1.08574,1.08595,1737
2024-03-05 18:00:00,1.08595,1.08596,1.0851,1.08524,1490
2024-03-05 19:00:00,1.08522,1.08571,1.0851,1.08526,1690
2024-03-05 20:00:00,1.08526,1.08579,1.08486,1.0857,1589
2024-03-05 21:00:00,1.08572,1.08585,1.0855,1.08552,634
2024-03-05 22:00:00,1.0855,1.08565,1.0853,1.08565,826
2024-03-05 23:00:00,1.08563,1.08583,1.08549,1.08554,557
2024-03-06 00:00:00,1.08551,1.0855299999999999,1.08488,1.08495,1019
2024-03-06 01:00:00,1.08495,1.08498,1.08419,1.08436,1198
2024-03-06 02:00:00,1.08435,1.08527,1.08434,1.0852,1129
2024-03-06 03:00:00,1.08521,1.08528,1.08499,1.08502,881
2024-03-06 04:00:00,1.08503,1.08517,1.0849199999999999,1.08514,861
2024-03-06 05:00:00,1.08515,1.08563,1.08512,1.08547,867
2024-03-06 06:00:00,1.08544,1.08599,1.0854300000000001,1.08589,988
2024-03-06 07:00:00,1.0859,1.08658,1.0858,1.08613,1846
2024-03-06 08:00:00,1.08611,1.0873599999999999,1.08587,1.08725,2175
2024-03-06 09:00:00,1.08725,1.08771,1.08687,1.08759,1871
2024-03-06 10:00:00,1.08759,1.0879,1.08728,1.08767,1388
2024-03-06 11:00:00,1.08768,1.08778,1.08712,1.08751,1333
2024-03-06 12:00:00,1.08751,1.08783,1.08672,1.08684,1613
2024-03-06 13:00:00,1.08686,1.08845,1.08678,1.08842,4394
2024-03-06 14:00:00,1.0884,1.08891,1.08825,1.08865,2858
2024-03-06 15:00:00,1.08864,1.09081,1.0881,1.09046,4140
2024-03-06 16:00:00,1.09046,1.09146,1.08992,1.09115,2956
2024-03-06 17:00:00,1.09117,1.09148,1.0899,1.0902,2652
2024-03-06 18:00:00,1.09021,1.09074,1.09002,1.09025,2134
2024-03-06 19:00:00,1.09023,1.09024,1.08929,1.08965,2531
2024-03-06 20:00:00,1.08962,1.08991,1.08925,1.08985,1929
2024-03-06 21:00:00,1.08983,1.08991,1.0895,1.0898,621
2024-03-06 22:00:00,1.08982,1.08983,1.0895,1.08977,992
2024-03-06 23:00:00,1.08975,1.09008,1.08973,1.08979,654
2024-03-07 00:00:00,1.0899,1.09069,1.08988,1.09029,1327
2024-03-07 01:00:00,1.09028,1.09037,1.08961,1.08976,1804
2024-03-07 02:00:00,1.08976,1.08987,1.08932,1.0898,1150
2024-03-07 03:00:00,1.08979,1.09011,1.08947,1.09,895
2024-03-07 04:00:00,1.09,1.0905,1.08999,1.0903,1135
2024-03-07 05:00:00,1.0903,1.0905,1.08992,1.08998,1011
2024-03-07 06:00:00,1.08997,1.09026,1.08981,1.09009,1167
2024-03-07 07:00:00,1.09013,1.09039,1.0890900000000001,1.08935,2146
2024-03-07 08:00:00,1.08935,1.08975,1.08873,1.08975,2357
2024-03-07 09:00:00,1.08972,1.09022,1.08923,1.09009,1781
2024-03-07 10:00:00,1.09009,1.0901399999999999,1.08893,1.0896,1879
2024-03-07 11:00:00,1.08959,1.08985,1.0892,1.08937,1697
2024-03-07 12:00:00,1.08936,1.08997,1.08917,1.08939,1841
2024-03-07 13:00:00,1.08941,1.08965,1.08676,1.08721,5093
2024-03-07 14:00:00,1.08719,1.09189,1.08688,1.09149,5864
2024-03-07 15:00:00,1.09152,1.09303,1.09077,1.09294,3546
2024-03-07 16:00:00,1.09293,1.09416,1.09242,1.09394,3163
2024-03-07 17:00:00,1.09395,1.09411,1.0930900000000001,1.09366,2065
2024-03-07 18:00:00,1.09363,1.09443,1.09359,1.09415,1490
2024-03-07 19:00:00,1.09418,1.09485,1.094,1.09463,1453
2024-03-07 20:00:00,1.09463,1.09488,1.0942,1.09464,1389
2024-03-07 21:00:00,1.09465,1.09484,1.0945,1.09469,723
2024-03-07 22:00:00,1.0947,1.0947,1.09432,1.09466,1054
2024-03-07 23:00:00,1.09464,1.09498,1.09462,1.09498,399
2024-03-08 00:00:00,1.09507,1.0955300000000001,1.09499,1.09509,968
2024-03-08 01:00:00,1.09508,1.09523,1.09461,1.09474,1246
2024-03-08 02:00:00,1.09473,1.09504,1.09446,1.09452,1053
2024-03-08 03:00:00,1.09452,1.09473,1.09438,1.09469,798
2024-03-08 04:00:00,1.0947,1.09488,1.0944,1.09451,818
2024-03-08 05:00:00,1.09451,1.09479,1.09442,1.09462,790
2024-03-08 06:00:00,1.09462,1.09489,1.09437,1.09475,1152
2024-03-08 07:00:00,1.09475,1.09505,1.09313,1.09334,2330
2024-03-08 08:00:00,1.09333,1.09385,1.09286,1.09355,2229
2024-03-08 09:00:00,1.09355,1.0937000000000001,1.09256,1.09346,2466
2024-03-08 10:00:00,1.09345,1.09367,1.0926,1.09328,2012
2024-03-08 11:00:00,1.0933,1.09383,1.0929,1.0934,1666
2024-03-08 12:00:00,1.09339,1.09345,1.09276,1.09313,1822
2024-03-08 13:00:00,1.09316,1.09807,1.09172,1.09578,7570
2024-03-08 14:00:00,1.09576,1.09662,1.09444,1.09573,5447
2024-03-08 15:00:00,1.09573,1.0961400000000001,1.0943,1.09602,3479
2024-03-08 16:00:00,1.09604,1.09608,1.09368,1.094,3155
2024-03-08 17:00:00,1.09402,1.09454,1.09365,1.0939,2861
2024-03-08 18:00:00,1.09387,1.09395,1.0933,1.09366,2138
2024-03-08 19:00:00,1.09365,1.09415,1.0934,1.09411,1786
2024-03-08 20:00:00,1.09411,1.09432,1.09341,1.09356,1669
2024-03-08 21:00:00,1.09357,1.09405,1.09347,1.09379,851
2024-03-10 21:00:00,1.09329,1.09396,1.09329,1.09374,417
2024-03-10 22:00:00,1.09371,1.09389,1.09339,1.09371,607
2024-03-10 23:00:00,1.09371,1.0943100000000001,1.09371,1.0943,933
2024-03-11 00:00:00,1.09422,1.09461,1.09379,1.0942,1151
2024-03-11 01:00:00,1.0942,1.09452,1.09385,1.09402,1364
2024-03-11 02:00:00,1.09402,1.09415,1.09369,1.09383,1203
2024-03-11 03:00:00,1.09383,1.0944,1.09376,1.09408,852
2024-03-11 04:00:00,1.09408,1.09413,1.09365,1.09384,627
2024-03-11 05:00:00,1.09384,1.09416,1.09384,1.09409,865
2024-03-11 06:00:00,1.09408,1.09432,1.0935,1.09415,1151
2024-03-11 07:00:00,1.09416,1.09468,1.09368,1.09415,1907
2024-03-11 08:00:00,1.09413,1.09477,1.09382,1.09439,2597
2024-03-11 09:00:00,1.0944099999999999,1.09445,1.09336,1.09344,1914
2024-03-11 10:00:00,1.09343,1.0943,1.09326,1.09411,1620
2024-03-11 11:00:00,1.09411,1.09429,1.09373,1.09424,1330
2024-03-11 12:00:00,1.09421,1.09427,1.09291,1.09291,2113
2024-03-11 13:00:00,1.09292,1.09314,1.09174,1.09194,2254
2024-03-11 14:00:00,1.09194,1.09245,1.0915300000000001,1.09241,2330
2024-03-11 15:00:00,1.0924,1.09282,1.09141,1.09264,2394
2024-03-11 16:00:00,1.09262,1.09276,1.09224,1.09266,1784
2024-03-11 17:00:00,1.09266,1.09301,1.09242,1.0924800000000001,1921
2024-03-11 18:00:00,1.09245,1.09257,1.0918,1.09238,1440
2024-03-11 19:00:00,1.09239,1.09261,1.09214,1.09257,1396
2024-03-11 20:00:00,1.09257,1.09269,1.0924,1.09244,597
2024-03-11 21:00:00,1.09244,1.09255,1.09176,1.09255,1369
2024-03-11 22:00:00,1.09255,1.09264,1.09239,1.09246,479
2024-03-11 23:00:00,1.09247,1.09304,1.09245,1.09302,546
2024-03-12 00:00:00,1.09301,1.09318,1.09279,1.09283,983
2024-03-12 01:00:00,1.09282,1.09337,1.09263,1.09331,1064
2024-03-12 02:00:00,1.0933,1.09358,1.09298,1.09356,1118
2024-03-12 03:00:00,1.09356,1.09376,1.09337,1.09357,667
2024-03-12 04:00:00,1.09357,1.09376,1.0934,1.09362,644
2024-03-12 05:00:00,1.09362,1.09386,1.09359,1.09378,835
2024-03-12 06:00:00,1.09377,1.09387,1.09339,1.09376,1132
2024-03-12 07:00:00,1.09376,1.09389,1.09312,1.09315,1962
2024-03-12 08:00:00,1.09314,1.09331,1.09208,1.09245,2180
2024-03-12 09:00:00,1.09243,1.09327,1.09228,1.09297,1636
2024-03-12 10:00:00,1.09297,1.09339,1.09263,1.09334,1572
2024-03-12 11:00:00,1.09333,1.09349,1.09313,1.09329,1398
2024-03-12 12:00:00,1.09327,1.09435,1.09016,1.09199,7160
2024-03-12 13:00:00,1.09199,1.09227,1.09019,1.09102,5104
2024-03-12 14:00:00,1.09104,1.09192,1.0906,1.09165,3222
2024-03-12 15:00:00,1.09165,1.0918,1.0907,1.0917,2336
2024-03-12 16:00:00,1.09171,1.09185,1.09133,1.0917,1949
2024-03-12 17:00:00,1.0917,1.09202,1.09123,1.09188,2046
2024-03-12 18:00:00,1.09188,1.09241,1.09179,1.09234,1293
2024-03-12 19:00:00,1.09235,1.09252,1.09204,1.09251,1185
2024-03-12 20:00:00,1.09251,1.09269,1.09241,1.0924800000000001,487
2024-03-12 21:00:00,1.0924,1.09259,1.09231,1.09259,1068
2024-03-12 22:00:00,1.09259,1.0928,1.0925799999999999,1.09267,299
2024-03-12 23:00:00,1.09269,1.09285,1.09263,1.09264,422
2024-03-13 00:00:00,1.09262,1.09292,1.09255,1.09264,935
2024-03-13 01:00:00,1.09265,1.09284,1.0923,1.09234,1149
2024-03-13 02:00:00,1.09234,1.09269,1.09229,1.09266,916
2024-03-13 03:00:00,1.09266,1.09301,1.09245,1.09275,818
2024-03-13 04:00:00,1.09274,1.09278,1.09218,1.09229,843
2024-03-13 05:00:00,1.0923,1.09285,1.09221,1.09281,922
2024-03-13 06:00:00,1.09281,1.09288,1.0925,1.09274,1150
2024-03-13 07:00:00,1.09273,1.09313,1.09205,1.09261,1689
2024-03-13 08:00:00,1.09263,1.09325,1.09256,1.09273,1856
2024-03-13 09:00:00,1.09271,1.09276,1.0919699999999999,1.09227,1770
2024-03-13 10:00:00,1.09226,1.09331,1.09216,1.09301,1560
2024-03-13 11:00:00,1.09303,1.09452,1.09297,1.09415,1592
2024-03-13 12:00:00,1.09416,1.09469,1.09333,1.09361,2297
2024-03-13 13:00:00,1.09364,1.09415,1.09355,1.09369,2314
2024-03-13 14:00:00,1.09369,1.09439,1.0931,1.09413,2592
2024-03-13 15:00:00,1.09413,1.09467,1.09375,1.09429,2264
2024-03-13 16:00:00,1.09426,1.09488,1.09397,1.09485,1928
2024-03-13 17:00:00,1.09484,1.09634,1.0948,1.09564,2220
2024-03-13 18:00:00,1.09564,1.0958,1.09499,1.09505,1358
2024-03-13 19:00:00,1.09505,1.09514,1.09452,1.09469,1273
2024-03-13 20:00:00,1.09469,1.09489,1.09465,1.09473,661
2024-03-13 21:00:00,1.09474,1.09484,1.09433,1.09483,1322
2024-03-13 22:00:00,1.09483,1.09507,1.0948,1.09483,480
2024-03-13 23:00:00,1.09485,1.09525,1.09485,1.09525,440
2024-03-14 00:00:00,1.09526,1.09542,1.09457,1.09481,783
2024-03-14 01:00:00,1.09481,1.09522,1.09448,1.09482,997
2024-03-14 02:00:00,1.09483,1.09495,1.09427,1.09435,645
2024-03-14 03:00:00,1.09435,1.09451,1.09409,1.09421,731
2024-03-14 04:00:00,1.09421,1.09425,1.09387,1.09421,606
2024-03-14 05:00:00,1.09421,1.09428,1.09387,1.09393,684
2024-03-14 06:00:00,1.09392,1.09416,1.09367,1.09375,843
2024-03-14 07:00:00,1.09374,1.09424,1.09314,1.0935,1876
2024-03-14 08:00:00,1.0935,1.09434,1.09348,1.09375,2056
2024-03-14 09:00:00,1.09377,1.09439,1.09368,1.09408,1653
2024-03-14 10:00:00,1.09408,1.0945,1.09374,1.09393,1579
2024-03-14 11:00:00,1.09392,1.0943,1.09374,1.09408,1341
2024-03-14 12:00:00,1.0941,1.09442,1.09239,1.09295,5131
2024-03-14 13:00:00,1.09295,1.0931,1.09084,1.09117,3908
2024-03-14 14:00:00,1.09115,1.09138,1.08957,1.08975,3122
2024-03-14 15:00:00,1.08975,1.08992,1.08825,1.08873,2712
2024-03-14 16:00:00,1.08873,1.08922,1.08842,1.08868,2085
2024-03-14 17:00:00,1.08867,1.08886,1.08805,1.08861,1424
2024-03-14 18:00:00,1.08861,1.08895,1.08833,1.08847,1391
2024-03-14 19:00:00,1.08847,1.08905,1.08802,1.08904,1405
2024-03-14 20:00:00,1.08904,1.08914,1.08816,1.08816,919
2024-03-14 21:00:00,1.08826,1.08846,1.08799,1.08843,1373
2024-03-14 22:00:00,1.08855,1.08858,1.08828,1.08836,351
2024-03-14 23:00:00,1.08837,1.08847,1.0882,1.08825,520
2024-03-15 00:00:00,1.08823,1.08842,1.08757,1.08777,1175
2024-03-15 01:00:00,1.08777,1.08796,1.08752,1.08767,969
2024-03-15 02:00:00,1.08768,1.08768,1.08723,1.08729,798
2024-03-15 03:00:00,1.08729,1.08776,1.08729,1.08766,689
2024-03-15 04:00:00,1.08766,1.0877,1.08744,1.08761,478
2024-03-15 05:00:00,1.08761,1.08771,1.08729,1.08765,728
2024-03-15 06:00:00,1.08764,1.08802,1.0875,1.08794,1106
2024-03-15 07:00:00,1.08797,1.08843,1.08781,1.08803,1548
2024-03-15 08:00:00,1.08802,1.08862,1.08776,1.08826,2103
2024-03-15 09:00:00,1.08824,1.08989,1.08821,1.08974,1752
2024-03-15 10:00:00,1.08974,1.08992,1.08887,1.08908,1471
2024-03-15 11:00:00,1.08908,1.08959,1.08864,1.0893,1306
2024-03-15 12:00:00,1.08929,1.08938,1.08839,1.0887,2750
2024-03-15 13:00:00,1.0887,1.08943,1.08829,1.08862,2817
2024-03-15 14:00:00,1.08864,1.08939,1.0884,1.08877,2805
2024-03-15 15:00:00,1.08877,1.08888,1.0881,1.08871,1907
2024-03-15 16:00:00,1.08871,1.08894,1.08832,1.08855,1975
2024-03-15 17:00:00,1.08855,1.08874,1.08829,1.08834,1498
2024-03-15 18:00:00,1.08834,1.08904,1.08833,1.08897,1218
2024-03-15 19:00:00,1.08898,1.0890900000000001,1.08865,1.0889,1181
2024-03-15 20:00:00,1.0889,1.08895,1.08864,1.08866,607
2024-03-17 21:00:00,1.08879,1.0889199999999999,1.08797,1.08879,471
2024-03-17 22:00:00,1.08879,1.08898,1.08844,1.08849,595
2024-03-17 23:00:00,1.0886,1.08862,1.08813,1.08826,797
2024-03-18 00:00:00,1.0883,1.08877,1.08801,1.0885,853
2024-03-18 01:00:00,1.0885,1.08895,1.08824,1.08884,938
2024-03-18 02:00:00,1.08885,1.08911,1.08871,1.08885,845
2024-03-18 03:00:00,1.08885,1.08902,1.08849,1.08851,614
2024-03-18 04:00:00,1.08851,1.08878,1.0884800000000001,1.08872,432
2024-03-18 05:00:00,1.08872,1.08881,1.0884800000000001,1.08867,556
2024-03-18 06:00:00,1.08868,1.08891,1.08861,1.08887,795
2024-03-18 07:00:00,1.08886,1.0896,1.08882,1.08921,1385
2024-03-18 08:00:00,1.08919,1.08972,1.08904,1.08934,1922
2024-03-18 09:00:00,1.08932,1.09,1.08921,1.08988,1394
2024-03-18 10:00:00,1.08988,1.0901399999999999,1.08956,1.08992,1522
2024-03-18 11:00:00,1.08991,1.09055,1.08982,1.09019,1329
2024-03-18 12:00:00,1.09019,1.09045,1.08894,1.08919,1769
2024-03-18 13:00:00,1.08919,1.08932,1.08853,1.08888,1873
2024-03-18 14:00:00,1.08888,1.08929,1.08839,1.08853,1916
2024-03-18 15:00:00,1.08853,1.08886,1.08806,1.0884800000000001,1978
2024-03-18 16:00:00,1.08849,1.08849,1.0869,1.0872,1946
2024-03-18 17:00:00,1.08717,1.08747,1.08657,1.08682,1428
2024-03-18 18:00:00,1.08682,1.08707,1.08668,1.08704,954
2024-03-18 19:00:00,1.08705,1.08729,1.08673,1.08689,908
2024-03-18 20:00:00,1.08688,1.0872,1.08687,1.08714,488
2024-03-18 21:00:00,1.08714,1.08727,1.08682,1.08727,943
2024-03-18 22:00:00,1.08727,1.08734,1.08706,1.08715,518
2024-03-18 23:00:00,1.08717,1.08731,1.08708,1.0873,433
2024-03-19 00:00:00,1.0873,1.08741,1.08689,1.08689,1006
2024-03-19 01:00:00,1.08689,1.08714,1.08664,1.08679,1037
2024-03-19 02:00:00,1.08679,1.08744,1.08679,1.0873,947
2024-03-19 03:00:00,1.0873,1.0876,1.08697,1.08734,1749
2024-03-19 04:00:00,1.08734,1.08762,1.08669,1.087,1278
2024-03-19 05:00:00,1.087,1.08716,1.08624,1.08638,1242
2024-03-19 06:00:00,1.0864,1.0868,1.08615,1.08671,1592
2024-03-19 07:00:00,1.0867,1.0867,1.08512,1.08544,1778
2024-03-19 08:00:00,1.08542,1.08559,1.0842,1.08474,2450
2024-03-19 09:00:00,1.08472,1.08499,1.08343,1.08363,1999
2024-03-19 10:00:00,1.08362,1.08452,1.08362,1.0844,2116
2024-03-19 11:00:00,1.08438,1.08511,1.08424,1.08497,1457
2024-03-19 12:00:00,1.085,1.08556,1.08452,1.0851,2347
2024-03-19 13:00:00,1.08512,1.08569,1.08488,1.08536,2123
2024-03-19 14:00:00,1.08537,1.08648,1.08531,1.08617,1990
2024-03-19 15:00:00,1.08617,1.08617,1.08527,1.08577,1625
2024-03-19 16:00:00,1.08578,1.08633,1.0854300000000001,1.08627,1608
2024-03-19 17:00:00,1.08629,1.0867,1.08593,1.0863,1427
2024-03-19 18:00:00,1.08629,1.08648,1.08606,1.08618,1001
2024-03-19 19:00:00,1.08619,1.08651,1.08607,1.08643,995
2024-03-19 20:00:00,1.0864,1.08658,1.08634,1.0865,434
2024-03-19 21:00:00,1.08653,1.08653,1.08612,1.0865,1218
2024-03-19 22:00:00,1.08649,1.08659,1.0864,1.08648,258
2024-03-19 23:00:00,1.08652,1.08661,1.08616,1.08616,492
2024-03-20 00:00:00,1.0861399999999999,1.08644,1.08579,1.08638,839
2024-03-20 01:00:00,1.08638,1.08651,1.08616,1.08638,835
2024-03-20 02:00:00,1.08638,1.08687,1.08621,1.08681,669
2024-03-20 03:00:00,1.08681,1.08705,1.08672,1.08694,580
2024-03-20 04:00:00,1.08694,1.08702,1.08657,1.08661,634
2024-03-20 05:00:00,1.08661,1.08678,1.08647,1.08652,742
2024-03-20 06:00:00,1.08651,1.08701,1.08645,1.08699,831
2024-03-20 07:00:00,1.08695,1.08717,1.08644,1.08651,1680
2024-03-20 08:00:00,1.08648,1.0865,1.08497,1.08519,1771
2024-03-20 09:00:00,1.08519,1.0852,1.08361,1.0838700000000001,2036
2024-03-20 10:00:00,1.0838700000000001,1.08425,1.08361,1.08393,1597
2024-03-20 11:00:00,1.08393,1.08432,1.08368,1.08422,1357
2024-03-20 12:00:00,1.0842,1.08444,1.08372,1.08418,1598
2024-03-20 13:00:00,1.08418,1.08451,1.08369,1.0844,1825
2024-03-20 14:00:00,1.0844,1.08507,1.08429,1.0849199999999999,1718
2024-03-20 15:00:00,1.0849199999999999,1.08556,1.08483,1.08541,1477
2024-03-20 16:00:00,1.0854300000000001,1.08605,1.0853,1.086,1193
2024-03-20 17:00:00,1.086,1.08663,1.0858,1.08643,1256
2024-03-20 18:00:00,1.08642,1.0917,1.08615,1.09138,12108
2024-03-20 19:00:00,1.0914,1.09223,1.09016,1.09204,4420
2024-03-20 20:00:00,1.09202,1.09224,1.09181,1.09212,970
2024-03-20 21:00:00,1.09207,1.09219,1.09171,1.09199,1244
2024-03-20 22:00:00,1.09199,1.09316,1.09199,1.09314,655
2024-03-20 23:00:00,1.09316,1.09367,1.09287,1.09366,834
2024-03-21 00:00:00,1.09367,1.09368,1.09303,1.09329,1657
2024-03-21 01:00:00,1.09329,1.09383,1.09326,1.09348,1321
2024-03-21 02:00:00,1.09346,1.09367,1.09324,1.09349,804
2024-03-21 03:00:00,1.09349,1.09364,1.0933,1.09345,655
2024-03-21 04:00:00,1.09345,1.0935,1.09324,1.09326,538
2024-03-21 05:00:00,1.09325,1.09366,1.09311,1.09314,761
2024-03-21 06:00:00,1.09314,1.09378,1.09312,1.09371,967
2024-03-21 07:00:00,1.09369,1.09421,1.09252,1.09284,1896
2024-03-21 08:00:00,1.0928,1.09282,1.08869,1.08915,4476
2024-03-21 09:00:00,1.08916,1.09142,1.08888,1.09123,2626
2024-03-21 10:00:00,1.09122,1.0923,1.09117,1.09188,1981
2024-03-21 11:00:00,1.09188,1.092,1.09046,1.09093,1766
2024-03-21 12:00:00,1.09095,1.09167,1.0903,1.09111,3198
2024-03-21 13:00:00,1.09111,1.09114,1.08839,1.08854,3383
2024-03-21 14:00:00,1.08852,1.08856,1.08699,1.08785,3422
2024-03-21 15:00:00,1.08784,1.08786,1.0855299999999999,1.08602,2724
2024-03-21 16:00:00,1.086,1.08644,1.08575,1.08605,2076
2024-03-21 17:00:00,1.08605,1.08659,1.08557,1.08575,1648
2024-03-21 18:00:00,1.08578,1.08625,1.08567,1.08618,1162
2024-03-21 19:00:00,1.08619,1.08623,1.0855,1.08564,1079
2024-03-21 20:00:00,1.08566,1.08601,1.08564,1.08588,557
2024-03-21 21:00:00,1.0859,1.08607,1.08563,1.08582,1067
2024-03-21 22:00:00,1.08611,1.08616,1.08589,1.08613,296
2024-03-21 23:00:00,1.08615,1.08625,1.08603,1.08615,402
2024-03-22 00:00:00,1.0861399999999999,1.08674,1.0861399999999999,1.08647,768
2024-03-22 01:00:00,1.08648,1.08653,1.08496,1.08501,1190
2024-03-22 02:00:00,1.08501,1.08521,1.08385,1.08388,1200
2024-03-22 03:00:00,1.0838700000000001,1.08409,1.08356,1.08376,946
2024-03-22 04:00:00,1.08376,1.08377,1.08307,1.08331,802
2024-03-22 05:00:00,1.0833,1.08414,1.0833,1.08409,1062
2024-03-22 06:00:00,1.08406,1.08406,1.08266,1.08299,1307
2024-03-22 07:00:00,1.083,1.08343,1.0820400000000001,1.08244,1904
2024-03-22 08:00:00,1.08247,1.08293,1.08076,1.08113,2104
2024-03-22 09:00:00,1.08116,1.08227,1.08116,1.08158,2039
2024-03-22 10:00:00,1.08159,1.08212,1.08141,1.0816,1548
2024-03-22 11:00:00,1.08163,1.0822,1.08111,1.08158,1453
2024-03-22 12:00:00,1.0816,1.08307,1.08139,1.08261,2540
2024-03-22 13:00:00,1.08258,1.08292,1.08179,1.08291,2187
2024-03-22 14:00:00,1.08294,1.08312,1.08141,1.08147,2030
2024-03-22 15:00:00,1.08145,1.08214,1.08098,1.08154,2012
2024-03-22 16:00:00,1.08154,1.08166,1.08052,1.08055,1598
2024-03-22 17:00:00,1.08054,1.08103,1.08043,1.08057,1136
2024-03-22 18:00:00,1.08057,1.08074,1.08034,1.08038,748
2024-03-22 19:00:00,1.08037,1.08062,1.08013,1.08052,799
2024-03-22 20:00:00,1.08049,1.08092,1.08046,1.0808200000000001,704
2024-03-24 21:00:00,1.08067,1.08085,1.08058,1.08074,267
2024-03-24 22:00:00,1.08074,1.08074,1.08028,1.08069,359
2024-03-24 23:00:00,1.08083,1.08096,1.0806499999999999,1.0807,692
2024-03-25 00:00:00,1.0807,1.08094,1.08022,1.08033,881
2024-03-25 01:00:00,1.08033,1.08193,1.08018,1.08167,1648
2024-03-25 02:00:00,1.08168,1.08217,1.08151,1.08213,985
2024-03-25 03:00:00,1.08212,1.08212,1.08113,1.08132,770
2024-03-25 04:00:00,1.08133,1.08138,1.08103,1.08128,558
2024-03-25 05:00:00,1.08129,1.08217,1.08118,1.08215,832
2024-03-25 06:00:00,1.08216,1.08216,1.08158,1.08172,987
2024-03-25 07:00:00,1.0817,1.08224,1.08132,1.08132,1281
2024-03-25 08:00:00,1.08133,1.08233,1.08068,1.08132,1843
2024-03-25 09:00:00,1.08131,1.0821,1.08109,1.08172,1336
2024-03-25 10:00:00,1.08172,1.08215,1.08158,1.08177,1310
2024-03-25 11:00:00,1.08174,1.0829,1.08159,1.08278,1193
2024-03-25 12:00:00,1.08275,1.08334,1.08273,1.083,1387
2024-03-25 13:00:00,1.083,1.08373,1.08286,1.08346,1485
2024-03-25 14:00:00,1.08343,1.08419,1.08333,1.08384,1552
2024-03-25 15:00:00,1.08385,1.08388,1.0831,1.08359,1266
2024-03-25 16:00:00,1.0836,1.08377,1.0832600000000001,1.0836,1015
2024-03-25 17:00:00,1.0836,1.08375,1.08328,1.08359,889
2024-03-25 18:00:00,1.08358,1.08366,1.08342,1.08356,547
2024-03-25 19:00:00,1.08356,1.08396,1.08351,1.08386,712
2024-03-25 20:00:00,1.08386,1.08405,1.0835,1.08366,511
2024-03-25 21:00:00,1.08363,1.08372,1.08327,1.08361,1400
2024-03-25 22:00:00,1.08361,1.08377,1.08352,1.08367,296
2024-03-25 23:00:00,1.08366,1.08381,1.08357,1.08364,560
2024-03-26 00:00:00,1.08366,1.08423,1.08356,1.08421,678
2024-03-26 01:00:00,1.08421,1.08451,1.08382,1.08401,1100
2024-03-26 02:00:00,1.08401,1.0844,1.08391,1.08421,705
2024-03-26 03:00:00,1.08421,1.08439,1.08354,1.08366,681
2024-03-26 04:00:00,1.08365,1.08406,1.08361,1.08396,600
2024-03-26 05:00:00,1.08396,1.08478,1.08395,1.08465,645
2024-03-26 06:00:00,1.08464,1.08516,1.08457,1.08501,876
2024-03-26 07:00:00,1.08501,1.08522,1.08394,1.08421,1473
2024-03-26 08:00:00,1.08417,1.0851,1.08381,1.08489,1783
2024-03-26 09:00:00,1.0849,1.0855299999999999,1.0845,1.0853,1889
2024-03-26 10:00:00,1.0853,1.08638,1.08523,1.08548,1701
2024-03-26 11:00:00,1.08548,1.08593,1.08528,1.08562,1563
2024-03-26 12:00:00,1.08564,1.08588,1.08481,1.08516,2066
2024-03-26 13:00:00,1.08515,1.08582,1.08463,1.08525,1989
2024-03-26 14:00:00,1.08524,1.08545,1.08376,1.08407,2367
2024-03-26 15:00:00,1.08406,1.08437,1.0824799999999999,1.08279,2108
2024-03-26 16:00:00,1.08277,1.0832,1.08238,1.08277,1576
2024-03-26 17:00:00,1.08276,1.08352,1.08263,1.08301,1098
2024-03-26 18:00:00,1.08302,1.08344,1.08292,1.08324,793
2024-03-26 19:00:00,1.0832600000000001,1.08344,1.08282,1.08283,823
2024-03-26 20:00:00,1.08283,1.08317,1.08279,1.08307,501
2024-03-26 21:00:00,1.08308,1.08322,1.08278,1.08321,1227
2024-03-26 22:00:00,1.08323,1.08323,1.0831,1.08321,188
2024-03-26 23:00:00,1.08323,1.08327,1.08297,1.08316,352
2024-03-27 00:00:00,1.08321,1.08322,1.0827,1.08291,777
2024-03-27 01:00:00,1.08291,1.08304,1.08199,1.08228,1151
2024-03-27 02:00:00,1.08228,1.08274,1.08228,1.08253,847
2024-03-27 03:00:00,1.08253,1.08276,1.08235,1.08256,711
2024-03-27 04:00:00,1.08256,1.08298,1.08256,1.08293,480
2024-03-27 05:00:00,1.08291,1.08293,1.0825,1.0826,545
2024-03-27 06:00:00,1.0826,1.08322,1.08243,1.08319,959
2024-03-27 07:00:00,1.08316,1.08335,1.08226,1.08257,1740
2024-03-27 08:00:00,1.08256,1.08298,1.08207,1.08282,1774
2024-03-27 09:00:00,1.0828,1.08385,1.08263,1.08273,2166
2024-03-27 10:00:00,1.08272,1.08342,1.08256,1.08323,1630
2024-03-27 11:00:00,1.08323,1.08345,1.08176,1.08206,1617
2024-03-27 12:00:00,1.08208,1.0821,1.08145,1.08183,1874
2024-03-27 13:00:00,1.08183,1.08188,1.08104,1.08165,1917
2024-03-27 14:00:00,1.08165,1.08212,1.08134,1.0814300000000001,1991
2024-03-27 15:00:00,1.0814,1.08221,1.08133,1.08198,1821
2024-03-27 16:00:00,1.08197,1.08252,1.08183,1.08226,1497
2024-03-27 17:00:00,1.08226,1.08246,1.08171,1.08188,1413
2024-03-27 18:00:00,1.08188,1.08227,1.08179,1.08218,897
2024-03-27 19:00:00,1.08218,1.08271,1.08199,1.08266,874
2024-03-27 20:00:00,1.08263,1.08283,1.08256,1.08266,527
2024-03-27 21:00:00,1.08268,1.08269,1.08227,1.0826500000000001,1034
2024-03-27 22:00:00,1.0826500000000001,1.0826500000000001,1.08071,1.08119,774
2024-03-27 23:00:00,1.08127,1.08146,1.08109,1.0812,623
2024-03-28 00:00:00,1.08122,1.08196,1.08076,1.0817,1109
2024-03-28 01:00:00,1.0817,1.0818699999999999,1.08144,1.08174,1117
2024-03-28 02:00:00,1.08175,1.08255,1.08169,1.08217,993
2024-03-28 03:00:00,1.08217,1.08237,1.08208,1.0821,644
2024-03-28 04:00:00,1.0821,1.0824,1.08199,1.08229,548
2024-03-28 05:00:00,1.08229,1.08261,1.08213,1.08231,691
2024-03-28 06:00:00,1.08231,1.08235,1.08146,1.08176,932
2024-03-28 07:00:00,1.08175,1.08182,1.07997,1.08006,1753
2024-03-28 08:00:00,1.08006,1.08018,1.07891,1.07916,1737
2024-03-28 09:00:00,1.07915,1.07918,1.07746,1.07752,1576
2024-03-28 10:00:00,1.07752,1.07924,1.07747,1.07887,1661
2024-03-28 11:00:00,1.07885,1.07942,1.07821,1.07835,1365
2024-03-28 12:00:00,1.07835,1.08083,1.07833,1.08076,2551
2024-03-28 13:00:00,1.08075,1.08175,1.08024,1.0812,2898
2024-03-28 14:00:00,1.0812,1.08183,1.07972,1.07998,3021
2024-03-28 15:00:00,1.07997,1.08068,1.07935,1.08009,2586
2024-03-28 16:00:00,1.08006,1.08048,1.07924,1.07992,2089
2024-03-28 17:00:00,1.0799,1.08016,1.07945,1.0796000000000001,1384
2024-03-28 18:00:00,1.07959,1.07982,1.07855,1.07871,1071
2024-03-28 19:00:00,1.07868,1.07891,1.07843,1.07878,1094
2024-03-28 20:00:00,1.07877,1.07886,1.07844,1.07863,614
2024-03-28 21:00:00,1.0786,1.07889,1.07829,1.07886,1880
2024-03-28 22:00:00,1.07885,1.07931,1.0783800000000001,1.07874,1257
2024-03-28 23:00:00,1.07877,1.07914,1.07866,1.07903,1753
2024-03-29 00:00:00,1.07903,1.07904,1.07833,1.07836,1018
2024-03-29 01:00:00,1.07836,1.07842,1.07751,1.07755,587
2024-03-29 02:00:00,1.07755,1.07785,1.0773,1.07782,1048
2024-03-29 03:00:00,1.0778,1.07789,1.07733,1.07742,566
2024-03-29 04:00:00,1.07742,1.07767,1.0774,1.07764,413
2024-03-29 05:00:00,1.07764,1.07775,1.07739,1.07748,491
2024-03-29 06:00:00,1.07749,1.07766,1.07741,1.07754,478
2024-03-29 07:00:00,1.07754,1.07814,1.07678,1.07681,825
2024-03-29 08:00:00,1.07681,1.07782,1.07679,1.07778,835
2024-03-29 09:00:00,1.0777700000000001,1.07813,1.07713,1.07813,1204
2024-03-29 10:00:00,1.07806,1.07854,1.07786,1.07815,1105
2024-03-29 11:00:00,1.07815,1.07883,1.07805,1.0784,1260
2024-03-29 12:00:00,1.0784,1.0802,1.0777700000000001,1.07951,1381
2024-03-29 13:00:00,1.07951,1.07991,1.07885,1.07926,1199
2024-03-29 14:00:00,1.07928,1.07947,1.07884,1.07912,1001
2024-03-29 15:00:00,1.07919,1.07919,1.07817,1.07865,1491
2024-03-29 16:00:00,1.07865,1.07875,1.07802,1.07826,1014
2024-03-29 17:00:00,1.07825,1.07839,1.078,1.07828,777
2024-03-29 18:00:00,1.07828,1.07843,1.07814,1.07828,907
2024-03-29 19:00:00,1.07828,1.07878,1.07817,1.07847,565
2024-03-29 20:00:00,1.07844,1.07905,1.07631,1.07743,1124
2024-03-31 21:00:00,1.07887,1.07925,1.07871,1.079,435
2024-03-31 22:00:00,1.07885,1.07929,1.07832,1.07864,910
2024-03-31 23:00:00,1.07864,1.07942,1.07851,1.07913,944
2024-04-01 00:00:00,1.07927,1.07984,1.07896,1.0791,1529
2024-04-01 01:00:00,1.07911,1.07942,1.07852,1.07861,1178
2024-04-01 02:00:00,1.0786,1.07892,1.07846,1.07875,851
2024-04-01 03:00:00,1.07876,1.0790899999999999,1.07842,1.07897,818
2024-04-01 04:00:00,1.07897,1.07908,1.07836,1.07864,756
2024-04-01 05:00:00,1.07864,1.0787,1.07823,1.07847,727
2024-04-01 06:00:00,1.07846,1.0789900000000001,1.07837,1.07863,1033
2024-04-01 07:00:00,1.07862,1.07917,1.07826,1.07858,1114
2024-04-01 08:00:00,1.07857,1.07912,1.07826,1.07893,999
2024-04-01 09:00:00,1.0789,1.07905,1.07853,1.07857,925
2024-04-01 10:00:00,1.07857,1.07864,1.07791,1.0781,917
2024-04-01 11:00:00,1.0781,1.07871,1.07793,1.07837,871
2024-04-01 12:00:00,1.07837,1.07855,1.07768,1.07813,1673
2024-04-01 13:00:00,1.07811,1.07824,1.07713,1.07734,1991
2024-04-01 14:00:00,1.07731,1.07731,1.07391,1.07441,3450
2024-04-01 15:00:00,1.07441,1.07451,1.07307,1.07324,1909
2024-04-01 16:00:00,1.07323,1.07367,1.07308,1.07361,1258
2024-04-01 17:00:00,1.07364,1.07435,1.07363,1.07412,951
2024-04-01 18:00:00,1.07412,1.07424,1.07365,1.07372,873
2024-04-01 19:00:00,1.07373,1.07423,1.07371,1.07413,990
2024-04-01 20:00:00,1.07413,1.07425,1.07408,1.0742099999999999,455
2024-04-01 21:00:00,1.07419,1.07434,1.07383,1.07432,988
2024-04-01 22:00:00,1.07433,1.07433,1.07394,1.07395,362
2024-04-01 23:00:00,1.07396,1.07396,1.07353,1.07364,698
2024-04-02 00:00:00,1.0737,1.07385,1.07306,1.07367,1271
2024-04-02 01:00:00,1.07367,1.07378,1.07296,1.07337,1211
2024-04-02 02:00:00,1.07338,1.07349,1.07291,1.07343,785
2024-04-02 03:00:00,1.07343,1.07357,1.07293,1.07296,600
2024-04-02 04:00:00,1.07298,1.07334,1.0729,1.07327,465
2024-04-02 05:00:00,1.07327,1.07346,1.0725500000000001,1.07262,792
2024-04-02 06:00:00,1.07262,1.0731600000000001,1.07241,1.07283,1644
2024-04-02 07:00:00,1.07282,1.07423,1.07256,1.07412,1957
2024-04-02 08:00:00,1.07409,1.07409,1.07262,1.0731,2272
2024-04-02 09:00:00,1.07309,1.07425,1.07304,1.07413,1543
2024-04-02 10:00:00,1.0741,1.07454,1.07379,1.07445,1404
2024-04-02 11:00:00,1.07446,1.07529,1.07423,1.07511,1788
2024-04-02 12:00:00,1.07509,1.07555,1.07451,1.07485,2177
2024-04-02 13:00:00,1.07485,1.07676,1.07474,1.07638,2390
2024-04-02 14:00:00,1.07635,1.07785,1.07579,1.07654,3603
2024-04-02 15:00:00,1.07657,1.07711,1.07642,1.07684,2079
2024-04-02 16:00:00,1.07683,1.07697,1.07641,1.07676,1207
2024-04-02 17:00:00,1.07677,1.07684,1.07639,1.07667,925
2024-04-02 18:00:00,1.07669,1.07681,1.07619,1.0763,709
2024-04-02 19:00:00,1.07632,1.07678,1.07597,1.07674,904
2024-04-02 20:00:00,1.07672,1.0769,1.07652,1.07684,548
2024-04-02 21:00:00,1.07682,1.0772,1.07645,1.07709,1004
2024-04-02 22:00:00,1.07725,1.07725,1.07674,1.07676,463
2024-04-02 23:00:00,1.07677,1.07685,1.0766,1.07678,431
2024-04-03 00:00:00,1.07677,1.07709,1.07656,1.07685,853
2024-04-03 01:00:00,1.07684,1.0773,1.07654,1.0771600000000001,906
2024-04-03 02:00:00,1.07715,1.07744,1.07712,1.07737,596
2024-04-03 03:00:00,1.07737,1.0779,1.07735,1.07769,663
2024-04-03 04:00:00,1.0777,1.07776,1.0774,1.07742,516
2024-04-03 05:00:00,1.07742,1.07768,1.07736,1.07748,587
2024-04-03 06:00:00,1.07748,1.07755,1.07667,1.07687,1204
2024-04-03 07:00:00,1.07687,1.07718,1.07635,1.07699,1687
2024-04-03 08:00:00,1.07699,1.07769,1.07691,1.07711,1251
2024-04-03 09:00:00,1.07709,1.07742,1.07645,1.07673,1501
2024-04-03 10:00:00,1.07672,1.07762,1.07658,1.07749,1287
2024-04-03 11:00:00,1.07748,1.07845,1.07748,1.07831,1343
2024-04-03 12:00:00,1.07831,1.07859,1.07725,1.0777700000000001,2627
2024-04-03 13:00:00,1.07776,1.07922,1.07773,1.07888,2632
2024-04-03 14:00:00,1.07894,1.08234,1.07889,1.08224,5305
2024-04-03 15:00:00,1.08225,1.08301,1.0818699999999999,1.08259,2097
2024-04-03 16:00:00,1.08261,1.08357,1.08198,1.083,2465
2024-04-03 17:00:00,1.083,1.08338,1.08249,1.08315,1363
2024-04-03 18:00:00,1.08317,1.08363,1.08308,1.08341,912
2024-04-03 19:00:00,1.08341,1.08343,1.08287,1.08329,1030
2024-04-03 20:00:00,1.08329,1.08362,1.08318,1.0835,455
2024-04-03 21:00:00,1.08347,1.08348,1.08314,1.08331,1102
2024-04-03 22:00:00,1.08333,1.08374,1.08333,1.08373,327
2024-04-03 23:00:00,1.08374,1.08403,1.08356,1.08375,454
2024-04-04 00:00:00,1.08372,1.08429,1.08341,1.08424,993
2024-04-04 01:00:00,1.08425,1.08434,1.08394,1.08403,705
2024-04-04 02:00:00,1.08402,1.0844,1.08377,1.08422,585
2024-04-04 03:00:00,1.08422,1.0843,1.08394,1.0842,480
2024-04-04 04:00:00,1.08422,1.08444,1.0842,1.08421,463
2024-04-04 05:00:00,1.08421,1.08459,1.08406,1.08414,572
2024-04-04 06:00:00,1.08414,1.08461,1.08386,1.08393,1469
2024-04-04 07:00:00,1.08393,1.08578,1.08386,1.08568,2024
2024-04-04 08:00:00,1.0857,1.08622,1.08503,1.08612,1814
2024-04-04 09:00:00,1.0861,1.08651,1.08547,1.08582,1496
2024-04-04 10:00:00,1.08582,1.08611,1.0855299999999999,1.08591,1245
2024-04-04 11:00:00,1.08591,1.08617,1.08515,1.08524,1427
2024-04-04 12:00:00,1.08524,1.08702,1.08503,1.0869,2034
2024-04-04 13:00:00,1.08692,1.08762,1.08635,1.08692,2454
2024-04-04 14:00:00,1.08692,1.08756,1.0866,1.08671,2022
2024-04-04 15:00:00,1.08668,1.08685,1.08619,1.08643,1348
2024-04-04 16:00:00,1.08643,1.08666,1.08575,1.08582,926
2024-04-04 17:00:00,1.08581,1.08615,1.08579,1.08597,731
2024-04-04 18:00:00,1.08597,1.08597,1.08461,1.08495,2249
2024-04-04 19:00:00,1.0849199999999999,1.08506,1.08331,1.08333,2907
2024-04-04 20:00:00,1.08334,1.08384,1.08316,1.08362,973
2024-04-04 21:00:00,1.08364,1.08384,1.08336,1.08379,1707
2024-04-04 22:00:00,1.08379,1.08397,1.08354,1.08361,584
2024-04-04 23:00:00,1.08363,1.08399,1.08354,1.08357,682
2024-04-05 00:00:00,1.08361,1.08434,1.08345,1.08411,1370
2024-04-05 01:00:00,1.0841,1.08427,1.08247,1.0826500000000001,1367
2024-04-05 02:00:00,1.08266,1.08282,1.0823,1.0825,853
2024-04-05 03:00:00,1.0825,1.08276,1.08241,1.0826500000000001,630
2024-04-05 04:00:00,1.0826500000000001,1.08275,1.08244,1.08259,482
2024-04-05 05:00:00,1.08259,1.08277,1.08247,1.08268,649
2024-04-05 06:00:00,1.08266,1.0832600000000001,1.08223,1.08301,1601
2024-04-05 07:00:00,1.083,1.08406,1.08297,1.08385,1966
2024-04-05 08:00:00,1.08383,1.08459,1.08355,1.0836999999999999,1506
2024-04-05 09:00:00,1.0836999999999999,1.08418,1.08343,1.08384,1291
2024-04-05 10:00:00,1.08382,1.08389,1.08323,1.08339,1193
2024-04-05 11:00:00,1.08343,1.08414,1.08303,1.08347,1283
2024-04-05 12:00:00,1.08348,1.08475,1.07996,1.08089,5272
2024-04-05 13:00:00,1.08091,1.08133,1.0791,1.08008,4120
2024-04-05 14:00:00,1.08007,1.08258,1.07965,1.08184,3434
2024-04-05 15:00:00,1.08182,1.08428,1.08155,1.08396,2603
2024-04-05 16:00:00,1.08397,1.08439,1.08327,1.08352,1642
2024-04-05 17:00:00,1.08354,1.08386,1.08311,1.0832600000000001,1271
2024-04-05 18:00:00,1.0832600000000001,1.08376,1.08303,1.08345,1289
2024-04-05 19:00:00,1.08346,1.08364,1.08316,1.08349,1148
2024-04-05 20:00:00,1.08348,1.08374,1.08333,1.08366,648
2024-04-07 21:00:00,1.08362,1.08369,1.0835,1.08362,419
2024-04-07 22:00:00,1.08363,1.08363,1.08255,1.08277,703
2024-04-07 23:00:00,1.08277,1.0832600000000001,1.08274,1.0829,542
2024-04-08 00:00:00,1.08295,1.08295,1.08226,1.0826500000000001,1280
2024-04-08 01:00:00,1.0826500000000001,1.0836,1.08264,1.08347,1360
2024-04-08 02:00:00,1.08347,1.08428,1.08343,1.08401,1161
2024-04-08 03:00:00,1.08401,1.08412,1.08317,1.08331,907
2024-04-08 04:00:00,1.08331,1.08353,1.08308,1.08318,624
2024-04-08 05:00:00,1.0832,1.08369,1.08317,1.08342,889
2024-04-08 06:00:00,1.08343,1.0836999999999999,1.08292,1.08333,1729
2024-04-08 07:00:00,1.08335,1.08374,1.08279,1.08319,2030
2024-04-08 08:00:00,1.08319,1.08348,1.08218,1.08231,2129
2024-04-08 09:00:00,1.08232,1.08294,1.0820400000000001,1.08276,1669
2024-04-08 10:00:00,1.08274,1.08335,1.08255,1.0832,1393
2024-04-08 11:00:00,1.08319,1.0833,1.08229,1.08233,1390
2024-04-08 12:00:00,1.08232,1.08351,1.0821,1.08336,1899
2024-04-08 13:00:00,1.08338,1.0853,1.08338,1.08511,2684
2024-04-08 14:00:00,1.08511,1.0856,1.08429,1.08528,2777
2024-04-08 15:00:00,1.0853,1.08583,1.08488,1.0852,2061
2024-04-08 16:00:00,1.0852,1.08525,1.08463,1.08498,1404
2024-04-08 17:00:00,1.08498,1.08587,1.08489,1.08572,1143
2024-04-08 18:00:00,1.08573,1.08618,1.08551,1.08566,998
2024-04-08 19:00:00,1.08566,1.08584,1.08555,1.08561,864
2024-04-08 20:00:00,1.08559,1.08593,1.08557,1.08584,446
2024-04-08 21:00:00,1.08582,1.08587,1.08552,1.08587,1556
2024-04-08 22:00:00,1.08589,1.0860400000000001,1.08589,1.08597,238
2024-04-08 23:00:00,1.086,1.0863,1.086,1.08612,425
2024-04-09 00:00:00,1.08616,1.08629,1.08571,1.08581,768
2024-04-09 01:00:00,1.08582,1.08617,1.08564,1.08591,987
2024-04-09 02:00:00,1.0859,1.08618,1.08554,1.08566,755
2024-04-09 03:00:00,1.08566,1.08572,1.08536,1.08548,569
2024-04-09 04:00:00,1.08548,1.0858,1.08548,1.08559,422
2024-04-09 05:00:00,1.0856,1.08583,1.0855299999999999,1.08574,515
2024-04-09 06:00:00,1.08575,1.08622,1.08508,1.08517,1315
2024-04-09 07:00:00,1.08519,1.08597,1.08509,1.08529,1778
2024-04-09 08:00:00,1.08531,1.08583,1.08487,1.08571,1464
2024-04-09 09:00:00,1.08571,1.08655,1.08559,1.08646,1703
2024-04-09 10:00:00,1.08648,1.08702,1.08646,1.08684,1212
2024-04-09 11:00:00,1.08684,1.08723,1.08589,1.0861,1414
2024-04-09 12:00:00,1.08612,1.08835,1.08599,1.088,2312
2024-04-09 13:00:00,1.08798,1.08845,1.08755,1.08783,2566
2024-04-09 14:00:00,1.08782,1.08816,1.08527,1.08566,2786
2024-04-09 15:00:00,1.08567,1.08588,1.08518,1.0855299999999999,2521
2024-04-09 16:00:00,1.08552,1.08596,1.08531,1.08542,1403
2024-04-09 17:00:00,1.0854,1.0855,1.08507,1.08511,1342
2024-04-09 18:00:00,1.08508,1.08544,1.08495,1.08527,956
2024-04-09 19:00:00,1.08525,1.08568,1.08472,1.08561,1268
2024-04-09 20:00:00,1.08561,1.08586,1.08551,1.08563,538
2024-04-09 21:00:00,1.08564,1.08575,1.08529,1.08575,1629
2024-04-09 22:00:00,1.08574,1.08581,1.08567,1.08581,295
2024-04-09 23:00:00,1.08582,1.08593,1.08571,1.0858,321
2024-04-10 00:00:00,1.08583,1.08585,1.08545,1.08567,824
2024-04-10 01:00:00,1.08567,1.08584,1.0851,1.08541,948
2024-04-10 02:00:00,1.08541,1.08552,1.08504,1.0853,977
2024-04-10 03:00:00,1.08531,1.0854,1.08517,1.08527,545
2024-04-10 04:00:00,1.08527,1.08531,1.08501,1.08522,588
2024-04-10 05:00:00,1.08522,1.0855299999999999,1.08506,1.08514,745
2024-04-10 06:00:00,1.08515,1.08544,1.08472,1.08529,1340
2024-04-10 07:00:00,1.08531,1.08569,1.08503,1.08547,1708
2024-04-10 08:00:00,1.08544,1.086,1.08508,1.08599,1497
2024-04-10 09:00:00,1.08599,1.08649,1.08563,1.08613,1400
2024-04-10 10:00:00,1.08613,1.08655,1.08597,1.08639,1182
2024-04-10 11:00:00,1.08637,1.0866,1.08546,1.08551,1303
2024-04-10 12:00:00,1.08552,1.08638,1.07779,1.07805,8244
2024-04-10 13:00:00,1.07803,1.07808,1.0749,1.07506,6973
2024-04-10 14:00:00,1.07508,1.07666,1.0745,1.0753,4538
2024-04-10 15:00:00,1.07529,1.0754299999999999,1.07326,1.07365,2676
2024-04-10 16:00:00,1.07365,1.07372,1.07283,1.07358,2097
2024-04-10 17:00:00,1.0735999999999999,1.07538,1.07284,1.07501,4025
2024-04-10 18:00:00,1.07498,1.07537,1.07345,1.07362,2979
2024-04-10 19:00:00,1.07358,1.07451,1.07352,1.07435,1970
2024-04-10 20:00:00,1.07433,1.07454,1.07398,1.07402,681
2024-04-10 21:00:00,1.07398,1.07426,1.07386,1.07426,972
2024-04-10 22:00:00,1.07426,1.07434,1.07397,1.07428,427
2024-04-10 23:00:00,1.07429,1.07443,1.07388,1.0741,596
2024-04-11 00:00:00,1.07409,1.07455,1.07378,1.07422,1375
2024-04-11 01:00:00,1.07423,1.07465,1.07407,1.07458,1300
2024-04-11 02:00:00,1.07457,1.07465,1.0744,1.07451,836
2024-04-11 03:00:00,1.07451,1.07485,1.0744,1.07443,728
2024-04-11 04:00:00,1.07443,1.07462,1.07434,1.07458,546
2024-04-11 05:00:00,1.07458,1.07468,1.07422,1.07425,793
2024-04-11 06:00:00,1.07424,1.07425,1.07262,1.0728,1742
2024-04-11 07:00:00,1.07281,1.07443,1.07275,1.07427,2588
2024-04-11 08:00:00,1.07429,1.07494,1.07379,1.074,2168
2024-04-11 09:00:00,1.07399,1.07403,1.07283,1.07307,1932
2024-04-11 10:00:00,1.07307,1.07333,1.07257,1.07295,1800
2024-04-11 11:00:00,1.07293,1.07336,1.07249,1.07281,1756
2024-04-11 12:00:00,1.07281,1.07463,1.07144,1.0741,7183
2024-04-11 13:00:00,1.07411,1.07559,1.07276,1.07344,6125
2024-04-11 14:00:00,1.07343,1.07343,1.06988,1.07049,3791
2024-04-11 15:00:00,1.0705,1.07209,1.07017,1.07207,2906
2024-04-11 16:00:00,1.07208,1.07228,1.07132,1.07172,2331
2024-04-11 17:00:00,1.07171,1.07291,1.07149,1.07271,2443
2024-04-11 18:00:00,1.07272,1.0734,1.07247,1.0725,1758
2024-04-11 19:00:00,1.07249,1.07314,1.07246,1.07283,1330
2024-04-11 20:00:00,1.07285,1.07287,1.0723799999999999,1.07245,580
2024-04-11 21:00:00,1.07247,1.07267,1.07226,1.07267,684
2024-04-11 22:00:00,1.07267,1.07288,1.0725500000000001,1.07275,397
2024-04-11 23:00:00,1.07276,1.0728,1.07236,1.07258,423
2024-04-12 00:00:00,1.07258,1.0727,1.0722,1.07254,871
2024-04-12 01:00:00,1.07256,1.07278,1.07224,1.0723799999999999,1184
2024-04-12 02:00:00,1.0723799999999999,1.07269,1.07229,1.07263,788
2024-04-12 03:00:00,1.07263,1.07264,1.07148,1.07167,865
2024-04-12 04:00:00,1.07166,1.07171,1.07103,1.07109,606
2024-04-12 05:00:00,1.07108,1.07138,1.07101,1.0711,734
2024-04-12 06:00:00,1.07108,1.07115,1.06806,1.06826,2562
2024-04-12 07:00:00,1.06827,1.06872,1.06737,1.06837,2956
2024-04-12 08:00:00,1.0683799999999999,1.06846,1.06703,1.06704,2082
2024-04-12 09:00:00,1.06705,1.06745,1.06545,1.066,2394
2024-04-12 10:00:00,1.06603,1.06607,1.06435,1.06466,2206
2024-04-12 11:00:00,1.06467,1.06587,1.06455,1.06507,2054
2024-04-12 12:00:00,1.06508,1.06554,1.06308,1.06379,3257
2024-04-12 13:00:00,1.06381,1.06434,1.06305,1.06426,4077
2024-04-12 14:00:00,1.06414,1.06459,1.06221,1.06295,4508
2024-04-12 15:00:00,1.06293,1.06504,1.06289,1.06461,2841
2024-04-12 16:00:00,1.0646,1.06466,1.0637,1.06414,2411
2024-04-12 17:00:00,1.06415,1.06492,1.06399,1.06465,2137
2024-04-12 18:00:00,1.06463,1.06502,1.06382,1.06384,1841
2024-04-12 19:00:00,1.06384,1.06423,1.06369,1.0638,1328
2024-04-12 20:00:00,1.06379,1.06437,1.0636700000000001,1.06403,769
2024-04-14 21:00:00,1.06289,1.06348,1.06266,1.06342,529
2024-04-14 22:00:00,1.06342,1.06492,1.06327,1.06492,1237
2024-04-14 23:00:00,1.06492,1.06496,1.06427,1.06468,910
2024-04-15 00:00:00,1.06459,1.06493,1.0642800000000001,1.06453,1450
2024-04-15 01:00:00,1.06453,1.06502,1.06388,1.0649,1508
2024-04-15 02:00:00,1.0649,1.06543,1.06484,1.06503,1178
2024-04-15 03:00:00,1.06503,1.06534,1.06471,1.06516,1001
2024-04-15 04:00:00,1.06516,1.06536,1.06465,1.0652,927
2024-04-15 05:00:00,1.0652,1.06584,1.06501,1.06573,1151
2024-04-15 06:00:00,1.06571,1.06642,1.06511,1.06539,2467
2024-04-15 07:00:00,1.06537,1.06605,1.06496,1.06575,2914
2024-04-15 08:00:00,1.06574,1.06614,1.06534,1.06559,2342
2024-04-15 09:00:00,1.06561,1.0662,1.0653,1.06543,1938
2024-04-15 10:00:00,1.06544,1.0659399999999999,1.06509,1.0657,1556
2024-04-15 11:00:00,1.0657,1.06647,1.06511,1.06543,1933
2024-04-15 12:00:00,1.06543,1.06569,1.06305,1.06466,4179
2024-04-15 13:00:00,1.06468,1.06601,1.06335,1.0636700000000001,3808
2024-04-15 14:00:00,1.06365,1.06374,1.06214,1.06265,4729
2024-04-15 15:00:00,1.06266,1.06445,1.06221,1.0642800000000001,2852
2024-04-15 16:00:00,1.06431,1.06469,1.06339,1.06357,2035
2024-04-15 17:00:00,1.06354,1.06392,1.06224,1.06282,2311
2024-04-15 18:00:00,1.06281,1.06312,1.0623,1.06247,1807
2024-04-15 19:00:00,1.06248,1.06268,1.06197,1.06262,1693
2024-04-15 20:00:00,1.06259,1.06267,1.06204,1.06227,717
2024-04-15 21:00:00,1.06224,1.06244,1.06213,1.06242,893
2024-04-15 22:00:00,1.0624,1.06275,1.0624,1.06266,487
2024-04-15 23:00:00,1.06267,1.06279,1.06237,1.06244,507
2024-04-16 00:00:00,1.06245,1.06251,1.06175,1.0618,1279
2024-04-16 01:00:00,1.0618,1.0619,1.06064,1.06155,1823
2024-04-16 02:00:00,1.06155,1.06173,1.06057,1.06095,1503
2024-04-16 03:00:00,1.06095,1.06121,1.06067,1.0611,816
2024-04-16 04:00:00,1.0611,1.06139,1.06094,1.06134,701
2024-04-16 05:00:00,1.06134,1.062,1.0613,1.06181,1002
2024-04-16 06:00:00,1.06178,1.06195,1.06017,1.06101,2456
2024-04-16 07:00:00,1.06102,1.06223,1.06096,1.06173,2942
2024-04-16 08:00:00,1.06174,1.06242,1.06121,1.0616,2440
2024-04-16 09:00:00,1.06159,1.06343,1.06159,1.06286,2488
2024-04-16 10:00:00,1.06286,1.06318,1.06228,1.06258,2050
2024-04-16 11:00:00,1.06259,1.06467,1.06254,1.06419,2090
2024-04-16 12:00:00,1.06419,1.06531,1.06356,1.06384,3158
2024-04-16 13:00:00,1.06386,1.06433,1.06271,1.06291,4652
2024-04-16 14:00:00,1.06293,1.06444,1.0627,1.06313,4172
2024-04-16 15:00:00,1.06315,1.06389,1.06213,1.06274,3282
2024-04-16 16:00:00,1.06274,1.06278,1.06183,1.06243,2594
2024-04-16 17:00:00,1.06244,1.06249,1.06004,1.06202,4433
2024-04-16 18:00:00,1.06203,1.06344,1.06156,1.06303,4208
2024-04-16 19:00:00,1.06302,1.06314,1.06172,1.06214,2054
2024-04-16 20:00:00,1.06213,1.06225,1.06162,1.06175,745
2024-04-16 21:00:00,1.06176,1.0618,1.06138,1.06157,1527
2024-04-16 22:00:00,1.06162,1.06194,1.0612,1.06189,722
2024-04-16 23:00:00,1.06191,1.06247,1.06186,1.062,691
2024-04-17 00:00:00,1.06207,1.06236,1.06167,1.0622,1228
2024-04-17 01:00:00,1.0622,1.06292,1.06198,1.06276,1518
2024-04-17 02:00:00,1.06276,1.0635,1.06265,1.06335,1125
2024-04-17 03:00:00,1.06337,1.06343,1.06267,1.06268,901
2024-04-17 04:00:00,1.06268,1.06308,1.06238,1.06246,749
2024-04-17 05:00:00,1.06246,1.06247,1.06093,1.06115,1167
2024-04-17 06:00:00,1.06112,1.06372,1.06056,1.0634,2978
2024-04-17 07:00:00,1.0634,1.0634,1.06238,1.06249,2728
2024-04-17 08:00:00,1.06249,1.06482,1.06234,1.064,2633
2024-04-17 09:00:00,1.06401,1.06482,1.06349,1.06407,2464
2024-04-17 10:00:00,1.06407,1.06462,1.06374,1.06388,1605
2024-04-17 11:00:00,1.06386,1.06485,1.06318,1.06352,1894
2024-04-17 12:00:00,1.06353,1.06423,1.06309,1.06344,2738
2024-04-17 13:00:00,1.06343,1.06523,1.06336,1.06434,3356
2024-04-17 14:00:00,1.06434,1.06443,1.06294,1.06349,3031
2024-04-17 15:00:00,1.0635,1.06456,1.0635,1.06424,2814
2024-04-17 16:00:00,1.06424,1.06559,1.06353,1.06492,3122
2024-04-17 17:00:00,1.06493,1.06682,1.0647199999999999,1.06676,2762
2024-04-17 18:00:00,1.06676,1.06791,1.06664,1.06699,2500
2024-04-17 19:00:00,1.06696,1.06713,1.06638,1.06706,2148
2024-04-17 20:00:00,1.06707,1.0673300000000001,1.06689,1.06707,604
2024-04-17 21:00:00,1.06709,1.06718,1.06667,1.06703,1116
2024-04-17 22:00:00,1.06715,1.06745,1.06705,1.06717,509
2024-04-17 23:00:00,1.0672,1.0673300000000001,1.06677,1.0668,519
2024-04-18 00:00:00,1.06685,1.06699,1.06639,1.06692,1033
2024-04-18 01:00:00,1.06692,1.06735,1.06642,1.06697,1315
2024-04-18 02:00:00,1.06698,1.06784,1.06683,1.06773,1222
2024-04-18 03:00:00,1.06773,1.06798,1.06748,1.06793,709
2024-04-18 04:00:00,1.06793,1.06796,1.06751,1.0678,700
2024-04-18 05:00:00,1.0678,1.06836,1.06743,1.06806,990
2024-04-18 06:00:00,1.06808,1.06897,1.06785,1.06851,1736
2024-04-18 07:00:00,1.06852,1.06874,1.06778,1.06807,2383
2024-04-18 08:00:00,1.06808,1.06836,1.06744,1.0678,2208
2024-04-18 09:00:00,1.06781,1.06809,1.06697,1.06701,1626
2024-04-18 10:00:00,1.06698,1.06766,1.06694,1.06754,1478
2024-04-18 11:00:00,1.06752,1.06784,1.06693,1.06766,1604
2024-04-18 12:00:00,1.06768,1.06793,1.06593,1.06624,3670
2024-04-18 13:00:00,1.06623,1.06678,1.06461,1.06505,4356
2024-04-18 14:00:00,1.06503,1.06628,1.06495,1.06536,3328
2024-04-18 15:00:00,1.06536,1.06643,1.0653299999999999,1.06593,2305
2024-04-18 16:00:00,1.06591,1.06613,1.06512,1.06529,1767
2024-04-18 17:00:00,1.06529,1.06546,1.06425,1.0648,2048
2024-04-18 18:00:00,1.06478,1.06491,1.06416,1.06447,1764
2024-04-18 19:00:00,1.06448,1.06479,1.06422,1.0643,1301
2024-04-18 20:00:00,1.0643,1.06455,1.0641,1.06423,535
2024-04-18 21:00:00,1.06421,1.06434,1.06406,1.06433,820
2024-04-18 22:00:00,1.0643,1.06439,1.06398,1.06401,279
2024-04-18 23:00:00,1.06402,1.06436,1.06397,1.06427,505
2024-04-19 00:00:00,1.0642,1.06438,1.06358,1.06383,1719
2024-04-19 01:00:00,1.06381,1.06398,1.0613,1.06184,4199
2024-04-19 02:00:00,1.06186,1.06231,1.06099,1.06175,4393
2024-04-19 03:00:00,1.06176,1.064,1.06145,1.06368,3674
2024-04-19 04:00:00,1.06366,1.06427,1.06332,1.06344,1644
2024-04-19 05:00:00,1.06345,1.06404,1.06292,1.06305,1686
2024-04-19 06:00:00,1.06302,1.0649,1.06268,1.06443,3514
2024-04-19 07:00:00,1.06441,1.06587,1.06432,1.06548,3567
2024-04-19 08:00:00,1.06546,1.06548,1.06427,1.0645,2513
2024-04-19 09:00:00,1.06452,1.06617,1.06448,1.06586,2088
2024-04-19 10:00:00,1.06585,1.06587,1.06464,1.0647,2174
2024-04-19 11:00:00,1.0647,1.06549,1.06424,1.06512,2187
2024-04-19 12:00:00,1.06514,1.06731,1.0648900000000001,1.06651,2885
2024-04-19 13:00:00,1.06649,1.06751,1.06583,1.06654,3597
2024-04-19 14:00:00,1.06653,1.06774,1.06633,1.06688,3844
2024-04-19 15:00:00,1.06688,1.06715,1.06532,1.06546,2542
2024-04-19 16:00:00,1.06544,1.0659399999999999,1.06398,1.06529,2511
2024-04-19 17:00:00,1.06528,1.0658,1.06503,1.06551,1910
2024-04-19 18:00:00,1.0655000000000001,1.06552,1.06461,1.06501,2027
2024-04-19 19:00:00,1.065,1.06548,1.0649,1.06544,1688
2024-04-19 20:00:00,1.06544,1.06573,1.06527,1.06561,596
2024-04-21 21:00:00,1.06524,1.0659399999999999,1.0648,1.06567,626
2024-04-21 22:00:00,1.06557,1.06597,1.06531,1.06585,551
2024-04-21 23:00:00,1.06586,1.06608,1.06569,1.06571,573
2024-04-22 00:00:00,1.06571,1.06646,1.06525,1.06529,1845
2024-04-22 01:00:00,1.06528,1.06694,1.06528,1.06676,1814
2024-04-22 02:00:00,1.06676,1.067,1.06634,1.06634,862
2024-04-22 03:00:00,1.06634,1.06642,1.06599,1.06614,636
2024-04-22 04:00:00,1.06614,1.06682,1.06609,1.06649,617
2024-04-22 05:00:00,1.06652,1.06657,1.06614,1.06633,822
2024-04-22 06:00:00,1.06635,1.06688,1.06598,1.06636,1887
2024-04-22 07:00:00,1.06634,1.06673,1.06521,1.0658,2459
2024-04-22 08:00:00,1.06579,1.06617,1.06468,1.06565,2220
2024-04-22 09:00:00,1.06564,1.06615,1.06485,1.06511,1879
2024-04-22 10:00:00,1.06511,1.06547,1.06469,1.06502,1693
2024-04-22 11:00:00,1.06501,1.06506,1.06324,1.06349,1963
2024-04-22 12:00:00,1.06349,1.06434,1.06304,1.06393,2223
2024-04-22 13:00:00,1.06393,1.06406,1.06236,1.0633,2681
2024-04-22 14:00:00,1.06329,1.0647199999999999,1.06322,1.06446,2566
2024-04-22 15:00:00,1.06444,1.06475,1.064,1.06465,1666
2024-04-22 16:00:00,1.06466,1.06503,1.06455,1.06485,1209
2024-04-22 17:00:00,1.06484,1.06571,1.06478,1.06567,1136
2024-04-22 18:00:00,1.06566,1.06604,1.06535,1.06579,985
2024-04-22 19:00:00,1.06582,1.06582,1.06502,1.06516,1130
2024-04-22 20:00:00,1.06516,1.06547,1.065,1.06524,457
2024-04-22 21:00:00,1.06527,1.06531,1.0648900000000001,1.06516,931
2024-04-22 22:00:00,1.06519,1.06541,1.06519,1.06536,340
2024-04-22 23:00:00,1.06536,1.06555,1.06519,1.0653299999999999,467
2024-04-23 00:00:00,1.0653299999999999,1.06588,1.06532,1.06581,808
2024-04-23 01:00:00,1.06582,1.06601,1.0653,1.06537,1200
2024-04-23 02:00:00,1.06537,1.066,1.06534,1.06578,786
2024-04-23 03:00:00,1.06579,1.06585,1.06542,1.06558,674
2024-04-23 04:00:00,1.06558,1.06578,1.06535,1.06548,490
2024-04-23 05:00:00,1.06548,1.06548,1.06492,1.06506,914
2024-04-23 06:00:00,1.06506,1.06506,1.06381,1.06448,1702
2024-04-23 07:00:00,1.06447,1.06946,1.06432,1.0679,4354
2024-04-23 08:00:00,1.06787,1.06827,1.06685,1.06704,2555
2024-04-23 09:00:00,1.06704,1.06704,1.06556,1.0659,1843
2024-04-23 10:00:00,1.0659,1.06624,1.06528,1.06546,1703
2024-04-23 11:00:00,1.06547,1.06775,1.06542,1.06742,2195
2024-04-23 12:00:00,1.06743,1.06763,1.06636,1.06715,2308
2024-04-23 13:00:00,1.06713,1.07093,1.06596,1.07008,4247
2024-04-23 14:00:00,1.0701100000000001,1.07108,1.06901,1.06981,5369
2024-04-23 15:00:00,1.0698,1.07029,1.06896,1.06943,2608
2024-04-23 16:00:00,1.06945,1.07018,1.06918,1.06996,1742
2024-04-23 17:00:00,1.06994,1.0707200000000001,1.06989,1.07043,1564
2024-04-23 18:00:00,1.07043,1.0707200000000001,1.07013,1.07032,976
2024-04-23 19:00:00,1.07032,1.07052,1.07014,1.07026,1072
2024-04-23 20:00:00,1.07025,1.07028,1.06997,1.07012,477
2024-04-23 21:00:00,1.0701100000000001,1.07019,1.06992,1.07019,757
2024-04-23 22:00:00,1.07023,1.07039,1.07001,1.07024,347
2024-04-23 23:00:00,1.07026,1.07031,1.06993,1.07018,545
2024-04-24 00:00:00,1.07018,1.07103,1.06997,1.07089,1072
2024-04-24 01:00:00,1.07089,1.07138,1.0707,1.07092,1439
2024-04-24 02:00:00,1.07095,1.07128,1.07071,1.07095,993
2024-04-24 03:00:00,1.07095,1.07106,1.07037,1.07058,793
2024-04-24 04:00:00,1.07056,1.07085,1.07045,1.07046,543
2024-04-24 05:00:00,1.07049,1.07053,1.06999,1.07008,796
2024-04-24 06:00:00,1.07009,1.07051,1.06918,1.06942,1639
2024-04-24 07:00:00,1.0694,1.06957,1.06845,1.0688,2158
2024-04-24 08:00:00,1.0688,1.06922,1.06802,1.06829,1705
2024-04-24 09:00:00,1.06831,1.06904,1.06828,1.06837,1415
2024-04-24 10:00:00,1.06835,1.06916,1.0683,1.06881,1192
2024-04-24 11:00:00,1.06878,1.06893,1.06827,1.06885,1319
2024-04-24 12:00:00,1.06886,1.06927,1.06775,1.06863,3148
2024-04-24 13:00:00,1.06864,1.06989,1.06834,1.0693,2824
2024-04-24 14:00:00,1.06929,1.0702,1.06852,1.06876,2825
2024-04-24 15:00:00,1.06876,1.06906,1.06805,1.06858,2272
2024-04-24 16:00:00,1.06856,1.06907,1.06828,1.06901,1677
2024-04-24 17:00:00,1.06901,1.0697,1.06892,1.06953,1482
2024-04-24 18:00:00,1.06953,1.06963,1.06866,1.06928,1473
2024-04-24 19:00:00,1.06927,1.07061,1.06916,1.07002,1383
2024-04-24 20:00:00,1.07002,1.07002,1.06964,1.0697,657
2024-04-24 21:00:00,1.0698,1.0698,1.06937,1.06971,874
2024-04-24 22:00:00,1.06971,1.07003,1.06939,1.06966,412
2024-04-24 23:00:00,1.06968,1.06996,1.06961,1.06995,406
2024-04-25 00:00:00,1.06998,1.07041,1.06985,1.07028,975
2024-04-25 01:00:00,1.07028,1.07083,1.06966,1.07064,1116
2024-04-25 02:00:00,1.07062,1.07083,1.07039,1.07067,882
2024-04-25 03:00:00,1.07067,1.07075,1.0703,1.07056,655
2024-04-25 04:00:00,1.07056,1.07094,1.07047,1.07085,443
2024-04-25 05:00:00,1.07087,1.07125,1.07071,1.07115,753
2024-04-25 06:00:00,1.07115,1.07271,1.07108,1.07199,1865
2024-04-25 07:00:00,1.072,1.07231,1.07112,1.07204,2278
2024-04-25 08:00:00,1.07204,1.07283,1.07196,1.0725,1793
2024-04-25 09:00:00,1.0725,1.07281,1.07207,1.07262,1593
2024-04-25 10:00:00,1.07261,1.07294,1.07219,1.07242,1412
2024-04-25 11:00:00,1.07244,1.07292,1.07166,1.07198,1376
2024-04-25 12:00:00,1.07199,1.07402,1.0685,1.06917,6538
2024-04-25 13:00:00,1.06919,1.07031,1.0678,1.07,5564
2024-04-25 14:00:00,1.07,1.07203,1.06921,1.07113,4343
2024-04-25 15:00:00,1.07111,1.07209,1.07071,1.07197,2451
2024-04-25 16:00:00,1.07196,1.07348,1.07145,1.07306,2012
2024-04-25 17:00:00,1.07304,1.07382,1.07288,1.07297,2113
2024-04-25 18:00:00,1.07297,1.07297,1.07225,1.07269,1840
2024-04-25 19:00:00,1.07269,1.07341,1.07264,1.07289,1294
2024-04-25 20:00:00,1.07286,1.07303,1.07273,1.07282,600
2024-04-25 21:00:00,1.0728,1.07292,1.07254,1.07284,641
2024-04-25 22:00:00,1.07287,1.073,1.07273,1.07285,302
2024-04-25 23:00:00,1.07286,1.07297,1.0726,1.07264,392
2024-04-26 00:00:00,1.07264,1.07275,1.07223,1.07268,886
2024-04-26 01:00:00,1.07269,1.07289,1.07234,1.07267,939
2024-04-26 02:00:00,1.07267,1.0728,1.07182,1.07223,751
2024-04-26 03:00:00,1.07223,1.07248,1.07183,1.07228,1112
2024-04-26 04:00:00,1.07228,1.07231,1.07205,1.07218,612
2024-04-26 05:00:00,1.07218,1.07269,1.0721,1.0725500000000001,831
2024-04-26 06:00:00,1.07254,1.07383,1.07251,1.07348,1671
2024-04-26 07:00:00,1.07349,1.0735999999999999,1.07254,1.07293,2331
2024-04-26 08:00:00,1.07293,1.07524,1.0728,1.07407,3474
2024-04-26 09:00:00,1.07404,1.0743,1.07303,1.07355,2002
2024-04-26 10:00:00,1.07357,1.07366,1.07259,1.07275,1637
2024-04-26 11:00:00,1.07274,1.07339,1.07148,1.07156,1825
2024-04-26 12:00:00,1.07156,1.07409,1.07097,1.07156,5240
2024-04-26 13:00:00,1.07159,1.07233,1.07057,1.07069,3962
2024-04-26 14:00:00,1.07068,1.07113,1.06757,1.06795,3712
2024-04-26 15:00:00,1.06795,1.069,1.06734,1.06852,2782
2024-04-26 16:00:00,1.06854,1.06959,1.06835,1.06939,1518
2024-04-26 17:00:00,1.06941,1.06975,1.06924,1.06934,1100
2024-04-26 18:00:00,1.06934,1.07051,1.06931,1.07049,1027
2024-04-26 19:00:00,1.07049,1.07066,1.06963,1.06995,957
2024-04-26 20:00:00,1.06993,1.07013,1.06906,1.06925,1055
2024-04-28 21:00:00,1.0689899999999999,1.06955,1.06874,1.06945,451
2024-04-28 22:00:00,1.06942,1.07017,1.06931,1.07013,625
2024-04-28 23:00:00,1.07016,1.07067,1.07,1.07066,760
2024-04-29 00:00:00,1.07065,1.07107,1.07057,1.07092,1012
2024-04-29 01:00:00,1.07092,1.07152,1.07068,1.0714,1801
2024-04-29 02:00:00,1.07141,1.07192,1.07125,1.07169,1150
2024-04-29 03:00:00,1.07169,1.07177,1.0714,1.07156,643
2024-04-29 04:00:00,1.07156,1.0733,1.07139,1.07284,3124
2024-04-29 05:00:00,1.07283,1.07331,1.07234,1.07253,2083
2024-04-29 06:00:00,1.07252,1.07282,1.0714299999999999,1.0715,2047
2024-04-29 07:00:00,1.07148,1.07249,1.0708,1.07176,4581
2024-04-29 08:00:00,1.07174,1.07243,1.07009,1.07042,3295
2024-04-29 09:00:00,1.07042,1.07184,1.06967,1.0714299999999999,2344
2024-04-29 10:00:00,1.0714299999999999,1.07192,1.07119,1.07169,1631
2024-04-29 11:00:00,1.07169,1.07267,1.07117,1.07142,1698
2024-04-29 12:00:00,1.07142,1.07231,1.07019,1.07032,2300
2024-04-29 13:00:00,1.07027,1.07066,1.06897,1.06981,2825
2024-04-29 14:00:00,1.06984,1.0713,1.06983,1.07122,2520
2024-04-29 15:00:00,1.07124,1.07204,1.07114,1.07161,1890
2024-04-29 16:00:00,1.0716,1.07284,1.07156,1.07253,1944
2024-04-29 17:00:00,1.07252,1.07291,1.07209,1.07214,1489
2024-04-29 18:00:00,1.07212,1.07248,1.07177,1.0724,1243
2024-04-29 19:00:00,1.0723799999999999,1.0724,1.07147,1.07206,1717
2024-04-29 20:00:00,1.07207,1.07225,1.07191,1.07195,644
2024-04-29 21:00:00,1.07196,1.07211,1.07166,1.07205,600
2024-04-29 22:00:00,1.07203,1.07218,1.07166,1.07168,413
2024-04-29 23:00:00,1.07169,1.07189,1.07136,1.07144,601
2024-04-30 00:00:00,1.07144,1.07171,1.07098,1.07148,1116
2024-04-30 01:00:00,1.07148,1.07176,1.07065,1.07067,1071
2024-04-30 02:00:00,1.07067,1.07071,1.07027,1.07063,879
2024-04-30 03:00:00,1.07063,1.0707,1.07022,1.07047,619
2024-04-30 04:00:00,1.07048,1.07056,1.07019,1.07051,548
2024-04-30 05:00:00,1.07051,1.07063,1.06947,1.06989,965
2024-04-30 06:00:00,1.06987,1.07056,1.06897,1.07043,2116
2024-04-30 07:00:00,1.07044,1.07093,1.0701100000000001,1.07047,2177
2024-04-30 08:00:00,1.07045,1.07116,1.06925,1.07103,1655
2024-04-30 09:00:00,1.07107,1.0734,1.07102,1.07265,2383
2024-04-30 10:00:00,1.07264,1.07347,1.07223,1.07278,1742
2024-04-30 11:00:00,1.07277,1.07279,1.0719,1.07198,1720
2024-04-30 12:00:00,1.07199,1.07237,1.06893,1.07,5006
2024-04-30 13:00:00,1.07002,1.0714299999999999,1.06936,1.07054,4638
2024-04-30 14:00:00,1.07055,1.0719,1.06868,1.06905,4840
2024-04-30 15:00:00,1.06908,1.06985,1.06827,1.06835,3340
2024-04-30 16:00:00,1.06834,1.06862,1.06754,1.06786,2090
2024-04-30 17:00:00,1.06788,1.06827,1.06747,1.06796,1436
2024-04-30 18:00:00,1.06796,1.06823,1.06757,1.0677699999999999,1277
2024-04-30 19:00:00,1.06778,1.06803,1.06713,1.06721,1366
2024-04-30 20:00:00,1.06719,1.06732,1.06628,1.06646,1003
2024-04-30 21:00:00,1.06648,1.06684,1.06575,1.06684,939
2024-04-30 22:00:00,1.06687,1.06692,1.06653,1.0667,489
2024-04-30 23:00:00,1.06671,1.06671,1.06649,1.06656,602
2024-05-01 00:00:00,1.06658,1.06668,1.06573,1.06613,1004
2024-05-01 01:00:00,1.06613,1.06631,1.06585,1.06603,619
2024-05-01 02:00:00,1.06602,1.06603,1.06568,1.06585,560
2024-05-01 03:00:00,1.06585,1.06587,1.06554,1.06562,488
2024-05-01 04:00:00,1.06561,1.06567,1.06544,1.06556,475
2024-05-01 05:00:00,1.06555,1.06566,1.06537,1.06551,555
2024-05-01 06:00:00,1.06551,1.06581,1.06491,1.06515,1158
2024-05-01 07:00:00,1.06513,1.06614,1.06513,1.06607,1452
2024-05-01 08:00:00,1.06608,1.067,1.06608,1.06687,1291
2024-05-01 09:00:00,1.0669,1.06728,1.06673,1.06692,1313
2024-05-01 10:00:00,1.06693,1.06728,1.06661,1.06686,1322
2024-05-01 11:00:00,1.06687,1.06722,1.06665,1.06712,1088
2024-05-01 12:00:00,1.06712,1.06842,1.06703,1.06837,2448
2024-05-01 13:00:00,1.06835,1.06849,1.06742,1.06809,2235
2024-05-01 14:00:00,1.06812,1.06921,1.06772,1.06825,4315
2024-05-01 15:00:00,1.06826,1.06852,1.06767,1.06789,1795
2024-05-01 16:00:00,1.06789,1.06789,1.06703,1.06711,1362
2024-05-01 17:00:00,1.06709,1.06823,1.06702,1.06751,1573
2024-05-01 18:00:00,1.06748,1.07322,1.06705,1.07275,12763
2024-05-01 19:00:00,1.07278,1.07298,1.06887,1.06892,6383
2024-05-01 20:00:00,1.0688900000000001,1.07226,1.06864,1.07127,3492
2024-05-01 21:00:00,1.07122,1.07129,1.07022,1.07106,1285
2024-05-01 22:00:00,1.07116,1.07205,1.07112,1.07157,1013
2024-05-01 23:00:00,1.07159,1.07178,1.07113,1.07166,948
2024-05-02 00:00:00,1.07166,1.07167,1.0709,1.0711,1507
2024-05-02 01:00:00,1.0711,1.07154,1.07066,1.07152,1070
2024-05-02 02:00:00,1.07152,1.07203,1.07152,1.07182,1167
2024-05-02 03:00:00,1.07183,1.07183,1.07124,1.07142,804
2024-05-02 04:00:00,1.07142,1.07198,1.07136,1.07171,722
2024-05-02 05:00:00,1.07171,1.07198,1.07117,1.07155,986
2024-05-02 06:00:00,1.07156,1.07267,1.07131,1.07172,2406
2024-05-02 07:00:00,1.07169,1.07278,1.07121,1.07151,2793
2024-05-02 08:00:00,1.07152,1.07186,1.06996,1.07039,2590
2024-05-02 09:00:00,1.07038,1.07088,1.06953,1.07026,1892
2024-05-02 10:00:00,1.07028,1.07055,1.06963,1.07035,1802
2024-05-02 11:00:00,1.07037,1.07057,1.06951,1.07019,1873
2024-05-02 12:00:00,1.0702,1.07118,1.06931,1.07007,3296
2024-05-02 13:00:00,1.07009,1.0703,1.06797,1.06862,4022
2024-05-02 14:00:00,1.06863,1.06902,1.06738,1.06876,3790
2024-05-02 15:00:00,1.06877,1.07078,1.06853,1.07044,2759
2024-05-02 16:00:00,1.07046,1.0721,1.0701100000000001,1.07161,1947
2024-05-02 17:00:00,1.07162,1.07223,1.0713300000000001,1.0719,1675
2024-05-02 18:00:00,1.07189,1.07296,1.07175,1.07296,1658
2024-05-02 19:00:00,1.07296,1.07296,1.07228,1.07265,1619
2024-05-02 20:00:00,1.07266,1.07274,1.07225,1.07227,735
2024-05-02 21:00:00,1.07222,1.07241,1.07211,1.07237,851
2024-05-02 22:00:00,1.07239,1.07291,1.07239,1.07281,415
2024-05-02 23:00:00,1.07282,1.07304,1.07274,1.07293,595
2024-05-03 00:00:00,1.07296,1.07312,1.0723799999999999,1.0731,1212
2024-05-03 01:00:00,1.07308,1.0739,1.07304,1.0737,1308
2024-05-03 02:00:00,1.07368,1.07371,1.07321,1.07327,868
2024-05-03 03:00:00,1.07327,1.07348,1.07308,1.07346,801
2024-05-03 04:00:00,1.07346,1.07356,1.0731600000000001,1.0731600000000001,584
2024-05-03 05:00:00,1.0731600000000001,1.07375,1.0731600000000001,1.07352,874
2024-05-03 06:00:00,1.07354,1.07357,1.07292,1.07293,1691
2024-05-03 07:00:00,1.07292,1.0737700000000001,1.07241,1.07339,2116
2024-05-03 08:00:00,1.07339,1.0743800000000001,1.0732,1.07419,1990
2024-05-03 09:00:00,1.07423,1.07473,1.07398,1.07426,1596
2024-05-03 10:00:00,1.07425,1.07451,1.07382,1.07427,1545
2024-05-03 11:00:00,1.07427,1.07491,1.07418,1.07454,1528
2024-05-03 12:00:00,1.0745,1.08115,1.07431,1.07931,7303
2024-05-03 13:00:00,1.07929,1.07958,1.07705,1.07758,6944
2024-05-03 14:00:00,1.07761,1.07979,1.07511,1.07652,8589
2024-05-03 15:00:00,1.07654,1.07795,1.0763,1.07686,3120
2024-05-03 16:00:00,1.07688,1.07728,1.07612,1.07631,1941
2024-05-03 17:00:00,1.07631,1.07673,1.07586,1.07644,1299
2024-05-03 18:00:00,1.07643,1.07676,1.07631,1.07669,1144
2024-05-03 19:00:00,1.07668,1.07688,1.07634,1.07637,1250
2024-05-03 20:00:00,1.07639,1.07664,1.07619,1.07623,661
2024-05-05 21:00:00,1.07608,1.07639,1.076,1.07617,281
2024-05-05 22:00:00,1.07615,1.07631,1.07593,1.0760399999999999,417
2024-05-05 23:00:00,1.0762,1.07644,1.0757,1.0758,769
2024-05-06 00:00:00,1.07579,1.07684,1.07549,1.0767,1140
2024-05-06 01:00:00,1.07668,1.07704,1.07623,1.07697,1449
2024-05-06 02:00:00,1.07699,1.0771,1.07644,1.07649,988
2024-05-06 03:00:00,1.07649,1.0766499999999999,1.07617,1.07645,859
2024-05-06 04:00:00,1.07643,1.07651,1.07617,1.07625,597
2024-05-06 05:00:00,1.07623,1.07646,1.07593,1.07606,860
2024-05-06 06:00:00,1.07608,1.07647,1.0759,1.07621,1612
2024-05-06 07:00:00,1.07621,1.07692,1.07599,1.07611,2003
2024-05-06 08:00:00,1.07614,1.07756,1.07571,1.07682,1996
2024-05-06 09:00:00,1.07682,1.07717,1.07656,1.07692,1511
2024-05-06 10:00:00,1.07692,1.07725,1.07656,1.07714,1639
2024-05-06 11:00:00,1.07712,1.07739,1.07681,1.07721,1303
2024-05-06 12:00:00,1.0772,1.07902,1.07719,1.07867,1914
2024-05-06 13:00:00,1.07867,1.07886,1.07806,1.0786,1927
2024-05-06 14:00:00,1.0786,1.07864,1.07782,1.07797,1730
2024-05-06 15:00:00,1.07795,1.07795,1.0774,1.07783,1393
2024-05-06 16:00:00,1.07781,1.07785,1.07709,1.07739,1186
2024-05-06 17:00:00,1.07739,1.0776,1.0772599999999999,1.07736,943
2024-05-06 18:00:00,1.07735,1.07749,1.07715,1.07743,856
2024-05-06 19:00:00,1.07744,1.07746,1.0766,1.07668,1033
2024-05-06 20:00:00,1.0767,1.07698,1.07657,1.0769,475
2024-05-06 21:00:00,1.07692,1.07696,1.07651,1.07682,699
2024-05-06 22:00:00,1.07681,1.07703,1.07677,1.07683,297
2024-05-06 23:00:00,1.07684,1.07685,1.07656,1.0767,408
2024-05-07 00:00:00,1.07669,1.07756,1.07661,1.07745,1222
2024-05-07 01:00:00,1.07744,1.07763,1.07636,1.07652,1172
2024-05-07 02:00:00,1.07649,1.07661,1.0760399999999999,1.07634,1123
2024-05-07 03:00:00,1.07634,1.07685,1.07627,1.07681,793
2024-05-07 04:00:00,1.07681,1.0769,1.07627,1.07652,951
2024-05-07 05:00:00,1.07652,1.0769,1.0757,1.07583,1089
2024-05-07 06:00:00,1.07579,1.07637,1.07538,1.07629,1794
2024-05-07 07:00:00,1.07631,1.0769,1.07602,1.07642,2173
2024-05-07 08:00:00,1.07639,1.07648,1.07553,1.07634,1861
2024-05-07 09:00:00,1.07633,1.07636,1.07546,1.07592,1679
2024-05-07 10:00:00,1.07592,1.07693,1.07577,1.07683,1745
2024-05-07 11:00:00,1.07683,1.07697,1.07624,1.0766,1562
2024-05-07 12:00:00,1.07662,1.0778699999999999,1.07636,1.07749,1906
2024-05-07 13:00:00,1.07751,1.07869,1.07734,1.078,2383
2024-05-07 14:00:00,1.07802,1.07821,1.07723,1.07771,2161
2024-05-07 15:00:00,1.07772,1.07822,1.07659,1.0766499999999999,2273
2024-05-07 16:00:00,1.07663,1.07738,1.07656,1.077,1658
2024-05-07 17:00:00,1.077,1.07703,1.07558,1.07562,1517
2024-05-07 18:00:00,1.0756000000000001,1.07564,1.07475,1.07511,1514
2024-05-07 19:00:00,1.07508,1.07573,1.07508,1.07557,1223
2024-05-07 20:00:00,1.07557,1.07559,1.07533,1.07544,498
2024-05-07 21:00:00,1.07544,1.07558,1.07525,1.07558,641
2024-05-07 22:00:00,1.07556,1.07557,1.07501,1.07507,374
2024-05-07 23:00:00,1.07508,1.07513,1.07471,1.07495,510
2024-05-08 00:00:00,1.07493,1.07538,1.07464,1.07476,1165
2024-05-08 01:00:00,1.07478,1.07486,1.07398,1.07402,1132
2024-05-08 02:00:00,1.074,1.07422,1.0737700000000001,1.0741,861
2024-05-08 03:00:00,1.0741,1.07431,1.0738,1.07408,747
2024-05-08 04:00:00,1.07408,1.0742,1.07383,1.0741,670
2024-05-08 05:00:00,1.0741,1.07417,1.0738,1.07408,668
2024-05-08 06:00:00,1.07402,1.07486,1.07401,1.07444,1269
2024-05-08 07:00:00,1.07445,1.07459,1.07367,1.07382,1926
2024-05-08 08:00:00,1.0738,1.07444,1.07344,1.07436,1880
2024-05-08 09:00:00,1.0743800000000001,1.07519,1.07437,1.0751,1744
2024-05-08 10:00:00,1.0751,1.07532,1.07479,1.07485,1372
2024-05-08 11:00:00,1.07485,1.07535,1.07436,1.07458,1517
2024-05-08 12:00:00,1.07458,1.07486,1.07394,1.07484,1865
2024-05-08 13:00:00,1.07484,1.07534,1.07455,1.07502,2122
2024-05-08 14:00:00,1.07503,1.0754299999999999,1.07456,1.07488,2083
2024-05-08 15:00:00,1.07487,1.07569,1.0743800000000001,1.07542,1921
2024-05-08 16:00:00,1.07542,1.0754299999999999,1.07441,1.07454,1359
2024-05-08 17:00:00,1.07454,1.07466,1.07404,1.07425,1167
2024-05-08 18:00:00,1.07424,1.07463,1.07405,1.07445,912
2024-05-08 19:00:00,1.07446,1.0746,1.07425,1.07451,906
2024-05-08 20:00:00,1.07449,1.07477,1.07431,1.07462,544
2024-05-08 21:00:00,1.0746,1.07478,1.07443,1.07478,714
2024-05-08 22:00:00,1.0748,1.0749900000000001,1.07479,1.07481,331
2024-05-08 23:00:00,1.07483,1.0749,1.07457,1.07465,350
2024-05-09 00:00:00,1.07465,1.07468,1.0742,1.0743,867
2024-05-09 01:00:00,1.07427,1.0748199999999999,1.07418,1.07469,986
2024-05-09 02:00:00,1.0747,1.07478,1.07444,1.07469,718
2024-05-09 03:00:00,1.07469,1.07512,1.0746,1.0747,729
2024-05-09 04:00:00,1.07472,1.075,1.07446,1.07447,693
2024-05-09 05:00:00,1.07447,1.0746,1.07418,1.07434,673
2024-05-09 06:00:00,1.07437,1.07443,1.07357,1.07371,1114
2024-05-09 07:00:00,1.07371,1.07409,1.07293,1.07344,1744
2024-05-09 08:00:00,1.07342,1.07348,1.07258,1.07278,1512
2024-05-09 09:00:00,1.07279,1.07312,1.07257,1.07303,1327
2024-05-09 10:00:00,1.07302,1.07379,1.07297,1.07343,1235
2024-05-09 11:00:00,1.07341,1.07359,1.07234,1.07269,2635
2024-05-09 12:00:00,1.07269,1.07618,1.07264,1.07586,3508
2024-05-09 13:00:00,1.07587,1.07671,1.075,1.07629,3150
2024-05-09 14:00:00,1.07629,1.07796,1.07621,1.07754,2716
2024-05-09 15:00:00,1.07756,1.07813,1.07687,1.07698,1745
2024-05-09 16:00:00,1.077,1.07774,1.07697,1.07755,1194
2024-05-09 17:00:00,1.07755,1.07797,1.07729,1.07769,1318
2024-05-09 18:00:00,1.07769,1.07822,1.07751,1.07812,1022
2024-05-09 19:00:00,1.0781,1.0783800000000001,1.078,1.07819,1048
2024-05-09 20:00:00,1.07817,1.07831,1.07799,1.078,480
2024-05-09 21:00:00,1.07797,1.07811,1.0778699999999999,1.07805,662
2024-05-09 22:00:00,1.07806,1.07851,1.07803,1.07837,401
2024-05-09 23:00:00,1.07842,1.07847,1.07807,1.07811,391
2024-05-10 00:00:00,1.07811,1.07817,1.07762,1.0778699999999999,849
2024-05-10 01:00:00,1.0778699999999999,1.0782,1.07755,1.07756,1002
2024-05-10 02:00:00,1.07757,1.07773,1.0772599999999999,1.07738,759
2024-05-10 03:00:00,1.07737,1.07764,1.07732,1.07755,474
2024-05-10 04:00:00,1.07755,1.07766,1.07733,1.07733,412
2024-05-10 05:00:00,1.07733,1.07766,1.07732,1.07753,622
2024-05-10 06:00:00,1.0775,1.07829,1.07712,1.07765,1758
2024-05-10 07:00:00,1.07765,1.07836,1.07757,1.07809,2250
2024-05-10 08:00:00,1.07809,1.07862,1.07767,1.07803,1994
2024-05-10 09:00:00,1.07805,1.07855,1.0778699999999999,1.07794,1706
2024-05-10 10:00:00,1.07794,1.07813,1.07748,1.07782,1495
2024-05-10 11:00:00,1.07782,1.07804,1.07747,1.0778699999999999,1266
2024-05-10 12:00:00,1.0778699999999999,1.07809,1.07659,1.07698,2206
2024-05-10 13:00:00,1.07698,1.07894,1.0769,1.07869,2186
2024-05-10 14:00:00,1.07868,1.07885,1.07598,1.07636,3265
2024-05-10 15:00:00,1.07635,1.07718,1.07619,1.07714,2089
2024-05-10 16:00:00,1.0771600000000001,1.07788,1.0769,1.07756,1560
2024-05-10 17:00:00,1.07756,1.0777,1.07727,1.07737,1004
2024-05-10 18:00:00,1.07738,1.07738,1.07694,1.07732,818
2024-05-10 19:00:00,1.07733,1.07753,1.07713,1.07714,847
2024-05-10 20:00:00,1.07714,1.0772,1.07681,1.07703,730
2024-05-12 21:00:00,1.07703,1.07704,1.07654,1.07695,520
2024-05-12 22:00:00,1.07701,1.0772599999999999,1.07689,1.0772599999999999,437
2024-05-12 23:00:00,1.07724,1.07747,1.07695,1.07696,602
2024-05-13 00:00:00,1.07696,1.0772,1.07678,1.07687,1089
2024-05-13 01:00:00,1.07687,1.0772599999999999,1.0766499999999999,1.07687,1321
2024-05-13 02:00:00,1.07685,1.07719,1.07654,1.07707,933
2024-05-13 03:00:00,1.07706,1.07718,1.07683,1.07711,808
2024-05-13 04:00:00,1.07709,1.07721,1.07686,1.07691,593
2024-05-13 05:00:00,1.07691,1.07743,1.0769,1.07725,680
2024-05-13 06:00:00,1.07725,1.07752,1.07684,1.07698,1064
2024-05-13 07:00:00,1.077,1.07794,1.07688,1.07754,1843
2024-05-13 08:00:00,1.07751,1.0784,1.07731,1.07831,1615
2024-05-13 09:00:00,1.07833,1.07885,1.07809,1.07822,1461
2024-05-13 10:00:00,1.07822,1.07849,1.07769,1.07813,1305
2024-05-13 11:00:00,1.07812,1.07939,1.07806,1.07887,1324
2024-05-13 12:00:00,1.07889,1.07994,1.07883,1.07976,1705
2024-05-13 13:00:00,1.07976,1.08063,1.07962,1.08036,1900
2024-05-13 14:00:00,1.08035,1.08049,1.07953,1.08032,1780
2024-05-13 15:00:00,1.08034,1.08037,1.0789,1.0795,2071
2024-05-13 16:00:00,1.07949,1.07986,1.07926,1.07932,971
2024-05-13 17:00:00,1.07932,1.07937,1.07866,1.07911,1050
2024-05-13 18:00:00,1.07911,1.07932,1.07885,1.07894,882
2024-05-13 19:00:00,1.07893,1.07894,1.07863,1.07886,729
2024-05-13 20:00:00,1.07886,1.07896,1.07878,1.07882,407
2024-05-13 21:00:00,1.07879,1.07895,1.07863,1.07895,642
2024-05-13 22:00:00,1.07897,1.07903,1.07873,1.07894,248
2024-05-13 23:00:00,1.07895,1.07932,1.07892,1.07916,417
2024-05-14 00:00:00,1.07917,1.07919,1.07851,1.07873,805
2024-05-14 01:00:00,1.07873,1.07894,1.0784,1.07868,884
2024-05-14 02:00:00,1.07868,1.07869,1.0784,1.07863,599
2024-05-14 03:00:00,1.07864,1.07877,1.0784799999999999,1.07872,691
2024-05-14 04:00:00,1.07872,1.07884,1.07849,1.07851,499
2024-05-14 05:00:00,1.07851,1.07867,1.07837,1.07862,569
2024-05-14 06:00:00,1.07864,1.07891,1.07826,1.07872,1323
2024-05-14 07:00:00,1.07875,1.07886,1.07852,1.07867,1292
2024-05-14 08:00:00,1.07868,1.07868,1.07749,1.07832,1782
2024-05-14 09:00:00,1.07832,1.07932,1.07832,1.07923,1576
2024-05-14 10:00:00,1.07925,1.07983,1.07917,1.07956,1290
2024-05-14 11:00:00,1.07958,1.07984,1.07921,1.07922,1158
2024-05-14 12:00:00,1.07922,1.08101,1.07668,1.08025,5161
2024-05-14 13:00:00,1.08023,1.08223,1.08002,1.08183,3693
2024-05-14 14:00:00,1.08182,1.08251,1.08094,1.08241,2630
2024-05-14 15:00:00,1.08241,1.08244,1.08147,1.0818,1885
2024-05-14 16:00:00,1.08179,1.08196,1.08135,1.08164,1315
2024-05-14 17:00:00,1.08164,1.08197,1.0815,1.0818699999999999,846
2024-05-14 18:00:00,1.0818699999999999,1.08225,1.08181,1.08196,813
2024-05-14 19:00:00,1.08196,1.08213,1.08185,1.08197,698
2024-05-14 20:00:00,1.08199,1.08205,1.08171,1.08183,543
2024-05-14 21:00:00,1.0818699999999999,1.08189,1.08132,1.08172,977
2024-05-14 22:00:00,1.08173,1.08179,1.08156,1.08163,331
2024-05-14 23:00:00,1.08164,1.08166,1.08131,1.08133,438
2024-05-15 00:00:00,1.08132,1.08172,1.08127,1.08164,884
2024-05-15 01:00:00,1.08163,1.0822,1.08161,1.08219,722
2024-05-15 02:00:00,1.08219,1.08262,1.08193,1.08246,761
2024-05-15 03:00:00,1.08246,1.08272,1.08244,1.08255,670
2024-05-15 04:00:00,1.08255,1.08257,1.08202,1.08211,587
2024-05-15 05:00:00,1.08212,1.08275,1.08208,1.08266,748
2024-05-15 06:00:00,1.08266,1.08301,1.08223,1.08297,1319
2024-05-15 07:00:00,1.08298,1.08322,1.08249,1.08257,1964
2024-05-15 08:00:00,1.08256,1.08341,1.08242,1.08295,1684
2024-05-15 09:00:00,1.08295,1.08317,1.08244,1.08276,1635
2024-05-15 10:00:00,1.08276,1.08297,1.0823,1.08239,1129
2024-05-15 11:00:00,1.0824,1.0829,1.08215,1.0829,1595
2024-05-15 12:00:00,1.08292,1.08684,1.08277,1.08608,6501
2024-05-15 13:00:00,1.08606,1.08653,1.08313,1.0835,4690
2024-05-15 14:00:00,1.08347,1.08594,1.08337,1.08568,3026
2024-05-15 15:00:00,1.0857,1.0874,1.08551,1.08597,2455
2024-05-15 16:00:00,1.08595,1.08732,1.08557,1.08715,1889
2024-05-15 17:00:00,1.08715,1.08798,1.0871,1.08794,1505
2024-05-15 18:00:00,1.08794,1.088,1.08722,1.08781,1149
2024-05-15 19:00:00,1.08779,1.08824,1.08771,1.08812,894
2024-05-15 20:00:00,1.08811,1.08855,1.08809,1.08816,703
2024-05-15 21:00:00,1.0882,1.0883099999999999,1.08767,1.08829,1059
2024-05-15 22:00:00,1.08827,1.08891,1.08827,1.08883,519
2024-05-15 23:00:00,1.08887,1.08898,1.0887,1.08878,737
2024-05-16 00:00:00,1.08878,1.08946,1.0886,1.08931,1339
2024-05-16 01:00:00,1.08931,1.08933,1.0884,1.0886,1503
2024-05-16 02:00:00,1.08859,1.08877,1.08809,1.08866,1140
2024-05-16 03:00:00,1.08866,1.08888,1.08852,1.08866,849
2024-05-16 04:00:00,1.08866,1.08867,1.08834,1.08841,691
2024-05-16 05:00:00,1.08841,1.08846,1.08792,1.08793,832
2024-05-16 06:00:00,1.08793,1.08826,1.08743,1.0876,1525
2024-05-16 07:00:00,1.08758,1.08814,1.08727,1.08737,1909
2024-05-16 08:00:00,1.08738,1.08762,1.08659,1.08727,1698
2024-05-16 09:00:00,1.0872600000000001,1.08745,1.08684,1.08696,1289
2024-05-16 10:00:00,1.08694,1.08734,1.08661,1.08718,1103
2024-05-16 11:00:00,1.08718,1.08742,1.08613,1.08664,1417
2024-05-16 12:00:00,1.08664,1.08739,1.08603,1.08627,3062
2024-05-16 13:00:00,1.08627,1.0866500000000001,1.08541,1.08556,2656
2024-05-16 14:00:00,1.08558,1.08697,1.08539,1.08696,2431
2024-05-16 15:00:00,1.08698,1.08753,1.0866,1.08745,1589
2024-05-16 16:00:00,1.08744,1.08749,1.08694,1.08728,1237
2024-05-16 17:00:00,1.08728,1.08752,1.08679,1.08703,1113
2024-05-16 18:00:00,1.08705,1.08713,1.08653,1.08704,1036
2024-05-16 19:00:00,1.08703,1.08703,1.08663,1.0866500000000001,862
2024-05-16 20:00:00,1.08664,1.0867,1.08641,1.0866500000000001,558
2024-05-16 21:00:00,1.08666,1.08666,1.08613,1.0866,775
2024-05-16 22:00:00,1.08661,1.08687,1.08655,1.08673,304
2024-05-16 23:00:00,1.0867499999999999,1.0867499999999999,1.08657,1.08674,394
2024-05-17 00:00:00,1.08674,1.08683,1.08595,1.08624,822
2024-05-17 01:00:00,1.08624,1.08633,1.08569,1.08591,999
2024-05-17 02:00:00,1.08591,1.08601,1.08539,1.08564,832
2024-05-17 03:00:00,1.08564,1.0861,1.08564,1.08588,609
2024-05-17 04:00:00,1.08588,1.08592,1.08551,1.08559,532
2024-05-17 05:00:00,1.08558,1.08618,1.08552,1.08606,741
2024-05-17 06:00:00,1.08605,1.08662,1.08577,1.08621,1294
2024-05-17 07:00:00,1.08623,1.08678,1.08569,1.08585,1550
2024-05-17 08:00:00,1.08585,1.08591,1.08412,1.08439,1810
2024-05-17 09:00:00,1.0844,1.08464,1.08406,1.08443,1245
2024-05-17 10:00:00,1.08443,1.08443,1.08356,1.0838,1137
2024-05-17 11:00:00,1.0838,1.08449,1.08353,1.08427,1160
2024-05-17 12:00:00,1.08426,1.08452,1.08383,1.08426,1567
2024-05-17 13:00:00,1.08426,1.0856,1.08426,1.08548,2084
2024-05-17 14:00:00,1.08546,1.08768,1.08545,1.08757,2178
2024-05-17 15:00:00,1.08757,1.08779,1.08648,1.0868,1930
2024-05-17 16:00:00,1.08683,1.08741,1.0866500000000001,1.08681,1264
2024-05-17 17:00:00,1.08679,1.0874,1.08677,1.0873,1017
2024-05-17 18:00:00,1.0873,1.08761,1.08713,1.08752,997
2024-05-17 19:00:00,1.0875,1.08758,1.087,1.08722,1017
2024-05-17 20:00:00,1.08722,1.08724,1.0867,1.08686,677
2024-05-19 21:00:00,1.08672,1.08681,1.08651,1.08681,291
2024-05-19 22:00:00,1.08682,1.08715,1.08674,1.08682,469
2024-05-19 23:00:00,1.087,1.08738,1.08699,1.08717,476
2024-05-20 00:00:00,1.08717,1.08768,1.08684,1.08746,977
2024-05-20 01:00:00,1.08745,1.08761,1.08714,1.08747,1048
2024-05-20 02:00:00,1.08747,1.08749,1.08712,1.0873599999999999,746
2024-05-20 03:00:00,1.0873599999999999,1.08782,1.08721,1.08775,626
2024-05-20 04:00:00,1.08775,1.08819,1.08772,1.08804,692
2024-05-20 05:00:00,1.08803,1.08821,1.0879,1.088,684
2024-05-20 06:00:00,1.08797,1.08839,1.08772,1.08779,1402
2024-05-20 07:00:00,1.08777,1.08803,1.0869,1.0872600000000001,1745
2024-05-20 08:00:00,1.0872600000000001,1.08759,1.08707,1.08741,1138
2024-05-20 09:00:00,1.0874,1.08748,1.0866,1.08686,1133
2024-05-20 10:00:00,1.08687,1.08732,1.08681,1.087,971
2024-05-20 11:00:00,1.087,1.08713,1.08595,1.08596,1301
2024-05-20 12:00:00,1.08597,1.08627,1.08536,1.08571,2120
2024-05-20 13:00:00,1.08572,1.08668,1.0857,1.08647,2019
2024-05-20 14:00:00,1.08646,1.08693,1.08621,1.08645,1920
2024-05-20 15:00:00,1.08644,1.08645,1.08575,1.08601,1530
2024-05-20 16:00:00,1.08603,1.08656,1.08583,1.08651,984
2024-05-20 17:00:00,1.08651,1.08701,1.08625,1.08639,967
2024-05-20 18:00:00,1.08639,1.08662,1.08607,1.08644,848
2024-05-20 19:00:00,1.08645,1.08646,1.08586,1.08594,737
2024-05-20 20:00:00,1.08594,1.08597,1.08546,1.0855299999999999,621
2024-05-20 21:00:00,1.0855,1.08574,1.08546,1.08574,605
2024-05-20 22:00:00,1.08592,1.08593,1.08559,1.08586,379
2024-05-20 23:00:00,1.08588,1.0860400000000001,1.08579,1.086,473
2024-05-21 00:00:00,1.086,1.08613,1.08561,1.0861,890
2024-05-21 01:00:00,1.0861,1.08612,1.0855,1.0855299999999999,928
2024-05-21 02:00:00,1.0855299999999999,1.0856,1.08505,1.08552,1049
2024-05-21 03:00:00,1.08552,1.08564,1.08533,1.08556,715
2024-05-21 04:00:00,1.08555,1.08598,1.08547,1.08582,610
2024-05-21 05:00:00,1.08582,1.0861,1.08562,1.0858,703
2024-05-21 06:00:00,1.08582,1.08633,1.08562,1.0861,1434
2024-05-21 07:00:00,1.08611,1.08664,1.08588,1.08638,1773
2024-05-21 08:00:00,1.08638,1.08689,1.08594,1.08662,1603
2024-05-21 09:00:00,1.0866,1.08743,1.08657,1.08713,1417
2024-05-21 10:00:00,1.08712,1.0873,1.08653,1.08663,1275
2024-05-21 11:00:00,1.08664,1.08693,1.08638,1.0868,1224
2024-05-21 12:00:00,1.08682,1.08701,1.0854300000000001,1.08567,2086
2024-05-21 13:00:00,1.08567,1.086,1.08421,1.0849199999999999,4617
2024-05-21 14:00:00,1.08494,1.08612,1.0846,1.08586,2516
2024-05-21 15:00:00,1.08586,1.08606,1.08524,1.08534,1907
2024-05-21 16:00:00,1.08534,1.08563,1.08516,1.08535,1328
2024-05-21 17:00:00,1.08535,1.08539,1.0846,1.08525,1135
2024-05-21 18:00:00,1.08526,1.08549,1.08497,1.08516,881
2024-05-21 19:00:00,1.08517,1.08557,1.08502,1.08551,783
2024-05-21 20:00:00,1.0855,1.0856,1.08525,1.08525,462
2024-05-21 21:00:00,1.08527,1.08546,1.08494,1.08546,818
2024-05-21 22:00:00,1.08547,1.08569,1.08545,1.08565,276
2024-05-21 23:00:00,1.0857,1.0859,1.08534,1.08535,390
2024-05-22 00:00:00,1.08535,1.08592,1.08535,1.0857,818
2024-05-22 01:00:00,1.08568,1.08611,1.08549,1.08593,855
2024-05-22 02:00:00,1.08595,1.0863,1.08565,1.08587,1177
2024-05-22 03:00:00,1.08587,1.08588,1.08532,1.08555,737
2024-05-22 04:00:00,1.08555,1.08558,1.08524,1.0853,563
2024-05-22 05:00:00,1.0853,1.08561,1.08517,1.08552,768
2024-05-22 06:00:00,1.08555,1.08628,1.0855,1.08611,1966
2024-05-22 07:00:00,1.08612,1.08631,1.08497,1.08571,1823
2024-05-22 08:00:00,1.08572,1.08576,1.08459,1.0848200000000001,1549
2024-05-22 09:00:00,1.08479,1.08495,1.0841,1.08433,1366
2024-05-22 10:00:00,1.08435,1.0846,1.08364,1.08373,1388
2024-05-22 11:00:00,1.08373,1.08381,1.08216,1.08269,1739
2024-05-22 12:00:00,1.08271,1.08363,1.08261,1.08315,2342
2024-05-22 13:00:00,1.08314,1.08403,1.08311,1.0835,2243
2024-05-22 14:00:00,1.08347,1.08393,1.08311,1.0833,2284
2024-05-22 15:00:00,1.08329,1.08418,1.08325,1.08357,1781
2024-05-22 16:00:00,1.08357,1.08436,1.08353,1.08419,1515
2024-05-22 17:00:00,1.08417,1.08463,1.08338,1.08374,1405
2024-05-22 18:00:00,1.08377,1.0838,1.08174,1.08209,2709
2024-05-22 19:00:00,1.08208,1.08219,1.0817,1.08206,1313
2024-05-22 20:00:00,1.08208,1.08231,1.08192,1.08207,710
2024-05-22 21:00:00,1.08205,1.08231,1.08175,1.08231,926
2024-05-22 22:00:00,1.08233,1.08254,1.08224,1.08245,458
2024-05-22 23:00:00,1.08247,1.08264,1.08235,1.08246,459
2024-05-23 00:00:00,1.08247,1.08282,1.08241,1.0825,925
2024-05-23 01:00:00,1.0825,1.08296,1.08239,1.08273,1100
2024-05-23 02:00:00,1.08273,1.08285,1.08216,1.0828,724
2024-05-23 03:00:00,1.08282,1.0830899999999999,1.08267,1.08297,605
2024-05-23 04:00:00,1.08297,1.0832,1.08261,1.08263,638
2024-05-23 05:00:00,1.08263,1.08278,1.08227,1.08237,751
2024-05-23 06:00:00,1.08236,1.08277,1.08211,1.08266,1476
2024-05-23 07:00:00,1.08268,1.08338,1.08121,1.08291,3550
2024-05-23 08:00:00,1.08286,1.08442,1.08277,1.08381,2230
2024-05-23 09:00:00,1.08381,1.08478,1.08331,1.08454,2169
2024-05-23 10:00:00,1.08453,1.0848200000000001,1.08432,1.08446,1316
2024-05-23 11:00:00,1.08446,1.08519,1.08425,1.085,1325
2024-05-23 12:00:00,1.08501,1.08538,1.08451,1.08522,2339
2024-05-23 13:00:00,1.08523,1.08603,1.08278,1.08338,4110
2024-05-23 14:00:00,1.08339,1.08419,1.0823,1.08242,4602
2024-05-23 15:00:00,1.08242,1.08301,1.08201,1.08259,2175
2024-05-23 16:00:00,1.08259,1.08306,1.08175,1.08178,1686
2024-05-23 17:00:00,1.08181,1.08197,1.0808,1.08114,1815
2024-05-23 18:00:00,1.08116,1.08132,1.08044,1.0805,1768
2024-05-23 19:00:00,1.0805,1.0811,1.08043,1.08098,1363
2024-05-23 20:00:00,1.08098,1.08151,1.0808,1.08139,677
2024-05-23 21:00:00,1.08141,1.08142,1.081,1.08141,1061
2024-05-23 22:00:00,1.08144,1.08148,1.08117,1.08129,429
2024-05-23 23:00:00,1.0813,1.08147,1.08112,1.08112,484
2024-05-24 00:00:00,1.08112,1.08127,1.08068,1.08098,1092
2024-05-24 01:00:00,1.08097,1.08133,1.08076,1.08102,1136
2024-05-24 02:00:00,1.08102,1.08106,1.08066,1.08085,761
2024-05-24 03:00:00,1.08084,1.08089,1.08051,1.0806,694
2024-05-24 04:00:00,1.0806,1.081,1.08051,1.08086,629
2024-05-24 05:00:00,1.08084,1.08106,1.08069,1.08104,773
2024-05-24 06:00:00,1.08107,1.08175,1.08086,1.08125,1589
2024-05-24 07:00:00,1.0812599999999999,1.08251,1.0812599999999999,1.08237,1594
2024-05-24 08:00:00,1.08238,1.08277,1.08193,1.08243,1539
2024-05-24 09:00:00,1.08242,1.08313,1.08231,1.08282,1360
2024-05-24 10:00:00,1.08282,1.08437,1.0827,1.08396,1289
2024-05-24 11:00:00,1.08396,1.08424,1.08338,1.08402,1399
2024-05-24 12:00:00,1.08402,1.08531,1.08371,1.08506,2487
2024-05-24 13:00:00,1.08506,1.0853,1.08417,1.08428,2231
2024-05-24 14:00:00,1.0843,1.08502,1.08416,1.08456,2704
2024-05-24 15:00:00,1.08455,1.08554,1.0845,1.08505,1769
2024-05-24 16:00:00,1.08505,1.08573,1.0846,1.08467,1266
2024-05-24 17:00:00,1.08467,1.08525,1.08455,1.08514,1061
2024-05-24 18:00:00,1.08516,1.08528,1.08477,1.0849199999999999,994
2024-05-24 19:00:00,1.0849199999999999,1.08497,1.08472,1.08486,870
2024-05-24 20:00:00,1.08485,1.08487,1.08454,1.08456,534
2024-05-26 21:00:00,1.08472,1.08472,1.08403,1.08442,470
2024-05-26 22:00:00,1.08443,1.08495,1.08443,1.08481,511
2024-05-26 23:00:00,1.08499,1.085,1.08457,1.08462,506
2024-05-27 00:00:00,1.08462,1.08489,1.08462,1.08479,644
2024-05-27 01:00:00,1.08479,1.0851,1.08479,1.08496,784
2024-05-27 02:00:00,1.08496,1.08517,1.08476,1.08496,570
2024-05-27 03:00:00,1.08496,1.08502,1.0847,1.08488,517
2024-05-27 04:00:00,1.08487,1.08493,1.08465,1.0848,393
2024-05-27 05:00:00,1.0848,1.0849,1.0847,1.08485,466
2024-05-27 06:00:00,1.08486,1.08513,1.08437,1.08507,1025
2024-05-27 07:00:00,1.08506,1.08521,1.08467,1.08503,1132
2024-05-27 08:00:00,1.08506,1.08531,1.08445,1.08491,1388
2024-05-27 09:00:00,1.08491,1.08667,1.0848200000000001,1.08667,1331
2024-05-27 10:00:00,1.08669,1.08669,1.08533,1.08622,1234
2024-05-27 11:00:00,1.08619,1.08635,1.08561,1.08571,1054
2024-05-27 12:00:00,1.08571,1.086,1.08403,1.08488,2436
2024-05-27 13:00:00,1.08489,1.08584,1.08441,1.08547,1830
2024-05-27 14:00:00,1.08547,1.08593,1.08485,1.08577,1503
2024-05-27 15:00:00,1.08579,1.08594,1.08557,1.08592,796
2024-05-27 16:00:00,1.08592,1.0861399999999999,1.08589,1.08593,479
2024-05-27 17:00:00,1.08592,1.08603,1.08565,1.08569,343
2024-05-27 18:00:00,1.08569,1.08583,1.08565,1.08568,190
2024-05-27 19:00:00,1.08568,1.08597,1.08565,1.08591,175
2024-05-27 20:00:00,1.08592,1.08605,1.08565,1.08567,286
2024-05-27 21:00:00,1.0857,1.08574,1.08502,1.08572,1321
2024-05-27 22:00:00,1.08572,1.08599,1.0857,1.08589,296
2024-05-27 23:00:00,1.08594,1.08615,1.08583,1.08608,396
2024-05-28 00:00:00,1.0861,1.08679,1.08601,1.08645,1248
2024-05-28 01:00:00,1.08645,1.0873,1.08637,1.08717,1193
2024-05-28 02:00:00,1.08717,1.08762,1.08709,1.08752,902
2024-05-28 03:00:00,1.08753,1.08782,1.08732,1.08777,730
2024-05-28 04:00:00,1.08778,1.08796,1.0875,1.08755,855
2024-05-28 05:00:00,1.08754,1.08776,1.08721,1.08745,875
2024-05-28 06:00:00,1.08745,1.08794,1.08733,1.08749,1414
2024-05-28 07:00:00,1.08746,1.08784,1.0871,1.0877,1639
2024-05-28 08:00:00,1.08769,1.08793,1.08667,1.08697,1566
2024-05-28 09:00:00,1.08697,1.08771,1.08666,1.08763,1341
2024-05-28 10:00:00,1.08763,1.08794,1.08749,1.08778,1105
2024-05-28 11:00:00,1.08778,1.08885,1.08778,1.08836,1628
2024-05-28 12:00:00,1.08834,1.08841,1.08743,1.08759,2005
2024-05-28 13:00:00,1.0876,1.08798,1.08634,1.0864,2738
2024-05-28 14:00:00,1.08638,1.08764,1.08575,1.08742,2818
2024-05-28 15:00:00,1.08743,1.0879,1.08707,1.08775,1909
2024-05-28 16:00:00,1.08778,1.08783,1.08702,1.08744,1415
2024-05-28 17:00:00,1.08743,1.08755,1.08642,1.08651,1788
2024-05-28 18:00:00,1.08648,1.08649,1.08547,1.08579,1536
2024-05-28 19:00:00,1.08582,1.08616,1.08555,1.08608,1221
2024-05-28 20:00:00,1.08608,1.08613,1.08552,1.08555,493
2024-05-28 21:00:00,1.08557,1.08581,1.08525,1.08569,891
2024-05-28 22:00:00,1.08576,1.08591,1.08539,1.08558,394
2024-05-28 23:00:00,1.08562,1.08566,1.08508,1.08509,569
2024-05-29 00:00:00,1.08509,1.08518,1.08473,1.0851,995
2024-05-29 01:00:00,1.08509,1.08564,1.08491,1.08513,1113
2024-05-29 02:00:00,1.08513,1.08537,1.08456,1.08458,755
2024-05-29 03:00:00,1.08459,1.08481,1.08451,1.08468,688
2024-05-29 04:00:00,1.08468,1.08481,1.08434,1.08471,505
2024-05-29 05:00:00,1.08471,1.08484,1.08437,1.08442,869
2024-05-29 06:00:00,1.08445,1.08551,1.08445,1.08519,1686
2024-05-29 07:00:00,1.08518,1.08583,1.08503,1.08518,1985
2024-05-29 08:00:00,1.08514,1.08514,1.0829,1.08368,2995
2024-05-29 09:00:00,1.08369,1.08556,1.08365,1.08512,1701
2024-05-29 10:00:00,1.08509,1.0852,1.08408,1.08463,1547
2024-05-29 11:00:00,1.08462,1.08513,1.0835,1.08496,1814
2024-05-29 12:00:00,1.08495,1.08582,1.08456,1.08458,2568
2024-05-29 13:00:00,1.0846,1.08467,1.08315,1.08383,2874
2024-05-29 14:00:00,1.0838,1.08415,1.08107,1.0814300000000001,3045
2024-05-29 15:00:00,1.08142,1.08169,1.08085,1.08108,2392
2024-05-29 16:00:00,1.08107,1.08169,1.0807,1.08149,1818
2024-05-29 17:00:00,1.08148,1.08156,1.08069,1.0813,1770
2024-05-29 18:00:00,1.0813,1.0815,1.08042,1.08056,1291
2024-05-29 19:00:00,1.08056,1.08058,1.07994,1.08014,1289
2024-05-29 20:00:00,1.08016,1.08029,1.07986,1.0799,577
2024-05-29 21:00:00,1.07993,1.08031,1.07947,1.0803,903
2024-05-29 22:00:00,1.08033,1.08034,1.07996,1.08006,351
2024-05-29 23:00:00,1.08007,1.0802,1.07991,1.08009,596
2024-05-30 00:00:00,1.08008,1.08008,1.0795,1.07961,1150
2024-05-30 01:00:00,1.07963,1.0804,1.0795,1.0798,1352
2024-05-30 02:00:00,1.0798,1.07993,1.07934,1.07971,896
2024-05-30 03:00:00,1.07971,1.07984,1.07955,1.07975,882
2024-05-30 04:00:00,1.07975,1.07982,1.07916,1.07954,922
2024-05-30 05:00:00,1.07955,1.07955,1.07878,1.07898,1163
2024-05-30 06:00:00,1.07896,1.0796000000000001,1.0789,1.07949,1891
2024-05-30 07:00:00,1.0795,1.08107,1.07927,1.08079,2514
2024-05-30 08:00:00,1.08078,1.0818,1.0803,1.08144,2218
2024-05-30 09:00:00,1.08144,1.0818,1.08107,1.08122,1893
2024-05-30 10:00:00,1.08122,1.08195,1.0808,1.08172,1685
2024-05-30 11:00:00,1.08172,1.08213,1.08134,1.08179,1493
2024-05-30 12:00:00,1.08176,1.08323,1.08123,1.08283,2913
2024-05-30 13:00:00,1.08285,1.08332,1.08251,1.08286,2943
2024-05-30 14:00:00,1.08289,1.08437,1.08284,1.08401,2725
2024-05-30 15:00:00,1.08404,1.08447,1.08357,1.08358,1954
2024-05-30 16:00:00,1.0836,1.08417,1.08352,1.08396,1367
2024-05-30 17:00:00,1.08394,1.08428,1.08383,1.08386,977
2024-05-30 18:00:00,1.08386,1.08398,1.08346,1.08365,1039
2024-05-30 19:00:00,1.08363,1.08363,1.0826500000000001,1.08298,1361
2024-05-30 20:00:00,1.08296,1.08323,1.08284,1.08315,549
2024-05-30 21:00:00,1.08316,1.0833,1.08291,1.0833,945
2024-05-30 22:00:00,1.0833,1.08335,1.08314,1.0833,360
2024-05-30 23:00:00,1.08331,1.08331,1.08305,1.0830899999999999,445
2024-05-31 00:00:00,1.0831,1.08332,1.0829,1.08318,1085
2024-05-31 01:00:00,1.08318,1.08333,1.08199,1.08201,1240
2024-05-31 02:00:00,1.08199,1.08222,1.0811,1.0811,1153
2024-05-31 03:00:00,1.0811,1.08195,1.08108,1.08186,1069
2024-05-31 04:00:00,1.08186,1.08191,1.08148,1.0818,774
2024-05-31 05:00:00,1.08178,1.08209,1.08164,1.08189,962
2024-05-31 06:00:00,1.08192,1.08249,1.0814,1.08235,1763
2024-05-31 07:00:00,1.08236,1.08247,1.08162,1.08223,2135
2024-05-31 08:00:00,1.08222,1.08381,1.08219,1.08335,1878
2024-05-31 09:00:00,1.08335,1.08474,1.08335,1.08469,2184
2024-05-31 10:00:00,1.0847,1.08509,1.08438,1.0849,1426
2024-05-31 11:00:00,1.0849,1.08547,1.08476,1.08521,1560
2024-05-31 12:00:00,1.08521,1.0882,1.08488,1.08795,3942
2024-05-31 13:00:00,1.08795,1.08804,1.08649,1.08686,3138
2024-05-31 14:00:00,1.08683,1.08769,1.08508,1.08552,4024
2024-05-31 15:00:00,1.08552,1.08585,1.08414,1.08457,3158
2024-05-31 16:00:00,1.08457,1.08517,1.08393,1.08468,1755
2024-05-31 17:00:00,1.08468,1.08522,1.08447,1.08467,1160
2024-05-31 18:00:00,1.08464,1.08488,1.08407,1.08421,1118
2024-05-31 19:00:00,1.08422,1.08508,1.08402,1.08504,1483
2024-05-31 20:00:00,1.08506,1.08516,1.08458,1.0848,969
2024-06-02 21:00:00,1.0846,1.08484,1.08448,1.08459,449
2024-06-02 22:00:00,1.08464,1.08525,1.08458,1.08497,674
2024-06-02 23:00:00,1.08509,1.08526,1.08498,1.08524,537
2024-06-03 00:00:00,1.08522,1.0857,1.08507,1.08559,1027
2024-06-03 01:00:00,1.08559,1.08581,1.08541,1.08571,1050
2024-06-03 02:00:00,1.08573,1.08575,1.08514,1.08535,864
2024-06-03 03:00:00,1.08537,1.08564,1.08488,1.08491,841
2024-06-03 04:00:00,1.08491,1.0854300000000001,1.08488,1.08516,656
2024-06-03 05:00:00,1.08516,1.08537,1.08478,1.0852,895
2024-06-03 06:00:00,1.08517,1.08584,1.08461,1.08558,1677
2024-06-03 07:00:00,1.08559,1.08583,1.08394,1.08395,2051
2024-06-03 08:00:00,1.08394,1.0842,1.08331,1.08397,2184
2024-06-03 09:00:00,1.08398,1.08407,1.08317,1.08345,1870
2024-06-03 10:00:00,1.08346,1.08385,1.08274,1.08366,1810
2024-06-03 11:00:00,1.08365,1.08443,1.08364,1.08426,1794
2024-06-03 12:00:00,1.08429,1.08496,1.08398,1.0844,2019
2024-06-03 13:00:00,1.08441,1.08533,1.08441,1.08513,2182
2024-06-03 14:00:00,1.08517,1.08822,1.08517,1.08697,4655
2024-06-03 15:00:00,1.08697,1.08899,1.08692,1.0889,2220
2024-06-03 16:00:00,1.0889,1.08898,1.0881,1.08846,1979
2024-06-03 17:00:00,1.08844,1.08882,1.0881,1.08872,1581
2024-06-03 18:00:00,1.08873,1.08973,1.0886,1.08967,1471
2024-06-03 19:00:00,1.08967,1.08996,1.08954,1.08992,1147
2024-06-03 20:00:00,1.08995,1.09038,1.08989,1.09034,601
2024-06-03 21:00:00,1.09027,1.0903100000000001,1.08981,1.09022,702
2024-06-03 22:00:00,1.09025,1.09091,1.09025,1.09065,464
2024-06-03 23:00:00,1.09066,1.09086,1.09057,1.09066,491
2024-06-04 00:00:00,1.09068,1.09154,1.09068,1.09125,1222
2024-06-04 01:00:00,1.09123,1.09133,1.09064,1.09073,1161
2024-06-04 02:00:00,1.09073,1.09083,1.09048,1.09073,816
2024-06-04 03:00:00,1.09073,1.09096,1.09062,1.09069,680
2024-06-04 04:00:00,1.09069,1.09095,1.09061,1.09087,600
2024-06-04 05:00:00,1.09087,1.09106,1.09023,1.09026,940
2024-06-04 06:00:00,1.09026,1.09048,1.08959,1.08967,1880
2024-06-04 07:00:00,1.08966,1.08982,1.08844,1.08897,2413
2024-06-04 08:00:00,1.08897,1.08904,1.0873599999999999,1.08804,2496
2024-06-04 09:00:00,1.08804,1.08817,1.0869,1.08714,2480
2024-06-04 10:00:00,1.08714,1.08714,1.08626,1.08661,2346
2024-06-04 11:00:00,1.0866,1.08701,1.08585,1.08612,2114
2024-06-04 12:00:00,1.08613,1.08698,1.08613,1.08643,2274
2024-06-04 13:00:00,1.08642,1.08713,1.08616,1.08651,2300
2024-06-04 14:00:00,1.08654,1.08817,1.08626,1.08798,4583
2024-06-04 15:00:00,1.08799,1.0883,1.08743,1.08771,2501
2024-06-04 16:00:00,1.08771,1.08829,1.0877,1.08799,1917
2024-06-04 17:00:00,1.08798,1.0887,1.08775,1.08829,1615
2024-06-04 18:00:00,1.0883,1.0886,1.08799,1.08816,1579
2024-06-04 19:00:00,1.08815,1.08823,1.08781,1.08807,1398
2024-06-04 20:00:00,1.08806,1.08808,1.08774,1.08774,519
2024-06-04 21:00:00,1.08771,1.0879,1.08758,1.0878700000000001,649
2024-06-04 22:00:00,1.08789,1.08798,1.08778,1.08788,231
2024-06-04 23:00:00,1.0879,1.08815,1.0879,1.08814,415
2024-06-05 00:00:00,1.08814,1.08857,1.08779,1.08839,1052
2024-06-05 01:00:00,1.08838,1.08856,1.08801,1.08837,963
2024-06-05 02:00:00,1.08837,1.08854,1.08821,1.08828,617
2024-06-05 03:00:00,1.08829,1.0883,1.08762,1.08781,851
2024-06-05 04:00:00,1.08779,1.08805,1.08765,1.08803,613
2024-06-05 05:00:00,1.08804,1.08819,1.08754,1.08785,896
2024-06-05 06:00:00,1.08785,1.08799,1.08717,1.08753,1411
2024-06-05 07:00:00,1.08752,1.08792,1.08704,1.08712,2080
2024-06-05 08:00:00,1.0871,1.08763,1.08696,1.08755,1523
2024-06-05 09:00:00,1.08752,1.08768,1.0871,1.08732,1526
2024-06-05 10:00:00,1.0873,1.0873,1.08644,1.08682,1392
2024-06-05 11:00:00,1.0868,1.08687,1.08593,1.08676,1593
2024-06-05 12:00:00,1.08676,1.08837,1.08674,1.08833,2527
2024-06-05 13:00:00,1.08833,1.08911,1.08809,1.0888,3210
2024-06-05 14:00:00,1.0889199999999999,1.08896,1.08616,1.0866,4842
2024-06-05 15:00:00,1.08661,1.08701,1.08623,1.08646,2247
2024-06-05 16:00:00,1.08645,1.08682,1.08541,1.08639,1855
2024-06-05 17:00:00,1.08642,1.08672,1.08603,1.08666,1259
2024-06-05 18:00:00,1.08666,1.08768,1.08652,1.08749,1141
2024-06-05 19:00:00,1.0875,1.08763,1.08719,1.08737,1001
2024-06-05 20:00:00,1.08739,1.08739,1.08673,1.08681,610
2024-06-05 21:00:00,1.08678,1.08702,1.08645,1.08702,840
2024-06-05 22:00:00,1.08705,1.08725,1.08683,1.08723,468
2024-06-05 23:00:00,1.08725,1.08739,1.08723,1.0873599999999999,373
2024-06-06 00:00:00,1.08737,1.08818,1.08733,1.08814,872
2024-06-06 01:00:00,1.08814,1.08938,1.08814,1.08935,1398
2024-06-06 02:00:00,1.08936,1.08954,1.08875,1.08916,1042
2024-06-06 03:00:00,1.08916,1.08931,1.08891,1.089,655
2024-06-06 04:00:00,1.089,1.08904,1.0886,1.08868,719
2024-06-06 05:00:00,1.08867,1.08873,1.08817,1.08846,825
2024-06-06 06:00:00,1.08846,1.08846,1.08767,1.08836,1630
2024-06-06 07:00:00,1.08833,1.08876,1.08755,1.08779,1768
2024-06-06 08:00:00,1.08779,1.08786,1.08708,1.0877,1490
2024-06-06 09:00:00,1.08769,1.08817,1.0875,1.08795,1319
2024-06-06 10:00:00,1.08795,1.08816,1.08746,1.0876,1214
2024-06-06 11:00:00,1.08762,1.08764,1.08616,1.0867,1497
2024-06-06 12:00:00,1.08672,1.09015,1.08638,1.08811,4997
2024-06-06 13:00:00,1.0881,1.08903,1.08713,1.08847,4598
2024-06-06 14:00:00,1.08849,1.08907,1.08725,1.08773,2627
2024-06-06 15:00:00,1.08774,1.08865,1.0877,1.08816,1678
2024-06-06 16:00:00,1.08817,1.08871,1.08794,1.08815,1104
2024-06-06 17:00:00,1.08815,1.08932,1.08804,1.08914,1066
2024-06-06 18:00:00,1.08915,1.08938,1.08855,1.08924,1149
2024-06-06 19:00:00,1.08923,1.08937,1.08879,1.08888,1188
2024-06-06 20:00:00,1.08889,1.08927,1.08881,1.08881,548
2024-06-06 21:00:00,1.08881,1.089,1.08858,1.08886,736
2024-06-06 22:00:00,1.0889199999999999,1.08926,1.0889199999999999,1.08911,279
2024-06-06 23:00:00,1.08913,1.08924,1.08901,1.08911,406
2024-06-07 00:00:00,1.0890900000000001,1.08919,1.08863,1.08889,911
2024-06-07 01:00:00,1.08891,1.08952,1.08866,1.08951,1150
2024-06-07 02:00:00,1.08951,1.08974,1.08936,1.08963,853
2024-06-07 03:00:00,1.08962,1.08976,1.0893,1.08943,724
2024-06-07 04:00:00,1.08942,1.08965,1.08931,1.0895,636
2024-06-07 05:00:00,1.08952,1.08952,1.0889,1.08903,865
2024-06-07 06:00:00,1.08906,1.0896,1.08875,1.0892,1454
2024-06-07 07:00:00,1.08919,1.08978,1.0889,1.08923,1996
2024-06-07 08:00:00,1.08924,1.08926,1.08826,1.08885,2024
2024-06-07 09:00:00,1.08884,1.08959,1.08873,1.08913,1866
2024-06-07 10:00:00,1.08912,1.08941,1.0888,1.08883,1521
2024-06-07 11:00:00,1.08881,1.09016,1.08868,1.08979,1762
2024-06-07 12:00:00,1.08977,1.09004,1.08236,1.08328,6494
2024-06-07 13:00:00,1.08328,1.08354,1.08173,1.0819,4673
2024-06-07 14:00:00,1.0819,1.0825,1.08099,1.08121,3513
2024-06-07 15:00:00,1.0812,1.0812599999999999,1.08036,1.0806,2278
2024-06-07 16:00:00,1.0806,1.08116,1.08028,1.08049,1869
2024-06-07 17:00:00,1.08047,1.08055,1.08003,1.08043,1170
2024-06-07 18:00:00,1.08043,1.08064,1.08004,1.08052,1388
2024-06-07 19:00:00,1.08052,1.08067,1.07995,1.07996,1521
2024-06-07 20:00:00,1.07996,1.08033,1.0799,1.0801,743
2024-06-09 21:00:00,1.07621,1.0775,1.07553,1.07708,868
2024-06-09 22:00:00,1.07713,1.0777,1.07637,1.07768,984
2024-06-09 23:00:00,1.0777,1.07794,1.07752,1.07784,669
2024-06-10 00:00:00,1.07782,1.0781,1.07733,1.0777700000000001,1061
2024-06-10 01:00:00,1.07776,1.07796,1.07718,1.07744,932
2024-06-10 02:00:00,1.07744,1.07748,1.07661,1.07673,617
2024-06-10 03:00:00,1.07673,1.0768,1.07551,1.07553,708
2024-06-10 04:00:00,1.07552,1.07555,1.07477,1.07539,955
2024-06-10 05:00:00,1.0754,1.07553,1.07475,1.0753,1170
2024-06-10 06:00:00,1.07528,1.07582,1.07485,1.07516,2270
2024-06-10 07:00:00,1.07518,1.07659,1.07474,1.07641,2855
2024-06-10 08:00:00,1.0764,1.07675,1.07545,1.0756000000000001,2032
2024-06-10 09:00:00,1.0756000000000001,1.07587,1.07403,1.07429,1849
2024-06-10 10:00:00,1.07428,1.07436,1.07322,1.07366,1835
2024-06-10 11:00:00,1.07366,1.07541,1.07366,1.0753,1502
2024-06-10 12:00:00,1.07532,1.07599,1.07408,1.0741,2302
2024-06-10 13:00:00,1.0741,1.07488,1.07368,1.07398,2649
2024-06-10 14:00:00,1.07399,1.07444,1.07333,1.07333,2209
2024-06-10 15:00:00,1.07332,1.07497,1.07327,1.07495,2016
2024-06-10 16:00:00,1.07494,1.07584,1.07494,1.07536,1669
2024-06-10 17:00:00,1.07535,1.07598,1.0749900000000001,1.07589,1458
2024-06-10 18:00:00,1.07589,1.07618,1.07561,1.07611,1247
2024-06-10 19:00:00,1.0761,1.0765,1.07605,1.07624,923
2024-06-10 20:00:00,1.07623,1.07657,1.07607,1.0764,536
2024-06-10 21:00:00,1.07636,1.07645,1.0759,1.07645,906
2024-06-10 22:00:00,1.07649,1.07674,1.07636,1.07646,382
2024-06-10 23:00:00,1.07648,1.07649,1.07619,1.07628,529
2024-06-11 00:00:00,1.07628,1.07645,1.07607,1.07633,872
2024-06-11 01:00:00,1.07633,1.07677,1.07617,1.07662,963
2024-06-11 02:00:00,1.07662,1.07684,1.07642,1.07672,734
2024-06-11 03:00:00,1.07672,1.07687,1.07659,1.07679,685
2024-06-11 04:00:00,1.07679,1.077,1.07671,1.07677,529
2024-06-11 05:00:00,1.07677,1.07695,1.07638,1.07652,737
2024-06-11 06:00:00,1.07653,1.07731,1.07652,1.07677,1600
2024-06-11 07:00:00,1.07675,1.07691,1.07607,1.07637,1927
2024-06-11 08:00:00,1.07636,1.07643,1.07431,1.0745,2282
2024-06-11 09:00:00,1.07447,1.07534,1.07399,1.075,2748
2024-06-11 10:00:00,1.07502,1.07559,1.07362,1.07403,2360
2024-06-11 11:00:00,1.07405,1.07411,1.07233,1.07284,2308
2024-06-11 12:00:00,1.07285,1.07357,1.07237,1.0732,2798
2024-06-11 13:00:00,1.0732,1.07362,1.0719,1.07233,3015
2024-06-11 14:00:00,1.07235,1.07289,1.0719,1.07222,2563
2024-06-11 15:00:00,1.07221,1.07329,1.07214,1.07318,1937
2024-06-11 16:00:00,1.0732,1.07384,1.07317,1.07367,1093
2024-06-11 17:00:00,1.07367,1.07429,1.07361,1.07416,1385
2024-06-11 18:00:00,1.07414,1.07447,1.074,1.07431,966
2024-06-11 19:00:00,1.07431,1.07488,1.07396,1.07397,1044
2024-06-11 20:00:00,1.07398,1.07414,1.07386,1.07388,556
2024-06-11 21:00:00,1.07392,1.07412,1.07372,1.07412,866
2024-06-11 22:00:00,1.07414,1.07422,1.07401,1.07402,288
2024-06-11 23:00:00,1.07404,1.07413,1.07388,1.07396,407
2024-06-12 00:00:00,1.07393,1.07393,1.07344,1.07358,820
2024-06-12 01:00:00,1.07358,1.07413,1.07342,1.07396,992
2024-06-12 02:00:00,1.07397,1.07423,1.07387,1.07415,782
2024-06-12 03:00:00,1.07414,1.07426,1.07394,1.07397,606
2024-06-12 04:00:00,1.07397,1.07402,1.07359,1.07362,478
2024-06-12 05:00:00,1.07362,1.07456,1.07357,1.07453,791
2024-06-12 06:00:00,1.07453,1.07464,1.07384,1.07408,1511
2024-06-12 07:00:00,1.07409,1.07451,1.07353,1.0744,1784
2024-06-12 08:00:00,1.0744,1.07533,1.0743800000000001,1.07463,1542
2024-06-12 09:00:00,1.07463,1.07534,1.07437,1.0752,1757
2024-06-12 10:00:00,1.0752,1.07595,1.07484,1.0758,1351
2024-06-12 11:00:00,1.07582,1.07649,1.07567,1.07636,1667
2024-06-12 12:00:00,1.07638,1.08295,1.07614,1.0826,5654
2024-06-12 13:00:00,1.08259,1.08367,1.08185,1.0836,4452
2024-06-12 14:00:00,1.08359,1.08494,1.08171,1.08475,3368
2024-06-12 15:00:00,1.08474,1.08519,1.08412,1.08421,2498
2024-06-12 16:00:00,1.08422,1.08475,1.0841,1.08438,1948
2024-06-12 17:00:00,1.08438,1.08455,1.08357,1.08402,1669
2024-06-12 18:00:00,1.08405,1.08426,1.08072,1.08115,13045
2024-06-12 19:00:00,1.08113,1.08178,1.08033,1.08061,3935
2024-06-12 20:00:00,1.08061,1.08114,1.08039,1.08087,847
2024-06-12 21:00:00,1.08088,1.08118,1.08053,1.08118,840
2024-06-12 22:00:00,1.08119,1.08141,1.08091,1.08105,526
2024-06-12 23:00:00,1.08106,1.08147,1.08102,1.08124,666
2024-06-13 00:00:00,1.08124,1.08152,1.081,1.08123,959
2024-06-13 01:00:00,1.08123,1.08154,1.08035,1.08043,1335
2024-06-13 02:00:00,1.08043,1.08081,1.08036,1.08076,1012
2024-06-13 03:00:00,1.08076,1.08088,1.08049,1.08064,676
2024-06-13 04:00:00,1.0806499999999999,1.08066,1.08027,1.08035,526
2024-06-13 05:00:00,1.08034,1.08067,1.08,1.08043,937
2024-06-13 06:00:00,1.08043,1.08068,1.08003,1.08019,1489
2024-06-13 07:00:00,1.08018,1.08158,1.08018,1.08138,2284
2024-06-13 08:00:00,1.08136,1.08141,1.08046,1.08058,1773
2024-06-13 09:00:00,1.08058,1.08111,1.08014,1.08018,1693
2024-06-13 10:00:00,1.08016,1.08089,1.07926,1.07938,1772
2024-06-13 11:00:00,1.07938,1.07962,1.07822,1.07829,1904
2024-06-13 12:00:00,1.07829,1.08158,1.07802,1.07933,4599
2024-06-13 13:00:00,1.07935,1.08073,1.07855,1.07869,3676
2024-06-13 14:00:00,1.0787,1.07901,1.07626,1.07712,3396
2024-06-13 15:00:00,1.0771,1.07717,1.07529,1.07551,2635
2024-06-13 16:00:00,1.07551,1.07551,1.07322,1.07349,2422
2024-06-13 17:00:00,1.07347,1.07434,1.07345,1.0742,2084
2024-06-13 18:00:00,1.0742,1.07426,1.07356,1.07391,1229
2024-06-13 19:00:00,1.07389,1.07427,1.07374,1.07403,1103
2024-06-13 20:00:00,1.074,1.07427,1.07357,1.07362,688
2024-06-13 21:00:00,1.07361,1.07388,1.07324,1.07388,766
2024-06-13 22:00:00,1.07385,1.07398,1.07348,1.07385,543
2024-06-13 23:00:00,1.07385,1.07401,1.07364,1.07372,496
2024-06-14 00:00:00,1.07372,1.07402,1.07359,1.07361,1012
2024-06-14 01:00:00,1.07361,1.07414,1.0735,1.07412,858
2024-06-14 02:00:00,1.07412,1.07432,1.07397,1.07426,802
2024-06-14 03:00:00,1.07424,1.07445,1.07376,1.07396,1136
2024-06-14 04:00:00,1.07396,1.07406,1.07346,1.0735999999999999,641
2024-06-14 05:00:00,1.0735999999999999,1.0737,1.07298,1.07303,924
2024-06-14 06:00:00,1.07302,1.07324,1.07153,1.07246,2458
2024-06-14 07:00:00,1.07243,1.07267,1.07055,1.07074,3054
2024-06-14 08:00:00,1.07071,1.07115,1.06892,1.06914,2980
2024-06-14 09:00:00,1.06915,1.06917,1.0671,1.06868,3306
2024-06-14 10:00:00,1.06867,1.06984,1.06788,1.06972,3130
2024-06-14 11:00:00,1.06972,1.07054,1.0692,1.06934,2659
2024-06-14 12:00:00,1.06936,1.06947,1.06787,1.06888,3882
2024-06-14 13:00:00,1.0689,1.0692,1.06671,1.06689,3555
2024-06-14 14:00:00,1.06686,1.06874,1.06678,1.06864,3977
2024-06-14 15:00:00,1.06863,1.06994,1.0683,1.06982,2478
2024-06-14 16:00:00,1.06981,1.07014,1.06924,1.06998,1812
2024-06-14 17:00:00,1.06999,1.0704,1.06962,1.06978,1528
2024-06-14 18:00:00,1.06978,1.07,1.0694,1.06991,1304
2024-06-14 19:00:00,1.06994,1.07055,1.06983,1.07055,940
2024-06-14 20:00:00,1.07056,1.0707,1.07014,1.07016,774
2024-06-16 21:00:00,1.07009,1.07049,1.06983,1.07037,462
2024-06-16 22:00:00,1.07035,1.0707200000000001,1.07008,1.07048,676
2024-06-16 23:00:00,1.07062,1.0707,1.07013,1.07022,643
2024-06-17 00:00:00,1.07022,1.07068,1.07001,1.07035,1276
2024-06-17 01:00:00,1.07035,1.07039,1.06987,1.07013,1146
2024-06-17 02:00:00,1.07012,1.07044,1.06985,1.07035,911
2024-06-17 03:00:00,1.07036,1.07044,1.07012,1.07032,714
2024-06-17 04:00:00,1.07032,1.07052,1.07015,1.07039,667
2024-06-17 05:00:00,1.07038,1.07047,1.06985,1.06991,990
2024-06-17 06:00:00,1.0699,1.07032,1.0686,1.06972,3288
2024-06-17 07:00:00,1.06973,1.0708199999999999,1.06918,1.07002,3309
2024-06-17 08:00:00,1.07001,1.07117,1.0699,1.07067,2543
2024-06-17 09:00:00,1.07067,1.07139,1.07063,1.07106,2190
2024-06-17 10:00:00,1.07105,1.0713,1.07016,1.07095,1864
2024-06-17 11:00:00,1.07095,1.07171,1.07085,1.0709,1941
2024-06-17 12:00:00,1.07091,1.07149,1.07065,1.07132,2323
2024-06-17 13:00:00,1.07134,1.07202,1.0712,1.07158,2484
2024-06-17 14:00:00,1.07159,1.07181,1.07112,1.07153,2641
2024-06-17 15:00:00,1.07151,1.07242,1.07147,1.07217,1922
2024-06-17 16:00:00,1.07216,1.07271,1.07201,1.07245,1610
2024-06-17 17:00:00,1.07243,1.07267,1.07225,1.07253,1210
2024-06-17 18:00:00,1.07253,1.07372,1.0725,1.07356,1404
2024-06-17 19:00:00,1.07357,1.07357,1.07297,1.07318,1172
2024-06-17 20:00:00,1.07321,1.07354,1.07318,1.07318,581
2024-06-17 21:00:00,1.07314,1.07332,1.07262,1.07315,1020
2024-06-17 22:00:00,1.07314,1.07394,1.07314,1.0737,495
2024-06-17 23:00:00,1.07371,1.07405,1.07343,1.07394,601
2024-06-18 00:00:00,1.07395,1.07403,1.0735,1.07354,1059
2024-06-18 01:00:00,1.07354,1.07364,1.07267,1.07272,1170
2024-06-18 02:00:00,1.07272,1.07281,1.0723799999999999,1.0724,957
2024-06-18 03:00:00,1.07239,1.07247,1.07205,1.07243,783
2024-06-18 04:00:00,1.07242,1.07259,1.07195,1.07212,925
2024-06-18 05:00:00,1.07212,1.07233,1.0718,1.07228,1211
2024-06-18 06:00:00,1.07228,1.07331,1.07225,1.07327,2095
2024-06-18 07:00:00,1.07327,1.07346,1.07223,1.07228,2333
2024-06-18 08:00:00,1.07226,1.07245,1.07146,1.07191,2119
2024-06-18 09:00:00,1.07191,1.07254,1.07146,1.0719400000000001,2101
2024-06-18 10:00:00,1.07191,1.07204,1.07147,1.07174,1555
2024-06-18 11:00:00,1.07175,1.07179,1.07094,1.07159,1667
2024-06-18 12:00:00,1.07161,1.07337,1.07102,1.07305,3746
2024-06-18 13:00:00,1.07304,1.07492,1.07293,1.07478,3080
2024-06-18 14:00:00,1.07477,1.07609,1.0735999999999999,1.0738,3540
2024-06-18 15:00:00,1.07381,1.0742,1.07338,1.07378,2467
2024-06-18 16:00:00,1.07378,1.07423,1.07358,1.0739,1651
2024-06-18 17:00:00,1.07392,1.07429,1.07331,1.07348,1866
2024-06-18 18:00:00,1.07347,1.07398,1.07317,1.07391,1432
2024-06-18 19:00:00,1.07391,1.07391,1.07355,1.07383,1099
2024-06-18 20:00:00,1.07385,1.07405,1.07374,1.07392,601
2024-06-18 21:00:00,1.0739,1.074,1.07362,1.074,603
2024-06-18 22:00:00,1.074,1.07406,1.07387,1.07402,283
2024-06-18 23:00:00,1.07403,1.07405,1.0738,1.0738,399
2024-06-19 00:00:00,1.07383,1.0739,1.0735999999999999,1.07369,753
2024-06-19 01:00:00,1.07369,1.07413,1.07348,1.074,856
2024-06-19 02:00:00,1.07401,1.07419,1.07371,1.07381,684
2024-06-19 03:00:00,1.0738,1.07402,1.07363,1.07375,592
2024-06-19 04:00:00,1.07375,1.07375,1.07348,1.07353,556
2024-06-19 05:00:00,1.07353,1.07384,1.07348,1.07371,756
2024-06-19 06:00:00,1.07373,1.0741,1.07273,1.07309,2064
2024-06-19 07:00:00,1.07308,1.07402,1.07243,1.0735999999999999,2881
2024-06-19 08:00:00,1.07361,1.07413,1.07336,1.07398,2135
2024-06-19 09:00:00,1.07399,1.07436,1.07319,1.07365,2173
2024-06-19 10:00:00,1.07366,1.07515,1.07347,1.07494,2040
2024-06-19 11:00:00,1.07496,1.07528,1.07463,1.07503,1834
2024-06-19 12:00:00,1.07502,1.07527,1.07418,1.07453,1788
2024-06-19 13:00:00,1.07454,1.07478,1.07405,1.07433,1600
2024-06-19 14:00:00,1.07433,1.07502,1.07425,1.07477,1347
2024-06-19 15:00:00,1.07477,1.07489,1.07408,1.07487,1087
2024-06-19 16:00:00,1.07486,1.07488,1.07456,1.07465,494
2024-06-19 17:00:00,1.07465,1.07468,1.07434,1.07441,295
2024-06-19 18:00:00,1.07441,1.07442,1.07419,1.07426,237
2024-06-19 19:00:00,1.07426,1.07451,1.07423,1.07443,239
2024-06-19 20:00:00,1.07444,1.07449,1.07428,1.07432,265
2024-06-19 21:00:00,1.07429,1.07444,1.07399,1.07444,516
2024-06-19 22:00:00,1.07446,1.07461,1.07435,1.07455,550
2024-06-19 23:00:00,1.07454,1.07484,1.07449,1.07466,443
2024-06-20 00:00:00,1.07468,1.0748,1.07444,1.07459,841
2024-06-20 01:00:00,1.07458,1.07477,1.07417,1.07451,1037
2024-06-20 02:00:00,1.07452,1.07452,1.07385,1.07391,785
2024-06-20 03:00:00,1.07391,1.07418,1.07385,1.07414,660
2024-06-20 04:00:00,1.07415,1.07444,1.07402,1.07423,631
2024-06-20 05:00:00,1.07423,1.07433,1.07368,1.07371,776
2024-06-20 06:00:00,1.07368,1.07382,1.07302,1.07324,1589
2024-06-20 07:00:00,1.07323,1.07358,1.07237,1.07245,2075
2024-06-20 08:00:00,1.07243,1.07243,1.07122,1.07164,2122
2024-06-20 09:00:00,1.07164,1.07274,1.07139,1.07249,2012
2024-06-20 10:00:00,1.07247,1.07311,1.0724,1.0728,1595
2024-06-20 11:00:00,1.07282,1.07315,1.07126,1.07146,2088
2024-06-20 12:00:00,1.0714299999999999,1.07302,1.07128,1.07187,3452
2024-06-20 13:00:00,1.07186,1.07282,1.07161,1.07239,2879
2024-06-20 14:00:00,1.07241,1.07301,1.07204,1.07215,2451
2024-06-20 15:00:00,1.07214,1.07222,1.07065,1.07069,2283
2024-06-20 16:00:00,1.07069,1.07101,1.0703,1.07068,1836
2024-06-20 17:00:00,1.07069,1.07091,1.07036,1.07067,1640
2024-06-20 18:00:00,1.07067,1.07172,1.07066,1.07101,1395
2024-06-20 19:00:00,1.07103,1.07108,1.07031,1.07049,1430
2024-06-20 20:00:00,1.07048,1.07058,1.07004,1.07014,659
2024-06-20 21:00:00,1.07009,1.07038,1.06977,1.07036,624
2024-06-20 22:00:00,1.07037,1.07038,1.07009,1.07018,375
2024-06-20 23:00:00,1.07017,1.07071,1.07014,1.07057,505
2024-06-21 00:00:00,1.07057,1.07071,1.07028,1.07061,960
2024-06-21 01:00:00,1.07063,1.07102,1.07046,1.07098,1171
2024-06-21 02:00:00,1.07099,1.07171,1.07095,1.07163,973
2024-06-21 03:00:00,1.07161,1.07161,1.07129,1.07157,641
2024-06-21 04:00:00,1.07157,1.07182,1.07146,1.07178,565
2024-06-21 05:00:00,1.07178,1.0719400000000001,1.07144,1.07175,775
2024-06-21 06:00:00,1.07172,1.07202,1.07079,1.07097,1739
2024-06-21 07:00:00,1.07096,1.07099,1.06706,1.0677699999999999,3613
2024-06-21 08:00:00,1.06776,1.0695000000000001,1.06758,1.06904,2711
2024-06-21 09:00:00,1.06904,1.06975,1.06831,1.06972,2210
2024-06-21 10:00:00,1.06972,1.06975,1.06762,1.06807,2165
2024-06-21 11:00:00,1.06807,1.06895,1.0679,1.06884,2035
2024-06-21 12:00:00,1.06884,1.06946,1.06845,1.06939,2295
2024-06-21 13:00:00,1.06941,1.06972,1.06776,1.06824,3214
2024-06-21 14:00:00,1.06824,1.06972,1.06789,1.06812,3476
2024-06-21 15:00:00,1.06813,1.06941,1.06799,1.06931,2338
2024-06-21 16:00:00,1.06933,1.06953,1.0688900000000001,1.06915,1541
2024-06-21 17:00:00,1.06913,1.06939,1.069,1.06928,1178
2024-06-21 18:00:00,1.06928,1.06961,1.06912,1.06943,988
2024-06-21 19:00:00,1.06943,1.06963,1.06907,1.06916,1031
2024-06-21 20:00:00,1.06914,1.06945,1.06908,1.06918,765
2024-06-23 21:00:00,1.06875,1.06901,1.06845,1.06897,502
2024-06-23 22:00:00,1.06897,1.06934,1.06886,1.06934,511
2024-06-23 23:00:00,1.06936,1.06952,1.0687,1.06874,626
2024-06-24 00:00:00,1.06875,1.0693,1.06844,1.06912,933
2024-06-24 01:00:00,1.06911,1.06924,1.06834,1.06903,1274
2024-06-24 02:00:00,1.06903,1.06928,1.06875,1.0688900000000001,801
2024-06-24 03:00:00,1.06888,1.0693,1.06884,1.06911,719
2024-06-24 04:00:00,1.0691,1.06941,1.06906,1.0694,661
2024-06-24 05:00:00,1.06941,1.06989,1.06939,1.06981,814
2024-06-24 06:00:00,1.0698,1.07066,1.06968,1.07027,1739
2024-06-24 07:00:00,1.07024,1.0714299999999999,1.07018,1.07122,1953
2024-06-24 08:00:00,1.07121,1.07172,1.07079,1.07131,1946
2024-06-24 09:00:00,1.0713,1.07284,1.07127,1.07224,1995
2024-06-24 10:00:00,1.07223,1.07302,1.0719,1.07295,2114
2024-06-24 11:00:00,1.07292,1.07353,1.07261,1.07351,1848
2024-06-24 12:00:00,1.0735,1.0735,1.07259,1.0734,2351
2024-06-24 13:00:00,1.0734,1.0743,1.0734,1.0742099999999999,2393
2024-06-24 14:00:00,1.0742099999999999,1.07458,1.07268,1.07294,2587
2024-06-24 15:00:00,1.07293,1.07327,1.07231,1.07269,1665
2024-06-24 16:00:00,1.07266,1.07312,1.07257,1.07272,1243
2024-06-24 17:00:00,1.07272,1.07272,1.07216,1.07244,1274
2024-06-24 18:00:00,1.07244,1.0737,1.07239,1.07349,1308
2024-06-24 19:00:00,1.07349,1.07378,1.07335,1.07352,1045
2024-06-24 20:00:00,1.0735,1.07368,1.07312,1.0731600000000001,592
2024-06-24 21:00:00,1.07317,1.07335,1.0731,1.07328,533
2024-06-24 22:00:00,1.07329,1.07342,1.07325,1.07325,312
2024-06-24 23:00:00,1.07326,1.07327,1.07305,1.07317,448
2024-06-25 00:00:00,1.07315,1.07352,1.07313,1.07335,849
2024-06-25 01:00:00,1.07334,1.07355,1.07318,1.07341,1072
2024-06-25 02:00:00,1.07341,1.07366,1.07332,1.07363,752
2024-06-25 03:00:00,1.07363,1.07388,1.07352,1.07382,667
2024-06-25 04:00:00,1.07382,1.07393,1.07358,1.07391,610
2024-06-25 05:00:00,1.07391,1.07436,1.0739,1.0741,905
2024-06-25 06:00:00,1.07411,1.07411,1.07309,1.07315,1543
2024-06-25 07:00:00,1.07314,1.07326,1.07205,1.07267,2318
2024-06-25 08:00:00,1.07266,1.07354,1.07249,1.07338,1811
2024-06-25 09:00:00,1.07336,1.07347,1.07229,1.07243,1674
2024-06-25 10:00:00,1.07243,1.073,1.07208,1.07231,1712
2024-06-25 11:00:00,1.07227,1.07241,1.07087,1.07092,1774
2024-06-25 12:00:00,1.07092,1.07146,1.07017,1.07046,2330
2024-06-25 13:00:00,1.07047,1.07126,1.06998,1.07024,2292
2024-06-25 14:00:00,1.0702099999999999,1.07026,1.06901,1.07,2719
2024-06-25 15:00:00,1.07,1.07089,1.07,1.07036,1736
2024-06-25 16:00:00,1.07039,1.07083,1.07015,1.07043,1558
2024-06-25 17:00:00,1.07043,1.07139,1.07038,1.07128,1274
2024-06-25 18:00:00,1.07128,1.07169,1.07115,1.07154,942
2024-06-25 19:00:00,1.07154,1.0717,1.07134,1.07153,876
2024-06-25 20:00:00,1.07153,1.07154,1.07105,1.0713,556
2024-06-25 21:00:00,1.07127,1.07136,1.071,1.07129,575
2024-06-25 22:00:00,1.07127,1.07148,1.07117,1.07117,394
2024-06-25 23:00:00,1.07119,1.07121,1.07086,1.07088,440
2024-06-26 00:00:00,1.07087,1.0712,1.0706,1.07107,835
2024-06-26 01:00:00,1.07108,1.07158,1.07102,1.07152,1317
2024-06-26 02:00:00,1.07152,1.07174,1.07083,1.07096,859
2024-06-26 03:00:00,1.07094,1.07123,1.07089,1.07105,618
2024-06-26 04:00:00,1.07104,1.07113,1.0707200000000001,1.071,685
2024-06-26 05:00:00,1.071,1.0711,1.07017,1.07035,994
2024-06-26 06:00:00,1.07033,1.07052,1.06934,1.06945,1648
2024-06-26 07:00:00,1.06945,1.06958,1.0685,1.06932,2038
2024-06-26 08:00:00,1.0693,1.06993,1.06897,1.06945,1818
2024-06-26 09:00:00,1.06947,1.06994,1.06875,1.06886,1724
2024-06-26 10:00:00,1.06887,1.06888,1.06817,1.06845,1603
2024-06-26 11:00:00,1.06844,1.06941,1.06793,1.06935,1802
2024-06-26 12:00:00,1.06936,1.06941,1.06765,1.06768,2627
2024-06-26 13:00:00,1.06765,1.06818,1.0665499999999999,1.06744,3168
2024-06-26 14:00:00,1.06743,1.06953,1.06741,1.06798,3546
2024-06-26 15:00:00,1.06799,1.06869,1.0674,1.06817,2471
2024-06-26 16:00:00,1.06818,1.06872,1.06788,1.06818,1703
2024-06-26 17:00:00,1.06817,1.06904,1.06811,1.06853,1674
2024-06-26 18:00:00,1.0685,1.06853,1.06779,1.06796,1127
2024-06-26 19:00:00,1.06796,1.06809,1.06746,1.06803,995
2024-06-26 20:00:00,1.06803,1.06808,1.0677,1.06781,600
2024-06-26 21:00:00,1.06783,1.06802,1.06772,1.068,658
2024-06-26 22:00:00,1.068,1.06814,1.06788,1.06798,485
2024-06-26 23:00:00,1.06802,1.06812,1.06772,1.06795,505
2024-06-27 00:00:00,1.06795,1.06815,1.06766,1.0677699999999999,1133
2024-06-27 01:00:00,1.0677699999999999,1.06888,1.06772,1.06879,1142
2024-06-27 02:00:00,1.06882,1.0691,1.06876,1.06887,937
2024-06-27 03:00:00,1.06887,1.06919,1.06874,1.06901,638
2024-06-27 04:00:00,1.06901,1.06941,1.069,1.06937,595
2024-06-27 05:00:00,1.06936,1.06964,1.06914,1.06951,821
2024-06-27 06:00:00,1.06951,1.06984,1.06905,1.06922,1632
2024-06-27 07:00:00,1.06922,1.06976,1.06879,1.069,2259
2024-06-27 08:00:00,1.06896,1.0691,1.06801,1.06874,2054
2024-06-27 09:00:00,1.06876,1.07005,1.06866,1.06964,2041
2024-06-27 10:00:00,1.06966,1.07038,1.06901,1.07031,2080
2024-06-27 11:00:00,1.07031,1.07038,1.06923,1.06923,1755
2024-06-27 12:00:00,1.06926,1.07216,1.06923,1.07189,3733
2024-06-27 13:00:00,1.07188,1.07259,1.07166,1.072,3027
2024-06-27 14:00:00,1.07199,1.07248,1.07075,1.07117,3174
2024-06-27 15:00:00,1.07119,1.07125,1.07001,1.07067,2224
2024-06-27 16:00:00,1.07064,1.071,1.07028,1.07065,1697
2024-06-27 17:00:00,1.07064,1.07081,1.07038,1.07048,1236
2024-06-27 18:00:00,1.0705,1.07073,1.07015,1.07053,1320
2024-06-27 19:00:00,1.07055,1.07067,1.07008,1.07026,1190
2024-06-27 20:00:00,1.07025,1.07046,1.07018,1.07026,521
2024-06-27 21:00:00,1.07024,1.07046,1.06989,1.07045,803
2024-06-27 22:00:00,1.07044,1.0705,1.07025,1.07034,276
2024-06-27 23:00:00,1.07037,1.07089,1.07031,1.0707200000000001,451
2024-06-28 00:00:00,1.07071,1.07103,1.06973,1.06974,938
2024-06-28 01:00:00,1.06974,1.06988,1.0685,1.06906,1829
2024-06-28 02:00:00,1.06906,1.06966,1.06875,1.06933,1236
2024-06-28 03:00:00,1.06933,1.06946,1.06896,1.06918,729
2024-06-28 04:00:00,1.06918,1.06919,1.06852,1.06864,635
2024-06-28 05:00:00,1.06865,1.06922,1.06855,1.06896,829
2024-06-28 06:00:00,1.06898,1.06976,1.06894,1.06966,1602
2024-06-28 07:00:00,1.06968,1.07034,1.06911,1.06965,2254
2024-06-28 08:00:00,1.06963,1.06997,1.06919,1.06975,2090
2024-06-28 09:00:00,1.06976,1.07089,1.06928,1.07086,1799
2024-06-28 10:00:00,1.07087,1.071,1.07037,1.07088,1686
2024-06-28 11:00:00,1.07086,1.07112,1.06917,1.06968,1691
2024-06-28 12:00:00,1.06966,1.07192,1.06966,1.07042,4161
2024-06-28 13:00:00,1.07046,1.07075,1.06924,1.06979,3402
2024-06-28 14:00:00,1.06982,1.07216,1.06922,1.07179,4794
2024-06-28 15:00:00,1.07177,1.07177,1.07091,1.07106,3223
2024-06-28 16:00:00,1.07103,1.07209,1.07091,1.07154,1862
2024-06-28 17:00:00,1.07151,1.07242,1.07135,1.0714,1403
2024-06-28 18:00:00,1.0714,1.07181,1.07105,1.07114,1255
2024-06-28 19:00:00,1.07116,1.07121,1.07057,1.07108,1409
2024-06-28 20:00:00,1.07105,1.0714,1.07074,1.07131,1035
2024-06-30 21:00:00,1.07347,1.07405,1.07318,1.07355,857
2024-06-30 22:00:00,1.07365,1.07389,1.07301,1.07362,1129
2024-06-30 23:00:00,1.07364,1.07394,1.07335,1.07344,656
2024-07-01 00:00:00,1.07345,1.07492,1.07342,1.07453,1735
2024-07-01 01:00:00,1.07449,1.0761,1.07422,1.07478,2005
2024-07-01 02:00:00,1.0748,1.07546,1.07464,1.0754299999999999,1068
2024-07-01 03:00:00,1.07542,1.07561,1.07508,1.07524,769
2024-07-01 04:00:00,1.07524,1.07581,1.07516,1.07545,859
2024-07-01 05:00:00,1.0754299999999999,1.07617,1.07534,1.07553,1141
2024-07-01 06:00:00,1.07551,1.07759,1.0755,1.07693,2914
2024-07-01 07:00:00,1.07695,1.07721,1.0751,1.07545,2968
2024-07-01 08:00:00,1.07541,1.0771600000000001,1.07492,1.07677,2462
2024-07-01 09:00:00,1.07674,1.07681,1.07556,1.07568,1746
2024-07-01 10:00:00,1.07567,1.07567,1.07467,1.07483,1667
2024-07-01 11:00:00,1.0748199999999999,1.07519,1.0742099999999999,1.07486,1678
2024-07-01 12:00:00,1.07486,1.07495,1.07395,1.07476,2478
2024-07-01 13:00:00,1.07478,1.07587,1.07475,1.07545,2771
2024-07-01 14:00:00,1.07551,1.07695,1.07283,1.07297,4044
2024-07-01 15:00:00,1.07296,1.07302,1.07193,1.07263,2519
2024-07-01 16:00:00,1.07263,1.07328,1.07237,1.07308,1752
2024-07-01 17:00:00,1.0731,1.07329,1.07277,1.0729,1236
2024-07-01 18:00:00,1.07289,1.07298,1.07239,1.07293,1199
2024-07-01 19:00:00,1.07293,1.07388,1.0729,1.07378,1206
2024-07-01 20:00:00,1.0737700000000001,1.0742,1.0737700000000001,1.07394,611
2024-07-01 21:00:00,1.07396,1.07397,1.07355,1.07382,695
2024-07-01 22:00:00,1.07383,1.07406,1.07364,1.07367,487
2024-07-01 23:00:00,1.07369,1.07372,1.07352,1.07359,481
2024-07-02 00:00:00,1.0735999999999999,1.07383,1.07324,1.07344,1021
2024-07-02 01:00:00,1.07344,1.0735999999999999,1.07315,1.07341,966
2024-07-02 02:00:00,1.07341,1.07356,1.0731600000000001,1.07345,755
2024-07-02 03:00:00,1.07346,1.07352,1.07304,1.0732,698
2024-07-02 04:00:00,1.0732,1.0733,1.07278,1.07293,681
2024-07-02 05:00:00,1.07293,1.07326,1.07264,1.0731600000000001,877
2024-07-02 06:00:00,1.07318,1.07351,1.07246,1.07247,1702
2024-07-02 07:00:00,1.07248,1.07278,1.07117,1.07177,2555
2024-07-02 08:00:00,1.07179,1.07234,1.0714,1.07205,2095
2024-07-02 09:00:00,1.07202,1.07223,1.07102,1.07106,1941
2024-07-02 10:00:00,1.07106,1.07184,1.07096,1.07168,1602
2024-07-02 11:00:00,1.07169,1.0724,1.07144,1.07233,1294
2024-07-02 12:00:00,1.07234,1.07331,1.07234,1.07312,2072
2024-07-02 13:00:00,1.07312,1.07463,1.07295,1.07415,3275
2024-07-02 14:00:00,1.07415,1.07445,1.0723799999999999,1.07426,4443
2024-07-02 15:00:00,1.07429,1.07439,1.07328,1.07361,2127
2024-07-02 16:00:00,1.07359,1.07363,1.07301,1.07317,1322
2024-07-02 17:00:00,1.07317,1.07401,1.07311,1.0737700000000001,1049
2024-07-02 18:00:00,1.0737700000000001,1.07422,1.07375,1.07416,812
2024-07-02 19:00:00,1.07415,1.0746,1.0741,1.07456,999
2024-07-02 20:00:00,1.07455,1.07465,1.07432,1.07436,526
2024-07-02 21:00:00,1.0744,1.0745,1.07416,1.07444,701
2024-07-02 22:00:00,1.07445,1.07484,1.07445,1.07481,418
2024-07-02 23:00:00,1.0748199999999999,1.07487,1.07462,1.07475,338
2024-07-03 00:00:00,1.07476,1.07537,1.0747,1.07477,930
2024-07-03 01:00:00,1.07477,1.07477,1.07399,1.07416,798
2024-07-03 02:00:00,1.07416,1.07463,1.07413,1.07434,671
2024-07-03 03:00:00,1.07435,1.07449,1.07423,1.07431,557
2024-07-03 04:00:00,1.07431,1.07443,1.07414,1.07419,391
2024-07-03 05:00:00,1.0742,1.0742,1.07357,1.07383,783
2024-07-03 06:00:00,1.07386,1.07475,1.07364,1.07463,1484
2024-07-03 07:00:00,1.07465,1.07613,1.07463,1.0759,2250
2024-07-03 08:00:00,1.07589,1.0763,1.0755,1.07577,1795
2024-07-03 09:00:00,1.07576,1.07617,1.07538,1.0755,1637
2024-07-03 10:00:00,1.07549,1.07624,1.07521,1.07578,1385
2024-07-03 11:00:00,1.07579,1.07616,1.0756000000000001,1.07572,1317
2024-07-03 12:00:00,1.07575,1.0777700000000001,1.07546,1.07739,2528
2024-07-03 13:00:00,1.07739,1.07917,1.07713,1.07887,2134
2024-07-03 14:00:00,1.07907,1.08163,1.07895,1.08053,4972
2024-07-03 15:00:00,1.08052,1.08086,1.07969,1.07983,2678
2024-07-03 16:00:00,1.07984,1.08001,1.07916,1.07954,1567
2024-07-03 17:00:00,1.07954,1.07954,1.07816,1.07831,972
2024-07-03 18:00:00,1.07832,1.07844,1.07778,1.07799,887
2024-07-03 19:00:00,1.07801,1.07873,1.07793,1.07843,839
2024-07-03 20:00:00,1.07843,1.0788,1.07835,1.07858,474
2024-07-03 21:00:00,1.0786,1.07872,1.07817,1.07859,812
2024-07-03 22:00:00,1.0786,1.07895,1.07855,1.07888,382
2024-07-03 23:00:00,1.07889,1.07911,1.07876,1.07904,415
2024-07-04 00:00:00,1.07905,1.07932,1.07882,1.07921,786
2024-07-04 01:00:00,1.07921,1.07944,1.07877,1.07904,943
2024-07-04 02:00:00,1.07904,1.07913,1.07859,1.07859,626
2024-07-04 03:00:00,1.07859,1.07871,1.07832,1.07847,669
2024-07-04 04:00:00,1.0784799999999999,1.0787,1.07843,1.07861,525
2024-07-04 05:00:00,1.07861,1.07903,1.07843,1.07896,724
2024-07-04 06:00:00,1.07895,1.07929,1.07843,1.07922,1753
2024-07-04 07:00:00,1.07919,1.0796000000000001,1.07883,1.07941,2072
2024-07-04 08:00:00,1.07941,1.08026,1.07933,1.08012,1859
2024-07-04 09:00:00,1.08011,1.08024,1.07947,1.07974,1560
2024-07-04 10:00:00,1.07975,1.08012,1.07936,1.08005,1263
2024-07-04 11:00:00,1.08004,1.08016,1.07957,1.07966,1341
2024-07-04 12:00:00,1.07965,1.08017,1.07954,1.07968,1390
2024-07-04 13:00:00,1.07966,1.08012,1.07941,1.08004,1330
2024-07-04 14:00:00,1.08004,1.08086,1.07987,1.08076,1582
2024-07-04 15:00:00,1.08077,1.08133,1.08064,1.08101,1013
2024-07-04 16:00:00,1.08101,1.08133,1.08092,1.08115,544
2024-07-04 17:00:00,1.08115,1.08123,1.081,1.08111,286
2024-07-04 18:00:00,1.08111,1.08123,1.08108,1.08114,209
2024-07-04 19:00:00,1.08114,1.08128,1.08113,1.08123,247
2024-07-04 20:00:00,1.08123,1.08132,1.08091,1.08095,307
2024-07-04 21:00:00,1.08097,1.08115,1.08076,1.08108,794
2024-07-04 22:00:00,1.08111,1.08129,1.08097,1.08109,368
2024-07-04 23:00:00,1.08111,1.08113,1.08091,1.081,330
2024-07-05 00:00:00,1.08101,1.08175,1.08097,1.08142,1015
2024-07-05 01:00:00,1.0814,1.08176,1.08134,1.08155,878
2024-07-05 02:00:00,1.08155,1.08177,1.08136,1.08176,652
2024-07-05 03:00:00,1.08175,1.0824,1.08171,1.08215,960
2024-07-05 04:00:00,1.08215,1.08222,1.08193,1.08217,696
2024-07-05 05:00:00,1.08217,1.08221,1.08186,1.08211,657
2024-07-05 06:00:00,1.08211,1.08254,1.08182,1.0819,1395
2024-07-05 07:00:00,1.0819,1.08298,1.0816,1.08288,1921
2024-07-05 08:00:00,1.08286,1.08302,1.08223,1.08276,1545
2024-07-05 09:00:00,1.08276,1.08304,1.08251,1.08261,1275
2024-07-05 10:00:00,1.08259,1.08313,1.08217,1.08241,1316
2024-07-05 11:00:00,1.08242,1.0825,1.08181,1.08186,1246
2024-07-05 12:00:00,1.08188,1.08412,1.08012,1.08289,5650
2024-07-05 13:00:00,1.08288,1.08336,1.08138,1.0819,4356
2024-07-05 14:00:00,1.08189,1.08256,1.08103,1.08237,3518
2024-07-05 15:00:00,1.08236,1.08302,1.08189,1.08271,2248
2024-07-05 16:00:00,1.08271,1.08299,1.08229,1.08252,1365
2024-07-05 17:00:00,1.08251,1.08298,1.08243,1.08275,1067
2024-07-05 18:00:00,1.08276,1.08368,1.08271,1.08368,981
2024-07-05 19:00:00,1.08366,1.08421,1.08359,1.08408,1085
2024-07-05 20:00:00,1.08406,1.08408,1.08371,1.0839,940
2024-07-07 21:00:00,1.08009,1.08176,1.07989,1.08166,750
2024-07-07 22:00:00,1.08168,1.08316,1.08168,1.0824,1102
2024-07-07 23:00:00,1.08246,1.08276,1.08214,1.08252,819
2024-07-08 00:00:00,1.08252,1.08289,1.0818699999999999,1.08212,1371
2024-07-08 01:00:00,1.08211,1.08291,1.08195,1.08286,1213
2024-07-08 02:00:00,1.08286,1.08294,1.08246,1.08256,928
2024-07-08 03:00:00,1.08256,1.08357,1.08254,1.08308,984
2024-07-08 04:00:00,1.08311,1.08313,1.08269,1.08283,701
2024-07-08 05:00:00,1.08284,1.08298,1.08206,1.08222,1083
2024-07-08 06:00:00,1.08224,1.08287,1.0814300000000001,1.08214,2220
2024-07-08 07:00:00,1.08214,1.08377,1.08201,1.08364,2870
2024-07-08 08:00:00,1.08364,1.08425,1.08341,1.08379,2289
2024-07-08 09:00:00,1.08378,1.08413,1.0835,1.08378,1630
2024-07-08 10:00:00,1.08378,1.08393,1.08232,1.08295,1639
2024-07-08 11:00:00,1.08293,1.08331,1.08264,1.0833,1567
2024-07-08 12:00:00,1.08332,1.08442,1.08317,1.0843,2150
2024-07-08 13:00:00,1.0843099999999999,1.08448,1.08379,1.08404,2286
2024-07-08 14:00:00,1.08405,1.08445,1.08319,1.08344,2257
2024-07-08 15:00:00,1.08344,1.08359,1.08308,1.08345,1609
2024-07-08 16:00:00,1.08343,1.08359,1.08283,1.08319,1168
2024-07-08 17:00:00,1.08317,1.08333,1.08289,1.08316,898
2024-07-08 18:00:00,1.08316,1.08316,1.08229,1.08256,884
2024-07-08 19:00:00,1.08256,1.08263,1.0822,1.08247,849
2024-07-08 20:00:00,1.08247,1.08247,1.08225,1.08234,515
2024-07-08 21:00:00,1.08236,1.0824799999999999,1.0822,1.0824799999999999,426
2024-07-08 22:00:00,1.08249,1.08255,1.08237,1.0825,311
2024-07-08 23:00:00,1.08251,1.0830899999999999,1.08251,1.083,504
2024-07-09 00:00:00,1.083,1.08328,1.08258,1.08267,760
2024-07-09 01:00:00,1.08266,1.08291,1.08223,1.08233,941
2024-07-09 02:00:00,1.08233,1.08269,1.08188,1.08258,880
2024-07-09 03:00:00,1.08258,1.08294,1.08253,1.08278,641
2024-07-09 04:00:00,1.08278,1.08308,1.08273,1.0829,580
2024-07-09 05:00:00,1.0829,1.08304,1.08258,1.08282,805
2024-07-09 06:00:00,1.08281,1.08299,1.08235,1.08247,1340
2024-07-09 07:00:00,1.08244,1.08295,1.08165,1.08173,1982
2024-07-09 08:00:00,1.08172,1.08237,1.08148,1.08222,1698
2024-07-09 09:00:00,1.0822,1.08256,1.08182,1.08224,1365
2024-07-09 10:00:00,1.08223,1.08279,1.08196,1.08218,1367
2024-07-09 11:00:00,1.08218,1.08237,1.08117,1.08134,1592
2024-07-09 12:00:00,1.08136,1.08174,1.08122,1.08152,1764
2024-07-09 13:00:00,1.08155,1.08256,1.08153,1.08213,2096
2024-07-09 14:00:00,1.08213,1.08279,1.0809,1.08153,4100
2024-07-09 15:00:00,1.08153,1.08188,1.08052,1.08121,2483
2024-07-09 16:00:00,1.08124,1.08157,1.08055,1.08097,1609
2024-07-09 17:00:00,1.08097,1.08132,1.08061,1.08087,1446
2024-07-09 18:00:00,1.08085,1.08136,1.08077,1.08128,1132
2024-07-09 19:00:00,1.08128,1.08154,1.08105,1.08139,949
2024-07-09 20:00:00,1.08138,1.08161,1.08128,1.08131,461
2024-07-09 21:00:00,1.08132,1.08145,1.08089,1.0814300000000001,736
2024-07-09 22:00:00,1.08146,1.0815,1.08129,1.08139,287
2024-07-09 23:00:00,1.0814,1.08156,1.08134,1.08139,335
2024-07-10 00:00:00,1.08139,1.08162,1.08109,1.08118,846
2024-07-10 01:00:00,1.08117,1.0815,1.08102,1.0814300000000001,862
2024-07-10 02:00:00,1.08145,1.08166,1.08116,1.08162,974
2024-07-10 03:00:00,1.08162,1.08207,1.08159,1.08194,590
2024-07-10 04:00:00,1.08194,1.08202,1.0817,1.08182,633
2024-07-10 05:00:00,1.08182,1.08207,1.08153,1.08171,788
2024-07-10 06:00:00,1.08173,1.08228,1.08142,1.08218,1490
2024-07-10 07:00:00,1.08218,1.08244,1.08148,1.08159,1910
2024-07-10 08:00:00,1.08157,1.08195,1.08114,1.08147,1683
2024-07-10 09:00:00,1.08145,1.08246,1.08141,1.08184,1600
2024-07-10 10:00:00,1.08185,1.08236,1.08128,1.0821,1453
2024-07-10 11:00:00,1.08208,1.0826500000000001,1.08192,1.08249,1406
2024-07-10 12:00:00,1.0824799999999999,1.08276,1.08229,1.08264,1589
2024-07-10 13:00:00,1.08263,1.08284,1.08196,1.0822,2285
2024-07-10 14:00:00,1.08224,1.08284,1.08193,1.08229,2317
2024-07-10 15:00:00,1.08231,1.0827,1.08203,1.08221,1603
2024-07-10 16:00:00,1.08221,1.08271,1.08213,1.08266,1221
2024-07-10 17:00:00,1.08266,1.08282,1.0820400000000001,1.08218,1206
2024-07-10 18:00:00,1.08218,1.08246,1.0817,1.08243,866
2024-07-10 19:00:00,1.08243,1.08293,1.08231,1.08281,786
2024-07-10 20:00:00,1.08281,1.083,1.08267,1.08293,535
2024-07-10 21:00:00,1.0829,1.0829,1.0824799999999999,1.08288,677
2024-07-10 22:00:00,1.0829,1.08325,1.0829,1.08319,335
2024-07-10 23:00:00,1.08324,1.08362,1.08306,1.08327,524
2024-07-11 00:00:00,1.08327,1.08364,1.08318,1.08345,852
2024-07-11 01:00:00,1.08345,1.08395,1.08319,1.0839,807
2024-07-11 02:00:00,1.08392,1.08397,1.08365,1.08367,695
2024-07-11 03:00:00,1.08367,1.08385,1.08352,1.08373,650
2024-07-11 04:00:00,1.08373,1.08384,1.08349,1.08358,540
2024-07-11 05:00:00,1.08358,1.08373,1.0834,1.08342,591
2024-07-11 06:00:00,1.08341,1.08393,1.08317,1.08337,1547
2024-07-11 07:00:00,1.08335,1.08395,1.0832,1.08389,1626
2024-07-11 08:00:00,1.08388,1.08473,1.08376,1.08467,1533
2024-07-11 09:00:00,1.08467,1.08522,1.08426,1.08464,1635
2024-07-11 10:00:00,1.08462,1.08521,1.0845,1.08485,1411
2024-07-11 11:00:00,1.08484,1.08574,1.08479,1.08542,1294
2024-07-11 12:00:00,1.08542,1.08994,1.0844,1.08863,6967
2024-07-11 13:00:00,1.08865,1.08986,1.08682,1.0886,7246
2024-07-11 14:00:00,1.08861,1.08895,1.08702,1.08778,4384
2024-07-11 15:00:00,1.08779,1.08801,1.08659,1.08694,3032
2024-07-11 16:00:00,1.08694,1.08703,1.08635,1.08664,1911
2024-07-11 17:00:00,1.0866500000000001,1.08669,1.08595,1.08605,2078
2024-07-11 18:00:00,1.0860400000000001,1.08686,1.086,1.08673,1420
2024-07-11 19:00:00,1.08677,1.08695,1.08636,1.08644,1160
2024-07-11 20:00:00,1.08642,1.08674,1.08638,1.08664,543
2024-07-11 21:00:00,1.08664,1.08677,1.08647,1.0866500000000001,643
2024-07-11 22:00:00,1.08662,1.08679,1.08637,1.08655,592
2024-07-11 23:00:00,1.08658,1.08739,1.08645,1.08734,1261
2024-07-12 00:00:00,1.08734,1.08742,1.08674,1.08695,1569
2024-07-12 01:00:00,1.08695,1.08718,1.08634,1.08644,1172
2024-07-12 02:00:00,1.08644,1.0867,1.08631,1.08656,1016
2024-07-12 03:00:00,1.08654,1.08704,1.08641,1.08684,788
2024-07-12 04:00:00,1.08684,1.08705,1.08676,1.08694,624
2024-07-12 05:00:00,1.08696,1.0872,1.08671,1.0869,953
2024-07-12 06:00:00,1.0869,1.08717,1.08629,1.08647,1590
2024-07-12 07:00:00,1.08649,1.08755,1.0861399999999999,1.08748,1891
2024-07-12 08:00:00,1.08748,1.08867,1.08747,1.08861,1819
2024-07-12 09:00:00,1.08864,1.08887,1.08809,1.08846,1589
2024-07-12 10:00:00,1.08846,1.08915,1.08841,1.08896,1573
2024-07-12 11:00:00,1.08896,1.08919,1.08862,1.08874,1444
2024-07-12 12:00:00,1.08874,1.08924,1.08733,1.08898,4534
2024-07-12 13:00:00,1.08899,1.08975,1.08866,1.08954,4137
2024-07-12 14:00:00,1.08958,1.09087,1.08931,1.09085,3718
2024-07-12 15:00:00,1.09086,1.09106,1.09008,1.0901,2235
2024-07-12 16:00:00,1.09008,1.09048,1.09001,1.0904,1472
2024-07-12 17:00:00,1.0904,1.0907,1.09005,1.09061,1055
2024-07-12 18:00:00,1.09057,1.0906,1.09008,1.09056,929
2024-07-12 19:00:00,1.09054,1.09108,1.09042,1.09062,1268
2024-07-12 20:00:00,1.09063,1.0907499999999999,1.09036,1.0906,664
2024-07-14 21:00:00,1.08852,1.08917,1.08816,1.08875,693
2024-07-14 22:00:00,1.08883,1.08916,1.08832,1.0887,1047
2024-07-14 23:00:00,1.08872,1.0888,1.08829,1.08855,768
2024-07-15 00:00:00,1.08855,1.08886,1.0883099999999999,1.08879,1088
2024-07-15 01:00:00,1.08879,1.08896,1.08855,1.08891,1103
2024-07-15 02:00:00,1.08891,1.08914,1.0886,1.08911,898
2024-07-15 03:00:00,1.08911,1.08951,1.08901,1.08938,734
2024-07-15 04:00:00,1.08938,1.08945,1.08921,1.08932,522
2024-07-15 05:00:00,1.08932,1.08954,1.08921,1.08937,665
2024-07-15 06:00:00,1.08939,1.08955,1.08857,1.08893,1761
2024-07-15 07:00:00,1.08894,1.0896,1.08833,1.08952,2182
2024-07-15 08:00:00,1.08954,1.09086,1.0895299999999999,1.09077,1763
2024-07-15 09:00:00,1.09077,1.09148,1.09061,1.09123,1691
2024-07-15 10:00:00,1.09121,1.09199,1.09045,1.09091,1987
2024-07-15 11:00:00,1.0909,1.09144,1.09047,1.09054,1860
2024-07-15 12:00:00,1.09054,1.09084,1.09017,1.09068,2098
2024-07-15 13:00:00,1.0907,1.0916,1.09061,1.09145,2301
2024-07-15 14:00:00,1.09147,1.09173,1.09074,1.09164,2396
2024-07-15 15:00:00,1.09165,1.0922,1.09096,1.09115,2034
2024-07-15 16:00:00,1.09117,1.09166,1.08994,1.09057,2682
2024-07-15 17:00:00,1.09056,1.09058,1.08929,1.08946,2375
2024-07-15 18:00:00,1.08946,1.09011,1.08929,1.09009,1460
2024-07-15 19:00:00,1.09007,1.09008,1.08958,1.08983,1395
2024-07-15 20:00:00,1.0898,1.08989,1.08921,1.08935,687
2024-07-15 21:00:00,1.08937,1.08955,1.08904,1.08954,778
2024-07-15 22:00:00,1.08954,1.08963,1.08938,1.08941,409
2024-07-15 23:00:00,1.08942,1.08982,1.08942,1.08978,493
2024-07-16 00:00:00,1.08979,1.08979,1.08905,1.0891,1050
2024-07-16 01:00:00,1.08912,1.08931,1.08898,1.08924,984
2024-07-16 02:00:00,1.08925,1.08933,1.08883,1.08906,757
2024-07-16 03:00:00,1.08905,1.08937,1.08905,1.08924,705
2024-07-16 04:00:00,1.08926,1.08942,1.08913,1.0892,638
2024-07-16 05:00:00,1.0892,1.08922,1.08867,1.08883,959
2024-07-16 06:00:00,1.08882,1.08905,1.08833,1.08883,1723
2024-07-16 07:00:00,1.08886,1.08998,1.08885,1.08986,2065
2024-07-16 08:00:00,1.08985,1.09022,1.08935,1.08999,2091
2024-07-16 09:00:00,1.09,1.09035,1.08934,1.08973,2276
2024-07-16 10:00:00,1.08973,1.09024,1.08955,1.08984,1580
2024-07-16 11:00:00,1.08986,1.09034,1.08942,1.0901399999999999,1734
2024-07-16 12:00:00,1.0901399999999999,1.0905,1.08752,1.08804,3559
2024-07-16 13:00:00,1.08806,1.08828,1.08713,1.08825,2838
2024-07-16 14:00:00,1.08826,1.08843,1.08728,1.08779,2508
2024-07-16 15:00:00,1.08781,1.08856,1.08778,1.0884,2110
2024-07-16 16:00:00,1.0884,1.08886,1.08806,1.08883,1668
2024-07-16 17:00:00,1.08882,1.08918,1.08871,1.08913,1186
2024-07-16 18:00:00,1.08913,1.08968,1.08897,1.0895299999999999,1052
2024-07-16 19:00:00,1.08952,1.09022,1.08946,1.09011,1015
2024-07-16 20:00:00,1.09008,1.09021,1.08965,1.08973,740
2024-07-16 21:00:00,1.08974,1.08988,1.08937,1.08984,657
2024-07-16 22:00:00,1.08985,1.09012,1.0897000000000001,1.09012,557
2024-07-16 23:00:00,1.0901399999999999,1.09026,1.08995,1.09018,631
2024-07-17 00:00:00,1.09018,1.09026,1.08955,1.08971,1065
2024-07-17 01:00:00,1.08971,1.09026,1.0895299999999999,1.09018,1016
2024-07-17 02:00:00,1.09018,1.09064,1.09003,1.0904,847
2024-07-17 03:00:00,1.0904,1.09058,1.08999,1.09056,796
2024-07-17 04:00:00,1.09056,1.09063,1.09016,1.09027,617
2024-07-17 05:00:00,1.09027,1.09066,1.09002,1.09041,1023
2024-07-17 06:00:00,1.09039,1.09052,1.08971,1.08971,2208
2024-07-17 07:00:00,1.08974,1.0913,1.08948,1.09081,2956
2024-07-17 08:00:00,1.09082,1.09434,1.09073,1.09413,3042
2024-07-17 09:00:00,1.09415,1.09446,1.09354,1.09434,2809
2024-07-17 10:00:00,1.09434,1.09444,1.09297,1.09305,1909
2024-07-17 11:00:00,1.09304,1.09414,1.09285,1.09345,2053
2024-07-17 12:00:00,1.09342,1.09435,1.09316,1.09418,2496
2024-07-17 13:00:00,1.09416,1.09477,1.09352,1.09384,3199
2024-07-17 14:00:00,1.09383,1.09383,1.09312,1.09324,3055
2024-07-17 15:00:00,1.09321,1.09357,1.09272,1.0931899999999999,2325
2024-07-17 16:00:00,1.0931899999999999,1.09333,1.09233,1.09292,1943
2024-07-17 17:00:00,1.0929,1.09358,1.09277,1.09306,1635
2024-07-17 18:00:00,1.09307,1.09392,1.09297,1.09367,1294
2024-07-17 19:00:00,1.09365,1.09393,1.09344,1.09355,1192
2024-07-17 20:00:00,1.09353,1.09396,1.09344,1.09389,562
2024-07-17 21:00:00,1.09385,1.09392,1.09357,1.09379,1744
2024-07-17 22:00:00,1.09379,1.09394,1.09376,1.09391,328
2024-07-17 23:00:00,1.09392,1.09405,1.0937999999999999,1.09396,629
2024-07-18 00:00:00,1.09396,1.09402,1.09362,1.09368,931
2024-07-18 01:00:00,1.09367,1.09387,1.09336,1.09338,1340
2024-07-18 02:00:00,1.09337,1.09355,1.0931899999999999,1.09345,956
2024-07-18 03:00:00,1.09345,1.0936,1.09318,1.09323,806
2024-07-18 04:00:00,1.09324,1.0936,1.09313,1.0933,705
2024-07-18 05:00:00,1.0933,1.09377,1.09321,1.09367,1008
2024-07-18 06:00:00,1.09364,1.09367,1.09273,1.09305,1774
2024-07-18 07:00:00,1.09305,1.09347,1.09257,1.09308,2453
2024-07-18 08:00:00,1.09308,1.09383,1.09284,1.09301,1938
2024-07-18 09:00:00,1.093,1.09315,1.09268,1.09302,1318
2024-07-18 10:00:00,1.09302,1.09358,1.09282,1.09324,1404
2024-07-18 11:00:00,1.09324,1.09327,1.09259,1.09271,1382
2024-07-18 12:00:00,1.09273,1.09363,1.09232,1.09283,3010
2024-07-18 13:00:00,1.09282,1.09288,1.0907,1.09109,3354
2024-07-18 14:00:00,1.09109,1.09162,1.09046,1.09142,2713
2024-07-18 15:00:00,1.09143,1.09177,1.09045,1.09118,2621
2024-07-18 16:00:00,1.09119,1.09157,1.09105,1.09155,1886
2024-07-18 17:00:00,1.09155,1.09158,1.09064,1.09066,1372
2024-07-18 18:00:00,1.09067,1.09071,1.08952,1.08987,1619
2024-07-18 19:00:00,1.08986,1.08996,1.0893,1.08968,1705
2024-07-18 20:00:00,1.08965,1.08983,1.0895,1.08952,554
2024-07-18 21:00:00,1.08952,1.08972,1.08925,1.08969,717
2024-07-18 22:00:00,1.08972,1.08998,1.08959,1.08972,496
2024-07-18 23:00:00,1.08972,1.0901399999999999,1.0896,1.08996,572
2024-07-19 00:00:00,1.08996,1.08997,1.08903,1.08916,1407
2024-07-19 01:00:00,1.08916,1.08942,1.0886,1.08873,1256
2024-07-19 02:00:00,1.08874,1.0892,1.08869,1.08913,1095
2024-07-19 03:00:00,1.08913,1.08917,1.08874,1.08879,718
2024-07-19 04:00:00,1.08879,1.08893,1.08855,1.08868,601
2024-07-19 05:00:00,1.08868,1.08901,1.08843,1.08888,992
2024-07-19 06:00:00,1.08885,1.08893,1.0883099999999999,1.0884800000000001,1848
2024-07-19 07:00:00,1.08845,1.089,1.08813,1.08876,2698
2024-07-19 08:00:00,1.08874,1.08874,1.08758,1.08785,2508
2024-07-19 09:00:00,1.08784,1.08842,1.08771,1.08802,1819
2024-07-19 10:00:00,1.08799,1.08859,1.0877,1.08836,1744
2024-07-19 11:00:00,1.08836,1.08927,1.08823,1.08927,1715
2024-07-19 12:00:00,1.08925,1.08936,1.08841,1.08886,2192
2024-07-19 13:00:00,1.08886,1.08894,1.0881,1.08812,2603
2024-07-19 14:00:00,1.08812,1.08896,1.0879,1.0889,2701
2024-07-19 15:00:00,1.08891,1.08896,1.08832,1.08875,1697
2024-07-19 16:00:00,1.08874,1.08908,1.08837,1.08846,1470
2024-07-19 17:00:00,1.08847,1.0884800000000001,1.08803,1.08836,1506
2024-07-19 18:00:00,1.08835,1.08841,1.08753,1.08782,1273
2024-07-19 19:00:00,1.08784,1.08817,1.08763,1.0879,1316
2024-07-19 20:00:00,1.0879,1.0883,1.08785,1.08827,925
2024-07-21 21:00:00,1.08807,1.08836,1.08807,1.08827,476
2024-07-21 22:00:00,1.08843,1.08995,1.0884,1.08992,1254
2024-07-21 23:00:00,1.08992,1.09022,1.08977,1.08983,1273
2024-07-22 00:00:00,1.08983,1.08992,1.0892,1.08935,1126
2024-07-22 01:00:00,1.08935,1.08946,1.08844,1.08863,1028
2024-07-22 02:00:00,1.08861,1.08947,1.08843,1.08921,1183
2024-07-22 03:00:00,1.08921,1.08935,1.089,1.08912,726
2024-07-22 04:00:00,1.08912,1.08924,1.08867,1.08869,709
2024-07-22 05:00:00,1.08868,1.08873,1.08821,1.08845,891
2024-07-22 06:00:00,1.08843,1.08898,1.08781,1.08807,2408
2024-07-22 07:00:00,1.08807,1.08875,1.08802,1.08868,2572
2024-07-22 08:00:00,1.08868,1.08919,1.08845,1.08874,1727
2024-07-22 09:00:00,1.08875,1.08949,1.08866,1.08916,1465
2024-07-22 10:00:00,1.08915,1.08923,1.0885,1.0889,1611
2024-07-22 11:00:00,1.0889,1.0891,1.08834,1.08851,1487
2024-07-22 12:00:00,1.08852,1.08883,1.08747,1.08776,2120
2024-07-22 13:00:00,1.08775,1.08857,1.08751,1.08802,2155
2024-07-22 14:00:00,1.08801,1.08851,1.0872600000000001,1.08839,2146
2024-07-22 15:00:00,1.08841,1.08857,1.08759,1.08795,1973
2024-07-22 16:00:00,1.08795,1.08863,1.08785,1.08859,1413
2024-07-22 17:00:00,1.08859,1.08912,1.08859,1.08897,1239
2024-07-22 18:00:00,1.08897,1.08901,1.08872,1.08889,903
2024-07-22 19:00:00,1.08891,1.0889199999999999,1.08853,1.08868,807
2024-07-22 20:00:00,1.08867,1.08906,1.08858,1.0889199999999999,596
2024-07-22 21:00:00,1.08893,1.08899,1.08859,1.08893,770
2024-07-22 22:00:00,1.08896,1.0892,1.08896,1.08904,357
2024-07-22 23:00:00,1.08906,1.0890900000000001,1.08882,1.08883,349
2024-07-23 00:00:00,1.08885,1.08922,1.08866,1.08893,1072
2024-07-23 01:00:00,1.08891,1.08934,1.08871,1.08884,1046
2024-07-23 02:00:00,1.08884,1.08931,1.08878,1.08914,795
2024-07-23 03:00:00,1.08915,1.0896,1.08914,1.08938,784
2024-07-23 04:00:00,1.08939,1.08943,1.08901,1.08903,707
2024-07-23 05:00:00,1.08904,1.0891,1.08878,1.08897,700
2024-07-23 06:00:00,1.08897,1.089,1.08788,1.08845,1403
2024-07-23 07:00:00,1.08846,1.08881,1.08732,1.08758,2122
2024-07-23 08:00:00,1.08759,1.08818,1.08677,1.08775,2117
2024-07-23 09:00:00,1.08775,1.0878,1.08656,1.08669,1673
2024-07-23 10:00:00,1.08668,1.08687,1.08561,1.08611,2160
2024-07-23 11:00:00,1.08608,1.0868,1.08556,1.08568,1699
2024-07-23 12:00:00,1.08566,1.08631,1.08545,1.08556,1990
2024-07-23 13:00:00,1.08556,1.08559,1.08455,1.08488,2084
2024-07-23 14:00:00,1.08491,1.08547,1.08434,1.08445,2181
2024-07-23 15:00:00,1.08444,1.08572,1.08444,1.08538,1739
2024-07-23 16:00:00,1.0854,1.08573,1.08514,1.08529,1452
2024-07-23 17:00:00,1.08529,1.0856,1.085,1.08529,1386
2024-07-23 18:00:00,1.08528,1.08552,1.08508,1.0852,954
2024-07-23 19:00:00,1.0852,1.08523,1.08486,1.08505,660
2024-07-23 20:00:00,1.08504,1.08558,1.0849,1.08517,620
2024-07-23 21:00:00,1.08513,1.08537,1.08497,1.08537,462
2024-07-23 22:00:00,1.08536,1.08536,1.08491,1.08505,465
2024-07-23 23:00:00,1.08506,1.08516,1.0848200000000001,1.08493,377
2024-07-24 00:00:00,1.08493,1.08499,1.08454,1.08462,856
2024-07-24 01:00:00,1.08465,1.08499,1.08454,1.0848,966
2024-07-24 02:00:00,1.0848,1.0848,1.08414,1.08425,805
2024-07-24 03:00:00,1.08425,1.08452,1.08424,1.08449,846
2024-07-24 04:00:00,1.08449,1.08473,1.08428,1.08462,1012
2024-07-24 05:00:00,1.08462,1.08527,1.0846,1.0852,1001
2024-07-24 06:00:00,1.08518,1.08518,1.08421,1.0843099999999999,1667
2024-07-24 07:00:00,1.08429,1.08533,1.08254,1.0829,2797
2024-07-24 08:00:00,1.08288,1.08369,1.08256,1.08347,2314
2024-07-24 09:00:00,1.08343,1.08406,1.08317,1.084,1668
2024-07-24 10:00:00,1.084,1.08458,1.08393,1.08422,1387
2024-07-24 11:00:00,1.08422,1.08484,1.08382,1.08457,1543
2024-07-24 12:00:00,1.08458,1.08587,1.0845,1.08574,2133
2024-07-24 13:00:00,1.08576,1.08624,1.08512,1.08537,3058
2024-07-24 14:00:00,1.08537,1.0866,1.08502,1.08535,3114
2024-07-24 15:00:00,1.08537,1.08574,1.0851,1.08522,1936
2024-07-24 16:00:00,1.08524,1.08524,1.08472,1.08505,1583
2024-07-24 17:00:00,1.08504,1.08544,1.08455,1.0846,1349
2024-07-24 18:00:00,1.0846,1.0846,1.08361,1.08372,1518
2024-07-24 19:00:00,1.0836999999999999,1.0842,1.08354,1.08385,1290
2024-07-24 20:00:00,1.08385,1.08398,1.08374,1.08379,613
2024-07-24 21:00:00,1.08376,1.08398,1.08365,1.08398,548
2024-07-24 22:00:00,1.084,1.08417,1.08375,1.08391,512
2024-07-24 23:00:00,1.08392,1.08397,1.08368,1.08376,483
2024-07-25 00:00:00,1.08375,1.08408,1.08344,1.08392,1352
2024-07-25 01:00:00,1.08392,1.08424,1.08368,1.08377,1252
2024-07-25 02:00:00,1.08376,1.08413,1.08357,1.0839,1170
2024-07-25 03:00:00,1.0839,1.08435,1.08383,1.08424,1046
2024-07-25 04:00:00,1.08424,1.0843099999999999,1.08374,1.08396,868
2024-07-25 05:00:00,1.08398,1.08449,1.08375,1.08448,1189
2024-07-25 06:00:00,1.08447,1.08447,1.08329,1.08342,1800
2024-07-25 07:00:00,1.08345,1.08525,1.08279,1.08486,3055
2024-07-25 08:00:00,1.08489,1.08573,1.0843,1.08456,3077
2024-07-25 09:00:00,1.08453,1.08554,1.08435,1.08508,2127
2024-07-25 10:00:00,1.08509,1.08585,1.08475,1.08508,1956
2024-07-25 11:00:00,1.0851,1.08532,1.08434,1.0845,1712
2024-07-25 12:00:00,1.08452,1.08545,1.08359,1.0849199999999999,4189
2024-07-25 13:00:00,1.08495,1.08505,1.08299,1.08388,3645
2024-07-25 14:00:00,1.0838700000000001,1.08565,1.08359,1.0854,3300
2024-07-25 15:00:00,1.08538,1.08642,1.08538,1.08592,2348
2024-07-25 16:00:00,1.08593,1.08629,1.08559,1.08613,1955
2024-07-25 17:00:00,1.08616,1.08695,1.08535,1.08541,1899
2024-07-25 18:00:00,1.08535,1.0854300000000001,1.08473,1.08475,1470
2024-07-25 19:00:00,1.08474,1.08532,1.08451,1.08457,1476
2024-07-25 20:00:00,1.08455,1.08461,1.08426,1.08428,706
2024-07-25 21:00:00,1.08427,1.08459,1.0841,1.0845,912
2024-07-25 22:00:00,1.0845,1.0848,1.08434,1.08468,497
2024-07-25 23:00:00,1.08468,1.0851,1.08464,1.08508,694
2024-07-26 00:00:00,1.08508,1.08548,1.08508,1.08535,1044
2024-07-26 01:00:00,1.08534,1.08588,1.08514,1.08574,982
2024-07-26 02:00:00,1.08574,1.08599,1.0854,1.08546,792
2024-07-26 03:00:00,1.08547,1.08582,1.08534,1.08577,619
2024-07-26 04:00:00,1.08581,1.08594,1.08563,1.0858,612
2024-07-26 05:00:00,1.0858,1.08601,1.0856,1.08567,789
2024-07-26 06:00:00,1.08565,1.08565,1.08501,1.0852,1433
2024-07-26 07:00:00,1.08518,1.08552,1.08446,1.0849,1955
2024-07-26 08:00:00,1.0849,1.08525,1.08417,1.08509,1874
2024-07-26 09:00:00,1.08508,1.0856,1.08494,1.08534,1495
2024-07-26 10:00:00,1.08534,1.08582,1.08502,1.08558,1413
2024-07-26 11:00:00,1.08556,1.08608,1.08518,1.08605,1382
2024-07-26 12:00:00,1.0860400000000001,1.08651,1.08483,1.086,2836
2024-07-26 13:00:00,1.08599,1.08666,1.08584,1.08644,2255
2024-07-26 14:00:00,1.08637,1.08676,1.08512,1.08552,2989
2024-07-26 15:00:00,1.08552,1.08596,1.08521,1.08571,1803
2024-07-26 16:00:00,1.08573,1.0866500000000001,1.08557,1.08647,1279
2024-07-26 17:00:00,1.08646,1.08648,1.08577,1.08601,1157
2024-07-26 18:00:00,1.08601,1.08629,1.08558,1.08565,1005
2024-07-26 19:00:00,1.08564,1.08588,1.0855,1.08574,1215
2024-07-26 20:00:00,1.08572,1.08577,1.08548,1.08551,724
2024-07-28 21:00:00,1.08563,1.0858,1.08546,1.08559,525
2024-07-28 22:00:00,1.08568,1.08596,1.08552,1.08558,734
2024-07-28 23:00:00,1.08559,1.08566,1.08524,1.08525,607
2024-07-29 00:00:00,1.08525,1.08661,1.08505,1.08631,1158
2024-07-29 01:00:00,1.08633,1.0867499999999999,1.08602,1.08652,1210
2024-07-29 02:00:00,1.08651,1.08694,1.08638,1.08638,961
2024-07-29 03:00:00,1.08638,1.08655,1.0861399999999999,1.0862,621
2024-07-29 04:00:00,1.0862,1.08636,1.08579,1.08587,728
2024-07-29 05:00:00,1.08587,1.08627,1.0857,1.08586,847
2024-07-29 06:00:00,1.08586,1.08617,1.08547,1.08575,1263
2024-07-29 07:00:00,1.08575,1.08592,1.08429,1.0844,2239
2024-07-29 08:00:00,1.08439,1.08439,1.08313,1.08319,1964
2024-07-29 09:00:00,1.08318,1.08407,1.08262,1.08369,1614
2024-07-29 10:00:00,1.08367,1.08414,1.08322,1.08355,1723
2024-07-29 11:00:00,1.08355,1.08355,1.08163,1.08175,1379
2024-07-29 12:00:00,1.08175,1.08211,1.0814300000000001,1.08157,1618
2024-07-29 13:00:00,1.08158,1.08171,1.08106,1.08114,1609
2024-07-29 14:00:00,1.08116,1.08156,1.08022,1.08147,2133
2024-07-29 15:00:00,1.08147,1.08233,1.08147,1.0818699999999999,1754
2024-07-29 16:00:00,1.08188,1.08231,1.08144,1.08208,1192
2024-07-29 17:00:00,1.08208,1.08253,1.08191,1.08244,1064
2024-07-29 18:00:00,1.08244,1.0824799999999999,1.0819,1.08211,731
2024-07-29 19:00:00,1.08212,1.08252,1.0821,1.08233,953
2024-07-29 20:00:00,1.08233,1.08233,1.08184,1.08185,521
2024-07-29 21:00:00,1.08189,1.08222,1.08169,1.08222,506
2024-07-29 22:00:00,1.08223,1.08231,1.0821,1.08216,388
2024-07-29 23:00:00,1.08216,1.08219,1.08179,1.08188,436
2024-07-30 00:00:00,1.08188,1.08197,1.0815,1.08167,931
2024-07-30 01:00:00,1.08167,1.08195,1.08138,1.08169,990
2024-07-30 02:00:00,1.08169,1.08182,1.08142,1.08176,711
2024-07-30 03:00:00,1.08176,1.08219,1.0817,1.08214,647
2024-07-30 04:00:00,1.08214,1.0824799999999999,1.08213,1.08235,687
2024-07-30 05:00:00,1.08232,1.08244,1.08186,1.08199,828
2024-07-30 06:00:00,1.08198,1.08243,1.08171,1.08222,1344
2024-07-30 07:00:00,1.08219,1.08263,1.08161,1.08185,1901
2024-07-30 08:00:00,1.0818,1.0834,1.08157,1.0828,2051
2024-07-30 09:00:00,1.08284,1.08347,1.08273,1.08312,1403
2024-07-30 10:00:00,1.08315,1.08353,1.0831,1.08331,1120
2024-07-30 11:00:00,1.08329,1.0833,1.08237,1.08241,1131
2024-07-30 12:00:00,1.08239,1.08257,1.0801,1.08017,2076
2024-07-30 13:00:00,1.08015,1.08147,1.08013,1.08104,2350
2024-07-30 14:00:00,1.08106,1.08106,1.07977,1.08047,3132
2024-07-30 15:00:00,1.08047,1.08105,1.07986,1.0808200000000001,2262
2024-07-30 16:00:00,1.0808200000000001,1.0816,1.08063,1.08131,1661
2024-07-30 17:00:00,1.08133,1.0817,1.08092,1.08136,1702
2024-07-30 18:00:00,1.08139,1.0816,1.08097,1.08108,1091
2024-07-30 19:00:00,1.08108,1.08132,1.08089,1.08104,909
2024-07-30 20:00:00,1.08106,1.08149,1.08081,1.08124,653
2024-07-30 21:00:00,1.08127,1.08138,1.08113,1.08133,571
2024-07-30 22:00:00,1.08133,1.08159,1.08119,1.0814300000000001,632
2024-07-30 23:00:00,1.08145,1.08173,1.08136,1.08153,589
2024-07-31 00:00:00,1.08153,1.08195,1.08122,1.08192,1073
2024-07-31 01:00:00,1.08194,1.08238,1.08162,1.08215,1665
2024-07-31 02:00:00,1.08215,1.08277,1.08197,1.0826,1116
2024-07-31 03:00:00,1.08258,1.08296,1.08215,1.08219,1239
2024-07-31 04:00:00,1.08218,1.08257,1.0821,1.08252,1267
2024-07-31 05:00:00,1.08253,1.0826500000000001,1.08197,1.08241,1110
2024-07-31 06:00:00,1.08243,1.0825,1.08156,1.08246,2388
2024-07-31 07:00:00,1.08245,1.08245,1.08112,1.08178,2806
2024-07-31 08:00:00,1.08176,1.08271,1.0806,1.08227,2542
2024-07-31 09:00:00,1.08226,1.08273,1.08215,1.08252,1785
2024-07-31 10:00:00,1.0825,1.08348,1.08245,1.08324,1528
2024-07-31 11:00:00,1.08325,1.08396,1.08266,1.08277,1456
2024-07-31 12:00:00,1.08278,1.08476,1.0824799999999999,1.08403,3110
2024-07-31 13:00:00,1.08406,1.08488,1.0838,1.08424,2466
2024-07-31 14:00:00,1.08424,1.08462,1.08169,1.0821,3443
2024-07-31 15:00:00,1.08209,1.08273,1.0818699999999999,1.08229,2592
2024-07-31 16:00:00,1.08226,1.08228,1.08039,1.0809,1872
2024-07-31 17:00:00,1.0809,1.0816,1.08054,1.08155,1648
2024-07-31 18:00:00,1.08159,1.08287,1.08015,1.08258,4817
2024-07-31 19:00:00,1.08256,1.08323,1.08189,1.08226,3063
2024-07-31 20:00:00,1.08223,1.08275,1.08165,1.08246,1235
2024-07-31 21:00:00,1.08247,1.08266,1.08218,1.0826500000000001,997
2024-07-31 22:00:00,1.08267,1.08304,1.08237,1.0824,521
2024-07-31 23:00:00,1.0824,1.08252,1.08214,1.08235,568
2024-08-01 00:00:00,1.08235,1.08295,1.08227,1.08273,1375
2024-08-01 01:00:00,1.08273,1.08332,1.08266,1.08275,1500
2024-08-01 02:00:00,1.08273,1.08304,1.08236,1.08259,1411
2024-08-01 03:00:00,1.08258,1.08341,1.0825,1.08323,861
2024-08-01 04:00:00,1.08323,1.08348,1.08258,1.08264,916
2024-08-01 05:00:00,1.08266,1.08294,1.0825,1.0827,1036
2024-08-01 06:00:00,1.08268,1.08274,1.08107,1.08155,2098
2024-08-01 07:00:00,1.08158,1.08194,1.07988,1.08009,2315
2024-08-01 08:00:00,1.08008,1.08019,1.07809,1.07839,2835
2024-08-01 09:00:00,1.07837,1.07857,1.07768,1.07774,1986
2024-08-01 10:00:00,1.07773,1.0789,1.07773,1.0784,1460
2024-08-01 11:00:00,1.0784,1.07952,1.07803,1.07913,2237
2024-08-01 12:00:00,1.07913,1.08078,1.07866,1.0796000000000001,3614
2024-08-01 13:00:00,1.07961,1.08055,1.07868,1.08027,2918
2024-08-01 14:00:00,1.08035,1.08176,1.07869,1.0792,4375
2024-08-01 15:00:00,1.07919,1.07941,1.07832,1.07881,2793
2024-08-01 16:00:00,1.07883,1.07963,1.07798,1.07858,2397
2024-08-01 17:00:00,1.07858,1.07915,1.07843,1.0790899999999999,1831
2024-08-01 18:00:00,1.0791,1.07914,1.07824,1.07834,1713
2024-08-01 19:00:00,1.07835,1.07949,1.07819,1.07893,1796
2024-08-01 20:00:00,1.07891,1.0790899999999999,1.0786,1.07901,1068
2024-08-01 21:00:00,1.079,1.07913,1.07869,1.07911,1230
2024-08-01 22:00:00,1.0791,1.07926,1.07872,1.07882,885
2024-08-01 23:00:00,1.07885,1.07916,1.07857,1.07861,722
2024-08-02 00:00:00,1.0786,1.0792,1.07815,1.07906,1426
2024-08-02 01:00:00,1.07905,1.07934,1.07873,1.07902,1259
2024-08-02 02:00:00,1.07904,1.07911,1.0784,1.07897,1343
2024-08-02 03:00:00,1.0789900000000001,1.07946,1.07895,1.07925,852
2024-08-02 04:00:00,1.07927,1.07981,1.07918,1.07969,901
2024-08-02 05:00:00,1.07969,1.08036,1.07949,1.08035,1129
2024-08-02 06:00:00,1.08036,1.0808200000000001,1.07925,1.0796000000000001,2526
2024-08-02 07:00:00,1.07957,1.08036,1.07858,1.08034,3505
2024-08-02 08:00:00,1.08036,1.08147,1.08026,1.0814,2584
2024-08-02 09:00:00,1.08139,1.08242,1.08139,1.08198,2274
2024-08-02 10:00:00,1.08197,1.0824,1.08151,1.08224,2169
2024-08-02 11:00:00,1.08225,1.08368,1.08225,1.08308,2177
2024-08-02 12:00:00,1.0831,1.08964,1.08288,1.0891,6327
2024-08-02 13:00:00,1.08907,1.09059,1.08837,1.09049,5149
2024-08-02 14:00:00,1.09048,1.09261,1.08996,1.09218,5309
2024-08-02 15:00:00,1.09219,1.09241,1.09117,1.0913,3973
2024-08-02 16:00:00,1.09129,1.09145,1.0903,1.09115,3206
2024-08-02 17:00:00,1.09114,1.0915,1.09067,1.09107,2129
2024-08-02 18:00:00,1.09105,1.09162,1.09097,1.09126,1725
2024-08-02 19:00:00,1.09123,1.09163,1.0909200000000001,1.09121,1869
2024-08-02 20:00:00,1.09124,1.09144,1.09078,1.09103,1039
2024-08-04 21:00:00,1.09165,1.09192,1.0914,1.09186,741
2024-08-04 22:00:00,1.0919,1.09207,1.09012,1.09061,1450
2024-08-04 23:00:00,1.09059,1.09109,1.09039,1.09099,1824
2024-08-05 00:00:00,1.091,1.09221,1.09063,1.09162,3032
2024-08-05 01:00:00,1.09162,1.09211,1.09116,1.09185,3071
2024-08-05 02:00:00,1.09185,1.09234,1.09124,1.09211,2109
2024-08-05 03:00:00,1.09212,1.09308,1.09203,1.09301,1839
2024-08-05 04:00:00,1.093,1.09391,1.09271,1.0931899999999999,2778
2024-08-05 05:00:00,1.0932,1.0937999999999999,1.09118,1.0912,3734
2024-08-05 06:00:00,1.09122,1.09175,1.08922,1.09048,9854
2024-08-05 07:00:00,1.09047,1.09664,1.0903100000000001,1.09486,8504
2024-08-05 08:00:00,1.09484,1.09743,1.09458,1.09507,5373
2024-08-05 09:00:00,1.0951,1.09605,1.09446,1.09509,4814
2024-08-05 10:00:00,1.09507,1.09512,1.09326,1.09478,4158
2024-08-05 11:00:00,1.0948,1.09646,1.0943,1.09622,3994
2024-08-05 12:00:00,1.0962,1.10083,1.0961,1.09907,6578
2024-08-05 13:00:00,1.09904,1.10029,1.09751,1.09792,8939
2024-08-05 14:00:00,1.09788,1.09793,1.09563,1.09788,8746
2024-08-05 15:00:00,1.09788,1.0985800000000001,1.09556,1.0956,5516
2024-08-05 16:00:00,1.09557,1.09606,1.09473,1.09593,4578
2024-08-05 17:00:00,1.09591,1.09638,1.0947,1.09528,3195
2024-08-05 18:00:00,1.09528,1.09571,1.09487,1.09507,2349
2024-08-05 19:00:00,1.09506,1.09584,1.0949200000000001,1.09584,1905
2024-08-05 20:00:00,1.09583,1.09598,1.09481,1.09512,1133
2024-08-05 21:00:00,1.09507,1.09526,1.09482,1.09526,574
2024-08-05 22:00:00,1.09527,1.09615,1.09521,1.09545,1248
2024-08-05 23:00:00,1.09548,1.09576,1.09495,1.09501,1834
2024-08-06 00:00:00,1.09501,1.09625,1.09433,1.09621,3015
2024-08-06 01:00:00,1.09622,1.09625,1.09498,1.09545,2578
2024-08-06 02:00:00,1.0954,1.09572,1.09514,1.09516,1949
2024-08-06 03:00:00,1.09516,1.09555,1.0951,1.09534,1315
2024-08-06 04:00:00,1.09534,1.09555,1.0949,1.09514,1575
2024-08-06 05:00:00,1.09514,1.09544,1.09445,1.09461,2344
2024-08-06 06:00:00,1.09459,1.09482,1.09341,1.09388,3992
2024-08-06 07:00:00,1.09386,1.09406,1.09216,1.09263,4583
2024-08-06 08:00:00,1.09264,1.09344,1.09182,1.09275,3611
2024-08-06 09:00:00,1.09271,1.09271,1.09072,1.09114,3490
2024-08-06 10:00:00,1.09112,1.09141,1.09038,1.09081,2684
2024-08-06 11:00:00,1.09083,1.09169,1.09034,1.09161,2803
2024-08-06 12:00:00,1.09162,1.09176,1.09043,1.09049,3065
2024-08-06 13:00:00,1.09052,1.09242,1.09052,1.0918,3693
2024-08-06 14:00:00,1.0918,1.09343,1.09147,1.0933,3923
2024-08-06 15:00:00,1.09332,1.09336,1.09218,1.09246,3214
2024-08-06 16:00:00,1.09247,1.09317,1.09203,1.09273,2371
2024-08-06 17:00:00,1.09271,1.09304,1.09221,1.09254,1979
2024-08-06 18:00:00,1.09256,1.09332,1.09245,1.09282,1585
2024-08-06 19:00:00,1.09283,1.09299,1.09223,1.09292,2191
2024-08-06 20:00:00,1.09292,1.09313,1.09272,1.09296,1025
2024-08-06 21:00:00,1.09296,1.09307,1.09243,1.09284,846
2024-08-06 22:00:00,1.09284,1.09316,1.09271,1.0929,1090
2024-08-06 23:00:00,1.09291,1.09298,1.09234,1.09255,943
2024-08-07 00:00:00,1.09255,1.09298,1.09228,1.09292,1631
2024-08-07 01:00:00,1.09292,1.093,1.09105,1.09177,2128
2024-08-07 02:00:00,1.09178,1.09189,1.09119,1.09159,2097
2024-08-07 03:00:00,1.09158,1.09171,1.09114,1.09156,1406
2024-08-07 04:00:00,1.09158,1.09166,1.09109,1.09111,1287
2024-08-07 05:00:00,1.0911,1.09127,1.09064,1.09101,1746
2024-08-07 06:00:00,1.09097,1.09149,1.0905,1.09145,2416
2024-08-07 07:00:00,1.09149,1.09274,1.09125,1.09218,3316
2024-08-07 08:00:00,1.09216,1.09275,1.0918,1.09181,2696
2024-08-07 09:00:00,1.09182,1.09191,1.09081,1.09131,2491
2024-08-07 10:00:00,1.09134,1.09227,1.0909200000000001,1.09177,2289
2024-08-07 11:00:00,1.09177,1.0926,1.09173,1.09228,2005
2024-08-07 12:00:00,1.0923,1.09251,1.09131,1.09212,2259
2024-08-07 13:00:00,1.09212,1.09259,1.09121,1.09183,2433
2024-08-07 14:00:00,1.09181,1.09337,1.09181,1.09311,2646
2024-08-07 15:00:00,1.09311,1.09362,1.09235,1.09243,2286
2024-08-07 16:00:00,1.09243,1.09267,1.09208,1.09219,1791
2024-08-07 17:00:00,1.09218,1.09265,1.0917,1.09217,2275
2024-08-07 18:00:00,1.09215,1.09234,1.09172,1.09216,2067
2024-08-07 19:00:00,1.09215,1.0926,1.09207,1.09227,1768
2024-08-07 20:00:00,1.09227,1.0923,1.0919699999999999,1.09216,888
2024-08-07 21:00:00,1.09216,1.09229,1.09173,1.09229,693
2024-08-07 22:00:00,1.09229,1.09264,1.0922,1.09264,832
2024-08-07 23:00:00,1.09266,1.09334,1.0926,1.09271,1321
2024-08-08 00:00:00,1.09274,1.09321,1.09254,1.09275,1891
2024-08-08 01:00:00,1.09276,1.09302,1.09231,1.09272,1659
2024-08-08 02:00:00,1.09272,1.09346,1.09262,1.09332,1437
2024-08-08 03:00:00,1.09334,1.0935,1.09294,1.09346,1126
2024-08-08 04:00:00,1.09346,1.09373,1.09304,1.09313,1412
2024-08-08 05:00:00,1.09314,1.09354,1.09293,1.09351,1343
2024-08-08 06:00:00,1.09351,1.0944099999999999,1.09333,1.09421,2329
2024-08-08 07:00:00,1.09422,1.09446,1.09333,1.09392,2905
2024-08-08 08:00:00,1.09394,1.09438,1.09349,1.09367,1928
2024-08-08 09:00:00,1.09367,1.09392,1.0925799999999999,1.09266,1816
2024-08-08 10:00:00,1.09266,1.09284,1.09203,1.09246,1743
2024-08-08 11:00:00,1.09247,1.09328,1.09227,1.09298,1947
2024-08-08 12:00:00,1.09301,1.0932,1.08912,1.08971,4164
2024-08-08 13:00:00,1.08974,1.09057,1.08811,1.08923,3656
2024-08-08 14:00:00,1.08924,1.09072,1.08907,1.09055,3389
2024-08-08 15:00:00,1.09057,1.09141,1.0905,1.09124,2684
2024-08-08 16:00:00,1.09124,1.09139,1.09045,1.09081,1951
2024-08-08 17:00:00,1.09084,1.09158,1.09067,1.09123,1888
2024-08-08 18:00:00,1.09124,1.09184,1.09106,1.09176,1357
2024-08-08 19:00:00,1.09175,1.09175,1.09128,1.09152,1706
2024-08-08 20:00:00,1.0915300000000001,1.09185,1.0915300000000001,1.09173,650
2024-08-08 21:00:00,1.09175,1.09178,1.09115,1.09166,642
2024-08-08 22:00:00,1.09166,1.09185,1.09156,1.09178,631
2024-08-08 23:00:00,1.09179,1.09189,1.09138,1.09142,714
2024-08-09 00:00:00,1.09143,1.09156,1.09111,1.09125,1324
2024-08-09 01:00:00,1.09125,1.09184,1.09115,1.09174,1208
2024-08-09 02:00:00,1.09174,1.09239,1.0915300000000001,1.09208,1291
2024-08-09 03:00:00,1.09206,1.09236,1.09198,1.09222,872
2024-08-09 04:00:00,1.09222,1.09238,1.09192,1.0919699999999999,925
2024-08-09 05:00:00,1.0919699999999999,1.09211,1.09178,1.09189,1164
2024-08-09 06:00:00,1.09187,1.09275,1.09172,1.09268,1621
2024-08-09 07:00:00,1.09268,1.09286,1.09199,1.09217,2021
2024-08-09 08:00:00,1.09216,1.09221,1.09127,1.0917,1957
2024-08-09 09:00:00,1.0917,1.09252,1.09167,1.09193,1525
2024-08-09 10:00:00,1.09193,1.09226,1.09163,1.0917,1468
2024-08-09 11:00:00,1.0917,1.09202,1.0911,1.09156,1675
2024-08-09 12:00:00,1.09157,1.09191,1.09085,1.09112,1872
2024-08-09 13:00:00,1.0911,1.09237,1.09094,1.09219,1970
2024-08-09 14:00:00,1.09217,1.09307,1.09208,1.09226,2170
2024-08-09 15:00:00,1.09225,1.09271,1.09209,1.09238,1829
2024-08-09 16:00:00,1.09236,1.09243,1.09174,1.09183,1406
2024-08-09 17:00:00,1.09185,1.09232,1.09148,1.09204,1257
2024-08-09 18:00:00,1.09204,1.09213,1.09167,1.0919,1062
2024-08-09 19:00:00,1.09189,1.09206,1.09165,1.09183,845
2024-08-09 20:00:00,1.09185,1.0919,1.09145,1.0915,680
2024-08-11 21:00:00,1.09133,1.0917,1.09132,1.09164,294
2024-08-11 22:00:00,1.09183,1.09186,1.09095,1.09125,849
2024-08-11 23:00:00,1.09125,1.09146,1.0912,1.09122,674
2024-08-12 00:00:00,1.09122,1.09193,1.09114,1.0918,867
2024-08-12 01:00:00,1.09179,1.09223,1.09174,1.09202,872
2024-08-12 02:00:00,1.09202,1.09216,1.09173,1.09176,723
2024-08-12 03:00:00,1.09176,1.09184,1.09122,1.0913599999999999,599
2024-08-12 04:00:00,1.09137,1.0921,1.09132,1.09184,663
2024-08-12 05:00:00,1.09185,1.09207,1.09172,1.09185,663
2024-08-12 06:00:00,1.09183,1.09229,1.09152,1.09207,1440
2024-08-12 07:00:00,1.09205,1.09281,1.09191,1.09219,1876
2024-08-12 08:00:00,1.09222,1.09247,1.09156,1.09201,1701
2024-08-12 09:00:00,1.09202,1.09273,1.09173,1.09262,1334
2024-08-12 10:00:00,1.09264,1.09294,1.09214,1.0925799999999999,1452
2024-08-12 11:00:00,1.0925799999999999,1.09288,1.09194,1.09253,1309
2024-08-12 12:00:00,1.09253,1.09282,1.09172,1.09193,1516
2024-08-12 13:00:00,1.09193,1.0933,1.09193,1.09247,2217
2024-08-12 14:00:00,1.0924800000000001,1.09327,1.09147,1.09306,2308
2024-08-12 15:00:00,1.09305,1.09389,1.09271,1.09275,2394
2024-08-12 16:00:00,1.09272,1.09291,1.09216,1.09225,1381
2024-08-12 17:00:00,1.09221,1.0933,1.09218,1.09324,1200
2024-08-12 18:00:00,1.09324,1.09343,1.09279,1.09301,923
2024-08-12 19:00:00,1.093,1.09328,1.09292,1.09312,882
2024-08-12 20:00:00,1.09312,1.09316,1.09269,1.09311,646
2024-08-12 21:00:00,1.09313,1.09315,1.0927,1.09315,609
2024-08-12 22:00:00,1.09315,1.09324,1.09305,1.09318,436
2024-08-12 23:00:00,1.09318,1.09359,1.09307,1.09356,514
2024-08-13 00:00:00,1.09356,1.09356,1.0929,1.09298,968
2024-08-13 01:00:00,1.09297,1.09347,1.09287,1.09344,848
2024-08-13 02:00:00,1.09344,1.0937000000000001,1.09337,1.09346,581
2024-08-13 03:00:00,1.09347,1.09378,1.09345,1.09365,555
2024-08-13 04:00:00,1.09364,1.09389,1.09351,1.09386,625
2024-08-13 05:00:00,1.09386,1.09408,1.09369,1.09391,719
2024-08-13 06:00:00,1.09393,1.09405,1.09321,1.09331,1687
2024-08-13 07:00:00,1.09329,1.09344,1.0926,1.09297,1733
2024-08-13 08:00:00,1.09296,1.09296,1.09201,1.09227,1521
2024-08-13 09:00:00,1.09228,1.09265,1.09133,1.09194,1801
2024-08-13 10:00:00,1.09193,1.09246,1.09174,1.09228,1437
2024-08-13 11:00:00,1.09226,1.09316,1.09219,1.09298,1305
2024-08-13 12:00:00,1.09297,1.09461,1.09251,1.09405,3032
2024-08-13 13:00:00,1.09403,1.09619,1.09375,1.09581,3245
2024-08-13 14:00:00,1.09581,1.09613,1.09497,1.09556,2608
2024-08-13 15:00:00,1.09558,1.0958,1.09477,1.09528,2123
2024-08-13 16:00:00,1.09532,1.09735,1.09522,1.09717,1736
2024-08-13 17:00:00,1.09717,1.09779,1.09691,1.0976,1688
2024-08-13 18:00:00,1.09762,1.09989,1.09761,1.09988,1209
2024-08-13 19:00:00,1.09983,1.09991,1.09935,1.09952,800
2024-08-13 20:00:00,1.09955,1.09983,1.09913,1.09915,396
2024-08-13 21:00:00,1.09911,1.09924,1.09872,1.0991900000000001,763
2024-08-13 22:00:00,1.09917,1.09969,1.09915,1.09958,204
2024-08-13 23:00:00,1.09962,1.09978,1.09936,1.09955,227
2024-08-14 00:00:00,1.09951,1.0997,1.09912,1.09916,518
2024-08-14 01:00:00,1.09916,1.09961,1.099,1.09913,466
2024-08-14 02:00:00,1.09909,1.09936,1.09896,1.0991,651
2024-08-14 03:00:00,1.0991,1.09912,1.09881,1.09894,352
2024-08-14 04:00:00,1.09895,1.09929,1.0989,1.0992,205
2024-08-14 05:00:00,1.09923,1.09943,1.09891,1.09905,289
2024-08-14 06:00:00,1.09907,1.1001400000000001,1.0986,1.09992,1349
2024-08-14 07:00:00,1.0999,1.1007500000000001,1.09957,1.10051,1168
2024-08-14 08:00:00,1.10049,1.10195,1.1002,1.10188,1149
2024-08-14 09:00:00,1.10186,1.1028,1.1014599999999999,1.1025,846
2024-08-14 10:00:00,1.10247,1.10247,1.10176,1.10215,886
2024-08-14 11:00:00,1.10215,1.10248,1.10195,1.1022,679
2024-08-14 12:00:00,1.1022,1.10353,1.10036,1.10167,4242
2024-08-14 13:00:00,1.10164,1.10419,1.10157,1.10369,3148
2024-08-14 14:00:00,1.10371,1.1047,1.1026799999999999,1.10354,1975
2024-08-14 15:00:00,1.10357,1.10358,1.10208,1.10229,1065
2024-08-14 16:00:00,1.10226,1.10238,1.10149,1.1018,836
2024-08-14 17:00:00,1.10177,1.10181,1.10126,1.1013600000000001,607
2024-08-14 18:00:00,1.10135,1.10166,1.10104,1.10157,483
2024-08-14 19:00:00,1.10155,1.1016,1.10111,1.10126,453
2024-08-14 20:00:00,1.10125,1.10143,1.10105,1.1011,343
2024-08-14 21:00:00,1.10112,1.10123,1.10094,1.1012,597
2024-08-14 22:00:00,1.10121,1.10153,1.10112,1.10129,161
2024-08-14 23:00:00,1.10131,1.1013600000000001,1.10094,1.10113,191
2024-08-15 00:00:00,1.10115,1.1014,1.10089,1.10095,318
2024-08-15 01:00:00,1.10093,1.10097,1.10029,1.10069,580
2024-08-15 02:00:00,1.10066,1.10109,1.10052,1.10081,371
2024-08-15 03:00:00,1.1008,1.10101,1.1007,1.10076,228
2024-08-15 04:00:00,1.10077,1.10116,1.10077,1.10111,156
2024-08-15 05:00:00,1.1011,1.10126,1.10083,1.10094,231
2024-08-15 06:00:00,1.10095,1.10149,1.10073,1.10138,675
2024-08-15 07:00:00,1.1014,1.10151,1.10068,1.10127,811
2024-08-15 08:00:00,1.10125,1.1013,1.10045,1.10057,757
2024-08-15 09:00:00,1.10052,1.10125,1.10028,1.10112,509
2024-08-15 10:00:00,1.10115,1.10137,1.10076,1.10093,339
2024-08-15 11:00:00,1.10095,1.10131,1.10093,1.10128,440
2024-08-15 12:00:00,1.10124,1.10137,1.09513,1.0956,3915
2024-08-15 13:00:00,1.09562,1.09693,1.0949200000000001,1.09681,3277
2024-08-15 14:00:00,1.09683,1.09856,1.09645,1.09825,2125
2024-08-15 15:00:00,1.09824,1.09889,1.0981,1.0985,1354
2024-08-15 16:00:00,1.09852,1.09887,1.09769,1.09773,887
2024-08-15 17:00:00,1.09772,1.09794,1.09712,1.09739,538
2024-08-15 18:00:00,1.09742,1.0979,1.09733,1.0977999999999999,662
2024-08-15 19:00:00,1.09778,1.09793,1.09722,1.09738,595
2024-08-15 20:00:00,1.0973600000000001,1.0973600000000001,1.09697,1.09699,314
2024-08-15 21:00:00,1.09694,1.09717,1.09672,1.09717,764
2024-08-15 22:00:00,1.09715,1.09741,1.09708,1.09708,184
2024-08-15 23:00:00,1.09712,1.09746,1.09708,1.09721,254
2024-08-16 00:00:00,1.09718,1.09766,1.09714,1.09752,601
2024-08-16 01:00:00,1.09754,1.09806,1.0974,1.09803,538
2024-08-16 02:00:00,1.09802,1.0982,1.09776,1.09809,351
2024-08-16 03:00:00,1.0981,1.09812,1.09763,1.09766,279
2024-08-16 04:00:00,1.09768,1.09818,1.09757,1.09814,261
2024-08-16 05:00:00,1.09815,1.09855,1.09806,1.0985,382
2024-08-16 06:00:00,1.09848,1.09865,1.09803,1.09809,797
2024-08-16 07:00:00,1.09811,1.09855,1.09765,1.09844,986
2024-08-16 08:00:00,1.09847,1.09895,1.09795,1.09805,923
2024-08-16 09:00:00,1.09802,1.09894,1.09783,1.09892,783
2024-08-16 10:00:00,1.09891,1.09945,1.09846,1.09933,718
2024-08-16 11:00:00,1.09934,1.09944,1.09885,1.09917,831
2024-08-16 12:00:00,1.0991900000000001,1.09945,1.09848,1.09933,1259
2024-08-16 13:00:00,1.09938,1.10039,1.09911,1.10017,1548
2024-08-16 14:00:00,1.1001400000000001,1.1001400000000001,1.09823,1.09901,1858
2024-08-16 15:00:00,1.09897,1.09969,1.09897,1.09955,958
2024-08-16 16:00:00,1.09954,1.10038,1.09949,1.10031,753
2024-08-16 17:00:00,1.10033,1.10122,1.10032,1.10122,750
2024-08-16 18:00:00,1.10118,1.10209,1.10087,1.102,685
2024-08-16 19:00:00,1.10198,1.10242,1.10175,1.10238,548
2024-08-16 20:00:00,1.10239,1.10291,1.10217,1.10272,538
2024-08-18 21:00:00,1.10239,1.1025800000000001,1.10221,1.10249,198
2024-08-18 22:00:00,1.10261,1.10336,1.1024,1.10243,606
2024-08-18 23:00:00,1.10246,1.10257,1.10225,1.10242,314
2024-08-19 00:00:00,1.1024,1.10356,1.10228,1.10301,825
2024-08-19 01:00:00,1.10299,1.10328,1.10271,1.10305,595
2024-08-19 02:00:00,1.10304,1.10315,1.10282,1.10304,251
2024-08-19 03:00:00,1.10301,1.10399,1.10296,1.10384,649
2024-08-19 04:00:00,1.10382,1.10414,1.10359,1.10391,410
2024-08-19 05:00:00,1.10392,1.10486,1.10391,1.1047,738
2024-08-19 06:00:00,1.10469,1.10498,1.10403,1.10415,1187
2024-08-19 07:00:00,1.10412,1.10465,1.10396,1.10422,1049
2024-08-19 08:00:00,1.1042399999999999,1.1050200000000001,1.10351,1.10365,1151
2024-08-19 09:00:00,1.10364,1.10407,1.1034,1.10346,932
2024-08-19 10:00:00,1.10345,1.10379,1.10305,1.1036299999999999,905
2024-08-19 11:00:00,1.1036,1.10432,1.10323,1.10416,865
2024-08-19 12:00:00,1.10418,1.10438,1.10341,1.10384,991
2024-08-19 13:00:00,1.10381,1.10442,1.10298,1.10439,1408
2024-08-19 14:00:00,1.10437,1.10734,1.10422,1.10652,2782
2024-08-19 15:00:00,1.10649,1.10716,1.10595,1.10687,1755
2024-08-19 16:00:00,1.10689,1.10736,1.10667,1.10732,867
2024-08-19 17:00:00,1.1072899999999999,1.10764,1.10697,1.10764,533
2024-08-19 18:00:00,1.10761,1.10844,1.10757,1.10812,910
2024-08-19 19:00:00,1.1081,1.1086,1.10786,1.10831,593
2024-08-19 20:00:00,1.10829,1.10857,1.10811,1.10834,373
2024-08-19 21:00:00,1.10839,1.10843,1.10797,1.1082,630
2024-08-19 22:00:00,1.10835,1.10871,1.10832,1.10847,163
2024-08-19 23:00:00,1.1085,1.10862,1.10827,1.10848,313
2024-08-20 00:00:00,1.1085099999999999,1.10866,1.10797,1.10813,678
2024-08-20 01:00:00,1.10814,1.10868,1.1081,1.10847,698
2024-08-20 02:00:00,1.10846,1.10864,1.10747,1.10758,576
2024-08-20 03:00:00,1.10761,1.10787,1.10745,1.1075,462
2024-08-20 04:00:00,1.10753,1.10788,1.10743,1.10764,344
2024-08-20 05:00:00,1.10763,1.10774,1.10724,1.10761,511
2024-08-20 06:00:00,1.10764,1.10819,1.1074,1.10809,968
2024-08-20 07:00:00,1.10807,1.10866,1.10714,1.10861,1387
2024-08-20 08:00:00,1.10863,1.10884,1.10775,1.10792,1358
2024-08-20 09:00:00,1.10795,1.10816,1.10744,1.10753,1160
2024-08-20 10:00:00,1.1075,1.10823,1.10745,1.10815,851
2024-08-20 11:00:00,1.10818,1.10861,1.10762,1.10802,1036
2024-08-20 12:00:00,1.10804,1.10983,1.10799,1.10976,1461
2024-08-20 13:00:00,1.10978,1.11046,1.1092,1.11017,2408
2024-08-20 14:00:00,1.11016,1.11166,1.10931,1.11111,2984
2024-08-20 15:00:00,1.11109,1.11118,1.10993,1.11044,1885
2024-08-20 16:00:00,1.11045,1.11185,1.1103399999999999,1.11143,1353
2024-08-20 17:00:00,1.11142,1.11162,1.1108500000000001,1.11154,876
2024-08-20 18:00:00,1.11156,1.11223,1.1115,1.11203,646
2024-08-20 19:00:00,1.112,1.1127,1.11187,1.11241,682
2024-08-20 20:00:00,1.11244,1.11298,1.11232,1.11291,472
2024-08-20 21:00:00,1.11289,1.1129,1.11243,1.11286,1070
2024-08-20 22:00:00,1.11287,1.1129,1.11258,1.11279,261
2024-08-20 23:00:00,1.11278,1.1131199999999999,1.11262,1.11269,320
2024-08-21 00:00:00,1.1127,1.11322,1.11248,1.11272,736
2024-08-21 01:00:00,1.1127,1.11277,1.11186,1.1121,772
2024-08-21 02:00:00,1.11211,1.11249,1.11197,1.11212,464
2024-08-21 03:00:00,1.11213,1.11219,1.11168,1.1120700000000001,449
2024-08-21 04:00:00,1.11204,1.1121,1.11162,1.11188,341
2024-08-21 05:00:00,1.11186,1.1120700000000001,1.11158,1.11176,493
2024-08-21 06:00:00,1.11178,1.11193,1.11128,1.11173,1022
2024-08-21 07:00:00,1.11174,1.11283,1.11101,1.11135,1565
2024-08-21 08:00:00,1.11137,1.11218,1.11105,1.11178,1016
2024-08-21 09:00:00,1.11176,1.11248,1.11128,1.11167,963
2024-08-21 10:00:00,1.11165,1.11255,1.11151,1.11243,762
2024-08-21 11:00:00,1.11242,1.11242,1.11094,1.11141,959
2024-08-21 12:00:00,1.11144,1.11297,1.11127,1.11242,1562
2024-08-21 13:00:00,1.11246,1.11276,1.11109,1.11143,1989
2024-08-21 14:00:00,1.11141,1.11295,1.10987,1.11242,8196
2024-08-21 15:00:00,1.11241,1.11473,1.11239,1.11419,2862
2024-08-21 16:00:00,1.11415,1.11478,1.11411,1.11459,1368
2024-08-21 17:00:00,1.11461,1.1158,1.11448,1.11551,1036
2024-08-21 18:00:00,1.11547,1.11738,1.11544,1.11612,1954
2024-08-21 19:00:00,1.1161,1.1161,1.1151,1.11513,698
2024-08-21 20:00:00,1.11515,1.11521,1.11467,1.11502,438
2024-08-21 21:00:00,1.115,1.115,1.11437,1.11483,885
2024-08-21 22:00:00,1.11481,1.11557,1.11479,1.1155599999999999,298
2024-08-21 23:00:00,1.11558,1.11577,1.11524,1.11545,301
2024-08-22 00:00:00,1.11546,1.11566,1.11448,1.11474,801
2024-08-22 01:00:00,1.11472,1.11487,1.11422,1.11426,531
2024-08-22 02:00:00,1.11427,1.11442,1.114,1.11428,418
2024-08-22 03:00:00,1.11427,1.1145100000000001,1.11424,1.1144,317
2024-08-22 04:00:00,1.11443,1.11454,1.11404,1.11428,331
2024-08-22 05:00:00,1.11426,1.11442,1.11398,1.11425,378
2024-08-22 06:00:00,1.11423,1.11492,1.11403,1.1149,853
2024-08-22 07:00:00,1.11491,1.11648,1.1127,1.11364,2186
2024-08-22 08:00:00,1.11362,1.11506,1.11362,1.11424,1737
2024-08-22 09:00:00,1.11425,1.11425,1.11327,1.11392,1296
2024-08-22 10:00:00,1.11394,1.11455,1.1132,1.11449,1110
2024-08-22 11:00:00,1.11446,1.11448,1.11317,1.11363,1175
2024-08-22 12:00:00,1.11367,1.11425,1.11248,1.11396,1991
2024-08-22 13:00:00,1.11399,1.1141,1.11118,1.11189,2668
2024-08-22 14:00:00,1.11191,1.11191,1.10978,1.11142,2972
2024-08-22 15:00:00,1.1114,1.11148,1.11046,1.11124,1722
2024-08-22 16:00:00,1.11125,1.11172,1.11073,1.11102,1350
2024-08-22 17:00:00,1.11101,1.11104,1.10982,1.11023,1107
2024-08-22 18:00:00,1.11025,1.11105,1.11022,1.1109499999999999,668
2024-08-22 19:00:00,1.11097,1.11129,1.11042,1.11082,612
2024-08-22 20:00:00,1.11079,1.11124,1.1107,1.11091,341
2024-08-22 21:00:00,1.11097,1.1111,1.11084,1.11108,945
2024-08-22 22:00:00,1.11111,1.11156,1.11103,1.11131,215
2024-08-22 23:00:00,1.11133,1.1117,1.1113,1.11155,219
2024-08-23 00:00:00,1.11152,1.11221,1.11123,1.11191,823
2024-08-23 01:00:00,1.11188,1.11277,1.11175,1.11269,718
2024-08-23 02:00:00,1.11271,1.1128,1.11222,1.11244,503
2024-08-23 03:00:00,1.11245,1.1127,1.11225,1.11243,321
2024-08-23 04:00:00,1.11244,1.1128,1.11239,1.11271,307
2024-08-23 05:00:00,1.11269,1.11284,1.1124,1.11255,402
2024-08-23 06:00:00,1.11252,1.113,1.11197,1.11277,836
2024-08-23 07:00:00,1.1128,1.11314,1.1112,1.11186,1459
2024-08-23 08:00:00,1.11188,1.11235,1.11166,1.11222,1161
2024-08-23 09:00:00,1.11224,1.11269,1.11161,1.1117,919
2024-08-23 10:00:00,1.11168,1.11227,1.1114600000000001,1.11191,812
2024-08-23 11:00:00,1.11188,1.11206,1.11103,1.11185,1037
2024-08-23 12:00:00,1.11182,1.11223,1.11107,1.1114,1230
2024-08-23 13:00:00,1.11138,1.11145,1.11048,1.11145,1451
2024-08-23 14:00:00,1.1114,1.11843,1.11135,1.11745,8165
2024-08-23 15:00:00,1.11744,1.1195599999999999,1.1173,1.1175,3097
2024-08-23 16:00:00,1.11751,1.11784,1.1164,1.11736,2100
2024-08-23 17:00:00,1.11733,1.11975,1.11725,1.1192,1862
2024-08-23 18:00:00,1.11923,1.12004,1.11852,1.1187,1428
2024-08-23 19:00:00,1.11868,1.1195,1.11852,1.11909,815
2024-08-23 20:00:00,1.11907,1.11938,1.11871,1.11925,460
2024-08-25 21:00:00,1.11884,1.11934,1.11862,1.11907,203
2024-08-25 22:00:00,1.1191,1.11936,1.11863,1.11907,562
2024-08-25 23:00:00,1.1191,1.11921,1.1186,1.11888,658
2024-08-26 00:00:00,1.11891,1.12013,1.11866,1.11934,1122
2024-08-26 01:00:00,1.11932,1.11997,1.1187,1.11892,962
2024-08-26 02:00:00,1.11891,1.11946,1.11853,1.11866,576
2024-08-26 03:00:00,1.11864,1.11885,1.11812,1.11831,512
2024-08-26 04:00:00,1.11832,1.11857,1.11816,1.11828,417
2024-08-26 05:00:00,1.11827,1.1185100000000001,1.11773,1.1179000000000001,544
2024-08-26 06:00:00,1.11791,1.11889,1.11788,1.11808,1184
2024-08-26 07:00:00,1.11806,1.11844,1.11754,1.11806,1515
2024-08-26 08:00:00,1.11805,1.11844,1.1176,1.11801,1321
2024-08-26 09:00:00,1.11798,1.11824,1.11712,1.1173899999999999,1012
2024-08-26 10:00:00,1.11738,1.11767,1.11687,1.11711,1024
2024-08-26 11:00:00,1.11713,1.1173,1.11625,1.11651,1295
2024-08-26 12:00:00,1.11648,1.11682,1.11581,1.1161,2324
2024-08-26 13:00:00,1.1160700000000001,1.11623,1.1149499999999999,1.11592,2749
2024-08-26 14:00:00,1.11591,1.11783,1.11535,1.1176,2598
2024-08-26 15:00:00,1.11758,1.11766,1.1163,1.11634,1479
2024-08-26 16:00:00,1.11631,1.11716,1.11594,1.11706,1122
2024-08-26 17:00:00,1.11707,1.11748,1.11673,1.11691,952
2024-08-26 18:00:00,1.11694,1.1171,1.1159,1.11632,928
2024-08-26 19:00:00,1.1163,1.11653,1.11584,1.11591,558
2024-08-26 20:00:00,1.11593,1.11612,1.11581,1.11601,273
2024-08-26 21:00:00,1.116,1.1161,1.11582,1.11604,950
2024-08-26 22:00:00,1.11606,1.11637,1.11605,1.11625,209
2024-08-26 23:00:00,1.11626,1.11667,1.11626,1.11639,215
2024-08-27 00:00:00,1.11641,1.11654,1.11592,1.11605,636
2024-08-27 01:00:00,1.11606,1.11701,1.11592,1.11686,537
2024-08-27 02:00:00,1.11687,1.11698,1.11639,1.11677,388
2024-08-27 03:00:00,1.11675,1.11687,1.11645,1.11664,238
2024-08-27 04:00:00,1.11665,1.11691,1.11664,1.1168,249
2024-08-27 05:00:00,1.11681,1.11718,1.11642,1.11664,476
2024-08-27 06:00:00,1.11663,1.11709,1.11611,1.11615,1052
2024-08-27 07:00:00,1.1161699999999999,1.11724,1.1161699999999999,1.11636,1813
2024-08-27 08:00:00,1.11633,1.11736,1.11616,1.11664,1269
2024-08-27 09:00:00,1.11662,1.11784,1.11658,1.11681,1299
2024-08-27 10:00:00,1.1168,1.11697,1.11614,1.11655,1075
2024-08-27 11:00:00,1.11656,1.11694,1.116,1.11602,1143
2024-08-27 12:00:00,1.11604,1.11644,1.11494,1.11581,1868
2024-08-27 13:00:00,1.11578,1.11693,1.11522,1.11676,2012
2024-08-27 14:00:00,1.11673,1.11715,1.11624,1.11659,2924
2024-08-27 15:00:00,1.11655,1.11695,1.11583,1.11595,1665
2024-08-27 16:00:00,1.11596,1.11672,1.11591,1.11654,1026
2024-08-27 17:00:00,1.11652,1.11824,1.1164,1.11808,1151
2024-08-27 18:00:00,1.11805,1.11902,1.11794,1.11853,1109
2024-08-27 19:00:00,1.11852,1.11852,1.11809,1.11838,552
2024-08-27 20:00:00,1.1184,1.11853,1.11821,1.1183,289
2024-08-27 21:00:00,1.11833,1.11839,1.11808,1.11831,1350
2024-08-27 22:00:00,1.11828,1.11847,1.11827,1.11834,137
2024-08-27 23:00:00,1.11832,1.11842,1.11743,1.11766,307
2024-08-28 00:00:00,1.11767,1.11797,1.11741,1.11794,591
2024-08-28 01:00:00,1.11791,1.11795,1.11717,1.11736,709
2024-08-28 02:00:00,1.11735,1.11774,1.11664,1.11664,562
2024-08-28 03:00:00,1.11666,1.1169,1.1162,1.11655,524
2024-08-28 04:00:00,1.11652,1.11676,1.11577,1.11592,450
2024-08-28 05:00:00,1.11591,1.11605,1.11393,1.1143399999999999,1245
2024-08-28 06:00:00,1.11436,1.11507,1.11345,1.11473,1475
2024-08-28 07:00:00,1.11475,1.11584,1.11475,1.11557,1711
2024-08-28 08:00:00,1.11555,1.11589,1.11387,1.11409,1538
2024-08-28 09:00:00,1.11406,1.11454,1.11327,1.11354,1650
2024-08-28 10:00:00,1.11357,1.11374,1.11215,1.11249,1480
2024-08-28 11:00:00,1.11252,1.11307,1.11169,1.11203,1354
2024-08-28 12:00:00,1.11205,1.11227,1.11046,1.11116,2097
2024-08-28 13:00:00,1.11118,1.11215,1.11101,1.11109,2588
2024-08-28 14:00:00,1.11112,1.11372,1.11103,1.11295,2812
2024-08-28 15:00:00,1.11297,1.11309,1.1121,1.11255,2095
2024-08-28 16:00:00,1.11256,1.11259,1.11096,1.11145,1327
2024-08-28 17:00:00,1.11143,1.1117,1.11047,1.11064,1130
2024-08-28 18:00:00,1.11065,1.11157,1.11052,1.11153,782
2024-08-28 19:00:00,1.11154,1.11175,1.11126,1.11128,661
2024-08-28 20:00:00,1.11126,1.11197,1.11119,1.11188,456
2024-08-28 21:00:00,1.11184,1.11194,1.11171,1.11194,521
2024-08-28 22:00:00,1.11192,1.11239,1.11187,1.11235,237
2024-08-28 23:00:00,1.11237,1.11256,1.11222,1.11241,266
2024-08-29 00:00:00,1.11239,1.1132,1.11239,1.1131199999999999,591
2024-08-29 01:00:00,1.1131,1.11333,1.11278,1.11282,444
2024-08-29 02:00:00,1.11284,1.11317,1.1126800000000001,1.1131199999999999,347
2024-08-29 03:00:00,1.1131,1.11352,1.11295,1.11352,343
2024-08-29 04:00:00,1.1135,1.11369,1.11328,1.11349,407
2024-08-29 05:00:00,1.11352,1.11374,1.11316,1.11351,601
2024-08-29 06:00:00,1.1135,1.11394,1.11249,1.11278,1165
2024-08-29 07:00:00,1.11276,1.11309,1.11159,1.11295,1784
2024-08-29 08:00:00,1.11292,1.11292,1.10717,1.10845,4827
2024-08-29 09:00:00,1.10848,1.10985,1.10827,1.10933,1850
2024-08-29 10:00:00,1.10934,1.10995,1.10866,1.10969,1314
2024-08-29 11:00:00,1.10971,1.10996,1.10911,1.10957,1285
2024-08-29 12:00:00,1.10959,1.10976,1.10724,1.10836,4209
2024-08-29 13:00:00,1.10838,1.10891,1.10724,1.10819,3126
2024-08-29 14:00:00,1.10822,1.10829,1.10553,1.10692,3298
2024-08-29 15:00:00,1.10694,1.10849,1.10661,1.10843,1883
2024-08-29 16:00:00,1.10845,1.10875,1.10777,1.10812,1542
2024-08-29 17:00:00,1.10809,1.1085099999999999,1.1078000000000001,1.10833,1163
2024-08-29 18:00:00,1.10834,1.10842,1.10748,1.10788,1826
2024-08-29 19:00:00,1.10789,1.1081,1.10743,1.10754,1398
2024-08-29 20:00:00,1.10751,1.10789,1.10746,1.10768,654
2024-08-29 21:00:00,1.10766,1.10781,1.10756,1.10781,585
2024-08-29 22:00:00,1.10781,1.108,1.10772,1.10797,398
2024-08-29 23:00:00,1.10797,1.10829,1.10783,1.10797,582
2024-08-30 00:00:00,1.108,1.10826,1.10783,1.10804,848
2024-08-30 01:00:00,1.10803,1.10817,1.10711,1.10712,1272
2024-08-30 02:00:00,1.10714,1.10732,1.10693,1.10718,765
2024-08-30 03:00:00,1.10718,1.10759,1.10706,1.10733,733
2024-08-30 04:00:00,1.10733,1.1077,1.10713,1.10736,726
2024-08-30 05:00:00,1.10737,1.10775,1.10731,1.10764,907
2024-08-30 06:00:00,1.10765,1.10854,1.10737,1.10843,1469
2024-08-30 07:00:00,1.10844,1.10885,1.10746,1.10837,2448
2024-08-30 08:00:00,1.10838,1.10945,1.10734,1.10749,2320
2024-08-30 09:00:00,1.10747,1.10852,1.10741,1.10823,2196
2024-08-30 10:00:00,1.10823,1.10839,1.10743,1.10788,1963
2024-08-30 11:00:00,1.10789,1.10878,1.10777,1.10812,1841
2024-08-30 12:00:00,1.10814,1.10877,1.10574,1.10676,3702
2024-08-30 13:00:00,1.10678,1.10753,1.10534,1.10717,4209
2024-08-30 14:00:00,1.1072,1.10797,1.10613,1.10683,5195
2024-08-30 15:00:00,1.10683,1.10715,1.10525,1.10592,3359
2024-08-30 16:00:00,1.10591,1.10595,1.10434,1.10491,2390
2024-08-30 17:00:00,1.10492,1.1056300000000001,1.10479,1.10519,1911
2024-08-30 18:00:00,1.10519,1.10558,1.10493,1.10517,1399
2024-08-30 19:00:00,1.10515,1.10543,1.10468,1.1052,1609
2024-08-30 20:00:00,1.10518,1.10548,1.1047,1.10474,926
2024-09-01 21:00:00,1.10468,1.10481,1.10454,1.10473,292
2024-09-01 22:00:00,1.1048499999999999,1.10494,1.1044,1.10456,509
2024-09-01 23:00:00,1.10456,1.1047,1.10437,1.10442,721
2024-09-02 00:00:00,1.10443,1.10551,1.10414,1.10528,966
2024-09-02 01:00:00,1.10529,1.1055,1.10497,1.10511,1080
2024-09-02 02:00:00,1.10511,1.10532,1.10453,1.10509,947
2024-09-02 03:00:00,1.10509,1.1055,1.10481,1.10481,853
2024-09-02 04:00:00,1.10482,1.10483,1.10435,1.10478,707
2024-09-02 05:00:00,1.10478,1.10559,1.10448,1.10548,831
2024-09-02 06:00:00,1.10548,1.10698,1.10541,1.10655,1548
2024-09-02 07:00:00,1.10656,1.10681,1.10555,1.10662,2330
2024-09-02 08:00:00,1.10661,1.10769,1.10637,1.10672,2266
2024-09-02 09:00:00,1.10672,1.10722,1.1063,1.1068500000000001,1837
2024-09-02 10:00:00,1.10686,1.10703,1.10609,1.10658,1507
2024-09-02 11:00:00,1.10659,1.1068500000000001,1.10593,1.10594,1588
2024-09-02 12:00:00,1.10594,1.1071,1.10581,1.10675,1717
2024-09-02 13:00:00,1.10676,1.10715,1.10657,1.10674,1677
2024-09-02 14:00:00,1.10674,1.1071,1.10596,1.1068500000000001,1890
2024-09-02 15:00:00,1.10687,1.10704,1.10633,1.10673,962
2024-09-02 16:00:00,1.10673,1.10679,1.1062,1.10655,619
2024-09-02 17:00:00,1.10655,1.10684,1.10653,1.10681,225
2024-09-02 18:00:00,1.10681,1.10711,1.10679,1.10703,248
2024-09-02 19:00:00,1.10703,1.10723,1.10701,1.10717,244
2024-09-02 20:00:00,1.10717,1.10722,1.10701,1.10718,308
2024-09-02 21:00:00,1.10717,1.10719,1.10673,1.10704,712
2024-09-02 22:00:00,1.10705,1.10726,1.10664,1.10664,307
2024-09-02 23:00:00,1.10664,1.10679,1.10643,1.1067,418
2024-09-03 00:00:00,1.1067,1.10686,1.10585,1.10603,1200
2024-09-03 01:00:00,1.10603,1.10677,1.10596,1.10664,1225
2024-09-03 02:00:00,1.10664,1.10697,1.10626,1.10634,906
2024-09-03 03:00:00,1.10632,1.10632,1.1057,1.10578,947
2024-09-03 04:00:00,1.10578,1.10586,1.10536,1.10539,857
2024-09-03 05:00:00,1.10538,1.10596,1.10536,1.1059,1019
2024-09-03 06:00:00,1.10588,1.10612,1.10506,1.1061,1935
2024-09-03 07:00:00,1.10611,1.10671,1.10553,1.10558,2521
2024-09-03 08:00:00,1.10556,1.10593,1.10477,1.10482,2516
2024-09-03 09:00:00,1.10482,1.10504,1.10339,1.10397,2596
2024-09-03 10:00:00,1.10396,1.10416,1.10326,1.10353,2113
2024-09-03 11:00:00,1.10352,1.10425,1.10334,1.1036,2010
2024-09-03 12:00:00,1.10361,1.10521,1.10333,1.10475,2509
2024-09-03 13:00:00,1.10478,1.10628,1.10476,1.10606,3654
2024-09-03 14:00:00,1.10609,1.10694,1.10367,1.10419,5858
2024-09-03 15:00:00,1.10417,1.1044,1.10354,1.1042,2606
2024-09-03 16:00:00,1.10418,1.10466,1.10377,1.1039,1700
2024-09-03 17:00:00,1.10387,1.10398,1.1026,1.10277,1500
2024-09-03 18:00:00,1.10277,1.10387,1.10259,1.10375,1329
2024-09-03 19:00:00,1.10375,1.10417,1.10369,1.10412,1241
2024-09-03 20:00:00,1.10414,1.10439,1.10391,1.10411,648
2024-09-03 21:00:00,1.10409,1.1044100000000001,1.10396,1.1044100000000001,872
2024-09-03 22:00:00,1.10447,1.10465,1.10389,1.10453,698
2024-09-03 23:00:00,1.10453,1.105,1.10445,1.1048,736
2024-09-04 00:00:00,1.10478,1.10509,1.10459,1.10477,1636
2024-09-04 01:00:00,1.10476,1.10558,1.1047,1.10527,1288
2024-09-04 02:00:00,1.10528,1.10558,1.1049,1.10521,957
2024-09-04 03:00:00,1.10521,1.10547,1.10497,1.10534,710
2024-09-04 04:00:00,1.10534,1.10566,1.1053,1.10558,653
2024-09-04 05:00:00,1.10558,1.10594,1.10541,1.10573,986
2024-09-04 06:00:00,1.10574,1.10574,1.10471,1.10526,1998
2024-09-04 07:00:00,1.10529,1.1062400000000001,1.10464,1.10558,2865
2024-09-04 08:00:00,1.10555,1.10584,1.10493,1.10513,2176
2024-09-04 09:00:00,1.10515,1.10582,1.10497,1.10527,1728
2024-09-04 10:00:00,1.10528,1.10555,1.10494,1.10527,1449
2024-09-04 11:00:00,1.10528,1.10537,1.1042399999999999,1.10498,1716
2024-09-04 12:00:00,1.10498,1.10523,1.10396,1.1052,2199
2024-09-04 13:00:00,1.10521,1.10589,1.10495,1.10572,2630
2024-09-04 14:00:00,1.10571,1.10949,1.10571,1.10892,5688
2024-09-04 15:00:00,1.10892,1.10913,1.1076,1.10803,2745
2024-09-04 16:00:00,1.10802,1.10864,1.10754,1.1084,1818
2024-09-04 17:00:00,1.1084,1.10857,1.10656,1.1066,1435
2024-09-04 18:00:00,1.10658,1.10763,1.10648,1.10755,1582
2024-09-04 19:00:00,1.10755,1.10822,1.10745,1.10776,1261
2024-09-04 20:00:00,1.10779,1.10832,1.1075,1.10815,861
2024-09-04 21:00:00,1.10817,1.10825,1.10798,1.10825,627
2024-09-04 22:00:00,1.10827,1.10859,1.10821,1.10843,505
2024-09-04 23:00:00,1.10846,1.1085,1.10788,1.10798,741
2024-09-05 00:00:00,1.10798,1.10816,1.10754,1.10789,1169
2024-09-05 01:00:00,1.10789,1.1085,1.10769,1.10786,1388
2024-09-05 02:00:00,1.10786,1.1083,1.10779,1.10795,897
2024-09-05 03:00:00,1.10793,1.10794,1.10759,1.10767,733
2024-09-05 04:00:00,1.10768,1.10775,1.10743,1.10767,569
2024-09-05 05:00:00,1.10767,1.10804,1.10764,1.10797,885
2024-09-05 06:00:00,1.10798,1.10878,1.10791,1.10833,1856
2024-09-05 07:00:00,1.10831,1.109,1.10792,1.10866,2390
2024-09-05 08:00:00,1.10868,1.10998,1.10837,1.10984,2358
2024-09-05 09:00:00,1.10985,1.11001,1.10924,1.10943,2015
2024-09-05 10:00:00,1.10944,1.10994,1.10918,1.10985,1521
2024-09-05 11:00:00,1.10983,1.11078,1.10927,1.10949,1694
2024-09-05 12:00:00,1.10951,1.11195,1.10868,1.10918,4822
2024-09-05 13:00:00,1.1092,1.11077,1.109,1.11051,3889
2024-09-05 14:00:00,1.11048,1.11048,1.10759,1.10794,5243
2024-09-05 15:00:00,1.10796,1.10952,1.10778,1.10947,2753
2024-09-05 16:00:00,1.10949,1.1105,1.10949,1.11004,1847
2024-09-05 17:00:00,1.11004,1.1107,1.10991,1.11061,1608
2024-09-05 18:00:00,1.11062,1.11128,1.11022,1.11039,1303
2024-09-05 19:00:00,1.11037,1.11073,1.11023,1.1103,1197
2024-09-05 20:00:00,1.11033,1.11108,1.11033,1.11091,617
2024-09-05 21:00:00,1.11089,1.11102,1.11061,1.11084,653
2024-09-05 22:00:00,1.11086,1.11109,1.1108,1.11092,364
2024-09-05 23:00:00,1.11091,1.11121,1.11079,1.11108,501
2024-09-06 00:00:00,1.11108,1.11141,1.11091,1.11129,961
2024-09-06 01:00:00,1.11129,1.11137,1.11093,1.11101,853
2024-09-06 02:00:00,1.11103,1.11123,1.11087,1.11108,655
2024-09-06 03:00:00,1.11108,1.11157,1.11104,1.11148,626
2024-09-06 04:00:00,1.11148,1.1117,1.11133,1.11153,648
2024-09-06 05:00:00,1.11154,1.11183,1.11134,1.11164,987
2024-09-06 06:00:00,1.11161,1.11205,1.11136,1.11202,1445
2024-09-06 07:00:00,1.11202,1.11202,1.11105,1.11153,2049
2024-09-06 08:00:00,1.11155,1.11203,1.11124,1.11171,1753
2024-09-06 09:00:00,1.11169,1.11169,1.11071,1.11128,1631
2024-09-06 10:00:00,1.11126,1.11133,1.11064,1.1107,1502
2024-09-06 11:00:00,1.11071,1.1109499999999999,1.11023,1.11066,1766
2024-09-06 12:00:00,1.11069,1.11546,1.10792,1.11206,7914
2024-09-06 13:00:00,1.11208,1.1125099999999999,1.10653,1.10827,7360
2024-09-06 14:00:00,1.10829,1.11128,1.10726,1.11014,6848
2024-09-06 15:00:00,1.11016,1.11349,1.10827,1.10854,9556
2024-09-06 16:00:00,1.10852,1.10852,1.10693,1.10762,3336
2024-09-06 17:00:00,1.10761,1.10889,1.10692,1.10842,2604
2024-09-06 18:00:00,1.10842,1.10865,1.10777,1.10855,2179
2024-09-06 19:00:00,1.10856,1.10891,1.10819,1.10879,1543
2024-09-06 20:00:00,1.10881,1.10883,1.10842,1.1085099999999999,977
2024-09-08 21:00:00,1.10817,1.10837,1.10809,1.1083,332
2024-09-08 22:00:00,1.10839,1.109,1.1083,1.10862,846
2024-09-08 23:00:00,1.10864,1.10905,1.10861,1.10863,973
2024-09-09 00:00:00,1.10864,1.10906,1.10821,1.10828,1317
2024-09-09 01:00:00,1.10828,1.10906,1.10808,1.10818,1489
2024-09-09 02:00:00,1.10819,1.10828,1.108,1.10803,862
2024-09-09 03:00:00,1.10804,1.10814,1.10784,1.10794,810
2024-09-09 04:00:00,1.10795,1.108,1.10744,1.10754,759
2024-09-09 05:00:00,1.10754,1.10755,1.10684,1.10688,860
2024-09-09 06:00:00,1.10688,1.10716,1.106,1.10642,1766
2024-09-09 07:00:00,1.10645,1.10657,1.10544,1.10589,2608
2024-09-09 08:00:00,1.10586,1.10622,1.10454,1.10472,2291
2024-09-09 09:00:00,1.10468,1.10587,1.10451,1.10554,1956
2024-09-09 10:00:00,1.10556,1.10561,1.10366,1.10399,1731
2024-09-09 11:00:00,1.10396,1.10448,1.10353,1.10446,1708
2024-09-09 12:00:00,1.10446,1.1048499999999999,1.10375,1.10394,2150
2024-09-09 13:00:00,1.10392,1.10515,1.10387,1.10467,2456
2024-09-09 14:00:00,1.10467,1.10467,1.10335,1.10415,2972
2024-09-09 15:00:00,1.10417,1.10443,1.1035,1.10409,2266
2024-09-09 16:00:00,1.10409,1.10504,1.10409,1.1048499999999999,1645
2024-09-09 17:00:00,1.1048499999999999,1.10532,1.10431,1.10433,1476
2024-09-09 18:00:00,1.10434,1.10463,1.10411,1.10427,1127
2024-09-09 19:00:00,1.10427,1.10427,1.10371,1.1038000000000001,1059
2024-09-09 20:00:00,1.10378,1.1039,1.1033,1.10339,764
2024-09-09 21:00:00,1.10342,1.10366,1.1032,1.10366,658
2024-09-09 22:00:00,1.10367,1.10395,1.10354,1.10373,453
2024-09-09 23:00:00,1.10374,1.1038000000000001,1.10341,1.1035,369
2024-09-10 00:00:00,1.1035,1.1035,1.10279,1.10305,1058
2024-09-10 01:00:00,1.10305,1.10352,1.10301,1.10346,915
2024-09-10 02:00:00,1.10346,1.10359,1.10322,1.10344,601
2024-09-10 03:00:00,1.10344,1.10387,1.10344,1.10378,591
2024-09-10 04:00:00,1.10379,1.10401,1.10355,1.10398,497
2024-09-10 05:00:00,1.10398,1.10422,1.10375,1.10392,722
2024-09-10 06:00:00,1.10392,1.10492,1.10332,1.10492,1795
2024-09-10 07:00:00,1.10489,1.10489,1.10365,1.10366,2176
2024-09-10 08:00:00,1.10366,1.10397,1.1033,1.10374,1643
2024-09-10 09:00:00,1.10375,1.10419,1.10318,1.10381,1495
2024-09-10 10:00:00,1.10384,1.10414,1.10334,1.10401,1224
2024-09-10 11:00:00,1.10403,1.10434,1.10262,1.10308,1623
2024-09-10 12:00:00,1.10305,1.10364,1.10262,1.10295,2380
2024-09-10 13:00:00,1.10294,1.10344,1.10169,1.10195,2784
2024-09-10 14:00:00,1.10193,1.10231,1.10147,1.10181,3011
2024-09-10 15:00:00,1.10184,1.10269,1.10168,1.10246,1974
2024-09-10 16:00:00,1.10245,1.10284,1.1022,1.10261,1469
2024-09-10 17:00:00,1.10261,1.10274,1.1022,1.10225,1336
2024-09-10 18:00:00,1.10226,1.10266,1.10202,1.1024,1010
2024-09-10 19:00:00,1.10239,1.10273,1.10219,1.10264,929
2024-09-10 20:00:00,1.10263,1.10267,1.10179,1.10183,660
2024-09-10 21:00:00,1.10184,1.10196,1.10166,1.10194,713
2024-09-10 22:00:00,1.10194,1.10212,1.1019,1.10196,424
2024-09-10 23:00:00,1.10196,1.10232,1.10191,1.102,497
2024-09-11 00:00:00,1.10198,1.10221,1.10164,1.10195,1084
2024-09-11 01:00:00,1.10195,1.10395,1.10179,1.10362,1614
2024-09-11 02:00:00,1.10362,1.10439,1.10323,1.10329,1345
2024-09-11 03:00:00,1.10329,1.10421,1.10313,1.1038000000000001,986
2024-09-11 04:00:00,1.1038000000000001,1.10467,1.10376,1.1046,1127
2024-09-11 05:00:00,1.1046,1.10509,1.1042399999999999,1.10435,1211
2024-09-11 06:00:00,1.10437,1.10487,1.10403,1.10447,1692
2024-09-11 07:00:00,1.10449,1.10516,1.10399,1.10407,2262
2024-09-11 08:00:00,1.10406,1.10475,1.1036299999999999,1.10434,1926
2024-09-11 09:00:00,1.10433,1.1048499999999999,1.10416,1.10417,1491
2024-09-11 10:00:00,1.10418,1.10484,1.10381,1.10481,1456
2024-09-11 11:00:00,1.10481,1.10545,1.1042399999999999,1.1043,1642
2024-09-11 12:00:00,1.10429,1.10484,1.1003,1.10158,6418
2024-09-11 13:00:00,1.10158,1.10257,1.10095,1.10123,4575
2024-09-11 14:00:00,1.10124,1.1015,1.10015,1.10096,4241
2024-09-11 15:00:00,1.10099,1.10163,1.10073,1.10117,2744
2024-09-11 16:00:00,1.10116,1.10172,1.10093,1.10153,1931
2024-09-11 17:00:00,1.10155,1.10205,1.10143,1.10183,1813
2024-09-11 18:00:00,1.10183,1.10222,1.10175,1.10178,1190
2024-09-11 19:00:00,1.10177,1.10261,1.10156,1.1017,1388
2024-09-11 20:00:00,1.10172,1.10178,1.10106,1.10112,667
2024-09-11 21:00:00,1.1011,1.1013,1.10083,1.1013,546
2024-09-11 22:00:00,1.10128,1.10148,1.1011,1.10117,369
2024-09-11 23:00:00,1.10118,1.10126,1.10099,1.101,429
2024-09-12 00:00:00,1.101,1.10115,1.10057,1.10065,856
2024-09-12 01:00:00,1.10065,1.10126,1.10061,1.10109,902
2024-09-12 02:00:00,1.1011,1.10121,1.10073,1.10095,697
2024-09-12 03:00:00,1.10095,1.1013600000000001,1.10091,1.10134,583
2024-09-12 04:00:00,1.10134,1.10165,1.10132,1.10158,531
2024-09-12 05:00:00,1.10158,1.10214,1.10145,1.10213,732
2024-09-12 06:00:00,1.10212,1.10233,1.1007500000000001,1.10078,1499
2024-09-12 07:00:00,1.1008,1.10153,1.10056,1.1007500000000001,2073
2024-09-12 08:00:00,1.10073,1.10213,1.10051,1.10153,1792
2024-09-12 09:00:00,1.10155,1.10196,1.10125,1.10142,1543
2024-09-12 10:00:00,1.10142,1.1023,1.10141,1.10215,1316
2024-09-12 11:00:00,1.10214,1.1023,1.10126,1.10135,1513
2024-09-12 12:00:00,1.10135,1.10321,1.10097,1.10246,4797
2024-09-12 13:00:00,1.10245,1.10403,1.10242,1.10364,4406
2024-09-12 14:00:00,1.1036299999999999,1.10467,1.10294,1.10393,3187
2024-09-12 15:00:00,1.10396,1.10423,1.10305,1.10396,2298
2024-09-12 16:00:00,1.10396,1.10476,1.10367,1.10456,1862
2024-09-12 17:00:00,1.10456,1.10564,1.10421,1.10559,2010
2024-09-12 18:00:00,1.10558,1.10619,1.10506,1.10602,2268
2024-09-12 19:00:00,1.10601,1.10711,1.10595,1.107,1802
2024-09-12 20:00:00,1.10701,1.10746,1.10679,1.1072899999999999,934
2024-09-12 21:00:00,1.10728,1.10736,1.10707,1.10736,587
2024-09-12 22:00:00,1.10737,1.1075,1.10701,1.10713,586
2024-09-12 23:00:00,1.10713,1.10786,1.1071,1.10784,646
2024-09-13 00:00:00,1.10781,1.10868,1.10771,1.10865,1346
2024-09-13 01:00:00,1.10865,1.10884,1.10798,1.10814,1215
2024-09-13 02:00:00,1.10814,1.10894,1.10789,1.10863,1248
2024-09-13 03:00:00,1.10863,1.10898,1.10838,1.10866,870
2024-09-13 04:00:00,1.10866,1.10882,1.10835,1.1084,697
2024-09-13 05:00:00,1.10839,1.10859,1.10812,1.10822,919
2024-09-13 06:00:00,1.10821,1.1084100000000001,1.10742,1.10783,1625
2024-09-13 07:00:00,1.10783,1.10935,1.10727,1.10919,2084
2024-09-13 08:00:00,1.10919,1.10937,1.10857,1.10924,1880
2024-09-13 09:00:00,1.10925,1.11003,1.10877,1.10915,1967
2024-09-13 10:00:00,1.10913,1.10968,1.10865,1.1090200000000001,1647
2024-09-13 11:00:00,1.10904,1.10927,1.10807,1.10839,2039
2024-09-13 12:00:00,1.1084100000000001,1.10931,1.10789,1.10924,2639
2024-09-13 13:00:00,1.10927,1.11014,1.10876,1.10938,3288
2024-09-13 14:00:00,1.10934,1.10949,1.1084100000000001,1.10884,3742
2024-09-13 15:00:00,1.10887,1.10913,1.10816,1.1084100000000001,2137
2024-09-13 16:00:00,1.10844,1.10849,1.10766,1.10838,1823
2024-09-13 17:00:00,1.10836,1.10854,1.10797,1.10813,1180
2024-09-13 18:00:00,1.10812,1.1084100000000001,1.10762,1.10778,1047
2024-09-13 19:00:00,1.10777,1.10809,1.10758,1.10774,950
2024-09-13 20:00:00,1.10773,1.10779,1.10722,1.10752,667
2024-09-15 21:00:00,1.1076,1.10767,1.10714,1.10741,352
2024-09-15 22:00:00,1.10738,1.10862,1.10738,1.10862,643
2024-09-15 23:00:00,1.10862,1.10891,1.10844,1.10868,557
2024-09-16 00:00:00,1.1087,1.10919,1.10865,1.10889,888
2024-09-16 01:00:00,1.10889,1.10921,1.1087,1.10873,802
2024-09-16 02:00:00,1.10873,1.10907,1.10863,1.10887,716
2024-09-16 03:00:00,1.10887,1.11045,1.10875,1.11036,1126
2024-09-16 04:00:00,1.11033,1.11045,1.10965,1.10966,914
2024-09-16 05:00:00,1.10966,1.10993,1.10953,1.10979,726
2024-09-16 06:00:00,1.10982,1.11152,1.1097,1.1114,1797
2024-09-16 07:00:00,1.1114,1.11195,1.11091,1.1114600000000001,2079
2024-09-16 08:00:00,1.11145,1.11258,1.11132,1.11224,1849
2024-09-16 09:00:00,1.11223,1.1129,1.11177,1.11202,1826
2024-09-16 10:00:00,1.11201,1.11278,1.11196,1.11216,1484
2024-09-16 11:00:00,1.11216,1.11254,1.11156,1.11232,1492
2024-09-16 12:00:00,1.11232,1.11321,1.11163,1.11245,2691
2024-09-16 13:00:00,1.11246,1.11371,1.11222,1.11289,2974
2024-09-16 14:00:00,1.11291,1.11302,1.11179,1.11233,2604
2024-09-16 15:00:00,1.11232,1.11241,1.11162,1.1122,2035
2024-09-16 16:00:00,1.1122,1.11295,1.11192,1.11285,1711
2024-09-16 17:00:00,1.11284,1.11294,1.11158,1.1123,1352
2024-09-16 18:00:00,1.1123,1.11238,1.11195,1.11205,1113
2024-09-16 19:00:00,1.11205,1.11293,1.11182,1.11283,1043
2024-09-16 20:00:00,1.11284,1.11331,1.11275,1.11306,639
2024-09-16 21:00:00,1.11304,1.11324,1.11291,1.11311,681
2024-09-16 22:00:00,1.11311,1.11313,1.11265,1.11271,471
2024-09-16 23:00:00,1.11271,1.11298,1.1123,1.11286,714
2024-09-17 00:00:00,1.11286,1.11309,1.11215,1.11228,1083
2024-09-17 01:00:00,1.11228,1.11289,1.11224,1.11273,925
2024-09-17 02:00:00,1.11273,1.11293,1.11244,1.11266,741
2024-09-17 03:00:00,1.11266,1.11279,1.11224,1.11236,771
2024-09-17 04:00:00,1.11236,1.11243,1.11215,1.11241,658
2024-09-17 05:00:00,1.1124,1.11283,1.11214,1.11262,724
2024-09-17 06:00:00,1.11264,1.11328,1.11206,1.1120700000000001,1620
2024-09-17 07:00:00,1.11206,1.11375,1.11154,1.1136,2396
2024-09-17 08:00:00,1.11358,1.11458,1.11325,1.11442,2064
2024-09-17 09:00:00,1.11442,1.11442,1.11342,1.11378,1987
2024-09-17 10:00:00,1.11378,1.11395,1.11314,1.11341,1484
2024-09-17 11:00:00,1.11341,1.11423,1.11297,1.1138,1537
2024-09-17 12:00:00,1.11382,1.11433,1.11174,1.11241,5061
2024-09-17 13:00:00,1.11242,1.11273,1.11112,1.11127,4376
2024-09-17 14:00:00,1.1113,1.11277,1.11129,1.11243,3866
2024-09-17 15:00:00,1.11245,1.11259,1.11147,1.11171,2405
2024-09-17 16:00:00,1.11168,1.11212,1.11144,1.11191,1985
2024-09-17 17:00:00,1.11191,1.11204,1.11101,1.11159,1894
2024-09-17 18:00:00,1.1116,1.11223,1.11149,1.11219,1383
2024-09-17 19:00:00,1.11218,1.11231,1.11144,1.11156,1248
2024-09-17 20:00:00,1.11156,1.11166,1.11124,1.11126,738
2024-09-17 21:00:00,1.11127,1.1114,1.11107,1.11137,536
2024-09-17 22:00:00,1.1114,1.11183,1.11133,1.11176,386
2024-09-17 23:00:00,1.11177,1.11234,1.11174,1.11214,480
2024-09-18 00:00:00,1.11214,1.11281,1.1121,1.11264,1023
2024-09-18 01:00:00,1.11264,1.113,1.11248,1.11275,1120
2024-09-18 02:00:00,1.11275,1.11284,1.11243,1.11274,832
2024-09-18 03:00:00,1.11275,1.11282,1.1125,1.11257,614
2024-09-18 04:00:00,1.11257,1.11261,1.11196,1.11198,610
2024-09-18 05:00:00,1.11198,1.11212,1.11174,1.11204,681
2024-09-18 06:00:00,1.11202,1.11257,1.11149,1.11183,1995
2024-09-18 07:00:00,1.11181,1.11308,1.11169,1.11305,2323
2024-09-18 08:00:00,1.11307,1.11328,1.11273,1.11294,1931
2024-09-18 09:00:00,1.11294,1.11393,1.11263,1.11375,1758
2024-09-18 10:00:00,1.11374,1.11382,1.11294,1.11297,1356
2024-09-18 11:00:00,1.11297,1.113,1.1122,1.11241,1438
2024-09-18 12:00:00,1.11243,1.11283,1.11177,1.11217,1799
2024-09-18 13:00:00,1.11219,1.11396,1.11218,1.11349,2522
2024-09-18 14:00:00,1.11349,1.11358,1.11078,1.11176,3187
2024-09-18 15:00:00,1.11178,1.11216,1.11114,1.11153,2322
2024-09-18 16:00:00,1.11151,1.11258,1.11148,1.11237,1639
2024-09-18 17:00:00,1.11236,1.113,1.11168,1.11265,1931
2024-09-18 18:00:00,1.11261,1.11887,1.11255,1.11484,17332
2024-09-18 19:00:00,1.11487,1.11489,1.10964,1.11053,10404
2024-09-18 20:00:00,1.11056,1.11199,1.11038,1.1116,1722
2024-09-18 21:00:00,1.11166,1.11171,1.11142,1.11166,577
2024-09-18 22:00:00,1.11169,1.11235,1.1114600000000001,1.11213,999
2024-09-18 23:00:00,1.11215,1.11215,1.11107,1.11135,1128
2024-09-19 00:00:00,1.11137,1.11164,1.10786,1.10814,2883
2024-09-19 01:00:00,1.10811,1.10852,1.1068,1.10831,2688
2024-09-19 02:00:00,1.1083,1.11031,1.1083,1.11014,1972
2024-09-19 03:00:00,1.11016,1.11186,1.10989,1.11179,1631
2024-09-19 04:00:00,1.1118,1.11208,1.11144,1.11199,1159
2024-09-19 05:00:00,1.11199,1.11308,1.11197,1.11305,1714
2024-09-19 06:00:00,1.11303,1.11447,1.11284,1.11447,2907
2024-09-19 07:00:00,1.11448,1.11527,1.11396,1.11452,3697
2024-09-19 08:00:00,1.1145100000000001,1.11686,1.11443,1.11623,3067
2024-09-19 09:00:00,1.11622,1.11782,1.11618,1.11772,3000
2024-09-19 10:00:00,1.11772,1.11781,1.11681,1.117,2378
2024-09-19 11:00:00,1.117,1.11757,1.11516,1.11575,3510
2024-09-19 12:00:00,1.11576,1.11579,1.11253,1.11256,5324
2024-09-19 13:00:00,1.11254,1.11402,1.11169,1.11217,5098
2024-09-19 14:00:00,1.11213,1.11326,1.1116,1.11286,4653
2024-09-19 15:00:00,1.11288,1.11483,1.1125,1.11461,3159
2024-09-19 16:00:00,1.11463,1.11579,1.11445,1.11549,2495
2024-09-19 17:00:00,1.11551,1.11611,1.1152,1.11601,1881
2024-09-19 18:00:00,1.11603,1.11674,1.11603,1.11652,1615
2024-09-19 19:00:00,1.1165,1.11664,1.11583,1.1161699999999999,1470
2024-09-19 20:00:00,1.1161699999999999,1.11639,1.11599,1.11605,735
2024-09-19 21:00:00,1.11604,1.11614,1.11572,1.11614,714
2024-09-19 22:00:00,1.11615,1.11622,1.11598,1.11602,366
2024-09-19 23:00:00,1.11602,1.11608,1.1158,1.11589,516
2024-09-20 00:00:00,1.11589,1.11613,1.11569,1.11601,1145
2024-09-20 01:00:00,1.11601,1.11636,1.11578,1.11589,1268
2024-09-20 02:00:00,1.11589,1.11629,1.11568,1.11609,1143
2024-09-20 03:00:00,1.11608,1.11687,1.11608,1.11654,1354
2024-09-20 04:00:00,1.11654,1.11675,1.11634,1.11645,785
2024-09-20 05:00:00,1.11645,1.11659,1.11608,1.11635,1091
2024-09-20 06:00:00,1.11638,1.11783,1.11638,1.11758,2603
2024-09-20 07:00:00,1.11756,1.11814,1.1159,1.11623,3271
2024-09-20 08:00:00,1.11621,1.11687,1.11521,1.11642,2773
2024-09-20 09:00:00,1.11641,1.11659,1.11567,1.11602,1991
2024-09-20 10:00:00,1.11602,1.11625,1.11547,1.11589,1609
2024-09-20 11:00:00,1.11591,1.11619,1.11536,1.11612,1738
2024-09-20 12:00:00,1.11612,1.11764,1.11612,1.11738,2650
2024-09-20 13:00:00,1.11736,1.11757,1.11535,1.11544,3362
2024-09-20 14:00:00,1.11545,1.11545,1.11376,1.11436,3767
2024-09-20 15:00:00,1.11433,1.11589,1.11356,1.11584,4756
2024-09-20 16:00:00,1.11585,1.11756,1.11583,1.11733,3695
2024-09-20 17:00:00,1.11731,1.1174,1.11579,1.11591,1955
2024-09-20 18:00:00,1.1159,1.11658,1.11568,1.11646,1687
2024-09-20 19:00:00,1.11646,1.11655,1.11612,1.11615,1309
2024-09-20 20:00:00,1.11614,1.11633,1.11558,1.11626,999
2024-09-22 21:00:00,1.11602,1.11619,1.1157,1.11605,441
2024-09-22 22:00:00,1.11615,1.11644,1.11593,1.1161699999999999,669
2024-09-22 23:00:00,1.11621,1.11636,1.11587,1.11587,686
2024-09-23 00:00:00,1.11585,1.11602,1.1155599999999999,1.11588,1172
2024-09-23 01:00:00,1.11586,1.11611,1.11552,1.11585,1164
2024-09-23 02:00:00,1.11583,1.11631,1.11561,1.11619,874
2024-09-23 03:00:00,1.11618,1.11645,1.11604,1.11612,686
2024-09-23 04:00:00,1.11612,1.11646,1.11596,1.1163,531
2024-09-23 05:00:00,1.1163,1.1166800000000001,1.11608,1.11626,678
2024-09-23 06:00:00,1.11629,1.11642,1.11548,1.11583,1786
2024-09-23 07:00:00,1.11582,1.1159,1.10974,1.11016,5410
2024-09-23 08:00:00,1.1101,1.11016,1.10828,1.10923,3768
2024-09-23 09:00:00,1.10922,1.11119,1.10919,1.11054,2406
2024-09-23 10:00:00,1.11057,1.11188,1.11049,1.11125,2171
2024-09-23 11:00:00,1.11126,1.11252,1.11119,1.11192,2103
2024-09-23 12:00:00,1.11191,1.11234,1.11081,1.11217,2984
2024-09-23 13:00:00,1.11219,1.11388,1.11198,1.11286,4016
2024-09-23 14:00:00,1.11285,1.11429,1.11148,1.1132,4370
2024-09-23 15:00:00,1.11322,1.11367,1.11231,1.11298,2931
2024-09-23 16:00:00,1.11296,1.11296,1.11208,1.11248,2663
2024-09-23 17:00:00,1.1125,1.11282,1.11196,1.11201,1779
2024-09-23 18:00:00,1.112,1.11236,1.11155,1.11166,1558
2024-09-23 19:00:00,1.11165,1.11174,1.11116,1.11144,1211
2024-09-23 20:00:00,1.11144,1.11144,1.11093,1.11099,725
2024-09-23 21:00:00,1.11097,1.11118,1.11073,1.11118,837
2024-09-23 22:00:00,1.11118,1.11139,1.11104,1.11107,375
2024-09-23 23:00:00,1.1111,1.11115,1.11072,1.11106,438
2024-09-24 00:00:00,1.11105,1.11135,1.11039,1.11055,1285
2024-09-24 01:00:00,1.11055,1.1111,1.1104,1.1107,1439
2024-09-24 02:00:00,1.1107,1.11081,1.11029,1.11052,868
2024-09-24 03:00:00,1.11052,1.11131,1.1105,1.11122,1021
2024-09-24 04:00:00,1.11122,1.11173,1.11089,1.11166,993
2024-09-24 05:00:00,1.11166,1.11191,1.11134,1.1116,1440
2024-09-24 06:00:00,1.11156,1.11185,1.11039,1.11145,2499
2024-09-24 07:00:00,1.11142,1.11317,1.11121,1.1127,2783
2024-09-24 08:00:00,1.1126800000000001,1.11445,1.1126,1.11395,2608
2024-09-24 09:00:00,1.11396,1.11456,1.11314,1.11353,1935
2024-09-24 10:00:00,1.11353,1.1141,1.11266,1.11278,2115
2024-09-24 11:00:00,1.11278,1.11296,1.11216,1.11288,1728
2024-09-24 12:00:00,1.11289,1.11473,1.11286,1.11404,2691
2024-09-24 13:00:00,1.11402,1.11441,1.11323,1.11387,3151
2024-09-24 14:00:00,1.11387,1.11631,1.11385,1.11502,4686
2024-09-24 15:00:00,1.11501,1.11557,1.11463,1.11496,2824
2024-09-24 16:00:00,1.1149499999999999,1.11616,1.11487,1.11581,1962
2024-09-24 17:00:00,1.11581,1.11635,1.11545,1.1162,1552
2024-09-24 18:00:00,1.11621,1.11665,1.11592,1.11655,1307
2024-09-24 19:00:00,1.11658,1.11764,1.11646,1.11763,1377
2024-09-24 20:00:00,1.11762,1.11803,1.11745,1.1179000000000001,805
2024-09-24 21:00:00,1.11791,1.11793,1.11758,1.11783,698
2024-09-24 22:00:00,1.11781,1.11882,1.11781,1.1188,491
2024-09-24 23:00:00,1.1188,1.11905,1.11828,1.11903,822
2024-09-25 00:00:00,1.11903,1.11936,1.11867,1.11926,1440
2024-09-25 01:00:00,1.11929,1.11934,1.1185,1.11878,1551
2024-09-25 02:00:00,1.11878,1.1195599999999999,1.11872,1.11945,1052
2024-09-25 03:00:00,1.11946,1.11983,1.1191200000000001,1.11974,854
2024-09-25 04:00:00,1.11975,1.11982,1.11932,1.11954,731
2024-09-25 05:00:00,1.11954,1.11958,1.11916,1.1195,931
2024-09-25 06:00:00,1.11951,1.11954,1.11863,1.11901,1803
2024-09-25 07:00:00,1.11903,1.11959,1.11853,1.1191200000000001,2649
2024-09-25 08:00:00,1.1191200000000001,1.11949,1.11819,1.11845,2490
2024-09-25 09:00:00,1.11843,1.11873,1.11777,1.11827,2029
2024-09-25 10:00:00,1.11824,1.11885,1.11807,1.11867,1897
2024-09-25 11:00:00,1.11868,1.1197,1.11827,1.11952,1870
2024-09-25 12:00:00,1.11953,1.12073,1.11911,1.1197300000000001,3231
2024-09-25 13:00:00,1.1197300000000001,1.12137,1.11949,1.11949,4224
2024-09-25 14:00:00,1.11949,1.11951,1.11649,1.11723,4056
2024-09-25 15:00:00,1.11725,1.1175,1.11412,1.1143,3877
2024-09-25 16:00:00,1.11428,1.11474,1.11326,1.11341,2508
2024-09-25 17:00:00,1.11341,1.11374,1.1121,1.11367,2318
2024-09-25 18:00:00,1.11367,1.11384,1.11322,1.11337,1624
2024-09-25 19:00:00,1.11335,1.11355,1.11249,1.11258,1422
2024-09-25 20:00:00,1.1126,1.11322,1.11245,1.1131199999999999,819
2024-09-25 21:00:00,1.1131,1.11324,1.1128,1.11324,792
2024-09-25 22:00:00,1.11326,1.11327,1.11302,1.11315,379
2024-09-25 23:00:00,1.11314,1.11318,1.11289,1.11292,499
2024-09-26 00:00:00,1.11292,1.11367,1.11287,1.11363,1038
2024-09-26 01:00:00,1.11364,1.11408,1.11313,1.1139000000000001,1203
2024-09-26 02:00:00,1.1139000000000001,1.11414,1.11366,1.11404,978
2024-09-26 03:00:00,1.11404,1.11447,1.11374,1.11401,808
2024-09-26 04:00:00,1.11402,1.11432,1.11372,1.11413,738
2024-09-26 05:00:00,1.11413,1.11515,1.11399,1.11492,1109
2024-09-26 06:00:00,1.1149,1.11561,1.11465,1.11531,1958
2024-09-26 07:00:00,1.11528,1.11574,1.11334,1.11347,3167
2024-09-26 08:00:00,1.11344,1.11433,1.11252,1.1141,3309
2024-09-26 09:00:00,1.11413,1.11517,1.11413,1.11433,2208
2024-09-26 10:00:00,1.11433,1.11547,1.11391,1.11534,2382
2024-09-26 11:00:00,1.11534,1.11612,1.11478,1.11537,2511
2024-09-26 12:00:00,1.11537,1.1165,1.11372,1.11507,4897
2024-09-26 13:00:00,1.11509,1.11594,1.1134,1.11397,5417
2024-09-26 14:00:00,1.11398,1.11742,1.11253,1.11645,5805
2024-09-26 15:00:00,1.11643,1.11889,1.1164,1.11824,3622
2024-09-26 16:00:00,1.11822,1.11824,1.11659,1.11687,3040
2024-09-26 17:00:00,1.11685,1.11795,1.11677,1.11791,2492
2024-09-26 18:00:00,1.11793,1.1182,1.11727,1.1179000000000001,1837
2024-09-26 19:00:00,1.11792,1.11837,1.1176,1.11776,1301
2024-09-26 20:00:00,1.11778,1.11784,1.1174,1.11753,820
2024-09-26 21:00:00,1.11757,1.11757,1.11724,1.1175,883
2024-09-26 22:00:00,1.1175,1.11777,1.11748,1.11755,525
2024-09-26 23:00:00,1.11758,1.11768,1.11733,1.11764,545
2024-09-27 00:00:00,1.11764,1.11773,1.11677,1.1169,1419
2024-09-27 01:00:00,1.11688,1.11715,1.11623,1.11639,1672
2024-09-27 02:00:00,1.11639,1.11692,1.11622,1.11687,1127
2024-09-27 03:00:00,1.11687,1.11728,1.11682,1.11687,890
2024-09-27 04:00:00,1.11687,1.11693,1.11634,1.11644,915
2024-09-27 05:00:00,1.11644,1.11681,1.11582,1.11635,1899
2024-09-27 06:00:00,1.11635,1.11755,1.11399,1.11504,5220
2024-09-27 07:00:00,1.11503,1.11503,1.11242,1.11326,4501
2024-09-27 08:00:00,1.11326,1.11448,1.11259,1.11439,2862
2024-09-27 09:00:00,1.11441,1.11593,1.11367,1.11588,2342
2024-09-27 10:00:00,1.11589,1.11705,1.11551,1.11631,2207
2024-09-27 11:00:00,1.11629,1.11671,1.11587,1.11622,2284
2024-09-27 12:00:00,1.11621,1.12016,1.11539,1.11992,4915
2024-09-27 13:00:00,1.11989,1.12026,1.11792,1.1185,5169
2024-09-27 14:00:00,1.11849,1.11915,1.11689,1.11779,4762
2024-09-27 15:00:00,1.11777,1.11778,1.11537,1.11583,3278
2024-09-27 16:00:00,1.11581,1.11598,1.1146,1.11514,2969
2024-09-27 17:00:00,1.11514,1.11654,1.11498,1.1163,2368
2024-09-27 18:00:00,1.11631,1.11674,1.11591,1.11672,1689
2024-09-27 19:00:00,1.11672,1.11673,1.11622,1.11637,1356
2024-09-27 20:00:00,1.11635,1.11673,1.11588,1.11632,923
2024-09-29 21:00:00,1.11576,1.11613,1.11566,1.11586,416
2024-09-29 22:00:00,1.116,1.11721,1.11598,1.11702,910
2024-09-29 23:00:00,1.11702,1.11711,1.11672,1.11686,719
2024-09-30 00:00:00,1.11686,1.11734,1.1168,1.11704,1385
2024-09-30 01:00:00,1.11705,1.11725,1.11603,1.11603,1530
2024-09-30 02:00:00,1.11603,1.1162,1.11559,1.11599,1242
2024-09-30 03:00:00,1.11602,1.11613,1.11558,1.11577,896
2024-09-30 04:00:00,1.11577,1.1161699999999999,1.11577,1.11613,801
2024-09-30 05:00:00,1.11614,1.11687,1.1160700000000001,1.11662,1320
2024-09-30 06:00:00,1.1166,1.11684,1.11557,1.11676,1969
2024-09-30 07:00:00,1.11675,1.1175,1.1159,1.11719,2658
2024-09-30 08:00:00,1.11721,1.12087,1.11721,1.12053,3504
2024-09-30 09:00:00,1.12054,1.12054,1.11881,1.11892,3031
2024-09-30 10:00:00,1.11892,1.11909,1.11827,1.11897,2013
2024-09-30 11:00:00,1.11897,1.12025,1.11884,1.1197,2105
2024-09-30 12:00:00,1.11972,1.12007,1.11856,1.11895,2361
2024-09-30 13:00:00,1.11896,1.11909,1.11663,1.11682,4009
2024-09-30 14:00:00,1.11681,1.11685,1.11405,1.11578,5372
2024-09-30 15:00:00,1.11577,1.11639,1.11346,1.11439,3769
2024-09-30 16:00:00,1.11441,1.11496,1.11392,1.11479,2833
2024-09-30 17:00:00,1.1148,1.11622,1.11475,1.11524,1952
2024-09-30 18:00:00,1.11522,1.11545,1.11133,1.11317,6586
2024-09-30 19:00:00,1.11319,1.11357,1.11211,1.11323,2262
2024-09-30 20:00:00,1.11325,1.11361,1.11297,1.11341,867
2024-09-30 21:00:00,1.11338,1.11346,1.113,1.11346,561
2024-09-30 22:00:00,1.11356,1.11415,1.11342,1.11409,532
2024-09-30 23:00:00,1.11411,1.11422,1.11352,1.11362,741
2024-10-01 00:00:00,1.11363,1.11371,1.1126800000000001,1.11316,1564
2024-10-01 01:00:00,1.11316,1.11429,1.11309,1.11426,1308
2024-10-01 02:00:00,1.11428,1.11429,1.11355,1.11383,873
2024-10-01 03:00:00,1.11383,1.11397,1.11349,1.1137299999999999,899
2024-10-01 04:00:00,1.11374,1.11411,1.11342,1.11404,779
2024-10-01 05:00:00,1.11406,1.11436,1.1136,1.1137299999999999,1250
2024-10-01 06:00:00,1.11371,1.11408,1.11305,1.11341,2165
2024-10-01 07:00:00,1.11338,1.11367,1.11112,1.11148,4778
2024-10-01 08:00:00,1.1115,1.11196,1.10975,1.11027,3342
2024-10-01 09:00:00,1.11029,1.11142,1.10918,1.10947,2763
2024-10-01 10:00:00,1.10948,1.1097299999999999,1.10832,1.10868,2322
2024-10-01 11:00:00,1.10869,1.10995,1.10783,1.10844,2966
2024-10-01 12:00:00,1.10843,1.10883,1.10697,1.10708,3450
2024-10-01 13:00:00,1.1071,1.10826,1.10578,1.10715,5995
2024-10-01 14:00:00,1.10712,1.10863,1.10572,1.10762,6981
2024-10-01 15:00:00,1.10763,1.10776,1.10594,1.1066,3620
2024-10-01 16:00:00,1.10658,1.10714,1.10477,1.10539,3499
2024-10-01 17:00:00,1.10539,1.10645,1.10453,1.10619,3886
2024-10-01 18:00:00,1.10621,1.10717,1.1062,1.1071,2219
2024-10-01 19:00:00,1.10712,1.10768,1.10659,1.10671,1787
2024-10-01 20:00:00,1.10673,1.10723,1.10651,1.1066,1090
2024-10-01 21:00:00,1.10658,1.10686,1.1065,1.1068500000000001,708
2024-10-01 22:00:00,1.10683,1.10705,1.10666,1.1066799999999999,432
2024-10-01 23:00:00,1.1066799999999999,1.10671,1.10632,1.10642,582
2024-10-02 00:00:00,1.10643,1.10717,1.1063,1.10652,1255
2024-10-02 01:00:00,1.10652,1.10736,1.10652,1.10717,1327
2024-10-02 02:00:00,1.10717,1.10728,1.10629,1.10661,1100
2024-10-02 03:00:00,1.10661,1.10709,1.10634,1.10701,1129
2024-10-02 04:00:00,1.10701,1.10734,1.10598,1.10628,1244
2024-10-02 05:00:00,1.10625,1.10634,1.10535,1.10615,2000
2024-10-02 06:00:00,1.10613,1.10697,1.10594,1.10662,2209
2024-10-02 07:00:00,1.10664,1.10723,1.10626,1.1066,2943
2024-10-02 08:00:00,1.1066,1.10824,1.10635,1.10722,2636
2024-10-02 09:00:00,1.10721,1.10721,1.1060699999999999,1.10709,2067
2024-10-02 10:00:00,1.10709,1.10761,1.10659,1.10663,2431
2024-10-02 11:00:00,1.10666,1.10763,1.10642,1.10751,2085
2024-10-02 12:00:00,1.10753,1.10769,1.10508,1.10531,3321
2024-10-02 13:00:00,1.10534,1.10652,1.10467,1.1051,3322
2024-10-02 14:00:00,1.10508,1.10561,1.10347,1.1036,3983
2024-10-02 15:00:00,1.10359,1.10498,1.10324,1.1049,2891
2024-10-02 16:00:00,1.10491,1.10544,1.10433,1.10464,2086
2024-10-02 17:00:00,1.10466,1.10497,1.1044100000000001,1.10469,1657
2024-10-02 18:00:00,1.10469,1.1048,1.10371,1.10379,1433
2024-10-02 19:00:00,1.10382,1.10528,1.10365,1.10483,1225
2024-10-02 20:00:00,1.10481,1.1052,1.10438,1.10439,1212
2024-10-02 21:00:00,1.10438,1.10475,1.10411,1.10475,741
2024-10-02 22:00:00,1.10472,1.1049,1.10452,1.10457,536
2024-10-02 23:00:00,1.10458,1.10474,1.10435,1.10456,509
2024-10-03 00:00:00,1.10455,1.10463,1.10368,1.10389,1374
2024-10-03 01:00:00,1.10388,1.10404,1.10348,1.1039,1336
2024-10-03 02:00:00,1.10391,1.10391,1.10349,1.10354,926
2024-10-03 03:00:00,1.10355,1.10366,1.10315,1.10353,917
2024-10-03 04:00:00,1.10355,1.10355,1.1031900000000001,1.10326,780
2024-10-03 05:00:00,1.10328,1.10346,1.10245,1.10284,1927
2024-10-03 06:00:00,1.10281,1.10417,1.10263,1.10376,2500
2024-10-03 07:00:00,1.10373,1.10395,1.10271,1.10326,3221
2024-10-03 08:00:00,1.10326,1.10457,1.1029,1.10373,3112
2024-10-03 09:00:00,1.10371,1.10462,1.10342,1.10356,2435
2024-10-03 10:00:00,1.10354,1.10434,1.10337,1.10422,2069
2024-10-03 11:00:00,1.1042399999999999,1.10457,1.10375,1.10425,2240
2024-10-03 12:00:00,1.10423,1.10463,1.10277,1.1032,4048
2024-10-03 13:00:00,1.10318,1.10433,1.10279,1.10374,3847
2024-10-03 14:00:00,1.10358,1.10384,1.1008,1.10167,7424
2024-10-03 15:00:00,1.10167,1.10236,1.10118,1.10144,3379
2024-10-03 16:00:00,1.1014599999999999,1.10335,1.10137,1.103,2343
2024-10-03 17:00:00,1.10302,1.10357,1.10297,1.10323,1887
2024-10-03 18:00:00,1.10323,1.10344,1.10255,1.10259,1601
2024-10-03 19:00:00,1.1025800000000001,1.10316,1.10245,1.10281,1160
2024-10-03 20:00:00,1.10283,1.10294,1.10257,1.10287,693
2024-10-03 21:00:00,1.10284,1.1032,1.10256,1.1032,790
2024-10-03 22:00:00,1.10318,1.10349,1.103,1.10341,532
2024-10-03 23:00:00,1.10341,1.1037,1.10328,1.10346,496
2024-10-04 00:00:00,1.10346,1.10391,1.10327,1.10344,1268
2024-10-04 01:00:00,1.10344,1.10359,1.10284,1.10296,1620
2024-10-04 02:00:00,1.10297,1.10343,1.10277,1.10301,1296
2024-10-04 03:00:00,1.10302,1.10311,1.1025,1.1026799999999999,947
2024-10-04 04:00:00,1.1026799999999999,1.10298,1.10246,1.10271,850
2024-10-04 05:00:00,1.10271,1.10347,1.1025800000000001,1.10328,1118
2024-10-04 06:00:00,1.10326,1.10342,1.1026799999999999,1.10316,1990
2024-10-04 07:00:00,1.10315,1.10351,1.10251,1.10277,2756
2024-10-04 08:00:00,1.10277,1.10296,1.1020699999999999,1.1025,2329
2024-10-04 09:00:00,1.10251,1.10279,1.10196,1.10267,2251
2024-10-04 10:00:00,1.10267,1.10331,1.10255,1.10269,1714
2024-10-04 11:00:00,1.10269,1.10366,1.10267,1.1031900000000001,1839
2024-10-04 12:00:00,1.1031900000000001,1.10326,1.09588,1.09607,7097
2024-10-04 13:00:00,1.09605,1.09784,1.09583,1.09726,6029
2024-10-04 14:00:00,1.09729,1.09814,1.09665,1.0969,4413
2024-10-04 15:00:00,1.09692,1.0973600000000001,1.09544,1.09604,3578
2024-10-04 16:00:00,1.09605,1.0961400000000001,1.09509,1.09594,2521
2024-10-04 17:00:00,1.09594,1.09689,1.09573,1.0967500000000001,1785
2024-10-04 18:00:00,1.0967500000000001,1.09735,1.09647,1.09721,1332
2024-10-04 19:00:00,1.09721,1.09772,1.09702,1.09758,1083
2024-10-04 20:00:00,1.0976,1.09772,1.0972,1.09743,1017
2024-10-06 21:00:00,1.09663,1.09711,1.09609,1.09689,596
2024-10-06 22:00:00,1.09688,1.09708,1.09618,1.09679,955
2024-10-06 23:00:00,1.09691,1.09714,1.0967500000000001,1.09702,947
2024-10-07 00:00:00,1.09701,1.09752,1.09679,1.09695,1479
2024-10-07 01:00:00,1.09695,1.09773,1.09693,1.09732,1792
2024-10-07 02:00:00,1.09732,1.0977,1.0971,1.09711,1337
2024-10-07 03:00:00,1.0971,1.09731,1.09693,1.09718,943
2024-10-07 04:00:00,1.09718,1.09732,1.09678,1.0968,656
2024-10-07 05:00:00,1.0968,1.09698,1.0964,1.09689,941
2024-10-07 06:00:00,1.09687,1.0971899999999999,1.09631,1.09706,2494
2024-10-07 07:00:00,1.09705,1.09722,1.09577,1.09691,3249
2024-10-07 08:00:00,1.09693,1.09784,1.0965,1.09695,2623
2024-10-07 09:00:00,1.09695,1.09695,1.0954,1.09585,2603
2024-10-07 10:00:00,1.09583,1.09692,1.09574,1.09649,2370
2024-10-07 11:00:00,1.09647,1.09803,1.09616,1.09765,2607
2024-10-07 12:00:00,1.09767,1.09832,1.09712,1.09768,2894
2024-10-07 13:00:00,1.09767,1.09828,1.09716,1.09793,3596
2024-10-07 14:00:00,1.09795,1.09845,1.09692,1.09745,3624
2024-10-07 15:00:00,1.09743,1.09788,1.09726,1.09754,2759
2024-10-07 16:00:00,1.09753,1.09843,1.09747,1.09833,1848
2024-10-07 17:00:00,1.09831,1.09864,1.09807,1.09819,1448
2024-10-07 18:00:00,1.09819,1.09821,1.09679,1.09689,1479
2024-10-07 19:00:00,1.09688,1.09724,1.09654,1.0971899999999999,1632
2024-10-07 20:00:00,1.09717,1.09745,1.09704,1.09729,763
2024-10-07 21:00:00,1.09731,1.09737,1.09708,1.09724,994
2024-10-07 22:00:00,1.09733,1.09785,1.0971,1.09777,479
2024-10-07 23:00:00,1.09779,1.09786,1.09739,1.0974,651
2024-10-08 00:00:00,1.0974,1.09833,1.09733,1.09813,1248
2024-10-08 01:00:00,1.0981,1.09845,1.098,1.09831,1415
2024-10-08 02:00:00,1.09831,1.09843,1.09725,1.09811,2023
2024-10-08 03:00:00,1.09812,1.09866,1.09811,1.09829,1277
2024-10-08 04:00:00,1.09828,1.09863,1.09827,1.0985,774
2024-10-08 05:00:00,1.0985,1.09865,1.0981,1.09827,1308
2024-10-08 06:00:00,1.09824,1.09885,1.09809,1.09835,2017
2024-10-08 07:00:00,1.09834,1.09952,1.09781,1.09948,3053
2024-10-08 08:00:00,1.0995,1.09968,1.09827,1.09932,2395
2024-10-08 09:00:00,1.09934,1.09943,1.09853,1.09873,2161
2024-10-08 10:00:00,1.09871,1.09915,1.09816,1.09847,1967
2024-10-08 11:00:00,1.09846,1.09891,1.09781,1.09872,1823
2024-10-08 12:00:00,1.09872,1.09894,1.09711,1.09756,2433
2024-10-08 13:00:00,1.09756,1.09835,1.09742,1.09774,3157
2024-10-08 14:00:00,1.09774,1.098,1.09659,1.09706,2904
2024-10-08 15:00:00,1.09706,1.0972,1.09605,1.09693,2390
2024-10-08 16:00:00,1.09693,1.09774,1.09682,1.09752,1557
2024-10-08 17:00:00,1.09752,1.09752,1.09654,1.09739,1890
2024-10-08 18:00:00,1.09738,1.09758,1.09683,1.09718,1265
2024-10-08 19:00:00,1.09718,1.09777,1.09691,1.09773,1105
2024-10-08 20:00:00,1.09771,1.09801,1.09762,1.09796,615
2024-10-08 21:00:00,1.09794,1.09795,1.09747,1.09787,891
2024-10-08 22:00:00,1.09785,1.09805,1.09777,1.09802,307
2024-10-08 23:00:00,1.09803,1.09805,1.09749,1.09753,530
2024-10-09 00:00:00,1.09751,1.09782,1.09734,1.09751,950
2024-10-09 01:00:00,1.09751,1.09771,1.09683,1.09731,1658
2024-10-09 02:00:00,1.09732,1.0973600000000001,1.09684,1.09702,1270
2024-10-09 03:00:00,1.09703,1.09708,1.09665,1.09673,1094
2024-10-09 04:00:00,1.09673,1.09683,1.09618,1.0963,692
2024-10-09 05:00:00,1.09632,1.09755,1.09632,1.09727,2585
2024-10-09 06:00:00,1.09727,1.09727,1.09617,1.09626,1832
2024-10-09 07:00:00,1.09626,1.09665,1.09506,1.09599,2867
2024-10-09 08:00:00,1.096,1.09639,1.09528,1.09574,2344
2024-10-09 09:00:00,1.09573,1.09671,1.09565,1.09664,2040
2024-10-09 10:00:00,1.09662,1.09702,1.09629,1.09651,1569
2024-10-09 11:00:00,1.09651,1.09666,1.09537,1.09538,1692
2024-10-09 12:00:00,1.09538,1.09587,1.09523,1.09563,2066
2024-10-09 13:00:00,1.09563,1.09581,1.09457,1.0953,2565
2024-10-09 14:00:00,1.09528,1.09592,1.09393,1.09474,3041
2024-10-09 15:00:00,1.09472,1.09556,1.09463,1.09506,2460
2024-10-09 16:00:00,1.09505,1.09505,1.09398,1.09411,1769
2024-10-09 17:00:00,1.09411,1.09421,1.09365,1.09389,1501
2024-10-09 18:00:00,1.09391,1.09424,1.09357,1.09363,1660
2024-10-09 19:00:00,1.09363,1.0941,1.09363,1.09379,1216
2024-10-09 20:00:00,1.0937999999999999,1.09403,1.09363,1.09393,707
2024-10-09 21:00:00,1.09387,1.09408,1.09367,1.09408,633
2024-10-09 22:00:00,1.09405,1.09425,1.09376,1.09405,478
2024-10-09 23:00:00,1.09405,1.0942,1.09385,1.09413,478
2024-10-10 00:00:00,1.09413,1.09424,1.09388,1.09401,1112
2024-10-10 01:00:00,1.094,1.09455,1.09392,1.09428,1337
2024-10-10 02:00:00,1.09425,1.0945,1.09385,1.09418,1240
2024-10-10 03:00:00,1.09417,1.09455,1.09411,1.0943100000000001,819
2024-10-10 04:00:00,1.0943100000000001,1.09442,1.09377,1.09405,691
2024-10-10 05:00:00,1.09406,1.0942,1.09366,1.09385,1108
2024-10-10 06:00:00,1.09384,1.09425,1.09361,1.09366,1717
2024-10-10 07:00:00,1.09364,1.09426,1.09326,1.09371,2365
2024-10-10 08:00:00,1.09373,1.0939,1.09277,1.09328,1994
2024-10-10 09:00:00,1.09328,1.09335,1.09274,1.09334,1615
2024-10-10 10:00:00,1.09332,1.09393,1.09303,1.09388,1688
2024-10-10 11:00:00,1.09387,1.09391,1.09267,1.09303,2050
2024-10-10 12:00:00,1.09304,1.09539,1.09072,1.09437,7931
2024-10-10 13:00:00,1.09439,1.09495,1.09335,1.0937000000000001,6066
2024-10-10 14:00:00,1.0937000000000001,1.09417,1.09132,1.09219,5221
2024-10-10 15:00:00,1.09221,1.09294,1.0916,1.09245,3153
2024-10-10 16:00:00,1.09247,1.09279,1.09024,1.09057,3030
2024-10-10 17:00:00,1.0906,1.09201,1.08998,1.09185,2812
2024-10-10 18:00:00,1.09185,1.09261,1.09175,1.09216,1727
2024-10-10 19:00:00,1.09216,1.09341,1.09206,1.09338,1427
2024-10-10 20:00:00,1.0934,1.09373,1.09334,1.09348,818
2024-10-10 21:00:00,1.09351,1.09358,1.09316,1.09352,964
2024-10-10 22:00:00,1.09351,1.09361,1.09325,1.09336,437
2024-10-10 23:00:00,1.09336,1.09342,1.09321,1.09331,508
2024-10-11 00:00:00,1.0933,1.09373,1.09316,1.09368,972
2024-10-11 01:00:00,1.0937000000000001,1.09374,1.09293,1.09313,1070
2024-10-11 02:00:00,1.09313,1.09373,1.09304,1.09362,819
2024-10-11 03:00:00,1.09362,1.09403,1.09358,1.0939,847
2024-10-11 04:00:00,1.0939,1.09403,1.0935,1.09353,652
2024-10-11 05:00:00,1.09353,1.09376,1.09323,1.09351,657
2024-10-11 06:00:00,1.09353,1.09402,1.0932,1.09396,1641
2024-10-11 07:00:00,1.09393,1.09449,1.09318,1.0944099999999999,2054
2024-10-11 08:00:00,1.0944,1.09536,1.09412,1.09489,1755
2024-10-11 09:00:00,1.09487,1.09505,1.09378,1.09386,1501
2024-10-11 10:00:00,1.09384,1.09392,1.09307,1.09348,1564
2024-10-11 11:00:00,1.09348,1.09358,1.0927,1.09306,1829
2024-10-11 12:00:00,1.09307,1.0950199999999999,1.09257,1.09326,3695
2024-10-11 13:00:00,1.09324,1.09399,1.09275,1.09379,3345
2024-10-11 14:00:00,1.09381,1.09488,1.09332,1.09422,3945
2024-10-11 15:00:00,1.0942,1.0952,1.09408,1.09409,2253
2024-10-11 16:00:00,1.0941,1.0947,1.09399,1.09443,1450
2024-10-11 17:00:00,1.09443,1.09472,1.09421,1.0943100000000001,1305
2024-10-11 18:00:00,1.09429,1.09457,1.09385,1.09388,1027
2024-10-11 19:00:00,1.0939,1.09392,1.09327,1.09329,726
2024-10-11 20:00:00,1.09327,1.09378,1.0932,1.09357,956
2024-10-13 21:00:00,1.09311,1.09322,1.093,1.09315,289
2024-10-13 22:00:00,1.09314,1.09318,1.09255,1.09269,579
2024-10-13 23:00:00,1.09272,1.09282,1.09219,1.09229,613
2024-10-14 00:00:00,1.09229,1.09242,1.0915,1.0921,1274
2024-10-14 01:00:00,1.09211,1.09249,1.09175,1.09229,1530
2024-10-14 02:00:00,1.0923,1.09263,1.09181,1.09243,1226
2024-10-14 03:00:00,1.09243,1.09288,1.09229,1.09253,811
2024-10-14 04:00:00,1.09253,1.09254,1.09228,1.09232,451
2024-10-14 05:00:00,1.09231,1.09262,1.09219,1.09256,756
2024-10-14 06:00:00,1.09257,1.093,1.09243,1.09245,1476
2024-10-14 07:00:00,1.09243,1.09307,1.09232,1.09279,2224
2024-10-14 08:00:00,1.0928,1.09311,1.09233,1.09265,1991
2024-10-14 09:00:00,1.09265,1.09362,1.09263,1.09286,1524
2024-10-14 10:00:00,1.09286,1.09297,1.09218,1.09225,1407
2024-10-14 11:00:00,1.09225,1.09244,1.09086,1.09125,1951
2024-10-14 12:00:00,1.09124,1.09164,1.0907,1.0909200000000001,2380
2024-10-14 13:00:00,1.09088,1.09268,1.09041,1.09189,3159
2024-10-14 14:00:00,1.09189,1.09189,1.09044,1.09143,3108
2024-10-14 15:00:00,1.09143,1.09159,1.09044,1.09066,2029
2024-10-14 16:00:00,1.09066,1.09084,1.09005,1.09013,1307
2024-10-14 17:00:00,1.09013,1.09041,1.08969,1.09034,1043
2024-10-14 18:00:00,1.09035,1.09046,1.08945,1.08968,970
2024-10-14 19:00:00,1.0897000000000001,1.09054,1.08876,1.09033,2146
2024-10-14 20:00:00,1.0903100000000001,1.09086,1.09024,1.09072,755
2024-10-14 21:00:00,1.0907,1.09081,1.09039,1.09077,429
2024-10-14 22:00:00,1.09081,1.09091,1.09045,1.09082,444
2024-10-14 23:00:00,1.09082,1.09099,1.09062,1.09086,593
2024-10-15 00:00:00,1.09089,1.09094,1.09036,1.0907,1101
2024-10-15 01:00:00,1.0907,1.09082,1.09042,1.09068,879
2024-10-15 02:00:00,1.09067,1.09084,1.08999,1.09018,1050
2024-10-15 03:00:00,1.09018,1.09027,1.08954,1.08963,946
2024-10-15 04:00:00,1.08963,1.08963,1.08912,1.08927,772
2024-10-15 05:00:00,1.08927,1.08927,1.0888,1.08912,1077
2024-10-15 06:00:00,1.08911,1.08951,1.08845,1.08924,2149
2024-10-15 07:00:00,1.08922,1.08982,1.08846,1.0898,2651
2024-10-15 08:00:00,1.0898,1.09156,1.08965,1.09101,2330
2024-10-15 09:00:00,1.09103,1.09141,1.09057,1.09134,2022
2024-10-15 10:00:00,1.0913599999999999,1.09145,1.09024,1.09025,1920
2024-10-15 11:00:00,1.09025,1.09086,1.08967,1.09006,2263
2024-10-15 12:00:00,1.09008,1.0912,1.08992,1.09096,2891
2024-10-15 13:00:00,1.09096,1.09166,1.0908,1.09096,2889
2024-10-15 14:00:00,1.09095,1.09114,1.08985,1.09023,3158
2024-10-15 15:00:00,1.09023,1.09068,1.08979,1.08988,2426
2024-10-15 16:00:00,1.08987,1.0902,1.0889,1.08891,1655
2024-10-15 17:00:00,1.08893,1.08902,1.08814,1.08847,1590
2024-10-15 18:00:00,1.08847,1.08895,1.08835,1.08867,1064
2024-10-15 19:00:00,1.08868,1.08898,1.08855,1.08867,1418
2024-10-15 20:00:00,1.08865,1.08919,1.08853,1.08898,797
2024-10-15 21:00:00,1.08905,1.08917,1.08877,1.08917,429
2024-10-15 22:00:00,1.08918,1.08925,1.08874,1.08894,418
2024-10-15 23:00:00,1.08894,1.089,1.08825,1.08829,592
2024-10-16 00:00:00,1.08828,1.08863,1.08817,1.0885,1019
2024-10-16 01:00:00,1.0885,1.08916,1.0884,1.08914,1286
2024-10-16 02:00:00,1.08916,1.08928,1.0888,1.08924,977
2024-10-16 03:00:00,1.08924,1.08952,1.08903,1.08905,898
2024-10-16 04:00:00,1.08905,1.08929,1.08872,1.08893,631
2024-10-16 05:00:00,1.08891,1.08898,1.0886,1.08877,767
2024-10-16 06:00:00,1.08877,1.0889199999999999,1.08757,1.08775,2750
2024-10-16 07:00:00,1.08772,1.08851,1.08747,1.08819,2539
2024-10-16 08:00:00,1.08819,1.0884,1.08774,1.08827,2186
2024-10-16 09:00:00,1.08827,1.08967,1.08821,1.08941,2250
2024-10-16 10:00:00,1.08943,1.0895,1.08891,1.08897,1600
2024-10-16 11:00:00,1.08895,1.0895299999999999,1.08865,1.08941,1826
2024-10-16 12:00:00,1.08941,1.09013,1.08861,1.08883,2165
2024-10-16 13:00:00,1.08886,1.08972,1.08845,1.08896,2617
2024-10-16 14:00:00,1.08898,1.08906,1.08709,1.08795,2802
2024-10-16 15:00:00,1.08795,1.08798,1.08658,1.08722,2241
2024-10-16 16:00:00,1.08721,1.08762,1.08667,1.0868,1415
2024-10-16 17:00:00,1.0868,1.08681,1.0861,1.0862,1198
2024-10-16 18:00:00,1.0862,1.08627,1.08547,1.08554,1351
2024-10-16 19:00:00,1.08555,1.08599,1.08528,1.08575,1182
2024-10-16 20:00:00,1.08573,1.08624,1.08569,1.08603,746
2024-10-16 21:00:00,1.08601,1.08628,1.08574,1.08628,854
2024-10-16 22:00:00,1.08632,1.08666,1.0857,1.08584,600
2024-10-16 23:00:00,1.08584,1.08593,1.08561,1.08586,485
2024-10-17 00:00:00,1.08586,1.08639,1.08576,1.08629,1217
2024-10-17 01:00:00,1.08629,1.08634,1.08586,1.08621,1381
2024-10-17 02:00:00,1.08621,1.08646,1.08587,1.08616,1384
2024-10-17 03:00:00,1.0861399999999999,1.08618,1.08507,1.08524,995
2024-10-17 04:00:00,1.08525,1.08554,1.08519,1.0853,814
2024-10-17 05:00:00,1.0853,1.0855,1.08521,1.08542,1082
2024-10-17 06:00:00,1.08539,1.08579,1.0849199999999999,1.08505,1534
2024-10-17 07:00:00,1.08503,1.08572,1.08485,1.08542,2226
2024-10-17 08:00:00,1.08542,1.08563,1.08486,1.08512,1818
2024-10-17 09:00:00,1.08515,1.08639,1.08497,1.08584,1885
2024-10-17 10:00:00,1.08584,1.08644,1.08576,1.08636,1563
2024-10-17 11:00:00,1.08636,1.08668,1.08626,1.08627,1402
2024-10-17 12:00:00,1.08628,1.0873,1.08331,1.08425,5142
2024-10-17 13:00:00,1.08424,1.08442,1.08106,1.08325,5715
2024-10-17 14:00:00,1.08327,1.08348,1.08135,1.08282,4492
2024-10-17 15:00:00,1.08281,1.08406,1.08241,1.08362,2838
2024-10-17 16:00:00,1.08364,1.08367,1.08219,1.08245,1958
2024-10-17 17:00:00,1.0824799999999999,1.08277,1.08205,1.08252,1203
2024-10-17 18:00:00,1.08252,1.08315,1.0824,1.08245,1509
2024-10-17 19:00:00,1.08245,1.0828,1.0823,1.08275,1179
2024-10-17 20:00:00,1.08274,1.08305,1.08263,1.08286,615
2024-10-17 21:00:00,1.08284,1.08314,1.08271,1.08314,542
2024-10-17 22:00:00,1.08314,1.08327,1.08286,1.08286,486
2024-10-17 23:00:00,1.08288,1.08296,1.0825,1.08287,467
2024-10-18 00:00:00,1.08288,1.08318,1.08268,1.08284,1278
2024-10-18 01:00:00,1.08284,1.08357,1.08272,1.08345,1329
2024-10-18 02:00:00,1.08345,1.08392,1.08328,1.08385,1172
2024-10-18 03:00:00,1.08385,1.08392,1.08365,1.08382,954
2024-10-18 04:00:00,1.08382,1.08403,1.08377,1.084,627
2024-10-18 05:00:00,1.08402,1.08437,1.0838,1.08428,1028
2024-10-18 06:00:00,1.08426,1.08483,1.08377,1.08438,2215
2024-10-18 07:00:00,1.08436,1.08438,1.08364,1.08407,2188
2024-10-18 08:00:00,1.08408,1.08463,1.08342,1.08375,1968
2024-10-18 09:00:00,1.08374,1.08452,1.08338,1.08436,1984
2024-10-18 10:00:00,1.08438,1.08485,1.08378,1.08446,1751
2024-10-18 11:00:00,1.08448,1.08516,1.08413,1.08477,1648
2024-10-18 12:00:00,1.08478,1.08596,1.08459,1.08588,2313
2024-10-18 13:00:00,1.08588,1.08629,1.0851,1.08563,2260
2024-10-18 14:00:00,1.08563,1.0864,1.08546,1.08569,2441
2024-10-18 15:00:00,1.08568,1.08599,1.08526,1.08531,2117
2024-10-18 16:00:00,1.08531,1.08678,1.08525,1.08662,1384
2024-10-18 17:00:00,1.08659,1.0866,1.08586,1.08616,1151
2024-10-18 18:00:00,1.0861399999999999,1.0867499999999999,1.08611,1.0865,1095
2024-10-18 19:00:00,1.08649,1.08656,1.08619,1.08634,1254
2024-10-18 20:00:00,1.08633,1.08693,1.08625,1.08673,757
2024-10-20 21:00:00,1.08602,1.08655,1.08587,1.0865,347
2024-10-20 22:00:00,1.08652,1.08693,1.08635,1.08676,674
2024-10-20 23:00:00,1.08688,1.08694,1.0865,1.08678,657
2024-10-21 00:00:00,1.08679,1.08685,1.08636,1.08644,1137
2024-10-21 01:00:00,1.08644,1.08679,1.08633,1.08649,1343
2024-10-21 02:00:00,1.08649,1.08669,1.08637,1.08642,1143
2024-10-21 03:00:00,1.08641,1.08676,1.0864,1.08657,848
2024-10-21 04:00:00,1.08657,1.08658,1.0858,1.08584,714
2024-10-21 05:00:00,1.08584,1.0863,1.08583,1.08597,1126
2024-10-21 06:00:00,1.08595,1.08595,1.0849199999999999,1.08521,1537
2024-10-21 07:00:00,1.0852,1.08568,1.08456,1.08478,1903
2024-10-21 08:00:00,1.08478,1.08576,1.08478,1.08548,1661
2024-10-21 09:00:00,1.08548,1.08578,1.08462,1.08463,1574
2024-10-21 10:00:00,1.08463,1.08491,1.08443,1.08471,1546
2024-10-21 11:00:00,1.08473,1.08558,1.08463,1.08551,1492
2024-10-21 12:00:00,1.08552,1.08587,1.08506,1.08568,2050
2024-10-21 13:00:00,1.08568,1.08575,1.08434,1.0847,2214
2024-10-21 14:00:00,1.08473,1.08484,1.08329,1.08347,2343
2024-10-21 15:00:00,1.08345,1.08348,1.08194,1.08197,2213
2024-10-21 16:00:00,1.08197,1.08228,1.08166,1.08183,1521
2024-10-21 17:00:00,1.08183,1.08227,1.08152,1.0816,1430
2024-10-21 18:00:00,1.08159,1.08167,1.08107,1.08113,1172
2024-10-21 19:00:00,1.08114,1.0815,1.08108,1.0815,963
2024-10-21 20:00:00,1.08149,1.08164,1.08119,1.08137,853
2024-10-21 21:00:00,1.08138,1.08155,1.08112,1.08155,600
2024-10-21 22:00:00,1.08156,1.08173,1.08149,1.08151,507
2024-10-21 23:00:00,1.08152,1.08165,1.08137,1.08152,578
2024-10-22 00:00:00,1.08151,1.0818,1.08139,1.08156,1030
2024-10-22 01:00:00,1.08155,1.08203,1.08155,1.08186,1217
2024-10-22 02:00:00,1.08188,1.0821,1.08147,1.08155,989
2024-10-22 03:00:00,1.08154,1.08189,1.08146,1.08188,888
2024-10-22 04:00:00,1.08186,1.0820400000000001,1.08175,1.08198,855
2024-10-22 05:00:00,1.08197,1.08233,1.08189,1.08189,911
2024-10-22 06:00:00,1.0818699999999999,1.08283,1.08176,1.08251,1479
2024-10-22 07:00:00,1.08249,1.08376,1.08202,1.0836,2139
2024-10-22 08:00:00,1.08359,1.08366,1.08257,1.08269,1608
2024-10-22 09:00:00,1.08266,1.08304,1.0814300000000001,1.08157,1769
2024-10-22 10:00:00,1.08155,1.08289,1.08138,1.08281,1920
2024-10-22 11:00:00,1.08283,1.08286,1.08147,1.08173,1667
2024-10-22 12:00:00,1.08173,1.08215,1.08105,1.08115,2096
2024-10-22 13:00:00,1.08114,1.08182,1.08008,1.08067,3382
2024-10-22 14:00:00,1.08068,1.08128,1.08003,1.08092,3012
2024-10-22 15:00:00,1.0809,1.08152,1.08036,1.08043,2134
2024-10-22 16:00:00,1.08042,1.08138,1.08028,1.08074,1552
2024-10-22 17:00:00,1.08074,1.08086,1.0801,1.08026,1437
2024-10-22 18:00:00,1.08028,1.08038,1.07994,1.07994,863
2024-10-22 19:00:00,1.07993,1.08017,1.07936,1.07944,1182
2024-10-22 20:00:00,1.07944,1.07986,1.07922,1.07975,968
2024-10-22 21:00:00,1.07974,1.07987,1.07958,1.07987,356
2024-10-22 22:00:00,1.07986,1.08,1.07965,1.07982,406
2024-10-22 23:00:00,1.07982,1.07982,1.0796000000000001,1.07961,349
2024-10-23 00:00:00,1.07959,1.08005,1.07919,1.0795,1128
2024-10-23 01:00:00,1.07952,1.0798,1.07932,1.07946,1299
2024-10-23 02:00:00,1.07946,1.08048,1.07943,1.0804,1191
2024-10-23 03:00:00,1.08043,1.08048,1.07986,1.08018,915
2024-10-23 04:00:00,1.08019,1.08025,1.0799,1.08019,1006
2024-10-23 05:00:00,1.08019,1.08062,1.08018,1.08061,1295
2024-10-23 06:00:00,1.08061,1.08061,1.0792,1.07923,1750
2024-10-23 07:00:00,1.07922,1.07922,1.07802,1.07816,2351
2024-10-23 08:00:00,1.07814,1.0791,1.07789,1.07875,1949
2024-10-23 09:00:00,1.07876,1.07888,1.07811,1.07821,1844
2024-10-23 10:00:00,1.07821,1.07831,1.07769,1.07769,1536
2024-10-23 11:00:00,1.0777,1.07796,1.07627,1.0763,1861
2024-10-23 12:00:00,1.07631,1.07745,1.07607,1.07738,2678
2024-10-23 13:00:00,1.07741,1.07827,1.0769,1.0775,2201
2024-10-23 14:00:00,1.07749,1.0782,1.07704,1.07744,2626
2024-10-23 15:00:00,1.07742,1.07857,1.07736,1.07785,2207
2024-10-23 16:00:00,1.07785,1.07789,1.07702,1.07728,1767
2024-10-23 17:00:00,1.07728,1.07744,1.07669,1.07686,1689
2024-10-23 18:00:00,1.07684,1.07818,1.07681,1.07799,1918
2024-10-23 19:00:00,1.078,1.07862,1.07793,1.07853,1259
2024-10-23 20:00:00,1.07852,1.07859,1.07797,1.07809,863
2024-10-23 21:00:00,1.07811,1.07823,1.07789,1.07823,692
2024-10-23 22:00:00,1.07824,1.0783,1.07798,1.07817,432
2024-10-23 23:00:00,1.07819,1.07844,1.07791,1.07798,503
2024-10-24 00:00:00,1.07799,1.07894,1.07792,1.07882,1387
2024-10-24 01:00:00,1.07882,1.0789,1.07817,1.07826,1372
2024-10-24 02:00:00,1.07826,1.07884,1.07807,1.07871,1148
2024-10-24 03:00:00,1.07871,1.07887,1.0784799999999999,1.07865,790
2024-10-24 04:00:00,1.07866,1.07931,1.07864,1.07928,966
2024-10-24 05:00:00,1.07929,1.07929,1.07879,1.07883,1062
2024-10-24 06:00:00,1.07882,1.07905,1.07814,1.07833,1898
2024-10-24 07:00:00,1.07831,1.07983,1.07702,1.07955,3795
2024-10-24 08:00:00,1.07954,1.0808,1.07954,1.08026,2990
2024-10-24 09:00:00,1.08024,1.08047,1.0795,1.07964,1963
2024-10-24 10:00:00,1.07964,1.08038,1.07956,1.07987,1720
2024-10-24 11:00:00,1.07985,1.08025,1.07917,1.07946,1902
2024-10-24 12:00:00,1.07947,1.08038,1.07882,1.07962,3472
2024-10-24 13:00:00,1.07962,1.08108,1.0795,1.07998,3349
2024-10-24 14:00:00,1.07997,1.08105,1.07966,1.07977,3235
2024-10-24 15:00:00,1.07975,1.0805,1.0796000000000001,1.08044,2187
2024-10-24 16:00:00,1.08047,1.08106,1.0802100000000001,1.08104,1720
2024-10-24 17:00:00,1.08104,1.08239,1.08101,1.0820400000000001,1606
2024-10-24 18:00:00,1.08202,1.08256,1.08173,1.08226,1369
2024-10-24 19:00:00,1.08224,1.08285,1.0820400000000001,1.08285,1169
2024-10-24 20:00:00,1.08287,1.08295,1.08261,1.0826500000000001,778
2024-10-24 21:00:00,1.08263,1.08276,1.08245,1.08276,519
2024-10-24 22:00:00,1.0828,1.08282,1.08237,1.08239,375
2024-10-24 23:00:00,1.08239,1.08243,1.08224,1.08234,501
2024-10-25 00:00:00,1.08234,1.0824799999999999,1.08196,1.08212,1145
2024-10-25 01:00:00,1.08214,1.08247,1.08197,1.08232,1117
2024-10-25 02:00:00,1.08232,1.08272,1.08225,1.08254,967
2024-10-25 03:00:00,1.08254,1.08254,1.08196,1.08215,829
2024-10-25 04:00:00,1.08215,1.0823,1.08201,1.08215,842
2024-10-25 05:00:00,1.08215,1.08253,1.08203,1.08213,1034
2024-10-25 06:00:00,1.08214,1.08221,1.08141,1.08152,1497
2024-10-25 07:00:00,1.08155,1.08271,1.08134,1.08241,2318
2024-10-25 08:00:00,1.08239,1.08366,1.08211,1.08233,2309
2024-10-25 09:00:00,1.08233,1.08269,1.08216,1.08222,1450
2024-10-25 10:00:00,1.0822,1.08274,1.08219,1.08238,1170
2024-10-25 11:00:00,1.08238,1.08287,1.0821,1.08213,1429
2024-10-25 12:00:00,1.08212,1.0839,1.08206,1.08381,2149
2024-10-25 13:00:00,1.0838,1.08381,1.08251,1.08338,2294
2024-10-25 14:00:00,1.08339,1.08371,1.08264,1.08305,2869
2024-10-25 15:00:00,1.08303,1.08344,1.08104,1.08119,2416
2024-10-25 16:00:00,1.08119,1.08119,1.08022,1.08049,1712
2024-10-25 17:00:00,1.08049,1.08064,1.08015,1.08028,1412
2024-10-25 18:00:00,1.08028,1.08044,1.07985,1.08027,1400
2024-10-25 19:00:00,1.08024,1.08024,1.07927,1.07954,1520
2024-10-25 20:00:00,1.07957,1.0796999999999999,1.07942,1.07953,925
2024-10-27 21:00:00,1.07919,1.07932,1.07849,1.07924,505
2024-10-27 22:00:00,1.07925,1.07964,1.07856,1.07944,1011
2024-10-27 23:00:00,1.07956,1.08015,1.07937,1.07958,1038
2024-10-28 00:00:00,1.07957,1.08009,1.07935,1.07938,1458
2024-10-28 01:00:00,1.07936,1.07958,1.07898,1.07908,1582
2024-10-28 02:00:00,1.07906,1.07954,1.07854,1.07883,1348
2024-10-28 03:00:00,1.07883,1.07896,1.07818,1.07827,986
2024-10-28 04:00:00,1.07827,1.07887,1.07826,1.07875,920
2024-10-28 05:00:00,1.07873,1.07882,1.07818,1.07875,1031
2024-10-28 06:00:00,1.07876,1.07962,1.07858,1.07938,1362
2024-10-28 07:00:00,1.07937,1.08053,1.07927,1.08036,1707
2024-10-28 08:00:00,1.08035,1.08209,1.08003,1.08185,2382
2024-10-28 09:00:00,1.0818699999999999,1.08195,1.08079,1.08128,1811
2024-10-28 10:00:00,1.08128,1.0819,1.08107,1.08162,1825
2024-10-28 11:00:00,1.0816,1.08196,1.08148,1.08191,1395
2024-10-28 12:00:00,1.08189,1.08257,1.08125,1.0815,2168
2024-10-28 13:00:00,1.08153,1.08221,1.08134,1.08198,2373
2024-10-28 14:00:00,1.08199,1.08274,1.08148,1.08238,2065
2024-10-28 15:00:00,1.08239,1.0824799999999999,1.08133,1.08183,2155
2024-10-28 16:00:00,1.08183,1.08257,1.08142,1.08152,1793
2024-10-28 17:00:00,1.08152,1.08178,1.08123,1.08133,1534
2024-10-28 18:00:00,1.08133,1.08147,1.08097,1.08115,1340
2024-10-28 19:00:00,1.08113,1.08185,1.08106,1.0815,1234
2024-10-28 20:00:00,1.08151,1.0817,1.08098,1.08101,720
2024-10-28 21:00:00,1.08103,1.08136,1.08084,1.08136,381
2024-10-28 22:00:00,1.08141,1.0815,1.08109,1.08123,415
2024-10-28 23:00:00,1.08124,1.08172,1.08106,1.08171,468
2024-10-29 00:00:00,1.08172,1.08189,1.0812599999999999,1.08155,1124
2024-10-29 01:00:00,1.08155,1.08166,1.0811,1.08155,1358
2024-10-29 02:00:00,1.08156,1.08178,1.08111,1.08121,1130
2024-10-29 03:00:00,1.0812,1.08133,1.08056,1.08075,1062
2024-10-29 04:00:00,1.08075,1.08089,1.08061,1.08085,797
2024-10-29 05:00:00,1.08086,1.0813,1.08081,1.08109,1041
2024-10-29 06:00:00,1.08111,1.08136,1.08063,1.08109,1139
2024-10-29 07:00:00,1.08107,1.08157,1.08053,1.08091,1588
2024-10-29 08:00:00,1.0809,1.082,1.0809,1.08182,2598
2024-10-29 09:00:00,1.08182,1.08259,1.08128,1.08173,1946
2024-10-29 10:00:00,1.08173,1.0820400000000001,1.08029,1.08054,1990
2024-10-29 11:00:00,1.08056,1.08058,1.07964,1.07989,2150
2024-10-29 12:00:00,1.07986,1.07996,1.07717,1.07772,2890
2024-10-29 13:00:00,1.07775,1.07906,1.07682,1.07876,3371
2024-10-29 14:00:00,1.07878,1.08116,1.07878,1.08,5579
2024-10-29 15:00:00,1.08002,1.08011,1.07847,1.07973,3490
2024-10-29 16:00:00,1.07972,1.08071,1.07918,1.07985,2576
2024-10-29 17:00:00,1.07986,1.08108,1.07976,1.08051,2524
2024-10-29 18:00:00,1.08053,1.08158,1.08027,1.08128,1718
2024-10-29 19:00:00,1.0813,1.08149,1.08103,1.08134,1488
2024-10-29 20:00:00,1.08133,1.08178,1.08127,1.08166,863
2024-10-29 21:00:00,1.08169,1.08171,1.08131,1.0815,621
2024-10-29 22:00:00,1.08149,1.0821,1.08145,1.08194,449
2024-10-29 23:00:00,1.08194,1.08214,1.08175,1.08195,530
2024-10-30 00:00:00,1.08194,1.08257,1.08194,1.08213,1215
2024-10-30 01:00:00,1.08213,1.08252,1.08195,1.08212,1195
2024-10-30 02:00:00,1.0821,1.08214,1.08169,1.08176,989
2024-10-30 03:00:00,1.08176,1.0818,1.08131,1.08136,978
2024-10-30 04:00:00,1.08136,1.08175,1.08127,1.08163,828
2024-10-30 05:00:00,1.08163,1.08165,1.08136,1.08153,822
2024-10-30 06:00:00,1.08154,1.0826,1.08152,1.08229,1267
2024-10-30 07:00:00,1.08231,1.08236,1.08152,1.08186,1514
2024-10-30 08:00:00,1.0818699999999999,1.08441,1.0818699999999999,1.08339,2979
2024-10-30 09:00:00,1.08343,1.0859,1.08323,1.08392,3354
2024-10-30 10:00:00,1.08394,1.08435,1.08307,1.08339,2115
2024-10-30 11:00:00,1.08343,1.08351,1.08213,1.0824,1653
2024-10-30 12:00:00,1.08238,1.08292,1.08075,1.08135,3870
2024-10-30 13:00:00,1.08137,1.08439,1.08109,1.08428,3728
2024-10-30 14:00:00,1.0843,1.08573,1.08415,1.08486,4573
2024-10-30 15:00:00,1.08489,1.08664,1.08413,1.08631,3521
2024-10-30 16:00:00,1.08629,1.08653,1.08567,1.08606,2209
2024-10-30 17:00:00,1.08605,1.08683,1.08531,1.08654,2084
2024-10-30 18:00:00,1.08655,1.0871,1.08645,1.0869,1225
2024-10-30 19:00:00,1.08689,1.08689,1.08559,1.08602,1718
2024-10-30 20:00:00,1.0860400000000001,1.08616,1.08541,1.08544,1004
2024-10-30 21:00:00,1.08545,1.08571,1.08531,1.0855299999999999,748
2024-10-30 22:00:00,1.08584,1.08593,1.08542,1.0858,728
2024-10-30 23:00:00,1.08582,1.08597,1.08573,1.08576,493
2024-10-31 00:00:00,1.08576,1.08591,1.08525,1.0853,939
2024-10-31 01:00:00,1.0853,1.08578,1.08439,1.08444,1302
2024-10-31 02:00:00,1.08445,1.08507,1.08441,1.08487,1276
2024-10-31 03:00:00,1.08488,1.08529,1.08481,1.08496,1066
2024-10-31 04:00:00,1.08496,1.08496,1.08447,1.08473,963
2024-10-31 05:00:00,1.08472,1.08517,1.08464,1.0851,930
2024-10-31 06:00:00,1.08511,1.08554,1.08474,1.08516,1440
2024-10-31 07:00:00,1.08516,1.0863,1.08471,1.08584,2252
2024-10-31 08:00:00,1.08587,1.08608,1.08507,1.08557,2701
2024-10-31 09:00:00,1.0856,1.08668,1.08541,1.08655,2113
2024-10-31 10:00:00,1.08658,1.08749,1.08643,1.08667,2127
2024-10-31 11:00:00,1.08667,1.08694,1.08587,1.08677,2016
2024-10-31 12:00:00,1.08679,1.08864,1.08639,1.08796,4416
2024-10-31 13:00:00,1.08794,1.08876,1.08556,1.08592,4042
2024-10-31 14:00:00,1.08591,1.08763,1.08512,1.0865,4798
2024-10-31 15:00:00,1.08647,1.08647,1.08457,1.08552,4881
2024-10-31 16:00:00,1.08549,1.08626,1.08532,1.08578,3407
2024-10-31 17:00:00,1.08578,1.0864,1.08551,1.08613,2181
2024-10-31 18:00:00,1.08615,1.08728,1.086,1.08699,2384
2024-10-31 19:00:00,1.08701,1.08778,1.08676,1.08768,2163
2024-10-31 20:00:00,1.0877,1.08845,1.08765,1.08827,1081
2024-10-31 21:00:00,1.08824,1.0883,1.08799,1.08822,958
2024-10-31 22:00:00,1.08824,1.08859,1.0881,1.08854,458
2024-10-31 23:00:00,1.08856,1.0886,1.08829,1.08833,614
2024-11-01 00:00:00,1.08834,1.08871,1.088,1.08862,1047
2024-11-01 01:00:00,1.0886,1.08883,1.08783,1.08795,1377
2024-11-01 02:00:00,1.08797,1.08808,1.08763,1.08781,1145
2024-11-01 03:00:00,1.08781,1.08788,1.08747,1.0876,875
2024-11-01 04:00:00,1.08759,1.0878700000000001,1.08754,1.08769,821
2024-11-01 05:00:00,1.0877,1.08777,1.08706,1.08714,943
2024-11-01 06:00:00,1.08714,1.08748,1.08704,1.08727,1136
2024-11-01 07:00:00,1.08727,1.08772,1.08676,1.08676,1701
2024-11-01 08:00:00,1.08674,1.08678,1.08571,1.08621,2121
2024-11-01 09:00:00,1.08623,1.0868,1.08575,1.08582,1702
2024-11-01 10:00:00,1.08581,1.08606,1.08518,1.0860400000000001,1676
2024-11-01 11:00:00,1.08603,1.08689,1.08583,1.08674,1618
2024-11-01 12:00:00,1.08674,1.09051,1.08623,1.08858,5555
2024-11-01 13:00:00,1.0886,1.08895,1.0865,1.08697,4945
2024-11-01 14:00:00,1.08702,1.08742,1.08494,1.08541,4802
2024-11-01 15:00:00,1.08542,1.08583,1.08467,1.0848200000000001,3264
2024-11-01 16:00:00,1.0848200000000001,1.0854,1.08458,1.0852,2143
2024-11-01 17:00:00,1.08518,1.08525,1.08339,1.08358,1839
2024-11-01 18:00:00,1.08358,1.0845,1.08354,1.08388,1730
2024-11-01 19:00:00,1.08386,1.08415,1.08341,1.08356,1378
2024-11-01 20:00:00,1.08357,1.08368,1.08314,1.08333,876
2024-11-03 22:00:00,1.08781,1.08784,1.0872,1.08779,527
2024-11-03 23:00:00,1.08812,1.08812,1.08717,1.08724,1561
2024-11-04 00:00:00,1.08724,1.08788,1.08694,1.08765,1148
2024-11-04 01:00:00,1.08766,1.0891,1.08762,1.08878,1801
2024-11-04 02:00:00,1.08877,1.08938,1.08843,1.08938,1574
2024-11-04 03:00:00,1.08938,1.09046,1.08938,1.0901,1645
2024-11-04 04:00:00,1.09008,1.09025,1.08962,1.08972,1151
2024-11-04 05:00:00,1.08972,1.08996,1.08938,1.08984,1261
2024-11-04 06:00:00,1.08984,1.09015,1.0890900000000001,1.08912,1538
2024-11-04 07:00:00,1.08915,1.0895299999999999,1.08869,1.08908,2166
2024-11-04 08:00:00,1.08908,1.09004,1.0889,1.08924,2426
2024-11-04 09:00:00,1.08923,1.09018,1.08907,1.08958,2068
2024-11-04 10:00:00,1.08958,1.09027,1.08931,1.0901,1649
2024-11-04 11:00:00,1.09008,1.09137,1.08991,1.0913,1702
2024-11-04 12:00:00,1.09128,1.09143,1.09011,1.09041,1876
2024-11-04 13:00:00,1.0904,1.09088,1.08931,1.09047,2671
2024-11-04 14:00:00,1.09045,1.09095,1.08952,1.08993,2976
2024-11-04 15:00:00,1.08988,1.09078,1.08956,1.08989,3193
2024-11-04 16:00:00,1.0899,1.09008,1.08798,1.08835,2442
2024-11-04 17:00:00,1.08836,1.08933,1.08796,1.08882,1955
2024-11-04 18:00:00,1.08883,1.08887,1.08777,1.08849,1804
2024-11-04 19:00:00,1.0885,1.08853,1.08772,1.08784,1536
2024-11-04 20:00:00,1.08785,1.08811,1.0875,1.08751,1239
2024-11-04 21:00:00,1.08748,1.08773,1.08738,1.08764,682
2024-11-04 22:00:00,1.08763,1.0878,1.08738,1.0877,501
2024-11-04 23:00:00,1.08783,1.08785,1.08731,1.08733,466
2024-11-05 00:00:00,1.08734,1.08763,1.08719,1.08754,684
2024-11-05 01:00:00,1.08754,1.08779,1.0872600000000001,1.08773,1133
2024-11-05 02:00:00,1.08773,1.08796,1.08749,1.0877,909
2024-11-05 03:00:00,1.0877,1.08793,1.08747,1.08754,833
2024-11-05 04:00:00,1.08754,1.08781,1.0874,1.08751,805
2024-11-05 05:00:00,1.08748,1.08796,1.08746,1.08781,768
2024-11-05 06:00:00,1.08781,1.08819,1.08767,1.08803,919
2024-11-05 07:00:00,1.08803,1.08902,1.08803,1.0888,1380
2024-11-05 08:00:00,1.08882,1.08938,1.08837,1.08916,1765
2024-11-05 09:00:00,1.08914,1.08971,1.08896,1.08915,1391
2024-11-05 10:00:00,1.08917,1.08943,1.08903,1.08936,1292
2024-11-05 11:00:00,1.08936,1.09015,1.08925,1.08989,1358
2024-11-05 12:00:00,1.08991,1.09009,1.08935,1.08952,1319
2024-11-05 13:00:00,1.0895299999999999,1.08983,1.0889199999999999,1.08924,1894
2024-11-05 14:00:00,1.08922,1.09107,1.08919,1.09061,2563
2024-11-05 15:00:00,1.09059,1.09118,1.08898,1.09016,3814
2024-11-05 16:00:00,1.09016,1.092,1.09007,1.09194,2230
2024-11-05 17:00:00,1.09195,1.09299,1.09176,1.09297,1572
2024-11-05 18:00:00,1.09298,1.0936,1.09283,1.09299,1955
2024-11-05 19:00:00,1.09299,1.09338,1.09265,1.09305,1638
2024-11-05 20:00:00,1.09307,1.09307,1.09238,1.0925,1255
2024-11-05 21:00:00,1.0924800000000001,1.09294,1.09239,1.0929,714
2024-11-05 22:00:00,1.09292,1.09292,1.09218,1.09218,679
2024-11-05 23:00:00,1.09232,1.09369,1.09115,1.09336,2256
2024-11-06 00:00:00,1.09336,1.09336,1.08316,1.08367,12150
2024-11-06 01:00:00,1.08368,1.08567,1.08211,1.08363,9584
2024-11-06 02:00:00,1.08363,1.08391,1.07613,1.07623,12031
2024-11-06 03:00:00,1.07624,1.07792,1.07183,1.07462,10167
2024-11-06 04:00:00,1.0746,1.07878,1.07389,1.07772,7064
2024-11-06 05:00:00,1.07772,1.07941,1.07497,1.07599,8808
2024-11-06 06:00:00,1.07596,1.07612,1.0702,1.07249,7698
2024-11-06 07:00:00,1.07251,1.07522,1.07251,1.07341,8202
2024-11-06 08:00:00,1.07338,1.07809,1.07314,1.07728,6796
2024-11-06 09:00:00,1.0772599999999999,1.07738,1.07498,1.07548,4850
2024-11-06 10:00:00,1.07546,1.07613,1.07412,1.0746,3514
2024-11-06 11:00:00,1.07461,1.07465,1.07008,1.07079,5414
2024-11-06 12:00:00,1.07077,1.07185,1.06821,1.06882,6235
2024-11-06 13:00:00,1.06879,1.0719,1.0682,1.07096,6573
2024-11-06 14:00:00,1.07094,1.07196,1.0698,1.0715,5461
2024-11-06 15:00:00,1.07153,1.07394,1.07138,1.0737700000000001,7217
2024-11-06 16:00:00,1.07375,1.07448,1.0725500000000001,1.07309,4458
2024-11-06 17:00:00,1.07309,1.07444,1.07251,1.0727,3464
2024-11-06 18:00:00,1.07272,1.07577,1.07256,1.07524,4108
2024-11-06 19:00:00,1.07526,1.0753,1.07295,1.07348,3324
2024-11-06 20:00:00,1.07348,1.0738,1.07323,1.07347,2558
2024-11-06 21:00:00,1.07345,1.07354,1.07271,1.07278,852
2024-11-06 22:00:00,1.07277,1.07288,1.07249,1.07275,562
2024-11-06 23:00:00,1.07293,1.0734,1.07292,1.07314,795
2024-11-07 00:00:00,1.07314,1.07368,1.07202,1.07208,1637
2024-11-07 01:00:00,1.07208,1.07282,1.07125,1.07175,2208
2024-11-07 02:00:00,1.07177,1.07366,1.0717,1.07364,1777
2024-11-07 03:00:00,1.07364,1.07411,1.07317,1.07394,1403
2024-11-07 04:00:00,1.07394,1.07452,1.0734,1.07373,1277
2024-11-07 05:00:00,1.07373,1.07475,1.0737,1.07458,1268
2024-11-07 06:00:00,1.07455,1.07502,1.07406,1.07494,1595
2024-11-07 07:00:00,1.07492,1.07696,1.07448,1.07517,3375
2024-11-07 08:00:00,1.07519,1.07712,1.07488,1.07684,3752
2024-11-07 09:00:00,1.07682,1.07686,1.07457,1.07462,2910
2024-11-07 10:00:00,1.07461,1.07663,1.07461,1.07554,2341
2024-11-07 11:00:00,1.07555,1.07619,1.07517,1.07586,1899
2024-11-07 12:00:00,1.07585,1.07774,1.07563,1.07749,3279
2024-11-07 13:00:00,1.07747,1.07945,1.0773,1.0792,5336
2024-11-07 14:00:00,1.07919,1.08163,1.07807,1.0809,4538
2024-11-07 15:00:00,1.08088,1.08249,1.08045,1.08104,4500
2024-11-07 16:00:00,1.08102,1.08144,1.07842,1.0790899999999999,4069
2024-11-07 17:00:00,1.0790899999999999,1.08059,1.0787,1.08041,2392
2024-11-07 18:00:00,1.08044,1.08063,1.07923,1.07983,1892
2024-11-07 19:00:00,1.07988,1.08032,1.0766499999999999,1.07817,10596
2024-11-07 20:00:00,1.07813,1.08091,1.07796,1.0802,5373
2024-11-07 21:00:00,1.08018,1.08032,1.07989,1.08011,975
2024-11-07 22:00:00,1.08016,1.08042,1.07996,1.08039,624
2024-11-07 23:00:00,1.0804,1.08045,1.07939,1.07952,907
2024-11-08 00:00:00,1.07952,1.07971,1.07877,1.07903,1650
2024-11-08 01:00:00,1.07904,1.07911,1.07789,1.07866,2035
2024-11-08 02:00:00,1.07866,1.07895,1.07793,1.07807,1727
2024-11-08 03:00:00,1.07806,1.07884,1.07766,1.07779,1415
2024-11-08 04:00:00,1.07779,1.07834,1.07761,1.07825,1165
2024-11-08 05:00:00,1.07825,1.07861,1.07793,1.07814,1300
2024-11-08 06:00:00,1.07816,1.07836,1.07723,1.0777,1856
2024-11-08 07:00:00,1.0777,1.07834,1.07745,1.07795,2580
2024-11-08 08:00:00,1.07792,1.07824,1.0760399999999999,1.07786,5406
2024-11-08 09:00:00,1.07785,1.07888,1.0771600000000001,1.07786,3292
2024-11-08 10:00:00,1.07788,1.07793,1.07668,1.0778,2554
2024-11-08 11:00:00,1.07785,1.0796999999999999,1.07783,1.07827,2546
2024-11-08 12:00:00,1.07829,1.07842,1.0766,1.07717,3145
2024-11-08 13:00:00,1.07715,1.07724,1.07441,1.07524,4063
2024-11-08 14:00:00,1.07526,1.07652,1.07491,1.07513,3714
2024-11-08 15:00:00,1.07511,1.07519,1.07396,1.0748,4137
2024-11-08 16:00:00,1.07477,1.075,1.07088,1.07091,3465
2024-11-08 17:00:00,1.07092,1.07128,1.06864,1.07087,4352
2024-11-08 18:00:00,1.07086,1.07183,1.06993,1.07064,2337
2024-11-08 19:00:00,1.07062,1.07149,1.07048,1.07131,1880
2024-11-08 20:00:00,1.07128,1.07191,1.07102,1.0717,1653
2024-11-08 21:00:00,1.07173,1.07209,1.07166,1.07179,923
2024-11-10 22:00:00,1.07085,1.07116,1.07041,1.07099,916
2024-11-10 23:00:00,1.07101,1.07166,1.07088,1.07128,1103
2024-11-11 00:00:00,1.0713,1.07183,1.0708199999999999,1.07166,1516
2024-11-11 01:00:00,1.07166,1.07275,1.07154,1.07201,1899
2024-11-11 02:00:00,1.07201,1.07249,1.07191,1.07224,1427
2024-11-11 03:00:00,1.07224,1.07267,1.07148,1.07166,1159
2024-11-11 04:00:00,1.07166,1.07166,1.07073,1.07134,1134
2024-11-11 05:00:00,1.07137,1.07185,1.07108,1.0717,1178
2024-11-11 06:00:00,1.07171,1.07209,1.07118,1.07205,1311
2024-11-11 07:00:00,1.07202,1.07219,1.06856,1.06898,3409
2024-11-11 08:00:00,1.069,1.06942,1.06779,1.06871,3687
2024-11-11 09:00:00,1.06872,1.06896,1.06675,1.0681,3312
2024-11-11 10:00:00,1.06809,1.0688,1.06706,1.06717,2623
2024-11-11 11:00:00,1.06715,1.06715,1.06553,1.06622,2934
2024-11-11 12:00:00,1.06623,1.06643,1.06517,1.06521,2294
2024-11-11 13:00:00,1.0652,1.06552,1.06361,1.06474,3194
2024-11-11 14:00:00,1.06476,1.0657,1.0628,1.06423,3464
2024-11-11 15:00:00,1.06425,1.06502,1.06361,1.06467,3267
2024-11-11 16:00:00,1.06469,1.06539,1.06442,1.06516,2319
2024-11-11 17:00:00,1.06514,1.0656,1.06447,1.06486,1757
2024-11-11 18:00:00,1.06483,1.06515,1.06454,1.06501,1631
2024-11-11 19:00:00,1.06501,1.06568,1.06488,1.06506,1252
2024-11-11 20:00:00,1.06507,1.06558,1.06507,1.06552,1226
2024-11-11 21:00:00,1.0655000000000001,1.06573,1.06535,1.06535,627
2024-11-11 22:00:00,1.06532,1.06558,1.06499,1.06558,596
2024-11-11 23:00:00,1.06556,1.06627,1.06537,1.06626,669
2024-11-12 00:00:00,1.06627,1.06627,1.06538,1.06574,1159
2024-11-12 01:00:00,1.06574,1.06595,1.06475,1.06478,1873
2024-11-12 02:00:00,1.06478,1.06518,1.06415,1.0642800000000001,1999
2024-11-12 03:00:00,1.06429,1.0649,1.0637699999999999,1.06381,1383
2024-11-12 04:00:00,1.06381,1.06454,1.0637699999999999,1.06439,1329
2024-11-12 05:00:00,1.06438,1.06452,1.06389,1.06395,1478
2024-11-12 06:00:00,1.06393,1.06393,1.0629,1.0634,1924
2024-11-12 07:00:00,1.06338,1.06371,1.06211,1.0631599999999999,3223
2024-11-12 08:00:00,1.06317,1.06337,1.06166,1.06313,3548
2024-11-12 09:00:00,1.06311,1.06321,1.0616,1.06261,2680
2024-11-12 10:00:00,1.06259,1.06259,1.06107,1.06174,2932
2024-11-12 11:00:00,1.06175,1.06294,1.0617,1.06186,2346
2024-11-12 12:00:00,1.06187,1.06212,1.06058,1.0619,2892
2024-11-12 13:00:00,1.06192,1.06268,1.06141,1.06222,3468
2024-11-12 14:00:00,1.06224,1.06257,1.06134,1.06171,3390
2024-11-12 15:00:00,1.06168,1.06176,1.06013,1.06084,3702
2024-11-12 16:00:00,1.06087,1.06152,1.05956,1.05976,3513
2024-11-12 17:00:00,1.05974,1.06077,1.05943,1.06064,3380
2024-11-12 18:00:00,1.06064,1.06167,1.0606,1.06157,2324
2024-11-12 19:00:00,1.06156,1.06181,1.06118,1.06121,1658
2024-11-12 20:00:00,1.06118,1.0623,1.0609,1.06215,1613
2024-11-12 21:00:00,1.06219,1.06262,1.06212,1.06212,908
2024-11-12 22:00:00,1.06218,1.06232,1.06163,1.06202,937
2024-11-12 23:00:00,1.06208,1.06217,1.06135,1.06163,873
2024-11-13 00:00:00,1.06163,1.06167,1.06107,1.06125,1248
2024-11-13 01:00:00,1.06123,1.06287,1.06117,1.06277,2371
2024-11-13 02:00:00,1.06279,1.06289,1.06213,1.06258,1532
2024-11-13 03:00:00,1.06259,1.06277,1.06176,1.06188,1058
2024-11-13 04:00:00,1.06188,1.06224,1.06173,1.06176,916
2024-11-13 05:00:00,1.06175,1.06182,1.0609,1.06125,1222
2024-11-13 06:00:00,1.06125,1.06167,1.06071,1.06132,1797
2024-11-13 07:00:00,1.06129,1.06142,1.0602,1.06027,2014
2024-11-13 08:00:00,1.06026,1.06126,1.0593,1.06117,2819
2024-11-13 09:00:00,1.06115,1.06295,1.06074,1.06263,2829
2024-11-13 10:00:00,1.06264,1.06278,1.0611,1.06147,2262
2024-11-13 11:00:00,1.06146,1.0637699999999999,1.06095,1.0637,2304
2024-11-13 12:00:00,1.06372,1.0643,1.06239,1.06308,2985
2024-11-13 13:00:00,1.06307,1.06534,1.06233,1.06361,8084
2024-11-13 14:00:00,1.0636,1.06374,1.05756,1.05853,8574
2024-11-13 15:00:00,1.05855,1.05932,1.05554,1.05883,8486
2024-11-13 16:00:00,1.05885,1.05917,1.05621,1.05659,4845
2024-11-13 17:00:00,1.0566,1.05772,1.05613,1.05685,3343
2024-11-13 18:00:00,1.05687,1.05692,1.0556,1.05585,2812
2024-11-13 19:00:00,1.05585,1.05754,1.05561,1.0565,2317
2024-11-13 20:00:00,1.05651,1.05685,1.05584,1.05616,1834
2024-11-13 21:00:00,1.05618,1.05665,1.05612,1.05631,981
2024-11-13 22:00:00,1.05628,1.05634,1.05537,1.05625,899
2024-11-13 23:00:00,1.05627,1.05658,1.05606,1.05654,870
2024-11-14 00:00:00,1.05654,1.05683,1.05622,1.05649,1244
2024-11-14 01:00:00,1.05649,1.05649,1.05505,1.05556,2030
2024-11-14 02:00:00,1.05556,1.05574,1.05469,1.05491,1787
2024-11-14 03:00:00,1.05491,1.05554,1.0545,1.05473,1492
2024-11-14 04:00:00,1.05473,1.05498,1.05446,1.05483,1138
2024-11-14 05:00:00,1.05483,1.05483,1.05335,1.05466,1657
2024-11-14 06:00:00,1.05466,1.05538,1.05421,1.05448,1995
2024-11-14 07:00:00,1.05449,1.05544,1.05403,1.05509,2685
2024-11-14 08:00:00,1.05509,1.05576,1.05317,1.0536,3323
2024-11-14 09:00:00,1.05357,1.05416,1.05172,1.05202,3280
2024-11-14 10:00:00,1.052,1.05208,1.05012,1.05108,3302
2024-11-14 11:00:00,1.05107,1.05335,1.04956,1.05284,4190
2024-11-14 12:00:00,1.05283,1.05447,1.05229,1.05352,3642
2024-11-14 13:00:00,1.05353,1.05432,1.05133,1.053,7075
2024-11-14 14:00:00,1.05298,1.05684,1.0529,1.05524,6224
2024-11-14 15:00:00,1.05525,1.05773,1.05523,1.05744,5756
2024-11-14 16:00:00,1.05742,1.05823,1.05601,1.05616,3500
2024-11-14 17:00:00,1.05615,1.05635,1.05545,1.05588,2824
2024-11-14 18:00:00,1.05589,1.05603,1.05456,1.05468,2132
2024-11-14 19:00:00,1.05469,1.05514,1.05431,1.05473,1821
2024-11-14 20:00:00,1.05473,1.05485,1.05116,1.05198,6770
2024-11-14 21:00:00,1.0520100000000001,1.05294,1.05183,1.0528,1603
2024-11-14 22:00:00,1.05277,1.053,1.05235,1.05298,840
2024-11-14 23:00:00,1.05305,1.05316,1.05253,1.05293,830
2024-11-15 00:00:00,1.05293,1.05333,1.05231,1.05301,1604
2024-11-15 01:00:00,1.05302,1.05411,1.05278,1.05316,2034
2024-11-15 02:00:00,1.05317,1.05424,1.05315,1.05406,1727
2024-11-15 03:00:00,1.05406,1.05457,1.05387,1.05397,1444
2024-11-15 04:00:00,1.05396,1.05455,1.05387,1.05418,1103
2024-11-15 05:00:00,1.05419,1.05427,1.05387,1.05398,1277
2024-11-15 06:00:00,1.05397,1.05611,1.05332,1.05538,2345
2024-11-15 07:00:00,1.05536,1.05635,1.05503,1.0556,2658
2024-11-15 08:00:00,1.05559,1.05713,1.05518,1.05693,3361
2024-11-15 09:00:00,1.05692,1.05796,1.05603,1.05618,2791
2024-11-15 10:00:00,1.05618,1.05774,1.05583,1.05742,2871
2024-11-15 11:00:00,1.0574,1.05796,1.05701,1.0576699999999999,2374
2024-11-15 12:00:00,1.0576699999999999,1.05789,1.05638,1.05755,2107
2024-11-15 13:00:00,1.05756,1.05926,1.05538,1.05583,7428
2024-11-15 14:00:00,1.05583,1.0563,1.05226,1.05311,6604
2024-11-15 15:00:00,1.05314,1.0542,1.0524499999999999,1.05347,5866
2024-11-15 16:00:00,1.05348,1.0551,1.05325,1.05506,4457
2024-11-15 17:00:00,1.05508,1.05597,1.05466,1.05484,3322
2024-11-15 18:00:00,1.05487,1.05543,1.05383,1.05511,2464
2024-11-15 19:00:00,1.05513,1.0552,1.05357,1.05368,2219
2024-11-15 20:00:00,1.05366,1.05375,1.05159,1.05272,2498
2024-11-15 21:00:00,1.05269,1.05376,1.05224,1.05375,1400
2024-11-17 22:00:00,1.05272,1.0532,1.05271,1.05316,636
2024-11-17 23:00:00,1.05323,1.05374,1.05314,1.05361,1068
2024-11-18 00:00:00,1.05363,1.05493,1.05329,1.05485,1864
2024-11-18 01:00:00,1.05485,1.05502,1.05383,1.05419,2741
2024-11-18 02:00:00,1.05418,1.05462,1.05374,1.05411,1722
2024-11-18 03:00:00,1.05412,1.05445,1.05299,1.05335,1507
2024-11-18 04:00:00,1.05337,1.0542,1.05332,1.05402,1159
2024-11-18 05:00:00,1.05401,1.05436,1.05352,1.05376,1442
2024-11-18 06:00:00,1.05374,1.05471,1.05359,1.05426,1766
2024-11-18 07:00:00,1.05426,1.05478,1.05374,1.05466,2297
2024-11-18 08:00:00,1.05466,1.05557,1.05414,1.05467,3289
2024-11-18 09:00:00,1.05464,1.05707,1.05428,1.05657,3351
2024-11-18 10:00:00,1.05655,1.05667,1.05455,1.05479,2465
2024-11-18 11:00:00,1.05476,1.05476,1.0532,1.05417,2525
2024-11-18 12:00:00,1.0542,1.05483,1.05343,1.05466,2440
2024-11-18 13:00:00,1.05467,1.05682,1.05449,1.05673,3346
2024-11-18 14:00:00,1.05673,1.05741,1.05602,1.05681,3480
2024-11-18 15:00:00,1.0568,1.05752,1.05603,1.0573,3141
2024-11-18 16:00:00,1.0573,1.05854,1.05647,1.05854,2630
2024-11-18 17:00:00,1.05857,1.0592,1.05794,1.05907,2346
2024-11-18 18:00:00,1.05905,1.05975,1.05866,1.05969,1664
2024-11-18 19:00:00,1.05969,1.06068,1.05884,1.05904,1986
2024-11-18 20:00:00,1.05903,1.0596,1.05886,1.05919,1501
2024-11-18 21:00:00,1.05917,1.06003,1.059,1.05969,979
2024-11-18 22:00:00,1.05966,1.05982,1.05949,1.05979,674
2024-11-18 23:00:00,1.0598,1.05983,1.05927,1.05941,741
2024-11-19 00:00:00,1.05941,1.05942,1.05869,1.05893,1315
2024-11-19 01:00:00,1.05893,1.05956,1.05884,1.05927,1882
2024-11-19 02:00:00,1.05927,1.0596,1.05883,1.05917,1577
2024-11-19 03:00:00,1.05915,1.06004,1.05912,1.05965,1428
2024-11-19 04:00:00,1.05965,1.06002,1.05859,1.05865,1322
2024-11-19 05:00:00,1.05864,1.05883,1.05823,1.05831,1216
2024-11-19 06:00:00,1.05832,1.05959,1.05829,1.05923,1548
2024-11-19 07:00:00,1.05923,1.05946,1.05741,1.05772,2955
2024-11-19 08:00:00,1.0577,1.05876,1.05622,1.05712,5313
2024-11-19 09:00:00,1.0571,1.05774,1.05227,1.05491,8562
2024-11-19 10:00:00,1.05491,1.05689,1.05431,1.05605,3763
2024-11-19 11:00:00,1.05607,1.05644,1.05491,1.05614,2702
2024-11-19 12:00:00,1.05616,1.05718,1.05589,1.05716,2693
2024-11-19 13:00:00,1.05717,1.05972,1.05713,1.05766,4939
2024-11-19 14:00:00,1.05764,1.05951,1.05695,1.0572,6768
2024-11-19 15:00:00,1.05718,1.06006,1.05651,1.05863,4628
2024-11-19 16:00:00,1.05865,1.05924,1.0570599999999999,1.05771,3500
2024-11-19 17:00:00,1.05768,1.05886,1.0576,1.05798,2620
2024-11-19 18:00:00,1.05796,1.05898,1.0570599999999999,1.05894,2153
2024-11-19 19:00:00,1.05895,1.05949,1.05833,1.05931,2138
2024-11-19 20:00:00,1.05931,1.05975,1.05907,1.0593,1718
2024-11-19 21:00:00,1.05928,1.0597,1.05922,1.05955,767
2024-11-19 22:00:00,1.05953,1.05953,1.05908,1.0594,988
2024-11-19 23:00:00,1.05946,1.06074,1.05942,1.06066,882
2024-11-20 00:00:00,1.06066,1.06093,1.05987,1.05991,1078
2024-11-20 01:00:00,1.05994,1.06035,1.05955,1.05996,1544
2024-11-20 02:00:00,1.05998,1.06031,1.05951,1.05954,1365
2024-11-20 03:00:00,1.05954,1.05987,1.05881,1.05895,1159
2024-11-20 04:00:00,1.05895,1.05941,1.05872,1.05925,887
2024-11-20 05:00:00,1.05925,1.0594,1.05862,1.05869,1028
2024-11-20 06:00:00,1.05868,1.0594999999999999,1.05826,1.05872,1801
2024-11-20 07:00:00,1.0587,1.05943,1.05761,1.0578,3384
2024-11-20 08:00:00,1.05779,1.05788,1.05596,1.05641,3130
2024-11-20 09:00:00,1.05639,1.05685,1.05528,1.05553,2996
2024-11-20 10:00:00,1.05552,1.05611,1.05448,1.05485,2884
2024-11-20 11:00:00,1.05486,1.05559,1.05416,1.0554,2632
2024-11-20 12:00:00,1.05543,1.05675,1.05509,1.05579,2910
2024-11-20 13:00:00,1.05584,1.0563,1.0551,1.05563,2752
2024-11-20 14:00:00,1.05561,1.05566,1.05221,1.05247,4532
2024-11-20 15:00:00,1.05249,1.05376,1.05151,1.05212,4691
2024-11-20 16:00:00,1.05213,1.05244,1.05061,1.05199,4143
2024-11-20 17:00:00,1.05198,1.05359,1.05157,1.05316,2222
2024-11-20 18:00:00,1.05316,1.0536,1.0525,1.05355,2293
2024-11-20 19:00:00,1.05355,1.0542,1.05354,1.0539,1655
2024-11-20 20:00:00,1.05389,1.05396,1.05356,1.05389,1310
2024-11-20 21:00:00,1.05387,1.0544,1.05375,1.05417,866
2024-11-20 22:00:00,1.05412,1.05423,1.05392,1.05418,776
2024-11-20 23:00:00,1.0542,1.05454,1.0542,1.05452,469
2024-11-21 00:00:00,1.05452,1.0547,1.05418,1.05451,863
2024-11-21 01:00:00,1.05451,1.05492,1.05444,1.05452,1344
2024-11-21 02:00:00,1.05452,1.05497,1.05451,1.05488,1011
2024-11-21 03:00:00,1.05488,1.05528,1.05469,1.05526,803
2024-11-21 04:00:00,1.05526,1.05545,1.05483,1.05507,881
2024-11-21 05:00:00,1.05508,1.05513,1.05457,1.05461,1058
2024-11-21 06:00:00,1.05463,1.05542,1.05417,1.05447,1805
2024-11-21 07:00:00,1.05445,1.05471,1.05292,1.05359,3382
2024-11-21 08:00:00,1.05362,1.05428,1.05235,1.05403,3224
2024-11-21 09:00:00,1.054,1.05406,1.05134,1.05166,4338
2024-11-21 10:00:00,1.05168,1.05279,1.05132,1.05206,2585
2024-11-21 11:00:00,1.05205,1.05309,1.05155,1.052,2526
2024-11-21 12:00:00,1.05202,1.05354,1.0517,1.05273,2419
2024-11-21 13:00:00,1.05272,1.05388,1.0515,1.05324,4685
2024-11-21 14:00:00,1.05324,1.05353,1.05204,1.05346,4437
2024-11-21 15:00:00,1.05348,1.05444,1.05086,1.051,4573
2024-11-21 16:00:00,1.05102,1.05145,1.04708,1.0474,8287
2024-11-21 17:00:00,1.04739,1.04874,1.04617,1.04869,4291
2024-11-21 18:00:00,1.04869,1.04888,1.04775,1.04858,2230
2024-11-21 19:00:00,1.04858,1.04869,1.04729,1.0484,2136
2024-11-21 20:00:00,1.04838,1.04863,1.04774,1.0479,1607
2024-11-21 21:00:00,1.04789,1.04804,1.04714,1.0472,932
2024-11-21 22:00:00,1.04722,1.04757,1.0468,1.04749,741
2024-11-21 23:00:00,1.04749,1.0477,1.04672,1.04685,907
2024-11-22 00:00:00,1.04683,1.04753,1.04659,1.04752,1554
2024-11-22 01:00:00,1.04753,1.04772,1.0469,1.04713,1569
2024-11-22 02:00:00,1.04713,1.0473,1.04666,1.04724,1388
2024-11-22 03:00:00,1.04724,1.04779,1.04719,1.04746,1283
2024-11-22 04:00:00,1.04746,1.04758,1.04691,1.04745,1008
2024-11-22 05:00:00,1.04745,1.04745,1.04611,1.04645,1557
2024-11-22 06:00:00,1.04643,1.047,1.04631,1.0469,1654
2024-11-22 07:00:00,1.04687,1.04888,1.0462,1.04856,2965
2024-11-22 08:00:00,1.04859,1.04977,1.04411,1.04434,6784
2024-11-22 09:00:00,1.04437,1.04442,1.03316,1.04017,15506
2024-11-22 10:00:00,1.04018,1.04371,1.03845,1.04294,6679
2024-11-22 11:00:00,1.04292,1.04295,1.04079,1.04163,4350
2024-11-22 12:00:00,1.04165,1.04192,1.03974,1.0407,4614
2024-11-22 13:00:00,1.04073,1.04339,1.0406,1.0429,4609
2024-11-22 14:00:00,1.0429,1.04345,1.0402,1.04041,5852
2024-11-22 15:00:00,1.04043,1.04198,1.03946,1.04102,7877
2024-11-22 16:00:00,1.04103,1.04114,1.03916,1.0398,3844
2024-11-22 17:00:00,1.03982,1.04201,1.03977,1.04183,2673
2024-11-22 18:00:00,1.04181,1.04251,1.04145,1.04162,2187
2024-11-22 19:00:00,1.04162,1.04187,1.04083,1.04107,1646
2024-11-22 20:00:00,1.04105,1.04171,1.04077,1.04143,1675
2024-11-22 21:00:00,1.04146,1.04199,1.04131,1.0418,1049
2024-11-24 22:00:00,1.04747,1.04791,1.04608,1.0479,1030
2024-11-24 23:00:00,1.04807,1.05007,1.04657,1.04789,3733
2024-11-25 00:00:00,1.04788,1.04845,1.04733,1.04808,2800
2024-11-25 01:00:00,1.04806,1.04898,1.04737,1.04775,2746
2024-11-25 02:00:00,1.04773,1.04891,1.04742,1.04866,1900
2024-11-25 03:00:00,1.04866,1.04877,1.04754,1.04775,1680
2024-11-25 04:00:00,1.04775,1.04807,1.04741,1.04787,1209
2024-11-25 05:00:00,1.04787,1.04829,1.04749,1.04789,1400
2024-11-25 06:00:00,1.04787,1.04893,1.04745,1.04832,2115
2024-11-25 07:00:00,1.0483,1.04834,1.04493,1.04501,3434
2024-11-25 08:00:00,1.04505,1.04667,1.04485,1.04649,4962
2024-11-25 09:00:00,1.04648,1.04969,1.04627,1.04888,5242
2024-11-25 10:00:00,1.04886,1.04964,1.04832,1.04858,3861
2024-11-25 11:00:00,1.04858,1.04902,1.04748,1.04789,2668
2024-11-25 12:00:00,1.0479,1.04929,1.04736,1.04881,3005
2024-11-25 13:00:00,1.04882,1.05298,1.04882,1.05279,6005
2024-11-25 14:00:00,1.05282,1.05299,1.05043,1.0507900000000001,6194
2024-11-25 15:00:00,1.05081,1.05188,1.04859,1.04882,5662
2024-11-25 16:00:00,1.04884,1.04944,1.04661,1.04773,4774
2024-11-25 17:00:00,1.04773,1.04867,1.04685,1.04857,2913
2024-11-25 18:00:00,1.04856,1.05074,1.04852,1.05069,2934
2024-11-25 19:00:00,1.05071,1.05102,1.05009,1.05054,1804
2024-11-25 20:00:00,1.05054,1.05092,1.04915,1.04921,1729
2024-11-25 21:00:00,1.04919,1.04969,1.04916,1.04954,1013
2024-11-25 22:00:00,1.04952,1.04954,1.04925,1.04951,697
2024-11-25 23:00:00,1.04954,1.05003,1.04423,1.0443500000000001,3326
2024-11-26 00:00:00,1.04436,1.04568,1.04246,1.04348,7040
2024-11-26 01:00:00,1.04344,1.04641,1.04299,1.04539,4792
2024-11-26 02:00:00,1.04539,1.04645,1.0451,1.04605,2641
2024-11-26 03:00:00,1.04603,1.04797,1.04579,1.04775,1951
2024-11-26 04:00:00,1.04775,1.049,1.04764,1.04795,1636
2024-11-26 05:00:00,1.04795,1.04813,1.04736,1.04749,1425
2024-11-26 06:00:00,1.04749,1.04831,1.04737,1.04757,1937
2024-11-26 07:00:00,1.04758,1.04852,1.04714,1.04714,4270
2024-11-26 08:00:00,1.04716,1.0496,1.04695,1.04907,4703
2024-11-26 09:00:00,1.04909,1.0519,1.04903,1.0507,5469
2024-11-26 10:00:00,1.05069,1.05207,1.0505,1.05164,3447
2024-11-26 11:00:00,1.05164,1.05208,1.05048,1.0513,2739
2024-11-26 12:00:00,1.05128,1.05446,1.05097,1.05234,5477
2024-11-26 13:00:00,1.05233,1.05266,1.04996,1.05035,6081
2024-11-26 14:00:00,1.05034,1.05056,1.04892,1.05026,5343
2024-11-26 15:00:00,1.05028,1.05096,1.0478,1.04795,6075
2024-11-26 16:00:00,1.04796,1.04858,1.0463,1.04796,5360
2024-11-26 17:00:00,1.04796,1.04806,1.04638,1.04701,3087
2024-11-26 18:00:00,1.04702,1.04741,1.04567,1.04649,2685
2024-11-26 19:00:00,1.04657,1.04805,1.04577,1.04722,4072
2024-11-26 20:00:00,1.04722,1.04814,1.04712,1.04804,2182
2024-11-26 21:00:00,1.04802,1.04898,1.04802,1.04883,1139
2024-11-26 22:00:00,1.04886,1.04888,1.04818,1.04871,1719
2024-11-26 23:00:00,1.04869,1.04914,1.04856,1.04911,874
2024-11-27 00:00:00,1.04913,1.04961,1.04885,1.04889,1873
2024-11-27 01:00:00,1.04889,1.04925,1.0484,1.04864,2449
2024-11-27 02:00:00,1.04862,1.04879,1.04809,1.04852,1503
2024-11-27 03:00:00,1.04853,1.04856,1.04774,1.04824,1303
2024-11-27 04:00:00,1.04824,1.04837,1.0477,1.04783,1008
2024-11-27 05:00:00,1.04784,1.04799,1.0474,1.04765,1111
2024-11-27 06:00:00,1.04765,1.04858,1.04748,1.04796,1726
2024-11-27 07:00:00,1.04795,1.05048,1.04794,1.04978,3478
2024-11-27 08:00:00,1.04978,1.05399,1.04956,1.05139,8373
2024-11-27 09:00:00,1.05138,1.05183,1.05089,1.05162,4233
2024-11-27 10:00:00,1.05162,1.05302,1.0512299999999999,1.05271,3356
2024-11-27 11:00:00,1.05269,1.05302,1.05097,1.05256,2964
2024-11-27 12:00:00,1.05256,1.05376,1.05196,1.05274,3568
2024-11-27 13:00:00,1.05276,1.05733,1.05266,1.0572300000000001,6557
2024-11-27 14:00:00,1.05724,1.05786,1.05479,1.05571,6602
2024-11-27 15:00:00,1.05558,1.05796,1.05327,1.05701,6574
2024-11-27 16:00:00,1.05699,1.05844,1.05545,1.0574,5288
2024-11-27 17:00:00,1.05741,1.05871,1.05708,1.05761,3570
2024-11-27 18:00:00,1.0576,1.05783,1.05649,1.05659,2192
2024-11-27 19:00:00,1.05658,1.05708,1.05601,1.05627,1947
2024-11-27 20:00:00,1.05626,1.05663,1.0559,1.05651,1977
2024-11-27 21:00:00,1.05648,1.0568,1.05622,1.05645,976
2024-11-27 22:00:00,1.05648,1.05679,1.05605,1.05669,662
2024-11-27 23:00:00,1.05669,1.05692,1.05607,1.05618,746
2024-11-28 00:00:00,1.05618,1.05622,1.05508,1.05516,1519
2024-11-28 01:00:00,1.05515,1.05624,1.05472,1.05568,2393
2024-11-28 02:00:00,1.05569,1.05606,1.05507,1.05566,1514
2024-11-28 03:00:00,1.05564,1.05575,1.05496,1.05518,1270
2024-11-28 04:00:00,1.05521,1.05571,1.05483,1.05543,1150
2024-11-28 05:00:00,1.05545,1.05576,1.05492,1.05497,1132
2024-11-28 06:00:00,1.05497,1.05516,1.05425,1.0548,1647
2024-11-28 07:00:00,1.0548,1.0555,1.05315,1.05411,3275
2024-11-28 08:00:00,1.05407,1.05492,1.05273,1.05441,5106
2024-11-28 09:00:00,1.05439,1.0556,1.05306,1.05317,6171
2024-11-28 10:00:00,1.05317,1.05503,1.05295,1.055,2862
2024-11-28 11:00:00,1.05502,1.05561,1.05451,1.05496,2225
2024-11-28 12:00:00,1.05494,1.05536,1.05435,1.0545,2115
2024-11-28 13:00:00,1.05447,1.05475,1.05299,1.05336,3601
2024-11-28 14:00:00,1.05336,1.05493,1.0531,1.05489,3299
2024-11-28 15:00:00,1.0549,1.05566,1.05416,1.05521,3246
2024-11-28 16:00:00,1.05518,1.05544,1.05471,1.05534,1734
2024-11-28 17:00:00,1.05535,1.05554,1.055,1.05525,895
2024-11-28 18:00:00,1.05525,1.05564,1.05518,1.05549,440
2024-11-28 19:00:00,1.05549,1.05564,1.05536,1.05563,320
2024-11-28 20:00:00,1.05563,1.05567,1.05533,1.05544,346
2024-11-28 21:00:00,1.05544,1.05565,1.05538,1.0554,328
2024-11-28 22:00:00,1.05536,1.05541,1.05481,1.05517,599
2024-11-28 23:00:00,1.05523,1.05619,1.05523,1.05596,954
2024-11-29 00:00:00,1.05596,1.05714,1.0558,1.05622,1817
2024-11-29 01:00:00,1.05622,1.05744,1.05561,1.05597,3215
2024-11-29 02:00:00,1.05596,1.05735,1.05585,1.05705,1850
2024-11-29 03:00:00,1.05705,1.05754,1.05656,1.05733,1527
2024-11-29 04:00:00,1.05733,1.05765,1.05679,1.05696,1274
2024-11-29 05:00:00,1.05695,1.0574,1.05659,1.05675,1487
2024-11-29 06:00:00,1.05673,1.05801,1.05646,1.05797,1795
2024-11-29 07:00:00,1.05796,1.0596700000000001,1.05751,1.05792,4392
2024-11-29 08:00:00,1.05793,1.05818,1.05633,1.05696,3879
2024-11-29 09:00:00,1.05699,1.0581,1.05516,1.0557,5080
2024-11-29 10:00:00,1.05573,1.0573,1.0556,1.05641,4111
2024-11-29 11:00:00,1.05641,1.05673,1.05546,1.05622,3400
2024-11-29 12:00:00,1.05625,1.05651,1.05478,1.05637,3758
2024-11-29 13:00:00,1.05636,1.0568,1.0555,1.05623,3376
2024-11-29 14:00:00,1.05622,1.05644,1.05452,1.05524,3557
2024-11-29 15:00:00,1.05523,1.05673,1.05455,1.05612,4960
2024-11-29 16:00:00,1.05615,1.05628,1.05411,1.05461,4872
2024-11-29 17:00:00,1.05459,1.05674,1.05434,1.05668,2818
2024-11-29 18:00:00,1.05671,1.05779,1.0567,1.05747,1708
2024-11-29 19:00:00,1.05749,1.05791,1.05712,1.05786,1177
2024-11-29 20:00:00,1.05786,1.05835,1.05771,1.05815,1095
2024-11-29 21:00:00,1.05815,1.05824,1.05744,1.05769,1571
2024-12-01 22:00:00,1.05682,1.05704,1.05578,1.05609,756
2024-12-01 23:00:00,1.05633,1.05656,1.0533,1.05436,2466
2024-12-02 00:00:00,1.05436,1.05462,1.0531,1.05358,2476
2024-12-02 01:00:00,1.05358,1.05388,1.05274,1.05301,2689
2024-12-02 02:00:00,1.05302,1.05318,1.05197,1.05249,2339
2024-12-02 03:00:00,1.05249,1.05268,1.05195,1.05231,1597
2024-12-02 04:00:00,1.05231,1.05288,1.05186,1.05231,1343
2024-12-02 05:00:00,1.05231,1.05279,1.05146,1.05217,1867
2024-12-02 06:00:00,1.05215,1.05357,1.0521,1.05324,2611
2024-12-02 07:00:00,1.05326,1.05368,1.05016,1.05025,5708
2024-12-02 08:00:00,1.05023,1.0512,1.04956,1.0501800000000001,6111
2024-12-02 09:00:00,1.0501800000000001,1.05187,1.0501800000000001,1.05134,4288
2024-12-02 10:00:00,1.05132,1.05236,1.05058,1.0521,4582
2024-12-02 11:00:00,1.0521,1.05283,1.05193,1.05227,2880
2024-12-02 12:00:00,1.05225,1.0538,1.04945,1.05005,4589
2024-12-02 13:00:00,1.05003,1.05139,1.0495700000000001,1.05053,5533
2024-12-02 14:00:00,1.05054,1.05143,1.04721,1.04737,6241
2024-12-02 15:00:00,1.04734,1.04803,1.04615,1.04688,7242
2024-12-02 16:00:00,1.0469,1.04972,1.04601,1.04834,6286
2024-12-02 17:00:00,1.04834,1.04984,1.04797,1.04872,3315
2024-12-02 18:00:00,1.04874,1.04926,1.04841,1.04893,2344
2024-12-02 19:00:00,1.04891,1.0493999999999999,1.04867,1.04897,2156
2024-12-02 20:00:00,1.04897,1.05154,1.04884,1.04998,4716
2024-12-02 21:00:00,1.05,1.05026,1.04958,1.04963,1027
2024-12-02 22:00:00,1.0496,1.04978,1.0493999999999999,1.04953,727
2024-12-02 23:00:00,1.04961,1.05013,1.04961,1.05003,768
2024-12-03 00:00:00,1.0500099999999999,1.05011,1.04883,1.04907,1560
2024-12-03 01:00:00,1.04909,1.04966,1.04839,1.04876,2465
2024-12-03 02:00:00,1.04877,1.04918,1.04819,1.04889,2187
2024-12-03 03:00:00,1.04889,1.04941,1.04865,1.049,1665
2024-12-03 04:00:00,1.049,1.04911,1.04839,1.04851,1266
2024-12-03 05:00:00,1.0485,1.0492,1.04802,1.04909,1407
2024-12-03 06:00:00,1.0491,1.04944,1.04831,1.04875,1900
2024-12-03 07:00:00,1.04878,1.05112,1.04857,1.04979,3510
2024-12-03 08:00:00,1.04976,1.05274,1.04969,1.05248,5013
2024-12-03 09:00:00,1.05247,1.05304,1.05159,1.0520100000000001,3805
2024-12-03 10:00:00,1.052,1.05295,1.05118,1.05143,2596
2024-12-03 11:00:00,1.05141,1.05271,1.05134,1.05222,2662
2024-12-03 12:00:00,1.05221,1.05242,1.05065,1.05073,3040
2024-12-03 13:00:00,1.05075,1.05263,1.05058,1.05236,3459
2024-12-03 14:00:00,1.05238,1.05286,1.05166,1.05193,4509
2024-12-03 15:00:00,1.05191,1.05193,1.04917,1.05159,6290
2024-12-03 16:00:00,1.05162,1.05191,1.05026,1.0517,3920
2024-12-03 17:00:00,1.05172,1.05298,1.05078,1.05276,3390
2024-12-03 18:00:00,1.05278,1.05347,1.0524499999999999,1.05276,2851
2024-12-03 19:00:00,1.05276,1.05285,1.05044,1.05044,2180
2024-12-03 20:00:00,1.05042,1.05122,1.05026,1.05088,2006
2024-12-03 21:00:00,1.05086,1.05115,1.05067,1.05084,956
2024-12-03 22:00:00,1.05086,1.05086,1.04991,1.05082,562
2024-12-03 23:00:00,1.05084,1.05106,1.05056,1.05097,566
2024-12-04 00:00:00,1.05097,1.05119,1.04969,1.0499,1520
2024-12-04 01:00:00,1.04991,1.05122,1.04967,1.0506,2389
2024-12-04 02:00:00,1.05058,1.05082,1.04975,1.04998,2104
2024-12-04 03:00:00,1.04998,1.05004,1.04875,1.04935,1856
2024-12-04 04:00:00,1.04935,1.0513,1.04903,1.05103,1869
2024-12-04 05:00:00,1.05103,1.05197,1.0509,1.05145,1539
2024-12-04 06:00:00,1.05147,1.05285,1.05099,1.05223,2071
2024-12-04 07:00:00,1.05221,1.0526200000000001,1.05071,1.05087,3406
2024-12-04 08:00:00,1.05085,1.05147,1.04898,1.0491,4182
2024-12-04 09:00:00,1.04911,1.05058,1.04822,1.05024,4497
2024-12-04 10:00:00,1.05026,1.05089,1.04955,1.04989,3236
2024-12-04 11:00:00,1.0499,1.05119,1.0497,1.05047,2838
2024-12-04 12:00:00,1.05045,1.05045,1.04875,1.0491,2952
2024-12-04 13:00:00,1.04907,1.04972,1.04789,1.04834,5661
2024-12-04 14:00:00,1.04832,1.04983,1.04719,1.04941,4508
2024-12-04 15:00:00,1.04966,1.05436,1.04966,1.05293,9655
2024-12-04 16:00:00,1.05294,1.05363,1.05197,1.05264,4448
2024-12-04 17:00:00,1.05263,1.05422,1.05244,1.05368,2936
2024-12-04 18:00:00,1.05368,1.05385,1.05149,1.05162,2541
2024-12-04 19:00:00,1.05159,1.05289,1.0507,1.05134,5289
2024-12-04 20:00:00,1.05136,1.0517,1.05046,1.05126,2436
2024-12-04 21:00:00,1.05129,1.05156,1.05074,1.0509,1009
2024-12-04 22:00:00,1.0509,1.05116,1.05063,1.05097,505
2024-12-04 23:00:00,1.05102,1.0515,1.05075,1.05121,824
2024-12-05 00:00:00,1.05122,1.05154,1.05078,1.05138,1473
2024-12-05 01:00:00,1.05139,1.05155,1.05089,1.05119,1731
2024-12-05 02:00:00,1.0512,1.05223,1.05103,1.05194,1506
2024-12-05 03:00:00,1.05195,1.05229,1.05156,1.05224,1181
2024-12-05 04:00:00,1.05224,1.05253,1.05166,1.05181,896
2024-12-05 05:00:00,1.0518,1.05285,1.05169,1.0526,1380
2024-12-05 06:00:00,1.0526,1.05294,1.05224,1.05253,1592
2024-12-05 07:00:00,1.0525,1.05382,1.05244,1.05349,2824
2024-12-05 08:00:00,1.05348,1.0546,1.05288,1.05298,3692
2024-12-05 09:00:00,1.05299,1.05343,1.0521,1.05282,2855
2024-12-05 10:00:00,1.05279,1.05351,1.05247,1.05259,2623
2024-12-05 11:00:00,1.05257,1.05375,1.05229,1.05358,2209
2024-12-05 12:00:00,1.05359,1.05384,1.05233,1.05363,3003
2024-12-05 13:00:00,1.05365,1.05677,1.05328,1.05664,6554
2024-12-05 14:00:00,1.05666,1.05891,1.05653,1.05749,6043
2024-12-05 15:00:00,1.0575,1.05795,1.05505,1.05718,4959
2024-12-05 16:00:00,1.05715,1.0578,1.05642,1.05698,3777
2024-12-05 17:00:00,1.057,1.05742,1.05571,1.0567,2784
2024-12-05 18:00:00,1.0567,1.05695,1.05566,1.05675,2312
2024-12-05 19:00:00,1.05677,1.05881,1.05677,1.05866,2376
2024-12-05 20:00:00,1.05868,1.05876,1.05805,1.05836,1740
2024-12-05 21:00:00,1.05835,1.0588,1.05814,1.05864,863
2024-12-05 22:00:00,1.05861,1.05865,1.05837,1.05852,1002
2024-12-05 23:00:00,1.05861,1.05874,1.05832,1.05859,711
2024-12-06 00:00:00,1.05859,1.05861,1.0576,1.05771,1295
2024-12-06 01:00:00,1.05771,1.05779,1.05656,1.05682,1761
2024-12-06 02:00:00,1.05684,1.05777,1.05677,1.05768,1607
2024-12-06 03:00:00,1.05768,1.05799,1.05726,1.05757,1378
2024-12-06 04:00:00,1.05756,1.05768,1.05722,1.0575,966
2024-12-06 05:00:00,1.0575,1.0575,1.05686,1.0572,1215
2024-12-06 06:00:00,1.0572,1.05775,1.0569,1.05742,1506
2024-12-06 07:00:00,1.05743,1.0584,1.0567,1.05832,2555
2024-12-06 08:00:00,1.05832,1.05936,1.05761,1.05815,3118
2024-12-06 09:00:00,1.05815,1.05831,1.05709,1.05768,2793
2024-12-06 10:00:00,1.0576699999999999,1.05844,1.05712,1.0582,2167
2024-12-06 11:00:00,1.05822,1.05884,1.05762,1.05864,2283
2024-12-06 12:00:00,1.05863,1.05881,1.058,1.05807,2553
2024-12-06 13:00:00,1.0581,1.06289,1.05788,1.06037,8717
2024-12-06 14:00:00,1.0604,1.06068,1.05677,1.05778,9312
2024-12-06 15:00:00,1.05782,1.05782,1.05438,1.0563,6137
2024-12-06 16:00:00,1.0563,1.0575,1.05536,1.05621,4099
2024-12-06 17:00:00,1.05619,1.05619,1.05466,1.05509,3388
2024-12-06 18:00:00,1.05508,1.05609,1.05457,1.05491,2135
2024-12-06 19:00:00,1.05492,1.05546,1.0542,1.05537,1950
2024-12-06 20:00:00,1.0554,1.05636,1.05536,1.05628,1779
2024-12-06 21:00:00,1.05629,1.05692,1.0561,1.05672,903
2024-12-08 22:00:00,1.05567,1.05617,1.05534,1.05608,506
2024-12-08 23:00:00,1.05624,1.0569,1.05586,1.05642,953
2024-12-09 02:00:00,1.05511,1.05547,1.05511,1.05545,318
2024-12-09 03:00:00,1.05545,1.05562,1.05363,1.0537,1397
2024-12-09 04:00:00,1.05369,1.05397,1.05318,1.05346,1201
2024-12-09 05:00:00,1.05345,1.0538,1.05331,1.05368,1432
2024-12-09 06:00:00,1.05368,1.05445,1.05359,1.05438,1672
2024-12-09 07:00:00,1.05437,1.05661,1.05406,1.05637,3757
2024-12-09 08:00:00,1.0564,1.05701,1.05561,1.05669,3974
2024-12-09 09:00:00,1.05671,1.05746,1.05611,1.05657,3060
2024-12-09 10:00:00,1.05659,1.05849,1.05659,1.05798,2918
2024-12-09 11:00:00,1.05797,1.0584500000000001,1.05672,1.05686,2110
2024-12-09 12:00:00,1.05686,1.0571,1.05575,1.05654,2536
2024-12-09 13:00:00,1.05653,1.05776,1.05577,1.05756,3806
2024-12-09 14:00:00,1.05756,1.05843,1.05712,1.05779,3952
2024-12-09 15:00:00,1.0578,1.05923,1.05714,1.05904,3854
2024-12-09 16:00:00,1.05905,1.05939,1.05679,1.05701,2737
2024-12-09 17:00:00,1.057,1.05742,1.05662,1.05665,2006
2024-12-09 18:00:00,1.05664,1.05674,1.05601,1.05633,1695
2024-12-09 19:00:00,1.05633,1.05642,1.05513,1.05549,1730
2024-12-09 20:00:00,1.05551,1.05575,1.05467,1.05498,1649
2024-12-09 21:00:00,1.055,1.05547,1.05498,1.05527,956
2024-12-09 22:00:00,1.05529,1.05539,1.0549,1.05533,736
2024-12-09 23:00:00,1.05537,1.05566,1.05522,1.0554,742
2024-12-10 00:00:00,1.05542,1.05542,1.05487,1.05529,1135
2024-12-10 01:00:00,1.05531,1.05533,1.05448,1.05527,1571
2024-12-10 02:00:00,1.05528,1.05611,1.05513,1.05532,1805
2024-12-10 03:00:00,1.05532,1.05574,1.05486,1.05563,1699
2024-12-10 04:00:00,1.05563,1.05596,1.05556,1.05572,1272
2024-12-10 05:00:00,1.05573,1.05623,1.05536,1.05618,1272
2024-12-10 06:00:00,1.05618,1.05676,1.05605,1.05663,1612
2024-12-10 07:00:00,1.05661,1.05663,1.05464,1.05487,2406
2024-12-10 08:00:00,1.05488,1.05513,1.05374,1.05374,3056
2024-12-10 09:00:00,1.05373,1.0538,1.05227,1.05307,3422
2024-12-10 10:00:00,1.05305,1.05374,1.05255,1.05278,2627
2024-12-10 11:00:00,1.05277,1.05326,1.05237,1.05309,2425
2024-12-10 12:00:00,1.05311,1.05334,1.05198,1.05303,2786
2024-12-10 13:00:00,1.05305,1.05318,1.05155,1.05226,3356
2024-12-10 14:00:00,1.05229,1.05309,1.0519,1.05193,3609
2024-12-10 15:00:00,1.05195,1.05255,1.04981,1.05034,4740
2024-12-10 16:00:00,1.05036,1.05121,1.04995,1.05112,3364
2024-12-10 17:00:00,1.05112,1.05162,1.05042,1.05091,2234
2024-12-10 18:00:00,1.05092,1.05263,1.05081,1.05249,2376
2024-12-10 19:00:00,1.0525,1.05307,1.05237,1.05266,1754
2024-12-10 20:00:00,1.05264,1.05303,1.05236,1.05261,1617
2024-12-10 21:00:00,1.05264,1.05283,1.05233,1.0525,840
2024-12-10 22:00:00,1.05249,1.05278,1.0524,1.05278,644
2024-12-10 23:00:00,1.05276,1.05313,1.05276,1.05306,588
2024-12-11 00:00:00,1.05308,1.05319,1.05271,1.05284,930
2024-12-11 01:00:00,1.05285,1.05352,1.05276,1.05342,1586
2024-12-11 02:00:00,1.0534,1.05388,1.05324,1.05365,1284
2024-12-11 03:00:00,1.05362,1.05375,1.05273,1.05279,1158
2024-12-11 04:00:00,1.05278,1.053,1.05203,1.05244,1086
2024-12-11 05:00:00,1.05244,1.05268,1.05205,1.05235,974
2024-12-11 06:00:00,1.05235,1.05276,1.05219,1.05256,1287
2024-12-11 07:00:00,1.05258,1.05282,1.04878,1.04886,5180
2024-12-11 08:00:00,1.04961,1.05121,1.04942,1.05051,2753
2024-12-11 09:00:00,1.05049,1.05095,1.04962,1.05002,4010
2024-12-11 10:00:00,1.05002,1.05013,1.04866,1.0495,3237
2024-12-11 11:00:00,1.04948,1.05049,1.04897,1.05031,2917
2024-12-11 12:00:00,1.05031,1.05176,1.04995,1.05027,3555
2024-12-11 13:00:00,1.05027,1.05369,1.05019,1.0524,7299
2024-12-11 14:00:00,1.05238,1.05288,1.04937,1.05007,6786
2024-12-11 15:00:00,1.05009,1.05077,1.04797,1.04902,6306
2024-12-11 16:00:00,1.04905,1.05115,1.04848,1.05073,3747
2024-12-11 17:00:00,1.05073,1.05116,1.04857,1.04874,2604
2024-12-11 18:00:00,1.04874,1.04995,1.04828,1.04844,3259
2024-12-11 19:00:00,1.04842,1.04939,1.04811,1.0491,2359
2024-12-11 20:00:00,1.04911,1.0495,1.04878,1.04919,1602
2024-12-11 21:00:00,1.04919,1.0496,1.04915,1.04941,727
2024-12-11 22:00:00,1.04943,1.04966,1.04915,1.04966,671
2024-12-11 23:00:00,1.04965,1.0506,1.04965,1.05048,667
2024-12-12 00:00:00,1.05049,1.05082,1.05019,1.05052,1583
2024-12-12 01:00:00,1.05054,1.05083,1.05027,1.05057,1597
2024-12-12 02:00:00,1.05057,1.05068,1.05014,1.05029,1197
2024-12-12 03:00:00,1.05029,1.05083,1.05004,1.05048,1108
2024-12-12 04:00:00,1.05048,1.05089,1.05038,1.05089,850
2024-12-12 05:00:00,1.05087,1.05092,1.05028,1.05061,1227
2024-12-12 06:00:00,1.0506,1.05138,1.0504,1.05136,1234
2024-12-12 07:00:00,1.05138,1.05305,1.0512,1.05161,3338
2024-12-12 08:00:00,1.0516,1.05204,1.05046,1.05088,3938
2024-12-12 09:00:00,1.05087,1.05169,1.05051,1.05095,3109
2024-12-12 10:00:00,1.05095,1.05139,1.04951,1.04964,2540
2024-12-12 11:00:00,1.04966,1.05073,1.0493999999999999,1.05019,2812
2024-12-12 12:00:00,1.0502,1.05038,1.04885,1.04887,2685
2024-12-12 13:00:00,1.04888,1.05016,1.04689,1.04844,7984
2024-12-12 14:00:00,1.04845,1.05198,1.04718,1.05191,10353
2024-12-12 15:00:00,1.05192,1.05207,1.04632,1.04723,7795
2024-12-12 16:00:00,1.04722,1.05153,1.04714,1.05127,4667
2024-12-12 17:00:00,1.05129,1.05169,1.04949,1.05005,3397
2024-12-12 18:00:00,1.05006,1.05022,1.04816,1.04822,3201
2024-12-12 19:00:00,1.0482,1.0485,1.0472,1.04722,2435
2024-12-12 20:00:00,1.04725,1.04744,1.04641,1.0467,1849
2024-12-12 21:00:00,1.04667,1.04717,1.04639,1.04655,1035
2024-12-12 22:00:00,1.04658,1.04692,1.04607,1.04692,835
2024-12-12 23:00:00,1.047,1.04739,1.04644,1.04735,994
2024-12-13 00:00:00,1.04735,1.048,1.04695,1.04789,1754
2024-12-13 01:00:00,1.0479,1.04804,1.04631,1.0465,2423
2024-12-13 02:00:00,1.0465,1.04665,1.04597,1.04601,1695
2024-12-13 03:00:00,1.04604,1.04649,1.04592,1.046,1095
2024-12-13 04:00:00,1.046,1.04634,1.0456,1.04634,1079
2024-12-13 05:00:00,1.04633,1.04654,1.04598,1.04649,986
2024-12-13 06:00:00,1.0465,1.04658,1.04564,1.04654,1621
2024-12-13 07:00:00,1.04652,1.04652,1.04527,1.0459,3499
2024-12-13 08:00:00,1.04589,1.04716,1.0456,1.04682,3367
2024-12-13 09:00:00,1.0468,1.04935,1.04658,1.0486,3084
2024-12-13 10:00:00,1.04869,1.04955,1.04829,1.04867,3542
2024-12-13 11:00:00,1.04866,1.04943,1.04859,1.04884,2668
2024-12-13 12:00:00,1.04882,1.05189,1.04874,1.05157,3720
2024-12-13 13:00:00,1.05155,1.05238,1.05086,1.051,4357
2024-12-13 14:00:00,1.051,1.051,1.04882,1.049,3596
2024-12-13 15:00:00,1.04901,1.04951,1.04817,1.04886,4118
2024-12-13 16:00:00,1.04884,1.05056,1.04863,1.04975,3545
2024-12-13 17:00:00,1.04976,1.05038,1.04907,1.04962,2655
2024-12-13 18:00:00,1.0496,1.04982,1.04887,1.04953,2266
2024-12-13 19:00:00,1.04954,1.05022,1.04914,1.04949,1784
2024-12-13 20:00:00,1.04951,1.04971,1.04922,1.04967,1440
2024-12-13 21:00:00,1.04969,1.05041,1.04954,1.05027,987
2024-12-15 22:00:00,1.04858,1.0499,1.04824,1.04938,784
2024-12-15 23:00:00,1.04951,1.05105,1.04951,1.05091,1079
2024-12-16 00:00:00,1.05091,1.05185,1.05087,1.0514000000000001,1592
2024-12-16 01:00:00,1.05139,1.05209,1.0512,1.05185,1789
2024-12-16 02:00:00,1.0518399999999999,1.05226,1.05094,1.05122,1519
2024-12-16 03:00:00,1.05124,1.05151,1.05093,1.05113,1098
2024-12-16 04:00:00,1.05115,1.05164,1.05113,1.05154,959
2024-12-16 05:00:00,1.05154,1.0521,1.05153,1.05192,1085
2024-12-16 06:00:00,1.0519,1.05204,1.05113,1.05131,1472
2024-12-16 07:00:00,1.05133,1.05204,1.05042,1.05047,2512
2024-12-16 08:00:00,1.05044,1.0524499999999999,1.04999,1.05085,4351
2024-12-16 09:00:00,1.05087,1.05205,1.05031,1.0505,3135
2024-12-16 10:00:00,1.0505,1.0506199999999999,1.04881,1.04887,2464
2024-12-16 11:00:00,1.04888,1.04922,1.04828,1.049,1940
2024-12-16 12:00:00,1.04903,1.04996,1.04895,1.04905,2389
2024-12-16 13:00:00,1.04902,1.05078,1.049,1.05069,3035
2024-12-16 14:00:00,1.05073,1.05078,1.04743,1.04822,4258
2024-12-16 15:00:00,1.04824,1.05125,1.04824,1.05061,4233
2024-12-16 16:00:00,1.0506,1.05128,1.0495,1.05109,3529
2024-12-16 17:00:00,1.0511,1.0520100000000001,1.05051,1.05107,3043
2024-12-16 18:00:00,1.05107,1.0521,1.05053,1.05199,1971
2024-12-16 19:00:00,1.052,1.0522,1.0506199999999999,1.05095,1974
2024-12-16 20:00:00,1.05098,1.05107,1.05064,1.0507900000000001,1324
2024-12-16 21:00:00,1.05077,1.05136,1.05045,1.05104,663
2024-12-16 22:00:00,1.05101,1.05109,1.05069,1.05102,978
2024-12-16 23:00:00,1.05099,1.05182,1.05097,1.05163,735
2024-12-17 00:00:00,1.05163,1.05342,1.05146,1.05282,1661
2024-12-17 01:00:00,1.05285,1.05296,1.05185,1.0521,1657
2024-12-17 02:00:00,1.0521,1.05264,1.05164,1.0517,1495
2024-12-17 03:00:00,1.0517,1.0519,1.05109,1.05121,1041
2024-12-17 04:00:00,1.05121,1.05122,1.05077,1.0507900000000001,736
2024-12-17 05:00:00,1.0507900000000001,1.051,1.05023,1.05043,1064
2024-12-17 06:00:00,1.05045,1.05074,1.04971,1.05024,1798
2024-12-17 07:00:00,1.05027,1.05086,1.04953,1.04973,2863
2024-12-17 08:00:00,1.04971,1.0500099999999999,1.04847,1.04891,3128
2024-12-17 09:00:00,1.04889,1.0489,1.04802,1.04851,2916
2024-12-17 10:00:00,1.04858,1.04894,1.04786,1.04876,2871
2024-12-17 11:00:00,1.04876,1.04936,1.04833,1.04911,2319
2024-12-17 12:00:00,1.0491,1.05011,1.04876,1.05007,2430
2024-12-17 13:00:00,1.05006,1.0506199999999999,1.04915,1.05043,3919
2024-12-17 14:00:00,1.05041,1.05111,1.04975,1.05045,4088
2024-12-17 15:00:00,1.05047,1.05092,1.04954,1.04983,4007
2024-12-17 16:00:00,1.04985,1.05059,1.04943,1.05046,3232
2024-12-17 17:00:00,1.05044,1.05154,1.04976,1.04994,3258
2024-12-17 18:00:00,1.04993,1.05038,1.04897,1.04932,2321
2024-12-17 19:00:00,1.04932,1.0495,1.04876,1.04881,1660
2024-12-17 20:00:00,1.04881,1.04903,1.04848,1.0488,1422
2024-12-17 21:00:00,1.0488,1.04923,1.04861,1.04904,625
2024-12-17 22:00:00,1.04906,1.04928,1.04881,1.04925,493
2024-12-17 23:00:00,1.04925,1.04948,1.04913,1.04939,518
2024-12-18 00:00:00,1.04938,1.05023,1.04924,1.04987,1343
2024-12-18 01:00:00,1.04988,1.05022,1.04952,1.05015,1465
2024-12-18 02:00:00,1.05019,1.05033,1.04959,1.05005,1291
2024-12-18 03:00:00,1.05004,1.05024,1.04982,1.0499,1033
2024-12-18 04:00:00,1.04988,1.05053,1.04956,1.05027,1090
2024-12-18 05:00:00,1.05027,1.05045,1.04998,1.0501800000000001,1089
2024-12-18 06:00:00,1.05019,1.05113,1.05013,1.05106,1404
2024-12-18 07:00:00,1.05109,1.0512299999999999,1.04933,1.04967,2599
2024-12-18 08:00:00,1.04965,1.04989,1.04873,1.04931,2914
2024-12-18 09:00:00,1.04929,1.04981,1.04908,1.04938,2416
2024-12-18 10:00:00,1.04939,1.04998,1.04886,1.04979,2231
2024-12-18 11:00:00,1.04981,1.05029,1.04945,1.04963,2302
2024-12-18 12:00:00,1.04964,1.05016,1.04853,1.049,2596
2024-12-18 13:00:00,1.04901,1.04982,1.04822,1.04916,3389
2024-12-18 14:00:00,1.04915,1.05028,1.04869,1.0496,3749
2024-12-18 15:00:00,1.0496,1.04984,1.04694,1.04735,3706
2024-12-18 16:00:00,1.04738,1.04806,1.04665,1.0469,2966
2024-12-18 17:00:00,1.0469,1.04794,1.04685,1.04748,2204
2024-12-18 18:00:00,1.04749,1.0492,1.04732,1.04872,2144
2024-12-18 19:00:00,1.04867,1.04867,1.03729,1.03773,14401
2024-12-18 20:00:00,1.0377,1.03802,1.03435,1.03646,10249
2024-12-18 21:00:00,1.03648,1.03738,1.0346899999999999,1.03485,1898
2024-12-18 22:00:00,1.03487,1.03504,1.03443,1.03504,834
2024-12-18 23:00:00,1.03502,1.03602,1.03471,1.03503,2012
2024-12-19 00:00:00,1.03503,1.03794,1.03503,1.03728,3030
2024-12-19 01:00:00,1.03727,1.03794,1.03705,1.03776,2643
2024-12-19 02:00:00,1.03776,1.039,1.03721,1.03897,2435
2024-12-19 03:00:00,1.03894,1.03903,1.03742,1.03779,1844
2024-12-19 04:00:00,1.03777,1.03817,1.03744,1.03786,1443
2024-12-19 05:00:00,1.03787,1.03851,1.03755,1.03817,1705
2024-12-19 06:00:00,1.03816,1.03878,1.03769,1.03848,2670
2024-12-19 07:00:00,1.03846,1.04089,1.03846,1.03946,4757
2024-12-19 08:00:00,1.03945,1.04088,1.03901,1.04078,4808
2024-12-19 09:00:00,1.04078,1.0422,1.04075,1.0412,4560
2024-12-19 10:00:00,1.0412,1.04153,1.04039,1.04047,3530
2024-12-19 11:00:00,1.04047,1.04149,1.03996,1.04032,2956
2024-12-19 12:00:00,1.04032,1.04098,1.03906,1.03935,4666
2024-12-19 13:00:00,1.03933,1.04136,1.03856,1.03985,6096
2024-12-19 14:00:00,1.03983,1.04069,1.03936,1.03955,5220
2024-12-19 15:00:00,1.03958,1.04013,1.03764,1.03795,5413
2024-12-19 16:00:00,1.03793,1.03841,1.03557,1.03564,4725
2024-12-19 17:00:00,1.03566,1.03758,1.03543,1.03614,3930
2024-12-19 18:00:00,1.03614,1.0375,1.03551,1.03738,3118
2024-12-19 19:00:00,1.03737,1.03769,1.03609,1.03609,2517
2024-12-19 20:00:00,1.03612,1.03688,1.03584,1.03678,2044
2024-12-19 21:00:00,1.03676,1.03676,1.0359099999999999,1.0362,812
2024-12-19 22:00:00,1.03621,1.03646,1.03588,1.03646,709
2024-12-19 23:00:00,1.03648,1.03654,1.03606,1.03643,790
2024-12-20 00:00:00,1.03643,1.03688,1.03611,1.03649,1622
2024-12-20 01:00:00,1.03649,1.03672,1.03585,1.03632,1963
2024-12-20 02:00:00,1.03631,1.03645,1.03594,1.03632,1540
2024-12-20 03:00:00,1.03632,1.03653,1.03586,1.03617,1405
2024-12-20 04:00:00,1.03619,1.03626,1.0358,1.03585,1090
2024-12-20 05:00:00,1.03584,1.03663,1.03561,1.03657,1332
2024-12-20 06:00:00,1.03658,1.03768,1.03426,1.03743,4440
2024-12-20 07:00:00,1.03746,1.03849,1.03722,1.03823,3852
2024-12-20 08:00:00,1.03822,1.03979,1.03777,1.0392,3834
2024-12-20 09:00:00,1.03921,1.03921,1.03755,1.03823,3306
2024-12-20 10:00:00,1.03826,1.03927,1.03808,1.03913,2619
2024-12-20 11:00:00,1.03912,1.03972,1.03793,1.03912,2690
2024-12-20 12:00:00,1.03914,1.04001,1.03874,1.03893,2682
2024-12-20 13:00:00,1.03892,1.04187,1.03874,1.0407,5179
2024-12-20 14:00:00,1.04068,1.04087,1.03855,1.03933,4973
2024-12-20 15:00:00,1.03935,1.0407,1.03907,1.03964,5396
2024-12-20 16:00:00,1.03965,1.04351,1.03955,1.04277,4796
2024-12-20 17:00:00,1.04276,1.04446,1.04251,1.04283,4176
2024-12-20 18:00:00,1.04283,1.04425,1.04219,1.04364,2542
2024-12-20 19:00:00,1.04365,1.0447,1.04334,1.04443,2377
2024-12-20 20:00:00,1.04441,1.04466,1.04272,1.04286,2165
2024-12-20 21:00:00,1.04277,1.04331,1.04217,1.0428,1455
2024-12-22 22:00:00,1.04277,1.04423,1.04261,1.04328,725
2024-12-22 23:00:00,1.04341,1.04433,1.04301,1.04333,1431
2024-12-23 00:00:00,1.04334,1.04364,1.04304,1.04312,1173
2024-12-23 01:00:00,1.0431300000000001,1.04377,1.04266,1.04355,1497
2024-12-23 02:00:00,1.04356,1.04426,1.04353,1.044,1221
2024-12-23 03:00:00,1.04401,1.04424,1.04377,1.04388,910
2024-12-23 04:00:00,1.04388,1.0445,1.04383,1.04425,905
2024-12-23 05:00:00,1.04426,1.04439,1.0439,1.04396,951
2024-12-23 06:00:00,1.04395,1.04417,1.0433,1.04337,1428
2024-12-23 07:00:00,1.04339,1.04365,1.04109,1.04124,2405
2024-12-23 08:00:00,1.04123,1.04185,1.04068,1.04178,2562
2024-12-23 09:00:00,1.04177,1.0419100000000001,1.04067,1.04074,2278
2024-12-23 10:00:00,1.04076,1.04096,1.03862,1.03896,2459
2024-12-23 11:00:00,1.03895,1.04006,1.03871,1.03995,2204
2024-12-23 12:00:00,1.03995,1.0401,1.03852,1.0395,2633
2024-12-23 13:00:00,1.0395,1.04024,1.03879,1.0399,3085
2024-12-23 14:00:00,1.03992,1.0408,1.03912,1.03934,3270
2024-12-23 15:00:00,1.03936,1.03963,1.03837,1.03905,3698
2024-12-23 16:00:00,1.03903,1.04098,1.0389,1.04075,2963
2024-12-23 17:00:00,1.04074,1.0417399999999999,1.03961,1.03972,2461
2024-12-23 18:00:00,1.03974,1.04119,1.03974,1.04084,1948
2024-12-23 19:00:00,1.04082,1.04119,1.03989,1.04108,1763
2024-12-23 20:00:00,1.04108,1.04138,1.0403,1.04055,1570
2024-12-23 21:00:00,1.0405,1.04072,1.04036,1.04056,578
2024-12-23 22:00:00,1.04053,1.04054,1.04011,1.04044,1205
2024-12-23 23:00:00,1.04044,1.0408,1.0403,1.04039,633
2024-12-24 00:00:00,1.0404,1.04042,1.03976,1.04,870
2024-12-24 01:00:00,1.04001,1.04044,1.03996,1.04023,1033
2024-12-24 02:00:00,1.04023,1.04082,1.0396,1.03992,1157
2024-12-24 03:00:00,1.03994,1.04001,1.03883,1.03907,1081
2024-12-24 04:00:00,1.03907,1.03966,1.03904,1.03963,814
2024-12-24 05:00:00,1.03963,1.03973,1.03933,1.03967,776
2024-12-24 06:00:00,1.03968,1.03982,1.0392,1.03957,1027
2024-12-24 07:00:00,1.03959,1.03981,1.03898,1.03902,1348
2024-12-24 08:00:00,1.03903,1.04052,1.03896,1.03953,1915
2024-12-24 09:00:00,1.0395,1.03983,1.039,1.03918,1791
2024-12-24 10:00:00,1.03917,1.03969,1.03888,1.0396,1479
2024-12-24 11:00:00,1.03959,1.0403,1.03913,1.03944,1582
2024-12-24 12:00:00,1.03946,1.04031,1.03887,1.0391,1945
2024-12-24 13:00:00,1.0391,1.0403,1.03892,1.04021,2111
2024-12-24 14:00:00,1.04021,1.04095,1.0395,1.04045,2543
2024-12-24 15:00:00,1.04045,1.04074,1.03903,1.03915,2591
2024-12-24 16:00:00,1.03914,1.03958,1.0387,1.03874,1926
2024-12-24 17:00:00,1.03873,1.03934,1.03831,1.03877,1750
2024-12-24 18:00:00,1.03878,1.03918,1.03859,1.03906,739
2024-12-24 19:00:00,1.03906,1.03965,1.039,1.03921,740
2024-12-24 20:00:00,1.0392,1.03994,1.03888,1.03978,1439
2024-12-24 21:00:00,1.0398,1.04,1.03898,1.03927,1175
2024-12-25 22:00:00,1.03992,1.04022,1.03982,1.04003,488
2024-12-25 23:00:00,1.04022,1.04028,1.03958,1.03986,971
2024-12-26 00:00:00,1.03986,1.0401,1.03926,1.03964,909
2024-12-26 01:00:00,1.03962,1.03998,1.03939,1.03969,1362
2024-12-26 02:00:00,1.03969,1.03997,1.03961,1.03983,899
2024-12-26 03:00:00,1.03983,1.04038,1.0398,1.04006,822
2024-12-26 04:00:00,1.04006,1.04011,1.03974,1.03974,754
2024-12-26 05:00:00,1.03974,1.04023,1.03969,1.03974,756
2024-12-26 06:00:00,1.03973,1.04,1.03963,1.03978,655
2024-12-26 07:00:00,1.03976,1.03995,1.03901,1.03971,1229
2024-12-26 08:00:00,1.03969,1.03984,1.03922,1.03946,1201
2024-12-26 09:00:00,1.03944,1.03998,1.03909,1.03986,1169
2024-12-26 10:00:00,1.03986,1.04026,1.03976,1.04014,805
2024-12-26 11:00:00,1.04012,1.04018,1.03988,1.04007,728
2024-12-26 12:00:00,1.04008,1.04009,1.03923,1.03991,1255
2024-12-26 13:00:00,1.03991,1.04053,1.03972,1.04021,1771
2024-12-26 14:00:00,1.04021,1.04039,1.03947,1.04018,2142
2024-12-26 15:00:00,1.04017,1.04147,1.03978,1.04085,2724
2024-12-26 16:00:00,1.04083,1.04223,1.04081,1.04214,1884
2024-12-26 17:00:00,1.04215,1.04221,1.0406,1.0411299999999999,1742
2024-12-26 18:00:00,1.0411299999999999,1.04297,1.0411299999999999,1.04205,2133
2024-12-26 19:00:00,1.04205,1.04231,1.0414,1.0417399999999999,1662
2024-12-26 20:00:00,1.04172,1.0421,1.04152,1.04198,1290
2024-12-26 21:00:00,1.04199,1.04224,1.04184,1.04214,647
2024-12-26 22:00:00,1.04214,1.0423,1.04183,1.0423,799
2024-12-26 23:00:00,1.04233,1.04244,1.04192,1.04214,713
2024-12-27 00:00:00,1.04214,1.04234,1.04176,1.04179,1171
2024-12-27 01:00:00,1.04178,1.0418,1.0412,1.04129,1276
2024-12-27 02:00:00,1.04129,1.04139,1.04077,1.04093,1015
2024-12-27 03:00:00,1.04091,1.04123,1.04063,1.04123,745
2024-12-27 04:00:00,1.04123,1.04128,1.04075,1.04088,609
2024-12-27 05:00:00,1.04088,1.0411,1.0407,1.04091,930
2024-12-27 06:00:00,1.04091,1.04119,1.04072,1.04114,915
2024-12-27 07:00:00,1.04116,1.04243,1.04047,1.04215,2053
2024-12-27 08:00:00,1.04212,1.04253,1.04101,1.04121,2320
2024-12-27 09:00:00,1.04122,1.04176,1.04086,1.04163,1733
2024-12-27 10:00:00,1.04162,1.04209,1.04114,1.04183,1624
2024-12-27 11:00:00,1.04182,1.04403,1.0418,1.04381,1914
2024-12-27 12:00:00,1.04382,1.0443500000000001,1.04278,1.04319,1743
2024-12-27 13:00:00,1.0432,1.04381,1.04284,1.04381,2560
2024-12-27 14:00:00,1.04383,1.04393,1.04242,1.04264,2946
2024-12-27 15:00:00,1.04263,1.04354,1.04155,1.04216,3428
2024-12-27 16:00:00,1.04217,1.0432,1.04204,1.0422,2727
2024-12-27 17:00:00,1.04217,1.04225,1.04142,1.04208,2457
2024-12-27 18:00:00,1.04208,1.04284,1.04204,1.0426,1690
2024-12-27 19:00:00,1.04258,1.04301,1.0423499999999999,1.04279,1631
2024-12-27 20:00:00,1.04276,1.04281,1.04225,1.04257,1427
2024-12-27 21:00:00,1.04255,1.0426,1.04216,1.04253,732
2024-12-29 22:00:00,1.0427,1.04297,1.04254,1.04294,510
2024-12-29 23:00:00,1.04312,1.04338,1.04261,1.04292,928
2024-12-30 00:00:00,1.04292,1.04309,1.04254,1.04273,981
2024-12-30 01:00:00,1.04273,1.04306,1.04249,1.04251,902
2024-12-30 02:00:00,1.04251,1.04272,1.04238,1.04254,739
2024-12-30 03:00:00,1.04255,1.04255,1.04206,1.04243,690
2024-12-30 04:00:00,1.04243,1.04258,1.04239,1.04249,445
2024-12-30 05:00:00,1.04249,1.04263,1.04225,1.0425,674
2024-12-30 06:00:00,1.0425,1.0431,1.04249,1.04284,946
2024-12-30 07:00:00,1.04282,1.04291,1.04207,1.04266,1698
2024-12-30 08:00:00,1.04265,1.04293,1.0409,1.04124,2511
2024-12-30 09:00:00,1.04121,1.04388,1.04106,1.04334,2572
2024-12-30 10:00:00,1.04332,1.04438,1.04322,1.04376,2584
2024-12-30 11:00:00,1.04376,1.04518,1.04364,1.04477,2310
2024-12-30 12:00:00,1.04473,1.04578,1.04387,1.04487,2762
2024-12-30 13:00:00,1.0449,1.04515,1.03849,1.03875,4724
2024-12-30 14:00:00,1.03878,1.04083,1.03795,1.04047,6214
2024-12-30 15:00:00,1.04046,1.04054,1.03713,1.03802,5238
2024-12-30 16:00:00,1.03802,1.03912,1.03744,1.03855,4022
2024-12-30 17:00:00,1.03856,1.03949,1.03841,1.03939,2511
2024-12-30 18:00:00,1.03941,1.04067,1.03933,1.04037,2113
2024-12-30 19:00:00,1.04039,1.0405,1.03958,1.03964,1723
2024-12-30 20:00:00,1.03963,1.04047,1.03949,1.03985,1609
2024-12-30 21:00:00,1.03987,1.04061,1.03982,1.04042,766
2024-12-30 22:00:00,1.04045,1.04054,1.03964,1.04044,759
2024-12-30 23:00:00,1.04046,1.04056,1.03988,1.04052,667
2024-12-31 00:00:00,1.04052,1.04056,1.03968,1.0403,718
2024-12-31 01:00:00,1.04031,1.04128,1.04016,1.04116,1562
2024-12-31 02:00:00,1.04115,1.04144,1.04076,1.0412,1136
2024-12-31 03:00:00,1.0412,1.0413000000000001,1.0407,1.04083,767
2024-12-31 04:00:00,1.04083,1.04089,1.04034,1.04039,676
2024-12-31 05:00:00,1.04039,1.04075,1.04022,1.04037,595
2024-12-31 06:00:00,1.04037,1.04056,1.03991,1.04033,1032
2024-12-31 07:00:00,1.04034,1.04125,1.04018,1.04112,1596
2024-12-31 08:00:00,1.04115,1.04196,1.04055,1.04176,2427
2024-12-31 09:00:00,1.04177,1.0424,1.0411299999999999,1.04184,2463
2024-12-31 10:00:00,1.04185,1.04195,1.04049,1.04124,2746
2024-12-31 11:00:00,1.04125,1.04188,1.04049,1.04099,2030
2024-12-31 12:00:00,1.04099,1.04139,1.0391,1.03926,2405
2024-12-31 13:00:00,1.03926,1.03968,1.03832,1.03926,3274
2024-12-31 14:00:00,1.03928,1.03938,1.03743,1.03758,4074
2024-12-31 15:00:00,1.03756,1.03887,1.03522,1.03546,5585
2024-12-31 16:00:00,1.03544,1.03611,1.03465,1.03501,4264
2024-12-31 17:00:00,1.03503,1.0354700000000001,1.03434,1.03481,3113
2024-12-31 18:00:00,1.03483,1.03563,1.03451,1.03525,2475
2024-12-31 19:00:00,1.03525,1.03642,1.03512,1.03542,1890
2024-12-31 20:00:00,1.03543,1.03627,1.0354,1.0358,1199
2024-12-31 21:00:00,1.03583,1.03605,1.03522,1.03526,736
2025-01-01 22:00:00,1.03501,1.03561,1.03475,1.03559,542
2025-01-01 23:00:00,1.03561,1.03565,1.03461,1.03507,1163
2025-01-02 00:00:00,1.03508,1.0356,1.0347,1.03518,1249
2025-01-02 01:00:00,1.03519,1.03604,1.03433,1.03573,2432
2025-01-02 02:00:00,1.03573,1.03708,1.03572,1.03705,1118
2025-01-02 03:00:00,1.03707,1.03736,1.03677,1.03711,922
2025-01-02 04:00:00,1.03712,1.03751,1.03661,1.03688,892
2025-01-02 05:00:00,1.03688,1.03704,1.03616,1.03636,873
2025-01-02 06:00:00,1.03637,1.03648,1.03595,1.03636,1358
2025-01-02 07:00:00,1.03634,1.03721,1.03619,1.03624,2244
2025-01-02 08:00:00,1.03626,1.03705,1.03457,1.03623,3580
2025-01-02 09:00:00,1.03624,1.03701,1.03492,1.03515,2752
2025-01-02 10:00:00,1.03513,1.03565,1.03132,1.03166,4751
2025-01-02 11:00:00,1.03164,1.03338,1.03146,1.03317,3259
2025-01-02 12:00:00,1.03317,1.03338,1.03141,1.03181,3168
2025-01-02 13:00:00,1.03181,1.03293,1.03107,1.0313,5157
2025-01-02 14:00:00,1.03131,1.03234,1.03018,1.03044,4420
2025-01-02 15:00:00,1.03035,1.03085,1.0272,1.02737,6341
2025-01-02 16:00:00,1.0274,1.02761,1.02235,1.02606,11160
2025-01-02 17:00:00,1.02604,1.02675,1.02509,1.02644,4167
2025-01-02 18:00:00,1.02646,1.0266,1.02555,1.02559,2399
2025-01-02 19:00:00,1.0256,1.02594,1.02476,1.0251,2159
2025-01-02 20:00:00,1.02509,1.0264,1.02503,1.0261,1549
2025-01-02 21:00:00,1.02608,1.02684,1.02608,1.02647,851
2025-01-02 22:00:00,1.02649,1.02658,1.02561,1.02647,955
2025-01-02 23:00:00,1.02652,1.02678,1.02644,1.02676,611
2025-01-03 00:00:00,1.02675,1.02731,1.02653,1.02724,855
2025-01-03 01:00:00,1.02724,1.02724,1.02662,1.02672,1178
2025-01-03 02:00:00,1.02672,1.02742,1.02664,1.02718,1138
2025-01-03 03:00:00,1.02718,1.0274,1.02684,1.02706,882
2025-01-03 04:00:00,1.02705,1.02707,1.02667,1.02694,711
2025-01-03 05:00:00,1.02695,1.02731,1.02643,1.02713,982
2025-01-03 06:00:00,1.02713,1.02789,1.02711,1.02787,955
2025-01-03 07:00:00,1.02785,1.02844,1.02684,1.02805,3300
2025-01-03 08:00:00,1.02805,1.02876,1.02724,1.02798,2946
2025-01-03 09:00:00,1.02798,1.02996,1.02798,1.029,2847
2025-01-03 10:00:00,1.029,1.02935,1.02787,1.02808,2105
2025-01-03 11:00:00,1.02809,1.02996,1.02809,1.02991,1567
2025-01-03 12:00:00,1.02979,1.03003,1.02947,1.0295,473
2025-01-03 13:00:00,1.02953,1.02999,1.02911,1.02927,2629
2025-01-03 14:00:00,1.02927,1.0302,1.02876,1.02999,2905
2025-01-03 15:00:00,1.02997,1.03054,1.02727,1.02886,5551
2025-01-03 16:00:00,1.02888,1.02996,1.02831,1.02906,2855
2025-01-03 17:00:00,1.02907,1.03057,1.02905,1.02975,2540
2025-01-03 18:00:00,1.02975,1.03018,1.02922,1.02967,1758
2025-01-03 19:00:00,1.02965,1.03057,1.02936,1.03007,1446
2025-01-03 20:00:00,1.03005,1.03071,1.02984,1.03052,1425
2025-01-03 21:00:00,1.03053,1.03094,1.03042,1.03083,776
2025-01-05 22:00:00,1.03038,1.03059,1.02959,1.03016,438
2025-01-05 23:00:00,1.03018,1.03075,1.0301,1.03046,983
2025-01-06 00:00:00,1.03046,1.03048,1.02953,1.03026,1478
2025-01-06 01:00:00,1.03026,1.03131,1.03009,1.03117,1657
2025-01-06 02:00:00,1.03116,1.03172,1.03102,1.03155,1389
2025-01-06 03:00:00,1.03156,1.03179,1.03127,1.03161,976
2025-01-06 04:00:00,1.03161,1.03172,1.03123,1.03147,705
2025-01-06 05:00:00,1.03147,1.03179,1.03081,1.03085,1195
2025-01-06 06:00:00,1.03086,1.03161,1.03074,1.03125,1385
2025-01-06 07:00:00,1.03127,1.03279,1.03094,1.03267,2217
2025-01-06 08:00:00,1.03269,1.03521,1.0326,1.03496,3887
2025-01-06 09:00:00,1.03496,1.03685,1.03399,1.0355,5942
2025-01-06 10:00:00,1.03552,1.03578,1.0334699999999999,1.0335,2734
2025-01-06 11:00:00,1.03349,1.04325,1.03284,1.04213,12082
2025-01-06 12:00:00,1.0421,1.04301,1.03915,1.04107,5735
2025-01-06 13:00:00,1.0411299999999999,1.04365,1.04041,1.04163,6548
2025-01-06 14:00:00,1.04165,1.04234,1.0352,1.0392,14234
2025-01-06 15:00:00,1.0392,1.03984,1.03708,1.0393,7536
2025-01-06 16:00:00,1.03932,1.04025,1.03849,1.03965,4405
2025-01-06 17:00:00,1.03965,1.03965,1.03789,1.03868,2611
2025-01-06 18:00:00,1.03869,1.03889,1.03768,1.03817,2587
2025-01-06 19:00:00,1.03817,1.03914,1.03786,1.03877,2124
2025-01-06 20:00:00,1.0388,1.03916,1.03855,1.03875,1496
2025-01-06 21:00:00,1.03877,1.03919,1.03858,1.03875,835
2025-01-06 22:00:00,1.03874,1.03889,1.03848,1.03883,949
2025-01-06 23:00:00,1.03892,1.03899,1.0381,1.0383,692
2025-01-07 00:00:00,1.03829,1.03848,1.03768,1.03839,1396
2025-01-07 01:00:00,1.03837,1.03846,1.03757,1.0381,1614
2025-01-07 02:00:00,1.03808,1.03851,1.03796,1.03821,1237
2025-01-07 03:00:00,1.03821,1.03924,1.03797,1.03923,1011
2025-01-07 04:00:00,1.03923,1.03939,1.03899,1.03913,818
2025-01-07 05:00:00,1.03913,1.04029,1.03904,1.03965,1294
2025-01-07 06:00:00,1.03965,1.04037,1.03957,1.03969,1615
2025-01-07 07:00:00,1.03971,1.04239,1.03971,1.04141,3593
2025-01-07 08:00:00,1.04138,1.0425,1.04028,1.04247,3913
2025-01-07 09:00:00,1.04245,1.04339,1.04236,1.04275,3010
2025-01-07 10:00:00,1.04274,1.04341,1.04165,1.04275,3311
2025-01-07 11:00:00,1.04275,1.04282,1.04048,1.04128,2709
2025-01-07 12:00:00,1.04128,1.04165,1.03869,1.0389,3898
2025-01-07 13:00:00,1.03892,1.0405,1.03861,1.03962,3356
2025-01-07 14:00:00,1.03961,1.03974,1.03887,1.03928,3421
2025-01-07 15:00:00,1.03932,1.03932,1.03549,1.03725,7610
2025-01-07 16:00:00,1.03727,1.03809,1.03622,1.03679,6261
2025-01-07 17:00:00,1.03677,1.03734,1.03535,1.03662,4540
2025-01-07 18:00:00,1.03662,1.0369,1.03492,1.0354,3045
2025-01-07 19:00:00,1.03541,1.03592,1.03518,1.03549,2066
2025-01-07 20:00:00,1.0354700000000001,1.03559,1.03437,1.03441,1634
2025-01-07 21:00:00,1.03439,1.03441,1.0338,1.03385,746
2025-01-07 22:00:00,1.03389,1.03422,1.03357,1.03421,736
2025-01-07 23:00:00,1.03419,1.03448,1.03389,1.03414,710
2025-01-08 00:00:00,1.03416,1.03487,1.03413,1.03464,1354
2025-01-08 01:00:00,1.03464,1.03526,1.03448,1.03522,1291
2025-01-08 02:00:00,1.03522,1.03544,1.03509,1.03536,909
2025-01-08 03:00:00,1.03536,1.03538,1.03459,1.03472,878
2025-01-08 04:00:00,1.0347,1.03517,1.0347,1.03508,744
2025-01-08 05:00:00,1.03508,1.03554,1.0349,1.03546,879
2025-01-08 06:00:00,1.0354700000000001,1.03572,1.03457,1.0351,1301
2025-01-08 07:00:00,1.03507,1.03512,1.03282,1.0332,3336
2025-01-08 08:00:00,1.03321,1.03394,1.03177,1.03186,3963
2025-01-08 09:00:00,1.03184,1.0326,1.03152,1.03192,3353
2025-01-08 10:00:00,1.03189,1.03211,1.03097,1.03186,2888
2025-01-08 11:00:00,1.03187,1.03196,1.02726,1.02973,7156
2025-01-08 12:00:00,1.0297,1.02998,1.02804,1.02824,5041
2025-01-08 13:00:00,1.02822,1.03038,1.02804,1.03028,7243
2025-01-08 14:00:00,1.0303,1.03072,1.02886,1.02911,4750
2025-01-08 15:00:00,1.02913,1.03096,1.02913,1.03012,4523
2025-01-08 16:00:00,1.03013,1.03139,1.02942,1.03121,3806
2025-01-08 17:00:00,1.03121,1.03129,1.02978,1.03052,2971
2025-01-08 18:00:00,1.0305,1.03154,1.0305,1.03102,2315
2025-01-08 19:00:00,1.03128,1.03239,1.03078,1.03088,2198
2025-01-08 20:00:00,1.03088,1.03164,1.03075,1.03156,1608
2025-01-08 21:00:00,1.03156,1.0319,1.0314,1.03174,741
2025-01-08 22:00:00,1.03172,1.03177,1.03141,1.03177,1307
2025-01-08 23:00:00,1.03175,1.03184,1.03128,1.03129,620
2025-01-09 00:00:00,1.03129,1.03145,1.03044,1.03126,1361
2025-01-09 01:00:00,1.03127,1.03169,1.03108,1.03139,1318
2025-01-09 02:00:00,1.03138,1.03196,1.03135,1.03161,1015
2025-01-09 03:00:00,1.03161,1.0321,1.03105,1.03111,1037
2025-01-09 04:00:00,1.03108,1.0312,1.03053,1.03088,1038
2025-01-09 05:00:00,1.03088,1.03121,1.0305,1.03065,1080
2025-01-09 06:00:00,1.03064,1.03078,1.02967,1.02999,2033
2025-01-09 07:00:00,1.03002,1.03079,1.02875,1.02907,3399
2025-01-09 08:00:00,1.02909,1.03074,1.02833,1.03074,3921
2025-01-09 09:00:00,1.03074,1.03173,1.03026,1.03052,3310
2025-01-09 10:00:00,1.03055,1.03123,1.02991,1.03029,3002
2025-01-09 11:00:00,1.03027,1.03041,1.02964,1.03005,2720
2025-01-09 12:00:00,1.03005,1.03047,1.02955,1.03032,2248
2025-01-09 13:00:00,1.0303,1.03186,1.03006,1.03077,3143
2025-01-09 14:00:00,1.03077,1.03142,1.03048,1.03072,2860
2025-01-09 15:00:00,1.03073,1.03092,1.02942,1.02992,2599
2025-01-09 16:00:00,1.02992,1.03006,1.02908,1.0297,2068
2025-01-09 17:00:00,1.02967,1.03015,1.02934,1.0297,1701
2025-01-09 18:00:00,1.02968,1.0302,1.02935,1.02996,1070
2025-01-09 19:00:00,1.02998,1.03018,1.02975,1.02979,853
2025-01-09 20:00:00,1.02978,1.03033,1.02978,1.03007,684
2025-01-09 21:00:00,1.03007,1.03007,1.02973,1.0298,466
2025-01-09 22:00:00,1.02983,1.02999,1.02946,1.02999,735
2025-01-09 23:00:00,1.03,1.03012,1.02953,1.0296,588
2025-01-10 00:00:00,1.0296,1.03,1.02919,1.02952,1259
2025-01-10 01:00:00,1.02949,1.0304,1.02931,1.03016,1341
2025-01-10 02:00:00,1.03016,1.03034,1.02979,1.03013,985
2025-01-10 03:00:00,1.03014,1.03029,1.02972,1.02982,717
2025-01-10 04:00:00,1.02982,1.02994,1.0293,1.02948,784
2025-01-10 05:00:00,1.0295,1.0297,1.02843,1.02855,1097
2025-01-10 06:00:00,1.02856,1.02879,1.02807,1.02814,1434
2025-01-10 07:00:00,1.02816,1.02966,1.0281,1.02964,2054
2025-01-10 08:00:00,1.02967,1.03114,1.02923,1.03024,3154
2025-01-10 09:00:00,1.03026,1.03054,1.02987,1.02995,2500
2025-01-10 10:00:00,1.02996,1.03055,1.02993,1.03019,2088
2025-01-10 11:00:00,1.03018,1.0305,1.02985,1.03013,1871
2025-01-10 12:00:00,1.03014,1.0309,1.02988,1.03049,2335
2025-01-10 13:00:00,1.03051,1.03115,1.02127,1.02559,11597
2025-01-10 14:00:00,1.02559,1.02723,1.0244,1.02529,9972
2025-01-10 15:00:00,1.02525,1.0278,1.0236,1.02502,8485
2025-01-10 16:00:00,1.025,1.02507,1.02271,1.0237,5603
2025-01-10 17:00:00,1.02371,1.02502,1.02322,1.02442,3569
2025-01-10 18:00:00,1.0244,1.02456,1.02355,1.02411,2347
2025-01-10 19:00:00,1.02413,1.02485,1.02344,1.0245,2500
2025-01-10 20:00:00,1.0245,1.02455,1.02367,1.02443,1818
2025-01-10 21:00:00,1.02443,1.02485,1.0242,1.02448,1028
2025-01-12 22:00:00,1.02371,1.0244,1.02358,1.02431,460
2025-01-12 23:00:00,1.02463,1.02465,1.02387,1.02428,1042
2025-01-13 00:00:00,1.02428,1.02449,1.02362,1.02417,1313
2025-01-13 01:00:00,1.02418,1.02496,1.0239,1.02414,1956
2025-01-13 02:00:00,1.02414,1.02449,1.02381,1.02397,1489
2025-01-13 03:00:00,1.02397,1.02403,1.02123,1.02149,2038
2025-01-13 04:00:00,1.02151,1.02197,1.02074,1.02115,1604
2025-01-13 05:00:00,1.02115,1.022,1.02099,1.02191,1464
2025-01-13 06:00:00,1.02191,1.02245,1.02141,1.02171,1997
2025-01-13 07:00:00,1.0217,1.02231,1.02071,1.02153,3755
2025-01-13 08:00:00,1.0215,1.02308,1.02132,1.02211,4735
2025-01-13 09:00:00,1.02209,1.02234,1.01767,1.01932,6909
2025-01-13 10:00:00,1.0193,1.0207,1.01924,1.02017,3726
2025-01-13 11:00:00,1.02018,1.02036,1.01856,1.01953,3477
2025-01-13 12:00:00,1.01952,1.02063,1.01875,1.02022,3861
2025-01-13 13:00:00,1.02023,1.02203,1.0196,1.0208,3949
2025-01-13 14:00:00,1.02078,1.02125,1.01999,1.02075,4195
2025-01-13 15:00:00,1.02077,1.02085,1.01952,1.01967,4258
2025-01-13 16:00:00,1.01965,1.02171,1.01914,1.0208,3339
2025-01-13 17:00:00,1.02078,1.0219,1.02068,1.02176,2819
2025-01-13 18:00:00,1.02178,1.02209,1.02117,1.02159,1993
2025-01-13 19:00:00,1.02157,1.02159,1.02069,1.0207,1619
2025-01-13 20:00:00,1.0207,1.02171,1.02067,1.02162,1482
2025-01-13 21:00:00,1.02162,1.02429,1.02158,1.02409,1672
2025-01-13 22:00:00,1.0241,1.02548,1.02359,1.02544,1036
2025-01-13 23:00:00,1.02586,1.0277,1.02507,1.02637,2771
2025-01-14 00:00:00,1.02634,1.02636,1.02454,1.02477,2049
2025-01-14 01:00:00,1.02475,1.02497,1.02409,1.02485,2617
2025-01-14 02:00:00,1.02485,1.02501,1.0238,1.02442,1645
2025-01-14 03:00:00,1.0244,1.02548,1.02435,1.02481,1376
2025-01-14 04:00:00,1.02482,1.02547,1.0245,1.02498,965
2025-01-14 05:00:00,1.02498,1.02514,1.0242,1.02446,1369
2025-01-14 06:00:00,1.02448,1.02528,1.02447,1.02521,1997
2025-01-14 07:00:00,1.02521,1.02656,1.02497,1.02539,4021
2025-01-14 08:00:00,1.02542,1.02744,1.02526,1.0261,4646
2025-01-14 09:00:00,1.02611,1.0266,1.02531,1.02592,3839
2025-01-14 10:00:00,1.0259,1.0263,1.02515,1.02595,2989
2025-01-14 11:00:00,1.02595,1.02627,1.0252,1.02534,2291
2025-01-14 12:00:00,1.02532,1.02547,1.02391,1.02475,2975
2025-01-14 13:00:00,1.02477,1.0273,1.02422,1.02528,7397
2025-01-14 14:00:00,1.02529,1.02745,1.02431,1.02674,5995
2025-01-14 15:00:00,1.02677,1.02952,1.02628,1.02943,5751
2025-01-14 16:00:00,1.02942,1.03039,1.02826,1.02909,5222
2025-01-14 17:00:00,1.02909,1.02909,1.02786,1.02877,2612
2025-01-14 18:00:00,1.02877,1.02999,1.02861,1.02986,1764
2025-01-14 19:00:00,1.02986,1.03049,1.0296,1.02977,1487
2025-01-14 20:00:00,1.02978,1.03083,1.02959,1.03015,1668
2025-01-14 21:00:00,1.03017,1.03077,1.03004,1.03073,858
2025-01-14 22:00:00,1.03071,1.03071,1.03021,1.03063,740
2025-01-14 23:00:00,1.03064,1.03079,1.03019,1.03057,776
2025-01-15 00:00:00,1.03057,1.03057,1.02992,1.03006,1238
2025-01-15 01:00:00,1.03004,1.03045,1.02975,1.02995,1328
2025-01-15 02:00:00,1.02995,1.03011,1.02949,1.02968,1152
2025-01-15 03:00:00,1.02969,1.0302,1.02958,1.03014,875
2025-01-15 04:00:00,1.03013,1.03023,1.02972,1.0302,853
2025-01-15 05:00:00,1.0302,1.03049,1.02922,1.0293,1280
2025-01-15 06:00:00,1.02929,1.02984,1.02915,1.02957,1232
2025-01-15 07:00:00,1.0296,1.03078,1.02864,1.03052,3836
2025-01-15 08:00:00,1.03054,1.03166,1.02939,1.02962,3713
2025-01-15 09:00:00,1.02962,1.03127,1.02955,1.03097,2885
2025-01-15 10:00:00,1.03092,1.03137,1.03005,1.03071,2391
2025-01-15 11:00:00,1.03069,1.03117,1.02992,1.03008,2387
2025-01-15 12:00:00,1.03009,1.03061,1.02932,1.02993,2630
2025-01-15 13:00:00,1.02991,1.03536,1.02958,1.0344,7972
2025-01-15 14:00:00,1.03441,1.03454,1.03248,1.03266,6583
2025-01-15 15:00:00,1.03264,1.03306,1.02983,1.03058,5793
2025-01-15 16:00:00,1.03056,1.03074,1.02576,1.02807,5777
2025-01-15 17:00:00,1.02808,1.02927,1.02806,1.02854,2969
2025-01-15 18:00:00,1.02855,1.02927,1.02841,1.02917,2045
2025-01-15 19:00:00,1.02917,1.02941,1.02887,1.02929,1459
2025-01-15 20:00:00,1.02928,1.02984,1.02899,1.02954,1352
2025-01-15 21:00:00,1.02956,1.02957,1.02876,1.02897,802
2025-01-15 22:00:00,1.02892,1.02918,1.0286,1.02912,1021
2025-01-15 23:00:00,1.02926,1.02951,1.02901,1.02948,851
2025-01-16 00:00:00,1.02945,1.02994,1.02844,1.02986,2051
2025-01-16 01:00:00,1.02989,1.02994,1.02873,1.02895,2204
2025-01-16 02:00:00,1.02892,1.02927,1.02845,1.02866,1748
2025-01-16 03:00:00,1.02866,1.02886,1.02843,1.02885,987
2025-01-16 04:00:00,1.02885,1.02934,1.02849,1.02866,992
2025-01-16 05:00:00,1.02867,1.02869,1.02805,1.02818,1106
2025-01-16 06:00:00,1.02818,1.02892,1.02817,1.02885,1612
2025-01-16 07:00:00,1.02883,1.03012,1.02855,1.02972,2742
2025-01-16 08:00:00,1.02973,1.02996,1.02877,1.02954,3031
2025-01-16 09:00:00,1.02955,1.02986,1.02813,1.02856,2913
2025-01-16 10:00:00,1.02857,1.02956,1.02825,1.02853,2203
2025-01-16 11:00:00,1.02855,1.02914,1.02835,1.02896,2034
2025-01-16 12:00:00,1.02896,1.02897,1.02638,1.02714,3327
2025-01-16 13:00:00,1.02714,1.02849,1.02601,1.02812,5945
2025-01-16 14:00:00,1.0281,1.02833,1.02675,1.02787,4191
2025-01-16 15:00:00,1.02787,1.03054,1.02739,1.03003,8783
2025-01-16 16:00:00,1.03002,1.03112,1.02855,1.0302,6510
2025-01-16 17:00:00,1.03022,1.03147,1.0294,1.02962,4035
2025-01-16 18:00:00,1.02962,1.03023,1.02931,1.02996,2026
2025-01-16 19:00:00,1.02994,1.03072,1.02971,1.03015,2006
2025-01-16 20:00:00,1.03013,1.03034,1.02968,1.02998,1496
2025-01-16 21:00:00,1.02995,1.03032,1.02965,1.0301,785
2025-01-16 22:00:00,1.03009,1.03015,1.0296,1.03012,789
2025-01-16 23:00:00,1.03013,1.0304,1.02996,1.03011,634
2025-01-17 00:00:00,1.03011,1.03062,1.02978,1.03044,1262
2025-01-17 01:00:00,1.03044,1.03091,1.03011,1.03048,1374
2025-01-17 02:00:00,1.0305,1.03086,1.03025,1.03029,1310
2025-01-17 03:00:00,1.03029,1.03047,1.02995,1.03003,855
2025-01-17 04:00:00,1.03002,1.03006,1.02916,1.02931,876
2025-01-17 05:00:00,1.02931,1.02949,1.02873,1.02927,1128
2025-01-17 06:00:00,1.02926,1.02934,1.02849,1.029,1229
2025-01-17 07:00:00,1.02898,1.02908,1.02772,1.02844,3089
2025-01-17 08:00:00,1.02843,1.02982,1.02843,1.02965,2751
2025-01-17 09:00:00,1.02965,1.03035,1.0289,1.02962,2998
2025-01-17 10:00:00,1.02964,1.03057,1.0296,1.03035,2127
2025-01-17 11:00:00,1.03033,1.03098,1.02986,1.0304,2373
2025-01-17 12:00:00,1.0304,1.03061,1.02898,1.02923,3059
2025-01-17 13:00:00,1.02927,1.0299,1.02852,1.02898,3798
2025-01-17 14:00:00,1.02898,1.03019,1.02649,1.0298,7265
2025-01-17 15:00:00,1.02978,1.03302,1.0295,1.02988,7801
2025-01-17 16:00:00,1.02987,1.02998,1.02814,1.02857,3996
2025-01-17 17:00:00,1.0286,1.02907,1.02784,1.02807,2854
2025-01-17 18:00:00,1.02806,1.02916,1.02787,1.02807,2113
2025-01-17 19:00:00,1.02807,1.0284,1.02725,1.02758,1795
2025-01-17 20:00:00,1.02758,1.0281,1.02732,1.02749,1888
2025-01-17 21:00:00,1.02747,1.02748,1.02688,1.02702,898
2025-01-19 22:00:00,1.02769,1.02779,1.02653,1.02756,742
2025-01-19 23:00:00,1.0278,1.02801,1.02661,1.02799,1155
2025-01-20 00:00:00,1.028,1.02898,1.02777,1.02858,1519
2025-01-20 01:00:00,1.02856,1.02923,1.02788,1.02902,1627
2025-01-20 02:00:00,1.02902,1.02918,1.02865,1.02907,1369
2025-01-20 03:00:00,1.02907,1.03059,1.02906,1.03055,1440
2025-01-20 04:00:00,1.03055,1.03067,1.03011,1.0304,980
2025-01-20 05:00:00,1.0304,1.03061,1.03012,1.0302,888
2025-01-20 06:00:00,1.03021,1.03184,1.02991,1.031,1865
2025-01-20 07:00:00,1.031,1.03181,1.03053,1.03164,2601
2025-01-20 08:00:00,1.03167,1.03174,1.03066,1.03094,3188
2025-01-20 09:00:00,1.03093,1.03167,1.03045,1.03056,3223
2025-01-20 10:00:00,1.03059,1.0322,1.03059,1.03144,2388
2025-01-20 11:00:00,1.03146,1.03261,1.03125,1.03254,2130
2025-01-20 12:00:00,1.03254,1.03259,1.03147,1.032,2337
2025-01-20 13:00:00,1.03198,1.03996,1.03075,1.03975,19961
2025-01-20 14:00:00,1.03973,1.04297,1.03792,1.04146,12526
2025-01-20 15:00:00,1.04144,1.04297,1.03845,1.03999,8460
2025-01-20 16:00:00,1.04,1.04055,1.03902,1.0398,3764
2025-01-20 17:00:00,1.03981,1.04019,1.03531,1.03854,8411
2025-01-20 18:00:00,1.03854,1.03961,1.03828,1.0396,1567
2025-01-20 19:00:00,1.03963,1.04229,1.03902,1.04202,1856
2025-01-20 20:00:00,1.04201,1.04343,1.04116,1.04156,2359
2025-01-20 21:00:00,1.04154,1.04188,1.04095,1.04146,1207
2025-01-20 22:00:00,1.04145,1.04148,1.04103,1.04125,1021
2025-01-20 23:00:00,1.04132,1.0425200000000001,1.04105,1.04206,2502
2025-01-21 00:00:00,1.04206,1.04339,1.0352,1.03622,11170
2025-01-21 01:00:00,1.03619,1.03975,1.03554,1.03699,9868
2025-01-21 02:00:00,1.03698,1.03899,1.03688,1.03871,3494
2025-01-21 03:00:00,1.03871,1.04005,1.03849,1.03869,2536
2025-01-21 04:00:00,1.0387,1.03987,1.03844,1.03894,1711
2025-01-21 05:00:00,1.03894,1.03919,1.03771,1.03786,1371
2025-01-21 06:00:00,1.03787,1.03812,1.03659,1.03688,2107
2025-01-21 07:00:00,1.03686,1.03856,1.03646,1.03732,3175
2025-01-21 08:00:00,1.03729,1.03729,1.03496,1.03604,3638
2025-01-21 09:00:00,1.03603,1.03634,1.03413,1.03534,4203
2025-01-21 10:00:00,1.03531,1.0359,1.03428,1.03526,3713
2025-01-21 11:00:00,1.03524,1.03577,1.03426,1.03528,2915
2025-01-21 12:00:00,1.0352999999999999,1.03579,1.03454,1.03536,4007
2025-01-21 13:00:00,1.03538,1.03774,1.03522,1.03771,4156
2025-01-21 14:00:00,1.03773,1.03981,1.03724,1.03865,5121
2025-01-21 15:00:00,1.03866,1.041,1.03782,1.04001,5917
2025-01-21 16:00:00,1.03999,1.04223,1.03976,1.04219,4089
2025-01-21 17:00:00,1.04219,1.04297,1.04204,1.0421,2723
2025-01-21 18:00:00,1.0421,1.04352,1.04193,1.04287,2262
2025-01-21 19:00:00,1.04286,1.04303,1.04158,1.04178,1725
2025-01-21 20:00:00,1.04177,1.04213,1.04156,1.04199,1549
2025-01-21 21:00:00,1.04199,1.04295,1.04184,1.0425,1108
2025-01-21 22:00:00,1.04248,1.04271,1.04208,1.04259,1035
2025-01-21 23:00:00,1.04266,1.04271,1.03921,1.04054,4435
2025-01-22 00:00:00,1.04053,1.04241,1.04053,1.04226,2197
2025-01-22 01:00:00,1.04225,1.04227,1.04072,1.04094,2156
2025-01-22 02:00:00,1.04094,1.04158,1.04059,1.04133,1620
2025-01-22 03:00:00,1.04133,1.04155,1.04097,1.04115,1121
2025-01-22 04:00:00,1.04115,1.04208,1.04108,1.04168,961
2025-01-22 05:00:00,1.04168,1.04179,1.04081,1.04152,1274
2025-01-22 06:00:00,1.04152,1.04181,1.03994,1.04036,2141
2025-01-22 07:00:00,1.04036,1.04194,1.04028,1.0411299999999999,2960
2025-01-22 08:00:00,1.04114,1.04238,1.0409,1.04228,4280
2025-01-22 09:00:00,1.0423,1.04471,1.04195,1.04461,3959
2025-01-22 10:00:00,1.04462,1.04569,1.04421,1.04495,3558
2025-01-22 11:00:00,1.04494,1.04559,1.04401,1.04426,2529
2025-01-22 12:00:00,1.04423,1.04426,1.04307,1.04377,2777
2025-01-22 13:00:00,1.04378,1.04454,1.04218,1.04311,4043
2025-01-22 14:00:00,1.04312,1.04317,1.04139,1.04243,4690
2025-01-22 15:00:00,1.04244,1.04247,1.04143,1.04197,4255
2025-01-22 16:00:00,1.04195,1.04226,1.04117,1.04192,3017
2025-01-22 17:00:00,1.04192,1.04201,1.04115,1.04167,2340
2025-01-22 18:00:00,1.04168,1.04208,1.04114,1.04159,1819
2025-01-22 19:00:00,1.04159,1.04225,1.04153,1.04199,1473
2025-01-22 20:00:00,1.04199,1.04226,1.0411,1.04117,1508
2025-01-22 21:00:00,1.04117,1.04129,1.04075,1.04081,774
2025-01-22 22:00:00,1.0408,1.04101,1.0405,1.04065,690
2025-01-22 23:00:00,1.0408,1.04092,1.04053,1.04074,837
2025-01-23 00:00:00,1.04074,1.04116,1.04066,1.041,1266
2025-01-23 01:00:00,1.04101,1.04154,1.04017,1.04032,1883
2025-01-23 02:00:00,1.0403,1.04058,1.03967,1.04033,1639
2025-01-23 03:00:00,1.04033,1.04088,1.04026,1.04085,1025
2025-01-23 04:00:00,1.04085,1.04125,1.04083,1.04103,853
2025-01-23 05:00:00,1.04104,1.04114,1.04038,1.04049,1181
2025-01-23 06:00:00,1.04048,1.04118,1.04027,1.04031,1372
2025-01-23 07:00:00,1.04028,1.04054,1.03895,1.03998,3351
2025-01-23 08:00:00,1.03997,1.04018,1.03898,1.03936,2955
2025-01-23 09:00:00,1.03936,1.04145,1.0393,1.0411299999999999,2962
2025-01-23 10:00:00,1.0411299999999999,1.04199,1.04094,1.04111,2286
2025-01-23 11:00:00,1.04111,1.04139,1.04008,1.0403,2405
2025-01-23 12:00:00,1.04028,1.04057,1.03939,1.04031,2606
2025-01-23 13:00:00,1.04033,1.04146,1.03969,1.04103,4166
2025-01-23 14:00:00,1.04104,1.04175,1.04055,1.04084,3628
2025-01-23 15:00:00,1.04086,1.04094,1.03867,1.03967,4017
2025-01-23 16:00:00,1.03968,1.04288,1.03715,1.04193,13307
2025-01-23 17:00:00,1.0419,1.04375,1.04136,1.04348,3738
2025-01-23 18:00:00,1.04348,1.04365,1.04217,1.0423499999999999,2315
2025-01-23 19:00:00,1.0423499999999999,1.04264,1.04196,1.04225,2086
2025-01-23 20:00:00,1.04224,1.04287,1.04156,1.04173,2148
2025-01-23 21:00:00,1.04175,1.0419100000000001,1.04125,1.04145,999
2025-01-23 22:00:00,1.04147,1.0416,1.04108,1.04135,887
2025-01-23 23:00:00,1.04168,1.04176,1.0414,1.04153,654
2025-01-24 00:00:00,1.04155,1.04226,1.04131,1.04188,1307
2025-01-24 01:00:00,1.04187,1.042,1.0411299999999999,1.04152,1398
2025-01-24 02:00:00,1.04153,1.04487,1.04153,1.04481,3945
2025-01-24 03:00:00,1.04481,1.04535,1.04362,1.04456,3224
2025-01-24 04:00:00,1.04457,1.0451,1.04431,1.04468,1806
2025-01-24 05:00:00,1.04468,1.04535,1.0443500000000001,1.04509,1565
2025-01-24 06:00:00,1.04511,1.04702,1.04488,1.04571,3809
2025-01-24 07:00:00,1.04569,1.04645,1.04469,1.04606,4060
2025-01-24 08:00:00,1.04603,1.04947,1.04574,1.04929,5954
2025-01-24 09:00:00,1.04928,1.05146,1.04905,1.04937,4886
2025-01-24 10:00:00,1.0493999999999999,1.04975,1.04858,1.04888,3107
2025-01-24 11:00:00,1.04889,1.04928,1.04807,1.04856,2628
2025-01-24 12:00:00,1.04856,1.04873,1.04731,1.04734,2582
2025-01-24 13:00:00,1.04736,1.04797,1.04633,1.04684,3557
2025-01-24 14:00:00,1.04683,1.04938,1.04669,1.04911,4693
2025-01-24 15:00:00,1.04914,1.05204,1.04892,1.05157,5758
2025-01-24 16:00:00,1.05155,1.052,1.05048,1.05139,3976
2025-01-24 17:00:00,1.05138,1.05211,1.05096,1.05106,2584
2025-01-24 18:00:00,1.05105,1.05116,1.04937,1.04948,2058
2025-01-24 19:00:00,1.04947,1.04982,1.04917,1.04951,1519
2025-01-24 20:00:00,1.04949,1.04961,1.04879,1.04941,1539
2025-01-24 21:00:00,1.04942,1.0497,1.04919,1.04942,1027
2025-01-26 22:00:00,1.04789,1.04827,1.04765,1.04827,466
2025-01-26 23:00:00,1.04831,1.04852,1.04648,1.04672,1634
2025-01-27 00:00:00,1.04672,1.04758,1.04651,1.04723,1665
2025-01-27 01:00:00,1.04723,1.04784,1.0461,1.04626,2605
2025-01-27 02:00:00,1.04625,1.04661,1.04587,1.04657,1627
2025-01-27 03:00:00,1.04657,1.04772,1.04628,1.04683,2245
2025-01-27 04:00:00,1.04683,1.04686,1.04594,1.04627,1329
2025-01-27 05:00:00,1.04627,1.04642,1.04555,1.04625,1425
2025-01-27 06:00:00,1.04625,1.0465,1.04563,1.04589,1847
2025-01-27 07:00:00,1.04591,1.04708,1.04534,1.04569,3372
2025-01-27 08:00:00,1.04568,1.04883,1.04541,1.04871,4248
2025-01-27 09:00:00,1.04872,1.04932,1.04749,1.04883,4843
2025-01-27 10:00:00,1.04885,1.05088,1.04885,1.0505,4887
2025-01-27 11:00:00,1.05048,1.0518,1.05039,1.05126,4112
2025-01-27 12:00:00,1.05125,1.05277,1.05083,1.05211,3875
2025-01-27 13:00:00,1.05209,1.05327,1.05094,1.05194,5086
2025-01-27 14:00:00,1.05192,1.05241,1.05074,1.05089,4961
2025-01-27 15:00:00,1.05089,1.05094,1.04935,1.04987,4271
2025-01-27 16:00:00,1.04989,1.05071,1.04888,1.04906,4174
2025-01-27 17:00:00,1.04908,1.04943,1.04843,1.04884,3024
2025-01-27 18:00:00,1.04883,1.04938,1.04814,1.04845,2964
2025-01-27 19:00:00,1.04844,1.04926,1.04789,1.04921,2529
2025-01-27 20:00:00,1.04921,1.04938,1.0487,1.04878,1928
2025-01-27 21:00:00,1.04877,1.04919,1.04854,1.04912,826
2025-01-27 22:00:00,1.04908,1.04913,1.04862,1.04873,1159
2025-01-27 23:00:00,1.04882,1.04888,1.04277,1.04368,5732
2025-01-28 00:00:00,1.04371,1.04514,1.04319,1.04452,4160
2025-01-28 01:00:00,1.04451,1.04561,1.04293,1.0437400000000001,3620
2025-01-28 02:00:00,1.04373,1.04412,1.04238,1.04334,3611
2025-01-28 03:00:00,1.04333,1.0439,1.04288,1.04289,1776
2025-01-28 04:00:00,1.04292,1.04343,1.04253,1.04332,1413
2025-01-28 05:00:00,1.04333,1.04388,1.0433,1.04359,1143
2025-01-28 06:00:00,1.0436,1.04438,1.04333,1.04373,1552
2025-01-28 07:00:00,1.04373,1.04426,1.04276,1.04339,3464
2025-01-28 08:00:00,1.0434,1.0435699999999999,1.0419,1.04249,4364
2025-01-28 09:00:00,1.04251,1.04438,1.04222,1.0435,3687
2025-01-28 10:00:00,1.04347,1.04369,1.04246,1.04247,2893
2025-01-28 11:00:00,1.04244,1.04322,1.04223,1.04231,2288
2025-01-28 12:00:00,1.04233,1.04251,1.04134,1.04199,3129
2025-01-28 13:00:00,1.04196,1.04309,1.04169,1.04243,3589
2025-01-28 14:00:00,1.04239,1.04406,1.04237,1.04314,3862
2025-01-28 15:00:00,1.04315,1.0439,1.04207,1.04238,3962
2025-01-28 16:00:00,1.0424,1.04327,1.0422,1.04258,3483
2025-01-28 17:00:00,1.04257,1.04342,1.0424,1.04277,2169
2025-01-28 18:00:00,1.04279,1.04377,1.0423,1.04261,2716
2025-01-28 19:00:00,1.04261,1.04364,1.04221,1.04344,1931
2025-01-28 20:00:00,1.04346,1.0435,1.04292,1.04314,1808
2025-01-28 21:00:00,1.0431300000000001,1.04337,1.04284,1.0429,722
2025-01-28 22:00:00,1.04288,1.04298,1.04246,1.04287,897
2025-01-28 23:00:00,1.04287,1.04299,1.04262,1.04268,573
2025-01-29 00:00:00,1.04269,1.04341,1.04266,1.043,1369
2025-01-29 01:00:00,1.043,1.04337,1.04269,1.0427,1226
2025-01-29 02:00:00,1.04268,1.04353,1.04255,1.04335,1142
2025-01-29 03:00:00,1.04334,1.04385,1.04309,1.0437,1228
2025-01-29 04:00:00,1.0437,1.0442,1.04369,1.0438,968
2025-01-29 05:00:00,1.04381,1.04406,1.04351,1.04399,1068
2025-01-29 06:00:00,1.044,1.04432,1.0436,1.0437,1673
2025-01-29 07:00:00,1.04368,1.04376,1.04129,1.04159,3031
2025-01-29 08:00:00,1.04161,1.04301,1.04161,1.0424,3015
2025-01-29 09:00:00,1.04238,1.04243,1.04017,1.04037,3384
2025-01-29 10:00:00,1.04039,1.04079,1.03943,1.04034,3155
2025-01-29 11:00:00,1.04036,1.04078,1.03968,1.04011,2437
2025-01-29 12:00:00,1.04012,1.04043,1.0393,1.04037,2856
2025-01-29 13:00:00,1.04037,1.04053,1.03818,1.03874,4430
2025-01-29 14:00:00,1.03876,1.04011,1.03859,1.04008,3727
2025-01-29 15:00:00,1.04007,1.04266,1.03943,1.04188,4659
2025-01-29 16:00:00,1.04189,1.0423499999999999,1.04112,1.04153,4388
2025-01-29 17:00:00,1.04152,1.0428,1.04148,1.0421,3409
2025-01-29 18:00:00,1.04211,1.04242,1.04146,1.04198,2489
2025-01-29 19:00:00,1.04202,1.04284,1.0388,1.04156,11557
2025-01-29 20:00:00,1.04155,1.04253,1.04042,1.041,6052
2025-01-29 21:00:00,1.04098,1.04211,1.04085,1.04178,1323
2025-01-29 22:00:00,1.04179,1.04206,1.04153,1.04206,845
2025-01-29 23:00:00,1.04208,1.04269,1.0418,1.04243,1078
2025-01-30 00:00:00,1.04243,1.04285,1.04233,1.04256,1142
2025-01-30 01:00:00,1.04256,1.04257,1.04187,1.04199,1169
2025-01-30 02:00:00,1.04198,1.04265,1.04197,1.04227,1147
2025-01-30 03:00:00,1.04227,1.04261,1.04217,1.04247,1087
2025-01-30 04:00:00,1.04248,1.04274,1.04173,1.04187,1197
2025-01-30 05:00:00,1.04187,1.04216,1.04172,1.04213,1096
2025-01-30 06:00:00,1.04214,1.04223,1.04106,1.04137,1492
2025-01-30 07:00:00,1.04137,1.04234,1.04091,1.04233,2251
2025-01-30 08:00:00,1.04236,1.04283,1.04159,1.04213,3156
2025-01-30 09:00:00,1.04211,1.04223,1.04017,1.0407,3966
2025-01-30 10:00:00,1.04068,1.04118,1.03955,1.04005,3042
2025-01-30 11:00:00,1.04004,1.04004,1.0391,1.03916,2604
2025-01-30 12:00:00,1.03916,1.04054,1.03897,1.04031,2699
2025-01-30 13:00:00,1.04032,1.04594,1.04007,1.04555,7339
2025-01-30 14:00:00,1.04553,1.04673,1.04189,1.04276,9079
2025-01-30 15:00:00,1.04279,1.04417,1.04266,1.04311,5227
2025-01-30 16:00:00,1.04309,1.04344,1.04166,1.04192,3236
2025-01-30 17:00:00,1.0419100000000001,1.04228,1.04091,1.0417,2949
2025-01-30 18:00:00,1.04171,1.0425200000000001,1.04152,1.04245,1590
2025-01-30 19:00:00,1.04244,1.04297,1.04224,1.04273,1245
2025-01-30 20:00:00,1.04276,1.04319,1.03856,1.04072,7474
2025-01-30 21:00:00,1.04071,1.04136,1.03868,1.03913,4041
2025-01-30 22:00:00,1.03915,1.03916,1.03826,1.03876,1118
2025-01-30 23:00:00,1.03884,1.03977,1.03847,1.03963,1237
2025-01-31 00:00:00,1.03963,1.04019,1.03847,1.03865,1686
2025-01-31 01:00:00,1.03862,1.03921,1.03765,1.03886,2919
2025-01-31 02:00:00,1.03884,1.03945,1.03864,1.03894,1823
2025-01-31 03:00:00,1.03892,1.03911,1.03832,1.03848,1382
2025-01-31 04:00:00,1.0385,1.03895,1.03822,1.03869,1220
2025-01-31 05:00:00,1.0387,1.03904,1.03842,1.03883,1298
2025-01-31 06:00:00,1.03885,1.03951,1.03869,1.0394,1408
2025-01-31 07:00:00,1.03938,1.04122,1.03908,1.04035,3356
2025-01-31 08:00:00,1.04033,1.04065,1.03804,1.03843,3512
2025-01-31 09:00:00,1.0384,1.03845,1.03648,1.03829,4802
2025-01-31 10:00:00,1.03828,1.03837,1.03734,1.03762,3168
2025-01-31 11:00:00,1.03762,1.03797,1.03717,1.03753,2393
2025-01-31 12:00:00,1.03752,1.03852,1.03742,1.03821,2549
2025-01-31 13:00:00,1.03824,1.03949,1.03764,1.03818,4713
2025-01-31 14:00:00,1.03821,1.03823,1.03662,1.03685,4457
2025-01-31 15:00:00,1.03687,1.04003,1.03598,1.03958,5035
2025-01-31 16:00:00,1.0396,1.04071,1.0386,1.03992,4036
2025-01-31 17:00:00,1.03993,1.04335,1.03901,1.04196,9148
2025-01-31 18:00:00,1.04197,1.04215,1.03612,1.03698,10446
2025-01-31 19:00:00,1.03696,1.03787,1.03642,1.03759,4557
2025-01-31 20:00:00,1.03756,1.03813,1.03625,1.03729,4692
2025-01-31 21:00:00,1.03732,1.03868,1.03495,1.03585,6774
2025-02-02 22:00:00,1.02379,1.02538,1.02349,1.02491,1187
2025-02-02 23:00:00,1.02506,1.02693,1.02337,1.02464,4251
2025-02-03 00:00:00,1.02469,1.02669,1.02103,1.02312,10870
2025-02-03 01:00:00,1.0231,1.02518,1.02216,1.02375,5761
2025-02-03 02:00:00,1.02376,1.02376,1.02205,1.02233,4244
2025-02-03 03:00:00,1.02234,1.02247,1.02119,1.02212,2722
2025-02-03 04:00:00,1.02212,1.02393,1.02203,1.02263,4157
2025-02-03 05:00:00,1.02266,1.0243,1.02253,1.02401,2679
2025-02-03 06:00:00,1.02401,1.02513,1.02392,1.0243,3252
2025-02-03 07:00:00,1.02427,1.02491,1.02216,1.02247,5369
2025-02-03 08:00:00,1.02249,1.02508,1.02124,1.02432,6250
2025-02-03 09:00:00,1.0243,1.0254,1.02252,1.02304,4517
2025-02-03 10:00:00,1.02303,1.02439,1.02295,1.02431,3739
2025-02-03 11:00:00,1.02431,1.02554,1.02361,1.02519,3373
2025-02-03 12:00:00,1.02518,1.02776,1.02508,1.02576,5157
2025-02-03 13:00:00,1.02573,1.02874,1.02572,1.02635,6876
2025-02-03 14:00:00,1.02632,1.02657,1.02468,1.02504,5643
2025-02-03 15:00:00,1.025,1.03352,1.02416,1.03158,20447
2025-02-03 16:00:00,1.0316,1.03211,1.02725,1.0276,12971
2025-02-03 17:00:00,1.02761,1.03024,1.0271,1.02791,9218
2025-02-03 18:00:00,1.0279,1.02873,1.02695,1.02783,5564
2025-02-03 19:00:00,1.0278100000000001,1.02966,1.0278100000000001,1.02843,2813
2025-02-03 20:00:00,1.02845,1.02989,1.02824,1.0295,2287
2025-02-03 21:00:00,1.02948,1.03498,1.02925,1.03388,6893
2025-02-03 22:00:00,1.0339,1.03423,1.03291,1.03423,1399
2025-02-03 23:00:00,1.03423,1.03501,1.03261,1.03279,2375
2025-02-04 00:00:00,1.03279,1.03308,1.03158,1.03177,1991
2025-02-04 01:00:00,1.03177,1.03221,1.03082,1.03216,2578
2025-02-04 02:00:00,1.03216,1.03235,1.0316,1.03217,2093
2025-02-04 03:00:00,1.03217,1.03237,1.03113,1.03144,1825
2025-02-04 04:00:00,1.03143,1.03148,1.03056,1.03057,1595
2025-02-04 05:00:00,1.03057,1.03057,1.02715,1.02927,5572
2025-02-04 06:00:00,1.02928,1.03072,1.02916,1.0306,2570
2025-02-04 07:00:00,1.03058,1.03167,1.02996,1.0311,3083
2025-02-04 08:00:00,1.03112,1.03352,1.03083,1.03338,5574
2025-02-04 09:00:00,1.03338,1.03491,1.0332,1.03382,3560
2025-02-04 10:00:00,1.0338,1.03429,1.03251,1.03345,2717
2025-02-04 11:00:00,1.03348,1.03348,1.03216,1.03218,2415
2025-02-04 12:00:00,1.0322,1.03282,1.03197,1.03251,2602
2025-02-04 13:00:00,1.0325,1.03403,1.03232,1.03401,3534
2025-02-04 14:00:00,1.03403,1.03658,1.03395,1.03594,4872
2025-02-04 15:00:00,1.0359,1.03855,1.03574,1.03798,7402
2025-02-04 16:00:00,1.03796,1.03872,1.03729,1.0378,3801
2025-02-04 17:00:00,1.03777,1.03785,1.03653,1.03762,3950
2025-02-04 18:00:00,1.03761,1.03858,1.03738,1.03806,2228
2025-02-04 19:00:00,1.03807,1.0385,1.03767,1.03816,2442
2025-02-04 20:00:00,1.03818,1.03854,1.03789,1.03848,1686
2025-02-04 21:00:00,1.0385,1.03873,1.03767,1.03769,1062
2025-02-04 22:00:00,1.03771,1.03786,1.03737,1.03778,837
2025-02-04 23:00:00,1.0378,1.03803,1.03707,1.03713,956
2025-02-05 00:00:00,1.03714,1.03815,1.03695,1.03782,1663
2025-02-05 01:00:00,1.03783,1.03861,1.03719,1.0373,2426
2025-02-05 02:00:00,1.03731,1.03846,1.03726,1.03839,1797
2025-02-05 03:00:00,1.03842,1.03857,1.03788,1.0379,1375
2025-02-05 04:00:00,1.03791,1.03821,1.0376,1.03784,1137
2025-02-05 05:00:00,1.03783,1.03785,1.03729,1.03775,1448
2025-02-05 06:00:00,1.03773,1.03935,1.03738,1.03847,2044
2025-02-05 07:00:00,1.03845,1.04091,1.03818,1.04022,3818
2025-02-05 08:00:00,1.0402,1.04082,1.03898,1.04034,4489
2025-02-05 09:00:00,1.04035,1.04172,1.04013,1.04037,3846
2025-02-05 10:00:00,1.04039,1.04301,1.04014,1.04248,3408
2025-02-05 11:00:00,1.04246,1.04248,1.0411299999999999,1.04142,2346
2025-02-05 12:00:00,1.04141,1.04214,1.04104,1.04186,2361
2025-02-05 13:00:00,1.04185,1.0425200000000001,1.04013,1.04072,4633
2025-02-05 14:00:00,1.04073,1.04261,1.04058,1.0423,4491
2025-02-05 15:00:00,1.04243,1.04421,1.04147,1.04217,6293
2025-02-05 16:00:00,1.04215,1.04245,1.04101,1.04175,3597
2025-02-05 17:00:00,1.04176,1.04237,1.04101,1.04195,2479
2025-02-05 18:00:00,1.04193,1.04212,1.04139,1.04151,1911
2025-02-05 19:00:00,1.04151,1.04166,1.04042,1.04069,2211
2025-02-05 20:00:00,1.04069,1.04069,1.04007,1.04045,1675
2025-02-05 21:00:00,1.04044,1.04063,1.03965,1.04004,1167
2025-02-05 22:00:00,1.04009,1.04025,1.0398,1.04025,707
2025-02-05 23:00:00,1.04035,1.04051,1.03968,1.03984,937
2025-02-06 00:00:00,1.03986,1.04022,1.03943,1.03972,1460
2025-02-06 01:00:00,1.03974,1.04041,1.03952,1.04022,2027
2025-02-06 02:00:00,1.04021,1.04049,1.03907,1.03946,1532
2025-02-06 03:00:00,1.03944,1.0396,1.03894,1.03917,1350
2025-02-06 04:00:00,1.03917,1.03935,1.03848,1.03867,1112
2025-02-06 05:00:00,1.03867,1.03901,1.03855,1.03862,1238
2025-02-06 06:00:00,1.03862,1.03922,1.03851,1.039,1376
2025-02-06 07:00:00,1.03897,1.03911,1.03777,1.03795,2627
2025-02-06 08:00:00,1.03797,1.03807,1.03559,1.03646,3703
2025-02-06 09:00:00,1.03646,1.03675,1.0356,1.03592,2781
2025-02-06 10:00:00,1.03592,1.03659,1.03556,1.0362,2413
2025-02-06 11:00:00,1.03618,1.03673,1.03578,1.03617,2391
2025-02-06 12:00:00,1.03614,1.03635,1.03523,1.03615,4241
2025-02-06 13:00:00,1.03615,1.0366900000000001,1.03532,1.03597,4234
2025-02-06 14:00:00,1.036,1.03742,1.03594,1.03617,3599
2025-02-06 15:00:00,1.03617,1.0376,1.03605,1.03688,4317
2025-02-06 16:00:00,1.03686,1.03759,1.03663,1.03667,2815
2025-02-06 17:00:00,1.03667,1.038,1.03655,1.03786,2091
2025-02-06 18:00:00,1.03787,1.03963,1.03733,1.03891,3563
2025-02-06 19:00:00,1.03891,1.03909,1.03799,1.03842,1907
2025-02-06 20:00:00,1.03841,1.03904,1.03837,1.03883,1502
2025-02-06 21:00:00,1.03881,1.03892,1.03812,1.03815,781
2025-02-06 22:00:00,1.03814,1.0383,1.0379,1.0383,559
2025-02-06 23:00:00,1.03831,1.03865,1.03824,1.03846,718
2025-02-07 00:00:00,1.03846,1.03905,1.0377,1.03773,1445
2025-02-07 01:00:00,1.03773,1.03865,1.0374,1.03833,1953
2025-02-07 02:00:00,1.03835,1.03859,1.03805,1.03838,1590
2025-02-07 03:00:00,1.03838,1.03847,1.0377,1.03796,1174
2025-02-07 04:00:00,1.03796,1.03829,1.03752,1.03805,1099
2025-02-07 05:00:00,1.03806,1.03814,1.03734,1.03748,1244
2025-02-07 06:00:00,1.03748,1.03768,1.03723,1.03758,1372
2025-02-07 07:00:00,1.03759,1.03897,1.03737,1.03887,2151
2025-02-07 08:00:00,1.03886,1.03995,1.03852,1.03972,2640
2025-02-07 09:00:00,1.03971,1.03988,1.03896,1.03906,2249
2025-02-07 10:00:00,1.03907,1.03912,1.03788,1.0381,2038
2025-02-07 11:00:00,1.03812,1.03837,1.03771,1.03821,1609
2025-02-07 12:00:00,1.03821,1.03822,1.03677,1.0374,2290
2025-02-07 13:00:00,1.03742,1.04122,1.03485,1.0363,7977
2025-02-07 14:00:00,1.03628,1.03884,1.03603,1.03851,5390
2025-02-07 15:00:00,1.03848,1.03873,1.03273,1.03548,10694
2025-02-07 16:00:00,1.03549,1.0355,1.03213,1.03274,11762
2025-02-07 17:00:00,1.03276,1.03604,1.03049,1.03212,11941
2025-02-07 18:00:00,1.03211,1.03354,1.03205,1.03249,2685
2025-02-07 19:00:00,1.03249,1.03366,1.03232,1.03319,2542
2025-02-07 20:00:00,1.03321,1.03379,1.03212,1.03273,2029
2025-02-07 21:00:00,1.03276,1.03319,1.0325,1.03264,1206
2025-02-09 22:00:00,1.02813,1.02978,1.02793,1.02889,792
2025-02-09 23:00:00,1.02892,1.03131,1.02892,1.03094,1558
2025-02-10 00:00:00,1.03094,1.0318,1.03091,1.03099,1715
2025-02-10 01:00:00,1.03099,1.03144,1.02995,1.03028,2046
2025-02-10 02:00:00,1.03029,1.03064,1.02982,1.02994,1411
2025-02-10 03:00:00,1.02993,1.03114,1.02993,1.03112,1185
2025-02-10 04:00:00,1.03112,1.03154,1.03106,1.0313,903
2025-02-10 05:00:00,1.0313,1.03212,1.03126,1.0316,1136
2025-02-10 06:00:00,1.03161,1.03196,1.03119,1.03186,1420
2025-02-10 07:00:00,1.03184,1.03251,1.03096,1.03125,2904
2025-02-10 08:00:00,1.03124,1.03227,1.03063,1.03217,3555
2025-02-10 09:00:00,1.03218,1.03346,1.03205,1.03269,2775
2025-02-10 10:00:00,1.03266,1.03332,1.03228,1.03294,2052
2025-02-10 11:00:00,1.03293,1.03361,1.03197,1.03204,2141
2025-02-10 12:00:00,1.03201,1.0322,1.03082,1.03135,2617
2025-02-10 13:00:00,1.03137,1.0326,1.03137,1.03212,2463
2025-02-10 14:00:00,1.03213,1.03232,1.03039,1.03107,3013
2025-02-10 15:00:00,1.03109,1.03195,1.03102,1.03148,2913
2025-02-10 16:00:00,1.03148,1.0318,1.03042,1.03109,2741
2025-02-10 17:00:00,1.0311,1.03145,1.03065,1.03119,1844
2025-02-10 18:00:00,1.03119,1.03157,1.03056,1.03069,1661
2025-02-10 19:00:00,1.03068,1.03105,1.03048,1.03065,1353
2025-02-10 20:00:00,1.03065,1.03081,1.03046,1.03066,1074
2025-02-10 21:00:00,1.03065,1.03081,1.03047,1.03059,547
2025-02-10 22:00:00,1.03057,1.03065,1.0301,1.0305,1015
2025-02-10 23:00:00,1.0306,1.03072,1.02982,1.03003,1186
2025-02-11 00:00:00,1.03005,1.03064,1.02994,1.03045,905
2025-02-11 01:00:00,1.03046,1.03046,1.02997,1.03016,1419
2025-02-11 02:00:00,1.03016,1.03026,1.02919,1.02928,1345
2025-02-11 03:00:00,1.02929,1.03,1.02918,1.02977,1146
2025-02-11 04:00:00,1.02977,1.0304,1.0297,1.03038,1031
2025-02-11 05:00:00,1.03039,1.03056,1.03017,1.03045,976
2025-02-11 06:00:00,1.03045,1.03101,1.03038,1.03047,1472
2025-02-11 07:00:00,1.03046,1.03076,1.03004,1.03028,2262
2025-02-11 08:00:00,1.03028,1.03192,1.02995,1.03177,2800
2025-02-11 09:00:00,1.03177,1.03215,1.03123,1.03174,2570
2025-02-11 10:00:00,1.03174,1.03247,1.0314,1.03156,2141
2025-02-11 11:00:00,1.03156,1.03224,1.03152,1.03214,1635
2025-02-11 12:00:00,1.03214,1.03281,1.03198,1.03218,1949
2025-02-11 13:00:00,1.03218,1.03258,1.03162,1.03218,2407
2025-02-11 14:00:00,1.03216,1.0337,1.03213,1.03321,2707
2025-02-11 15:00:00,1.03323,1.03429,1.03277,1.03396,3545
2025-02-11 16:00:00,1.03394,1.03509,1.03386,1.03452,2944
2025-02-11 17:00:00,1.0345,1.03481,1.0343,1.0345,1729
2025-02-11 18:00:00,1.03449,1.03511,1.0344,1.03452,1682
2025-02-11 19:00:00,1.03452,1.03811,1.03415,1.03576,4039
2025-02-11 20:00:00,1.03574,1.03671,1.03571,1.03625,2086
2025-02-11 21:00:00,1.03623,1.03637,1.03586,1.03598,911
2025-02-11 22:00:00,1.03597,1.03628,1.03552,1.03614,792
2025-02-11 23:00:00,1.03613,1.03673,1.03601,1.03627,675
2025-02-12 00:00:00,1.03629,1.03639,1.0356,1.0357,1067
2025-02-12 01:00:00,1.03569,1.03635,1.03536,1.03602,1425
2025-02-12 02:00:00,1.03602,1.03674,1.03601,1.03619,1317
2025-02-12 03:00:00,1.03621,1.0365,1.03583,1.03617,1237
2025-02-12 04:00:00,1.03618,1.03632,1.03556,1.03558,959
2025-02-12 05:00:00,1.0356,1.0359099999999999,1.03546,1.03579,949
2025-02-12 06:00:00,1.0358,1.036,1.03565,1.03587,1011
2025-02-12 07:00:00,1.03587,1.03787,1.03585,1.03755,2602
2025-02-12 08:00:00,1.03751,1.03795,1.03677,1.03708,3126
2025-02-12 09:00:00,1.03705,1.03738,1.03642,1.03731,2313
2025-02-12 10:00:00,1.03734,1.0377,1.03696,1.03751,2114
2025-02-12 11:00:00,1.03754,1.03855,1.03733,1.03749,2369
2025-02-12 12:00:00,1.03748,1.03787,1.03715,1.03727,2238
2025-02-12 13:00:00,1.03727,1.0376,1.03166,1.03325,7606
2025-02-12 14:00:00,1.03324,1.03533,1.0325,1.035,5287
2025-02-12 15:00:00,1.035,1.03823,1.03378,1.03739,9118
2025-02-12 16:00:00,1.03738,1.03961,1.03498,1.03909,5235
2025-02-12 17:00:00,1.03909,1.04271,1.03902,1.04256,7481
2025-02-12 18:00:00,1.04257,1.04297,1.03872,1.03892,4391
2025-02-12 19:00:00,1.03889,1.0393,1.03843,1.03908,2312
2025-02-12 20:00:00,1.03907,1.03972,1.03875,1.03913,1739
2025-02-12 21:00:00,1.03915,1.03937,1.03796,1.03826,1598
2025-02-12 22:00:00,1.03821,1.03847,1.03788,1.03834,930
2025-02-12 23:00:00,1.03836,1.0392,1.03832,1.0392,809
2025-02-13 00:00:00,1.03918,1.04,1.03879,1.03894,1283
2025-02-13 01:00:00,1.03894,1.04015,1.0387,1.03993,2064
2025-02-13 02:00:00,1.03993,1.04072,1.03961,1.04034,1611
2025-02-13 03:00:00,1.04037,1.04213,1.04031,1.04185,1634
2025-02-13 04:00:00,1.04185,1.04349,1.04181,1.04343,1998
2025-02-13 05:00:00,1.04341,1.0438,1.04303,1.04345,2019
2025-02-13 06:00:00,1.04344,1.04395,1.04284,1.04305,2255
2025-02-13 07:00:00,1.04307,1.04362,1.04222,1.04254,3463
2025-02-13 08:00:00,1.04253,1.04261,1.04098,1.04137,3521
2025-02-13 09:00:00,1.04135,1.04258,1.04107,1.04226,2693
2025-02-13 10:00:00,1.04225,1.04287,1.04129,1.04153,2443
2025-02-13 11:00:00,1.04153,1.0427,1.03922,1.04026,4598
2025-02-13 12:00:00,1.04026,1.04031,1.03854,1.03896,3736
2025-02-13 13:00:00,1.03898,1.04067,1.03751,1.03923,6052
2025-02-13 14:00:00,1.03921,1.0401,1.03813,1.03995,4477
2025-02-13 15:00:00,1.03996,1.04377,1.03995,1.04329,9522
2025-02-13 16:00:00,1.04327,1.04449,1.04241,1.0427,3684
2025-02-13 17:00:00,1.04268,1.04387,1.04245,1.0425200000000001,2499
2025-02-13 18:00:00,1.0425200000000001,1.0431300000000001,1.03727,1.04087,12469
2025-02-13 19:00:00,1.04089,1.04423,1.0408,1.04366,4365
2025-02-13 20:00:00,1.04366,1.04656,1.04352,1.04612,2519
2025-02-13 21:00:00,1.04614,1.04668,1.04568,1.04634,1219
2025-02-13 22:00:00,1.04632,1.04665,1.04593,1.04665,900
2025-02-13 23:00:00,1.04662,1.04669,1.04559,1.04612,1071
2025-02-14 00:00:00,1.04612,1.04665,1.04574,1.04605,1587
2025-02-14 01:00:00,1.04605,1.04668,1.04579,1.04588,2018
2025-02-14 02:00:00,1.04587,1.04608,1.04547,1.04565,1490
2025-02-14 03:00:00,1.04565,1.04613,1.04536,1.04583,1170
2025-02-14 04:00:00,1.04583,1.04634,1.04545,1.04547,1153
2025-02-14 05:00:00,1.04545,1.04556,1.04469,1.04525,1363
2025-02-14 06:00:00,1.04522,1.04607,1.04515,1.0458,1628
2025-02-14 07:00:00,1.04579,1.04716,1.04579,1.04645,3021
2025-02-14 08:00:00,1.04647,1.0486,1.0463,1.04765,3610
2025-02-14 09:00:00,1.04765,1.04874,1.04755,1.04808,3001
2025-02-14 10:00:00,1.04808,1.04824,1.0464,1.04666,2482
2025-02-14 11:00:00,1.04667,1.04691,1.04627,1.04672,2224
2025-02-14 12:00:00,1.04669,1.04744,1.04566,1.04713,2546
2025-02-14 13:00:00,1.04712,1.04975,1.04709,1.04878,5098
2025-02-14 14:00:00,1.0488,1.05136,1.04868,1.05081,4358
2025-02-14 15:00:00,1.0508,1.0512299999999999,1.04906,1.05078,4227
2025-02-14 16:00:00,1.05076,1.05097,1.04966,1.04973,3048
2025-02-14 17:00:00,1.04973,1.05084,1.04938,1.05068,2119
2025-02-14 18:00:00,1.05067,1.05077,1.0499,1.05038,1647
2025-02-14 19:00:00,1.0504,1.05049,1.04946,1.04982,1679
2025-02-14 20:00:00,1.0498,1.0498,1.04909,1.04919,1363
2025-02-14 21:00:00,1.0492,1.04946,1.04883,1.04908,929
2025-02-16 22:00:00,1.0484,1.04884,1.04829,1.04879,438
2025-02-16 23:00:00,1.0489,1.04939,1.04843,1.04879,1303
2025-02-17 00:00:00,1.04879,1.04928,1.0485,1.04918,1263
2025-02-17 01:00:00,1.04918,1.05059,1.04892,1.05048,1738
2025-02-17 02:00:00,1.05048,1.0505,1.04953,1.0501,1379
2025-02-17 03:00:00,1.05009,1.05032,1.04937,1.04942,1312
2025-02-17 04:00:00,1.04943,1.04969,1.0489,1.04951,1104
2025-02-17 05:00:00,1.04951,1.04978,1.04844,1.04893,1857
2025-02-17 06:00:00,1.04892,1.04932,1.04873,1.04913,1652
2025-02-17 07:00:00,1.04914,1.04952,1.048,1.04823,2904
2025-02-17 08:00:00,1.04823,1.04845,1.04707,1.0474,3264
2025-02-17 09:00:00,1.04739,1.04811,1.0471,1.04737,2362
2025-02-17 10:00:00,1.04734,1.04889,1.04726,1.04885,2083
2025-02-17 11:00:00,1.04883,1.04889,1.04775,1.04816,1843
2025-02-17 12:00:00,1.04816,1.04848,1.04682,1.0472,2417
2025-02-17 13:00:00,1.04722,1.0476,1.04667,1.0474,1817
2025-02-17 14:00:00,1.0474,1.04789,1.04708,1.0478,1831
2025-02-17 15:00:00,1.04778,1.04837,1.04738,1.0479,1919
2025-02-17 16:00:00,1.04793,1.04828,1.04763,1.04781,1456
2025-02-17 17:00:00,1.04781,1.04845,1.04774,1.0482,1090
2025-02-17 18:00:00,1.0482,1.04822,1.04787,1.04817,533
2025-02-17 19:00:00,1.04817,1.04835,1.04792,1.04813,592
2025-02-17 20:00:00,1.04813,1.04834,1.04802,1.04829,413
2025-02-17 21:00:00,1.04829,1.04847,1.04816,1.04822,405
2025-02-17 22:00:00,1.04818,1.0483,1.04768,1.04806,860
2025-02-17 23:00:00,1.0481,1.04852,1.04766,1.04846,717
2025-02-18 00:00:00,1.04846,1.04858,1.04724,1.04748,1293
2025-02-18 01:00:00,1.04748,1.04755,1.04621,1.04658,1802
2025-02-18 02:00:00,1.04659,1.04705,1.04653,1.04671,1318
2025-02-18 03:00:00,1.04671,1.0472,1.04617,1.04629,1594
2025-02-18 04:00:00,1.04629,1.04638,1.04552,1.04569,1286
2025-02-18 05:00:00,1.04569,1.0459,1.04519,1.04549,1266
2025-02-18 06:00:00,1.04547,1.04628,1.04543,1.04609,1432
2025-02-18 07:00:00,1.04606,1.04688,1.04583,1.04631,2254
2025-02-18 08:00:00,1.04629,1.04689,1.04544,1.04566,3006
2025-02-18 09:00:00,1.04565,1.04646,1.04551,1.04634,2371
2025-02-18 10:00:00,1.04633,1.04667,1.04585,1.04617,2098
2025-02-18 11:00:00,1.04619,1.04647,1.04609,1.04624,1465
2025-02-18 12:00:00,1.04625,1.04666,1.04526,1.04551,2317
2025-02-18 13:00:00,1.04551,1.04567,1.04414,1.04444,2979
2025-02-18 14:00:00,1.04445,1.04544,1.04411,1.0452,2997
2025-02-18 15:00:00,1.04522,1.04665,1.04512,1.04657,3378
2025-02-18 16:00:00,1.04657,1.0469,1.04537,1.04565,2447
2025-02-18 17:00:00,1.04565,1.04565,1.04388,1.04454,2091
2025-02-18 18:00:00,1.04456,1.04476,1.04347,1.04436,1841
2025-02-18 19:00:00,1.04436,1.04493,1.04402,1.04448,1402
2025-02-18 20:00:00,1.04447,1.04475,1.04409,1.04474,1312
2025-02-18 21:00:00,1.04474,1.0449,1.04441,1.04441,885
2025-02-18 22:00:00,1.04443,1.04492,1.04391,1.0449,1155
2025-02-18 23:00:00,1.04506,1.04506,1.04448,1.04479,697
2025-02-19 00:00:00,1.04479,1.04491,1.0443500000000001,1.04454,1049
2025-02-19 01:00:00,1.04456,1.04476,1.04408,1.04463,1556
2025-02-19 02:00:00,1.04462,1.04518,1.04442,1.04514,1289
2025-02-19 03:00:00,1.04514,1.04518,1.04472,1.0451,987
2025-02-19 04:00:00,1.0451,1.04526,1.04479,1.0452,835
2025-02-19 05:00:00,1.04519,1.04559,1.04482,1.04558,900
2025-02-19 06:00:00,1.04556,1.0461,1.04541,1.04546,1320
2025-02-19 07:00:00,1.04552,1.04589,1.04484,1.04509,2363
2025-02-19 08:00:00,1.0451,1.04557,1.04383,1.04403,2708
2025-02-19 09:00:00,1.04402,1.04433,1.0428,1.04289,2418
2025-02-19 10:00:00,1.04289,1.0429599999999999,1.04183,1.04234,2358
2025-02-19 11:00:00,1.04236,1.04326,1.04199,1.04241,3424
2025-02-19 12:00:00,1.04241,1.04314,1.04212,1.04278,2431
2025-02-19 13:00:00,1.04279,1.04347,1.04247,1.04334,2550
2025-02-19 14:00:00,1.04334,1.04373,1.04271,1.04338,2922
2025-02-19 15:00:00,1.0434,1.04409,1.04211,1.04237,3815
2025-02-19 16:00:00,1.04236,1.04247,1.04035,1.04043,3224
2025-02-19 17:00:00,1.04042,1.04128,1.04005,1.04094,2130
2025-02-19 18:00:00,1.04096,1.04213,1.04081,1.0419,1804
2025-02-19 19:00:00,1.04192,1.0432,1.04178,1.04255,2377
2025-02-19 20:00:00,1.0425200000000001,1.04261,1.04205,1.0425,1578
2025-02-19 21:00:00,1.04248,1.0426,1.04207,1.04219,626
2025-02-19 22:00:00,1.0422,1.04246,1.04177,1.04246,730
2025-02-19 23:00:00,1.04247,1.04257,1.04197,1.04205,690
2025-02-20 00:00:00,1.04205,1.04295,1.04193,1.04288,1497
2025-02-20 01:00:00,1.04287,1.04322,1.04183,1.04209,1792
2025-02-20 02:00:00,1.04209,1.04371,1.04199,1.04351,2579
2025-02-20 03:00:00,1.04352,1.0435699999999999,1.04265,1.04308,1454
2025-02-20 04:00:00,1.04307,1.04316,1.04236,1.04298,1157
2025-02-20 05:00:00,1.04297,1.04338,1.04265,1.04274,1192
2025-02-20 06:00:00,1.04274,1.0434,1.04243,1.04249,1524
2025-02-20 07:00:00,1.04251,1.0433,1.04232,1.04311,2323
2025-02-20 08:00:00,1.04308,1.04417,1.04291,1.04329,2966
2025-02-20 09:00:00,1.04327,1.0438,1.04284,1.04369,2261
2025-02-20 10:00:00,1.04367,1.04438,1.04341,1.0442,2329
2025-02-20 11:00:00,1.04421,1.04458,1.04305,1.04379,1989
2025-02-20 12:00:00,1.04381,1.0443500000000001,1.04328,1.04351,2941
2025-02-20 13:00:00,1.04353,1.04543,1.04346,1.04479,3275
2025-02-20 14:00:00,1.04477,1.04601,1.04416,1.04465,4208
2025-02-20 15:00:00,1.04464,1.04749,1.04417,1.04735,4489
2025-02-20 16:00:00,1.04733,1.04779,1.04639,1.04745,3044
2025-02-20 17:00:00,1.04743,1.04943,1.04708,1.04887,2755
2025-02-20 18:00:00,1.04885,1.04981,1.0485,1.04974,2137
2025-02-20 19:00:00,1.04975,1.0503,1.0489,1.0501,1969
2025-02-20 20:00:00,1.05012,1.05027,1.0495,1.05021,1380
2025-02-20 21:00:00,1.0502,1.05029,1.04999,1.05006,677
2025-02-20 22:00:00,1.05006,1.05006,1.04922,1.04979,1151
2025-02-20 23:00:00,1.04976,1.05053,1.04975,1.04998,807
2025-02-21 00:00:00,1.04998,1.04999,1.0489,1.04899,1227
2025-02-21 01:00:00,1.04897,1.04928,1.04842,1.04864,1816
2025-02-21 02:00:00,1.04865,1.05028,1.04862,1.05021,1929
2025-02-21 03:00:00,1.05022,1.05042,1.0499,1.05021,1446
2025-02-21 04:00:00,1.05021,1.05044,1.0497,1.04985,864
2025-02-21 05:00:00,1.04985,1.05003,1.04914,1.04927,1410
2025-02-21 06:00:00,1.04926,1.04937,1.04875,1.04884,1619
2025-02-21 07:00:00,1.04887,1.04994,1.04887,1.04919,2510
2025-02-21 08:00:00,1.0492,1.04939,1.04676,1.04764,4214
2025-02-21 09:00:00,1.04765,1.04807,1.04663,1.0469,2938
2025-02-21 10:00:00,1.04692,1.0472,1.04643,1.0465,2239
2025-02-21 11:00:00,1.04649,1.04735,1.04629,1.04689,1912
2025-02-21 12:00:00,1.04691,1.04709,1.04591,1.04614,2251
2025-02-21 13:00:00,1.04615,1.04774,1.0461,1.04747,2486
2025-02-21 14:00:00,1.04747,1.0492,1.04697,1.04806,4226
2025-02-21 15:00:00,1.04797,1.04856,1.04522,1.04539,4872
2025-02-21 16:00:00,1.04536,1.04575,1.04489,1.04541,2731
2025-02-21 17:00:00,1.04541,1.04639,1.04517,1.04628,2325
2025-02-21 18:00:00,1.04626,1.04674,1.04506,1.04594,2948
2025-02-21 19:00:00,1.04591,1.0466,1.04568,1.04616,2273
2025-02-21 20:00:00,1.04615,1.0464,1.04569,1.04602,1834
2025-02-21 21:00:00,1.04604,1.04618,1.0458,1.04602,1067
2025-02-23 22:00:00,1.04657,1.04735,1.04589,1.04726,770
2025-02-23 23:00:00,1.04735,1.04842,1.04699,1.04736,1745
2025-02-24 00:00:00,1.04737,1.05068,1.04715,1.05036,2764
2025-02-24 01:00:00,1.05036,1.05204,1.05021,1.05175,3679
2025-02-24 02:00:00,1.05174,1.05278,1.05153,1.05225,2896
2025-02-24 03:00:00,1.05226,1.05253,1.05162,1.05189,1911
2025-02-24 04:00:00,1.05189,1.05202,1.05109,1.05152,1300
2025-02-24 05:00:00,1.0515,1.05193,1.05098,1.05162,1929
2025-02-24 06:00:00,1.0516,1.05161,1.05009,1.05084,1767
2025-02-24 07:00:00,1.05083,1.05144,1.04864,1.04907,3846
2025-02-24 08:00:00,1.04909,1.04924,1.04693,1.04799,4052
2025-02-24 09:00:00,1.04798,1.04845,1.04685,1.04719,3317
2025-02-24 10:00:00,1.04718,1.04801,1.04667,1.04798,2628
2025-02-24 11:00:00,1.048,1.04809,1.04634,1.04682,1977
2025-02-24 12:00:00,1.04681,1.04723,1.04596,1.04684,2164
2025-02-24 13:00:00,1.04686,1.04751,1.04645,1.04665,2576
2025-02-24 14:00:00,1.04664,1.04693,1.04526,1.046,3327
2025-02-24 15:00:00,1.04602,1.04702,1.04596,1.04687,3837
2025-02-24 16:00:00,1.04687,1.04796,1.04652,1.04773,2870
2025-02-24 17:00:00,1.04773,1.04832,1.04677,1.04722,2886
2025-02-24 18:00:00,1.0472,1.04855,1.04701,1.04802,2039
2025-02-24 19:00:00,1.04801,1.04837,1.04725,1.04748,2262
2025-02-24 20:00:00,1.0475,1.04789,1.04641,1.04648,2894
2025-02-24 21:00:00,1.04648,1.04677,1.04616,1.04672,730
2025-02-24 22:00:00,1.0467,1.04679,1.04641,1.04679,735
2025-02-24 23:00:00,1.04678,1.0468,1.04599,1.0461,787
2025-02-25 00:00:00,1.04612,1.04638,1.04593,1.04631,960
2025-02-25 01:00:00,1.04633,1.04652,1.04603,1.04648,1349
2025-02-25 02:00:00,1.04648,1.04744,1.04646,1.0474,1578
2025-02-25 03:00:00,1.04741,1.04757,1.04709,1.04727,1121
2025-02-25 04:00:00,1.04727,1.04768,1.04722,1.04725,883
2025-02-25 05:00:00,1.04725,1.04776,1.04717,1.04763,968
2025-02-25 06:00:00,1.04765,1.04798,1.04722,1.04764,1317
2025-02-25 07:00:00,1.04765,1.04773,1.04631,1.04641,3279
2025-02-25 08:00:00,1.04638,1.04784,1.04559,1.04696,3993
2025-02-25 09:00:00,1.04699,1.04787,1.04681,1.04725,2996
2025-02-25 10:00:00,1.04725,1.04738,1.04649,1.04725,2367
2025-02-25 11:00:00,1.04725,1.04893,1.04709,1.04889,2430
2025-02-25 12:00:00,1.04889,1.04998,1.04879,1.04933,3175
2025-02-25 13:00:00,1.04935,1.05092,1.04931,1.0500099999999999,3032
2025-02-25 14:00:00,1.05002,1.05046,1.04916,1.05021,3437
2025-02-25 15:00:00,1.0502,1.05187,1.04946,1.04981,4501
2025-02-25 16:00:00,1.04983,1.05056,1.04943,1.04975,3606
2025-02-25 17:00:00,1.04975,1.0501800000000001,1.04837,1.05017,2628
2025-02-25 18:00:00,1.05017,1.05177,1.05017,1.05083,2379
2025-02-25 19:00:00,1.05082,1.0512299999999999,1.05042,1.05101,2102
2025-02-25 20:00:00,1.051,1.05186,1.05086,1.05158,2004
2025-02-25 21:00:00,1.05156,1.05173,1.05126,1.05131,937
2025-02-25 22:00:00,1.05129,1.05139,1.05093,1.05132,809
2025-02-25 23:00:00,1.05135,1.05224,1.05119,1.052,878
2025-02-26 00:00:00,1.0520100000000001,1.05244,1.05194,1.05223,1165
2025-02-26 01:00:00,1.05223,1.05232,1.05137,1.05151,1911
2025-02-26 02:00:00,1.0515,1.05167,1.05039,1.05061,1793
2025-02-26 03:00:00,1.05061,1.05084,1.05011,1.05042,1313
2025-02-26 04:00:00,1.05041,1.05051,1.04965,1.04971,1000
2025-02-26 05:00:00,1.04971,1.0498,1.04901,1.04911,1351
2025-02-26 06:00:00,1.04911,1.0496,1.04869,1.04941,1602
2025-02-26 07:00:00,1.04943,1.05011,1.04922,1.04935,2856
2025-02-26 08:00:00,1.04934,1.0511,1.04912,1.05021,3449
2025-02-26 09:00:00,1.05021,1.0503,1.04943,1.04969,2566
2025-02-26 10:00:00,1.04968,1.05005,1.04909,1.04974,2532
2025-02-26 11:00:00,1.04972,1.05017,1.04863,1.0491,2303
2025-02-26 12:00:00,1.04908,1.04945,1.04745,1.04765,2673
2025-02-26 13:00:00,1.04763,1.04943,1.04762,1.04838,3108
2025-02-26 14:00:00,1.04838,1.04922,1.04819,1.04896,3888
2025-02-26 15:00:00,1.04894,1.05086,1.0479,1.05054,4683
2025-02-26 16:00:00,1.05056,1.0515,1.0501800000000001,1.05133,3559
2025-02-26 17:00:00,1.0513,1.05284,1.04829,1.0492,8241
2025-02-26 18:00:00,1.04919,1.05,1.04846,1.04877,3727
2025-02-26 19:00:00,1.04877,1.0493,1.04816,1.04908,2726
2025-02-26 20:00:00,1.04906,1.04906,1.04804,1.04856,1733
2025-02-26 21:00:00,1.04853,1.04877,1.04782,1.04838,1154
2025-02-26 22:00:00,1.04828,1.04867,1.04806,1.04866,701
2025-02-26 23:00:00,1.04867,1.04921,1.0485,1.04876,693
2025-02-27 00:00:00,1.04876,1.04876,1.04765,1.04771,1317
2025-02-27 01:00:00,1.04771,1.04828,1.04726,1.04781,1612
2025-02-27 02:00:00,1.04781,1.04803,1.047,1.04706,1516
2025-02-27 03:00:00,1.04708,1.04741,1.04645,1.04653,1161
2025-02-27 04:00:00,1.04656,1.04692,1.04588,1.04623,1505
2025-02-27 05:00:00,1.04624,1.04652,1.04613,1.04646,1320
2025-02-27 06:00:00,1.04648,1.04726,1.04635,1.04712,1643
2025-02-27 07:00:00,1.04709,1.04796,1.04679,1.0475,2445
2025-02-27 08:00:00,1.04753,1.04797,1.04699,1.04779,3177
2025-02-27 09:00:00,1.0478,1.04846,1.04747,1.04836,2423
2025-02-27 10:00:00,1.04835,1.04839,1.04735,1.04812,2225
2025-02-27 11:00:00,1.04815,1.04869,1.04756,1.04756,2071
2025-02-27 12:00:00,1.04756,1.04837,1.04729,1.04763,2868
2025-02-27 13:00:00,1.0476,1.0489,1.0419100000000001,1.04231,8191
2025-02-27 14:00:00,1.04233,1.04411,1.04137,1.042,6752
2025-02-27 15:00:00,1.04201,1.04272,1.04092,1.04148,5203
2025-02-27 16:00:00,1.04149,1.04157,1.04029,1.04134,3515
2025-02-27 17:00:00,1.04136,1.04178,1.03999,1.0407,2616
2025-02-27 18:00:00,1.04072,1.04169,1.04069,1.04166,2099
2025-02-27 19:00:00,1.04168,1.04173,1.04029,1.0404,2116
2025-02-27 20:00:00,1.04043,1.04081,1.04013,1.0405,1947
2025-02-27 21:00:00,1.04052,1.04052,1.03964,1.03967,1102
2025-02-27 22:00:00,1.03969,1.03976,1.03871,1.03939,834
2025-02-27 23:00:00,1.03949,1.04002,1.03923,1.03935,920
2025-02-28 00:00:00,1.03938,1.04024,1.03936,1.0402,1392
2025-02-28 01:00:00,1.04018,1.04038,1.03842,1.03847,2434
2025-02-28 02:00:00,1.03849,1.03913,1.03799,1.0382,2232
2025-02-28 03:00:00,1.03822,1.0389,1.03809,1.03878,1649
2025-02-28 04:00:00,1.03878,1.03903,1.03856,1.03861,1149
2025-02-28 05:00:00,1.03863,1.03898,1.03837,1.03887,1275
2025-02-28 06:00:00,1.03884,1.03886,1.03823,1.03873,1770
2025-02-28 07:00:00,1.03873,1.04002,1.0385,1.03957,3015
2025-02-28 08:00:00,1.03958,1.04039,1.03947,1.0401,3040
2025-02-28 09:00:00,1.04012,1.04075,1.03941,1.0395,2741
2025-02-28 10:00:00,1.0395,1.04055,1.03921,1.0399,2120
2025-02-28 11:00:00,1.03992,1.04011,1.03931,1.0398,1833
2025-02-28 12:00:00,1.0398,1.04077,1.03976,1.04062,2241
2025-02-28 13:00:00,1.04064,1.04157,1.0405,1.04064,3879
2025-02-28 14:00:00,1.04065,1.04137,1.04007,1.04093,3972
2025-02-28 15:00:00,1.04095,1.04195,1.03928,1.03996,4850
2025-02-28 16:00:00,1.03993,1.0411,1.03977,1.04011,4794
2025-02-28 17:00:00,1.04013,1.04097,1.03895,1.03964,4133
2025-02-28 18:00:00,1.03961,1.0398,1.03622,1.03632,7123
2025-02-28 19:00:00,1.0363,1.03733,1.03594,1.03675,3238
2025-02-28 20:00:00,1.03676,1.03766,1.03619,1.03746,2945
2025-02-28 21:00:00,1.03743,1.03765,1.03681,1.03749,1471
2025-03-02 22:00:00,1.03974,1.03999,1.03949,1.03998,504
2025-03-02 23:00:00,1.04025,1.04205,1.03979,1.04116,1994
2025-03-03 00:00:00,1.04116,1.04196,1.0402,1.04092,2712
2025-03-03 01:00:00,1.04094,1.04227,1.04073,1.04194,2671
2025-03-03 02:00:00,1.04193,1.04228,1.04146,1.04195,1794
2025-03-03 03:00:00,1.04193,1.04196,1.04097,1.04166,1988
2025-03-03 04:00:00,1.04165,1.04201,1.0416,1.04173,1038
2025-03-03 05:00:00,1.04173,1.0419,1.04121,1.04141,1235
2025-03-03 06:00:00,1.04142,1.04162,1.04064,1.04079,1892
2025-03-03 07:00:00,1.04078,1.041,1.04016,1.0405,3069
2025-03-03 08:00:00,1.04048,1.04063,1.03882,1.04004,3553
2025-03-03 09:00:00,1.04004,1.04285,1.04004,1.0427,3009
2025-03-03 10:00:00,1.04272,1.04445,1.04269,1.04415,4040
2025-03-03 11:00:00,1.04417,1.04576,1.04399,1.0452,3243
2025-03-03 12:00:00,1.04519,1.04757,1.04519,1.047,4532
2025-03-03 13:00:00,1.04699,1.04761,1.04593,1.04715,3609
2025-03-03 14:00:00,1.04716,1.04903,1.04682,1.04824,4212
2025-03-03 15:00:00,1.04821,1.05035,1.04771,1.04842,6347
2025-03-03 16:00:00,1.04839,1.05009,1.04835,1.04955,3832
2025-03-03 17:00:00,1.04953,1.04965,1.04864,1.04902,2554
2025-03-03 18:00:00,1.049,1.05037,1.04813,1.04866,3819
2025-03-03 19:00:00,1.04866,1.04934,1.04721,1.04727,4916
2025-03-03 20:00:00,1.04725,1.04847,1.04661,1.04817,5853
2025-03-03 21:00:00,1.04814,1.04922,1.04801,1.04867,1619
2025-03-03 22:00:00,1.04869,1.04874,1.04834,1.04864,1004
2025-03-03 23:00:00,1.04874,1.04919,1.04763,1.04849,1540
2025-03-04 00:00:00,1.0485,1.04882,1.04763,1.04878,2465
2025-03-04 01:00:00,1.04876,1.0495700000000001,1.0482,1.04881,3053
2025-03-04 02:00:00,1.0488,1.04897,1.048,1.04804,1984
2025-03-04 03:00:00,1.04804,1.04836,1.04745,1.04769,1858
2025-03-04 04:00:00,1.04769,1.04802,1.04711,1.04776,1650
2025-03-04 05:00:00,1.04775,1.04857,1.04706,1.04832,2761
2025-03-04 06:00:00,1.04833,1.04895,1.04785,1.04857,2043
2025-03-04 07:00:00,1.04859,1.05002,1.04807,1.04927,4243
2025-03-04 08:00:00,1.04926,1.05236,1.0486,1.0518399999999999,5698
2025-03-04 09:00:00,1.05182,1.05269,1.05091,1.05121,3889
2025-03-04 10:00:00,1.05116,1.05191,1.05022,1.0511,3685
2025-03-04 11:00:00,1.0511,1.05443,1.05092,1.05434,3976
2025-03-04 12:00:00,1.05436,1.05569,1.05356,1.05528,5034
2025-03-04 13:00:00,1.0553,1.05594,1.05305,1.05388,5637
2025-03-04 14:00:00,1.05385,1.05481,1.05204,1.05213,6662
2025-03-04 15:00:00,1.05212,1.05276,1.04961,1.0526200000000001,6496
2025-03-04 16:00:00,1.05259,1.05394,1.05148,1.05331,5116
2025-03-04 17:00:00,1.05336,1.05435,1.05302,1.05412,4844
2025-03-04 18:00:00,1.05411,1.05905,1.05373,1.059,6564
2025-03-04 19:00:00,1.05899,1.06016,1.0586,1.06002,4107
2025-03-04 20:00:00,1.06002,1.06232,1.06002,1.06083,4426
2025-03-04 21:00:00,1.06086,1.06271,1.06079,1.06245,3895
2025-03-04 22:00:00,1.06242,1.06249,1.06116,1.0619,942
2025-03-04 23:00:00,1.06193,1.06366,1.06187,1.06228,1930
2025-03-05 00:00:00,1.06228,1.0627,1.06105,1.06202,2805
2025-03-05 01:00:00,1.06201,1.06273,1.06082,1.06124,4424
2025-03-05 02:00:00,1.06126,1.06157,1.06035,1.0604,2981
2025-03-05 03:00:00,1.06037,1.062,1.06017,1.06179,3148
2025-03-05 04:00:00,1.06178,1.06254,1.0615,1.06186,1786
2025-03-05 05:00:00,1.06186,1.0632,1.06183,1.06309,1700
2025-03-05 06:00:00,1.06308,1.06386,1.06239,1.0632,2658
2025-03-05 07:00:00,1.06321,1.06759,1.06294,1.06742,6669
2025-03-05 08:00:00,1.0674,1.06992,1.06583,1.06975,7379
2025-03-05 09:00:00,1.06977,1.07221,1.06952,1.07114,6223
2025-03-05 10:00:00,1.07114,1.07149,1.06834,1.06967,4681
2025-03-05 11:00:00,1.06969,1.06981,1.06761,1.06785,3873
2025-03-05 12:00:00,1.06787,1.07135,1.06782,1.06955,5050
2025-03-05 13:00:00,1.06956,1.07223,1.06859,1.07156,8451
2025-03-05 14:00:00,1.07155,1.07766,1.07135,1.07693,10376
2025-03-05 15:00:00,1.077,1.07706,1.07408,1.07648,10080
2025-03-05 16:00:00,1.07645,1.07866,1.07605,1.0766499999999999,8616
2025-03-05 17:00:00,1.07664,1.07877,1.0762,1.07847,5956
2025-03-05 18:00:00,1.07849,1.07886,1.07636,1.07732,6304
2025-03-05 19:00:00,1.07734,1.07905,1.07694,1.07896,3218
2025-03-05 20:00:00,1.07896,1.07966,1.07873,1.07919,2262
2025-03-05 21:00:00,1.07918,1.07923,1.07852,1.07878,1332
2025-03-05 22:00:00,1.07877,1.07904,1.07845,1.07904,759
2025-03-05 23:00:00,1.07904,1.07946,1.07869,1.07936,1108
2025-03-06 00:00:00,1.07936,1.08024,1.07869,1.07942,2470
2025-03-06 01:00:00,1.07942,1.08198,1.07891,1.0815,3219
2025-03-06 02:00:00,1.0815,1.08188,1.07977,1.08047,3048
2025-03-06 03:00:00,1.08047,1.08049,1.07879,1.07894,2225
2025-03-06 04:00:00,1.07894,1.08037,1.07837,1.0803,1691
2025-03-06 05:00:00,1.08033,1.08115,1.07997,1.08098,2270
2025-03-06 06:00:00,1.08097,1.08197,1.07988,1.08022,2905
2025-03-06 07:00:00,1.08023,1.08221,1.07915,1.0799,6654
2025-03-06 08:00:00,1.07989,1.08163,1.07925,1.0801,8305
2025-03-06 09:00:00,1.08008,1.08064,1.07798,1.07994,6436
2025-03-06 10:00:00,1.07993,1.0803,1.07825,1.07915,4400
2025-03-06 11:00:00,1.07913,1.08005,1.07828,1.07986,3663
2025-03-06 12:00:00,1.07987,1.0806499999999999,1.07878,1.07995,4067
2025-03-06 13:00:00,1.07997,1.0845,1.0790899999999999,1.08258,9091
2025-03-06 14:00:00,1.08255,1.08408,1.08111,1.08365,12532
2025-03-06 15:00:00,1.08363,1.08534,1.08113,1.08167,8463
2025-03-06 16:00:00,1.0817,1.08378,1.0815,1.08173,7396
2025-03-06 17:00:00,1.08171,1.08219,1.07912,1.07968,4817
2025-03-06 18:00:00,1.07966,1.08015,1.0765500000000001,1.07835,4215
2025-03-06 19:00:00,1.07836,1.08111,1.07822,1.08014,3478
2025-03-06 20:00:00,1.08014,1.08031,1.07852,1.07863,2801
2025-03-06 21:00:00,1.07865,1.07902,1.07745,1.07831,1491
2025-03-06 22:00:00,1.07832,1.07902,1.07776,1.07902,946
2025-03-06 23:00:00,1.07905,1.07959,1.07844,1.07869,1138
2025-03-07 00:00:00,1.07866,1.0795,1.07864,1.07873,1841
2025-03-07 01:00:00,1.07875,1.07925,1.07808,1.07896,2249
2025-03-07 02:00:00,1.07896,1.0799,1.07842,1.07988,2137
2025-03-07 03:00:00,1.07988,1.08146,1.0796000000000001,1.08053,1941
2025-03-07 04:00:00,1.0805,1.08129,1.08026,1.08125,1341
2025-03-07 05:00:00,1.08125,1.08171,1.0807,1.08128,1622
2025-03-07 06:00:00,1.08128,1.08247,1.08076,1.08231,2259
2025-03-07 07:00:00,1.08228,1.08403,1.08194,1.08295,3877
2025-03-07 08:00:00,1.08295,1.08551,1.08258,1.08501,4491
2025-03-07 09:00:00,1.08502,1.08712,1.08442,1.08612,4663
2025-03-07 10:00:00,1.08611,1.08666,1.08572,1.08602,3733
2025-03-07 11:00:00,1.08599,1.08599,1.08442,1.0849199999999999,3391
2025-03-07 12:00:00,1.08489,1.08568,1.08409,1.08538,4193
2025-03-07 13:00:00,1.08539,1.08884,1.08416,1.08443,10247
2025-03-07 14:00:00,1.08442,1.08817,1.0844,1.08533,9117
2025-03-07 15:00:00,1.08534,1.08859,1.0835,1.08697,10182
2025-03-07 16:00:00,1.08697,1.08723,1.08372,1.0858,5858
2025-03-07 17:00:00,1.0858,1.08639,1.08316,1.08427,6139
2025-03-07 18:00:00,1.08425,1.08439,1.08254,1.08395,3769
2025-03-07 19:00:00,1.08396,1.08438,1.08329,1.08424,3031
2025-03-07 20:00:00,1.08424,1.08486,1.08396,1.08467,2270
2025-03-07 21:00:00,1.08465,1.08508,1.08323,1.08327,1342
2025-03-09 21:00:00,1.08305,1.08379,1.08289,1.08367,445
2025-03-09 22:00:00,1.08363,1.0855,1.08363,1.08484,1437
2025-03-09 23:00:00,1.0849199999999999,1.0865,1.0848,1.08598,2146
2025-03-10 00:00:00,1.08598,1.08667,1.08523,1.08636,2622
2025-03-10 01:00:00,1.08638,1.08708,1.08524,1.08526,2627
2025-03-10 02:00:00,1.08524,1.08557,1.08354,1.08367,2056
2025-03-10 03:00:00,1.08368,1.08385,1.08298,1.08312,1937
2025-03-10 04:00:00,1.08313,1.08373,1.083,1.08304,1346
2025-03-10 05:00:00,1.08304,1.08354,1.08274,1.08348,1854
2025-03-10 06:00:00,1.0835,1.08444,1.0834,1.08368,2475
2025-03-10 07:00:00,1.08368,1.08439,1.08106,1.08221,4496
2025-03-10 08:00:00,1.08223,1.08241,1.08046,1.08098,5898
2025-03-10 09:00:00,1.08097,1.08563,1.0808200000000001,1.08508,5602
2025-03-10 10:00:00,1.0851,1.08742,1.08502,1.08605,5298
2025-03-10 11:00:00,1.08605,1.08642,1.08124,1.08502,10171
2025-03-10 12:00:00,1.08505,1.08598,1.08416,1.08437,4930
2025-03-10 13:00:00,1.0844,1.08505,1.08328,1.08347,4669
2025-03-10 14:00:00,1.08346,1.08464,1.08311,1.08445,5246
2025-03-10 15:00:00,1.08447,1.08477,1.0820400000000001,1.08364,4672
2025-03-10 16:00:00,1.08363,1.08414,1.08277,1.08301,3702
2025-03-10 17:00:00,1.08299,1.08454,1.08254,1.08295,3167
2025-03-10 18:00:00,1.08293,1.08349,1.08175,1.08291,3759
2025-03-10 19:00:00,1.08289,1.08325,1.08172,1.08311,2558
2025-03-10 20:00:00,1.08313,1.08361,1.08255,1.08315,1448
2025-03-10 21:00:00,1.08317,1.08341,1.08268,1.08341,596
2025-03-10 22:00:00,1.08343,1.08393,1.08313,1.08347,624
2025-03-10 23:00:00,1.08349,1.0843099999999999,1.08349,1.08389,1227
2025-03-11 00:00:00,1.0839,1.0853,1.08388,1.0851,2282
2025-03-11 01:00:00,1.0851,1.08584,1.08434,1.08577,2634
2025-03-11 02:00:00,1.08577,1.08601,1.08496,1.08554,2084
2025-03-11 03:00:00,1.08555,1.08593,1.08485,1.0854,2044
2025-03-11 04:00:00,1.08537,1.08613,1.085,1.08538,1462
2025-03-11 05:00:00,1.08538,1.08556,1.08354,1.08381,2007
2025-03-11 06:00:00,1.08383,1.08754,1.08361,1.08563,4841
2025-03-11 07:00:00,1.08561,1.09011,1.08548,1.08903,6424
2025-03-11 08:00:00,1.08906,1.09188,1.08845,1.09168,6272
2025-03-11 09:00:00,1.09165,1.09204,1.08957,1.09082,4580
2025-03-11 10:00:00,1.09081,1.09081,1.08822,1.08904,3884
2025-03-11 11:00:00,1.08902,1.09043,1.08806,1.09043,3598
2025-03-11 12:00:00,1.09042,1.09202,1.09015,1.09176,4373
2025-03-11 13:00:00,1.09175,1.09303,1.09112,1.0919699999999999,4681
2025-03-11 14:00:00,1.09194,1.092,1.08948,1.09189,7865
2025-03-11 15:00:00,1.09188,1.09282,1.09119,1.09268,5056
2025-03-11 16:00:00,1.09268,1.09291,1.09176,1.09249,3372
2025-03-11 17:00:00,1.09249,1.09346,1.09235,1.09334,2994
2025-03-11 18:00:00,1.09337,1.09466,1.09249,1.09302,4631
2025-03-11 19:00:00,1.09304,1.09337,1.09194,1.09196,2648
2025-03-11 20:00:00,1.09198,1.09208,1.09097,1.09185,1313
2025-03-11 21:00:00,1.09182,1.09188,1.09046,1.0909200000000001,911
2025-03-11 22:00:00,1.09113,1.09171,1.09105,1.09152,539
2025-03-11 23:00:00,1.09152,1.09174,1.09127,1.09138,757
2025-03-12 00:00:00,1.0913599999999999,1.09152,1.09053,1.09086,1455
2025-03-12 01:00:00,1.09086,1.09149,1.09056,1.09061,1884
2025-03-12 02:00:00,1.09061,1.09113,1.09029,1.09034,1532
2025-03-12 03:00:00,1.09035,1.09047,1.08958,1.0897000000000001,1186
2025-03-12 04:00:00,1.0897000000000001,1.09023,1.08956,1.08986,1216
2025-03-12 05:00:00,1.08986,1.0904,1.08948,1.09032,1698
2025-03-12 06:00:00,1.09032,1.09084,1.08915,1.08919,2188
2025-03-12 07:00:00,1.08918,1.09029,1.08872,1.09011,3969
2025-03-12 08:00:00,1.09011,1.09213,1.08973,1.09208,5925
2025-03-12 09:00:00,1.0921,1.09263,1.0913,1.09139,4573
2025-03-12 10:00:00,1.09138,1.09206,1.09042,1.09058,2898
2025-03-12 11:00:00,1.09061,1.09125,1.0899,1.09007,3164
2025-03-12 12:00:00,1.09007,1.09311,1.08757,1.08778,9743
2025-03-12 13:00:00,1.08781,1.08959,1.08751,1.08817,7436
2025-03-12 14:00:00,1.08815,1.09132,1.08807,1.09121,5173
2025-03-12 15:00:00,1.09123,1.09237,1.09094,1.09237,4602
2025-03-12 16:00:00,1.0924,1.09277,1.09054,1.09055,3763
2025-03-12 17:00:00,1.09054,1.0914,1.0903,1.09067,2660
2025-03-12 18:00:00,1.09065,1.09093,1.08794,1.08843,2646
2025-03-12 19:00:00,1.08844,1.08974,1.08827,1.08901,2207
2025-03-12 20:00:00,1.08899,1.08932,1.08852,1.08864,1056
2025-03-12 21:00:00,1.08857,1.08873,1.0883,1.08866,611
2025-03-12 22:00:00,1.08862,1.08894,1.0886,1.0889,366
2025-03-12 23:00:00,1.0889,1.08897,1.08832,1.08853,659
2025-03-13 00:00:00,1.08853,1.08914,1.08821,1.08914,1076
2025-03-13 01:00:00,1.0890900000000001,1.08929,1.08859,1.08889,1578
2025-03-13 02:00:00,1.08888,1.08967,1.08883,1.08951,1319
2025-03-13 03:00:00,1.08951,1.08951,1.08845,1.08846,1162
2025-03-13 04:00:00,1.08844,1.0893,1.08814,1.08929,1086
2025-03-13 05:00:00,1.08929,1.08929,1.0879,1.0884800000000001,1658
2025-03-13 06:00:00,1.0885,1.08852,1.08691,1.08744,2508
2025-03-13 07:00:00,1.08745,1.08849,1.08593,1.08648,3924
2025-03-13 08:00:00,1.0865,1.08835,1.08589,1.08731,5706
2025-03-13 09:00:00,1.08729,1.0885,1.08685,1.08788,3244
2025-03-13 10:00:00,1.0879,1.08824,1.08618,1.08697,3288
2025-03-13 11:00:00,1.08698,1.0875,1.0844,1.08557,5550
2025-03-13 12:00:00,1.08555,1.08778,1.08257,1.08346,7951
2025-03-13 13:00:00,1.08345,1.08528,1.08222,1.08468,5154
2025-03-13 14:00:00,1.08466,1.08694,1.08456,1.08646,5365
2025-03-13 15:00:00,1.08648,1.08713,1.08539,1.0858,6035
2025-03-13 16:00:00,1.08579,1.0878,1.08547,1.08721,4002
2025-03-13 17:00:00,1.08722,1.08731,1.0854,1.0854,3389
2025-03-13 18:00:00,1.08542,1.08576,1.08515,1.08531,2566
2025-03-13 19:00:00,1.08532,1.08567,1.08473,1.0848,2209
2025-03-13 20:00:00,1.08481,1.0855299999999999,1.08462,1.08506,1140
2025-03-13 21:00:00,1.08507,1.08528,1.08448,1.08528,806
2025-03-13 22:00:00,1.08529,1.08548,1.08491,1.08523,486
2025-03-13 23:00:00,1.08522,1.08548,1.085,1.08546,704
2025-03-14 00:00:00,1.08546,1.08582,1.0848,1.08488,1538
2025-03-14 01:00:00,1.08489,1.08491,1.08402,1.08406,1776
2025-03-14 02:00:00,1.08406,1.08429,1.0834,1.08397,1327
2025-03-14 03:00:00,1.08397,1.08454,1.08372,1.08452,1375
2025-03-14 04:00:00,1.08451,1.08458,1.08374,1.08405,1070
2025-03-14 05:00:00,1.08404,1.08509,1.08403,1.08501,1400
2025-03-14 06:00:00,1.08499,1.08499,1.08347,1.08382,2005
2025-03-14 07:00:00,1.08379,1.08468,1.08302,1.08386,3853
2025-03-14 08:00:00,1.08386,1.08563,1.08349,1.08537,3586
2025-03-14 09:00:00,1.08538,1.08617,1.08466,1.08519,3310
2025-03-14 10:00:00,1.08516,1.09124,1.08511,1.08949,8120
2025-03-14 11:00:00,1.08946,1.0909,1.08874,1.08963,7095
2025-03-14 12:00:00,1.08964,1.09111,1.08897,1.08944,4716
2025-03-14 13:00:00,1.08946,1.08977,1.08698,1.08741,5166
2025-03-14 14:00:00,1.08743,1.08861,1.08654,1.08772,5249
2025-03-14 15:00:00,1.08774,1.08863,1.08664,1.08713,4834
2025-03-14 16:00:00,1.08713,1.08895,1.087,1.08829,3195
2025-03-14 17:00:00,1.08827,1.08875,1.08788,1.08818,2140
2025-03-14 18:00:00,1.08818,1.08859,1.08731,1.08796,2020
2025-03-14 19:00:00,1.08794,1.08841,1.0878,1.08825,1323
2025-03-14 20:00:00,1.08824,1.08853,1.0877,1.08784,997
2025-03-16 21:00:00,1.08792,1.08804,1.08765,1.08795,299
2025-03-16 22:00:00,1.08801,1.0884,1.08735,1.08803,1036
2025-03-16 23:00:00,1.08808,1.0884800000000001,1.0879,1.08794,908
2025-03-17 00:00:00,1.08794,1.08824,1.08753,1.08791,1287
2025-03-17 01:00:00,1.08792,1.08898,1.08739,1.08827,1781
2025-03-17 02:00:00,1.08824,1.08855,1.08791,1.0881,1207
2025-03-17 03:00:00,1.08807,1.0886,1.08764,1.0883099999999999,1183
2025-03-17 04:00:00,1.08833,1.08934,1.08772,1.08816,1716
2025-03-17 05:00:00,1.08816,1.08819,1.08734,1.08774,1366
2025-03-17 06:00:00,1.08774,1.08839,1.08729,1.08772,1718
2025-03-17 07:00:00,1.08773,1.08839,1.08681,1.0876,3369
2025-03-17 08:00:00,1.0876,1.08866,1.08702,1.08833,4005
2025-03-17 09:00:00,1.08836,1.08999,1.08766,1.08992,3175
2025-03-17 10:00:00,1.08994,1.09095,1.08958,1.09074,2564
2025-03-17 11:00:00,1.0907499999999999,1.09114,1.08959,1.09016,2416
2025-03-17 12:00:00,1.09017,1.09089,1.0887,1.09012,4742
2025-03-17 13:00:00,1.09012,1.0906,1.08967,1.09042,3812
2025-03-17 14:00:00,1.09045,1.09183,1.09017,1.09157,3489
2025-03-17 15:00:00,1.09155,1.09293,1.0915300000000001,1.09209,3023
2025-03-17 16:00:00,1.09211,1.09257,1.09141,1.09209,2351
2025-03-17 17:00:00,1.0921,1.09236,1.09112,1.09137,1994
2025-03-17 18:00:00,1.09135,1.09261,1.09123,1.09246,1929
2025-03-17 19:00:00,1.09249,1.09252,1.09182,1.09201,1271
2025-03-17 20:00:00,1.09203,1.09274,1.09199,1.09204,1064
2025-03-17 21:00:00,1.09205,1.09217,1.09155,1.09217,624
2025-03-17 22:00:00,1.09217,1.09221,1.09185,1.09209,447
2025-03-17 23:00:00,1.09206,1.09215,1.09179,1.09179,618
2025-03-18 00:00:00,1.09179,1.09208,1.09146,1.09158,1072
2025-03-18 01:00:00,1.09156,1.09189,1.0912,1.09131,1151
2025-03-18 02:00:00,1.0913,1.09159,1.0907499999999999,1.09082,1100
2025-03-18 03:00:00,1.09082,1.09109,1.0906,1.09079,918
2025-03-18 04:00:00,1.0908,1.09113,1.0907499999999999,1.09107,753
2025-03-18 05:00:00,1.09107,1.0913,1.09068,1.09076,911
2025-03-18 06:00:00,1.09076,1.09209,1.09032,1.09203,1765
2025-03-18 07:00:00,1.092,1.09362,1.09158,1.09346,2667
2025-03-18 08:00:00,1.09344,1.09544,1.09323,1.09509,3550
2025-03-18 09:00:00,1.09511,1.09528,1.09393,1.09497,2753
2025-03-18 10:00:00,1.09496,1.09516,1.09315,1.09338,3328
2025-03-18 11:00:00,1.0934,1.09369,1.09138,1.09161,2987
2025-03-18 12:00:00,1.09161,1.09236,1.08923,1.09112,3649
2025-03-18 13:00:00,1.09113,1.09203,1.09011,1.09122,4052
2025-03-18 14:00:00,1.09123,1.09193,1.09065,1.09163,4197
2025-03-18 15:00:00,1.09165,1.09337,1.08962,1.09263,5624
2025-03-18 16:00:00,1.09262,1.09394,1.0923,1.0937999999999999,3399
2025-03-18 17:00:00,1.0937999999999999,1.09513,1.0937999999999999,1.09493,3487
2025-03-18 18:00:00,1.09495,1.0951,1.09401,1.09439,2033
2025-03-18 19:00:00,1.09436,1.0949200000000001,1.09412,1.09458,1830
2025-03-18 20:00:00,1.09457,1.09484,1.09424,1.09428,860
2025-03-18 21:00:00,1.09426,1.09447,1.09391,1.09445,785
2025-03-18 22:00:00,1.09446,1.09455,1.09398,1.0941,495
2025-03-18 23:00:00,1.09418,1.09434,1.09375,1.09383,625
2025-03-19 00:00:00,1.09383,1.09385,1.09316,1.09343,1278
2025-03-19 01:00:00,1.09344,1.09368,1.09331,1.09366,1014
2025-03-19 02:00:00,1.09367,1.09447,1.0935,1.09405,1053
2025-03-19 03:00:00,1.09405,1.09435,1.09326,1.09379,952
2025-03-19 04:00:00,1.09377,1.09377,1.09279,1.09297,921
2025-03-19 05:00:00,1.09297,1.0936,1.09295,1.09311,1080
2025-03-19 06:00:00,1.09311,1.09323,1.09203,1.09206,1733
2025-03-19 07:00:00,1.09206,1.09229,1.08728,1.08923,6132
2025-03-19 08:00:00,1.08924,1.09101,1.08916,1.09069,4251
2025-03-19 09:00:00,1.09068,1.09098,1.08951,1.09022,3121
2025-03-19 10:00:00,1.09024,1.09038,1.0891,1.08993,2611
2025-03-19 11:00:00,1.08993,1.09129,1.08935,1.09078,2982
2025-03-19 12:00:00,1.0908,1.09172,1.08988,1.09009,3726
2025-03-19 13:00:00,1.09011,1.09035,1.08924,1.08942,3562
2025-03-19 14:00:00,1.0894,1.09003,1.08815,1.08838,3111
2025-03-19 15:00:00,1.08837,1.08876,1.08751,1.08766,2968
2025-03-19 16:00:00,1.08767,1.08859,1.08756,1.0884800000000001,2396
2025-03-19 17:00:00,1.08849,1.08849,1.08602,1.087,3062
2025-03-19 18:00:00,1.08697,1.09129,1.08647,1.09069,8470
2025-03-19 19:00:00,1.09067,1.09125,1.0884800000000001,1.08984,4780
2025-03-19 20:00:00,1.08982,1.09057,1.08954,1.09001,1113
2025-03-19 21:00:00,1.09005,1.09049,1.08993,1.09047,633
2025-03-19 22:00:00,1.09048,1.09113,1.09026,1.09081,673
2025-03-19 23:00:00,1.09079,1.09115,1.09049,1.09115,726
2025-03-20 00:00:00,1.09115,1.09162,1.09035,1.09119,1892
2025-03-20 01:00:00,1.09119,1.09128,1.09029,1.09053,1869
2025-03-20 02:00:00,1.09053,1.09168,1.09051,1.0909,1834
2025-03-20 03:00:00,1.09089,1.09137,1.09064,1.09094,1229
2025-03-20 04:00:00,1.09094,1.09102,1.09,1.0903,1075
2025-03-20 05:00:00,1.0903,1.0903,1.08903,1.0895299999999999,1221
2025-03-20 06:00:00,1.08951,1.08985,1.08895,1.0893,1821
2025-03-20 07:00:00,1.08927,1.0894,1.08644,1.0878700000000001,3258
2025-03-20 08:00:00,1.08789,1.08852,1.08625,1.08652,3898
2025-03-20 09:00:00,1.08651,1.08682,1.0838,1.08516,4865
2025-03-20 10:00:00,1.08518,1.0854300000000001,1.0833,1.08452,4420
2025-03-20 11:00:00,1.08454,1.08513,1.0839,1.0849,3072
2025-03-20 12:00:00,1.08491,1.08554,1.08304,1.08333,4130
2025-03-20 13:00:00,1.08333,1.0838700000000001,1.08144,1.08252,4756
2025-03-20 14:00:00,1.08247,1.08381,1.08223,1.0829,3942
2025-03-20 15:00:00,1.08292,1.08489,1.0823,1.08467,3618
2025-03-20 16:00:00,1.08465,1.08518,1.08419,1.08483,2955
2025-03-20 17:00:00,1.08485,1.08513,1.08388,1.08442,2016
2025-03-20 18:00:00,1.08439,1.0849199999999999,1.08413,1.08478,1720
2025-03-20 19:00:00,1.08478,1.08538,1.08468,1.08526,1391
2025-03-20 20:00:00,1.08528,1.08586,1.0851,1.08522,824
2025-03-20 21:00:00,1.08525,1.08544,1.08486,1.08544,652
2025-03-20 22:00:00,1.08546,1.0858,1.08512,1.08568,682
2025-03-20 23:00:00,1.08567,1.08573,1.08527,1.08529,604
2025-03-21 00:00:00,1.08532,1.08583,1.08506,1.08526,1206
2025-03-21 01:00:00,1.08526,1.08552,1.0848,1.08518,1582
2025-03-21 02:00:00,1.08518,1.08547,1.08419,1.08438,1535
2025-03-21 03:00:00,1.08437,1.0846,1.08331,1.08344,1204
2025-03-21 04:00:00,1.08343,1.08363,1.08272,1.083,1120
2025-03-21 05:00:00,1.083,1.083,1.08196,1.08279,1642
2025-03-21 06:00:00,1.08281,1.08369,1.08238,1.08339,2008
2025-03-21 07:00:00,1.08337,1.08415,1.0826500000000001,1.08386,3014
2025-03-21 08:00:00,1.08383,1.08451,1.08236,1.08355,3403
2025-03-21 09:00:00,1.08353,1.08386,1.08245,1.08255,2352
2025-03-21 10:00:00,1.08257,1.08383,1.08256,1.08364,2367
2025-03-21 11:00:00,1.08364,1.08507,1.08346,1.08503,2722
2025-03-21 12:00:00,1.08504,1.0861,1.08294,1.08319,3987
2025-03-21 13:00:00,1.08317,1.08357,1.0824799999999999,1.08319,3780
2025-03-21 14:00:00,1.0832,1.08352,1.08183,1.08234,3608
2025-03-21 15:00:00,1.08236,1.08291,1.07965,1.08059,4204
2025-03-21 16:00:00,1.08058,1.08245,1.08042,1.08179,4240
2025-03-21 17:00:00,1.08177,1.08251,1.08049,1.08222,2585
2025-03-21 18:00:00,1.08223,1.08264,1.0814300000000001,1.08208,1881
2025-03-21 19:00:00,1.08207,1.0824,1.08152,1.08175,1557
2025-03-21 20:00:00,1.08173,1.08173,1.08115,1.08146,977
2025-03-23 21:00:00,1.08133,1.08164,1.08119,1.08159,323
2025-03-23 22:00:00,1.08168,1.08261,1.08148,1.08194,1037
2025-03-23 23:00:00,1.08195,1.08366,1.08185,1.08355,1172
2025-03-24 00:00:00,1.08355,1.08395,1.08322,1.08367,1600
2025-03-24 01:00:00,1.08367,1.08373,1.08226,1.08258,2014
2025-03-24 02:00:00,1.08257,1.08317,1.08242,1.08247,1453
2025-03-24 03:00:00,1.08247,1.08291,1.08197,1.08198,1182
2025-03-24 04:00:00,1.08199,1.08241,1.08165,1.08226,1151
2025-03-24 05:00:00,1.08226,1.08303,1.08179,1.08287,1481
2025-03-24 06:00:00,1.08287,1.08445,1.08276,1.08393,2024
2025-03-24 07:00:00,1.0839,1.08494,1.08327,1.08379,3041
2025-03-24 08:00:00,1.08381,1.08578,1.08369,1.08428,4349
2025-03-24 09:00:00,1.0843,1.08448,1.08281,1.08389,3179
2025-03-24 10:00:00,1.08391,1.08545,1.08361,1.08477,2619
2025-03-24 11:00:00,1.08477,1.08493,1.0832,1.08323,2296
2025-03-24 12:00:00,1.08321,1.08344,1.08212,1.08293,3034
2025-03-24 13:00:00,1.08293,1.08304,1.07922,1.0793,4388
2025-03-24 14:00:00,1.07928,1.08198,1.07901,1.07992,4880
2025-03-24 15:00:00,1.07993,1.08049,1.07904,1.07938,3978
2025-03-24 16:00:00,1.07936,1.08069,1.07811,1.07914,3624
2025-03-24 17:00:00,1.07914,1.07962,1.07845,1.07873,2674
2025-03-24 18:00:00,1.07874,1.08127,1.07836,1.08045,3233
2025-03-24 19:00:00,1.08048,1.08069,1.07965,1.0802,1477
2025-03-24 20:00:00,1.08017,1.08057,1.07995,1.08001,925
2025-03-24 21:00:00,1.08,1.08001,1.07927,1.08001,839
2025-03-24 22:00:00,1.08002,1.08019,1.07931,1.08019,547
2025-03-24 23:00:00,1.0802,1.08033,1.08001,1.08022,490
2025-03-25 00:00:00,1.08022,1.08027,1.07957,1.07999,1250
2025-03-25 01:00:00,1.07999,1.08079,1.07994,1.08022,1499
2025-03-25 02:00:00,1.0802,1.08046,1.07937,1.07964,1400
2025-03-25 03:00:00,1.07964,1.08032,1.07954,1.08028,1100
2025-03-25 04:00:00,1.0803,1.08085,1.0802,1.08028,1141
2025-03-25 05:00:00,1.08028,1.08067,1.08006,1.08027,1078
2025-03-25 06:00:00,1.08026,1.08041,1.07925,1.07942,1598
2025-03-25 07:00:00,1.07941,1.08016,1.0784799999999999,1.07871,2647
2025-03-25 08:00:00,1.07872,1.07919,1.07765,1.07902,3411
2025-03-25 09:00:00,1.07902,1.08035,1.0787,1.08002,3048
2025-03-25 10:00:00,1.08,1.08242,1.07995,1.08196,3360
2025-03-25 11:00:00,1.08196,1.08271,1.08106,1.08174,2788
2025-03-25 12:00:00,1.08176,1.083,1.08152,1.08247,2769
2025-03-25 13:00:00,1.08245,1.08274,1.08137,1.08166,3360
2025-03-25 14:00:00,1.08169,1.08215,1.08016,1.08121,4422
2025-03-25 15:00:00,1.08124,1.08194,1.07968,1.0803,3730
2025-03-25 16:00:00,1.08028,1.08128,1.08014,1.08062,2963
2025-03-25 17:00:00,1.08064,1.08165,1.08057,1.0809,2002
2025-03-25 18:00:00,1.0809,1.08091,1.07966,1.07982,1751
2025-03-25 19:00:00,1.07984,1.08015,1.07906,1.07952,2042
2025-03-25 20:00:00,1.0795,1.07954,1.07896,1.0791,904
2025-03-25 21:00:00,1.07908,1.07926,1.07887,1.07922,481
2025-03-25 22:00:00,1.07922,1.07928,1.07875,1.07886,490
2025-03-25 23:00:00,1.07885,1.07887,1.07851,1.07885,541
2025-03-26 00:00:00,1.07886,1.07919,1.07832,1.07842,1449
2025-03-26 01:00:00,1.0784,1.07949,1.07776,1.07932,1842
2025-03-26 02:00:00,1.07933,1.07967,1.07897,1.0795,1077
2025-03-26 03:00:00,1.0795,1.0796000000000001,1.07835,1.07857,1157
2025-03-26 04:00:00,1.07857,1.07875,1.07808,1.07839,954
2025-03-26 05:00:00,1.07839,1.07868,1.07773,1.0785,1344
2025-03-26 06:00:00,1.07849,1.0788,1.07816,1.07868,1563
2025-03-26 07:00:00,1.07866,1.07911,1.0781,1.07857,3229
2025-03-26 08:00:00,1.07859,1.07993,1.0785,1.07987,3677
2025-03-26 09:00:00,1.07985,1.08022,1.07926,1.07955,2573
2025-03-26 10:00:00,1.07955,1.08012,1.07863,1.07914,2275
2025-03-26 11:00:00,1.07915,1.07974,1.07884,1.07917,2207
2025-03-26 12:00:00,1.07917,1.07933,1.07814,1.07839,3697
2025-03-26 13:00:00,1.0784,1.07902,1.07672,1.07742,4151
2025-03-26 14:00:00,1.0774,1.0795,1.07725,1.07902,4576
2025-03-26 15:00:00,1.07903,1.07941,1.07673,1.07805,3676
2025-03-26 16:00:00,1.07807,1.07914,1.07766,1.07874,3241
2025-03-26 17:00:00,1.07873,1.07891,1.07516,1.07565,4922
2025-03-26 18:00:00,1.07563,1.07612,1.07526,1.07551,2269
2025-03-26 19:00:00,1.0755,1.07556,1.07437,1.07507,1776
2025-03-26 20:00:00,1.0751,1.07563,1.0749900000000001,1.07513,1032
2025-03-26 21:00:00,1.07511,1.07515,1.07344,1.07373,1161
2025-03-26 22:00:00,1.07376,1.07433,1.07319,1.07365,1350
2025-03-26 23:00:00,1.07369,1.07441,1.0735,1.07409,1269
2025-03-27 00:00:00,1.07412,1.07572,1.07403,1.07549,1702
2025-03-27 01:00:00,1.07551,1.07685,1.07546,1.07647,1804
2025-03-27 02:00:00,1.07646,1.07795,1.07646,1.07754,1538
2025-03-27 03:00:00,1.07754,1.07795,1.0772599999999999,1.0777700000000001,1030
2025-03-27 04:00:00,1.0777700000000001,1.07866,1.07766,1.07799,1156
2025-03-27 05:00:00,1.07801,1.0781,1.07634,1.0769,1552
2025-03-27 06:00:00,1.07687,1.07821,1.07678,1.0772599999999999,2235
2025-03-27 07:00:00,1.07723,1.0774,1.0754,1.07642,4060
2025-03-27 08:00:00,1.07644,1.07763,1.07554,1.07752,4912
2025-03-27 09:00:00,1.07753,1.07788,1.07608,1.07704,3213
2025-03-27 10:00:00,1.07706,1.07815,1.07661,1.07814,2894
2025-03-27 11:00:00,1.07812,1.07993,1.07781,1.07866,3289
2025-03-27 12:00:00,1.07868,1.07979,1.07827,1.07868,3271
2025-03-27 13:00:00,1.0787,1.0796999999999999,1.07761,1.07798,4500
2025-03-27 14:00:00,1.078,1.07944,1.07769,1.07888,3884
2025-03-27 15:00:00,1.07887,1.08208,1.07851,1.07995,5112
2025-03-27 16:00:00,1.07994,1.07996,1.07913,1.07986,3509
2025-03-27 17:00:00,1.07988,1.0808200000000001,1.07892,1.07894,2544
2025-03-27 18:00:00,1.07893,1.07979,1.07885,1.07906,1820
2025-03-27 19:00:00,1.07905,1.07992,1.07879,1.07947,1455
2025-03-27 20:00:00,1.07945,1.08019,1.07934,1.08001,706
2025-03-27 21:00:00,1.08009,1.0801,1.07908,1.07974,709
2025-03-27 22:00:00,1.07974,1.07979,1.07929,1.07961,343
2025-03-27 23:00:00,1.07959,1.08009,1.07957,1.08006,603
2025-03-28 00:00:00,1.08005,1.08005,1.07881,1.07944,1334
2025-03-28 01:00:00,1.07944,1.07983,1.07911,1.07929,1503
2025-03-28 02:00:00,1.07932,1.07965,1.07898,1.07943,1260
2025-03-28 03:00:00,1.07942,1.07967,1.07906,1.07915,997
2025-03-28 04:00:00,1.07915,1.07928,1.07839,1.07882,1111
2025-03-28 05:00:00,1.07882,1.07928,1.07859,1.07906,1091
2025-03-28 06:00:00,1.07903,1.07919,1.07823,1.07847,1366
2025-03-28 07:00:00,1.07849,1.07995,1.07811,1.07869,2962
2025-03-28 08:00:00,1.07866,1.07961,1.07748,1.07778,3448
2025-03-28 09:00:00,1.0778,1.07802,1.07686,1.07733,2932
2025-03-28 10:00:00,1.07733,1.07783,1.07671,1.07684,2338
2025-03-28 11:00:00,1.07684,1.07745,1.07639,1.07713,2195
2025-03-28 12:00:00,1.07713,1.07915,1.0765,1.07887,3649
2025-03-28 13:00:00,1.07884,1.08165,1.07842,1.08103,6232
2025-03-28 14:00:00,1.08105,1.0831,1.0809,1.08225,4886
2025-03-28 15:00:00,1.08224,1.08442,1.08189,1.08249,4389
2025-03-28 16:00:00,1.08246,1.08327,1.08197,1.08214,3029
2025-03-28 17:00:00,1.08215,1.08283,1.08117,1.08193,2599
2025-03-28 18:00:00,1.08193,1.08276,1.08134,1.08243,2264
2025-03-28 19:00:00,1.08243,1.08281,1.08228,1.08251,1831
2025-03-28 20:00:00,1.0825,1.08357,1.0824799999999999,1.08301,1148
2025-03-30 21:00:00,1.08267,1.08274,1.0814300000000001,1.08157,556
2025-03-30 22:00:00,1.08162,1.08212,1.08035,1.08205,1370
2025-03-30 23:00:00,1.08205,1.08289,1.08092,1.08233,1975
2025-03-31 00:00:00,1.08233,1.0841,1.08227,1.0841,2260
2025-03-31 01:00:00,1.08412,1.08452,1.08307,1.08322,2077
2025-03-31 02:00:00,1.08322,1.08456,1.08286,1.084,1712
2025-03-31 03:00:00,1.084,1.08413,1.08322,1.08328,1244
2025-03-31 04:00:00,1.08328,1.08357,1.08308,1.08338,1167
2025-03-31 05:00:00,1.08338,1.08426,1.0831,1.08342,1670
2025-03-31 06:00:00,1.08341,1.08448,1.08245,1.0836999999999999,3956
2025-03-31 07:00:00,1.08369,1.0849,1.0820400000000001,1.08311,5114
2025-03-31 08:00:00,1.0831,1.08338,1.08114,1.08269,4053
2025-03-31 09:00:00,1.08269,1.08299,1.0814300000000001,1.08159,2773
2025-03-31 10:00:00,1.08158,1.08206,1.08051,1.08182,2829
2025-03-31 11:00:00,1.0818,1.08289,1.08149,1.08195,2964
2025-03-31 12:00:00,1.08195,1.08208,1.08008,1.08036,3007
2025-03-31 13:00:00,1.08034,1.0821,1.08023,1.08077,3887
2025-03-31 14:00:00,1.08075,1.08084,1.07836,1.08015,5617
2025-03-31 15:00:00,1.08014,1.08163,1.07902,1.0794,6796
2025-03-31 16:00:00,1.07942,1.08157,1.0784799999999999,1.08113,3491
2025-03-31 17:00:00,1.08113,1.08172,1.08075,1.0814,2231
2025-03-31 18:00:00,1.08141,1.08176,1.08067,1.08146,2023
2025-03-31 19:00:00,1.08146,1.08193,1.08113,1.08137,1749
2025-03-31 20:00:00,1.08139,1.08184,1.08093,1.08134,905
2025-03-31 21:00:00,1.08137,1.08186,1.08101,1.08178,725
2025-03-31 22:00:00,1.08191,1.08199,1.08156,1.08179,568
2025-03-31 23:00:00,1.08179,1.08193,1.08138,1.08172,764
2025-04-01 00:00:00,1.08172,1.08262,1.0817,1.08249,1386
2025-04-01 01:00:00,1.08249,1.0826500000000001,1.08167,1.08201,1648
2025-04-01 02:00:00,1.08199,1.08278,1.08194,1.0824,1485
2025-04-01 03:00:00,1.08239,1.08276,1.08209,1.08264,1315
2025-04-01 04:00:00,1.08262,1.08295,1.08244,1.08246,1088
2025-04-01 05:00:00,1.08246,1.0825,1.08061,1.08068,1746
2025-04-01 06:00:00,1.0807,1.08101,1.07984,1.0808,3081
2025-04-01 07:00:00,1.08078,1.08121,1.07989,1.08013,3811
2025-04-01 08:00:00,1.08013,1.08175,1.07999,1.08172,2576
2025-04-01 09:00:00,1.0817,1.08288,1.08145,1.0817,2845
2025-04-01 10:00:00,1.08172,1.08183,1.07898,1.07979,4736
2025-04-01 11:00:00,1.07976,1.07982,1.0778,1.07808,3999
2025-04-01 12:00:00,1.07811,1.07947,1.07808,1.07869,3206
2025-04-01 13:00:00,1.07869,1.0795,1.0779,1.07871,3648
2025-04-01 14:00:00,1.07874,1.0812,1.0783800000000001,1.08072,5889
2025-04-01 15:00:00,1.08073,1.08119,1.07979,1.07991,4090
2025-04-01 16:00:00,1.07991,1.08026,1.07923,1.07992,2964
2025-04-01 17:00:00,1.07993,1.08042,1.07907,1.07927,1873
2025-04-01 18:00:00,1.07927,1.07946,1.0785,1.07869,1901
2025-04-01 19:00:00,1.0787,1.07905,1.0785,1.07892,1423
2025-04-01 20:00:00,1.0789,1.08017,1.07882,1.079,1269
2025-04-01 21:00:00,1.07897,1.07939,1.07858,1.07939,722
2025-04-01 22:00:00,1.07938,1.08077,1.07914,1.07989,1200
2025-04-01 23:00:00,1.07989,1.07995,1.0794,1.07941,789
2025-04-02 00:00:00,1.07941,1.07949,1.07887,1.07901,1603
2025-04-02 01:00:00,1.07903,1.07945,1.07867,1.07944,1481
2025-04-02 02:00:00,1.07946,1.08013,1.07937,1.07939,1258
2025-04-02 03:00:00,1.07939,1.07995,1.07932,1.07954,921
2025-04-02 04:00:00,1.07954,1.07972,1.07921,1.07923,816
2025-04-02 05:00:00,1.07923,1.07924,1.07856,1.07893,1304
2025-04-02 06:00:00,1.07894,1.0796000000000001,1.0787,1.07922,2399
2025-04-02 07:00:00,1.0792,1.07942,1.07796,1.07912,3001
2025-04-02 08:00:00,1.0791,1.08015,1.0789900000000001,1.07973,2509
2025-04-02 09:00:00,1.07974,1.08079,1.07954,1.08055,2395
2025-04-02 10:00:00,1.08055,1.08064,1.07856,1.07944,3073
2025-04-02 11:00:00,1.07944,1.08058,1.07908,1.0802,2635
2025-04-02 12:00:00,1.08019,1.08191,1.0796000000000001,1.0818699999999999,3579
2025-04-02 13:00:00,1.08185,1.08288,1.08142,1.08258,3879
2025-04-02 14:00:00,1.08261,1.0861399999999999,1.08185,1.08577,5584
2025-04-02 15:00:00,1.08579,1.08728,1.08506,1.0867,4736
2025-04-02 16:00:00,1.08673,1.08673,1.08466,1.08518,3091
2025-04-02 17:00:00,1.08519,1.08592,1.08495,1.08515,2333
2025-04-02 18:00:00,1.08514,1.08589,1.08476,1.08538,2204
2025-04-02 19:00:00,1.08536,1.08559,1.08466,1.08497,1932
2025-04-02 20:00:00,1.08494,1.09243,1.08103,1.0848200000000001,25268
2025-04-02 21:00:00,1.08479,1.08494,1.0823,1.0826500000000001,296
2025-04-02 22:00:00,1.08249,1.08389,1.0803,1.08382,4254
2025-04-02 23:00:00,1.08383,1.0911,1.08372,1.09037,8260
2025-04-03 00:00:00,1.09036,1.09067,1.08794,1.08904,6658
2025-04-03 01:00:00,1.08905,1.09228,1.08865,1.09128,4889
2025-04-03 02:00:00,1.09127,1.09243,1.09088,1.09119,3603
2025-04-03 03:00:00,1.09119,1.09207,1.09072,1.09143,2935
2025-04-03 04:00:00,1.09144,1.09163,1.09054,1.09063,2455
2025-04-03 05:00:00,1.09062,1.09516,1.09061,1.0944099999999999,4326
2025-04-03 06:00:00,1.09442,1.09898,1.09345,1.09889,10181
2025-04-03 07:00:00,1.09892,1.09899,1.09426,1.09701,9429
2025-04-03 08:00:00,1.09702,1.1020699999999999,1.09702,1.1009,7143
2025-04-03 09:00:00,1.10092,1.1047,1.10034,1.10301,8714
2025-04-03 10:00:00,1.10302,1.11466,1.10275,1.10525,22082
2025-04-03 11:00:00,1.10526,1.11008,1.10386,1.10872,10026
2025-04-03 12:00:00,1.10874,1.11089,1.10725,1.10811,11142
2025-04-03 13:00:00,1.10814,1.1135,1.10698,1.10827,14006
2025-04-03 14:00:00,1.1082,1.11272,1.10794,1.11177,10911
2025-04-03 15:00:00,1.1118,1.11186,1.10407,1.1050200000000001,9661
2025-04-03 16:00:00,1.10503,1.10556,1.10325,1.10382,6472
2025-04-03 17:00:00,1.1038000000000001,1.10392,1.10177,1.1024,4686
2025-04-03 18:00:00,1.1024,1.10403,1.10189,1.10371,3734
2025-04-03 19:00:00,1.10371,1.10371,1.10156,1.1027,3015
2025-04-03 20:00:00,1.10267,1.10525,1.10217,1.10492,1764
2025-04-03 21:00:00,1.10495,1.10507,1.10447,1.10507,716
2025-04-03 22:00:00,1.10507,1.10711,1.10489,1.10638,2133
2025-04-03 23:00:00,1.10638,1.10645,1.10417,1.10449,3042
2025-04-04 00:00:00,1.10449,1.10639,1.10361,1.10601,3910
2025-04-04 01:00:00,1.10601,1.10728,1.10569,1.10671,3676
2025-04-04 02:00:00,1.10673,1.10791,1.10604,1.10629,3506
2025-04-04 03:00:00,1.10629,1.10982,1.10569,1.10933,3958
2025-04-04 04:00:00,1.10931,1.1098,1.10817,1.10871,3678
2025-04-04 05:00:00,1.10869,1.11074,1.1078000000000001,1.10838,3956
2025-04-04 06:00:00,1.1084,1.10859,1.10496,1.1050200000000001,5517
2025-04-04 07:00:00,1.105,1.10666,1.09993,1.10041,8651
2025-04-04 08:00:00,1.10038,1.10093,1.0975,1.0996,11045
2025-04-04 09:00:00,1.09962,1.09974,1.09711,1.0984,7816
2025-04-04 10:00:00,1.09838,1.10496,1.0964,1.10301,15628
2025-04-04 11:00:00,1.10298,1.10797,1.10216,1.10597,16726
2025-04-04 12:00:00,1.10595,1.10893,1.10073,1.10194,21638
2025-04-04 13:00:00,1.10193,1.10476,1.10046,1.10056,17252
2025-04-04 14:00:00,1.10054,1.10144,1.0959699999999999,1.09859,16734
2025-04-04 15:00:00,1.0986,1.10166,1.09668,1.10131,18428
2025-04-04 16:00:00,1.10131,1.10193,1.09613,1.09709,9914
2025-04-04 17:00:00,1.09711,1.09767,1.09239,1.09469,11184
2025-04-04 18:00:00,1.09467,1.09667,1.0939,1.09442,6724
2025-04-04 19:00:00,1.09439,1.09641,1.09271,1.09432,5717
2025-04-04 20:00:00,1.09433,1.09662,1.09323,1.09632,3502
2025-04-06 21:00:00,1.08912,1.09178,1.0873599999999999,1.09149,1287
2025-04-06 22:00:00,1.09161,1.09942,1.0916,1.09821,7818
2025-04-06 23:00:00,1.09823,1.10012,1.09805,1.0983,8551
2025-04-07 00:00:00,1.09832,1.09835,1.0945,1.09665,8861
2025-04-07 01:00:00,1.09666,1.09798,1.09539,1.09677,7511
2025-04-07 02:00:00,1.09676,1.09676,1.09194,1.09349,5594
2025-04-07 03:00:00,1.09349,1.09542,1.09295,1.095,3125
2025-04-07 04:00:00,1.09499,1.09873,1.09475,1.09845,3432
2025-04-07 05:00:00,1.09848,1.10205,1.09773,1.1018,6527
2025-04-07 06:00:00,1.10177,1.1023,1.09934,1.10026,10737
2025-04-07 07:00:00,1.10028,1.10498,1.09974,1.10007,14005
2025-04-07 08:00:00,1.10009,1.10213,1.09674,1.09913,11594
2025-04-07 09:00:00,1.09916,1.09961,1.09495,1.09623,10708
2025-04-07 10:00:00,1.09624,1.09906,1.09574,1.09584,9698
2025-04-07 11:00:00,1.09584,1.09691,1.09347,1.09691,10219
2025-04-07 12:00:00,1.09692,1.09909,1.09388,1.09734,11859
2025-04-07 13:00:00,1.09735,1.09768,1.0937000000000001,1.09412,11303
2025-04-07 14:00:00,1.09414,1.09824,1.09161,1.09216,28887
2025-04-07 15:00:00,1.09214,1.09359,1.09006,1.09111,18167
2025-04-07 16:00:00,1.0911,1.09322,1.09038,1.09316,8370
2025-04-07 17:00:00,1.09318,1.09499,1.09289,1.09386,7002
2025-04-07 18:00:00,1.09388,1.09527,1.09233,1.09329,5633
2025-04-07 19:00:00,1.09331,1.0948,1.09134,1.09159,6020
2025-04-07 20:00:00,1.09161,1.09194,1.09015,1.09049,3083
2025-04-07 21:00:00,1.09043,1.09121,1.0899,1.09121,619
2025-04-07 22:00:00,1.09126,1.09202,1.09079,1.09167,1700
2025-04-07 23:00:00,1.09164,1.09185,1.0907499999999999,1.09144,2492
2025-04-08 00:00:00,1.09146,1.09499,1.09142,1.09396,4553
2025-04-08 01:00:00,1.09395,1.09612,1.09378,1.09591,5466
2025-04-08 02:00:00,1.09591,1.09798,1.09591,1.09709,3445
2025-04-08 03:00:00,1.09711,1.09715,1.09605,1.0963,2445
2025-04-08 04:00:00,1.09628,1.09791,1.09615,1.09757,2670
2025-04-08 05:00:00,1.09758,1.09758,1.09537,1.09678,3354
2025-04-08 06:00:00,1.09676,1.09916,1.09609,1.09764,6888
2025-04-08 07:00:00,1.09765,1.09802,1.09209,1.09232,9642
2025-04-08 08:00:00,1.09231,1.09485,1.09225,1.09364,6928
2025-04-08 09:00:00,1.09362,1.09371,1.09109,1.09195,7246
2025-04-08 10:00:00,1.09193,1.09391,1.09132,1.09272,6091
2025-04-08 11:00:00,1.09269,1.09443,1.09245,1.0934,6901
2025-04-08 12:00:00,1.09341,1.09681,1.09337,1.09481,6748
2025-04-08 13:00:00,1.09478,1.09554,1.09266,1.09356,9768
2025-04-08 14:00:00,1.09352,1.09358,1.0888,1.09099,10599
2025-04-08 15:00:00,1.09096,1.09191,1.08955,1.09111,7188
2025-04-08 16:00:00,1.09114,1.0932,1.08982,1.09292,6332
2025-04-08 17:00:00,1.0929,1.09483,1.09259,1.09334,7056
2025-04-08 18:00:00,1.09335,1.09691,1.09293,1.09518,6155
2025-04-08 19:00:00,1.09517,1.09775,1.09504,1.09539,5307
2025-04-08 20:00:00,1.09536,1.09624,1.09386,1.09564,2539
2025-04-08 21:00:00,1.09567,1.0957,1.09461,1.09568,594
2025-04-08 22:00:00,1.09581,1.09774,1.09569,1.09679,2346
2025-04-08 23:00:00,1.09679,1.09847,1.09659,1.09771,3850
2025-04-09 00:00:00,1.09774,1.10162,1.09709,1.10143,6773
2025-04-09 01:00:00,1.1014599999999999,1.10397,1.10132,1.10198,9591
2025-04-09 02:00:00,1.102,1.10283,1.10093,1.10194,5456
2025-04-09 03:00:00,1.10196,1.10353,1.10125,1.10193,5749
2025-04-09 04:00:00,1.10195,1.10684,1.10184,1.10679,9227
2025-04-09 05:00:00,1.10678,1.10678,1.10288,1.1061,8224
2025-04-09 06:00:00,1.10611,1.10896,1.1042399999999999,1.10728,14057
2025-04-09 07:00:00,1.10727,1.10791,1.1009,1.10148,16692
2025-04-09 08:00:00,1.10147,1.10348,1.09976,1.10272,11421
2025-04-09 09:00:00,1.10272,1.10498,1.10089,1.10438,8957
2025-04-09 10:00:00,1.10437,1.10575,1.1025,1.10326,7802
2025-04-09 11:00:00,1.10329,1.10565,1.1021,1.10353,16610
2025-04-09 12:00:00,1.10354,1.10948,1.10341,1.10751,13135
2025-04-09 13:00:00,1.10753,1.10815,1.10325,1.10447,13577
2025-04-09 14:00:00,1.10445,1.1051,1.10255,1.10402,9808
2025-04-09 15:00:00,1.10399,1.1069,1.1036299999999999,1.10379,7115
2025-04-09 16:00:00,1.10381,1.10421,1.10133,1.10201,6183
2025-04-09 17:00:00,1.10202,1.10633,1.09457,1.09773,36085
2025-04-09 18:00:00,1.09779,1.09827,1.09129,1.09634,23418
2025-04-09 19:00:00,1.09633,1.09764,1.09323,1.09352,10776
2025-04-09 20:00:00,1.09353,1.09618,1.09282,1.09469,5739
2025-04-09 21:00:00,1.09471,1.09518,1.09436,1.09518,672
2025-04-09 22:00:00,1.09521,1.09624,1.0949,1.096,3199
2025-04-09 23:00:00,1.09599,1.09609,1.09426,1.09506,3689
2025-04-10 00:00:00,1.09505,1.09861,1.09497,1.0986,6286
2025-04-10 01:00:00,1.09859,1.09874,1.09691,1.09714,4693
2025-04-10 02:00:00,1.09715,1.09787,1.0961,1.09712,4629
2025-04-10 03:00:00,1.09712,1.09889,1.09698,1.09813,3695
2025-04-10 04:00:00,1.09811,1.09847,1.09771,1.09823,2989
2025-04-10 05:00:00,1.09824,1.09952,1.09773,1.09851,3362
2025-04-10 06:00:00,1.0985,1.09884,1.09623,1.09825,7248
2025-04-10 07:00:00,1.09827,1.10303,1.0967,1.1025800000000001,11561
2025-04-10 08:00:00,1.1026,1.10477,1.10159,1.10369,8861
2025-04-10 09:00:00,1.1037,1.10598,1.10332,1.10585,7366
2025-04-10 10:00:00,1.10588,1.10806,1.10545,1.10791,7710
2025-04-10 11:00:00,1.10789,1.10881,1.1066799999999999,1.107,7268
2025-04-10 12:00:00,1.10698,1.1131199999999999,1.10676,1.10969,11475
2025-04-10 13:00:00,1.10972,1.11343,1.10906,1.11264,8772
2025-04-10 14:00:00,1.11266,1.11862,1.11239,1.1185,10098
2025-04-10 15:00:00,1.11848,1.12288,1.11533,1.11909,15812
2025-04-10 16:00:00,1.11907,1.12099,1.11772,1.11963,10799
2025-04-10 17:00:00,1.11962,1.12104,1.1173899999999999,1.12094,8979
2025-04-10 18:00:00,1.12096,1.12411,1.12009,1.12152,8009
2025-04-10 19:00:00,1.12149,1.12192,1.11584,1.12057,9086
2025-04-10 20:00:00,1.12055,1.12055,1.11811,1.11986,3649
2025-04-10 21:00:00,1.11982,1.11991,1.11865,1.11939,838
2025-04-10 22:00:00,1.11943,1.12346,1.11927,1.1234,4289
2025-04-10 23:00:00,1.12343,1.12621,1.12129,1.12573,9442
2025-04-11 00:00:00,1.1257,1.13849,1.12507,1.13099,27757
2025-04-11 01:00:00,1.13098,1.13229,1.12756,1.13051,18201
2025-04-11 02:00:00,1.1305399999999999,1.13228,1.12949,1.13019,10553
2025-04-11 03:00:00,1.13019,1.13541,1.13018,1.13408,7746
2025-04-11 04:00:00,1.13404,1.13406,1.13097,1.13223,5516
2025-04-11 05:00:00,1.13221,1.13232,1.12703,1.12849,7188
2025-04-11 06:00:00,1.12854,1.12896,1.12462,1.12862,12409
2025-04-11 07:00:00,1.1286100000000001,1.1368800000000001,1.12835,1.13642,18480
2025-04-11 08:00:00,1.13639,1.14738,1.13489,1.1427,27782
2025-04-11 09:00:00,1.14268,1.14268,1.1384400000000001,1.1385399999999999,16802
2025-04-11 10:00:00,1.13853,1.13853,1.13196,1.13365,15727
2025-04-11 11:00:00,1.13364,1.13711,1.13231,1.13287,12543
2025-04-11 12:00:00,1.13283,1.13987,1.13242,1.13953,15974
2025-04-11 13:00:00,1.1395,1.14118,1.13235,1.13604,23820
2025-04-11 14:00:00,1.13609,1.13817,1.13267,1.13398,20212
2025-04-11 15:00:00,1.13395,1.13497,1.13119,1.13242,13136
2025-04-11 16:00:00,1.13241,1.1327,1.12761,1.13055,10892
2025-04-11 17:00:00,1.1305399999999999,1.13266,1.12818,1.12852,7248
2025-04-11 18:00:00,1.12854,1.1320999999999999,1.1284,1.1312,7509
2025-04-11 19:00:00,1.13118,1.13432,1.13086,1.1341,5314
2025-04-11 20:00:00,1.13413,1.13577,1.1335600000000001,1.13571,3231
2025-04-13 21:00:00,1.13145,1.13206,1.13132,1.13165,515
2025-04-13 22:00:00,1.13181,1.13535,1.13167,1.13337,3339
2025-04-13 23:00:00,1.13339,1.1349,1.13236,1.1341700000000001,5187
2025-04-14 00:00:00,1.13416,1.13704,1.13404,1.13652,7255
2025-04-14 01:00:00,1.1365,1.14085,1.13639,1.13852,8721
2025-04-14 02:00:00,1.1385,1.14009,1.13706,1.1372,5945
2025-04-14 03:00:00,1.13717,1.13835,1.13574,1.13711,4701
2025-04-14 04:00:00,1.13711,1.13847,1.13652,1.13673,3213
2025-04-14 05:00:00,1.1367099999999999,1.13876,1.13525,1.13848,4560
2025-04-14 06:00:00,1.1385,1.14237,1.13763,1.14168,10257
2025-04-14 07:00:00,1.1417,1.14242,1.13829,1.13897,9564
2025-04-14 08:00:00,1.13896,1.14095,1.13781,1.13874,7733
2025-04-14 09:00:00,1.13873,1.14073,1.13864,1.13866,6655
2025-04-14 10:00:00,1.13865,1.13917,1.13712,1.13872,5170
2025-04-14 11:00:00,1.13874,1.14057,1.1372200000000001,1.13837,4804
2025-04-14 12:00:00,1.13839,1.13882,1.13341,1.13386,8335
2025-04-14 13:00:00,1.1338300000000001,1.13413,1.12955,1.13268,13271
2025-04-14 14:00:00,1.13269,1.13677,1.13233,1.13672,5011
2025-04-14 15:00:00,1.1367,1.13814,1.13524,1.1357,8143
2025-04-14 16:00:00,1.1357,1.137,1.13299,1.13303,6839
2025-04-14 17:00:00,1.13306,1.13477,1.13279,1.13382,5324
2025-04-14 18:00:00,1.13382,1.13568,1.13373,1.13541,3777
2025-04-14 19:00:00,1.1353900000000001,1.13694,1.13496,1.13547,3005
2025-04-14 20:00:00,1.1354899999999999,1.1358,1.1343,1.13486,2262
2025-04-14 21:00:00,1.1348799999999999,1.13536,1.13421,1.13535,751
2025-04-14 22:00:00,1.13545,1.1360999999999999,1.13449,1.13533,1428
2025-04-14 23:00:00,1.13534,1.13541,1.13333,1.13357,2294
2025-04-15 00:00:00,1.13355,1.13389,1.1317,1.13282,3666
2025-04-15 01:00:00,1.13282,1.13349,1.13155,1.13239,2805
2025-04-15 02:00:00,1.1324,1.13521,1.13238,1.13491,2609
2025-04-15 03:00:00,1.1349,1.13526,1.1343,1.13471,2012
2025-04-15 04:00:00,1.13473,1.13629,1.1344400000000001,1.1356600000000001,2348
2025-04-15 05:00:00,1.1356600000000001,1.13674,1.1348799999999999,1.13503,2795
2025-04-15 06:00:00,1.1350500000000001,1.13641,1.13273,1.1332200000000001,5967
2025-04-15 07:00:00,1.13324,1.13594,1.13202,1.13569,7284
2025-04-15 08:00:00,1.1357,1.13785,1.13433,1.13461,7004
2025-04-15 09:00:00,1.13461,1.13557,1.13329,1.1338300000000001,5195
2025-04-15 10:00:00,1.13381,1.1349,1.13318,1.1344,4554
2025-04-15 11:00:00,1.13438,1.13441,1.13136,1.13259,5560
2025-04-15 12:00:00,1.1326100000000001,1.13411,1.13083,1.13125,7884
2025-04-15 13:00:00,1.13123,1.13283,1.13046,1.1317300000000001,8080
2025-04-15 14:00:00,1.1317,1.13294,1.1285,1.13285,11462
2025-04-15 15:00:00,1.13285,1.13289,1.12817,1.12884,6356
2025-04-15 16:00:00,1.12886,1.12917,1.12636,1.12738,5022
2025-04-15 17:00:00,1.1273900000000001,1.12824,1.12664,1.12725,3663
2025-04-15 18:00:00,1.1272199999999999,1.12765,1.12658,1.12729,2892
2025-04-15 19:00:00,1.12728,1.1287,1.12711,1.1282,2243
2025-04-15 20:00:00,1.12822,1.12893,1.1279,1.12804,1390
2025-04-15 21:00:00,1.12805,1.12822,1.12767,1.1282,668
2025-04-15 22:00:00,1.12821,1.1299,1.12819,1.12953,1606
2025-04-15 23:00:00,1.12955,1.1298300000000001,1.1283,1.12933,2630
2025-04-16 00:00:00,1.12931,1.13213,1.12924,1.13165,4756
2025-04-16 01:00:00,1.13167,1.13303,1.13159,1.13232,3322
2025-04-16 02:00:00,1.13236,1.13316,1.13175,1.1327099999999999,2897
2025-04-16 03:00:00,1.13272,1.1343,1.13241,1.13428,2457
2025-04-16 04:00:00,1.13428,1.13475,1.13324,1.13457,2425
2025-04-16 05:00:00,1.13458,1.13851,1.13407,1.13803,3906
2025-04-16 06:00:00,1.13801,1.13827,1.13602,1.13605,5907
2025-04-16 07:00:00,1.13607,1.13918,1.13589,1.13869,6364
2025-04-16 08:00:00,1.1387,1.13878,1.13379,1.1369,10211
2025-04-16 09:00:00,1.13687,1.13776,1.13556,1.1360000000000001,6510
2025-04-16 10:00:00,1.13601,1.13738,1.13519,1.13569,6094
2025-04-16 11:00:00,1.13573,1.13736,1.13543,1.13624,5718
2025-04-16 12:00:00,1.13626,1.13651,1.13401,1.13512,8285
2025-04-16 13:00:00,1.13513,1.13734,1.13493,1.13667,8165
2025-04-16 14:00:00,1.13669,1.1384,1.13537,1.13835,8239
2025-04-16 15:00:00,1.13837,1.13864,1.1357,1.13811,6226
2025-04-16 16:00:00,1.1381000000000001,1.13867,1.13697,1.13744,4231
2025-04-16 17:00:00,1.13743,1.13898,1.13588,1.13747,6649
2025-04-16 18:00:00,1.1375,1.1388,1.13645,1.13858,5661
2025-04-16 19:00:00,1.13857,1.14124,1.13845,1.13863,4774
2025-04-16 20:00:00,1.13865,1.13983,1.13814,1.13968,2113
2025-04-16 21:00:00,1.13971,1.13982,1.13951,1.13957,604
2025-04-16 22:00:00,1.13954,1.13998,1.13944,1.13991,1258
2025-04-16 23:00:00,1.1399,1.1408800000000001,1.13938,1.13954,2195
2025-04-17 00:00:00,1.13956,1.1396600000000001,1.13647,1.13675,4463
2025-04-17 01:00:00,1.13678,1.13689,1.13551,1.1365,4312
2025-04-17 02:00:00,1.13651,1.13814,1.13645,1.13779,2889
2025-04-17 03:00:00,1.13779,1.13804,1.13635,1.13639,2292
2025-04-17 04:00:00,1.13639,1.13696,1.13599,1.1362,1667
2025-04-17 05:00:00,1.13621,1.13709,1.1344,1.13518,2835
2025-04-17 06:00:00,1.13519,1.13706,1.13429,1.13587,5071
2025-04-17 07:00:00,1.13585,1.13784,1.13525,1.13764,5973
2025-04-17 08:00:00,1.13766,1.13882,1.13679,1.13782,5289
2025-04-17 09:00:00,1.13779,1.13805,1.13697,1.13724,4379
2025-04-17 10:00:00,1.13726,1.13762,1.13571,1.13592,5434
2025-04-17 11:00:00,1.13594,1.1369799999999999,1.13553,1.13564,4258
2025-04-17 12:00:00,1.13562,1.13675,1.13352,1.13559,10533
2025-04-17 13:00:00,1.13562,1.13772,1.13504,1.13607,10934
2025-04-17 14:00:00,1.1360999999999999,1.13853,1.13381,1.13494,8442
2025-04-17 15:00:00,1.13495,1.13761,1.13471,1.1363,6051
2025-04-17 16:00:00,1.13632,1.13707,1.13397,1.1350500000000001,6050
2025-04-17 17:00:00,1.13503,1.13535,1.13406,1.13507,3323
2025-04-17 18:00:00,1.13508,1.13748,1.13427,1.1373,3625
2025-04-17 19:00:00,1.13727,1.13757,1.13681,1.1373,2419
2025-04-17 20:00:00,1.1373,1.13764,1.13673,1.13679,801
