time,open,high,low,close,tick_volume
2023-08-09 09:00:00,1927.97,1928.283,1925.843,1926.147,2994
2023-08-09 10:00:00,1926.114,1926.479,1924.543,1925.15,2850
2023-08-09 11:00:00,1925.152,1925.992,1923.109,1924.488,3143
2023-08-09 12:00:00,1924.458,1926.331,1921.948,1924.853,5163
2023-08-09 13:00:00,1924.843,1925.951,1921.29,1922.731,5463
2023-08-09 14:00:00,1922.726,1927.496,1915.971,1917.319,7312
2023-08-09 15:00:00,1917.284,1918.595,1915.432,1916.653,5182
2023-08-09 16:00:00,1916.683,1918.12,1915.666,1916.27,3493
2023-08-09 17:00:00,1916.271,1917.908,1915.961,1916.322,3143
2023-08-09 18:00:00,1916.334,1916.428,1915.413,1916.119,2583
2023-08-09 19:00:00,1916.116,1916.879,1915.493,1915.493,2224
2023-08-09 20:00:00,1915.462,1915.626,1913.983,1914.82,1591
2023-08-09 22:00:00,1914.776,1916.464,1914.623,1916.273,1555
2023-08-09 23:00:00,1916.274,1916.892,1916.251,1916.688,1209
2023-08-10 00:00:00,1916.688,1917.39,1915.61,1916.958,2289
2023-08-10 01:00:00,1916.971,1918.909,1915.363,1917.964,3656
2023-08-10 02:00:00,1917.962,1919.13,1917.027,1917.033,2853
2023-08-10 03:00:00,1917.019,1919.029,1916.905,1918.637,2400
2023-08-10 04:00:00,1918.636,1918.795,1916.271,1916.715,2098
2023-08-10 05:00:00,1916.709,1919.103,1915.755,1918.325,2818
2023-08-10 06:00:00,1918.312,1919.006,1915.465,1917.994,3434
2023-08-10 07:00:00,1917.963,1920.576,1917.293,1919.316,3751
2023-08-10 08:00:00,1919.314,1921.193,1918.575,1919.334,3456
2023-08-10 09:00:00,1919.381,1921.403,1919.112,1920.87,2715
2023-08-10 10:00:00,1920.866,1922.278,1919.8,1921.71,2881
2023-08-10 11:00:00,1921.743,1922.628,1920.778,1921.817,3218
2023-08-10 12:00:00,1921.811,1929.836,1921.164,1926.233,12320
2023-08-10 13:00:00,1926.203,1927.138,1918.805,1922.701,10239
2023-08-10 14:00:00,1922.667,1922.897,1913.26,1915.013,7607
2023-08-10 15:00:00,1914.98,1920.265,1912.825,1919.961,5452
2023-08-10 16:00:00,1919.995,1921.66,1919.46,1920.503,3710
2023-08-10 17:00:00,1920.474,1920.927,1913.405,1913.669,4541
2023-08-10 18:00:00,1913.638,1915.013,1912.839,1914.901,3690
2023-08-10 19:00:00,1914.895,1915.078,1913.006,1913.289,2833
2023-08-10 20:00:00,1913.255,1913.626,1912.096,1912.359,1621
2023-08-10 22:00:00,1912.73,1913.354,1912.035,1912.692,1583
2023-08-10 23:00:00,1912.691,1912.691,1910.698,1912.358,1526
2023-08-11 00:00:00,1912.358,1915.087,1911.858,1914.645,1940
2023-08-11 01:00:00,1914.612,1915.634,1914.268,1915.488,3192
2023-08-11 02:00:00,1915.464,1915.945,1914.153,1914.722,2546
2023-08-11 03:00:00,1914.692,1915.561,1913.0,1914.581,2584
2023-08-11 04:00:00,1914.581,1914.76,1912.584,1913.41,2010
2023-08-11 05:00:00,1913.412,1915.897,1912.702,1915.653,2891
2023-08-11 06:00:00,1915.622,1917.541,1915.328,1916.248,3183
2023-08-11 07:00:00,1916.253,1917.965,1915.752,1917.851,3608
2023-08-11 08:00:00,1917.844,1919.338,1916.021,1918.938,3308
2023-08-11 09:00:00,1918.958,1919.769,1917.036,1917.92,3025
2023-08-11 10:00:00,1917.933,1918.344,1917.083,1917.928,2518
2023-08-11 11:00:00,1917.907,1919.041,1917.374,1918.954,2754
2023-08-11 12:00:00,1918.972,1920.882,1913.106,1915.983,7101
2023-08-11 13:00:00,1916.015,1917.722,1912.837,1916.149,6957
2023-08-11 14:00:00,1916.447,1920.727,1915.166,1918.569,7492
2023-08-11 15:00:00,1918.535,1919.514,1912.926,1913.978,4929
2023-08-11 16:00:00,1913.992,1915.216,1913.507,1914.284,3324
2023-08-11 17:00:00,1914.28,1915.443,1913.039,1913.183,2847
2023-08-11 18:00:00,1913.214,1913.792,1912.444,1913.339,2365
2023-08-11 19:00:00,1913.356,1913.694,1912.175,1913.548,2288
2023-08-11 20:00:00,1913.517,1913.993,1912.893,1913.786,1283
2023-08-13 22:00:00,1913.666,1915.181,1913.35,1913.663,1544
2023-08-13 23:00:00,1913.667,1914.356,1912.395,1913.62,1767
2023-08-14 00:00:00,1913.62,1913.719,1910.675,1911.002,2828
2023-08-14 01:00:00,1910.989,1912.801,1910.06,1911.512,4028
2023-08-14 02:00:00,1911.479,1912.683,1910.572,1911.975,3152
2023-08-14 03:00:00,1911.942,1913.537,1911.543,1912.696,2666
2023-08-14 04:00:00,1912.694,1913.105,1911.766,1912.355,2145
2023-08-14 05:00:00,1912.363,1914.45,1911.9,1912.902,2723
2023-08-14 06:00:00,1912.869,1914.013,1911.454,1912.059,2927
2023-08-14 07:00:00,1912.014,1915.913,1910.56,1914.408,4484
2023-08-14 08:00:00,1914.439,1916.156,1913.851,1914.23,3560
2023-08-14 09:00:00,1914.221,1914.365,1912.193,1913.923,2970
2023-08-14 10:00:00,1913.922,1914.918,1913.162,1914.363,2744
2023-08-14 11:00:00,1914.36,1914.916,1913.299,1913.927,2902
2023-08-14 12:00:00,1913.922,1913.978,1905.92,1910.316,7109
2023-08-14 13:00:00,1910.31,1910.899,1902.465,1904.195,6685
2023-08-14 14:00:00,1904.161,1911.531,1903.205,1908.436,6537
2023-08-14 15:00:00,1908.454,1911.281,1908.166,1910.612,4290
2023-08-14 16:00:00,1910.581,1913.155,1910.581,1911.856,3707
2023-08-14 17:00:00,1911.826,1913.067,1910.142,1910.233,2884
2023-08-14 18:00:00,1910.236,1910.531,1907.722,1908.013,2665
2023-08-14 19:00:00,1907.989,1908.203,1907.175,1907.563,2399
2023-08-14 20:00:00,1907.523,1907.834,1906.879,1907.415,1297
2023-08-14 22:00:00,1907.259,1907.723,1907.128,1907.518,1057
2023-08-14 23:00:00,1907.5,1908.039,1904.834,1907.557,1899
2023-08-15 00:00:00,1907.567,1907.694,1904.919,1907.111,2245
2023-08-15 01:00:00,1907.129,1908.036,1903.671,1906.042,4474
2023-08-15 02:00:00,1906.042,1906.853,1904.687,1906.042,3563
2023-08-15 03:00:00,1906.014,1907.619,1905.518,1907.124,2483
2023-08-15 04:00:00,1907.125,1907.321,1906.434,1906.541,1795
2023-08-15 05:00:00,1906.534,1907.455,1904.154,1905.106,3301
2023-08-15 06:00:00,1905.137,1907.04,1903.921,1904.991,3969
2023-08-15 07:00:00,1904.959,1905.449,1903.479,1904.921,3912
2023-08-15 08:00:00,1904.926,1905.119,1903.064,1904.195,3792
2023-08-15 09:00:00,1904.202,1904.907,1902.891,1904.421,3310
2023-08-15 10:00:00,1904.418,1904.849,1902.565,1903.87,3349
2023-08-15 11:00:00,1903.836,1904.231,1901.808,1904.166,3491
2023-08-15 12:00:00,1904.167,1905.775,1896.208,1903.401,9088
2023-08-15 13:00:00,1903.431,1907.4,1899.992,1903.727,8930
2023-08-15 14:00:00,1903.757,1911.563,1902.615,1909.956,7869
2023-08-15 15:00:00,1909.996,1911.057,1906.51,1906.82,5395
2023-08-15 16:00:00,1906.802,1907.377,1903.434,1903.601,3530
2023-08-15 17:00:00,1903.6,1905.439,1903.255,1904.359,3634
2023-08-15 18:00:00,1904.389,1905.285,1902.474,1902.575,2921
2023-08-15 19:00:00,1902.562,1903.763,1902.425,1902.664,3232
2023-08-15 20:00:00,1902.632,1903.54,1901.332,1901.57,1786
2023-08-15 22:00:00,1901.901,1902.482,1901.18,1901.428,1483
2023-08-15 23:00:00,1901.433,1902.183,1900.244,1901.419,1653
2023-08-16 00:00:00,1901.412,1902.424,1900.935,1902.219,2206
2023-08-16 01:00:00,1902.195,1904.078,1900.446,1902.738,3794
2023-08-16 02:00:00,1902.702,1904.683,1902.466,1903.776,3140
2023-08-16 03:00:00,1903.774,1905.273,1903.652,1904.071,2510
2023-08-16 04:00:00,1904.061,1904.583,1902.741,1903.936,1957
2023-08-16 05:00:00,1903.937,1905.399,1903.419,1905.086,2850
2023-08-16 06:00:00,1905.089,1906.508,1904.659,1905.474,3441
2023-08-16 07:00:00,1905.495,1905.641,1902.811,1904.51,3584
2023-08-16 08:00:00,1904.511,1905.643,1903.413,1905.351,3172
2023-08-16 09:00:00,1905.353,1907.146,1905.225,1906.03,3078
2023-08-16 10:00:00,1906.027,1906.726,1905.642,1906.05,2785
2023-08-16 11:00:00,1906.015,1906.632,1903.041,1903.056,2885
2023-08-16 12:00:00,1903.044,1904.151,1899.911,1900.754,5310
2023-08-16 13:00:00,1900.723,1906.383,1899.308,1904.176,6480
2023-08-16 14:00:00,1904.145,1905.952,1903.179,1904.595,5209
2023-08-16 15:00:00,1904.593,1904.76,1901.266,1901.885,4012
2023-08-16 16:00:00,1901.872,1902.53,1898.822,1899.4,3539
2023-08-16 17:00:00,1899.428,1899.513,1896.934,1898.41,3487
2023-08-16 18:00:00,1898.421,1899.464,1894.468,1894.953,4968
2023-08-16 19:00:00,1894.919,1895.457,1891.67,1892.183,3911
2023-08-16 20:00:00,1892.215,1893.626,1891.798,1892.005,1953
2023-08-16 22:00:00,1892.167,1894.924,1892.167,1894.305,1813
2023-08-16 23:00:00,1894.312,1894.34,1892.251,1893.295,2499
2023-08-17 00:00:00,1893.298,1893.329,1890.89,1892.724,2756
2023-08-17 01:00:00,1892.725,1892.93,1889.432,1892.638,4113
2023-08-17 02:00:00,1892.596,1893.757,1892.18,1893.693,3192
2023-08-17 03:00:00,1893.687,1893.906,1892.345,1892.721,2655
2023-08-17 04:00:00,1892.721,1893.853,1892.243,1893.718,2050
2023-08-17 05:00:00,1893.724,1893.879,1892.051,1893.394,2560
2023-08-17 06:00:00,1893.403,1897.18,1892.666,1897.18,3382
2023-08-17 07:00:00,1897.148,1897.499,1895.326,1896.385,3618
2023-08-17 08:00:00,1896.355,1896.449,1893.713,1893.946,3184
2023-08-17 09:00:00,1893.916,1895.192,1893.604,1895.192,2924
2023-08-17 10:00:00,1895.189,1899.199,1895.104,1897.911,3909
2023-08-17 11:00:00,1897.912,1899.437,1896.912,1898.822,3680
2023-08-17 12:00:00,1898.791,1902.139,1896.656,1899.474,7006
2023-08-17 13:00:00,1899.443,1903.413,1895.719,1895.914,7499
2023-08-17 14:00:00,1895.882,1897.589,1893.809,1895.355,6150
2023-08-17 15:00:00,1895.344,1896.332,1889.09,1889.428,4477
2023-08-17 16:00:00,1889.416,1891.165,1887.511,1888.326,3776
2023-08-17 17:00:00,1888.329,1888.433,1884.996,1886.109,3688
2023-08-17 18:00:00,1886.129,1886.93,1885.056,1886.579,3021
2023-08-17 19:00:00,1886.61,1890.078,1886.56,1889.039,3432
2023-08-17 20:00:00,1888.999,1889.517,1888.352,1889.179,1387
2023-08-17 22:00:00,1889.481,1890.151,1888.993,1889.829,1464
2023-08-17 23:00:00,1889.83,1891.622,1889.225,1891.227,1729
2023-08-18 00:00:00,1891.231,1893.83,1890.633,1893.283,2382
2023-08-18 01:00:00,1893.314,1895.1,1892.424,1893.552,3978
2023-08-18 02:00:00,1893.521,1894.863,1892.83,1893.166,3094
2023-08-18 03:00:00,1893.137,1893.579,1891.623,1892.674,2767
2023-08-18 04:00:00,1892.674,1893.304,1891.141,1892.145,2281
2023-08-18 05:00:00,1892.144,1894.059,1891.636,1893.603,2769
2023-08-18 06:00:00,1893.64,1893.85,1891.775,1892.115,3731
2023-08-18 07:00:00,1892.091,1893.934,1891.87,1892.547,3940
2023-08-18 08:00:00,1892.53,1893.483,1891.35,1891.992,3315
2023-08-18 09:00:00,1891.986,1892.804,1891.353,1892.709,2709
2023-08-18 10:00:00,1892.705,1895.498,1892.702,1894.179,2988
2023-08-18 11:00:00,1894.202,1895.021,1893.207,1893.721,2961
2023-08-18 12:00:00,1893.755,1894.806,1888.425,1890.193,5262
2023-08-18 13:00:00,1890.207,1896.549,1889.332,1893.793,7035
2023-08-18 14:00:00,1893.804,1894.828,1891.59,1893.571,5301
2023-08-18 15:00:00,1893.57,1893.622,1890.415,1891.206,3907
2023-08-18 16:00:00,1891.176,1891.897,1888.612,1889.486,3305
2023-08-18 17:00:00,1889.511,1890.291,1886.724,1888.917,3398
2023-08-18 18:00:00,1888.918,1889.21,1887.572,1888.433,2538
2023-08-18 19:00:00,1888.428,1889.803,1887.538,1889.248,2704
2023-08-18 20:00:00,1889.21,1889.935,1888.309,1889.529,1552
2023-08-20 22:00:00,1889.357,1890.823,1889.283,1890.301,1451
2023-08-20 23:00:00,1890.304,1890.304,1888.8,1889.919,1724
2023-08-21 00:00:00,1889.934,1891.111,1889.851,1889.907,2148
2023-08-21 01:00:00,1889.881,1889.984,1884.86,1885.409,4195
2023-08-21 02:00:00,1885.41,1892.828,1884.547,1892.602,3935
2023-08-21 03:00:00,1892.602,1893.481,1890.401,1891.643,2953
2023-08-21 04:00:00,1891.628,1893.483,1891.445,1892.455,2364
2023-08-21 05:00:00,1892.454,1894.015,1887.814,1888.0,3625
2023-08-21 06:00:00,1887.969,1889.521,1887.372,1888.842,3427
2023-08-21 07:00:00,1888.872,1890.332,1887.947,1888.104,3977
2023-08-21 08:00:00,1888.102,1889.323,1887.532,1888.614,3264
2023-08-21 09:00:00,1888.636,1890.724,1888.259,1889.441,3206
2023-08-21 10:00:00,1889.444,1889.56,1886.76,1888.637,3192
2023-08-21 11:00:00,1888.636,1893.109,1887.855,1892.879,3609
2023-08-21 12:00:00,1892.852,1897.532,1892.746,1897.101,6791
2023-08-21 13:00:00,1897.132,1898.5,1888.554,1889.981,7698
2023-08-21 14:00:00,1890.014,1891.074,1885.182,1886.797,6236
2023-08-21 15:00:00,1886.798,1889.733,1885.864,1889.146,3992
2023-08-21 16:00:00,1889.176,1893.186,1889.072,1892.551,3269
2023-08-21 17:00:00,1892.549,1895.337,1892.473,1894.335,3365
2023-08-21 18:00:00,1894.333,1894.995,1893.838,1894.526,2799
2023-08-21 19:00:00,1894.527,1895.119,1894.178,1894.268,2204
2023-08-21 20:00:00,1894.237,1894.774,1894.2,1894.774,1095
2023-08-21 22:00:00,1894.607,1895.111,1894.535,1894.999,876
2023-08-21 23:00:00,1894.997,1895.99,1894.597,1894.664,1477
2023-08-22 00:00:00,1894.674,1895.759,1893.62,1895.473,2143
2023-08-22 01:00:00,1895.47,1897.241,1894.216,1895.079,3657
2023-08-22 02:00:00,1895.076,1897.257,1894.378,1894.397,3477
2023-08-22 03:00:00,1894.393,1896.994,1894.176,1896.016,2888
2023-08-22 04:00:00,1896.029,1896.313,1893.79,1893.915,1854
2023-08-22 05:00:00,1893.898,1896.451,1893.834,1895.383,2972
2023-08-22 06:00:00,1895.382,1900.206,1895.085,1898.819,4144
2023-08-22 07:00:00,1898.846,1901.659,1898.04,1901.445,3653
2023-08-22 08:00:00,1901.449,1902.229,1898.367,1899.921,3325
2023-08-22 09:00:00,1899.954,1903.666,1899.372,1902.753,3273
2023-08-22 10:00:00,1902.744,1904.41,1901.785,1901.944,3262
2023-08-22 11:00:00,1901.933,1903.341,1901.45,1902.113,3273
2023-08-22 12:00:00,1902.112,1903.368,1896.164,1897.355,5527
2023-08-22 13:00:00,1897.322,1897.552,1888.824,1890.338,7013
2023-08-22 14:00:00,1890.368,1895.817,1890.142,1895.123,6081
2023-08-22 15:00:00,1895.09,1899.063,1895.038,1897.808,4409
2023-08-22 16:00:00,1897.839,1898.876,1896.744,1897.304,3066
2023-08-22 17:00:00,1897.304,1898.384,1896.913,1897.676,2856
2023-08-22 18:00:00,1897.673,1897.755,1896.37,1897.146,2235
2023-08-22 19:00:00,1897.144,1897.643,1896.799,1897.571,2167
2023-08-22 20:00:00,1897.547,1897.82,1897.063,1897.539,1063
2023-08-22 22:00:00,1897.492,1898.203,1897.333,1897.891,911
2023-08-22 23:00:00,1897.891,1898.569,1897.699,1898.478,729
2023-08-23 00:00:00,1898.476,1900.259,1898.432,1898.966,2271
2023-08-23 01:00:00,1898.972,1901.838,1898.761,1901.439,3441
2023-08-23 02:00:00,1901.45,1902.74,1900.744,1900.975,3054
2023-08-23 03:00:00,1900.945,1902.042,1900.106,1901.524,2410
2023-08-23 04:00:00,1901.524,1903.327,1900.68,1903.298,2438
2023-08-23 05:00:00,1903.291,1903.926,1902.331,1902.579,2854
2023-08-23 06:00:00,1902.549,1904.665,1902.247,1902.868,3468
2023-08-23 07:00:00,1902.854,1904.319,1901.643,1903.587,4321
2023-08-23 08:00:00,1903.553,1905.248,1903.48,1903.71,3749
2023-08-23 09:00:00,1903.718,1905.117,1901.777,1902.597,3372
2023-08-23 10:00:00,1902.567,1904.014,1901.235,1903.224,3004
2023-08-23 11:00:00,1903.194,1904.54,1902.772,1903.259,3217
2023-08-23 12:00:00,1903.26,1908.239,1902.611,1903.591,5594
2023-08-23 13:00:00,1903.622,1918.631,1902.812,1918.095,10146
2023-08-23 14:00:00,1918.091,1918.253,1914.422,1915.598,7985
2023-08-23 15:00:00,1915.572,1918.268,1915.415,1918.268,4146
2023-08-23 16:00:00,1918.27,1920.292,1918.2,1919.703,3474
2023-08-23 17:00:00,1919.732,1919.797,1917.421,1917.974,3263
2023-08-23 18:00:00,1917.943,1918.112,1916.264,1916.639,2823
2023-08-23 19:00:00,1916.629,1917.513,1916.404,1916.831,2526
2023-08-23 20:00:00,1916.802,1916.917,1914.442,1915.323,1783
2023-08-23 22:00:00,1915.314,1917.569,1915.263,1916.997,1473
2023-08-23 23:00:00,1916.998,1918.005,1916.226,1917.849,1654
2023-08-24 00:00:00,1917.82,1919.172,1917.295,1918.577,2258
2023-08-24 01:00:00,1918.579,1919.022,1917.511,1918.728,3148
2023-08-24 02:00:00,1918.726,1920.834,1918.674,1919.857,3395
2023-08-24 03:00:00,1919.851,1921.6,1919.394,1920.867,2840
2023-08-24 04:00:00,1920.87,1922.134,1919.938,1921.026,2747
2023-08-24 05:00:00,1921.026,1922.334,1920.26,1921.486,3175
2023-08-24 06:00:00,1921.503,1922.753,1920.7,1921.611,3992
2023-08-24 07:00:00,1921.611,1922.107,1919.423,1919.456,3805
2023-08-24 08:00:00,1919.489,1921.938,1919.406,1920.236,3178
2023-08-24 09:00:00,1920.222,1920.937,1919.288,1919.528,2930
2023-08-24 10:00:00,1919.548,1920.684,1918.762,1919.263,2907
2023-08-24 11:00:00,1919.251,1919.608,1916.322,1916.567,3044
2023-08-24 12:00:00,1916.566,1916.659,1911.554,1914.949,5974
2023-08-24 13:00:00,1914.979,1916.719,1911.727,1916.094,6366
2023-08-24 14:00:00,1916.069,1923.056,1916.057,1921.366,6319
2023-08-24 15:00:00,1921.402,1922.194,1919.978,1921.007,4289
2023-08-24 16:00:00,1920.974,1921.408,1917.379,1918.302,3185
2023-08-24 17:00:00,1918.3,1919.57,1916.715,1917.11,2924
2023-08-24 18:00:00,1917.146,1918.007,1916.635,1916.852,2604
2023-08-24 19:00:00,1916.86,1918.054,1916.738,1916.738,2588
2023-08-24 20:00:00,1916.775,1917.481,1916.268,1916.71,1279
2023-08-24 22:00:00,1916.933,1917.232,1916.585,1916.888,913
2023-08-24 23:00:00,1916.888,1916.888,1915.638,1915.847,1417
2023-08-25 00:00:00,1915.845,1916.528,1915.15,1915.477,2065
2023-08-25 01:00:00,1915.445,1917.516,1914.608,1916.982,3259
2023-08-25 02:00:00,1916.949,1917.106,1914.335,1914.84,2940
2023-08-25 03:00:00,1914.81,1914.959,1913.147,1913.417,2249
2023-08-25 04:00:00,1913.416,1914.71,1913.268,1913.716,2495
2023-08-25 05:00:00,1913.721,1914.669,1913.051,1914.326,2636
2023-08-25 06:00:00,1914.406,1915.036,1912.733,1912.961,3245
2023-08-25 07:00:00,1912.991,1915.939,1912.991,1914.149,3387
2023-08-25 08:00:00,1914.146,1915.396,1913.29,1915.351,2959
2023-08-25 09:00:00,1915.347,1917.929,1915.153,1916.051,2755
2023-08-25 10:00:00,1916.05,1917.786,1915.664,1917.694,2492
2023-08-25 11:00:00,1917.692,1918.375,1916.121,1918.276,2810
2023-08-25 12:00:00,1918.245,1920.234,1916.389,1917.166,4275
2023-08-25 13:00:00,1917.203,1917.606,1913.315,1915.388,5240
2023-08-25 14:00:00,1915.363,1922.118,1903.45,1904.472,15934
2023-08-25 15:00:00,1904.434,1910.455,1903.811,1907.747,7091
2023-08-25 16:00:00,1907.784,1910.614,1907.58,1909.998,3811
2023-08-25 17:00:00,1910.011,1912.665,1909.887,1912.284,3475
2023-08-25 18:00:00,1912.318,1914.694,1911.877,1913.336,3211
2023-08-25 19:00:00,1913.305,1914.341,1912.109,1914.31,2695
2023-08-25 20:00:00,1914.292,1914.917,1913.287,1914.321,1374
2023-08-27 22:00:00,1915.974,1916.019,1914.555,1914.848,1295
2023-08-27 23:00:00,1914.886,1916.068,1914.322,1915.028,2014
2023-08-28 00:00:00,1915.029,1916.601,1914.549,1915.718,2138
2023-08-28 01:00:00,1915.684,1917.352,1915.214,1915.475,3832
2023-08-28 02:00:00,1915.486,1916.18,1915.095,1915.44,2575
2023-08-28 03:00:00,1915.44,1916.994,1915.3,1916.222,2191
2023-08-28 04:00:00,1916.222,1916.686,1914.631,1915.564,1891
2023-08-28 05:00:00,1915.572,1917.577,1915.158,1915.614,2675
2023-08-28 06:00:00,1915.615,1917.719,1915.615,1915.891,2940
2023-08-28 07:00:00,1915.891,1916.32,1914.294,1914.464,2796
2023-08-28 08:00:00,1914.495,1915.203,1913.477,1914.629,2724
2023-08-28 09:00:00,1914.63,1915.641,1913.904,1914.063,2228
2023-08-28 10:00:00,1914.059,1915.148,1913.735,1915.148,2315
2023-08-28 11:00:00,1915.149,1915.434,1914.391,1914.757,2469
2023-08-28 12:00:00,1914.757,1917.148,1913.34,1917.058,3968
2023-08-28 13:00:00,1917.057,1918.636,1912.694,1918.078,5555
2023-08-28 14:00:00,1918.054,1919.84,1917.253,1918.679,4620
2023-08-28 15:00:00,1918.71,1925.991,1918.045,1924.732,4686
2023-08-28 16:00:00,1924.727,1925.195,1920.205,1920.649,3394
2023-08-28 17:00:00,1920.647,1920.752,1916.853,1920.301,3331
2023-08-28 18:00:00,1920.327,1920.472,1919.433,1919.521,2240
2023-08-28 19:00:00,1919.554,1920.547,1919.457,1919.659,2114
2023-08-28 20:00:00,1919.676,1920.341,1919.591,1920.113,1032
2023-08-28 22:00:00,1920.076,1920.88,1920.075,1920.749,766
2023-08-28 23:00:00,1920.749,1921.576,1920.665,1921.186,989
2023-08-29 00:00:00,1921.199,1922.03,1921.009,1921.612,1750
2023-08-29 01:00:00,1921.613,1923.01,1921.327,1922.016,2854
2023-08-29 02:00:00,1922.018,1923.909,1921.413,1923.723,2585
2023-08-29 03:00:00,1923.707,1925.763,1923.493,1925.36,2623
2023-08-29 04:00:00,1925.348,1925.543,1923.858,1923.901,2057
2023-08-29 05:00:00,1923.878,1925.547,1923.243,1924.418,2329
2023-08-29 06:00:00,1924.383,1925.23,1922.846,1922.877,2916
2023-08-29 07:00:00,1922.84,1924.887,1921.585,1923.183,3312
2023-08-29 08:00:00,1923.216,1924.245,1922.219,1922.824,2951
2023-08-29 09:00:00,1922.794,1924.407,1922.516,1924.274,2772
2023-08-29 10:00:00,1924.306,1924.323,1920.143,1920.236,3045
2023-08-29 11:00:00,1920.229,1920.393,1916.629,1917.184,3333
2023-08-29 12:00:00,1917.184,1917.207,1914.357,1916.984,4875
2023-08-29 13:00:00,1916.988,1921.872,1916.736,1921.056,5377
2023-08-29 14:00:00,1921.023,1934.755,1920.87,1934.07,11345
2023-08-29 15:00:00,1934.091,1937.58,1932.672,1936.727,4749
2023-08-29 16:00:00,1936.701,1937.627,1934.039,1936.236,3572
2023-08-29 17:00:00,1936.237,1938.109,1935.829,1937.133,3624
2023-08-29 18:00:00,1937.136,1937.193,1935.162,1937.031,2600
2023-08-29 19:00:00,1937.0,1938.12,1936.352,1938.018,2296
2023-08-29 20:00:00,1937.981,1937.981,1937.228,1937.374,1247
2023-08-29 22:00:00,1937.234,1937.567,1936.656,1937.13,1227
2023-08-29 23:00:00,1937.129,1937.489,1935.924,1936.168,1409
2023-08-30 00:00:00,1936.176,1937.188,1935.924,1936.739,2035
2023-08-30 01:00:00,1936.739,1936.997,1935.36,1936.139,3109
2023-08-30 02:00:00,1936.139,1937.467,1936.111,1936.696,2830
2023-08-30 03:00:00,1936.726,1936.925,1935.883,1936.739,1996
2023-08-30 04:00:00,1936.738,1937.077,1935.841,1936.031,1891
2023-08-30 05:00:00,1936.035,1936.836,1935.239,1935.339,2554
2023-08-30 06:00:00,1935.335,1936.831,1935.151,1936.124,3162
2023-08-30 07:00:00,1936.108,1936.729,1934.94,1936.458,3222
2023-08-30 08:00:00,1936.488,1936.887,1935.445,1936.566,3288
2023-08-30 09:00:00,1936.531,1938.688,1935.937,1938.032,3009
2023-08-30 10:00:00,1938.02,1938.277,1936.635,1937.908,2624
2023-08-30 11:00:00,1937.877,1939.606,1937.197,1939.065,3044
2023-08-30 12:00:00,1939.053,1945.703,1938.747,1945.134,8379
2023-08-30 13:00:00,1945.092,1948.42,1942.74,1947.35,7685
2023-08-30 14:00:00,1947.316,1949.006,1944.972,1946.536,6602
2023-08-30 15:00:00,1946.571,1946.942,1944.049,1944.911,4321
2023-08-30 16:00:00,1944.88,1944.969,1943.059,1944.852,3480
2023-08-30 17:00:00,1944.855,1945.564,1943.48,1943.647,2639
2023-08-30 18:00:00,1943.654,1944.416,1942.782,1943.816,2575
2023-08-30 19:00:00,1943.8,1943.848,1943.026,1943.385,2102
2023-08-30 20:00:00,1943.409,1943.58,1942.073,1942.373,1560
2023-08-30 22:00:00,1943.006,1945.424,1942.758,1944.549,2001
2023-08-30 23:00:00,1944.546,1944.719,1943.753,1944.185,1556
2023-08-31 00:00:00,1944.195,1945.466,1944.106,1945.313,1806
2023-08-31 01:00:00,1945.319,1947.603,1945.303,1947.17,3160
2023-08-31 02:00:00,1947.166,1947.66,1945.478,1946.133,2516
2023-08-31 03:00:00,1946.128,1946.132,1944.701,1945.136,2240
2023-08-31 04:00:00,1945.105,1945.961,1944.856,1945.731,1643
2023-08-31 05:00:00,1945.732,1945.907,1944.475,1945.31,2491
2023-08-31 06:00:00,1945.325,1945.679,1943.195,1943.758,2938
2023-08-31 07:00:00,1943.795,1946.253,1943.795,1945.035,3221
2023-08-31 08:00:00,1945.043,1945.449,1944.308,1944.363,2834
2023-08-31 09:00:00,1944.333,1945.132,1943.62,1944.733,2963
2023-08-31 10:00:00,1944.731,1945.31,1943.863,1944.255,2535
2023-08-31 11:00:00,1944.258,1945.869,1943.781,1945.633,3037
2023-08-31 12:00:00,1945.635,1947.526,1943.048,1945.783,6513
2023-08-31 13:00:00,1945.814,1946.377,1940.285,1943.675,7925
2023-08-31 14:00:00,1943.705,1945.034,1940.984,1942.796,5865
2023-08-31 15:00:00,1942.828,1943.676,1939.033,1940.592,4559
2023-08-31 16:00:00,1940.595,1942.448,1940.51,1941.678,3061
2023-08-31 17:00:00,1941.681,1941.795,1939.047,1940.422,2875
2023-08-31 18:00:00,1940.424,1942.054,1940.251,1941.328,2215
2023-08-31 19:00:00,1941.335,1941.629,1939.886,1940.019,2386
2023-08-31 20:00:00,1940.054,1940.509,1939.34,1939.756,1360
2023-08-31 22:00:00,1940.06,1940.277,1939.76,1940.085,1248
2023-08-31 23:00:00,1940.085,1940.089,1939.043,1939.824,1244
2023-09-01 00:00:00,1939.828,1940.235,1938.638,1939.276,2016
2023-09-01 01:00:00,1939.302,1943.911,1939.293,1942.527,3683
2023-09-01 02:00:00,1942.536,1942.594,1939.974,1940.476,2721
2023-09-01 03:00:00,1940.44,1940.44,1938.681,1938.907,2329
2023-09-01 04:00:00,1938.899,1940.16,1938.191,1939.954,1776
2023-09-01 05:00:00,1939.954,1940.63,1939.19,1939.707,2262
2023-09-01 06:00:00,1939.738,1940.399,1938.378,1940.326,3280
2023-09-01 07:00:00,1940.362,1943.458,1940.256,1943.072,3200
2023-09-01 08:00:00,1943.064,1943.721,1941.873,1942.925,2791
2023-09-01 09:00:00,1942.927,1944.442,1942.862,1944.193,2463
2023-09-01 10:00:00,1944.192,1944.359,1943.433,1944.253,2324
2023-09-01 11:00:00,1944.252,1945.822,1943.977,1944.442,2944
2023-09-01 12:00:00,1944.432,1952.331,1944.217,1949.686,8903
2023-09-01 13:00:00,1949.719,1951.332,1940.029,1943.814,10420
2023-09-01 14:00:00,1943.773,1943.773,1934.334,1940.055,10486
2023-09-01 15:00:00,1940.033,1940.456,1936.685,1938.779,4627
2023-09-01 16:00:00,1938.78,1939.8,1937.577,1938.083,3331
2023-09-01 17:00:00,1938.089,1941.53,1937.31,1941.106,2917
2023-09-01 18:00:00,1941.106,1941.147,1940.233,1941.059,2125
2023-09-01 19:00:00,1941.029,1941.306,1940.405,1940.491,2108
2023-09-01 20:00:00,1940.526,1940.667,1939.225,1939.704,1227
2023-09-03 22:00:00,1939.987,1940.205,1939.406,1939.534,906
2023-09-03 23:00:00,1939.537,1941.0,1939.508,1940.558,1237
2023-09-04 00:00:00,1940.537,1941.648,1940.098,1940.885,1938
2023-09-04 01:00:00,1940.88,1943.959,1940.44,1942.982,3642
2023-09-04 02:00:00,1943.012,1946.04,1942.976,1945.646,2976
2023-09-04 03:00:00,1945.648,1945.96,1944.86,1944.931,1998
2023-09-04 04:00:00,1944.921,1945.141,1944.266,1945.078,1652
2023-09-04 05:00:00,1945.076,1945.803,1944.044,1944.461,2662
2023-09-04 06:00:00,1944.465,1946.232,1944.366,1945.053,3148
2023-09-04 07:00:00,1945.053,1945.195,1943.078,1943.78,3158
2023-09-04 08:00:00,1943.775,1944.417,1942.645,1943.811,2494
2023-09-04 09:00:00,1943.805,1944.162,1940.774,1940.934,2784
2023-09-04 10:00:00,1940.937,1942.691,1940.25,1940.425,2463
2023-09-04 11:00:00,1940.433,1941.91,1939.816,1941.589,2249
2023-09-04 12:00:00,1941.6,1941.68,1939.853,1939.91,2460
2023-09-04 13:00:00,1939.91,1940.157,1937.86,1938.197,3665
2023-09-04 14:00:00,1938.16,1938.71,1936.688,1938.301,2970
2023-09-04 15:00:00,1938.3,1938.987,1938.064,1938.598,2128
2023-09-04 16:00:00,1938.597,1938.822,1937.935,1938.292,1694
2023-09-04 17:00:00,1938.291,1938.333,1937.931,1938.118,242
2023-09-04 22:00:00,1938.457,1938.742,1937.941,1938.071,972
2023-09-04 23:00:00,1938.07,1938.552,1937.628,1937.659,1064
2023-09-05 00:00:00,1937.551,1937.928,1936.945,1937.78,1864
2023-09-05 01:00:00,1937.788,1938.618,1934.72,1935.785,3166
2023-09-05 02:00:00,1935.787,1937.461,1935.158,1937.02,2917
2023-09-05 03:00:00,1937.03,1937.361,1936.071,1936.926,2243
2023-09-05 04:00:00,1936.926,1938.888,1936.881,1938.55,1915
2023-09-05 05:00:00,1938.552,1938.927,1936.554,1937.024,2582
2023-09-05 06:00:00,1937.048,1937.239,1935.172,1936.69,3548
2023-09-05 07:00:00,1936.722,1938.235,1935.476,1935.541,3478
2023-09-05 08:00:00,1935.54,1935.624,1932.189,1933.388,3377
2023-09-05 09:00:00,1933.393,1933.414,1930.5,1930.679,3206
2023-09-05 10:00:00,1930.649,1932.334,1930.183,1931.052,2852
2023-09-05 11:00:00,1931.052,1931.841,1929.911,1930.428,3185
2023-09-05 12:00:00,1930.398,1934.486,1927.827,1933.745,6710
2023-09-05 13:00:00,1933.783,1934.192,1926.658,1927.7,7842
2023-09-05 14:00:00,1927.733,1928.258,1925.272,1927.375,6257
2023-09-05 15:00:00,1927.394,1928.899,1926.07,1926.07,4153
2023-09-05 16:00:00,1926.039,1927.878,1926.002,1927.199,3039
2023-09-05 17:00:00,1927.234,1927.413,1926.203,1926.47,2659
2023-09-05 18:00:00,1926.469,1927.436,1925.908,1925.946,2139
2023-09-05 19:00:00,1925.947,1927.258,1925.412,1925.78,2277
2023-09-05 20:00:00,1925.811,1926.387,1925.387,1925.889,1265
2023-09-05 22:00:00,1926.279,1926.469,1925.996,1926.345,740
2023-09-05 23:00:00,1926.346,1926.883,1925.81,1926.559,1460
2023-09-06 00:00:00,1926.569,1926.682,1924.408,1924.67,2030
2023-09-06 01:00:00,1924.67,1925.593,1924.189,1924.79,3310
2023-09-06 02:00:00,1924.821,1926.695,1924.346,1926.361,2505
2023-09-06 03:00:00,1926.349,1926.582,1925.709,1926.501,2222
2023-09-06 04:00:00,1926.494,1927.311,1926.418,1927.202,1740
2023-09-06 05:00:00,1927.234,1928.428,1927.125,1928.172,2587
2023-09-06 06:00:00,1928.164,1928.297,1925.586,1926.066,3120
2023-09-06 07:00:00,1926.061,1926.579,1922.741,1922.741,4079
2023-09-06 08:00:00,1922.775,1924.869,1922.338,1924.685,3155
2023-09-06 09:00:00,1924.683,1925.478,1922.805,1925.24,2776
2023-09-06 10:00:00,1925.271,1927.551,1925.263,1926.41,2889
2023-09-06 11:00:00,1926.441,1926.926,1925.264,1925.371,2767
2023-09-06 12:00:00,1925.363,1927.243,1923.085,1923.154,4261
2023-09-06 13:00:00,1923.122,1929.079,1921.099,1928.115,7157
2023-09-06 14:00:00,1928.07,1928.07,1915.243,1918.097,9895
2023-09-06 15:00:00,1918.083,1918.219,1915.486,1916.736,4428
2023-09-06 16:00:00,1916.739,1920.198,1916.212,1919.947,3210
2023-09-06 17:00:00,1919.947,1920.622,1917.496,1917.614,2784
2023-09-06 18:00:00,1917.614,1918.097,1915.959,1917.614,2129
2023-09-06 19:00:00,1917.613,1917.675,1916.302,1916.642,2087
2023-09-06 20:00:00,1916.672,1916.986,1915.921,1916.351,1296
2023-09-06 22:00:00,1917.426,1918.103,1917.267,1917.509,1241
2023-09-06 23:00:00,1917.52,1917.833,1916.904,1917.091,1181
2023-09-07 00:00:00,1917.086,1917.089,1916.283,1916.777,1883
2023-09-07 01:00:00,1916.779,1919.59,1916.611,1919.497,2956
2023-09-07 02:00:00,1919.507,1919.758,1917.698,1919.726,2582
2023-09-07 03:00:00,1919.719,1920.662,1919.371,1920.117,2358
2023-09-07 04:00:00,1920.1,1920.209,1917.996,1918.941,2034
2023-09-07 05:00:00,1918.931,1919.275,1917.389,1917.462,2586
2023-09-07 06:00:00,1917.438,1919.741,1917.438,1918.356,3164
2023-09-07 07:00:00,1918.39,1918.678,1917.069,1918.344,3337
2023-09-07 08:00:00,1918.312,1919.25,1917.336,1918.806,2941
2023-09-07 09:00:00,1918.817,1920.453,1918.57,1920.21,2682
2023-09-07 10:00:00,1920.187,1921.108,1919.482,1920.014,2506
2023-09-07 11:00:00,1920.012,1922.257,1919.964,1921.773,2998
2023-09-07 12:00:00,1921.787,1923.371,1916.163,1923.068,6044
2023-09-07 13:00:00,1923.035,1923.414,1918.125,1919.871,6811
2023-09-07 14:00:00,1919.94,1921.454,1917.162,1918.011,4974
2023-09-07 15:00:00,1917.984,1921.302,1917.18,1920.906,3652
2023-09-07 16:00:00,1920.903,1921.378,1917.988,1918.002,2541
2023-09-07 17:00:00,1917.992,1919.262,1917.414,1918.355,2448
2023-09-07 18:00:00,1918.357,1920.668,1918.01,1920.293,2200
2023-09-07 19:00:00,1920.285,1920.494,1918.615,1918.716,1847
2023-09-07 20:00:00,1918.748,1919.709,1918.748,1919.519,1096
2023-09-07 22:00:00,1919.554,1920.118,1919.315,1919.745,933
2023-09-07 23:00:00,1919.743,1920.294,1919.738,1920.247,1125
2023-09-08 00:00:00,1920.255,1924.368,1920.063,1923.677,3300
2023-09-08 01:00:00,1923.669,1925.991,1922.807,1925.843,4409
2023-09-08 02:00:00,1925.844,1927.131,1925.034,1925.929,3051
2023-09-08 03:00:00,1925.906,1926.2,1924.329,1924.905,2079
2023-09-08 04:00:00,1924.905,1925.01,1924.236,1924.467,1724
2023-09-08 05:00:00,1924.467,1925.877,1924.262,1925.648,2236
2023-09-08 06:00:00,1925.648,1927.236,1924.845,1925.296,3207
2023-09-08 07:00:00,1925.297,1925.922,1923.81,1924.073,3247
2023-09-08 08:00:00,1924.066,1924.736,1923.341,1924.656,2986
2023-09-08 09:00:00,1924.652,1925.813,1923.883,1925.163,2773
2023-09-08 10:00:00,1925.172,1925.539,1923.341,1923.472,2363
2023-09-08 11:00:00,1923.502,1923.89,1922.608,1922.953,2739
2023-09-08 12:00:00,1922.954,1926.009,1920.33,1920.362,4448
2023-09-08 13:00:00,1920.393,1928.595,1920.128,1928.337,6135
2023-09-08 14:00:00,1928.306,1929.639,1923.723,1923.739,6022
2023-09-08 15:00:00,1923.77,1924.137,1919.149,1919.546,4250
2023-09-08 16:00:00,1919.545,1919.849,1917.153,1919.641,3089
2023-09-08 17:00:00,1919.649,1920.444,1918.769,1920.417,2327
2023-09-08 18:00:00,1920.418,1920.631,1918.361,1918.528,1880
2023-09-08 19:00:00,1918.528,1919.344,1918.072,1919.156,1683
2023-09-08 20:00:00,1919.146,1919.348,1918.756,1918.973,1007
2023-09-10 22:00:00,1919.621,1919.653,1917.916,1918.256,1771
2023-09-10 23:00:00,1918.255,1919.634,1916.576,1918.801,2230
2023-09-11 00:00:00,1918.795,1920.209,1918.316,1920.011,2801
2023-09-11 01:00:00,1920.013,1923.146,1919.086,1922.4,3835
2023-09-11 02:00:00,1922.393,1924.001,1922.299,1922.667,3255
2023-09-11 03:00:00,1922.664,1923.569,1922.284,1923.274,2528
2023-09-11 04:00:00,1923.274,1926.556,1922.921,1926.316,3122
2023-09-11 05:00:00,1926.282,1927.987,1925.968,1927.622,3849
2023-09-11 06:00:00,1927.631,1928.602,1926.273,1927.845,3650
2023-09-11 07:00:00,1927.853,1930.47,1926.177,1926.422,3863
2023-09-11 08:00:00,1926.392,1927.745,1925.343,1927.707,3231
2023-09-11 09:00:00,1927.675,1927.977,1925.276,1925.318,2911
2023-09-11 10:00:00,1925.313,1926.275,1924.698,1925.742,2708
2023-09-11 11:00:00,1925.71,1926.462,1924.623,1925.167,2907
2023-09-11 12:00:00,1925.16,1927.139,1924.137,1927.104,4296
2023-09-11 13:00:00,1927.096,1930.054,1924.361,1925.813,5845
2023-09-11 14:00:00,1925.78,1926.621,1921.453,1922.482,5716
2023-09-11 15:00:00,1922.469,1924.335,1921.344,1922.987,3689
2023-09-11 16:00:00,1922.987,1925.038,1922.74,1923.371,2725
2023-09-11 17:00:00,1923.377,1924.243,1922.365,1922.598,2543
2023-09-11 18:00:00,1922.601,1922.869,1921.436,1921.797,2148
2023-09-11 19:00:00,1921.815,1923.075,1921.531,1922.7,2141
2023-09-11 20:00:00,1922.668,1922.668,1922.173,1922.27,917
2023-09-11 22:00:00,1922.699,1923.236,1922.459,1922.463,921
2023-09-11 23:00:00,1922.46,1922.46,1921.205,1921.627,1407
2023-09-12 00:00:00,1921.59,1922.548,1921.165,1921.489,2037
2023-09-12 01:00:00,1921.478,1923.441,1920.311,1921.844,3400
2023-09-12 02:00:00,1921.833,1923.293,1921.232,1922.965,2983
2023-09-12 03:00:00,1922.966,1924.282,1922.208,1923.623,2238
2023-09-12 04:00:00,1923.623,1924.447,1922.2,1922.214,2222
2023-09-12 05:00:00,1922.212,1922.298,1919.882,1920.178,2776
2023-09-12 06:00:00,1920.21,1920.641,1918.825,1919.934,3002
2023-09-12 07:00:00,1919.913,1920.052,1918.763,1918.968,2966
2023-09-12 08:00:00,1918.967,1921.298,1918.605,1919.714,3040
2023-09-12 09:00:00,1919.715,1920.005,1918.541,1918.93,2608
2023-09-12 10:00:00,1918.917,1919.569,1914.678,1915.522,3663
2023-09-12 11:00:00,1915.543,1915.543,1910.826,1912.936,3945
2023-09-12 12:00:00,1912.936,1912.936,1908.612,1909.678,5444
2023-09-12 13:00:00,1909.648,1911.72,1907.352,1909.196,6477
2023-09-12 14:00:00,1909.177,1914.453,1908.307,1911.87,5574
2023-09-12 15:00:00,1911.904,1913.678,1911.644,1912.411,3530
2023-09-12 16:00:00,1912.422,1915.007,1911.68,1912.3,3023
2023-09-12 17:00:00,1912.328,1913.249,1911.745,1911.978,2696
2023-09-12 18:00:00,1912.0,1913.403,1911.78,1913.331,2223
2023-09-12 19:00:00,1913.329,1913.526,1912.585,1912.942,1983
2023-09-12 20:00:00,1912.927,1913.531,1912.597,1913.411,1391
2023-09-12 22:00:00,1913.009,1913.744,1913.009,1913.435,834
2023-09-12 23:00:00,1913.436,1913.778,1912.434,1912.858,1245
2023-09-13 00:00:00,1912.857,1913.616,1912.413,1912.527,2139
2023-09-13 01:00:00,1912.527,1913.781,1910.683,1911.331,3376
2023-09-13 02:00:00,1911.362,1911.786,1908.859,1908.995,2940
2023-09-13 03:00:00,1908.994,1909.605,1908.168,1909.604,2607
2023-09-13 04:00:00,1909.602,1911.92,1909.413,1911.574,2332
2023-09-13 05:00:00,1911.573,1912.6,1909.205,1910.17,2828
2023-09-13 06:00:00,1910.201,1910.463,1908.154,1909.909,3578
2023-09-13 07:00:00,1909.886,1912.078,1909.233,1911.988,3459
2023-09-13 08:00:00,1911.958,1912.523,1911.12,1912.161,2963
2023-09-13 09:00:00,1912.154,1912.396,1910.74,1911.172,2700
2023-09-13 10:00:00,1911.171,1912.508,1910.739,1912.508,2492
2023-09-13 11:00:00,1912.539,1913.055,1911.331,1912.262,2794
2023-09-13 12:00:00,1912.262,1914.505,1905.28,1912.235,11708
2023-09-13 13:00:00,1912.266,1915.545,1909.254,1913.316,8391
2023-09-13 14:00:00,1913.355,1914.535,1909.664,1912.634,6357
2023-09-13 15:00:00,1912.63,1913.492,1909.13,1910.375,3974
2023-09-13 16:00:00,1910.376,1911.631,1908.862,1909.325,3384
2023-09-13 17:00:00,1909.295,1911.137,1908.129,1910.039,3021
2023-09-13 18:00:00,1910.017,1910.291,1908.809,1909.316,2252
2023-09-13 19:00:00,1909.316,1909.316,1908.396,1908.739,2305
2023-09-13 20:00:00,1908.767,1908.887,1908.119,1908.152,1157
2023-09-13 22:00:00,1908.886,1909.776,1908.742,1908.79,1255
2023-09-13 23:00:00,1908.8,1909.563,1907.431,1909.176,1584
2023-09-14 00:00:00,1909.169,1912.79,1908.949,1912.619,2333
2023-09-14 01:00:00,1912.611,1912.856,1910.588,1911.119,3861
2023-09-14 02:00:00,1911.076,1911.296,1908.763,1909.918,3537
2023-09-14 03:00:00,1909.928,1910.522,1908.778,1909.643,2500
2023-09-14 04:00:00,1909.641,1910.645,1909.15,1909.341,2035
2023-09-14 05:00:00,1909.352,1910.983,1907.67,1908.014,3003
2023-09-14 06:00:00,1908.014,1908.589,1906.961,1907.29,3338
2023-09-14 07:00:00,1907.321,1907.462,1905.166,1905.818,3298
2023-09-14 08:00:00,1905.817,1907.314,1905.498,1907.256,3117
2023-09-14 09:00:00,1907.25,1907.487,1906.057,1906.307,2510
2023-09-14 10:00:00,1906.306,1909.078,1906.212,1909.012,2891
2023-09-14 11:00:00,1909.042,1909.065,1907.167,1907.458,2865
2023-09-14 12:00:00,1907.488,1910.291,1901.145,1904.43,9716
2023-09-14 13:00:00,1904.396,1907.527,1901.938,1903.088,10249
2023-09-14 14:00:00,1903.054,1910.423,1900.968,1908.488,6723
2023-09-14 15:00:00,1908.457,1911.332,1905.712,1907.913,4752
2023-09-14 16:00:00,1907.92,1912.03,1907.903,1910.166,4210
2023-09-14 17:00:00,1910.187,1911.381,1908.344,1908.679,3083
2023-09-14 18:00:00,1908.678,1909.433,1908.045,1908.184,2392
2023-09-14 19:00:00,1908.187,1909.433,1908.179,1909.412,2219
2023-09-14 20:00:00,1909.377,1910.632,1909.178,1910.632,1274
2023-09-14 22:00:00,1910.879,1910.912,1910.219,1910.336,1158
2023-09-14 23:00:00,1910.336,1911.026,1909.735,1909.735,1462
2023-09-15 00:00:00,1909.766,1911.49,1909.766,1911.238,2300
2023-09-15 01:00:00,1911.205,1915.311,1910.454,1915.199,4110
2023-09-15 02:00:00,1915.192,1915.941,1914.642,1915.506,3228
2023-09-15 03:00:00,1915.505,1915.877,1914.603,1915.55,2512
2023-09-15 04:00:00,1915.538,1916.74,1915.158,1916.128,2085
2023-09-15 05:00:00,1916.13,1916.227,1914.893,1916.206,3006
2023-09-15 06:00:00,1916.215,1919.505,1915.97,1918.628,4738
2023-09-15 07:00:00,1918.645,1918.872,1915.381,1917.973,3908
2023-09-15 08:00:00,1917.972,1918.426,1916.764,1917.989,3127
2023-09-15 09:00:00,1917.989,1919.171,1917.725,1917.958,2868
2023-09-15 10:00:00,1917.972,1918.2,1917.05,1917.085,2556
2023-09-15 11:00:00,1917.088,1919.852,1916.697,1919.146,3136
2023-09-15 12:00:00,1919.153,1920.449,1915.703,1917.05,5111
2023-09-15 13:00:00,1917.047,1926.74,1916.87,1924.5,7336
2023-09-15 14:00:00,1924.476,1930.372,1924.476,1928.513,7648
2023-09-15 15:00:00,1928.484,1929.641,1924.669,1926.378,4704
2023-09-15 16:00:00,1926.381,1927.804,1924.942,1925.304,3408
2023-09-15 17:00:00,1925.304,1925.814,1923.837,1924.688,3014
2023-09-15 18:00:00,1924.688,1924.933,1923.857,1923.986,2315
2023-09-15 19:00:00,1923.991,1924.454,1922.353,1922.45,2408
2023-09-15 20:00:00,1922.483,1923.868,1922.378,1923.831,1767
2023-09-17 22:00:00,1924.077,1924.53,1923.471,1923.63,1180
2023-09-17 23:00:00,1923.655,1923.662,1922.547,1923.227,1533
2023-09-18 00:00:00,1923.227,1924.605,1923.192,1924.559,1926
2023-09-18 01:00:00,1924.558,1926.519,1923.295,1925.208,4307
2023-09-18 02:00:00,1925.21,1928.684,1925.114,1928.113,3042
2023-09-18 03:00:00,1928.118,1929.448,1927.951,1928.838,2444
2023-09-18 04:00:00,1928.807,1929.368,1927.613,1928.145,2068
2023-09-18 05:00:00,1928.148,1930.57,1927.794,1929.828,2462
2023-09-18 06:00:00,1929.832,1930.296,1928.102,1928.497,4354
2023-09-18 07:00:00,1928.514,1929.149,1926.411,1926.44,3508
2023-09-18 08:00:00,1926.41,1926.58,1925.043,1926.077,3046
2023-09-18 09:00:00,1926.046,1926.888,1925.554,1926.857,2546
2023-09-18 10:00:00,1926.854,1927.432,1926.304,1926.742,2593
2023-09-18 11:00:00,1926.742,1928.126,1926.428,1926.77,2712
2023-09-18 12:00:00,1926.755,1927.989,1923.505,1923.933,4207
2023-09-18 13:00:00,1923.945,1928.405,1923.381,1923.935,5583
2023-09-18 14:00:00,1923.903,1927.544,1922.723,1926.837,4886
2023-09-18 15:00:00,1926.805,1929.379,1926.241,1928.965,3513
2023-09-18 16:00:00,1928.998,1931.114,1927.646,1931.035,3064
2023-09-18 17:00:00,1931.067,1933.388,1930.965,1932.117,2957
2023-09-18 18:00:00,1932.121,1932.222,1931.061,1931.493,2180
2023-09-18 19:00:00,1931.524,1933.534,1931.442,1933.282,2018
2023-09-18 20:00:00,1933.251,1934.178,1933.034,1933.542,1382
2023-09-18 22:00:00,1933.799,1933.95,1933.307,1933.621,1079
2023-09-18 23:00:00,1933.628,1934.453,1933.313,1934.04,1312
2023-09-19 00:00:00,1934.061,1934.534,1932.639,1932.695,2140
2023-09-19 01:00:00,1932.713,1933.268,1931.683,1932.94,3045
2023-09-19 02:00:00,1932.974,1933.364,1932.372,1932.854,2257
2023-09-19 03:00:00,1932.85,1932.997,1932.089,1932.227,1822
2023-09-19 04:00:00,1932.226,1932.504,1931.29,1931.29,1689
2023-09-19 05:00:00,1931.288,1931.771,1930.241,1930.84,2319
2023-09-19 06:00:00,1930.844,1931.31,1929.8,1930.456,3144
2023-09-19 07:00:00,1930.486,1934.752,1930.486,1934.408,3264
2023-09-19 08:00:00,1934.412,1934.884,1933.426,1933.717,2712
2023-09-19 09:00:00,1933.721,1935.335,1933.579,1935.135,2215
2023-09-19 10:00:00,1935.138,1936.745,1934.532,1935.246,2369
2023-09-19 11:00:00,1935.243,1936.0,1934.43,1935.207,2456
2023-09-19 12:00:00,1935.215,1937.345,1934.07,1935.828,4448
2023-09-19 13:00:00,1935.797,1936.309,1932.679,1934.721,5531
2023-09-19 14:00:00,1934.691,1935.163,1931.001,1934.822,5265
2023-09-19 15:00:00,1934.817,1934.951,1931.999,1933.056,3507
2023-09-19 16:00:00,1933.07,1933.687,1930.785,1930.846,2872
2023-09-19 17:00:00,1930.836,1932.975,1930.591,1930.794,2794
2023-09-19 18:00:00,1930.792,1931.164,1929.723,1930.767,2380
2023-09-19 19:00:00,1930.745,1932.229,1930.672,1931.895,2030
2023-09-19 20:00:00,1931.861,1931.861,1930.982,1931.24,1102
2023-09-19 22:00:00,1931.842,1932.307,1931.692,1931.798,1011
2023-09-19 23:00:00,1931.799,1931.799,1930.868,1931.319,1182
2023-09-20 00:00:00,1931.317,1931.491,1930.257,1930.626,1831
2023-09-20 01:00:00,1930.648,1930.679,1928.267,1929.905,3318
2023-09-20 02:00:00,1929.92,1931.115,1929.895,1930.671,2607
2023-09-20 03:00:00,1930.647,1931.374,1930.354,1930.551,1947
2023-09-20 04:00:00,1930.552,1930.821,1929.644,1929.758,1522
2023-09-20 05:00:00,1929.756,1931.693,1929.643,1931.136,2537
2023-09-20 06:00:00,1931.099,1932.281,1929.831,1930.381,3535
2023-09-20 07:00:00,1930.35,1930.484,1927.837,1928.668,3390
2023-09-20 08:00:00,1928.637,1930.234,1928.608,1929.074,2891
2023-09-20 09:00:00,1929.065,1931.755,1929.065,1931.737,2614
2023-09-20 10:00:00,1931.737,1932.669,1931.587,1932.492,2589
2023-09-20 11:00:00,1932.523,1932.645,1930.911,1932.048,2512
2023-09-20 12:00:00,1932.016,1933.976,1930.858,1932.125,3742
2023-09-20 13:00:00,1932.146,1943.234,1931.907,1940.555,5789
2023-09-20 14:00:00,1940.523,1944.484,1940.282,1943.963,5574
2023-09-20 15:00:00,1943.928,1945.774,1941.543,1941.77,4309
2023-09-20 16:00:00,1941.746,1946.644,1941.574,1946.607,3332
2023-09-20 17:00:00,1946.647,1947.361,1945.234,1946.215,3135
2023-09-20 18:00:00,1946.218,1946.722,1939.296,1940.422,12732
2023-09-20 19:00:00,1940.453,1941.185,1932.811,1932.956,5833
2023-09-20 20:00:00,1932.988,1933.639,1929.121,1930.426,2983
2023-09-20 22:00:00,1930.333,1931.448,1929.557,1931.124,2143
2023-09-20 23:00:00,1931.123,1931.123,1929.273,1929.424,1961
2023-09-21 00:00:00,1929.428,1929.657,1924.579,1924.922,2995
2023-09-21 01:00:00,1924.918,1927.126,1924.189,1926.795,3965
2023-09-21 02:00:00,1926.79,1927.55,1925.678,1926.647,2955
2023-09-21 03:00:00,1926.638,1928.624,1926.638,1928.299,2558
2023-09-21 04:00:00,1928.3,1928.522,1927.789,1927.931,1878
2023-09-21 05:00:00,1927.93,1928.919,1926.929,1928.688,2465
2023-09-21 06:00:00,1928.654,1930.451,1927.69,1928.12,3168
2023-09-21 07:00:00,1928.15,1928.641,1926.354,1927.12,4093
2023-09-21 08:00:00,1927.089,1927.382,1922.852,1923.03,3574
2023-09-21 09:00:00,1923.029,1924.736,1922.445,1924.641,3004
2023-09-21 10:00:00,1924.61,1926.034,1923.711,1925.179,2814
2023-09-21 11:00:00,1925.142,1925.261,1920.189,1920.705,4593
2023-09-21 12:00:00,1920.712,1920.712,1914.002,1916.279,8110
2023-09-21 13:00:00,1916.311,1918.853,1913.791,1916.441,8603
2023-09-21 14:00:00,1916.41,1923.774,1915.025,1920.118,7274
2023-09-21 15:00:00,1920.151,1921.237,1917.112,1917.397,4749
2023-09-21 16:00:00,1917.428,1919.904,1916.242,1919.461,3428
2023-09-21 17:00:00,1919.447,1921.205,1918.635,1920.405,3156
2023-09-21 18:00:00,1920.414,1921.218,1919.526,1919.845,2652
2023-09-21 19:00:00,1919.872,1921.014,1919.262,1919.691,2380
2023-09-21 20:00:00,1919.724,1920.192,1919.5,1920.002,1190
2023-09-21 22:00:00,1919.581,1920.356,1919.329,1920.095,1163
2023-09-21 23:00:00,1920.097,1921.5,1920.079,1921.353,1829
2023-09-22 00:00:00,1921.361,1923.61,1921.19,1923.392,2084
2023-09-22 01:00:00,1923.361,1924.172,1922.045,1923.969,3440
2023-09-22 02:00:00,1923.968,1925.49,1923.458,1923.922,3023
2023-09-22 03:00:00,1923.928,1924.556,1922.567,1923.776,2683
2023-09-22 04:00:00,1923.778,1924.833,1923.371,1924.278,1936
2023-09-22 05:00:00,1924.247,1925.08,1923.688,1924.663,2780
2023-09-22 06:00:00,1924.657,1925.974,1924.274,1925.482,3765
2023-09-22 07:00:00,1925.453,1928.683,1924.692,1927.963,4446
2023-09-22 08:00:00,1927.929,1927.948,1926.287,1926.677,3180
2023-09-22 09:00:00,1926.66,1927.577,1925.067,1925.339,2861
2023-09-22 10:00:00,1925.341,1926.386,1924.261,1924.556,2829
2023-09-22 11:00:00,1924.57,1926.753,1924.449,1925.507,3058
2023-09-22 12:00:00,1925.507,1926.506,1924.1,1926.074,4365
2023-09-22 13:00:00,1926.051,1928.259,1924.823,1925.988,5617
2023-09-22 14:00:00,1925.958,1929.046,1925.579,1928.144,5509
2023-09-22 15:00:00,1928.147,1928.734,1926.587,1927.669,3731
2023-09-22 16:00:00,1927.666,1928.478,1924.843,1925.246,3025
2023-09-22 17:00:00,1925.251,1926.282,1924.55,1925.463,2669
2023-09-22 18:00:00,1925.495,1925.866,1924.242,1924.914,2211
2023-09-22 19:00:00,1924.918,1925.557,1924.431,1925.336,2172
2023-09-22 20:00:00,1925.304,1925.52,1924.594,1925.231,1182
2023-09-24 22:00:00,1926.118,1926.294,1925.638,1925.744,1365
2023-09-24 23:00:00,1925.745,1925.745,1924.402,1924.729,1761
2023-09-25 00:00:00,1924.73,1925.046,1923.214,1924.829,2245
2023-09-25 01:00:00,1924.829,1925.264,1922.868,1923.622,2855
2023-09-25 02:00:00,1923.587,1923.848,1922.608,1923.655,2346
2023-09-25 03:00:00,1923.657,1924.184,1922.78,1923.582,1915
2023-09-25 04:00:00,1923.579,1923.589,1922.753,1923.091,1691
2023-09-25 05:00:00,1923.091,1923.484,1921.692,1921.692,2369
2023-09-25 06:00:00,1921.683,1924.731,1920.827,1923.997,3105
2023-09-25 07:00:00,1923.967,1927.147,1922.493,1923.449,3707
2023-09-25 08:00:00,1923.448,1923.804,1920.97,1921.648,3610
2023-09-25 09:00:00,1921.637,1923.013,1921.545,1922.759,3044
2023-09-25 10:00:00,1922.758,1924.858,1922.106,1924.829,2876
2023-09-25 11:00:00,1924.832,1924.951,1923.658,1924.019,3039
2023-09-25 12:00:00,1923.987,1926.8,1923.614,1925.866,4222
2023-09-25 13:00:00,1925.835,1926.259,1922.22,1925.302,5338
2023-09-25 14:00:00,1925.272,1925.446,1915.004,1916.815,7939
2023-09-25 15:00:00,1916.848,1919.075,1915.801,1917.417,4969
2023-09-25 16:00:00,1917.41,1918.22,1915.719,1916.7,3295
2023-09-25 17:00:00,1916.712,1917.559,1915.482,1915.888,2690
2023-09-25 18:00:00,1915.888,1917.144,1915.144,1915.566,2342
2023-09-25 19:00:00,1915.559,1916.099,1915.376,1915.454,2236
2023-09-25 20:00:00,1915.475,1916.062,1915.397,1915.886,960
2023-09-25 22:00:00,1916.106,1916.744,1915.977,1916.475,956
2023-09-25 23:00:00,1916.511,1916.658,1916.104,1916.207,967
2023-09-26 00:00:00,1916.209,1916.447,1914.571,1914.815,2038
2023-09-26 01:00:00,1914.82,1915.768,1914.437,1914.76,2821
2023-09-26 02:00:00,1914.765,1915.095,1912.928,1913.59,2515
2023-09-26 03:00:00,1913.59,1914.016,1913.074,1913.592,2236
2023-09-26 04:00:00,1913.59,1914.607,1913.235,1914.596,1519
2023-09-26 05:00:00,1914.596,1915.133,1913.548,1913.548,2252
2023-09-26 06:00:00,1913.547,1913.674,1910.433,1910.461,2993
2023-09-26 07:00:00,1910.444,1913.726,1909.505,1913.637,3695
2023-09-26 08:00:00,1913.674,1915.577,1913.044,1913.73,3554
2023-09-26 09:00:00,1913.738,1913.831,1912.104,1912.959,2932
2023-09-26 10:00:00,1912.915,1913.373,1911.256,1911.702,2656
2023-09-26 11:00:00,1911.705,1913.607,1910.518,1911.534,3107
2023-09-26 12:00:00,1911.532,1912.791,1905.171,1910.198,5656
2023-09-26 13:00:00,1910.228,1910.26,1904.596,1906.659,6398
2023-09-26 14:00:00,1906.673,1909.334,1905.581,1906.379,6290
2023-09-26 15:00:00,1906.398,1906.451,1900.442,1902.366,4865
2023-09-26 16:00:00,1902.396,1903.598,1900.727,1901.202,3569
2023-09-26 17:00:00,1901.24,1902.259,1900.595,1900.955,3223
2023-09-26 18:00:00,1901.0,1901.527,1899.103,1899.886,3006
2023-09-26 19:00:00,1899.919,1901.017,1899.419,1900.456,2564
2023-09-26 20:00:00,1900.496,1900.793,1900.238,1900.659,1183
2023-09-26 22:00:00,1900.651,1901.263,1900.618,1900.929,1075
2023-09-26 23:00:00,1900.936,1902.032,1900.931,1901.529,1322
2023-09-27 00:00:00,1901.524,1902.458,1899.731,1900.679,2081
2023-09-27 01:00:00,1900.643,1903.712,1899.917,1902.536,3490
2023-09-27 02:00:00,1902.558,1902.558,1899.975,1900.812,2750
2023-09-27 03:00:00,1900.777,1900.902,1899.302,1899.873,2136
2023-09-27 04:00:00,1899.864,1899.864,1896.511,1897.685,2612
2023-09-27 05:00:00,1897.655,1898.328,1895.562,1896.25,2961
2023-09-27 06:00:00,1896.256,1898.788,1895.864,1898.082,3585
2023-09-27 07:00:00,1898.063,1899.031,1896.385,1896.619,3513
2023-09-27 08:00:00,1896.588,1897.799,1894.883,1896.588,3221
2023-09-27 09:00:00,1896.611,1896.626,1894.528,1895.522,2988
2023-09-27 10:00:00,1895.505,1896.306,1893.313,1893.819,3075
2023-09-27 11:00:00,1893.777,1894.156,1892.469,1892.851,3394
2023-09-27 12:00:00,1892.842,1893.052,1889.737,1891.761,5168
2023-09-27 13:00:00,1891.73,1892.157,1884.274,1887.723,6148
2023-09-27 14:00:00,1887.741,1888.887,1883.349,1883.35,6111
2023-09-27 15:00:00,1883.382,1884.999,1879.676,1881.49,5291
2023-09-27 16:00:00,1881.525,1881.591,1875.436,1875.857,4240
2023-09-27 17:00:00,1875.889,1877.317,1872.625,1874.681,4589
2023-09-27 18:00:00,1874.712,1877.452,1872.507,1875.973,4086
2023-09-27 19:00:00,1875.942,1878.154,1875.214,1876.701,3270
2023-09-27 20:00:00,1876.732,1876.875,1874.549,1874.587,1599
2023-09-27 22:00:00,1876.167,1877.158,1875.888,1877.005,1644
2023-09-27 23:00:00,1876.989,1877.65,1876.223,1877.562,1535
2023-09-28 00:00:00,1877.583,1877.853,1876.113,1877.077,2498
2023-09-28 01:00:00,1877.079,1877.444,1873.566,1874.097,3475
2023-09-28 02:00:00,1874.099,1875.202,1873.841,1874.765,2729
2023-09-28 03:00:00,1874.727,1875.196,1873.722,1874.63,2203
2023-09-28 04:00:00,1874.611,1875.213,1873.689,1874.851,2115
2023-09-28 05:00:00,1874.84,1877.204,1874.543,1877.016,2938
2023-09-28 06:00:00,1876.998,1877.581,1873.894,1874.935,4218
2023-09-28 07:00:00,1874.971,1878.17,1874.633,1875.68,4061
2023-09-28 08:00:00,1875.714,1876.194,1873.586,1874.124,3656
2023-09-28 09:00:00,1874.105,1877.125,1873.711,1875.813,3393
2023-09-28 10:00:00,1875.82,1876.285,1874.421,1874.859,2903
2023-09-28 11:00:00,1874.823,1876.738,1874.54,1875.972,3067
2023-09-28 12:00:00,1875.984,1879.49,1871.762,1872.356,7275
2023-09-28 13:00:00,1872.321,1877.025,1871.208,1873.0,8582
2023-09-28 14:00:00,1872.966,1876.39,1865.047,1865.081,7650
2023-09-28 15:00:00,1865.098,1865.924,1857.494,1864.718,7016
2023-09-28 16:00:00,1864.758,1865.802,1862.299,1863.476,4657
2023-09-28 17:00:00,1863.492,1864.206,1860.947,1861.872,4124
2023-09-28 18:00:00,1861.905,1865.858,1861.568,1865.549,3126
2023-09-28 19:00:00,1865.509,1867.276,1864.589,1867.102,2864
2023-09-28 20:00:00,1867.071,1867.225,1864.432,1864.66,1676
2023-09-28 22:00:00,1865.276,1866.271,1863.883,1864.322,1657
2023-09-28 23:00:00,1864.325,1866.719,1863.775,1866.7,1954
2023-09-29 00:00:00,1866.695,1867.204,1864.778,1865.305,2073
2023-09-29 01:00:00,1865.304,1866.28,1864.435,1865.749,2843
2023-09-29 02:00:00,1865.762,1866.97,1864.679,1864.827,2619
2023-09-29 03:00:00,1864.857,1864.879,1862.89,1863.302,2202
2023-09-29 04:00:00,1863.301,1865.585,1863.072,1864.977,2300
2023-09-29 05:00:00,1864.977,1868.253,1864.43,1867.326,2572
2023-09-29 06:00:00,1867.292,1870.406,1866.239,1870.053,3710
2023-09-29 07:00:00,1870.02,1873.947,1869.48,1873.502,3920
2023-09-29 08:00:00,1873.528,1873.724,1871.319,1871.63,3632
2023-09-29 09:00:00,1871.69,1873.65,1870.957,1873.552,3283
2023-09-29 10:00:00,1873.534,1873.534,1872.252,1872.302,2876
2023-09-29 11:00:00,1872.269,1872.269,1867.53,1869.425,4179
2023-09-29 12:00:00,1869.424,1873.991,1867.908,1873.811,6822
2023-09-29 13:00:00,1873.841,1879.601,1870.165,1870.579,9528
2023-09-29 14:00:00,1870.51,1871.673,1858.761,1860.837,10944
2023-09-29 15:00:00,1860.87,1861.016,1852.144,1854.741,7134
2023-09-29 16:00:00,1854.773,1856.417,1852.917,1853.638,4285
2023-09-29 17:00:00,1853.635,1853.638,1849.628,1849.931,4154
2023-09-29 18:00:00,1849.932,1850.852,1846.282,1848.842,3583
2023-09-29 19:00:00,1848.811,1850.232,1847.968,1848.199,3399
2023-09-29 20:00:00,1848.168,1849.854,1847.686,1848.796,2115
2023-10-01 22:00:00,1847.284,1848.678,1845.687,1846.467,2189
2023-10-01 23:00:00,1846.436,1848.415,1846.131,1848.314,1877
2023-10-02 00:00:00,1848.314,1848.885,1845.117,1845.462,2512
2023-10-02 01:00:00,1845.429,1847.376,1843.93,1843.934,2548
2023-10-02 02:00:00,1843.922,1845.042,1842.85,1843.991,2230
2023-10-02 03:00:00,1843.993,1844.808,1843.317,1843.436,1627
2023-10-02 04:00:00,1843.432,1844.292,1842.317,1842.536,2197
2023-10-02 05:00:00,1842.534,1843.061,1839.257,1839.621,2612
2023-10-02 06:00:00,1839.589,1846.183,1839.442,1844.305,3684
2023-10-02 07:00:00,1844.336,1845.962,1839.392,1839.776,4538
2023-10-02 08:00:00,1839.744,1843.168,1839.491,1839.525,3686
2023-10-02 09:00:00,1839.493,1839.633,1831.045,1834.194,5040
2023-10-02 10:00:00,1834.203,1836.259,1832.796,1833.432,3912
2023-10-02 11:00:00,1833.463,1838.157,1833.463,1837.263,4072
2023-10-02 12:00:00,1837.301,1840.559,1833.985,1836.25,6220
2023-10-02 13:00:00,1836.268,1838.387,1832.273,1833.845,7784
2023-10-02 14:00:00,1833.815,1836.784,1827.113,1828.836,10417
2023-10-02 15:00:00,1828.866,1834.564,1827.461,1832.576,6732
2023-10-02 16:00:00,1832.61,1833.199,1830.45,1831.586,4667
2023-10-02 17:00:00,1831.617,1833.566,1830.957,1831.826,4035
2023-10-02 18:00:00,1831.827,1833.321,1830.19,1830.49,3089
2023-10-02 19:00:00,1830.518,1830.548,1829.164,1829.306,2947
2023-10-02 20:00:00,1829.276,1829.587,1827.488,1827.778,1671
2023-10-02 22:00:00,1828.946,1829.503,1827.357,1828.12,1974
2023-10-02 23:00:00,1828.12,1828.128,1820.404,1824.944,3502
2023-10-03 00:00:00,1824.919,1825.179,1822.03,1824.672,3787
2023-10-03 01:00:00,1824.689,1825.101,1822.605,1822.91,3360
2023-10-03 02:00:00,1822.909,1823.209,1815.218,1817.389,3798
2023-10-03 03:00:00,1817.389,1820.72,1816.955,1820.49,2711
2023-10-03 04:00:00,1820.494,1821.723,1819.785,1820.614,3084
2023-10-03 05:00:00,1820.617,1820.843,1818.158,1819.389,3080
2023-10-03 06:00:00,1819.41,1824.586,1819.13,1823.858,4275
2023-10-03 07:00:00,1823.822,1824.419,1820.655,1823.999,4279
2023-10-03 08:00:00,1824.025,1829.087,1823.931,1826.211,4323
2023-10-03 09:00:00,1826.198,1827.928,1823.771,1826.397,3782
2023-10-03 10:00:00,1826.405,1827.314,1824.959,1825.732,3399
2023-10-03 11:00:00,1825.716,1827.264,1823.62,1825.909,4597
2023-10-03 12:00:00,1825.908,1829.74,1824.307,1824.76,6841
2023-10-03 13:00:00,1824.792,1831.264,1823.238,1828.959,9063
2023-10-03 14:00:00,1828.928,1833.344,1819.247,1826.412,22127
2023-10-03 15:00:00,1826.381,1828.543,1821.954,1824.787,8442
2023-10-03 16:00:00,1824.819,1828.045,1822.861,1823.856,5593
2023-10-03 17:00:00,1823.86,1825.948,1822.898,1823.535,4189
2023-10-03 18:00:00,1823.526,1825.436,1821.853,1823.764,3759
2023-10-03 19:00:00,1823.733,1825.215,1823.34,1823.886,3048
2023-10-03 20:00:00,1823.846,1824.955,1822.728,1822.761,1606
2023-10-03 22:00:00,1823.471,1824.236,1822.129,1822.594,1545
2023-10-03 23:00:00,1822.593,1824.898,1822.164,1823.303,2042
2023-10-04 00:00:00,1823.303,1824.996,1821.84,1823.174,2980
2023-10-04 01:00:00,1823.195,1824.293,1820.77,1822.696,3968
2023-10-04 02:00:00,1822.664,1822.941,1819.969,1820.798,2955
2023-10-04 03:00:00,1820.805,1822.089,1819.6,1820.731,2571
2023-10-04 04:00:00,1820.73,1823.787,1820.73,1823.538,2394
2023-10-04 05:00:00,1823.54,1823.654,1820.91,1821.197,2826
2023-10-04 06:00:00,1821.225,1821.375,1816.669,1819.052,4030
2023-10-04 07:00:00,1819.02,1823.112,1817.393,1823.064,5334
2023-10-04 08:00:00,1823.033,1823.55,1820.231,1822.954,4428
2023-10-04 09:00:00,1822.991,1824.479,1821.373,1822.076,3903
2023-10-04 10:00:00,1822.044,1823.171,1821.039,1823.062,3567
2023-10-04 11:00:00,1823.071,1827.128,1822.842,1824.949,4916
2023-10-04 12:00:00,1824.945,1830.542,1823.689,1827.262,8998
2023-10-04 13:00:00,1827.293,1827.428,1817.711,1820.346,8304
2023-10-04 14:00:00,1820.342,1821.824,1817.07,1818.393,12106
2023-10-04 15:00:00,1818.359,1826.302,1817.31,1823.718,7436
2023-10-04 16:00:00,1823.817,1823.983,1820.894,1820.967,5115
2023-10-04 17:00:00,1820.936,1821.278,1818.248,1818.314,3972
2023-10-04 18:00:00,1818.283,1818.732,1816.556,1817.579,3270
2023-10-04 19:00:00,1817.548,1823.635,1817.378,1823.286,3355
2023-10-04 20:00:00,1823.321,1823.324,1820.45,1821.213,1782
2023-10-04 22:00:00,1821.648,1822.322,1821.42,1822.309,1279
2023-10-04 23:00:00,1822.308,1823.985,1822.297,1822.524,1625
2023-10-05 00:00:00,1822.472,1825.638,1821.775,1825.57,2911
2023-10-05 01:00:00,1825.576,1828.123,1825.564,1828.033,3478
2023-10-05 02:00:00,1828.054,1828.37,1826.015,1826.141,2381
2023-10-05 03:00:00,1826.123,1828.672,1825.842,1828.297,2377
2023-10-05 04:00:00,1828.328,1829.173,1827.341,1827.6,2335
2023-10-05 05:00:00,1827.558,1828.122,1826.254,1826.263,2671
2023-10-05 06:00:00,1826.27,1826.544,1822.075,1822.214,3512
2023-10-05 07:00:00,1822.178,1822.789,1819.841,1820.69,4193
2023-10-05 08:00:00,1820.719,1822.393,1819.694,1819.837,3640
2023-10-05 09:00:00,1819.839,1823.315,1819.629,1821.912,3407
2023-10-05 10:00:00,1821.944,1823.932,1820.675,1823.194,3326
2023-10-05 11:00:00,1823.176,1823.37,1820.241,1822.994,3777
2023-10-05 12:00:00,1822.99,1823.842,1812.994,1815.644,7825
2023-10-05 13:00:00,1815.675,1821.842,1814.089,1820.63,8857
2023-10-05 14:00:00,1820.662,1821.037,1816.454,1819.846,7815
2023-10-05 15:00:00,1819.852,1819.901,1814.387,1815.471,6244
2023-10-05 16:00:00,1815.503,1818.272,1814.804,1818.104,4470
2023-10-05 17:00:00,1818.098,1819.43,1815.823,1819.078,3764
2023-10-05 18:00:00,1819.077,1820.56,1818.577,1820.174,3420
2023-10-05 19:00:00,1820.144,1820.802,1819.688,1820.301,2835
2023-10-05 20:00:00,1820.332,1820.59,1819.42,1820.282,1307
2023-10-05 22:00:00,1820.474,1821.42,1820.238,1821.153,956
2023-10-05 23:00:00,1821.153,1823.102,1821.126,1821.272,1448
2023-10-06 00:00:00,1821.272,1822.13,1820.19,1820.647,2269
2023-10-06 01:00:00,1820.612,1823.161,1819.658,1822.748,3001
2023-10-06 02:00:00,1822.728,1824.046,1822.383,1823.8,2453
2023-10-06 03:00:00,1823.8,1824.4,1823.256,1823.944,2068
2023-10-06 04:00:00,1823.905,1824.51,1822.545,1822.731,2020
2023-10-06 05:00:00,1822.75,1822.847,1820.702,1821.319,2281
2023-10-06 06:00:00,1821.32,1821.612,1818.576,1819.342,3022
2023-10-06 07:00:00,1819.338,1821.563,1818.561,1821.348,4095
2023-10-06 08:00:00,1821.335,1822.051,1819.274,1821.866,3408
2023-10-06 09:00:00,1821.879,1822.259,1820.019,1820.457,3066
2023-10-06 10:00:00,1820.454,1825.05,1820.454,1822.542,3534
2023-10-06 11:00:00,1822.596,1822.721,1820.633,1821.206,3383
2023-10-06 12:00:00,1821.186,1821.661,1810.402,1815.047,11738
2023-10-06 13:00:00,1815.092,1825.96,1813.881,1821.246,13453
2023-10-06 14:00:00,1821.276,1831.47,1820.883,1823.516,10349
2023-10-06 15:00:00,1823.535,1834.832,1823.535,1832.556,8981
2023-10-06 16:00:00,1832.534,1833.355,1828.967,1829.164,5405
2023-10-06 17:00:00,1829.132,1832.199,1828.762,1831.786,4138
2023-10-06 18:00:00,1831.788,1833.93,1831.452,1831.827,3069
2023-10-06 19:00:00,1831.826,1831.915,1829.031,1829.386,3022
2023-10-06 20:00:00,1829.354,1832.166,1828.94,1831.9,1900
2023-10-08 22:00:00,1853.39,1854.643,1845.525,1849.799,7008
2023-10-08 23:00:00,1849.8,1849.859,1846.497,1847.965,3965
2023-10-09 00:00:00,1847.992,1852.42,1846.237,1852.337,3949
2023-10-09 01:00:00,1852.304,1852.726,1847.306,1848.931,5486
2023-10-09 02:00:00,1848.931,1852.717,1848.876,1850.422,3300
2023-10-09 03:00:00,1850.431,1851.494,1848.726,1851.074,2562
2023-10-09 04:00:00,1851.106,1853.222,1850.084,1850.465,2599
2023-10-09 05:00:00,1850.468,1852.273,1848.039,1851.749,3315
2023-10-09 06:00:00,1851.78,1854.361,1849.904,1849.981,4392
2023-10-09 07:00:00,1849.949,1852.565,1848.02,1850.426,4514
2023-10-09 08:00:00,1850.39,1850.909,1848.882,1850.409,3481
2023-10-09 09:00:00,1850.402,1852.262,1849.927,1851.158,3239
2023-10-09 10:00:00,1851.147,1851.945,1849.783,1850.068,2890
2023-10-09 11:00:00,1850.04,1850.347,1849.011,1849.948,2965
2023-10-09 12:00:00,1849.985,1849.985,1844.921,1847.952,5622
2023-10-09 13:00:00,1847.92,1849.415,1844.161,1845.294,8053
2023-10-09 14:00:00,1845.326,1852.413,1845.016,1852.064,5727
2023-10-09 15:00:00,1852.033,1853.129,1850.515,1851.54,4387
2023-10-09 16:00:00,1851.539,1851.747,1848.633,1849.992,3277
2023-10-09 17:00:00,1850.005,1855.391,1849.914,1854.435,3584
2023-10-09 18:00:00,1854.442,1857.598,1854.41,1857.022,2851
2023-10-09 19:00:00,1857.035,1863.416,1856.951,1863.223,3622
2023-10-09 20:00:00,1863.191,1863.191,1860.919,1861.303,1730
2023-10-09 22:00:00,1861.332,1861.759,1860.571,1861.457,1234
2023-10-09 23:00:00,1861.42,1862.692,1860.342,1862.536,1717
2023-10-10 00:00:00,1862.582,1865.278,1861.366,1864.043,4126
2023-10-10 01:00:00,1864.027,1865.198,1863.039,1863.694,4286
2023-10-10 02:00:00,1863.702,1864.58,1862.277,1862.935,3102
2023-10-10 03:00:00,1862.906,1863.677,1862.329,1862.42,2792
2023-10-10 04:00:00,1862.42,1862.46,1860.778,1860.826,2304
2023-10-10 05:00:00,1860.819,1862.116,1859.831,1860.75,2836
2023-10-10 06:00:00,1860.742,1861.97,1855.135,1856.512,5077
2023-10-10 07:00:00,1856.482,1857.921,1855.235,1857.335,4946
2023-10-10 08:00:00,1857.341,1859.733,1855.365,1858.456,5096
2023-10-10 09:00:00,1858.46,1859.56,1857.542,1858.263,3565
2023-10-10 10:00:00,1858.238,1858.348,1856.332,1856.649,3272
2023-10-10 11:00:00,1856.679,1857.38,1854.815,1857.127,3939
2023-10-10 12:00:00,1857.157,1857.634,1852.97,1854.468,6004
2023-10-10 13:00:00,1854.502,1857.534,1853.055,1857.44,7212
2023-10-10 14:00:00,1857.435,1858.754,1853.3,1856.483,6537
2023-10-10 15:00:00,1856.516,1862.258,1855.961,1861.253,5103
2023-10-10 16:00:00,1861.245,1862.427,1858.355,1861.884,4314
2023-10-10 17:00:00,1861.917,1862.721,1858.217,1858.452,4334
2023-10-10 18:00:00,1858.44,1860.123,1858.061,1859.304,3185
2023-10-10 19:00:00,1859.335,1860.338,1858.325,1860.103,2760
2023-10-10 20:00:00,1860.071,1860.723,1859.599,1860.366,1409
2023-10-10 22:00:00,1860.116,1860.425,1859.329,1859.795,990
2023-10-10 23:00:00,1859.783,1860.688,1859.604,1859.647,1206
2023-10-11 00:00:00,1859.633,1862.07,1859.531,1860.945,2538
2023-10-11 01:00:00,1860.914,1861.81,1860.249,1861.619,3269
2023-10-11 02:00:00,1861.616,1862.0,1859.739,1861.446,2743
2023-10-11 03:00:00,1861.426,1861.456,1859.725,1860.057,2416
2023-10-11 04:00:00,1860.057,1860.628,1859.414,1859.71,1748
2023-10-11 05:00:00,1859.705,1860.57,1858.59,1859.407,2370
2023-10-11 06:00:00,1859.418,1863.691,1858.815,1862.514,3691
2023-10-11 07:00:00,1862.545,1868.123,1862.392,1867.911,5212
2023-10-11 08:00:00,1867.881,1869.805,1866.876,1869.534,4523
2023-10-11 09:00:00,1869.528,1871.033,1869.046,1870.453,3585
2023-10-11 10:00:00,1870.465,1874.712,1869.893,1873.891,3667
2023-10-11 11:00:00,1873.922,1874.541,1870.873,1870.971,3657
2023-10-11 12:00:00,1870.971,1873.0,1867.347,1872.805,7331
2023-10-11 13:00:00,1872.837,1875.003,1868.115,1872.164,7722
2023-10-11 14:00:00,1872.148,1872.403,1869.007,1871.135,6719
2023-10-11 15:00:00,1871.155,1873.627,1869.467,1872.995,5144
2023-10-11 16:00:00,1873.027,1877.152,1872.835,1874.292,4276
2023-10-11 17:00:00,1874.282,1874.678,1870.783,1871.947,4237
2023-10-11 18:00:00,1871.977,1873.344,1870.941,1872.45,4009
2023-10-11 19:00:00,1872.416,1874.197,1872.384,1873.584,3025
2023-10-11 20:00:00,1873.614,1874.531,1873.297,1873.867,1570
2023-10-11 22:00:00,1874.266,1875.311,1873.815,1874.613,1413
2023-10-11 23:00:00,1874.595,1875.663,1874.585,1875.25,1041
2023-10-12 00:00:00,1875.251,1876.607,1874.686,1875.377,2353
2023-10-12 01:00:00,1875.367,1878.679,1874.453,1877.391,3199
2023-10-12 02:00:00,1877.382,1877.959,1875.602,1876.766,3221
2023-10-12 03:00:00,1876.735,1878.061,1876.673,1877.592,2343
2023-10-12 04:00:00,1877.623,1879.044,1876.738,1878.864,1934
2023-10-12 05:00:00,1878.85,1880.047,1878.396,1880.036,2458
2023-10-12 06:00:00,1880.067,1882.587,1878.553,1882.151,3625
2023-10-12 07:00:00,1882.119,1882.592,1878.724,1878.855,4048
2023-10-12 08:00:00,1878.824,1881.443,1878.604,1880.298,3490
2023-10-12 09:00:00,1880.328,1882.051,1879.546,1880.908,3097
2023-10-12 10:00:00,1880.924,1882.643,1880.552,1881.332,2929
2023-10-12 11:00:00,1881.296,1884.434,1881.131,1883.494,3425
2023-10-12 12:00:00,1883.497,1884.918,1875.299,1878.975,9450
2023-10-12 13:00:00,1878.945,1879.978,1872.803,1873.851,8501
2023-10-12 14:00:00,1873.819,1876.567,1871.129,1872.12,7337
2023-10-12 15:00:00,1872.089,1873.327,1870.689,1872.283,5158
2023-10-12 16:00:00,1872.313,1873.589,1870.941,1871.377,3994
2023-10-12 17:00:00,1871.401,1871.969,1867.969,1868.904,5389
2023-10-12 18:00:00,1868.926,1870.633,1867.883,1868.372,3809
2023-10-12 19:00:00,1868.402,1870.048,1868.094,1868.298,2824
2023-10-12 20:00:00,1868.257,1869.015,1868.257,1868.734,1252
2023-10-12 22:00:00,1869.145,1871.132,1869.142,1869.685,1438
2023-10-12 23:00:00,1869.68,1871.177,1869.645,1870.555,1172
2023-10-13 00:00:00,1870.546,1872.605,1870.055,1872.537,2672
2023-10-13 01:00:00,1872.504,1872.962,1871.323,1871.961,3042
2023-10-13 02:00:00,1871.952,1873.548,1871.593,1873.355,2601
2023-10-13 03:00:00,1873.354,1873.956,1872.594,1873.643,2029
2023-10-13 04:00:00,1873.643,1876.759,1873.541,1876.292,2506
2023-10-13 05:00:00,1876.261,1878.013,1875.963,1877.043,2632
2023-10-13 06:00:00,1877.031,1877.933,1875.677,1876.928,3565
2023-10-13 07:00:00,1876.898,1883.071,1876.748,1882.093,4540
2023-10-13 08:00:00,1882.112,1884.907,1881.87,1883.809,4001
2023-10-13 09:00:00,1883.779,1888.143,1882.439,1887.545,4268
2023-10-13 10:00:00,1887.548,1889.862,1886.608,1887.585,4144
2023-10-13 11:00:00,1887.549,1899.822,1887.356,1896.419,5510
2023-10-13 12:00:00,1896.388,1919.087,1896.388,1913.321,13181
2023-10-13 13:00:00,1913.289,1913.321,1905.54,1910.537,11585
2023-10-13 14:00:00,1910.494,1920.895,1907.808,1920.717,9847
2023-10-13 15:00:00,1920.749,1923.112,1917.142,1922.951,6878
2023-10-13 16:00:00,1922.981,1927.404,1922.392,1927.095,5439
2023-10-13 17:00:00,1927.127,1929.856,1926.804,1928.271,4927
2023-10-13 18:00:00,1928.316,1930.698,1927.621,1928.633,3579
2023-10-13 19:00:00,1928.629,1928.859,1927.733,1928.293,2785
2023-10-13 20:00:00,1928.323,1932.593,1928.092,1932.217,2148
2023-10-15 22:00:00,1927.521,1927.521,1921.177,1924.391,3594
2023-10-15 23:00:00,1924.394,1926.382,1921.59,1925.836,4076
2023-10-16 00:00:00,1925.842,1925.927,1921.412,1921.645,3423
2023-10-16 01:00:00,1921.657,1923.45,1920.344,1920.448,3674
2023-10-16 02:00:00,1920.439,1921.455,1918.394,1920.434,3030
2023-10-16 03:00:00,1920.43,1920.46,1918.029,1920.027,2692
2023-10-16 04:00:00,1920.025,1920.362,1919.131,1920.097,2075
2023-10-16 05:00:00,1920.123,1920.123,1914.248,1914.958,3033
2023-10-16 06:00:00,1914.99,1915.783,1909.204,1909.875,5562
2023-10-16 07:00:00,1909.891,1912.325,1908.144,1911.418,5735
2023-10-16 08:00:00,1911.394,1913.463,1909.943,1911.59,4609
2023-10-16 09:00:00,1911.552,1916.477,1911.192,1916.125,3910
2023-10-16 10:00:00,1916.094,1918.28,1914.445,1917.888,3647
2023-10-16 11:00:00,1917.913,1918.177,1914.733,1915.566,4257
2023-10-16 12:00:00,1915.598,1924.526,1914.578,1918.674,8675
2023-10-16 13:00:00,1918.698,1921.173,1914.38,1917.94,8304
2023-10-16 14:00:00,1917.913,1920.349,1916.19,1918.111,7753
2023-10-16 15:00:00,1918.142,1922.27,1917.924,1921.454,4993
2023-10-16 16:00:00,1921.487,1921.96,1920.289,1921.858,3612
2023-10-16 17:00:00,1921.862,1922.721,1918.508,1919.108,3553
2023-10-16 18:00:00,1919.107,1919.599,1918.663,1919.016,2471
2023-10-16 19:00:00,1919.016,1920.651,1917.826,1918.942,2610
2023-10-16 20:00:00,1918.987,1920.033,1918.967,1920.031,1270
2023-10-16 22:00:00,1919.956,1920.939,1918.768,1918.831,1755
2023-10-16 23:00:00,1918.83,1921.736,1918.79,1919.386,1732
2023-10-17 00:00:00,1919.382,1919.967,1914.369,1916.568,3032
2023-10-17 01:00:00,1916.556,1917.56,1913.286,1915.054,3289
2023-10-17 02:00:00,1915.054,1915.134,1912.343,1914.743,3208
2023-10-17 03:00:00,1914.731,1916.784,1914.308,1916.784,2703
2023-10-17 04:00:00,1916.81,1916.912,1914.483,1914.638,2102
2023-10-17 05:00:00,1914.639,1916.765,1914.198,1916.383,2837
2023-10-17 06:00:00,1916.388,1918.018,1915.625,1917.336,3539
2023-10-17 07:00:00,1917.319,1921.338,1917.116,1920.005,4555
2023-10-17 08:00:00,1919.972,1920.499,1918.594,1919.2,3879
2023-10-17 09:00:00,1919.22,1923.721,1918.818,1922.945,3631
2023-10-17 10:00:00,1922.977,1926.504,1922.542,1923.418,4856
2023-10-17 11:00:00,1923.436,1925.542,1922.142,1923.993,3681
2023-10-17 12:00:00,1924.013,1928.978,1919.028,1925.985,8632
2023-10-17 13:00:00,1925.948,1931.523,1920.852,1927.786,9630
2023-10-17 14:00:00,1927.826,1930.88,1922.68,1924.001,8765
2023-10-17 15:00:00,1924.011,1926.855,1923.067,1926.817,5373
2023-10-17 16:00:00,1926.785,1926.785,1923.015,1924.061,4420
2023-10-17 17:00:00,1924.059,1925.063,1919.639,1919.745,3955
2023-10-17 18:00:00,1919.733,1922.03,1919.109,1921.962,3500
2023-10-17 19:00:00,1921.982,1925.102,1921.816,1922.579,3229
2023-10-17 20:00:00,1922.662,1923.251,1922.092,1923.168,1591
2023-10-17 22:00:00,1923.78,1925.536,1923.23,1924.874,1208
2023-10-17 23:00:00,1924.906,1925.471,1924.057,1924.723,1477
2023-10-18 00:00:00,1924.718,1928.268,1923.74,1927.3,3001
2023-10-18 01:00:00,1927.302,1940.318,1926.868,1938.954,5618
2023-10-18 02:00:00,1938.985,1942.772,1935.737,1937.206,4845
2023-10-18 03:00:00,1937.181,1938.075,1935.154,1937.483,3162
2023-10-18 04:00:00,1937.483,1938.529,1936.724,1937.983,2468
2023-10-18 05:00:00,1938.006,1939.636,1936.447,1937.129,3258
2023-10-18 06:00:00,1937.1,1938.656,1935.089,1936.058,4286
2023-10-18 07:00:00,1936.109,1940.132,1935.581,1939.553,4542
2023-10-18 08:00:00,1939.522,1939.737,1937.237,1938.396,4023
2023-10-18 09:00:00,1938.396,1946.139,1938.309,1944.274,4441
2023-10-18 10:00:00,1944.298,1945.337,1942.571,1945.241,3830
2023-10-18 11:00:00,1945.273,1947.448,1944.163,1946.101,3944
2023-10-18 12:00:00,1946.07,1950.051,1944.804,1948.761,7189
2023-10-18 13:00:00,1948.793,1962.561,1947.171,1957.016,9560
2023-10-18 14:00:00,1957.04,1958.741,1943.45,1946.929,11187
2023-10-18 15:00:00,1946.895,1947.394,1938.213,1945.152,8135
2023-10-18 16:00:00,1945.177,1950.436,1944.568,1949.828,4922
2023-10-18 17:00:00,1949.859,1956.543,1949.445,1953.961,5420
2023-10-18 18:00:00,1953.992,1954.13,1948.819,1950.533,3957
2023-10-18 19:00:00,1950.542,1951.647,1948.529,1950.363,3440
2023-10-18 20:00:00,1950.298,1950.573,1946.986,1947.431,2306
2023-10-18 22:00:00,1947.641,1950.942,1947.262,1949.686,1830
2023-10-18 23:00:00,1949.678,1951.649,1949.678,1950.877,1905
2023-10-19 00:00:00,1950.818,1953.24,1948.72,1950.162,3265
2023-10-19 01:00:00,1950.164,1951.627,1946.258,1948.268,3838
2023-10-19 02:00:00,1948.267,1950.01,1947.658,1949.526,3125
2023-10-19 03:00:00,1949.526,1950.625,1945.176,1946.244,3038
2023-10-19 04:00:00,1946.258,1948.84,1945.249,1948.088,2716
2023-10-19 05:00:00,1948.085,1949.27,1945.875,1946.833,3303
2023-10-19 06:00:00,1946.864,1948.52,1945.515,1947.972,4152
2023-10-19 07:00:00,1947.937,1952.757,1947.632,1949.455,5320
2023-10-19 08:00:00,1949.427,1954.466,1947.956,1949.638,5055
2023-10-19 09:00:00,1949.633,1950.722,1947.821,1950.668,3902
2023-10-19 10:00:00,1950.641,1951.376,1948.945,1950.886,3228
2023-10-19 11:00:00,1950.862,1952.227,1949.551,1952.056,3447
2023-10-19 12:00:00,1952.087,1957.058,1950.429,1954.812,7395
2023-10-19 13:00:00,1954.758,1956.37,1949.974,1954.353,7895
2023-10-19 14:00:00,1954.39,1955.054,1949.728,1950.317,7220
2023-10-19 15:00:00,1950.304,1959.949,1949.99,1956.168,6285
2023-10-19 16:00:00,1956.181,1962.014,1952.117,1961.907,11191
2023-10-19 17:00:00,1961.937,1972.74,1960.759,1972.619,9371
2023-10-19 18:00:00,1972.586,1974.994,1970.635,1973.102,5989
2023-10-19 19:00:00,1973.088,1977.654,1973.088,1974.294,5198
2023-10-19 20:00:00,1974.333,1975.255,1972.87,1974.004,2481
2023-10-19 22:00:00,1973.461,1976.584,1972.429,1972.429,2697
2023-10-19 23:00:00,1972.394,1982.431,1972.394,1977.173,4822
2023-10-20 00:00:00,1977.207,1977.609,1974.018,1974.888,4793
2023-10-20 01:00:00,1974.86,1977.969,1971.959,1977.774,5638
2023-10-20 02:00:00,1977.801,1981.897,1976.558,1979.411,4467
2023-10-20 03:00:00,1979.381,1980.41,1977.109,1977.718,3128
2023-10-20 04:00:00,1977.715,1978.227,1976.536,1977.207,2574
2023-10-20 05:00:00,1977.244,1979.921,1975.841,1977.564,3678
2023-10-20 06:00:00,1977.531,1980.019,1974.096,1979.286,4887
2023-10-20 07:00:00,1979.326,1982.112,1978.158,1980.102,5144
2023-10-20 08:00:00,1980.135,1985.174,1979.957,1983.73,4778
2023-10-20 09:00:00,1983.743,1985.28,1980.222,1982.589,4266
2023-10-20 10:00:00,1982.598,1984.342,1982.253,1983.199,3457
2023-10-20 11:00:00,1983.208,1985.853,1976.349,1977.264,4807
2023-10-20 12:00:00,1977.294,1980.146,1973.215,1978.253,6955
2023-10-20 13:00:00,1978.29,1987.981,1976.549,1987.026,9095
2023-10-20 14:00:00,1986.994,1991.28,1984.153,1990.865,9991
2023-10-20 15:00:00,1990.896,1997.15,1989.807,1991.602,6823
2023-10-20 16:00:00,1991.588,1992.393,1981.11,1982.616,6614
2023-10-20 17:00:00,1982.631,1986.688,1974.261,1982.468,9336
2023-10-20 18:00:00,1982.451,1982.698,1976.057,1980.192,5328
2023-10-20 19:00:00,1980.199,1982.067,1978.857,1979.687,3853
2023-10-20 20:00:00,1979.657,1981.336,1978.873,1980.786,2171
2023-10-22 22:00:00,1972.732,1978.541,1972.732,1976.277,3322
2023-10-22 23:00:00,1976.287,1978.14,1970.039,1971.553,2968
2023-10-23 00:00:00,1971.515,1973.237,1964.273,1966.258,4589
2023-10-23 01:00:00,1966.301,1968.28,1964.39,1966.655,5650
2023-10-23 02:00:00,1966.658,1974.331,1966.523,1972.689,4497
2023-10-23 03:00:00,1972.656,1974.76,1971.666,1973.645,3646
2023-10-23 04:00:00,1973.619,1974.699,1972.689,1973.698,3025
2023-10-23 05:00:00,1973.688,1976.721,1972.679,1975.672,3747
2023-10-23 06:00:00,1975.684,1977.547,1975.114,1975.671,4073
2023-10-23 07:00:00,1975.639,1979.748,1974.423,1979.385,5002
2023-10-23 08:00:00,1979.346,1981.966,1979.059,1981.41,4392
2023-10-23 09:00:00,1981.421,1982.765,1976.879,1977.635,4244
2023-10-23 10:00:00,1977.666,1978.466,1975.262,1977.443,3935
2023-10-23 11:00:00,1977.448,1979.849,1975.926,1979.273,4340
2023-10-23 12:00:00,1979.294,1981.923,1975.985,1977.507,6581
2023-10-23 13:00:00,1977.511,1979.952,1970.057,1974.792,9015
2023-10-23 14:00:00,1974.753,1978.548,1972.424,1976.227,8015
2023-10-23 15:00:00,1976.196,1978.837,1973.527,1975.301,5923
2023-10-23 16:00:00,1975.274,1979.331,1973.645,1974.481,4875
2023-10-23 17:00:00,1974.443,1977.635,1972.245,1976.176,5483
2023-10-23 18:00:00,1976.192,1978.063,1975.671,1977.473,3343
2023-10-23 19:00:00,1977.503,1977.723,1971.115,1973.135,3787
2023-10-23 20:00:00,1973.103,1973.451,1971.497,1972.749,1888
2023-10-23 22:00:00,1973.661,1973.772,1972.941,1973.038,1146
2023-10-23 23:00:00,1973.013,1973.812,1971.379,1973.522,1576
2023-10-24 00:00:00,1973.52,1975.916,1972.376,1973.781,2864
2023-10-24 01:00:00,1973.786,1978.709,1973.786,1976.576,4183
2023-10-24 02:00:00,1976.565,1980.811,1975.707,1977.652,4278
2023-10-24 03:00:00,1977.638,1978.15,1975.305,1976.839,3259
2023-10-24 04:00:00,1976.809,1977.321,1975.291,1976.147,2514
2023-10-24 05:00:00,1976.182,1976.593,1974.419,1976.422,2991
2023-10-24 06:00:00,1976.413,1978.043,1975.618,1977.705,4215
2023-10-24 07:00:00,1977.671,1979.114,1974.849,1975.332,4940
2023-10-24 08:00:00,1975.329,1975.927,1969.902,1972.254,4777
2023-10-24 09:00:00,1972.21,1972.49,1964.859,1966.531,5285
2023-10-24 10:00:00,1966.559,1967.386,1960.9,1961.835,4590
2023-10-24 11:00:00,1961.865,1964.213,1953.427,1963.753,6472
2023-10-24 12:00:00,1963.723,1966.811,1960.673,1964.833,7109
2023-10-24 13:00:00,1964.856,1966.166,1958.954,1964.51,10359
2023-10-24 14:00:00,1964.534,1965.767,1961.725,1963.807,7789
2023-10-24 15:00:00,1963.806,1970.027,1961.222,1969.719,5906
2023-10-24 16:00:00,1969.676,1975.954,1968.834,1974.264,5171
2023-10-24 17:00:00,1974.251,1977.54,1973.6,1975.874,4242
2023-10-24 18:00:00,1975.882,1976.202,1971.813,1973.658,3247
2023-10-24 19:00:00,1973.465,1973.945,1971.056,1972.666,3169
2023-10-24 20:00:00,1972.631,1973.146,1970.875,1971.022,1783
2023-10-24 22:00:00,1970.841,1971.007,1969.948,1970.451,1124
2023-10-24 23:00:00,1970.47,1973.412,1970.33,1972.842,1542
2023-10-25 00:00:00,1972.849,1975.25,1971.938,1974.374,3188
2023-10-25 01:00:00,1974.39,1976.976,1972.703,1975.93,4122
2023-10-25 02:00:00,1975.935,1976.829,1971.307,1972.663,3661
2023-10-25 03:00:00,1972.673,1973.293,1970.859,1973.259,2980
2023-10-25 04:00:00,1973.212,1974.5,1971.865,1972.402,2729
2023-10-25 05:00:00,1972.389,1973.411,1970.715,1972.83,3077
2023-10-25 06:00:00,1972.851,1975.908,1971.26,1971.359,4052
2023-10-25 07:00:00,1971.355,1973.223,1968.301,1971.124,4478
2023-10-25 08:00:00,1971.12,1974.905,1970.579,1971.393,4260
2023-10-25 09:00:00,1971.418,1971.969,1969.415,1969.513,3830
2023-10-25 10:00:00,1969.516,1973.959,1969.448,1973.027,3665
2023-10-25 11:00:00,1972.988,1976.42,1972.413,1974.652,3993
2023-10-25 12:00:00,1974.693,1976.838,1972.391,1975.05,5758
2023-10-25 13:00:00,1975.102,1987.205,1974.791,1985.113,8848
2023-10-25 14:00:00,1985.076,1985.874,1974.767,1977.016,8875
2023-10-25 15:00:00,1976.977,1984.65,1962.984,1981.183,13167
2023-10-25 16:00:00,1981.192,1983.629,1977.506,1978.121,5207
2023-10-25 17:00:00,1978.116,1985.686,1976.507,1983.107,6884
2023-10-25 18:00:00,1983.109,1984.347,1980.731,1981.502,3662
2023-10-25 19:00:00,1981.521,1982.613,1980.329,1980.747,3125
2023-10-25 20:00:00,1980.717,1980.783,1977.698,1979.898,2452
2023-10-25 22:00:00,1980.143,1984.085,1980.062,1982.057,3159
2023-10-25 23:00:00,1982.055,1983.787,1981.438,1982.922,3513
2023-10-26 00:00:00,1982.94,1984.736,1982.402,1983.385,3088
2023-10-26 01:00:00,1983.415,1986.59,1983.217,1985.008,3965
2023-10-26 02:00:00,1985.003,1986.882,1984.491,1984.81,2806
2023-10-26 03:00:00,1984.811,1987.375,1983.4,1987.131,2967
2023-10-26 04:00:00,1987.128,1989.371,1987.087,1988.426,2496
2023-10-26 05:00:00,1988.423,1989.588,1984.816,1985.797,3686
2023-10-26 06:00:00,1985.731,1988.242,1983.931,1984.976,4827
2023-10-26 07:00:00,1984.944,1990.029,1984.301,1990.022,4982
2023-10-26 08:00:00,1990.034,1993.398,1988.615,1992.078,3948
2023-10-26 09:00:00,1992.088,1992.15,1989.301,1990.609,3707
2023-10-26 10:00:00,1990.613,1991.155,1985.953,1986.575,3528
2023-10-26 11:00:00,1986.566,1987.572,1982.417,1984.606,4086
2023-10-26 12:00:00,1984.625,1986.642,1974.747,1979.432,9869
2023-10-26 13:00:00,1979.45,1981.758,1974.571,1978.902,10330
2023-10-26 14:00:00,1978.871,1980.414,1971.76,1979.476,8322
2023-10-26 15:00:00,1979.49,1981.269,1976.368,1980.21,5894
2023-10-26 16:00:00,1980.201,1985.793,1979.672,1984.133,5303
2023-10-26 17:00:00,1984.139,1989.211,1984.04,1986.899,5479
2023-10-26 18:00:00,1986.873,1987.085,1984.77,1985.928,3461
2023-10-26 19:00:00,1985.905,1986.81,1982.301,1984.328,3400
2023-10-26 20:00:00,1984.296,1985.504,1983.838,1984.864,1799
2023-10-26 22:00:00,1984.654,1985.57,1983.874,1985.241,1169
2023-10-26 23:00:00,1985.245,1986.75,1983.351,1984.345,2751
2023-10-27 00:00:00,1984.343,1984.832,1982.847,1983.489,2856
2023-10-27 01:00:00,1983.487,1986.86,1983.162,1985.473,4093
2023-10-27 02:00:00,1985.501,1988.823,1985.501,1986.689,3499
2023-10-27 03:00:00,1986.694,1988.274,1986.392,1987.862,2362
2023-10-27 04:00:00,1987.852,1989.925,1987.852,1989.439,2624
2023-10-27 05:00:00,1989.439,1989.555,1986.438,1988.864,3387
2023-10-27 06:00:00,1988.899,1989.667,1986.175,1987.477,4202
2023-10-27 07:00:00,1987.507,1988.983,1985.788,1987.331,4002
2023-10-27 08:00:00,1987.33,1987.415,1985.452,1986.854,3379
2023-10-27 09:00:00,1986.887,1987.897,1985.217,1985.875,3124
2023-10-27 10:00:00,1985.816,1986.183,1980.54,1980.54,3402
2023-10-27 11:00:00,1980.508,1982.948,1979.912,1981.792,3952
2023-10-27 12:00:00,1981.812,1986.113,1976.976,1980.353,9095
2023-10-27 13:00:00,1980.318,1985.007,1976.825,1982.932,10136
2023-10-27 14:00:00,1982.977,1985.647,1980.867,1982.085,7644
2023-10-27 15:00:00,1982.114,1983.434,1978.538,1979.897,5283
2023-10-27 16:00:00,1979.868,1983.74,1979.131,1983.595,3868
2023-10-27 17:00:00,1983.599,1996.966,1983.007,1996.673,6423
2023-10-27 18:00:00,1996.677,2008.597,1995.794,2005.359,8463
2023-10-27 19:00:00,2005.376,2009.31,2004.769,2006.944,5514
2023-10-27 20:00:00,2006.976,2007.129,2004.341,2006.083,3154
2023-10-29 22:00:00,2002.989,2004.741,1996.873,2001.299,6045
2023-10-29 23:00:00,2001.286,2003.631,2000.511,2002.621,3348
2023-10-30 00:00:00,2002.649,2006.767,2002.236,2004.617,3839
2023-10-30 01:00:00,2004.656,2005.739,2002.472,2004.602,3995
2023-10-30 02:00:00,2004.571,2004.687,2001.895,2002.875,3272
2023-10-30 03:00:00,2002.873,2003.473,2001.506,2002.091,2823
2023-10-30 04:00:00,2002.11,2002.651,2000.152,2001.486,2367
2023-10-30 05:00:00,2001.478,2002.553,1999.529,1999.667,2796
2023-10-30 06:00:00,1999.652,2000.753,1995.02,1995.571,3885
2023-10-30 07:00:00,1995.54,1997.697,1993.391,1993.643,4847
2023-10-30 08:00:00,1993.677,1994.866,1990.953,1993.726,4691
2023-10-30 09:00:00,1993.757,1997.027,1991.562,1996.504,4686
2023-10-30 10:00:00,1996.523,1997.319,1994.066,1994.419,4013
2023-10-30 11:00:00,1994.411,1995.749,1992.607,1995.718,4115
2023-10-30 12:00:00,1995.723,1999.972,1993.739,1997.914,6575
2023-10-30 13:00:00,1997.883,2002.447,1995.921,1998.429,8528
2023-10-30 14:00:00,1998.424,2002.424,1991.975,1997.074,9865
2023-10-30 15:00:00,1997.042,2000.342,1996.234,1999.059,5557
2023-10-30 16:00:00,1999.093,2000.614,1997.649,1998.947,4192
2023-10-30 17:00:00,1998.989,1999.71,1994.696,1997.953,4183
2023-10-30 18:00:00,1997.946,1999.84,1997.285,1997.849,3092
2023-10-30 19:00:00,1997.833,1998.666,1994.665,1995.899,3188
2023-10-30 20:00:00,1995.872,1996.654,1995.213,1996.16,1603
2023-10-30 22:00:00,1995.848,1996.324,1994.856,1995.079,1159
2023-10-30 23:00:00,1995.083,1996.133,1993.929,1995.513,2189
2023-10-31 00:00:00,1995.531,1996.245,1994.311,1995.593,2835
2023-10-31 01:00:00,1995.595,1997.25,1994.683,1996.28,3566
2023-10-31 02:00:00,1996.291,1997.053,1994.356,1994.514,2566
2023-10-31 03:00:00,1994.507,1995.02,1991.695,1992.16,4683
2023-10-31 04:00:00,1992.157,1993.107,1990.553,1992.714,2889
2023-10-31 05:00:00,1992.742,1995.057,1992.6,1993.049,3214
2023-10-31 06:00:00,1993.049,1995.156,1992.382,1994.831,3065
2023-10-31 07:00:00,1994.837,1997.594,1994.68,1996.249,3584
2023-10-31 08:00:00,1996.246,1999.163,1995.088,1997.001,4049
2023-10-31 09:00:00,1996.993,1998.421,1996.177,1997.469,4092
2023-10-31 10:00:00,1997.464,1999.992,1996.44,1999.992,3618
2023-10-31 11:00:00,1999.96,2000.336,1997.624,1999.844,3411
2023-10-31 12:00:00,1999.811,2001.488,1994.801,1995.635,6869
2023-10-31 13:00:00,1995.63,2004.0,1994.55,2002.461,7589
2023-10-31 14:00:00,2002.43,2007.849,1998.821,1999.121,9193
2023-10-31 15:00:00,1999.085,1999.309,1992.384,1994.204,8099
2023-10-31 16:00:00,1994.17,1994.722,1986.581,1990.765,6862
2023-10-31 17:00:00,1990.762,1991.23,1983.226,1984.151,6245
2023-10-31 18:00:00,1984.12,1985.017,1978.806,1984.479,5122
2023-10-31 19:00:00,1984.479,1986.721,1984.144,1984.826,4004
2023-10-31 20:00:00,1984.789,1985.161,1983.272,1983.971,1980
2023-10-31 22:00:00,1983.64,1986.118,1983.598,1984.671,2215
2023-10-31 23:00:00,1984.719,1985.241,1983.096,1983.668,2182
2023-11-01 00:00:00,1983.67,1983.949,1978.742,1979.922,3480
2023-11-01 01:00:00,1979.951,1981.378,1977.961,1979.488,3678
2023-11-01 02:00:00,1979.49,1980.84,1978.199,1978.324,3193
2023-11-01 03:00:00,1978.31,1978.997,1976.836,1977.08,2714
2023-11-01 04:00:00,1977.079,1978.349,1975.231,1977.651,3103
2023-11-01 05:00:00,1977.655,1979.415,1976.317,1979.062,2918
2023-11-01 06:00:00,1979.037,1980.967,1979.037,1980.222,3173
2023-11-01 07:00:00,1980.18,1980.517,1976.48,1977.103,3701
2023-11-01 08:00:00,1977.097,1982.885,1977.096,1982.38,4091
2023-11-01 09:00:00,1982.397,1983.651,1980.431,1982.589,3548
2023-11-01 10:00:00,1982.621,1984.031,1981.96,1983.108,3372
2023-11-01 11:00:00,1983.121,1985.136,1982.338,1983.418,3395
2023-11-01 12:00:00,1983.415,1988.471,1983.202,1986.486,7350
2023-11-01 13:00:00,1986.451,1987.163,1981.024,1985.702,6908
2023-11-01 14:00:00,1985.712,1992.603,1985.712,1986.492,9906
2023-11-01 15:00:00,1986.516,1987.132,1978.34,1979.239,5970
2023-11-01 16:00:00,1979.208,1980.414,1974.568,1977.752,4804
2023-11-01 17:00:00,1977.755,1979.861,1977.316,1977.963,3831
2023-11-01 18:00:00,1977.929,1982.106,1969.83,1974.904,12848
2023-11-01 19:00:00,1974.865,1982.257,1974.771,1978.594,7518
2023-11-01 20:00:00,1978.563,1982.779,1977.115,1982.165,2558
2023-11-01 22:00:00,1983.335,1984.05,1981.263,1983.748,2059
2023-11-01 23:00:00,1983.718,1985.632,1983.469,1985.01,3032
2023-11-02 00:00:00,1984.989,1986.075,1983.874,1984.602,3260
2023-11-02 01:00:00,1984.618,1988.12,1984.247,1986.265,3875
2023-11-02 02:00:00,1986.257,1986.497,1983.374,1983.783,3093
2023-11-02 03:00:00,1983.751,1985.503,1983.324,1985.379,2543
2023-11-02 04:00:00,1985.401,1986.523,1984.24,1986.001,2978
2023-11-02 05:00:00,1985.998,1986.62,1984.178,1985.298,3046
2023-11-02 06:00:00,1985.278,1986.067,1984.357,1985.701,3012
2023-11-02 07:00:00,1985.691,1986.395,1983.613,1985.408,3375
2023-11-02 08:00:00,1985.377,1988.417,1984.507,1986.82,3661
2023-11-02 09:00:00,1986.814,1989.571,1986.636,1988.19,3384
2023-11-02 10:00:00,1988.194,1989.366,1985.791,1988.811,3654
2023-11-02 11:00:00,1988.822,1990.321,1987.434,1988.462,3384
2023-11-02 12:00:00,1988.507,1990.924,1986.816,1990.225,6552
2023-11-02 13:00:00,1990.255,1990.926,1981.92,1984.274,7889
2023-11-02 14:00:00,1984.236,1985.195,1980.596,1984.313,6933
2023-11-02 15:00:00,1984.276,1984.929,1978.79,1981.142,5847
2023-11-02 16:00:00,1981.128,1983.359,1978.986,1981.793,5124
2023-11-02 17:00:00,1981.795,1986.656,1981.45,1985.012,3725
2023-11-02 18:00:00,1985.003,1986.212,1984.383,1985.892,2816
2023-11-02 19:00:00,1985.862,1986.304,1983.66,1985.399,2646
2023-11-02 20:00:00,1985.367,1985.83,1984.519,1985.823,1773
2023-11-02 22:00:00,1986.143,1986.465,1984.535,1984.934,1253
2023-11-02 23:00:00,1984.943,1986.281,1984.301,1984.965,1508
2023-11-03 00:00:00,1984.956,1986.199,1984.906,1985.506,2037
2023-11-03 01:00:00,1985.542,1985.7,1983.221,1983.879,3159
2023-11-03 02:00:00,1983.879,1987.781,1983.755,1987.324,2998
2023-11-03 03:00:00,1987.315,1987.417,1985.426,1985.802,1891
2023-11-03 04:00:00,1985.803,1986.79,1985.491,1985.718,2188
2023-11-03 05:00:00,1985.693,1987.198,1985.648,1986.98,1977
2023-11-03 06:00:00,1986.981,1988.248,1985.933,1987.537,2840
2023-11-03 07:00:00,1987.538,1989.045,1984.578,1986.525,3762
2023-11-03 08:00:00,1986.523,1989.063,1986.122,1988.525,3402
2023-11-03 09:00:00,1988.513,1990.185,1988.251,1989.083,3343
2023-11-03 10:00:00,1989.076,1989.756,1986.987,1988.234,2937
2023-11-03 11:00:00,1988.228,1988.625,1986.921,1987.584,2953
2023-11-03 12:00:00,1987.616,2004.003,1985.637,2000.158,9377
2023-11-03 13:00:00,2000.128,2001.706,1986.334,1995.276,16921
2023-11-03 14:00:00,1995.434,1999.06,1988.609,1994.412,11801
2023-11-03 15:00:00,1994.427,1995.72,1990.834,1991.707,6292
2023-11-03 16:00:00,1991.737,1993.164,1989.307,1990.343,5743
2023-11-03 17:00:00,1990.344,1993.565,1989.861,1993.038,4347
2023-11-03 18:00:00,1993.039,1995.026,1992.768,1994.995,3039
2023-11-03 19:00:00,1994.99,1995.057,1991.567,1992.693,2752
2023-11-03 20:00:00,1992.649,1992.883,1992.021,1992.517,1584
2023-11-05 23:00:00,1991.419,1991.579,1987.146,1988.47,2475
2023-11-06 00:00:00,1988.474,1991.698,1987.035,1991.019,3046
2023-11-06 01:00:00,1991.02,1993.042,1989.649,1992.018,4204
2023-11-06 02:00:00,1992.022,1992.892,1986.761,1987.074,3109
2023-11-06 03:00:00,1987.043,1988.196,1981.86,1985.186,3850
2023-11-06 04:00:00,1985.153,1985.153,1983.148,1983.714,2361
2023-11-06 05:00:00,1983.714,1985.201,1982.247,1983.874,3392
2023-11-06 06:00:00,1983.885,1985.272,1983.599,1984.204,2845
2023-11-06 07:00:00,1984.186,1984.883,1982.258,1983.428,3325
2023-11-06 08:00:00,1983.461,1987.941,1982.887,1985.976,4399
2023-11-06 09:00:00,1986.014,1987.227,1985.516,1986.769,3454
2023-11-06 10:00:00,1986.754,1988.353,1986.179,1987.199,3097
2023-11-06 11:00:00,1987.235,1987.637,1986.385,1987.637,2962
2023-11-06 12:00:00,1987.641,1988.139,1983.42,1984.375,3956
2023-11-06 13:00:00,1984.413,1989.004,1983.409,1986.292,5380
2023-11-06 14:00:00,1986.324,1988.104,1984.048,1984.782,6257
2023-11-06 15:00:00,1984.777,1985.776,1981.073,1981.074,5525
2023-11-06 16:00:00,1981.115,1984.091,1979.833,1983.418,4833
2023-11-06 17:00:00,1983.432,1984.404,1982.924,1983.657,3144
2023-11-06 18:00:00,1983.655,1983.691,1980.491,1981.262,2951
2023-11-06 19:00:00,1981.252,1981.416,1979.175,1980.3,2884
2023-11-06 20:00:00,1980.282,1980.282,1977.339,1977.501,3023
2023-11-06 21:00:00,1977.535,1978.702,1977.351,1977.864,2002
2023-11-06 23:00:00,1978.146,1978.277,1975.737,1976.681,2673
2023-11-07 00:00:00,1976.653,1977.001,1975.43,1975.946,2936
2023-11-07 01:00:00,1975.914,1976.629,1974.769,1975.781,3504
2023-11-07 02:00:00,1975.773,1976.072,1972.872,1972.903,2733
2023-11-07 03:00:00,1972.913,1973.565,1972.256,1972.562,2931
2023-11-07 04:00:00,1972.563,1973.241,1971.001,1971.354,2367
2023-11-07 05:00:00,1971.37,1974.137,1971.064,1973.637,2821
2023-11-07 06:00:00,1973.61,1973.912,1971.034,1971.06,2877
2023-11-07 07:00:00,1971.072,1971.159,1967.19,1969.283,3696
2023-11-07 08:00:00,1969.276,1970.201,1965.998,1966.69,4269
2023-11-07 09:00:00,1966.671,1968.818,1964.153,1966.331,4124
2023-11-07 10:00:00,1966.302,1968.009,1965.43,1966.104,4023
2023-11-07 11:00:00,1966.103,1966.2,1962.633,1963.844,3776
2023-11-07 12:00:00,1963.833,1964.313,1957.164,1958.718,5500
2023-11-07 13:00:00,1958.718,1966.825,1956.655,1966.451,7126
2023-11-07 14:00:00,1966.493,1967.179,1960.131,1960.361,7623
2023-11-07 15:00:00,1960.331,1965.562,1960.279,1963.297,6434
2023-11-07 16:00:00,1963.299,1966.589,1963.183,1964.668,4994
2023-11-07 17:00:00,1964.66,1964.84,1961.74,1963.906,4010
2023-11-07 18:00:00,1963.939,1969.745,1963.587,1969.324,4100
2023-11-07 19:00:00,1969.324,1969.839,1967.174,1967.424,3034
2023-11-07 20:00:00,1967.424,1969.064,1966.913,1968.931,2916
2023-11-07 21:00:00,1968.894,1969.178,1968.252,1969.097,1676
2023-11-07 23:00:00,1969.251,1969.338,1968.189,1968.903,2094
2023-11-08 00:00:00,1968.908,1970.011,1967.871,1968.092,2710
2023-11-08 01:00:00,1968.092,1969.864,1967.544,1968.609,3258
2023-11-08 02:00:00,1968.607,1970.996,1967.295,1968.586,3228
2023-11-08 03:00:00,1968.616,1968.842,1967.483,1967.744,2862
2023-11-08 04:00:00,1967.746,1967.87,1967.447,1967.606,2200
2023-11-08 05:00:00,1967.569,1967.91,1964.95,1965.572,2691
2023-11-08 06:00:00,1965.577,1969.114,1965.079,1967.293,3323
2023-11-08 07:00:00,1967.297,1968.501,1965.506,1967.593,3557
2023-11-08 08:00:00,1967.561,1968.937,1966.96,1968.158,3839
2023-11-08 09:00:00,1968.163,1968.22,1965.415,1965.45,3757
2023-11-08 10:00:00,1965.418,1965.433,1959.423,1961.981,4481
2023-11-08 11:00:00,1961.973,1964.961,1961.699,1964.386,3210
2023-11-08 12:00:00,1964.396,1964.493,1961.895,1962.733,3458
2023-11-08 13:00:00,1962.763,1966.633,1962.763,1964.763,5720
2023-11-08 14:00:00,1964.809,1966.288,1959.85,1960.212,6506
2023-11-08 15:00:00,1960.181,1960.584,1950.901,1955.365,7777
2023-11-08 16:00:00,1955.323,1957.871,1952.184,1954.853,6607
2023-11-08 17:00:00,1954.88,1956.631,1951.914,1953.689,4354
2023-11-08 18:00:00,1953.723,1954.686,1950.895,1951.947,4616
2023-11-08 19:00:00,1951.965,1951.97,1947.485,1948.13,3272
2023-11-08 20:00:00,1948.125,1950.205,1947.335,1949.617,3060
2023-11-08 21:00:00,1949.586,1950.66,1949.372,1950.165,1969
2023-11-08 23:00:00,1949.804,1951.749,1949.781,1950.813,2492
2023-11-09 00:00:00,1950.815,1951.977,1948.853,1951.974,2718
2023-11-09 01:00:00,1951.936,1954.529,1951.371,1953.285,3994
2023-11-09 02:00:00,1953.29,1953.3,1948.974,1949.96,4178
2023-11-09 03:00:00,1949.966,1950.385,1947.763,1949.201,3039
2023-11-09 04:00:00,1949.222,1949.759,1948.411,1949.449,2915
2023-11-09 05:00:00,1949.458,1950.147,1948.045,1950.076,2857
2023-11-09 06:00:00,1950.137,1950.319,1949.025,1949.289,3408
2023-11-09 07:00:00,1949.282,1950.464,1948.64,1949.328,3275
2023-11-09 08:00:00,1949.298,1949.641,1944.505,1948.386,4461
2023-11-09 09:00:00,1948.355,1949.673,1946.36,1946.872,3628
2023-11-09 10:00:00,1946.848,1948.402,1945.213,1947.059,3123
2023-11-09 11:00:00,1947.062,1949.221,1946.04,1948.792,2890
2023-11-09 12:00:00,1948.8,1948.908,1945.046,1945.778,4483
2023-11-09 13:00:00,1945.807,1951.255,1944.807,1950.509,7148
2023-11-09 14:00:00,1950.554,1958.833,1948.524,1958.052,7783
2023-11-09 15:00:00,1958.041,1964.923,1955.356,1962.934,7814
2023-11-09 16:00:00,1962.864,1963.668,1959.796,1960.559,4905
2023-11-09 17:00:00,1960.59,1964.14,1960.062,1961.821,4509
2023-11-09 18:00:00,1961.811,1965.718,1958.337,1963.0,6755
2023-11-09 19:00:00,1962.965,1963.024,1956.158,1958.349,6067
2023-11-09 20:00:00,1958.386,1959.999,1957.002,1957.313,3513
2023-11-09 21:00:00,1957.28,1958.584,1956.877,1958.314,1928
2023-11-09 23:00:00,1958.153,1959.682,1957.987,1959.058,2447
2023-11-10 00:00:00,1959.06,1960.573,1958.5,1960.476,2904
2023-11-10 01:00:00,1960.466,1960.713,1958.802,1959.066,3619
2023-11-10 02:00:00,1959.078,1959.949,1956.445,1958.288,3145
2023-11-10 03:00:00,1958.256,1960.365,1957.65,1959.387,2968
2023-11-10 04:00:00,1959.383,1959.467,1957.533,1957.792,2562
2023-11-10 05:00:00,1957.792,1957.81,1956.384,1957.287,2601
2023-11-10 06:00:00,1957.289,1958.234,1955.634,1956.967,3006
2023-11-10 07:00:00,1956.947,1957.116,1953.715,1955.348,3767
2023-11-10 08:00:00,1955.332,1957.138,1954.623,1954.892,3890
2023-11-10 09:00:00,1954.905,1955.307,1953.492,1953.897,3247
2023-11-10 10:00:00,1953.866,1954.345,1951.424,1954.09,3370
2023-11-10 11:00:00,1954.046,1954.046,1947.059,1948.176,3905
2023-11-10 12:00:00,1948.166,1949.104,1943.366,1947.315,4658
2023-11-10 13:00:00,1947.259,1948.657,1943.128,1946.128,6256
2023-11-10 14:00:00,1946.155,1947.599,1941.142,1942.514,6308
2023-11-10 15:00:00,1942.35,1946.808,1939.681,1941.971,7626
2023-11-10 16:00:00,1942.009,1943.404,1937.17,1939.512,5332
2023-11-10 17:00:00,1939.486,1940.073,1936.511,1936.749,3972
2023-11-10 18:00:00,1936.755,1937.63,1932.898,1935.91,4263
2023-11-10 19:00:00,1935.942,1937.298,1934.949,1935.44,3223
2023-11-10 20:00:00,1935.436,1936.588,1934.55,1936.022,2639
2023-11-10 21:00:00,1936.051,1938.905,1935.837,1938.354,2257
2023-11-12 23:00:00,1941.002,1941.299,1921.37,1940.343,2184
2023-11-13 00:00:00,1940.374,1941.913,1939.342,1939.342,3317
2023-11-13 01:00:00,1939.339,1940.792,1938.009,1940.268,3893
2023-11-13 02:00:00,1940.243,1941.198,1937.403,1937.461,3415
2023-11-13 03:00:00,1937.503,1937.884,1934.056,1935.314,3615
2023-11-13 04:00:00,1935.313,1935.878,1934.146,1935.664,2219
2023-11-13 05:00:00,1935.655,1939.652,1935.649,1939.027,3150
2023-11-13 06:00:00,1939.028,1939.994,1938.452,1938.65,3126
2023-11-13 07:00:00,1938.618,1941.168,1937.704,1938.772,3918
2023-11-13 08:00:00,1938.795,1939.327,1935.98,1936.592,3884
2023-11-13 09:00:00,1936.614,1940.424,1936.045,1938.192,3641
2023-11-13 10:00:00,1938.187,1939.543,1937.076,1939.463,2996
2023-11-13 11:00:00,1939.463,1939.641,1937.169,1937.965,2924
2023-11-13 12:00:00,1937.965,1938.357,1935.377,1936.218,3105
2023-11-13 13:00:00,1936.191,1937.956,1933.919,1935.976,5022
2023-11-13 14:00:00,1935.957,1936.1,1932.487,1932.698,5367
2023-11-13 15:00:00,1932.68,1938.911,1931.604,1938.422,5988
2023-11-13 16:00:00,1938.405,1946.516,1938.135,1945.69,5018
2023-11-13 17:00:00,1945.712,1949.187,1944.858,1945.742,3912
2023-11-13 18:00:00,1945.741,1947.815,1944.688,1947.812,3350
2023-11-13 19:00:00,1947.812,1948.018,1945.7,1946.142,2547
2023-11-13 20:00:00,1946.128,1946.758,1945.15,1946.608,2546
2023-11-13 21:00:00,1946.571,1946.587,1945.909,1946.022,1193
2023-11-13 23:00:00,1946.292,1946.47,1945.572,1946.399,1596
2023-11-14 00:00:00,1946.418,1947.259,1945.864,1946.738,2288
2023-11-14 01:00:00,1946.768,1948.325,1945.389,1945.656,2952
2023-11-14 02:00:00,1945.653,1946.631,1944.319,1945.764,3055
2023-11-14 03:00:00,1945.759,1945.927,1944.657,1944.763,2500
2023-11-14 04:00:00,1944.731,1945.439,1943.843,1944.685,2179
2023-11-14 05:00:00,1944.681,1945.191,1943.732,1944.396,2427
2023-11-14 06:00:00,1944.393,1945.961,1944.159,1944.592,2599
2023-11-14 07:00:00,1944.585,1946.433,1944.285,1945.593,2939
2023-11-14 08:00:00,1945.611,1945.954,1944.289,1945.335,3222
2023-11-14 09:00:00,1945.333,1947.953,1945.208,1947.099,3837
2023-11-14 10:00:00,1947.089,1948.092,1946.176,1946.813,3242
2023-11-14 11:00:00,1946.807,1947.116,1945.189,1945.837,3097
2023-11-14 12:00:00,1945.872,1946.585,1944.714,1945.093,3130
2023-11-14 13:00:00,1945.122,1959.06,1937.56,1954.307,11796
2023-11-14 14:00:00,1954.275,1970.954,1953.602,1967.698,11646
2023-11-14 15:00:00,1967.668,1969.151,1962.222,1964.313,7219
2023-11-14 16:00:00,1964.351,1966.544,1963.154,1964.138,5336
2023-11-14 17:00:00,1964.105,1965.015,1961.805,1962.187,4563
2023-11-14 18:00:00,1962.158,1964.319,1961.582,1962.705,3737
2023-11-14 19:00:00,1962.726,1963.758,1962.252,1963.623,2925
2023-11-14 20:00:00,1963.653,1964.463,1962.916,1963.75,2788
2023-11-14 21:00:00,1963.781,1963.928,1962.566,1963.157,1485
2023-11-14 23:00:00,1962.936,1963.17,1962.194,1962.493,1803
2023-11-15 00:00:00,1962.487,1963.71,1961.526,1963.58,2948
2023-11-15 01:00:00,1963.61,1963.954,1961.535,1962.683,3798
2023-11-15 02:00:00,1962.697,1964.54,1962.585,1964.369,3273
2023-11-15 03:00:00,1964.362,1966.983,1964.346,1966.815,3017
2023-11-15 04:00:00,1966.827,1967.925,1966.409,1967.48,2705
2023-11-15 05:00:00,1967.471,1967.609,1965.876,1966.905,3064
2023-11-15 06:00:00,1966.889,1970.482,1966.803,1969.55,3427
2023-11-15 07:00:00,1969.534,1971.014,1967.261,1970.26,4113
2023-11-15 08:00:00,1970.291,1972.497,1969.752,1971.467,4386
2023-11-15 09:00:00,1971.434,1972.13,1969.98,1971.395,3783
2023-11-15 10:00:00,1971.424,1974.013,1971.207,1973.015,3482
2023-11-15 11:00:00,1973.045,1973.465,1971.871,1972.898,3175
2023-11-15 12:00:00,1972.901,1973.31,1970.264,1971.521,3899
2023-11-15 13:00:00,1971.488,1975.292,1963.386,1965.582,8505
2023-11-15 14:00:00,1965.553,1966.652,1955.428,1957.442,8291
2023-11-15 15:00:00,1957.41,1964.395,1957.143,1963.117,6476
2023-11-15 16:00:00,1963.135,1963.662,1959.117,1962.258,4974
2023-11-15 17:00:00,1962.25,1963.137,1960.432,1961.365,4063
2023-11-15 18:00:00,1961.334,1962.025,1959.153,1960.382,3561
2023-11-15 19:00:00,1960.392,1962.136,1960.298,1961.713,2929
2023-11-15 20:00:00,1961.683,1962.177,1958.92,1959.42,2956
2023-11-15 21:00:00,1959.385,1960.38,1959.109,1959.457,1522
2023-11-15 23:00:00,1960.26,1960.949,1959.65,1960.328,2016
2023-11-16 00:00:00,1960.333,1961.359,1958.783,1959.568,2451
2023-11-16 01:00:00,1959.562,1959.798,1957.584,1958.27,3501
2023-11-16 02:00:00,1958.287,1960.982,1956.42,1960.649,3744
2023-11-16 03:00:00,1960.645,1962.139,1960.303,1961.401,2741
2023-11-16 04:00:00,1961.397,1962.558,1960.784,1962.514,2229
2023-11-16 05:00:00,1962.551,1963.827,1962.092,1962.848,2727
2023-11-16 06:00:00,1962.85,1967.231,1962.746,1966.879,3249
2023-11-16 07:00:00,1966.853,1967.741,1965.654,1966.507,3396
2023-11-16 08:00:00,1966.476,1967.458,1964.808,1967.427,3750
2023-11-16 09:00:00,1967.433,1968.537,1965.923,1966.231,3398
2023-11-16 10:00:00,1966.232,1966.69,1964.601,1965.109,3116
2023-11-16 11:00:00,1965.073,1966.404,1964.727,1965.535,2848
2023-11-16 12:00:00,1965.531,1965.63,1962.065,1964.267,3671
2023-11-16 13:00:00,1964.274,1972.926,1964.157,1972.059,6738
2023-11-16 14:00:00,1972.057,1982.67,1971.484,1979.658,7941
2023-11-16 15:00:00,1979.697,1986.462,1979.08,1984.882,7655
2023-11-16 16:00:00,1984.858,1987.94,1980.127,1981.954,6169
2023-11-16 17:00:00,1981.943,1983.646,1980.812,1983.346,4429
2023-11-16 18:00:00,1983.312,1985.16,1983.118,1984.126,3576
2023-11-16 19:00:00,1984.126,1984.309,1982.892,1983.353,3066
2023-11-16 20:00:00,1983.299,1984.041,1980.713,1980.807,3135
2023-11-16 21:00:00,1980.818,1981.349,1980.538,1981.26,1498
2023-11-16 23:00:00,1980.852,1982.865,1980.772,1982.671,1894
2023-11-17 00:00:00,1982.649,1984.928,1981.736,1984.926,2469
2023-11-17 01:00:00,1984.912,1986.944,1982.667,1983.387,4058
2023-11-17 02:00:00,1983.387,1985.716,1983.125,1985.281,3431
2023-11-17 03:00:00,1985.282,1986.831,1985.115,1986.664,3132
2023-11-17 04:00:00,1986.663,1987.019,1985.26,1986.023,2563
2023-11-17 05:00:00,1986.02,1986.02,1984.266,1984.399,2759
2023-11-17 06:00:00,1984.394,1984.728,1982.675,1983.568,2852
2023-11-17 07:00:00,1983.529,1987.674,1982.811,1987.656,3520
2023-11-17 08:00:00,1987.621,1989.058,1984.58,1988.641,4651
2023-11-17 09:00:00,1988.678,1992.387,1988.136,1991.244,4189
2023-11-17 10:00:00,1991.276,1993.421,1990.506,1991.75,3761
2023-11-17 11:00:00,1991.745,1991.789,1987.353,1988.738,4128
2023-11-17 12:00:00,1988.806,1990.788,1987.628,1988.716,3892
2023-11-17 13:00:00,1988.749,1991.596,1983.534,1984.8,6481
2023-11-17 14:00:00,1984.811,1986.655,1979.357,1980.399,7423
2023-11-17 15:00:00,1980.376,1984.276,1979.88,1983.399,5842
2023-11-17 16:00:00,1983.43,1985.296,1979.346,1981.158,5127
2023-11-17 17:00:00,1981.156,1981.156,1978.514,1981.003,3976
2023-11-17 18:00:00,1981.018,1982.777,1980.434,1981.92,3427
2023-11-17 19:00:00,1981.928,1981.959,1979.68,1980.321,2902
2023-11-17 20:00:00,1980.368,1981.02,1978.955,1980.733,2760
2023-11-17 21:00:00,1980.674,1980.815,1979.927,1980.631,1711
2023-11-19 23:00:00,1977.456,1978.727,1974.12,1974.471,2466
2023-11-20 00:00:00,1974.58,1977.588,1973.356,1977.442,3531
2023-11-20 01:00:00,1977.44,1983.014,1977.289,1981.054,4631
2023-11-20 02:00:00,1981.093,1985.12,1979.676,1982.802,4232
2023-11-20 03:00:00,1982.762,1983.074,1980.181,1982.268,3736
2023-11-20 04:00:00,1982.241,1983.395,1980.888,1981.371,3400
2023-11-20 05:00:00,1981.378,1983.298,1979.543,1980.564,3477
2023-11-20 06:00:00,1980.613,1981.789,1978.724,1980.266,3963
2023-11-20 07:00:00,1980.233,1980.992,1978.084,1978.546,4289
2023-11-20 08:00:00,1978.596,1980.009,1975.826,1976.954,5082
2023-11-20 09:00:00,1976.952,1980.528,1976.223,1979.23,4281
2023-11-20 10:00:00,1979.246,1979.459,1974.976,1975.803,4072
2023-11-20 11:00:00,1975.79,1976.249,1972.212,1973.334,3730
2023-11-20 12:00:00,1973.311,1973.379,1970.532,1972.432,4593
2023-11-20 13:00:00,1972.368,1973.186,1965.554,1968.183,6838
2023-11-20 14:00:00,1968.17,1972.965,1965.416,1970.209,6660
2023-11-20 15:00:00,1970.17,1973.057,1968.752,1971.887,5518
2023-11-20 16:00:00,1971.924,1975.107,1971.232,1974.492,4488
2023-11-20 17:00:00,1974.543,1976.248,1972.482,1973.742,4032
2023-11-20 18:00:00,1973.713,1978.919,1973.375,1977.424,5216
2023-11-20 19:00:00,1977.415,1978.926,1975.634,1978.377,3339
2023-11-20 20:00:00,1978.382,1978.847,1976.889,1977.744,3027
2023-11-20 21:00:00,1977.788,1978.045,1976.958,1977.731,1556
2023-11-20 23:00:00,1977.918,1981.6,1977.73,1981.169,2280
2023-11-21 00:00:00,1981.155,1986.732,1980.712,1986.345,3639
2023-11-21 01:00:00,1986.292,1990.35,1983.956,1989.984,5531
2023-11-21 02:00:00,1989.948,1992.702,1988.777,1990.685,4109
2023-11-21 03:00:00,1990.724,1994.235,1989.772,1993.263,3584
2023-11-21 04:00:00,1993.205,1994.053,1991.121,1992.106,3544
2023-11-21 05:00:00,1992.111,1993.315,1990.905,1991.645,3693
2023-11-21 06:00:00,1991.666,1992.448,1989.622,1990.746,3818
2023-11-21 07:00:00,1990.752,1993.599,1990.398,1992.359,4292
2023-11-21 08:00:00,1992.294,1994.248,1986.536,1987.808,5168
2023-11-21 09:00:00,1987.814,1988.582,1984.233,1985.348,4676
2023-11-21 10:00:00,1985.352,1989.884,1985.306,1988.579,3802
2023-11-21 11:00:00,1988.545,1988.902,1986.025,1987.202,3770
2023-11-21 12:00:00,1987.216,1989.386,1986.571,1989.113,4280
2023-11-21 13:00:00,1989.167,2000.206,1989.167,1997.546,7923
2023-11-21 14:00:00,1997.588,2007.291,1997.227,2005.284,7968
2023-11-21 15:00:00,2005.255,2007.497,2002.918,2004.158,6882
2023-11-21 16:00:00,2004.172,2005.321,1998.652,2001.048,5776
2023-11-21 17:00:00,2001.078,2001.588,1999.049,2001.404,4108
2023-11-21 18:00:00,2001.413,2001.793,1997.777,1998.611,4406
2023-11-21 19:00:00,1998.574,2000.62,1996.139,2000.021,4552
2023-11-21 20:00:00,2000.06,2000.156,1998.366,1998.98,3061
2023-11-21 21:00:00,1998.958,1999.053,1997.8,1998.395,1653
2023-11-21 23:00:00,1998.567,1999.896,1998.21,1999.339,2094
2023-11-22 00:00:00,1999.338,1999.338,1996.848,1997.379,3132
2023-11-22 01:00:00,1997.42,1998.784,1995.786,1996.115,4195
2023-11-22 02:00:00,1996.092,1997.63,1995.462,1996.731,3558
2023-11-22 03:00:00,1996.719,1998.067,1995.88,1996.464,2994
2023-11-22 04:00:00,1996.461,2000.3,1996.17,1999.306,2748
2023-11-22 05:00:00,1999.255,1999.707,1996.726,1998.722,3539
2023-11-22 06:00:00,1998.769,2001.227,1998.191,2000.793,4438
2023-11-22 07:00:00,2000.824,2004.025,2000.122,2003.657,4267
2023-11-22 08:00:00,2003.629,2006.399,1999.3,1999.666,5083
2023-11-22 09:00:00,1999.597,2003.569,1998.97,2002.098,4042
2023-11-22 10:00:00,2002.064,2002.844,1999.495,2001.047,3780
2023-11-22 11:00:00,2001.041,2003.38,2000.374,2000.6,3629
2023-11-22 12:00:00,2000.603,2003.085,2000.034,2001.895,3605
2023-11-22 13:00:00,2001.943,2003.21,1996.701,1999.114,6453
2023-11-22 14:00:00,1999.104,2002.367,1998.492,2001.69,6462
2023-11-22 15:00:00,2001.653,2001.653,1989.888,1994.904,7972
2023-11-22 16:00:00,1994.9,1995.481,1990.058,1991.074,4927
2023-11-22 17:00:00,1991.112,1992.407,1988.602,1991.542,3912
2023-11-22 18:00:00,1991.488,1992.589,1986.85,1988.359,3790
2023-11-22 19:00:00,1988.415,1991.161,1988.358,1990.647,3432
2023-11-22 20:00:00,1990.7,1991.476,1989.399,1989.695,2826
2023-11-22 21:00:00,1989.652,1990.137,1989.348,1989.768,1772
2023-11-22 23:00:00,1989.578,1991.815,1989.561,1990.506,2048
2023-11-23 00:00:00,1990.515,1992.135,1990.13,1991.932,2650
2023-11-23 01:00:00,1991.933,1994.05,1991.164,1993.441,3673
2023-11-23 02:00:00,1993.443,1994.993,1993.184,1994.218,3243
2023-11-23 03:00:00,1994.27,1998.19,1993.068,1997.704,3157
2023-11-23 04:00:00,1997.686,1997.824,1993.347,1995.162,2880
2023-11-23 05:00:00,1995.168,1996.457,1994.271,1996.178,2796
2023-11-23 06:00:00,1996.257,1997.537,1995.241,1996.17,3231
2023-11-23 07:00:00,1996.174,1998.553,1994.15,1996.365,3705
2023-11-23 08:00:00,1996.334,1996.406,1993.749,1994.982,4006
2023-11-23 09:00:00,1994.922,1995.422,1992.183,1994.306,3654
2023-11-23 10:00:00,1994.323,1994.861,1992.123,1993.489,3010
2023-11-23 11:00:00,1993.496,1994.396,1992.908,1993.825,2732
2023-11-23 12:00:00,1993.838,1994.202,1991.943,1992.45,3040
2023-11-23 13:00:00,1992.416,1993.317,1991.852,1992.726,3310
2023-11-23 14:00:00,1992.735,1994.85,1992.037,1993.839,3619
2023-11-23 15:00:00,1993.805,1993.877,1991.768,1992.129,3078
2023-11-23 16:00:00,1992.139,1992.139,1989.762,1990.538,2842
2023-11-23 17:00:00,1990.542,1992.942,1990.524,1992.729,1963
2023-11-23 18:00:00,1992.624,1992.914,1991.932,1992.078,299
2023-11-23 23:00:00,1992.54,1994.313,1992.48,1993.981,1458
2023-11-24 00:00:00,1994.072,1994.891,1993.032,1993.863,2825
2023-11-24 01:00:00,1993.864,1994.856,1991.482,1992.804,3688
2023-11-24 02:00:00,1992.753,1994.134,1991.889,1992.262,3325
2023-11-24 03:00:00,1992.224,1993.591,1991.608,1993.523,3255
2023-11-24 04:00:00,1993.524,1994.781,1991.486,1993.722,3538
2023-11-24 05:00:00,1993.727,1994.424,1992.848,1994.195,2813
2023-11-24 06:00:00,1994.216,1994.275,1992.482,1993.547,3207
2023-11-24 07:00:00,1993.587,1994.136,1992.064,1993.483,3237
2023-11-24 08:00:00,1993.453,1994.27,1992.206,1993.387,3718
2023-11-24 09:00:00,1993.328,1994.892,1993.182,1994.486,3318
2023-11-24 10:00:00,1994.524,1996.297,1994.244,1995.701,3450
2023-11-24 11:00:00,1995.742,1996.134,1994.534,1995.179,3104
2023-11-24 12:00:00,1995.229,1997.129,1994.849,1995.434,3440
2023-11-24 13:00:00,1995.394,2001.906,1994.322,1999.567,6066
2023-11-24 14:00:00,1999.61,2003.083,1999.471,2001.138,5988
2023-11-24 15:00:00,2001.179,2003.606,1997.253,1998.332,5699
2023-11-24 16:00:00,1998.339,2000.284,1997.157,1999.86,4137
2023-11-24 17:00:00,1999.857,2002.308,1999.499,2000.921,3497
2023-11-24 18:00:00,2000.843,2002.207,1999.865,2002.207,1165
2023-11-26 23:00:00,2000.891,2002.982,2000.483,2002.25,2311
2023-11-27 00:00:00,2002.364,2004.228,2001.814,2002.08,3626
2023-11-27 01:00:00,2002.106,2018.187,2002.089,2011.958,8017
2023-11-27 02:00:00,2011.963,2012.062,2007.362,2011.219,4528
2023-11-27 03:00:00,2011.217,2011.856,2007.445,2009.551,3857
2023-11-27 04:00:00,2009.531,2013.624,2008.412,2012.897,3896
2023-11-27 05:00:00,2012.899,2013.719,2010.582,2010.664,3655
2023-11-27 06:00:00,2010.64,2011.924,2008.716,2009.676,4061
2023-11-27 07:00:00,2009.627,2011.273,2009.462,2010.855,4143
2023-11-27 08:00:00,2010.826,2013.891,2010.465,2013.806,4486
2023-11-27 09:00:00,2013.755,2015.492,2012.892,2013.373,3827
2023-11-27 10:00:00,2013.405,2014.988,2011.723,2014.319,4047
2023-11-27 11:00:00,2014.32,2014.951,2011.697,2012.519,3699
2023-11-27 12:00:00,2012.529,2014.383,2011.446,2013.5,3858
2023-11-27 13:00:00,2013.582,2016.337,2009.748,2011.335,6716
2023-11-27 14:00:00,2011.366,2013.157,2010.582,2011.44,6283
2023-11-27 15:00:00,2011.437,2014.924,2008.624,2010.202,7665
2023-11-27 16:00:00,2010.255,2011.231,2005.668,2010.754,5981
2023-11-27 17:00:00,2010.721,2011.081,2008.671,2009.929,3870
2023-11-27 18:00:00,2009.947,2013.134,2009.481,2012.338,3831
2023-11-27 19:00:00,2012.341,2013.562,2012.03,2012.776,2896
2023-11-27 20:00:00,2012.77,2014.709,2011.924,2014.303,2913
2023-11-27 21:00:00,2014.27,2014.55,2013.504,2014.088,1946
2023-11-27 23:00:00,2014.002,2015.429,2013.014,2015.215,1972
2023-11-28 00:00:00,2015.217,2018.027,2015.217,2017.074,3263
2023-11-28 01:00:00,2017.128,2018.008,2013.778,2015.479,4431
2023-11-28 02:00:00,2015.457,2017.73,2014.092,2015.213,3548
2023-11-28 03:00:00,2015.166,2017.175,2014.822,2014.899,3124
2023-11-28 04:00:00,2014.937,2016.871,2014.058,2015.143,2645
2023-11-28 05:00:00,2015.185,2015.795,2014.23,2015.122,2707
2023-11-28 06:00:00,2015.107,2016.772,2014.356,2015.794,3118
2023-11-28 07:00:00,2015.805,2016.572,2012.085,2013.512,3806
2023-11-28 08:00:00,2013.509,2015.691,2012.477,2015.32,4365
2023-11-28 09:00:00,2015.359,2016.657,2014.339,2015.918,3589
2023-11-28 10:00:00,2015.932,2016.127,2013.356,2014.502,3145
2023-11-28 11:00:00,2014.535,2015.721,2014.348,2015.128,3029
2023-11-28 12:00:00,2015.173,2015.923,2013.955,2014.332,3370
2023-11-28 13:00:00,2014.35,2021.542,2011.361,2021.427,6323
2023-11-28 14:00:00,2021.45,2028.448,2020.566,2026.085,8337
2023-11-28 15:00:00,2026.075,2031.509,2023.665,2030.794,8012
2023-11-28 16:00:00,2030.797,2040.596,2030.365,2039.701,6563
2023-11-28 17:00:00,2039.688,2043.016,2038.701,2040.638,5139
2023-11-28 18:00:00,2040.696,2041.402,2038.131,2039.421,4173
2023-11-28 19:00:00,2039.42,2042.531,2039.375,2041.773,3542
2023-11-28 20:00:00,2041.769,2041.837,2039.623,2041.128,3166
2023-11-28 21:00:00,2041.097,2042.086,2039.986,2040.926,2164
2023-11-28 23:00:00,2041.256,2044.573,2040.681,2044.404,3069
2023-11-29 00:00:00,2044.426,2049.6,2042.75,2049.404,4568
2023-11-29 01:00:00,2049.41,2052.028,2046.674,2048.642,5983
2023-11-29 02:00:00,2048.695,2048.948,2045.928,2046.987,4569
2023-11-29 03:00:00,2046.937,2047.474,2042.946,2044.011,4044
2023-11-29 04:00:00,2044.016,2046.407,2043.266,2046.15,3018
2023-11-29 05:00:00,2046.16,2049.002,2044.345,2045.906,4204
2023-11-29 06:00:00,2045.867,2046.241,2043.087,2044.61,4597
2023-11-29 07:00:00,2044.578,2044.794,2040.998,2042.483,4154
2023-11-29 08:00:00,2042.411,2044.085,2041.241,2042.728,4840
2023-11-29 09:00:00,2042.681,2043.358,2035.228,2038.369,4911
2023-11-29 10:00:00,2038.367,2039.127,2036.629,2037.43,4206
2023-11-29 11:00:00,2037.384,2040.129,2037.271,2040.064,3962
2023-11-29 12:00:00,2040.022,2042.298,2038.948,2041.313,4316
2023-11-29 13:00:00,2041.364,2042.941,2037.248,2039.073,7916
2023-11-29 14:00:00,2039.057,2045.63,2037.067,2044.226,8924
2023-11-29 15:00:00,2044.183,2046.971,2039.061,2042.886,9330
2023-11-29 16:00:00,2042.86,2043.289,2039.483,2042.08,5663
2023-11-29 17:00:00,2042.091,2045.759,2041.536,2044.967,4495
2023-11-29 18:00:00,2045.033,2048.307,2044.24,2047.812,4111
2023-11-29 19:00:00,2047.812,2049.535,2045.291,2046.257,3794
2023-11-29 20:00:00,2046.269,2046.421,2042.787,2044.615,3872
2023-11-29 21:00:00,2044.662,2044.84,2043.72,2044.241,2041
2023-11-29 23:00:00,2044.665,2045.395,2044.054,2044.642,1967
2023-11-30 00:00:00,2044.64,2046.826,2044.131,2046.611,2738
2023-11-30 01:00:00,2046.623,2046.684,2043.089,2043.327,4011
2023-11-30 02:00:00,2043.325,2046.412,2042.574,2045.884,3618
2023-11-30 03:00:00,2045.867,2047.265,2044.215,2046.039,3189
2023-11-30 04:00:00,2046.065,2046.598,2043.104,2044.502,3400
2023-11-30 05:00:00,2044.499,2044.676,2041.329,2041.629,3280
2023-11-30 06:00:00,2041.662,2045.825,2041.617,2045.825,3580
2023-11-30 07:00:00,2045.855,2046.88,2042.351,2044.574,4133
2023-11-30 08:00:00,2044.662,2045.663,2039.876,2040.564,4858
2023-11-30 09:00:00,2040.579,2042.264,2038.694,2039.881,4420
2023-11-30 10:00:00,2039.825,2040.576,2036.712,2038.376,4402
2023-11-30 11:00:00,2038.371,2038.668,2035.857,2037.148,4198
2023-11-30 12:00:00,2037.195,2039.063,2036.833,2038.317,4163
2023-11-30 13:00:00,2038.319,2044.056,2033.896,2036.791,9370
2023-11-30 14:00:00,2036.833,2039.837,2031.272,2036.525,10736
2023-11-30 15:00:00,2036.472,2038.271,2032.407,2037.827,8005
2023-11-30 16:00:00,2037.842,2040.418,2036.505,2039.567,5942
2023-11-30 17:00:00,2039.62,2041.369,2036.733,2037.032,4287
2023-11-30 18:00:00,2037.001,2038.525,2033.581,2034.826,3279
2023-11-30 19:00:00,2034.836,2036.982,2034.423,2036.067,2820
2023-11-30 20:00:00,2036.018,2036.379,2034.713,2036.096,2980
2023-11-30 21:00:00,2035.968,2036.647,2034.764,2036.001,2019
2023-11-30 23:00:00,2036.952,2040.461,2036.427,2039.918,1948
2023-12-01 00:00:00,2040.075,2042.549,2039.809,2041.826,3094
2023-12-01 01:00:00,2041.808,2043.37,2041.206,2041.723,4144
2023-12-01 02:00:00,2041.67,2042.762,2039.934,2040.261,3202
2023-12-01 03:00:00,2040.278,2042.742,2038.653,2039.403,3399
2023-12-01 04:00:00,2039.404,2040.498,2038.807,2040.168,2581
2023-12-01 05:00:00,2040.167,2041.551,2039.711,2040.944,3215
2023-12-01 06:00:00,2040.943,2042.824,2039.685,2040.408,3438
2023-12-01 07:00:00,2040.454,2041.962,2039.218,2039.502,3735
2023-12-01 08:00:00,2039.55,2046.035,2039.259,2045.28,4552
2023-12-01 09:00:00,2045.294,2049.87,2044.8,2046.348,4695
2023-12-01 10:00:00,2046.349,2047.198,2043.149,2043.725,3846
2023-12-01 11:00:00,2043.725,2044.186,2036.407,2037.033,4544
2023-12-01 12:00:00,2037.064,2038.537,2033.848,2035.917,4790
2023-12-01 13:00:00,2035.957,2039.301,2034.981,2037.582,6140
2023-12-01 14:00:00,2037.622,2043.218,2035.149,2042.576,6917
2023-12-01 15:00:00,2042.796,2053.259,2041.948,2049.307,12711
2023-12-01 16:00:00,2049.334,2060.619,2044.597,2058.799,12508
2023-12-01 17:00:00,2058.748,2067.666,2057.292,2067.197,6511
2023-12-01 18:00:00,2067.067,2075.277,2065.568,2071.678,4883
2023-12-01 19:00:00,2071.601,2072.128,2065.545,2066.985,3637
2023-12-01 20:00:00,2066.982,2070.918,2066.388,2070.731,3303
2023-12-01 21:00:00,2070.656,2071.845,2070.468,2071.613,1867
2023-12-03 23:00:00,2074.341,2144.501,2071.646,2117.509,17143
2023-12-04 00:00:00,2117.934,2120.648,2090.698,2095.843,16253
2023-12-04 01:00:00,2095.888,2098.482,2083.151,2087.749,12108
2023-12-04 02:00:00,2087.784,2088.789,2084.196,2088.101,5712
2023-12-04 03:00:00,2088.106,2089.389,2084.438,2085.775,4524
2023-12-04 04:00:00,2085.799,2086.005,2081.656,2085.397,3981
2023-12-04 05:00:00,2085.39,2090.49,2083.753,2085.985,4536
2023-12-04 06:00:00,2086.037,2087.924,2073.787,2076.519,6833
2023-12-04 07:00:00,2076.578,2078.756,2061.459,2063.549,10892
2023-12-04 08:00:00,2063.586,2070.048,2057.698,2069.699,10276
2023-12-04 09:00:00,2069.645,2076.37,2068.171,2071.016,6593
2023-12-04 10:00:00,2071.057,2071.11,2064.044,2068.288,5563
2023-12-04 11:00:00,2068.289,2071.872,2065.898,2070.835,5244
2023-12-04 12:00:00,2070.807,2071.32,2065.508,2069.738,5370
2023-12-04 13:00:00,2069.789,2070.528,2055.874,2057.55,9792
2023-12-04 14:00:00,2057.596,2057.96,2042.413,2050.095,15869
2023-12-04 15:00:00,2050.145,2053.413,2019.986,2022.545,24711
2023-12-04 16:00:00,2022.515,2028.08,2020.66,2025.96,12283
2023-12-04 17:00:00,2025.993,2030.783,2023.638,2025.926,7113
2023-12-04 18:00:00,2025.972,2026.024,2022.114,2024.34,6311
2023-12-04 19:00:00,2024.304,2031.502,2023.823,2030.877,4452
2023-12-04 20:00:00,2030.911,2032.296,2026.143,2026.394,4740
2023-12-04 21:00:00,2026.437,2030.261,2026.437,2029.024,2765
2023-12-04 23:00:00,2029.806,2034.131,2028.404,2034.088,3457
2023-12-05 00:00:00,2033.93,2041.172,2032.652,2036.714,5722
2023-12-05 01:00:00,2036.688,2038.429,2034.007,2035.604,6179
2023-12-05 02:00:00,2035.566,2036.574,2033.488,2034.647,4067
2023-12-05 03:00:00,2034.651,2037.752,2034.457,2037.286,4076
2023-12-05 04:00:00,2037.271,2038.316,2030.381,2032.199,3874
2023-12-05 05:00:00,2032.187,2033.876,2030.883,2032.112,4739
2023-12-05 06:00:00,2032.096,2034.518,2031.702,2033.397,4516
2023-12-05 07:00:00,2033.448,2034.981,2031.144,2032.599,5862
2023-12-05 08:00:00,2032.651,2039.578,2032.577,2034.412,6776
2023-12-05 09:00:00,2034.399,2034.399,2028.465,2028.943,5458
2023-12-05 10:00:00,2028.943,2029.624,2022.953,2025.232,5473
2023-12-05 11:00:00,2025.248,2027.56,2021.492,2024.679,4705
2023-12-05 12:00:00,2024.717,2026.492,2022.236,2024.865,5157
2023-12-05 13:00:00,2024.825,2030.822,2024.651,2029.49,8975
2023-12-05 14:00:00,2029.493,2030.116,2015.414,2016.726,9982
2023-12-05 15:00:00,2016.676,2026.825,2009.744,2016.23,17539
2023-12-05 16:00:00,2016.27,2019.425,2012.116,2014.825,8978
2023-12-05 17:00:00,2014.868,2020.565,2014.624,2017.169,6070
2023-12-05 18:00:00,2017.147,2019.929,2016.597,2018.126,4446
2023-12-05 19:00:00,2018.073,2020.321,2017.473,2019.721,3552
2023-12-05 20:00:00,2019.712,2020.909,2018.33,2019.185,3473
2023-12-05 21:00:00,2019.215,2019.883,2018.609,2019.268,1938
2023-12-05 23:00:00,2019.606,2019.781,2017.177,2018.903,2928
2023-12-06 00:00:00,2018.904,2022.424,2018.684,2021.767,3516
2023-12-06 01:00:00,2021.723,2022.72,2018.914,2020.735,4364
2023-12-06 02:00:00,2020.74,2022.199,2019.722,2021.177,3714
2023-12-06 03:00:00,2021.165,2024.189,2020.87,2023.13,3331
2023-12-06 04:00:00,2023.171,2023.898,2020.385,2021.957,3049
2023-12-06 05:00:00,2021.95,2025.446,2021.078,2024.756,3623
2023-12-06 06:00:00,2024.756,2027.163,2023.78,2026.224,3955
2023-12-06 07:00:00,2026.18,2035.915,2026.066,2034.03,5437
2023-12-06 08:00:00,2033.991,2034.898,2024.437,2025.336,6036
2023-12-06 09:00:00,2025.285,2027.798,2020.101,2021.168,5397
2023-12-06 10:00:00,2021.172,2023.77,2020.922,2022.759,4169
2023-12-06 11:00:00,2022.813,2023.191,2020.091,2021.316,3823
2023-12-06 12:00:00,2021.332,2027.511,2020.955,2026.159,4493
2023-12-06 13:00:00,2026.11,2031.859,2024.476,2030.072,9410
2023-12-06 14:00:00,2030.13,2033.016,2024.746,2025.13,9074
2023-12-06 15:00:00,2025.185,2031.953,2022.632,2030.21,8603
2023-12-06 16:00:00,2030.246,2031.334,2023.86,2029.948,6997
2023-12-06 17:00:00,2029.939,2030.185,2026.544,2029.467,5223
2023-12-06 18:00:00,2029.441,2031.287,2028.0,2030.579,4189
2023-12-06 19:00:00,2030.594,2030.737,2028.716,2029.879,3064
2023-12-06 20:00:00,2029.886,2029.903,2025.11,2026.589,3669
2023-12-06 21:00:00,2026.544,2026.956,2024.39,2025.427,1990
2023-12-06 23:00:00,2025.677,2027.824,2025.158,2027.006,3237
2023-12-07 00:00:00,2026.977,2029.603,2026.619,2028.62,2940
2023-12-07 01:00:00,2028.626,2029.512,2026.016,2026.15,4099
2023-12-07 02:00:00,2026.203,2030.044,2026.101,2029.04,3705
2023-12-07 03:00:00,2028.989,2029.904,2026.361,2026.869,3816
2023-12-07 04:00:00,2026.827,2027.105,2025.358,2026.081,3424
2023-12-07 05:00:00,2026.034,2027.377,2025.165,2026.805,3547
2023-12-07 06:00:00,2026.808,2029.75,2026.252,2029.618,4341
2023-12-07 07:00:00,2029.659,2030.741,2028.228,2029.584,4888
2023-12-07 08:00:00,2029.625,2034.889,2028.804,2032.929,5096
2023-12-07 09:00:00,2032.925,2034.718,2031.101,2034.091,4222
2023-12-07 10:00:00,2034.124,2035.115,2032.441,2033.526,3819
2023-12-07 11:00:00,2033.572,2034.459,2029.555,2032.562,3883
2023-12-07 12:00:00,2032.562,2033.485,2030.365,2033.137,4092
2023-12-07 13:00:00,2033.187,2039.894,2030.051,2037.166,8799
2023-12-07 14:00:00,2037.198,2037.5,2025.074,2026.359,10717
2023-12-07 15:00:00,2026.328,2031.348,2025.387,2029.299,8792
2023-12-07 16:00:00,2029.256,2030.825,2025.516,2026.464,6052
2023-12-07 17:00:00,2026.446,2030.969,2020.091,2028.836,9793
2023-12-07 18:00:00,2028.765,2031.875,2027.582,2030.303,3965
2023-12-07 19:00:00,2030.245,2030.955,2029.336,2029.821,2829
2023-12-07 20:00:00,2029.842,2031.192,2028.582,2029.316,2642
2023-12-07 21:00:00,2029.375,2029.437,2028.159,2028.267,1779
2023-12-07 23:00:00,2028.614,2028.867,2026.753,2027.916,2157
2023-12-08 00:00:00,2028.063,2033.055,2027.498,2031.051,4785
2023-12-08 01:00:00,2031.105,2033.133,2028.702,2032.26,5482
2023-12-08 02:00:00,2032.29,2033.638,2031.728,2032.508,3607
2023-12-08 03:00:00,2032.48,2034.014,2030.858,2032.361,3634
2023-12-08 04:00:00,2032.388,2032.407,2030.043,2031.426,2920
2023-12-08 05:00:00,2031.471,2031.909,2029.324,2030.024,3536
2023-12-08 06:00:00,2029.981,2031.153,2028.837,2030.403,3892
2023-12-08 07:00:00,2030.415,2031.423,2029.089,2030.855,4354
2023-12-08 08:00:00,2030.81,2030.981,2026.433,2028.204,5655
2023-12-08 09:00:00,2028.205,2029.141,2026.62,2028.586,4413
2023-12-08 10:00:00,2028.588,2032.344,2027.095,2029.69,5482
2023-12-08 11:00:00,2029.699,2030.94,2028.804,2029.972,3994
2023-12-08 12:00:00,2030.01,2030.1,2026.947,2027.564,3990
2023-12-08 13:00:00,2027.613,2028.862,2014.431,2018.63,14283
2023-12-08 14:00:00,2018.581,2019.367,2002.5,2008.71,17435
2023-12-08 15:00:00,2008.667,2014.911,2006.106,2008.868,11381
2023-12-08 16:00:00,2008.866,2009.661,2001.128,2002.262,7215
2023-12-08 17:00:00,2002.216,2002.707,1994.546,1997.087,7315
2023-12-08 18:00:00,1997.132,2000.84,1996.283,1999.366,4804
2023-12-08 19:00:00,1999.409,2001.371,1999.2,2000.76,3536
2023-12-08 20:00:00,2000.736,2003.59,2000.006,2002.759,3642
2023-12-08 21:00:00,2002.805,2005.044,2002.587,2004.338,2131
2023-12-10 23:00:00,2005.584,2007.648,2004.562,2007.054,3156
2023-12-11 00:00:00,2006.993,2007.807,2004.553,2004.84,4079
2023-12-11 01:00:00,2004.791,2005.003,2001.695,2002.128,5178
2023-12-11 02:00:00,2002.147,2002.837,1996.596,1998.195,4396
2023-12-11 03:00:00,1998.147,2000.319,1995.41,1996.89,4312
2023-12-11 04:00:00,1996.905,1997.066,1994.728,1996.624,3162
2023-12-11 05:00:00,1996.604,1999.909,1996.356,1998.875,3342
2023-12-11 06:00:00,1998.874,1999.446,1997.613,1998.851,3738
2023-12-11 07:00:00,1998.856,2000.535,1991.27,1992.757,5527
2023-12-11 08:00:00,1992.768,1997.811,1991.823,1996.028,5591
2023-12-11 09:00:00,1996.068,1996.998,1991.851,1993.363,4544
2023-12-11 10:00:00,1993.33,1994.757,1991.144,1992.901,4009
2023-12-11 11:00:00,1992.856,1996.308,1992.691,1996.1,3852
2023-12-11 12:00:00,1996.153,1996.744,1993.834,1995.001,4198
2023-12-11 13:00:00,1995.052,1995.661,1990.126,1993.601,6729
2023-12-11 14:00:00,1993.625,1994.322,1986.432,1986.762,7947
2023-12-11 15:00:00,1986.718,1988.197,1980.572,1982.306,7219
2023-12-11 16:00:00,1982.357,1984.301,1980.003,1981.656,6072
2023-12-11 17:00:00,1981.621,1982.804,1976.059,1976.741,4960
2023-12-11 18:00:00,1976.787,1982.488,1975.839,1981.523,5550
2023-12-11 19:00:00,1981.512,1983.084,1980.348,1981.576,3826
2023-12-11 20:00:00,1981.616,1982.182,1980.284,1980.805,3114
2023-12-11 21:00:00,1980.851,1981.892,1980.658,1981.779,1628
2023-12-11 23:00:00,1982.048,1984.297,1981.747,1982.961,3093
2023-12-12 00:00:00,1982.952,1989.498,1982.309,1985.605,4615
2023-12-12 01:00:00,1985.557,1986.195,1982.822,1983.227,4620
2023-12-12 02:00:00,1983.19,1983.601,1981.855,1982.227,3586
2023-12-12 03:00:00,1982.237,1986.316,1982.058,1985.462,3599
2023-12-12 04:00:00,1985.459,1986.453,1984.637,1985.583,2684
2023-12-12 05:00:00,1985.593,1988.007,1984.74,1987.517,3388
2023-12-12 06:00:00,1987.465,1988.71,1987.138,1987.673,3346
2023-12-12 07:00:00,1987.645,1989.091,1985.439,1988.018,4047
2023-12-12 08:00:00,1987.99,1988.283,1983.681,1983.782,4528
2023-12-12 09:00:00,1983.739,1986.023,1982.615,1985.783,3948
2023-12-12 10:00:00,1985.775,1988.236,1985.061,1986.204,3585
2023-12-12 11:00:00,1986.235,1988.429,1985.855,1988.367,3536
2023-12-12 12:00:00,1988.321,1989.084,1986.775,1988.265,3774
2023-12-12 13:00:00,1988.301,1996.709,1982.63,1984.485,12899
2023-12-12 14:00:00,1984.422,1989.823,1980.013,1981.863,10075
2023-12-12 15:00:00,1981.897,1984.55,1980.43,1981.649,6876
2023-12-12 16:00:00,1981.698,1983.648,1979.154,1980.945,5378
2023-12-12 17:00:00,1980.986,1981.33,1977.124,1977.699,4694
2023-12-12 18:00:00,1977.712,1980.673,1977.474,1979.004,5145
2023-12-12 19:00:00,1978.991,1981.057,1978.938,1980.267,3273
2023-12-12 20:00:00,1980.261,1980.471,1979.246,1979.554,3041
2023-12-12 21:00:00,1979.549,1979.95,1979.0,1979.365,1555
2023-12-12 23:00:00,1980.537,1982.786,1979.829,1982.453,2336
2023-12-13 00:00:00,1982.452,1982.516,1980.283,1980.704,2919
2023-12-13 01:00:00,1980.745,1981.6,1979.654,1980.08,3666
2023-12-13 02:00:00,1980.063,1980.358,1977.862,1979.32,3233
2023-12-13 03:00:00,1979.273,1980.121,1977.715,1977.986,2792
2023-12-13 04:00:00,1977.937,1979.972,1977.594,1978.259,2585
2023-12-13 05:00:00,1978.306,1979.698,1978.283,1978.761,2993
2023-12-13 06:00:00,1978.709,1978.918,1973.033,1974.368,4351
2023-12-13 07:00:00,1974.321,1980.472,1973.53,1979.226,4706
2023-12-13 08:00:00,1979.265,1982.286,1978.56,1980.293,4575
2023-12-13 09:00:00,1980.25,1982.695,1979.514,1982.47,3823
2023-12-13 10:00:00,1982.488,1983.286,1981.084,1983.172,3610
2023-12-13 11:00:00,1983.126,1983.568,1982.109,1982.761,3224
2023-12-13 12:00:00,1982.75,1982.887,1980.786,1981.371,3314
2023-12-13 13:00:00,1981.372,1986.708,1979.612,1984.336,6849
2023-12-13 14:00:00,1984.304,1986.147,1981.214,1981.909,6889
2023-12-13 15:00:00,1981.877,1982.927,1978.383,1981.784,6181
2023-12-13 16:00:00,1981.824,1983.757,1980.397,1981.327,4446
2023-12-13 17:00:00,1981.344,1983.496,1981.055,1981.957,3786
2023-12-13 18:00:00,1981.923,1982.853,1979.624,1982.029,3766
2023-12-13 19:00:00,1981.977,2017.45,1981.923,2013.599,22216
2023-12-13 20:00:00,2013.645,2024.386,2012.567,2023.873,12332
2023-12-13 21:00:00,2023.921,2027.872,2021.525,2027.32,4903
2023-12-13 23:00:00,2024.699,2033.129,2024.291,2032.814,6550
2023-12-14 00:00:00,2032.855,2039.32,2030.382,2037.952,7431
2023-12-14 01:00:00,2038.001,2038.216,2029.935,2032.389,9043
2023-12-14 02:00:00,2032.435,2034.716,2030.544,2032.689,5373
2023-12-14 03:00:00,2032.671,2034.851,2030.266,2030.979,5018
2023-12-14 04:00:00,2030.939,2032.055,2030.075,2031.235,3999
2023-12-14 05:00:00,2031.195,2036.044,2030.371,2035.22,4526
2023-12-14 06:00:00,2035.236,2037.376,2034.059,2035.371,5043
2023-12-14 07:00:00,2035.409,2036.689,2029.256,2032.656,6662
2023-12-14 08:00:00,2032.616,2040.312,2031.985,2036.406,7461
2023-12-14 09:00:00,2036.415,2038.818,2034.768,2036.655,5602
2023-12-14 10:00:00,2036.646,2036.704,2032.281,2033.961,4952
2023-12-14 11:00:00,2033.993,2035.241,2033.053,2034.878,4526
2023-12-14 12:00:00,2035.009,2039.218,2033.641,2038.77,5162
2023-12-14 13:00:00,2038.815,2039.201,2027.375,2037.219,12702
2023-12-14 14:00:00,2037.22,2047.909,2034.888,2043.14,12245
2023-12-14 15:00:00,2043.158,2046.892,2036.429,2040.214,10708
2023-12-14 16:00:00,2040.183,2041.458,2037.859,2039.451,7450
2023-12-14 17:00:00,2039.496,2039.629,2034.617,2036.063,5599
2023-12-14 18:00:00,2036.032,2036.131,2028.944,2031.037,6674
2023-12-14 19:00:00,2031.055,2033.789,2029.83,2033.164,4727
2023-12-14 20:00:00,2033.12,2036.67,2032.695,2036.227,4206
2023-12-14 21:00:00,2036.189,2036.611,2035.307,2036.099,2136
2023-12-14 23:00:00,2036.366,2038.646,2035.475,2035.553,3897
2023-12-15 00:00:00,2035.521,2036.348,2031.207,2032.775,4234
2023-12-15 01:00:00,2032.82,2033.72,2031.797,2032.161,4423
2023-12-15 02:00:00,2032.131,2037.455,2031.81,2036.003,4279
2023-12-15 03:00:00,2036.003,2036.571,2034.012,2035.745,3566
2023-12-15 04:00:00,2035.708,2037.322,2035.265,2036.558,3353
2023-12-15 05:00:00,2036.528,2037.204,2035.063,2035.264,3870
2023-12-15 06:00:00,2035.267,2036.257,2034.32,2035.998,3673
2023-12-15 07:00:00,2036.052,2039.102,2035.718,2037.836,4378
2023-12-15 08:00:00,2037.799,2040.544,2036.96,2040.022,4951
2023-12-15 09:00:00,2040.069,2044.2,2040.0,2042.561,4983
2023-12-15 10:00:00,2042.599,2044.372,2041.126,2042.56,4014
2023-12-15 11:00:00,2042.513,2043.434,2039.944,2041.636,4004
2023-12-15 12:00:00,2041.622,2044.909,2040.867,2041.066,4101
2023-12-15 13:00:00,2041.062,2044.129,2026.895,2031.399,12529
2023-12-15 14:00:00,2031.441,2036.359,2031.306,2033.188,11526
2023-12-15 15:00:00,2033.204,2038.518,2031.917,2035.08,8313
2023-12-15 16:00:00,2035.05,2036.404,2032.953,2033.859,5358
2023-12-15 17:00:00,2033.79,2034.443,2031.892,2032.754,4168
2023-12-15 18:00:00,2032.739,2033.774,2019.558,2019.637,7776
2023-12-15 19:00:00,2019.596,2020.057,2015.542,2019.07,5641
2023-12-15 20:00:00,2019.015,2021.618,2017.394,2017.959,4532
2023-12-15 21:00:00,2017.925,2019.758,2017.804,2019.491,2549
2023-12-17 23:00:00,2019.802,2020.102,2015.893,2017.415,3344
2023-12-18 00:00:00,2017.414,2020.506,2016.067,2020.052,4532
2023-12-18 01:00:00,2020.001,2023.326,2018.64,2019.344,5753
2023-12-18 02:00:00,2019.287,2023.295,2018.955,2021.832,3948
2023-12-18 03:00:00,2021.825,2024.113,2021.302,2022.787,3468
2023-12-18 04:00:00,2022.78,2023.289,2021.489,2023.079,2799
2023-12-18 05:00:00,2023.08,2024.614,2022.343,2023.103,3035
2023-12-18 06:00:00,2023.096,2024.832,2021.457,2023.205,3734
2023-12-18 07:00:00,2023.165,2024.354,2022.527,2023.146,3768
2023-12-18 08:00:00,2023.114,2026.199,2021.626,2024.393,5443
2023-12-18 09:00:00,2024.397,2027.307,2021.897,2022.909,5148
2023-12-18 10:00:00,2022.877,2024.865,2019.044,2019.289,4632
2023-12-18 11:00:00,2019.295,2022.581,2018.736,2021.95,3765
2023-12-18 12:00:00,2021.919,2024.109,2021.741,2023.57,3535
2023-12-18 13:00:00,2023.53,2026.218,2022.68,2025.833,5121
2023-12-18 14:00:00,2025.776,2026.908,2020.769,2024.211,6617
2023-12-18 15:00:00,2024.191,2025.256,2020.273,2022.284,5994
2023-12-18 16:00:00,2022.329,2024.633,2021.148,2022.227,4307
2023-12-18 17:00:00,2022.279,2033.58,2021.189,2033.58,5248
2023-12-18 18:00:00,2033.505,2033.688,2024.912,2026.52,4934
2023-12-18 19:00:00,2026.478,2027.839,2025.704,2026.21,3465
2023-12-18 20:00:00,2026.244,2026.933,2025.508,2026.451,3286
2023-12-18 21:00:00,2026.443,2027.398,2026.256,2027.088,1707
2023-12-18 23:00:00,2027.527,2027.99,2025.621,2027.604,2685
2023-12-19 00:00:00,2027.568,2029.29,2026.422,2027.238,3288
2023-12-19 01:00:00,2027.219,2028.027,2025.828,2026.08,3346
2023-12-19 02:00:00,2026.078,2026.491,2023.123,2024.55,4595
2023-12-19 03:00:00,2024.501,2025.607,2022.612,2023.338,4464
2023-12-19 04:00:00,2023.288,2024.321,2021.696,2024.139,3012
2023-12-19 05:00:00,2024.139,2025.125,2022.54,2024.034,3498
2023-12-19 06:00:00,2024.095,2026.377,2023.399,2024.792,4733
2023-12-19 07:00:00,2024.797,2026.325,2022.863,2024.747,4995
2023-12-19 08:00:00,2024.691,2028.408,2023.827,2026.992,4364
2023-12-19 09:00:00,2027.014,2027.405,2025.582,2026.273,3473
2023-12-19 10:00:00,2026.265,2026.944,2024.27,2025.558,3176
2023-12-19 11:00:00,2025.578,2027.147,2025.277,2026.523,3175
2023-12-19 12:00:00,2026.543,2030.022,2026.167,2029.404,4953
2023-12-19 13:00:00,2029.43,2032.665,2028.445,2029.947,5799
2023-12-19 14:00:00,2029.991,2042.191,2028.88,2041.326,7654
2023-12-19 15:00:00,2041.381,2045.462,2039.011,2041.742,7695
2023-12-19 16:00:00,2041.762,2046.969,2041.129,2044.272,5358
2023-12-19 17:00:00,2044.319,2045.438,2040.173,2040.355,4520
2023-12-19 18:00:00,2040.405,2040.882,2036.625,2039.01,4717
2023-12-19 19:00:00,2038.964,2039.694,2038.367,2039.445,3412
2023-12-19 20:00:00,2039.482,2040.437,2038.673,2040.307,3188
2023-12-19 21:00:00,2040.351,2040.615,2039.563,2040.188,1481
2023-12-19 23:00:00,2039.822,2041.624,2038.774,2040.93,3269
2023-12-20 00:00:00,2040.862,2041.03,2038.764,2039.225,3459
2023-12-20 01:00:00,2039.273,2039.93,2037.575,2038.176,3932
2023-12-20 02:00:00,2038.128,2040.323,2036.7,2039.967,3384
2023-12-20 03:00:00,2039.916,2040.88,2038.988,2040.393,2969
2023-12-20 04:00:00,2040.393,2041.016,2039.842,2040.483,2633
2023-12-20 05:00:00,2040.535,2041.317,2039.35,2041.103,2817
2023-12-20 06:00:00,2041.14,2042.396,2040.47,2040.982,3398
2023-12-20 07:00:00,2040.982,2043.452,2040.69,2042.275,4399
2023-12-20 08:00:00,2042.208,2042.208,2039.744,2040.951,4079
2023-12-20 09:00:00,2040.982,2042.447,2039.551,2039.919,3534
2023-12-20 10:00:00,2039.882,2040.361,2035.532,2035.963,3556
2023-12-20 11:00:00,2035.972,2035.972,2031.757,2033.503,4314
2023-12-20 12:00:00,2033.42,2036.318,2033.126,2033.973,4342
2023-12-20 13:00:00,2034.024,2036.516,2029.517,2036.356,5912
2023-12-20 14:00:00,2036.369,2039.883,2034.046,2037.987,7218
2023-12-20 15:00:00,2037.954,2038.738,2030.492,2032.479,6998
2023-12-20 16:00:00,2032.527,2035.344,2032.457,2034.733,4720
2023-12-20 17:00:00,2034.766,2035.303,2031.926,2034.68,4008
2023-12-20 18:00:00,2034.681,2036.691,2033.962,2036.193,3908
2023-12-20 19:00:00,2036.213,2037.18,2030.125,2032.308,4180
2023-12-20 20:00:00,2032.27,2033.828,2029.419,2029.684,5437
2023-12-20 21:00:00,2029.646,2032.011,2027.383,2031.624,3231
2023-12-20 23:00:00,2032.023,2033.224,2031.442,2032.127,2963
2023-12-21 00:00:00,2032.103,2034.154,2031.904,2033.631,2769
2023-12-21 01:00:00,2033.593,2035.934,2033.382,2035.434,3823
2023-12-21 02:00:00,2035.434,2037.478,2034.845,2036.877,3660
2023-12-21 03:00:00,2036.881,2037.669,2035.527,2037.366,2834
2023-12-21 04:00:00,2037.372,2037.878,2036.15,2036.32,2548
2023-12-21 05:00:00,2036.318,2038.259,2034.921,2036.092,3045
2023-12-21 06:00:00,2036.087,2037.074,2034.326,2036.823,3247
2023-12-21 07:00:00,2036.874,2037.324,2033.858,2034.877,3688
2023-12-21 08:00:00,2034.861,2037.196,2034.781,2036.406,3886
2023-12-21 09:00:00,2036.393,2037.06,2034.707,2035.383,3339
2023-12-21 10:00:00,2035.388,2036.075,2032.982,2034.108,3415
2023-12-21 11:00:00,2034.093,2035.352,2033.85,2034.054,3375
2023-12-21 12:00:00,2034.097,2039.433,2033.218,2037.932,3890
2023-12-21 13:00:00,2037.895,2046.009,2031.986,2041.378,8882
2023-12-21 14:00:00,2041.428,2045.972,2036.962,2042.037,9543
2023-12-21 15:00:00,2041.982,2042.919,2036.619,2041.472,8080
2023-12-21 16:00:00,2041.464,2044.71,2041.012,2041.669,5345
2023-12-21 17:00:00,2041.671,2043.841,2040.309,2040.966,4451
2023-12-21 18:00:00,2040.961,2041.682,2037.41,2039.023,4625
2023-12-21 19:00:00,2039.049,2045.154,2039.049,2043.929,3632
2023-12-21 20:00:00,2043.927,2045.136,2043.061,2044.104,3464
2023-12-21 21:00:00,2044.07,2045.977,2043.828,2045.842,2088
2023-12-21 23:00:00,2048.136,2055.01,2046.67,2052.779,4906
2023-12-22 00:00:00,2052.787,2053.914,2046.948,2048.125,4604
2023-12-22 01:00:00,2048.171,2051.268,2046.755,2048.72,4799
2023-12-22 02:00:00,2048.702,2050.838,2047.95,2050.127,4104
2023-12-22 03:00:00,2050.092,2051.27,2047.144,2048.258,3716
2023-12-22 04:00:00,2048.258,2050.722,2048.084,2049.603,3009
2023-12-22 05:00:00,2049.608,2049.774,2047.599,2048.293,3851
2023-12-22 06:00:00,2048.321,2049.047,2047.035,2047.7,3344
2023-12-22 07:00:00,2047.654,2050.896,2047.489,2049.94,3735
2023-12-22 08:00:00,2049.935,2052.066,2049.619,2051.411,3857
2023-12-22 09:00:00,2051.401,2054.607,2051.401,2053.408,3597
2023-12-22 10:00:00,2053.446,2057.228,2053.428,2055.705,3310
2023-12-22 11:00:00,2055.7,2063.0,2055.171,2060.624,5438
2023-12-22 12:00:00,2060.683,2066.115,2059.381,2060.171,6333
2023-12-22 13:00:00,2060.213,2069.268,2057.653,2067.292,9916
2023-12-22 14:00:00,2067.328,2070.039,2064.043,2068.453,8426
2023-12-22 15:00:00,2068.421,2070.613,2059.316,2060.785,7840
2023-12-22 16:00:00,2060.786,2062.172,2051.098,2053.308,7263
2023-12-22 17:00:00,2053.312,2055.791,2052.201,2055.439,5257
2023-12-22 18:00:00,2055.405,2058.045,2054.737,2057.131,4321
2023-12-22 19:00:00,2057.187,2057.234,2051.67,2053.959,4082
2023-12-22 20:00:00,2053.949,2054.052,2052.084,2053.259,3571
2023-12-22 21:00:00,2053.304,2053.696,2052.451,2053.095,2012
2023-12-25 23:00:00,2057.746,2057.746,2052.92,2054.497,1473
2023-12-26 00:00:00,2054.841,2055.118,2053.315,2054.862,1924
2023-12-26 01:00:00,2054.883,2063.828,2054.807,2063.144,2856
2023-12-26 02:00:00,2063.13,2065.064,2061.857,2064.551,2674
2023-12-26 03:00:00,2064.561,2064.877,2063.451,2063.878,2147
2023-12-26 04:00:00,2063.866,2064.45,2063.394,2063.985,1470
2023-12-26 05:00:00,2063.992,2064.444,2061.277,2062.645,2273
2023-12-26 06:00:00,2062.709,2064.989,2062.038,2063.974,2332
2023-12-26 07:00:00,2063.977,2064.592,2062.786,2064.132,2599
2023-12-26 08:00:00,2064.151,2064.487,2061.062,2061.338,2400
2023-12-26 09:00:00,2061.346,2062.95,2060.373,2061.779,2431
2023-12-26 10:00:00,2061.774,2063.818,2061.77,2063.73,2013
2023-12-26 11:00:00,2063.708,2064.071,2062.733,2063.353,2524
2023-12-26 12:00:00,2063.4,2063.475,2061.1,2061.765,2578
2023-12-26 13:00:00,2061.764,2063.852,2058.723,2058.723,3503
2023-12-26 14:00:00,2058.762,2061.863,2054.444,2056.968,4137
2023-12-26 15:00:00,2056.977,2059.854,2056.106,2056.756,3585
2023-12-26 16:00:00,2056.777,2059.817,2056.471,2059.369,3030
2023-12-26 17:00:00,2059.389,2059.664,2056.913,2057.712,2765
2023-12-26 18:00:00,2057.713,2059.938,2057.296,2058.289,2945
2023-12-26 19:00:00,2058.326,2062.077,2058.299,2061.624,2579
2023-12-26 20:00:00,2061.65,2068.604,2061.484,2068.283,3186
2023-12-26 21:00:00,2068.217,2069.059,2066.066,2067.499,1774
2023-12-26 23:00:00,2067.489,2068.017,2065.349,2065.502,1525
2023-12-27 00:00:00,2066.168,2066.534,2063.888,2065.581,3406
2023-12-27 01:00:00,2065.528,2067.812,2064.909,2066.7,3886
2023-12-27 02:00:00,2066.697,2067.19,2064.767,2065.355,3441
2023-12-27 03:00:00,2065.345,2066.483,2064.308,2064.533,3029
2023-12-27 04:00:00,2064.539,2065.913,2064.051,2065.775,2256
2023-12-27 05:00:00,2065.777,2066.24,2064.38,2064.658,2886
2023-12-27 06:00:00,2064.642,2067.407,2064.351,2065.101,3353
2023-12-27 07:00:00,2065.091,2066.301,2064.768,2065.942,3406
2023-12-27 08:00:00,2065.94,2068.33,2065.757,2067.322,3810
2023-12-27 09:00:00,2067.345,2069.267,2067.197,2068.271,3110
2023-12-27 10:00:00,2068.257,2068.615,2061.469,2064.633,4046
2023-12-27 11:00:00,2064.626,2068.794,2064.501,2068.064,3373
2023-12-27 12:00:00,2068.111,2070.279,2064.366,2067.562,4110
2023-12-27 13:00:00,2067.643,2069.67,2066.066,2068.29,5351
2023-12-27 14:00:00,2068.238,2072.286,2066.603,2070.222,5759
2023-12-27 15:00:00,2070.184,2081.885,2068.9,2078.816,7735
2023-12-27 16:00:00,2078.786,2082.366,2076.608,2081.607,5565
2023-12-27 17:00:00,2081.599,2082.522,2079.471,2081.807,4039
2023-12-27 18:00:00,2081.815,2084.424,2075.86,2078.406,5143
2023-12-27 19:00:00,2078.4,2078.768,2075.989,2077.449,3839
2023-12-27 20:00:00,2077.497,2078.174,2076.29,2078.109,3371
2023-12-27 21:00:00,2078.127,2078.495,2076.574,2077.088,2037
2023-12-27 23:00:00,2077.535,2079.565,2077.115,2079.169,2080
2023-12-28 00:00:00,2079.503,2081.081,2079.17,2079.684,3447
2023-12-28 01:00:00,2079.654,2087.723,2079.581,2086.993,4783
2023-12-28 02:00:00,2087.024,2088.447,2085.506,2087.923,4318
2023-12-28 03:00:00,2087.884,2088.404,2085.947,2087.199,3406
2023-12-28 04:00:00,2087.2,2087.298,2085.816,2086.514,3004
2023-12-28 05:00:00,2086.53,2087.511,2084.637,2085.777,3635
2023-12-28 06:00:00,2085.775,2086.889,2084.267,2085.798,4090
2023-12-28 07:00:00,2085.812,2087.614,2083.975,2086.074,3980
2023-12-28 08:00:00,2086.152,2086.417,2076.584,2077.396,5641
2023-12-28 09:00:00,2077.445,2078.123,2072.664,2076.919,5381
2023-12-28 10:00:00,2076.929,2079.251,2074.711,2077.18,4151
2023-12-28 11:00:00,2077.219,2078.471,2075.003,2075.486,3565
2023-12-28 12:00:00,2075.507,2076.796,2071.272,2076.422,4168
2023-12-28 13:00:00,2076.379,2079.049,2071.975,2072.965,6093
2023-12-28 14:00:00,2073.007,2079.387,2072.067,2078.835,6417
2023-12-28 15:00:00,2078.788,2081.143,2075.593,2077.236,6375
2023-12-28 16:00:00,2077.19,2077.321,2073.055,2074.134,5314
2023-12-28 17:00:00,2074.159,2076.078,2072.035,2074.752,4744
2023-12-28 18:00:00,2074.788,2075.454,2071.353,2072.651,5191
2023-12-28 19:00:00,2072.668,2073.134,2065.891,2068.055,4399
2023-12-28 20:00:00,2068.008,2068.896,2065.863,2066.434,3831
2023-12-28 21:00:00,2066.468,2066.996,2064.456,2065.229,2413
2023-12-28 23:00:00,2066.296,2067.025,2065.465,2066.564,1816
2023-12-29 00:00:00,2066.742,2067.89,2066.011,2066.836,3273
2023-12-29 01:00:00,2066.886,2071.392,2066.63,2070.676,4578
2023-12-29 02:00:00,2070.658,2071.259,2068.267,2068.655,4039
2023-12-29 03:00:00,2068.648,2070.548,2067.611,2069.493,3232
2023-12-29 04:00:00,2069.493,2070.648,2068.85,2069.95,2468
2023-12-29 05:00:00,2069.952,2072.312,2069.774,2072.216,2936
2023-12-29 06:00:00,2072.216,2073.152,2071.721,2072.662,3392
2023-12-29 07:00:00,2072.714,2074.727,2071.844,2071.925,3471
2023-12-29 08:00:00,2071.974,2073.408,2068.697,2068.712,3927
2023-12-29 09:00:00,2068.7,2069.747,2065.34,2065.547,3891
2023-12-29 10:00:00,2065.567,2065.824,2061.782,2064.713,4573
2023-12-29 11:00:00,2064.757,2068.333,2064.757,2067.752,3956
2023-12-29 12:00:00,2067.719,2068.868,2064.418,2065.349,4231
2023-12-29 13:00:00,2065.365,2066.277,2058.123,2059.137,5757
2023-12-29 14:00:00,2059.1,2065.286,2058.435,2063.003,6838
2023-12-29 15:00:00,2062.994,2066.074,2061.651,2064.836,6858
2023-12-29 16:00:00,2064.791,2067.916,2063.325,2066.135,6324
2023-12-29 17:00:00,2066.069,2068.102,2064.48,2066.525,4846
2023-12-29 18:00:00,2066.475,2066.523,2061.091,2064.782,6083
2023-12-29 19:00:00,2064.822,2067.768,2063.981,2067.251,3362
2023-12-29 20:00:00,2067.228,2067.363,2062.581,2063.15,3650
2023-12-29 21:00:00,2063.19,2063.599,2062.424,2062.838,2268
2024-01-01 23:00:00,2064.593,2066.002,2062.633,2063.543,1988
2024-01-02 00:00:00,2063.608,2065.773,2062.165,2065.34,2816
2024-01-02 01:00:00,2065.341,2069.9,2064.861,2066.536,4592
2024-01-02 02:00:00,2066.512,2068.267,2063.862,2067.669,3142
2024-01-02 03:00:00,2067.693,2070.338,2066.393,2069.487,2757
2024-01-02 04:00:00,2069.492,2070.666,2068.823,2069.5,2458
2024-01-02 05:00:00,2069.567,2074.753,2069.37,2074.31,3118
2024-01-02 06:00:00,2074.307,2076.662,2072.804,2074.141,3299
2024-01-02 07:00:00,2074.076,2076.358,2073.065,2073.065,3589
2024-01-02 08:00:00,2073.13,2074.406,2071.699,2073.218,3606
2024-01-02 09:00:00,2073.274,2078.877,2073.185,2077.032,3516
2024-01-02 10:00:00,2077.048,2077.753,2073.441,2075.949,4158
2024-01-02 11:00:00,2075.936,2076.18,2068.216,2069.221,5329
2024-01-02 12:00:00,2069.177,2069.498,2065.015,2067.869,5210
2024-01-02 13:00:00,2067.829,2071.026,2064.796,2066.248,7268
2024-01-02 14:00:00,2066.306,2070.375,2062.134,2070.325,8939
2024-01-02 15:00:00,2070.366,2070.687,2056.099,2059.306,11509
2024-01-02 16:00:00,2059.336,2067.588,2059.095,2066.095,6591
2024-01-02 17:00:00,2066.041,2066.898,2061.791,2062.681,4590
2024-01-02 18:00:00,2062.724,2064.933,2060.52,2061.16,4009
2024-01-02 19:00:00,2061.158,2062.176,2060.405,2060.946,3409
2024-01-02 20:00:00,2060.99,2061.579,2057.837,2058.195,3504
2024-01-02 21:00:00,2058.241,2059.232,2057.993,2058.855,2096
2024-01-02 23:00:00,2058.797,2059.874,2058.413,2059.476,1872
2024-01-03 00:00:00,2059.578,2062.108,2059.226,2060.197,3390
2024-01-03 01:00:00,2060.185,2062.557,2059.435,2062.379,4222
2024-01-03 02:00:00,2062.41,2065.189,2061.595,2064.694,3857
2024-01-03 03:00:00,2064.69,2065.548,2063.262,2065.072,3104
2024-01-03 04:00:00,2065.023,2065.534,2064.354,2064.764,2460
2024-01-03 05:00:00,2064.762,2065.974,2063.401,2064.061,3275
2024-01-03 06:00:00,2064.024,2065.33,2063.377,2064.3,3495
2024-01-03 07:00:00,2064.268,2064.32,2060.82,2062.917,4275
2024-01-03 08:00:00,2062.857,2064.335,2058.833,2060.096,4905
2024-01-03 09:00:00,2060.135,2060.574,2054.243,2056.8,4862
2024-01-03 10:00:00,2056.745,2057.16,2052.64,2054.847,4401
2024-01-03 11:00:00,2054.851,2055.634,2046.622,2047.617,5222
2024-01-03 12:00:00,2047.648,2048.363,2041.728,2045.713,7188
2024-01-03 13:00:00,2045.746,2047.985,2038.647,2040.971,8292
2024-01-03 14:00:00,2041.027,2042.289,2031.682,2037.771,9403
2024-01-03 15:00:00,2037.488,2048.759,2031.758,2032.552,12433
2024-01-03 16:00:00,2032.601,2036.054,2031.25,2032.38,7596
2024-01-03 17:00:00,2032.424,2033.743,2030.541,2033.303,5302
2024-01-03 18:00:00,2033.311,2036.331,2032.853,2035.754,4379
2024-01-03 19:00:00,2035.765,2042.274,2030.537,2036.62,8588
2024-01-03 20:00:00,2036.579,2042.312,2036.405,2040.996,5635
2024-01-03 21:00:00,2041.03,2041.809,2040.222,2041.173,2530
2024-01-03 23:00:00,2042.001,2043.691,2041.099,2042.666,2201
2024-01-04 00:00:00,2042.927,2043.19,2041.532,2042.089,3118
2024-01-04 01:00:00,2042.089,2043.278,2040.044,2042.197,4356
2024-01-04 02:00:00,2042.207,2044.745,2042.207,2044.586,4106
2024-01-04 03:00:00,2044.619,2046.932,2044.093,2044.677,3338
2024-01-04 04:00:00,2044.682,2044.682,2042.361,2043.012,3344
2024-01-04 05:00:00,2042.997,2044.284,2042.346,2043.772,3190
2024-01-04 06:00:00,2043.779,2048.589,2043.58,2047.203,4502
2024-01-04 07:00:00,2047.16,2049.556,2046.504,2047.656,4580
2024-01-04 08:00:00,2047.703,2048.584,2045.405,2046.763,4659
2024-01-04 09:00:00,2046.716,2050.971,2046.273,2047.995,4560
2024-01-04 10:00:00,2048.017,2050.768,2046.636,2047.887,4329
2024-01-04 11:00:00,2047.88,2048.402,2044.829,2045.133,3937
2024-01-04 12:00:00,2045.136,2046.175,2043.267,2045.855,4073
2024-01-04 13:00:00,2045.864,2047.11,2038.823,2040.156,6932
2024-01-04 14:00:00,2040.201,2042.559,2036.178,2039.279,6595
2024-01-04 15:00:00,2039.3,2047.731,2039.116,2045.046,7380
2024-01-04 16:00:00,2045.084,2046.673,2044.042,2044.639,5111
2024-01-04 17:00:00,2044.687,2045.009,2040.825,2043.192,4612
2024-01-04 18:00:00,2043.202,2043.938,2041.487,2043.123,3966
2024-01-04 19:00:00,2043.073,2044.852,2042.395,2044.3,3219
2024-01-04 20:00:00,2044.282,2044.783,2042.998,2042.998,3455
2024-01-04 21:00:00,2043.06,2044.29,2043.06,2043.29,1826
2024-01-04 23:00:00,2043.256,2044.612,2042.481,2043.865,2086
2024-01-05 00:00:00,2044.187,2044.679,2043.235,2044.251,2986
2024-01-05 01:00:00,2044.261,2048.239,2044.001,2046.138,4862
2024-01-05 02:00:00,2046.138,2047.795,2045.635,2046.134,3406
2024-01-05 03:00:00,2046.134,2046.411,2044.793,2045.323,3399
2024-01-05 04:00:00,2045.279,2046.38,2044.447,2044.595,2700
2024-01-05 05:00:00,2044.551,2045.205,2043.124,2044.452,3103
2024-01-05 06:00:00,2044.454,2045.06,2040.861,2042.42,3889
2024-01-05 07:00:00,2042.422,2046.986,2042.03,2043.126,4504
2024-01-05 08:00:00,2043.144,2044.387,2041.393,2042.388,4447
2024-01-05 09:00:00,2042.345,2043.773,2038.355,2038.835,4028
2024-01-05 10:00:00,2038.89,2040.282,2037.307,2039.947,3823
2024-01-05 11:00:00,2039.917,2040.299,2037.017,2039.152,3433
2024-01-05 12:00:00,2039.136,2040.995,2038.362,2040.116,3776
2024-01-05 13:00:00,2040.164,2041.953,2024.389,2039.925,15649
2024-01-05 14:00:00,2039.88,2049.178,2038.738,2046.942,14712
2024-01-05 15:00:00,2047.092,2063.993,2047.092,2054.77,17445
2024-01-05 16:00:00,2054.829,2056.213,2044.1,2045.061,8000
2024-01-05 17:00:00,2045.09,2045.438,2040.387,2041.959,7343
2024-01-05 18:00:00,2041.917,2048.471,2040.468,2048.134,5718
2024-01-05 19:00:00,2048.177,2050.323,2044.854,2045.684,4754
2024-01-05 20:00:00,2045.706,2045.765,2042.79,2043.573,4272
2024-01-05 21:00:00,2043.555,2046.177,2043.555,2045.474,2406
2024-01-07 23:00:00,2044.635,2045.574,2042.912,2044.207,2605
2024-01-08 00:00:00,2044.212,2046.243,2043.707,2045.94,2627
2024-01-08 01:00:00,2045.955,2046.581,2042.791,2043.747,4283
2024-01-08 02:00:00,2043.767,2043.805,2041.216,2041.285,3974
2024-01-08 03:00:00,2041.288,2041.503,2035.015,2036.098,4420
2024-01-08 04:00:00,2036.117,2037.543,2035.588,2035.782,3445
2024-01-08 05:00:00,2035.737,2036.092,2026.943,2030.671,5681
2024-01-08 06:00:00,2030.663,2033.227,2030.318,2032.911,4353
2024-01-08 07:00:00,2032.87,2033.154,2028.542,2031.393,5086
2024-01-08 08:00:00,2031.393,2031.737,2027.275,2028.32,5644
2024-01-08 09:00:00,2028.284,2031.688,2026.466,2029.089,4817
2024-01-08 10:00:00,2029.133,2029.458,2026.946,2027.566,4154
2024-01-08 11:00:00,2027.564,2027.893,2016.652,2020.051,6464
2024-01-08 12:00:00,2020.006,2024.828,2018.83,2024.572,4836
2024-01-08 13:00:00,2024.602,2025.468,2018.354,2018.931,8692
2024-01-08 14:00:00,2018.888,2027.157,2018.453,2026.385,8769
2024-01-08 15:00:00,2026.353,2034.783,2025.468,2034.224,7829
2024-01-08 16:00:00,2034.255,2036.903,2031.362,2032.101,6368
2024-01-08 17:00:00,2032.136,2032.998,2027.011,2027.638,4944
2024-01-08 18:00:00,2027.639,2028.284,2026.281,2026.505,4145
2024-01-08 19:00:00,2026.511,2029.594,2026.455,2029.301,3423
2024-01-08 20:00:00,2029.314,2029.824,2026.082,2027.113,3647
2024-01-08 21:00:00,2027.118,2028.71,2027.044,2027.998,2033
2024-01-08 23:00:00,2028.052,2030.686,2027.636,2030.438,1918
2024-01-09 00:00:00,2030.409,2034.938,2030.409,2034.339,3982
2024-01-09 01:00:00,2034.337,2035.615,2031.14,2032.162,4611
2024-01-09 02:00:00,2032.169,2035.9,2032.074,2034.123,3967
2024-01-09 03:00:00,2034.173,2034.917,2032.969,2033.591,3311
2024-01-09 04:00:00,2033.601,2034.944,2032.23,2032.867,3436
2024-01-09 05:00:00,2032.866,2033.488,2030.295,2032.772,3517
2024-01-09 06:00:00,2032.811,2035.106,2031.171,2033.137,4125
2024-01-09 07:00:00,2033.161,2037.219,2032.177,2035.96,4823
2024-01-09 08:00:00,2036.01,2038.227,2031.246,2034.26,5982
2024-01-09 09:00:00,2034.214,2037.005,2033.119,2035.393,4686
2024-01-09 10:00:00,2035.391,2038.484,2034.784,2035.423,4504
2024-01-09 11:00:00,2035.454,2035.696,2033.633,2034.992,3903
2024-01-09 12:00:00,2035.023,2036.304,2033.932,2036.248,3826
2024-01-09 13:00:00,2036.294,2041.97,2031.633,2038.638,8168
2024-01-09 14:00:00,2038.586,2040.074,2033.889,2034.593,8977
2024-01-09 15:00:00,2034.567,2035.585,2028.71,2028.711,7412
2024-01-09 16:00:00,2028.658,2031.524,2026.015,2031.121,6872
2024-01-09 17:00:00,2031.167,2032.021,2027.026,2027.586,4890
2024-01-09 18:00:00,2027.56,2029.655,2026.723,2029.135,5005
2024-01-09 19:00:00,2029.146,2029.996,2027.759,2028.79,3471
2024-01-09 20:00:00,2028.809,2031.085,2028.237,2028.388,3644
2024-01-09 21:00:00,2028.438,2030.149,2028.427,2029.886,1657
2024-01-09 23:00:00,2030.536,2030.968,2027.966,2030.401,2042
2024-01-10 00:00:00,2030.403,2031.14,2029.589,2030.255,2803
2024-01-10 01:00:00,2030.226,2032.467,2027.233,2031.754,4521
2024-01-10 02:00:00,2031.729,2032.83,2030.326,2031.797,3683
2024-01-10 03:00:00,2031.807,2031.89,2028.051,2028.803,3572
2024-01-10 04:00:00,2028.798,2030.639,2028.347,2029.715,2898
2024-01-10 05:00:00,2029.714,2030.191,2025.365,2026.626,3893
2024-01-10 06:00:00,2026.624,2027.04,2023.764,2024.519,4105
2024-01-10 07:00:00,2024.545,2031.614,2024.215,2030.928,5040
2024-01-10 08:00:00,2030.924,2035.99,2030.168,2035.201,6456
2024-01-10 09:00:00,2035.15,2036.176,2034.559,2035.647,4552
2024-01-10 10:00:00,2035.709,2040.3,2034.478,2034.822,4569
2024-01-10 11:00:00,2034.829,2035.276,2032.746,2034.043,3915
2024-01-10 12:00:00,2034.048,2035.664,2031.192,2031.513,4458
2024-01-10 13:00:00,2031.521,2034.019,2029.922,2030.24,6274
2024-01-10 14:00:00,2030.284,2033.595,2026.349,2027.364,7184
2024-01-10 15:00:00,2027.375,2029.766,2024.774,2027.774,7333
2024-01-10 16:00:00,2027.83,2028.501,2024.68,2027.019,5384
2024-01-10 17:00:00,2027.028,2027.721,2022.139,2024.002,4755
2024-01-10 18:00:00,2023.947,2024.531,2021.331,2023.619,4903
2024-01-10 19:00:00,2023.617,2024.513,2020.353,2024.008,3729
2024-01-10 20:00:00,2024.071,2025.023,2021.842,2023.513,4517
2024-01-10 21:00:00,2023.487,2024.483,2023.269,2024.234,1952
2024-01-10 23:00:00,2024.49,2027.695,2024.22,2026.358,2194
2024-01-11 00:00:00,2026.413,2028.437,2026.413,2027.834,2958
2024-01-11 01:00:00,2027.848,2030.357,2026.999,2029.616,3919
2024-01-11 02:00:00,2029.622,2031.983,2028.86,2029.61,3708
2024-01-11 03:00:00,2029.608,2031.013,2028.756,2030.79,3040
2024-01-11 04:00:00,2030.79,2032.223,2030.78,2031.989,2421
2024-01-11 05:00:00,2032.037,2034.59,2031.068,2032.934,3438
2024-01-11 06:00:00,2032.945,2035.05,2032.126,2033.941,3774
2024-01-11 07:00:00,2033.942,2035.657,2033.554,2033.842,3776
2024-01-11 08:00:00,2033.891,2034.024,2030.423,2030.871,4645
2024-01-11 09:00:00,2030.84,2032.468,2030.119,2031.272,3965
2024-01-11 10:00:00,2031.274,2032.755,2030.462,2032.009,3396
2024-01-11 11:00:00,2032.052,2034.384,2031.328,2034.287,3604
2024-01-11 12:00:00,2034.321,2035.015,2031.56,2032.345,4098
2024-01-11 13:00:00,2032.394,2048.118,2024.948,2029.456,17075
2024-01-11 14:00:00,2029.484,2034.887,2024.857,2029.689,16029
2024-01-11 15:00:00,2029.659,2032.999,2025.17,2028.987,12826
2024-01-11 16:00:00,2028.954,2029.6,2013.555,2016.687,12113
2024-01-11 17:00:00,2016.644,2018.441,2013.209,2014.325,7076
2024-01-11 18:00:00,2014.286,2017.015,2013.767,2017.01,5838
2024-01-11 19:00:00,2017.04,2027.409,2017.04,2026.438,6439
2024-01-11 20:00:00,2026.487,2028.527,2023.44,2027.46,5422
2024-01-11 21:00:00,2027.507,2029.605,2027.336,2028.82,2496
2024-01-11 23:00:00,2028.755,2035.447,2028.435,2034.954,2722
2024-01-12 00:00:00,2035.012,2035.381,2030.242,2031.074,3907
2024-01-12 01:00:00,2031.029,2034.72,2030.026,2033.871,4927
2024-01-12 02:00:00,2033.877,2035.253,2033.19,2033.963,3619
2024-01-12 03:00:00,2033.965,2035.637,2033.658,2033.877,3127
2024-01-12 04:00:00,2033.845,2034.992,2032.804,2034.659,2882
2024-01-12 05:00:00,2034.672,2037.105,2033.703,2035.997,3429
2024-01-12 06:00:00,2035.955,2036.782,2034.883,2035.208,3473
2024-01-12 07:00:00,2035.236,2039.339,2034.134,2037.557,4856
2024-01-12 08:00:00,2037.551,2039.738,2036.909,2038.61,5078
2024-01-12 09:00:00,2038.622,2040.033,2037.781,2038.093,4163
2024-01-12 10:00:00,2038.094,2046.084,2037.965,2045.803,4579
2024-01-12 11:00:00,2045.835,2047.363,2044.126,2045.306,4912
2024-01-12 12:00:00,2045.339,2053.794,2045.339,2047.757,7145
2024-01-12 13:00:00,2047.805,2056.604,2044.342,2056.093,11681
2024-01-12 14:00:00,2056.143,2062.284,2053.305,2055.896,11202
2024-01-12 15:00:00,2055.95,2060.071,2050.753,2053.611,10174
2024-01-12 16:00:00,2053.643,2055.505,2048.232,2048.245,8084
2024-01-12 17:00:00,2048.213,2048.579,2041.397,2043.853,7526
2024-01-12 18:00:00,2043.811,2048.658,2042.909,2047.478,5372
2024-01-12 19:00:00,2047.481,2049.145,2046.177,2047.282,3712
2024-01-12 20:00:00,2047.331,2047.672,2046.008,2047.518,3396
2024-01-12 21:00:00,2047.497,2049.223,2046.839,2049.032,2364
2024-01-14 23:00:00,2048.13,2048.705,2046.294,2047.586,2671
2024-01-15 00:00:00,2047.652,2048.459,2045.752,2047.846,3457
2024-01-15 01:00:00,2047.863,2051.386,2047.445,2050.94,4595
2024-01-15 02:00:00,2051.034,2056.373,2049.816,2056.331,4692
2024-01-15 03:00:00,2056.282,2058.04,2055.447,2057.375,4010
2024-01-15 04:00:00,2057.369,2057.551,2053.542,2054.289,3125
2024-01-15 05:00:00,2054.29,2055.53,2052.977,2055.063,3190
2024-01-15 06:00:00,2055.074,2056.977,2053.822,2055.377,3765
2024-01-15 07:00:00,2055.42,2055.933,2052.874,2054.168,4755
2024-01-15 08:00:00,2054.22,2058.626,2053.764,2056.652,4446
2024-01-15 09:00:00,2056.644,2056.964,2052.871,2054.907,4183
2024-01-15 10:00:00,2054.94,2055.106,2052.05,2053.068,3869
2024-01-15 11:00:00,2053.111,2053.752,2051.442,2053.257,3519
2024-01-15 12:00:00,2053.311,2053.648,2051.295,2052.676,3623
2024-01-15 13:00:00,2052.736,2054.245,2052.055,2054.217,3866
2024-01-15 14:00:00,2054.191,2054.421,2051.557,2052.136,3739
2024-01-15 15:00:00,2052.095,2053.832,2049.187,2053.258,4326
2024-01-15 16:00:00,2053.233,2054.954,2053.148,2054.016,3402
2024-01-15 17:00:00,2054.023,2056.385,2053.591,2055.281,2915
2024-01-15 18:00:00,2055.313,2055.455,2054.249,2054.432,1377
2024-01-15 19:00:00,2054.429,2054.519,2053.888,2053.936,367
2024-01-15 23:00:00,2054.642,2055.328,2053.129,2053.841,2227
2024-01-16 00:00:00,2053.867,2054.507,2050.765,2051.373,3776
2024-01-16 01:00:00,2051.331,2053.364,2049.91,2050.833,4871
2024-01-16 02:00:00,2050.842,2051.474,2049.725,2050.491,3778
2024-01-16 03:00:00,2050.49,2051.52,2048.344,2049.435,3706
2024-01-16 04:00:00,2049.436,2050.07,2048.962,2049.329,2808
2024-01-16 05:00:00,2049.345,2049.426,2047.485,2048.57,3513
2024-01-16 06:00:00,2048.535,2050.512,2047.349,2050.469,3678
2024-01-16 07:00:00,2050.477,2050.885,2047.998,2049.376,4529
2024-01-16 08:00:00,2049.345,2050.024,2042.052,2043.129,6881
2024-01-16 09:00:00,2043.134,2043.874,2038.62,2041.218,6110
2024-01-16 10:00:00,2041.171,2042.407,2039.244,2041.01,4864
2024-01-16 11:00:00,2041.009,2041.203,2038.139,2039.874,4501
2024-01-16 12:00:00,2039.827,2039.997,2035.57,2038.467,5409
2024-01-16 13:00:00,2038.419,2045.13,2031.244,2037.665,11421
2024-01-16 14:00:00,2037.619,2042.631,2036.799,2038.182,9339
2024-01-16 15:00:00,2038.195,2041.972,2037.288,2041.053,7910
2024-01-16 16:00:00,2041.102,2041.269,2032.427,2033.473,14268
2024-01-16 17:00:00,2033.482,2033.838,2024.884,2025.292,8205
2024-01-16 18:00:00,2025.337,2028.899,2024.185,2025.095,5643
2024-01-16 19:00:00,2025.141,2030.162,2024.909,2029.19,4225
2024-01-16 20:00:00,2029.22,2029.754,2027.809,2028.243,3695
2024-01-16 21:00:00,2028.293,2028.583,2027.114,2028.462,2093
2024-01-16 23:00:00,2027.922,2028.066,2025.588,2027.824,2265
2024-01-17 00:00:00,2028.1,2028.841,2025.629,2028.437,3438
2024-01-17 01:00:00,2028.433,2030.728,2026.679,2030.264,4649
2024-01-17 02:00:00,2030.256,2032.935,2026.998,2028.935,4321
2024-01-17 03:00:00,2028.904,2029.13,2023.395,2024.074,3728
2024-01-17 04:00:00,2024.07,2025.74,2023.312,2025.362,3412
2024-01-17 05:00:00,2025.367,2025.399,2019.291,2020.631,5311
2024-01-17 06:00:00,2020.635,2020.789,2017.541,2019.217,4972
2024-01-17 07:00:00,2019.212,2026.111,2017.812,2025.746,5995
2024-01-17 08:00:00,2025.696,2026.616,2021.209,2021.428,5283
2024-01-17 09:00:00,2021.398,2024.247,2019.004,2023.8,4746
2024-01-17 10:00:00,2023.668,2028.319,2022.719,2026.071,5082
2024-01-17 11:00:00,2026.097,2026.708,2023.684,2023.938,4019
2024-01-17 12:00:00,2023.893,2029.016,2023.684,2028.319,5260
2024-01-17 13:00:00,2028.36,2028.677,2018.972,2022.359,9784
2024-01-17 14:00:00,2022.313,2023.064,2011.391,2012.225,10335
2024-01-17 15:00:00,2012.163,2014.025,2006.077,2008.859,10880
2024-01-17 16:00:00,2008.814,2011.941,2004.138,2005.405,7205
2024-01-17 17:00:00,2005.458,2008.021,2003.38,2007.009,5442
2024-01-17 18:00:00,2007.041,2007.203,2001.761,2004.665,5310
2024-01-17 19:00:00,2004.712,2006.906,2004.272,2005.46,4242
2024-01-17 20:00:00,2005.511,2006.838,2004.71,2006.127,3817
2024-01-17 21:00:00,2006.159,2006.369,2005.261,2006.13,2085
2024-01-17 23:00:00,2005.391,2009.6,2005.34,2009.243,2330
2024-01-18 00:00:00,2009.261,2010.917,2008.222,2010.784,3487
2024-01-18 01:00:00,2010.746,2012.044,2009.315,2011.496,4296
2024-01-18 02:00:00,2011.463,2011.844,2007.464,2007.625,3499
2024-01-18 03:00:00,2007.631,2009.145,2006.436,2008.02,3664
2024-01-18 04:00:00,2008.007,2009.183,2007.841,2008.025,2743
2024-01-18 05:00:00,2008.055,2009.384,2005.717,2009.162,3567
2024-01-18 06:00:00,2009.145,2013.028,2008.777,2012.629,4177
2024-01-18 07:00:00,2012.588,2014.013,2011.036,2012.305,4169
2024-01-18 08:00:00,2012.267,2012.393,2009.544,2009.714,4523
2024-01-18 09:00:00,2009.68,2012.98,2008.065,2010.119,4375
2024-01-18 10:00:00,2010.163,2012.211,2009.172,2011.552,3805
2024-01-18 11:00:00,2011.555,2013.475,2010.751,2012.554,3701
2024-01-18 12:00:00,2012.578,2017.245,2012.578,2015.046,5001
2024-01-18 13:00:00,2014.987,2014.987,2007.361,2009.053,7501
2024-01-18 14:00:00,2009.102,2013.615,2008.999,2012.808,8226
2024-01-18 15:00:00,2012.862,2015.652,2011.611,2013.548,6920
2024-01-18 16:00:00,2013.55,2017.728,2013.017,2014.765,5315
2024-01-18 17:00:00,2014.769,2016.37,2013.175,2016.247,4391
2024-01-18 18:00:00,2016.302,2021.101,2015.412,2020.448,5135
2024-01-18 19:00:00,2020.409,2020.567,2018.337,2019.745,3975
2024-01-18 20:00:00,2019.739,2022.631,2019.739,2022.211,3632
2024-01-18 21:00:00,2022.167,2023.234,2021.808,2023.087,1859
2024-01-18 23:00:00,2023.644,2024.233,2020.97,2023.423,2617
2024-01-19 00:00:00,2023.793,2024.232,2022.614,2023.124,3046
2024-01-19 01:00:00,2023.111,2025.489,2022.046,2023.99,4253
2024-01-19 02:00:00,2023.942,2024.971,2022.54,2023.972,3581
2024-01-19 03:00:00,2023.969,2024.256,2021.856,2022.744,2592
2024-01-19 04:00:00,2022.741,2022.776,2020.589,2020.975,2440
2024-01-19 05:00:00,2020.956,2021.88,2020.307,2021.567,2969
2024-01-19 06:00:00,2021.541,2024.256,2020.844,2023.8,3692
2024-01-19 07:00:00,2023.793,2029.613,2023.642,2027.946,4404
2024-01-19 08:00:00,2027.906,2030.074,2026.174,2029.679,4182
2024-01-19 09:00:00,2029.688,2030.844,2027.574,2029.716,3841
2024-01-19 10:00:00,2029.714,2030.943,2028.859,2030.317,3331
2024-01-19 11:00:00,2030.361,2031.973,2028.763,2031.617,3529
2024-01-19 12:00:00,2031.655,2035.13,2031.631,2032.851,4189
2024-01-19 13:00:00,2032.809,2039.258,2032.603,2035.258,6432
2024-01-19 14:00:00,2035.296,2035.666,2026.34,2029.652,6499
2024-01-19 15:00:00,2029.676,2032.201,2023.138,2027.663,9090
2024-01-19 16:00:00,2027.636,2029.509,2023.178,2024.804,5661
2024-01-19 17:00:00,2024.767,2029.08,2024.356,2029.08,4752
2024-01-19 18:00:00,2029.097,2029.436,2026.384,2027.803,4252
2024-01-19 19:00:00,2027.849,2029.389,2027.482,2029.075,3509
2024-01-19 20:00:00,2029.056,2029.474,2027.686,2028.199,3277
2024-01-19 21:00:00,2028.248,2029.97,2028.082,2029.452,2071
2024-01-21 23:00:00,2028.529,2028.562,2026.843,2027.505,2801
2024-01-22 00:00:00,2027.49,2029.249,2025.381,2028.985,3398
2024-01-22 01:00:00,2029.033,2032.074,2028.682,2029.034,4174
2024-01-22 02:00:00,2029.047,2030.018,2028.324,2029.724,3315
2024-01-22 03:00:00,2029.727,2029.767,2025.932,2026.942,3229
2024-01-22 04:00:00,2026.938,2027.171,2024.645,2025.441,2890
2024-01-22 05:00:00,2025.398,2025.539,2021.836,2023.241,4241
2024-01-22 06:00:00,2023.207,2024.405,2019.978,2020.887,4806
2024-01-22 07:00:00,2020.87,2024.215,2019.061,2021.786,4989
2024-01-22 08:00:00,2021.757,2026.226,2020.407,2022.109,5125
2024-01-22 09:00:00,2022.152,2023.959,2020.553,2021.683,3916
2024-01-22 10:00:00,2021.626,2024.514,2021.019,2022.833,3872
2024-01-22 11:00:00,2022.817,2026.607,2022.173,2026.116,4001
2024-01-22 12:00:00,2026.066,2030.159,2025.178,2029.628,4793
2024-01-22 13:00:00,2029.583,2029.686,2021.222,2023.135,6893
2024-01-22 14:00:00,2023.104,2023.953,2016.399,2022.667,7601
2024-01-22 15:00:00,2022.612,2026.532,2020.712,2024.1,6320
2024-01-22 16:00:00,2024.142,2024.196,2021.415,2023.614,4471
2024-01-22 17:00:00,2023.669,2024.601,2021.338,2021.576,3831
2024-01-22 18:00:00,2021.573,2021.896,2019.747,2021.291,3653
2024-01-22 19:00:00,2021.284,2021.564,2019.027,2020.96,3327
2024-01-22 20:00:00,2020.973,2021.034,2019.111,2020.766,3207
2024-01-22 21:00:00,2020.747,2021.563,2020.181,2021.563,1816
2024-01-22 23:00:00,2021.393,2021.771,2020.196,2020.552,1618
2024-01-23 00:00:00,2020.71,2023.069,2020.71,2022.754,2509
2024-01-23 01:00:00,2022.713,2022.889,2019.559,2021.648,3788
2024-01-23 02:00:00,2021.668,2024.113,2020.781,2022.642,3824
2024-01-23 03:00:00,2022.637,2027.86,2021.702,2027.393,3974
2024-01-23 04:00:00,2027.389,2027.903,2026.647,2027.596,2906
2024-01-23 05:00:00,2027.599,2031.669,2027.19,2030.833,3930
2024-01-23 06:00:00,2030.811,2035.93,2029.153,2035.083,4598
2024-01-23 07:00:00,2035.118,2037.899,2027.695,2031.549,6465
2024-01-23 08:00:00,2031.553,2031.648,2027.676,2028.896,4622
2024-01-23 09:00:00,2028.851,2030.549,2027.017,2028.67,4414
2024-01-23 10:00:00,2028.615,2028.615,2024.699,2025.092,4239
2024-01-23 11:00:00,2025.084,2026.153,2022.361,2023.861,4237
2024-01-23 12:00:00,2023.867,2026.914,2023.197,2025.699,4242
2024-01-23 13:00:00,2025.742,2030.32,2023.299,2024.884,5938
2024-01-23 14:00:00,2024.885,2026.105,2021.355,2023.1,6878
2024-01-23 15:00:00,2023.152,2026.746,2022.925,2025.108,6354
2024-01-23 16:00:00,2025.165,2027.711,2023.227,2025.672,4822
2024-01-23 17:00:00,2025.706,2026.007,2022.564,2024.225,3823
2024-01-23 18:00:00,2024.231,2025.717,2022.959,2025.173,3720
2024-01-23 19:00:00,2025.169,2030.688,2024.731,2029.836,3902
2024-01-23 20:00:00,2029.818,2030.286,2028.156,2028.682,3163
2024-01-23 21:00:00,2028.648,2029.271,2027.779,2028.91,1913
2024-01-23 23:00:00,2028.631,2029.388,2027.087,2029.137,1909
2024-01-24 00:00:00,2029.002,2029.264,2026.898,2027.345,2860
2024-01-24 01:00:00,2027.305,2028.914,2026.401,2027.21,3727
2024-01-24 02:00:00,2027.188,2027.555,2023.939,2024.207,3170
2024-01-24 03:00:00,2024.186,2025.662,2023.703,2024.82,3230
2024-01-24 04:00:00,2024.818,2025.639,2023.983,2024.447,2456
2024-01-24 05:00:00,2024.436,2025.677,2022.726,2024.534,3274
2024-01-24 06:00:00,2024.535,2027.924,2023.729,2026.023,3673
2024-01-24 07:00:00,2025.979,2031.576,2025.762,2029.531,4559
2024-01-24 08:00:00,2029.561,2032.175,2028.183,2030.899,5023
2024-01-24 09:00:00,2030.85,2034.145,2029.891,2030.875,4438
2024-01-24 10:00:00,2030.817,2033.0,2029.342,2032.677,3808
2024-01-24 11:00:00,2032.726,2034.231,2030.801,2033.46,3857
2024-01-24 12:00:00,2033.41,2034.376,2031.623,2032.685,4423
2024-01-24 13:00:00,2032.637,2036.593,2031.26,2033.985,8094
2024-01-24 14:00:00,2033.937,2034.676,2023.267,2024.564,9680
2024-01-24 15:00:00,2024.588,2025.281,2014.826,2015.209,9753
2024-01-24 16:00:00,2015.247,2016.302,2011.783,2015.291,6536
2024-01-24 17:00:00,2015.331,2019.783,2015.251,2019.173,4989
2024-01-24 18:00:00,2019.225,2019.767,2013.326,2015.073,5487
2024-01-24 19:00:00,2015.069,2015.277,2011.138,2012.057,4047
2024-01-24 20:00:00,2012.089,2013.757,2011.783,2012.258,3509
2024-01-24 21:00:00,2012.298,2014.553,2012.048,2014.417,2298
2024-01-24 23:00:00,2014.761,2017.399,2014.587,2016.101,2408
2024-01-25 00:00:00,2016.247,2016.724,2014.799,2015.414,3318
2024-01-25 01:00:00,2015.411,2017.284,2014.44,2016.462,4075
2024-01-25 02:00:00,2016.473,2016.968,2014.614,2015.133,3352
2024-01-25 03:00:00,2015.178,2016.772,2015.083,2015.768,2867
2024-01-25 04:00:00,2015.766,2016.394,2014.762,2015.651,2153
2024-01-25 05:00:00,2015.672,2016.573,2014.801,2015.493,2845
2024-01-25 06:00:00,2015.51,2016.562,2014.506,2015.744,3138
2024-01-25 07:00:00,2015.742,2018.249,2013.551,2015.811,4180
2024-01-25 08:00:00,2015.763,2015.977,2012.602,2013.837,4571
2024-01-25 09:00:00,2013.829,2017.873,2012.773,2017.812,3975
2024-01-25 10:00:00,2017.806,2019.471,2017.129,2019.106,3765
2024-01-25 11:00:00,2019.153,2019.491,2016.515,2017.449,3750
2024-01-25 12:00:00,2017.451,2017.63,2013.302,2013.658,4093
2024-01-25 13:00:00,2013.608,2022.979,2009.361,2019.258,9754
2024-01-25 14:00:00,2019.293,2025.271,2018.335,2023.605,9836
2024-01-25 15:00:00,2023.574,2024.686,2016.765,2020.279,7838
2024-01-25 16:00:00,2020.285,2021.607,2013.738,2014.556,5359
2024-01-25 17:00:00,2014.604,2016.487,2012.408,2014.863,4604
2024-01-25 18:00:00,2014.885,2018.602,2014.002,2014.258,4698
2024-01-25 19:00:00,2014.21,2018.367,2013.373,2017.7,3556
2024-01-25 20:00:00,2017.734,2020.24,2016.869,2020.024,3232
2024-01-25 21:00:00,2019.977,2020.718,2018.893,2020.709,1849
2024-01-25 23:00:00,2019.854,2021.527,2019.273,2020.248,2131
2024-01-26 00:00:00,2020.356,2021.79,2019.321,2021.174,2845
2024-01-26 01:00:00,2021.232,2024.172,2021.025,2021.834,3770
2024-01-26 02:00:00,2021.817,2023.913,2021.725,2021.935,3085
2024-01-26 03:00:00,2021.951,2022.874,2021.302,2021.773,2534
2024-01-26 04:00:00,2021.718,2022.419,2020.977,2021.189,2295
2024-01-26 05:00:00,2021.145,2023.468,2021.017,2022.984,2818
2024-01-26 06:00:00,2022.985,2023.391,2021.542,2021.594,3017
2024-01-26 07:00:00,2021.573,2022.772,2019.771,2021.252,3913
2024-01-26 08:00:00,2021.249,2022.161,2020.152,2020.533,4063
2024-01-26 09:00:00,2020.582,2022.395,2018.182,2020.796,4176
2024-01-26 10:00:00,2020.837,2023.832,2020.837,2023.396,3735
2024-01-26 11:00:00,2023.387,2024.657,2022.374,2023.428,3690
2024-01-26 12:00:00,2023.386,2024.432,2020.066,2021.274,3845
2024-01-26 13:00:00,2021.238,2026.819,2018.687,2024.612,7850
2024-01-26 14:00:00,2024.608,2026.069,2019.031,2020.26,7069
2024-01-26 15:00:00,2020.217,2020.217,2016.062,2017.086,5964
2024-01-26 16:00:00,2017.019,2019.406,2015.867,2018.155,4587
2024-01-26 17:00:00,2018.107,2018.793,2016.406,2016.625,3827
2024-01-26 18:00:00,2016.589,2018.192,2016.013,2017.304,3657
2024-01-26 19:00:00,2017.315,2017.835,2016.105,2017.015,3031
2024-01-26 20:00:00,2016.991,2019.215,2016.447,2018.48,2943
2024-01-26 21:00:00,2018.435,2019.118,2017.985,2018.469,1636
2024-01-28 23:00:00,2023.424,2028.615,2021.186,2021.831,5027
2024-01-29 00:00:00,2021.832,2022.064,2019.282,2021.508,3862
2024-01-29 01:00:00,2021.498,2025.438,2021.046,2023.178,4188
2024-01-29 02:00:00,2023.177,2025.469,2021.467,2025.397,3232
2024-01-29 03:00:00,2025.423,2026.317,2024.151,2025.602,2856
2024-01-29 04:00:00,2025.594,2027.59,2025.376,2026.139,2452
2024-01-29 05:00:00,2026.159,2026.767,2024.657,2025.471,2950
2024-01-29 06:00:00,2025.448,2028.976,2024.832,2028.725,3303
2024-01-29 07:00:00,2028.686,2033.855,2028.632,2031.274,4400
2024-01-29 08:00:00,2031.243,2033.544,2030.894,2031.573,4313
2024-01-29 09:00:00,2031.594,2031.923,2027.842,2028.405,3778
2024-01-29 10:00:00,2028.332,2028.569,2025.556,2027.452,3677
2024-01-29 11:00:00,2027.443,2028.303,2025.427,2028.117,3517
2024-01-29 12:00:00,2028.137,2030.245,2028.107,2028.433,3491
2024-01-29 13:00:00,2028.426,2037.561,2027.74,2036.769,5495
2024-01-29 14:00:00,2036.769,2037.21,2021.552,2024.653,7272
2024-01-29 15:00:00,2024.587,2026.238,2020.491,2025.387,5990
2024-01-29 16:00:00,2025.344,2027.893,2023.99,2027.006,4599
2024-01-29 17:00:00,2027.004,2031.097,2026.495,2029.311,4011
2024-01-29 18:00:00,2029.306,2029.705,2025.024,2025.796,3507
2024-01-29 19:00:00,2025.829,2027.911,2025.115,2026.88,3353
2024-01-29 20:00:00,2026.915,2035.227,2026.915,2032.628,5384
2024-01-29 21:00:00,2032.582,2032.582,2030.921,2032.337,2371
2024-01-29 23:00:00,2032.92,2033.184,2029.006,2030.73,2076
2024-01-30 00:00:00,2030.962,2034.065,2030.834,2033.534,3239
2024-01-30 01:00:00,2033.529,2033.94,2030.561,2031.054,3782
2024-01-30 02:00:00,2031.008,2032.406,2029.773,2031.882,3093
2024-01-30 03:00:00,2031.852,2032.541,2031.315,2031.999,2753
2024-01-30 04:00:00,2032.003,2033.001,2031.154,2031.753,2349
2024-01-30 05:00:00,2031.763,2033.279,2031.434,2032.17,2798
2024-01-30 06:00:00,2032.173,2035.963,2032.073,2034.456,3669
2024-01-30 07:00:00,2034.45,2040.464,2034.005,2037.855,4478
2024-01-30 08:00:00,2037.815,2039.464,2036.981,2038.287,4722
2024-01-30 09:00:00,2038.268,2038.623,2035.013,2035.661,3850
2024-01-30 10:00:00,2035.65,2037.297,2034.994,2035.612,3742
2024-01-30 11:00:00,2035.571,2036.11,2031.04,2034.252,3893
2024-01-30 12:00:00,2034.225,2036.334,2033.608,2035.884,3847
2024-01-30 13:00:00,2035.909,2037.949,2033.181,2037.759,6249
2024-01-30 14:00:00,2037.716,2048.558,2037.267,2046.622,8875
2024-01-30 15:00:00,2046.539,2048.246,2029.029,2032.541,12877
2024-01-30 16:00:00,2032.605,2036.047,2031.642,2035.834,5614
2024-01-30 17:00:00,2035.835,2036.14,2033.082,2033.972,4299
2024-01-30 18:00:00,2033.974,2033.974,2031.416,2032.728,3936
2024-01-30 19:00:00,2032.725,2037.021,2032.3,2036.038,3699
2024-01-30 20:00:00,2036.003,2036.593,2035.234,2035.988,3250
2024-01-30 21:00:00,2035.924,2036.847,2035.794,2036.768,2037
2024-01-30 23:00:00,2036.756,2037.079,2035.424,2036.234,1607
2024-01-31 00:00:00,2036.4,2038.644,2035.77,2036.085,2855
2024-01-31 01:00:00,2036.083,2037.155,2034.427,2034.619,3268
2024-01-31 02:00:00,2034.57,2034.824,2032.811,2033.657,3103
2024-01-31 03:00:00,2033.662,2034.211,2032.985,2033.907,2265
2024-01-31 04:00:00,2033.855,2034.792,2033.197,2034.502,1971
2024-01-31 05:00:00,2034.544,2035.08,2033.221,2034.932,2623
2024-01-31 06:00:00,2034.96,2035.759,2033.609,2034.274,2702
2024-01-31 07:00:00,2034.232,2038.536,2033.828,2036.563,3860
2024-01-31 08:00:00,2036.563,2040.437,2036.077,2039.102,4081
2024-01-31 09:00:00,2039.059,2039.811,2037.875,2038.213,3607
2024-01-31 10:00:00,2038.217,2038.556,2036.554,2036.959,3300
2024-01-31 11:00:00,2036.968,2038.903,2036.844,2037.284,3244
2024-01-31 12:00:00,2037.289,2039.577,2037.088,2038.471,3515
2024-01-31 13:00:00,2038.553,2043.223,2035.989,2041.845,7031
2024-01-31 14:00:00,2041.871,2055.278,2040.677,2051.593,8328
2024-01-31 15:00:00,2051.561,2055.979,2050.404,2052.118,8897
2024-01-31 16:00:00,2052.132,2053.58,2047.435,2049.963,6813
2024-01-31 17:00:00,2049.906,2050.972,2049.195,2049.612,4201
2024-01-31 18:00:00,2049.561,2049.798,2045.676,2046.34,4278
2024-01-31 19:00:00,2046.219,2050.806,2039.454,2044.692,21850
2024-01-31 20:00:00,2044.662,2045.905,2030.808,2034.785,17876
2024-01-31 21:00:00,2034.728,2040.146,2033.324,2038.987,4658
2024-01-31 23:00:00,2039.43,2041.164,2039.113,2039.786,2024
2024-02-01 00:00:00,2039.734,2042.668,2039.1,2040.627,3328
2024-02-01 01:00:00,2040.678,2041.894,2040.001,2041.277,4028
2024-02-01 02:00:00,2041.276,2049.58,2041.177,2046.933,4117
2024-02-01 03:00:00,2046.944,2048.485,2045.552,2046.289,3439
2024-02-01 04:00:00,2046.335,2046.639,2044.965,2045.746,2763
2024-02-01 05:00:00,2045.702,2046.302,2044.282,2044.486,3281
2024-02-01 06:00:00,2044.475,2044.86,2042.351,2043.512,3513
2024-02-01 07:00:00,2043.47,2044.213,2041.117,2042.895,4156
2024-02-01 08:00:00,2042.81,2042.81,2038.923,2041.895,5248
2024-02-01 09:00:00,2041.919,2042.783,2040.297,2041.02,4369
2024-02-01 10:00:00,2041.032,2041.199,2030.921,2031.842,5039
2024-02-01 11:00:00,2031.808,2034.419,2029.913,2033.377,5303
2024-02-01 12:00:00,2033.381,2034.454,2030.04,2034.186,5142
2024-02-01 13:00:00,2034.129,2042.108,2030.819,2039.992,8604
2024-02-01 14:00:00,2040.019,2050.814,2039.902,2046.168,9384
2024-02-01 15:00:00,2046.094,2053.016,2040.179,2051.911,11287
2024-02-01 16:00:00,2051.859,2065.458,2051.699,2059.398,9585
2024-02-01 17:00:00,2059.431,2062.356,2051.256,2054.378,8223
2024-02-01 18:00:00,2054.333,2058.667,2052.086,2055.744,7206
2024-02-01 19:00:00,2055.704,2058.113,2054.128,2054.734,4610
2024-02-01 20:00:00,2054.785,2055.678,2053.412,2055.543,3721
2024-02-01 21:00:00,2055.505,2055.505,2053.802,2054.697,2596
2024-02-01 23:00:00,2054.871,2056.101,2054.126,2054.624,1595
2024-02-02 00:00:00,2054.631,2056.91,2054.535,2054.988,2869
2024-02-02 01:00:00,2055.018,2056.007,2052.86,2054.708,3758
2024-02-02 02:00:00,2054.732,2055.391,2051.89,2053.761,3434
2024-02-02 03:00:00,2053.748,2054.967,2053.579,2054.562,2849
2024-02-02 04:00:00,2054.564,2055.899,2054.062,2055.051,2489
2024-02-02 05:00:00,2055.055,2056.47,2054.432,2055.507,3268
2024-02-02 06:00:00,2055.53,2056.931,2054.124,2055.424,3677
2024-02-02 07:00:00,2055.47,2056.887,2054.714,2055.042,3766
2024-02-02 08:00:00,2055.024,2056.758,2053.604,2053.977,3896
2024-02-02 09:00:00,2053.929,2054.939,2052.669,2053.044,3775
2024-02-02 10:00:00,2053.04,2055.589,2052.885,2054.589,3531
2024-02-02 11:00:00,2054.589,2056.112,2053.641,2056.038,3351
2024-02-02 12:00:00,2056.066,2056.281,2053.743,2055.182,3560
2024-02-02 13:00:00,2055.238,2057.623,2029.507,2031.678,16249
2024-02-02 14:00:00,2031.625,2036.068,2027.741,2035.331,14561
2024-02-02 15:00:00,2035.261,2035.607,2028.482,2034.993,9501
2024-02-02 16:00:00,2034.943,2037.469,2033.053,2036.221,6089
2024-02-02 17:00:00,2036.202,2036.975,2033.908,2035.15,4444
2024-02-02 18:00:00,2035.117,2038.733,2034.384,2037.348,4587
2024-02-02 19:00:00,2037.347,2038.511,2036.373,2038.052,3706
2024-02-02 20:00:00,2038.107,2038.38,2035.968,2035.968,3529
2024-02-02 21:00:00,2036.002,2039.791,2036.002,2039.609,2185
2024-02-04 23:00:00,2041.781,2042.213,2039.061,2039.715,3233
2024-02-05 00:00:00,2039.299,2039.819,2033.532,2035.593,5558
2024-02-05 01:00:00,2035.55,2038.203,2034.484,2037.954,4160
2024-02-05 02:00:00,2037.923,2038.718,2032.967,2033.523,3891
2024-02-05 03:00:00,2033.494,2034.429,2030.24,2032.266,4076
2024-02-05 04:00:00,2032.212,2033.295,2031.514,2031.942,2773
2024-02-05 05:00:00,2031.944,2031.994,2028.874,2029.724,3933
2024-02-05 06:00:00,2029.72,2031.201,2026.719,2030.86,3782
2024-02-05 07:00:00,2030.881,2031.475,2026.77,2027.502,4448
2024-02-05 08:00:00,2027.556,2027.695,2021.465,2023.46,4879
2024-02-05 09:00:00,2023.409,2024.186,2020.584,2022.686,4028
2024-02-05 10:00:00,2022.661,2025.239,2022.249,2024.408,3784
2024-02-05 11:00:00,2024.448,2028.375,2024.043,2027.577,3607
2024-02-05 12:00:00,2027.58,2028.018,2022.619,2022.627,3930
2024-02-05 13:00:00,2022.581,2022.701,2014.892,2015.863,6566
2024-02-05 14:00:00,2015.899,2023.736,2014.818,2023.586,6802
2024-02-05 15:00:00,2023.562,2023.562,2015.427,2017.79,9088
2024-02-05 16:00:00,2017.747,2022.43,2017.72,2022.128,4881
2024-02-05 17:00:00,2022.131,2026.404,2021.306,2025.555,4309
2024-02-05 18:00:00,2025.604,2027.033,2025.333,2025.875,3872
2024-02-05 19:00:00,2025.925,2027.489,2025.045,2025.927,3449
2024-02-05 20:00:00,2025.897,2026.382,2023.913,2024.95,3329
2024-02-05 21:00:00,2024.999,2025.113,2024.061,2024.667,1661
2024-02-05 23:00:00,2024.57,2025.15,2023.438,2024.86,1629
2024-02-06 00:00:00,2024.809,2027.574,2024.809,2026.817,2513
2024-02-06 01:00:00,2026.818,2028.588,2026.439,2027.142,3480
2024-02-06 02:00:00,2027.149,2027.343,2024.884,2025.939,3143
2024-02-06 03:00:00,2025.948,2026.345,2023.413,2023.894,3299
2024-02-06 04:00:00,2023.896,2026.428,2023.531,2026.243,2868
2024-02-06 05:00:00,2026.289,2029.813,2025.777,2029.421,3646
2024-02-06 06:00:00,2029.399,2029.603,2026.092,2026.719,3347
2024-02-06 07:00:00,2026.719,2028.942,2026.158,2026.244,3621
2024-02-06 08:00:00,2026.259,2026.682,2023.351,2023.841,3772
2024-02-06 09:00:00,2023.798,2025.324,2022.802,2023.575,3708
2024-02-06 10:00:00,2023.533,2026.235,2023.315,2023.944,3564
2024-02-06 11:00:00,2023.989,2027.472,2022.888,2026.694,3629
2024-02-06 12:00:00,2026.647,2027.91,2024.448,2027.734,3958
2024-02-06 13:00:00,2027.682,2030.893,2026.242,2029.135,5965
2024-02-06 14:00:00,2029.086,2033.014,2026.85,2030.649,6486
2024-02-06 15:00:00,2030.596,2038.108,2029.57,2036.288,7964
2024-02-06 16:00:00,2036.238,2038.88,2035.17,2036.615,5173
2024-02-06 17:00:00,2036.583,2038.337,2032.066,2037.02,5193
2024-02-06 18:00:00,2036.978,2038.191,2033.787,2036.473,4553
2024-02-06 19:00:00,2036.497,2036.883,2034.922,2035.904,3620
2024-02-06 20:00:00,2035.964,2036.951,2035.143,2035.713,3193
2024-02-06 21:00:00,2035.708,2036.113,2034.941,2035.82,1679
2024-02-06 23:00:00,2035.258,2036.072,2034.302,2035.069,1658
2024-02-07 00:00:00,2035.25,2036.096,2034.407,2034.979,2413
2024-02-07 01:00:00,2034.948,2035.763,2034.213,2035.035,3171
2024-02-07 02:00:00,2035.075,2035.51,2034.026,2034.423,2857
2024-02-07 03:00:00,2034.389,2035.433,2034.05,2034.431,2540
2024-02-07 04:00:00,2034.373,2035.446,2034.107,2035.201,1930
2024-02-07 05:00:00,2035.204,2035.446,2033.255,2033.382,2744
2024-02-07 06:00:00,2033.337,2034.233,2032.407,2033.45,2902
2024-02-07 07:00:00,2033.458,2036.133,2033.228,2035.124,3360
2024-02-07 08:00:00,2035.181,2035.255,2031.217,2032.876,3781
2024-02-07 09:00:00,2032.921,2034.896,2032.303,2034.322,3496
2024-02-07 10:00:00,2034.352,2034.364,2032.619,2033.143,3294
2024-02-07 11:00:00,2033.109,2035.719,2032.742,2034.123,3317
2024-02-07 12:00:00,2034.113,2034.208,2030.519,2033.371,3781
2024-02-07 13:00:00,2033.409,2036.624,2032.328,2036.084,4905
2024-02-07 14:00:00,2036.078,2044.516,2032.641,2042.396,8189
2024-02-07 15:00:00,2042.43,2043.293,2035.336,2038.345,7980
2024-02-07 16:00:00,2038.303,2040.873,2037.498,2038.376,5154
2024-02-07 17:00:00,2038.372,2038.456,2033.991,2035.581,4351
2024-02-07 18:00:00,2035.596,2037.191,2033.947,2034.758,4389
2024-02-07 19:00:00,2034.81,2035.754,2034.128,2035.511,3091
2024-02-07 20:00:00,2035.465,2035.803,2034.394,2034.78,2919
2024-02-07 21:00:00,2034.735,2034.944,2033.687,2034.943,1759
2024-02-07 23:00:00,2034.817,2036.369,2034.662,2036.228,1657
2024-02-08 00:00:00,2036.224,2037.725,2036.224,2037.242,2263
2024-02-08 01:00:00,2037.239,2038.082,2036.593,2037.166,3039
2024-02-08 02:00:00,2037.179,2038.687,2035.821,2036.123,2943
2024-02-08 03:00:00,2036.125,2036.522,2031.724,2032.755,2751
2024-02-08 04:00:00,2032.756,2033.943,2031.607,2032.18,2464
2024-02-08 05:00:00,2032.148,2033.683,2031.06,2033.387,2999
2024-02-08 06:00:00,2033.39,2034.203,2032.248,2033.277,2751
2024-02-08 07:00:00,2033.264,2034.951,2031.565,2032.794,3534
2024-02-08 08:00:00,2032.795,2033.351,2028.842,2030.75,4021
2024-02-08 09:00:00,2030.748,2035.971,2029.752,2035.278,3915
2024-02-08 10:00:00,2035.273,2038.509,2034.679,2036.087,4220
2024-02-08 11:00:00,2036.134,2036.289,2027.77,2028.969,4513
2024-02-08 12:00:00,2028.983,2029.08,2023.685,2024.96,4868
2024-02-08 13:00:00,2024.991,2026.41,2020.834,2021.061,7123
2024-02-08 14:00:00,2021.103,2034.005,2020.124,2028.309,9090
2024-02-08 15:00:00,2028.369,2033.193,2027.587,2031.93,6843
2024-02-08 16:00:00,2031.973,2032.281,2027.662,2031.869,4825
2024-02-08 17:00:00,2031.881,2033.075,2030.259,2031.627,4006
2024-02-08 18:00:00,2031.59,2035.302,2031.09,2032.059,4671
2024-02-08 19:00:00,2032.111,2033.449,2031.367,2032.495,3253
2024-02-08 20:00:00,2032.491,2033.759,2032.491,2032.967,2875
2024-02-08 21:00:00,2033.007,2034.173,2033.007,2033.913,1438
2024-02-08 23:00:00,2034.263,2034.58,2033.526,2034.124,1337
2024-02-09 00:00:00,2034.147,2034.385,2031.935,2032.022,2393
2024-02-09 01:00:00,2032.023,2035.055,2032.01,2034.185,2780
2024-02-09 02:00:00,2034.168,2035.115,2033.966,2034.329,2361
2024-02-09 03:00:00,2034.328,2034.758,2032.931,2033.547,2304
2024-02-09 04:00:00,2033.575,2033.725,2032.321,2032.716,2142
2024-02-09 05:00:00,2032.717,2034.002,2032.114,2032.824,1903
2024-02-09 06:00:00,2032.821,2034.3,2032.26,2033.797,2111
2024-02-09 07:00:00,2033.798,2034.977,2032.849,2033.522,3244
2024-02-09 08:00:00,2033.521,2034.065,2030.491,2032.331,4001
2024-02-09 09:00:00,2032.312,2033.507,2031.072,2031.565,3668
2024-02-09 10:00:00,2031.565,2033.109,2030.95,2032.699,3498
2024-02-09 11:00:00,2032.745,2033.479,2031.462,2031.511,3365
2024-02-09 12:00:00,2031.517,2032.142,2028.5,2028.763,3796
2024-02-09 13:00:00,2028.768,2037.184,2025.514,2026.973,9733
2024-02-09 14:00:00,2026.928,2030.565,2022.994,2025.261,8464
2024-02-09 15:00:00,2025.209,2027.158,2021.784,2022.452,6412
2024-02-09 16:00:00,2022.461,2023.835,2020.233,2021.538,4956
2024-02-09 17:00:00,2021.482,2024.72,2021.149,2024.59,3824
2024-02-09 18:00:00,2024.537,2026.311,2022.781,2023.755,3701
2024-02-09 19:00:00,2023.707,2026.086,2023.305,2024.749,3034
2024-02-09 20:00:00,2024.739,2026.19,2023.805,2025.085,2974
2024-02-09 21:00:00,2025.084,2025.528,2023.891,2024.192,1769
2024-02-11 23:00:00,2026.346,2026.706,2024.401,2025.266,2167
2024-02-12 00:00:00,2025.416,2025.898,2024.898,2025.126,2088
2024-02-12 01:00:00,2025.124,2026.559,2023.442,2023.534,2502
2024-02-12 02:00:00,2023.49,2023.87,2022.174,2022.406,2413
2024-02-12 03:00:00,2022.382,2023.035,2021.813,2022.857,2224
2024-02-12 04:00:00,2022.879,2024.137,2022.502,2023.128,1839
2024-02-12 05:00:00,2023.136,2024.004,2022.846,2023.765,1944
2024-02-12 06:00:00,2023.765,2024.686,2023.511,2024.192,1997
2024-02-12 07:00:00,2024.205,2026.403,2023.041,2025.501,3232
2024-02-12 08:00:00,2025.449,2027.257,2023.534,2023.684,3941
2024-02-12 09:00:00,2023.637,2023.865,2020.344,2020.754,3658
2024-02-12 10:00:00,2020.701,2021.195,2019.916,2020.91,3228
2024-02-12 11:00:00,2020.947,2022.515,2020.164,2021.704,3332
2024-02-12 12:00:00,2021.691,2022.298,2020.521,2021.332,3374
2024-02-12 13:00:00,2021.346,2027.562,2018.527,2019.036,6266
2024-02-12 14:00:00,2019.081,2020.331,2013.149,2014.935,7253
2024-02-12 15:00:00,2014.905,2016.971,2012.031,2013.134,5631
2024-02-12 16:00:00,2013.201,2016.361,2011.846,2015.834,4847
2024-02-12 17:00:00,2015.884,2020.159,2015.55,2019.3,4277
2024-02-12 18:00:00,2019.35,2021.538,2017.777,2021.468,4026
2024-02-12 19:00:00,2021.442,2021.558,2018.546,2019.158,3496
2024-02-12 20:00:00,2019.099,2020.519,2018.836,2020.074,3105
2024-02-12 21:00:00,2020.115,2020.477,2019.614,2019.873,1555
2024-02-12 23:00:00,2019.02,2019.323,2018.282,2018.65,1373
2024-02-13 00:00:00,2018.803,2019.539,2018.243,2019.447,2349
2024-02-13 01:00:00,2019.503,2021.187,2019.417,2020.253,2405
2024-02-13 02:00:00,2020.295,2020.334,2018.905,2018.938,2448
2024-02-13 03:00:00,2018.937,2019.134,2016.807,2018.524,2438
2024-02-13 04:00:00,2018.479,2019.561,2018.324,2018.984,2048
2024-02-13 05:00:00,2019.031,2021.598,2019.003,2020.656,2336
2024-02-13 06:00:00,2020.714,2024.037,2020.635,2023.639,2490
2024-02-13 07:00:00,2023.685,2025.789,2023.378,2025.154,3509
2024-02-13 08:00:00,2025.203,2026.257,2024.415,2026.028,3601
2024-02-13 09:00:00,2025.985,2026.896,2025.082,2026.613,3339
2024-02-13 10:00:00,2026.602,2027.999,2025.97,2026.518,3178
2024-02-13 11:00:00,2026.542,2029.295,2026.058,2027.665,3498
2024-02-13 12:00:00,2027.712,2028.971,2027.328,2028.271,3540
2024-02-13 13:00:00,2028.218,2032.769,2002.887,2004.331,13826
2024-02-13 14:00:00,2004.305,2005.897,1992.431,1995.7,13423
2024-02-13 15:00:00,1995.728,1995.891,1989.965,1992.237,9316
2024-02-13 16:00:00,1992.28,1997.775,1991.887,1994.822,6168
2024-02-13 17:00:00,1994.798,1995.969,1992.741,1993.561,4290
2024-02-13 18:00:00,1993.617,1995.719,1993.081,1993.442,4105
2024-02-13 19:00:00,1993.447,1993.762,1991.186,1991.754,3515
2024-02-13 20:00:00,1991.715,1993.611,1991.193,1992.651,3336
2024-02-13 21:00:00,1992.682,1993.562,1992.134,1992.957,2126
2024-02-13 23:00:00,1992.724,1992.952,1990.404,1991.193,1728
2024-02-14 00:00:00,1991.332,1993.239,1990.758,1992.621,2647
2024-02-14 01:00:00,1992.63,1992.868,1988.795,1992.774,3544
2024-02-14 02:00:00,1992.823,1993.56,1991.097,1992.159,2967
2024-02-14 03:00:00,1992.167,1993.011,1991.208,1992.464,2510
2024-02-14 04:00:00,1992.459,1992.861,1991.945,1992.366,2364
2024-02-14 05:00:00,1992.364,1993.298,1992.077,1992.908,2301
2024-02-14 06:00:00,1992.907,1992.937,1990.926,1992.274,2488
2024-02-14 07:00:00,1992.279,1993.029,1989.276,1989.44,4084
2024-02-14 08:00:00,1989.499,1990.574,1985.964,1988.489,5066
2024-02-14 09:00:00,1988.527,1991.533,1988.308,1991.153,4105
2024-02-14 10:00:00,1991.152,1993.38,1990.021,1992.84,3756
2024-02-14 11:00:00,1992.861,1993.276,1990.608,1992.2,3889
2024-02-14 12:00:00,1992.232,1993.185,1989.507,1990.273,3812
2024-02-14 13:00:00,1990.274,1993.185,1988.647,1989.16,6505
2024-02-14 14:00:00,1989.144,1992.231,1986.151,1987.449,7970
2024-02-14 15:00:00,1987.48,1988.961,1984.121,1987.847,7457
2024-02-14 16:00:00,1987.896,1993.568,1987.387,1993.088,6329
2024-02-14 17:00:00,1993.04,1995.251,1990.705,1994.315,5108
2024-02-14 18:00:00,1994.366,1996.041,1991.064,1991.639,4625
2024-02-14 19:00:00,1991.648,1992.033,1989.687,1991.657,3362
2024-02-14 20:00:00,1991.667,1991.793,1989.558,1991.029,3093
2024-02-14 21:00:00,1990.98,1992.923,1990.361,1992.158,1971
2024-02-14 23:00:00,1992.406,1994.909,1991.887,1993.452,1604
2024-02-15 00:00:00,1993.711,1994.282,1992.543,1993.588,2811
2024-02-15 01:00:00,1993.555,1994.281,1992.265,1992.57,2928
2024-02-15 02:00:00,1992.519,1993.462,1992.085,1993.129,2425
2024-02-15 03:00:00,1993.09,1993.294,1990.171,1990.753,2348
2024-02-15 04:00:00,1990.755,1992.083,1990.408,1991.973,2047
2024-02-15 05:00:00,1991.983,1992.877,1991.714,1991.866,2071
2024-02-15 06:00:00,1991.883,1993.327,1991.559,1993.211,2563
2024-02-15 07:00:00,1993.155,1994.596,1992.161,1993.726,3559
2024-02-15 08:00:00,1993.68,1995.988,1993.43,1995.202,3851
2024-02-15 09:00:00,1995.229,1996.837,1993.811,1996.354,3314
2024-02-15 10:00:00,1996.307,1997.927,1995.689,1995.971,3408
2024-02-15 11:00:00,1995.978,1998.105,1995.747,1997.473,3399
2024-02-15 12:00:00,1997.449,1999.041,1996.381,1997.897,3799
2024-02-15 13:00:00,1997.949,2004.32,1995.62,2003.869,9449
2024-02-15 14:00:00,2003.811,2008.224,2001.489,2003.756,8904
2024-02-15 15:00:00,2003.745,2008.073,1999.793,2000.804,7849
2024-02-15 16:00:00,2000.745,2001.461,1998.398,2000.111,5458
2024-02-15 17:00:00,2000.111,2004.55,2000.013,2003.607,4209
2024-02-15 18:00:00,2003.576,2004.878,2002.727,2004.474,4000
2024-02-15 19:00:00,2004.495,2006.405,2003.637,2005.009,3450
2024-02-15 20:00:00,2004.99,2005.06,2003.497,2004.308,3198
2024-02-15 21:00:00,2004.354,2004.628,2003.888,2004.248,1569
2024-02-15 23:00:00,2004.358,2004.579,2003.15,2003.155,1331
2024-02-16 00:00:00,2003.364,2003.663,2002.34,2002.583,2319
2024-02-16 01:00:00,2002.628,2005.598,2002.369,2005.477,2816
2024-02-16 02:00:00,2005.474,2005.617,2004.028,2004.455,2593
2024-02-16 03:00:00,2004.448,2004.806,2003.37,2004.266,2429
2024-02-16 04:00:00,2004.264,2004.337,2003.238,2003.631,2523
2024-02-16 05:00:00,2003.63,2004.704,2003.319,2004.441,2277
2024-02-16 06:00:00,2004.431,2004.664,2002.723,2003.682,2645
2024-02-16 07:00:00,2003.683,2006.435,2003.306,2005.149,3234
2024-02-16 08:00:00,2005.188,2005.693,2003.869,2004.857,3671
2024-02-16 09:00:00,2004.855,2006.416,2004.206,2005.032,3242
2024-02-16 10:00:00,2005.047,2007.459,2004.669,2007.142,3203
2024-02-16 11:00:00,2007.086,2007.775,2006.223,2007.238,3175
2024-02-16 12:00:00,2007.249,2008.067,2006.385,2006.792,3435
2024-02-16 13:00:00,2006.796,2006.956,1995.071,2001.458,9937
2024-02-16 14:00:00,2001.501,2003.342,1995.276,1997.778,9098
2024-02-16 15:00:00,1998.03,2011.026,1997.293,2007.892,9683
2024-02-16 16:00:00,2007.923,2010.913,2007.129,2009.17,5497
2024-02-16 17:00:00,2009.121,2014.431,2008.713,2013.253,4563
2024-02-16 18:00:00,2013.279,2015.089,2011.086,2013.796,4474
2024-02-16 19:00:00,2013.839,2015.125,2011.699,2012.579,3497
2024-02-16 20:00:00,2012.598,2013.038,2011.207,2011.851,3382
2024-02-16 21:00:00,2011.904,2013.988,2011.904,2013.269,1925
2024-02-18 23:00:00,2012.706,2019.066,1997.784,2010.604,4242
2024-02-19 00:00:00,2012.793,2020.074,2009.184,2018.713,3298
2024-02-19 01:00:00,2018.779,2020.763,2016.379,2019.706,5306
2024-02-19 02:00:00,2019.695,2022.861,2018.525,2022.261,3282
2024-02-19 03:00:00,2022.265,2022.339,2019.264,2019.844,2744
2024-02-19 04:00:00,2019.888,2019.932,2018.207,2019.025,2542
2024-02-19 05:00:00,2019.02,2021.407,2018.485,2020.702,3042
2024-02-19 06:00:00,2020.697,2022.514,2020.349,2021.381,2911
2024-02-19 07:00:00,2021.331,2022.957,2019.717,2020.878,3297
2024-02-19 08:00:00,2020.903,2021.224,2018.961,2020.134,3890
2024-02-19 09:00:00,2020.189,2020.699,2019.214,2020.067,3534
2024-02-19 10:00:00,2020.022,2020.608,2018.198,2018.862,3230
2024-02-19 11:00:00,2018.864,2019.565,2018.242,2018.365,3295
2024-02-19 12:00:00,2018.413,2019.044,2015.905,2016.702,3497
2024-02-19 13:00:00,2016.692,2019.33,2016.471,2016.842,4084
2024-02-19 14:00:00,2016.852,2017.667,2015.869,2017.261,3498
2024-02-19 15:00:00,2017.283,2017.59,2014.683,2014.887,3484
2024-02-19 16:00:00,2014.875,2016.633,2013.227,2016.218,3038
2024-02-19 17:00:00,2016.232,2018.497,2015.94,2017.261,2217
2024-02-19 18:00:00,2017.275,2018.431,2016.825,2017.555,1310
2024-02-19 19:00:00,2017.606,2018.02,2017.606,2017.878,253
2024-02-19 23:00:00,2017.244,2017.368,2015.513,2016.206,1686
2024-02-20 00:00:00,2016.151,2016.762,2014.956,2016.134,2600
2024-02-20 01:00:00,2016.132,2019.129,2015.2,2016.934,3456
2024-02-20 02:00:00,2016.936,2018.257,2016.743,2017.603,2810
2024-02-20 03:00:00,2017.627,2018.714,2016.972,2018.27,2561
2024-02-20 04:00:00,2018.285,2019.679,2018.143,2019.428,1990
2024-02-20 05:00:00,2019.444,2019.501,2017.725,2018.525,2501
2024-02-20 06:00:00,2018.522,2020.78,2017.728,2019.421,2752
2024-02-20 07:00:00,2019.409,2022.861,2018.925,2021.441,3456
2024-02-20 08:00:00,2021.394,2022.948,2020.736,2022.742,4072
2024-02-20 09:00:00,2022.694,2025.152,2022.491,2023.962,3982
2024-02-20 10:00:00,2023.998,2027.559,2023.439,2026.129,3978
2024-02-20 11:00:00,2026.152,2027.307,2025.238,2026.866,4170
2024-02-20 12:00:00,2026.868,2027.992,2026.208,2026.566,3806
2024-02-20 13:00:00,2026.563,2030.753,2026.052,2029.996,5475
2024-02-20 14:00:00,2030.027,2030.814,2025.434,2028.118,6514
2024-02-20 15:00:00,2028.07,2029.964,2025.76,2027.378,5632
2024-02-20 16:00:00,2027.357,2028.208,2025.974,2026.877,4270
2024-02-20 17:00:00,2026.9,2028.668,2025.567,2028.623,3715
2024-02-20 18:00:00,2028.624,2028.89,2026.752,2027.203,3333
2024-02-20 19:00:00,2027.207,2027.648,2024.711,2025.106,3018
2024-02-20 20:00:00,2025.151,2025.192,2023.518,2024.31,3181
2024-02-20 21:00:00,2024.357,2024.711,2023.573,2024.074,1569
2024-02-20 23:00:00,2023.834,2024.697,2023.595,2024.128,1526
2024-02-21 00:00:00,2024.048,2024.219,2022.867,2023.547,2169
2024-02-21 01:00:00,2023.557,2026.052,2023.295,2025.342,3006
2024-02-21 02:00:00,2025.321,2029.124,2025.288,2027.837,3271
2024-02-21 03:00:00,2027.84,2030.833,2027.707,2030.424,2705
2024-02-21 04:00:00,2030.424,2031.257,2030.093,2030.794,2393
2024-02-21 05:00:00,2030.841,2032.227,2029.404,2030.933,2913
2024-02-21 06:00:00,2030.974,2031.243,2029.183,2029.905,2956
2024-02-21 07:00:00,2029.856,2030.568,2028.355,2028.792,3206
2024-02-21 08:00:00,2028.78,2029.228,2026.198,2026.591,3787
2024-02-21 09:00:00,2026.523,2028.687,2025.914,2028.086,3600
2024-02-21 10:00:00,2028.051,2030.083,2027.843,2029.856,3237
2024-02-21 11:00:00,2029.866,2029.993,2027.343,2028.243,3182
2024-02-21 12:00:00,2028.245,2030.046,2027.916,2029.381,3514
2024-02-21 13:00:00,2029.334,2031.518,2027.587,2028.697,4918
2024-02-21 14:00:00,2028.689,2030.288,2026.947,2027.54,5631
2024-02-21 15:00:00,2027.469,2030.254,2024.041,2024.15,5483
2024-02-21 16:00:00,2024.188,2025.79,2023.201,2023.919,4760
2024-02-21 17:00:00,2023.923,2024.479,2021.446,2024.116,3973
2024-02-21 18:00:00,2024.13,2024.694,2021.421,2021.908,4705
2024-02-21 19:00:00,2021.937,2026.466,2020.008,2025.928,5291
2024-02-21 20:00:00,2025.938,2026.964,2024.072,2024.397,3491
2024-02-21 21:00:00,2024.444,2025.945,2023.908,2025.945,2689
2024-02-21 23:00:00,2025.567,2026.463,2024.836,2025.566,1710
2024-02-22 00:00:00,2025.516,2026.734,2025.018,2026.399,2503
2024-02-22 01:00:00,2026.398,2028.529,2026.193,2027.043,3605
2024-02-22 02:00:00,2027.026,2028.315,2026.493,2027.757,2991
2024-02-22 03:00:00,2027.788,2028.233,2026.069,2026.29,2215
2024-02-22 04:00:00,2026.297,2028.914,2025.481,2028.783,2477
2024-02-22 05:00:00,2028.828,2029.948,2028.192,2028.379,2682
2024-02-22 06:00:00,2028.387,2030.526,2028.266,2029.24,2730
2024-02-22 07:00:00,2029.273,2032.007,2028.856,2031.396,3504
2024-02-22 08:00:00,2031.395,2034.833,2031.319,2033.153,5008
2024-02-22 09:00:00,2033.15,2033.15,2028.513,2030.241,4211
2024-02-22 10:00:00,2030.247,2031.167,2029.11,2029.403,3586
2024-02-22 11:00:00,2029.449,2029.801,2027.248,2028.937,3648
2024-02-22 12:00:00,2028.93,2029.847,2027.627,2028.214,3904
2024-02-22 13:00:00,2028.167,2028.569,2022.986,2025.564,7399
2024-02-22 14:00:00,2025.538,2026.71,2021.86,2024.889,8426
2024-02-22 15:00:00,2024.926,2025.376,2020.184,2023.304,7218
2024-02-22 16:00:00,2023.313,2024.258,2019.738,2020.914,4590
2024-02-22 17:00:00,2020.93,2024.643,2020.22,2022.898,4137
2024-02-22 18:00:00,2022.946,2023.218,2019.547,2022.605,4073
2024-02-22 19:00:00,2022.652,2023.562,2022.108,2022.983,3288
2024-02-22 20:00:00,2023.009,2024.701,2022.501,2024.615,3228
2024-02-22 21:00:00,2024.562,2024.984,2023.962,2024.705,1753
2024-02-22 23:00:00,2024.154,2025.8,2023.871,2024.681,1802
2024-02-23 00:00:00,2024.765,2026.042,2022.735,2024.53,2721
2024-02-23 01:00:00,2024.481,2027.214,2024.335,2026.785,3195
2024-02-23 02:00:00,2026.79,2027.337,2024.25,2024.328,2691
2024-02-23 03:00:00,2024.318,2026.282,2024.015,2025.688,2657
2024-02-23 04:00:00,2025.686,2026.429,2025.649,2025.986,1669
2024-02-23 05:00:00,2025.985,2026.134,2022.154,2022.418,2609
2024-02-23 06:00:00,2022.374,2022.658,2018.146,2020.825,3331
2024-02-23 07:00:00,2020.877,2022.438,2019.507,2021.802,3471
2024-02-23 08:00:00,2021.803,2022.579,2018.364,2019.456,4386
2024-02-23 09:00:00,2019.44,2019.867,2015.981,2016.713,3860
2024-02-23 10:00:00,2016.725,2023.284,2016.521,2022.816,3937
2024-02-23 11:00:00,2022.785,2023.934,2022.007,2023.792,3819
2024-02-23 12:00:00,2023.804,2028.854,2023.008,2028.024,4712
2024-02-23 13:00:00,2028.054,2029.19,2024.483,2025.361,5569
2024-02-23 14:00:00,2025.342,2028.619,2024.117,2027.573,6168
2024-02-23 15:00:00,2027.536,2031.128,2025.692,2030.038,6188
2024-02-23 16:00:00,2030.088,2038.56,2030.088,2038.292,6363
2024-02-23 17:00:00,2038.338,2039.786,2036.417,2037.781,4666
2024-02-23 18:00:00,2037.786,2041.348,2037.406,2040.397,4209
2024-02-23 19:00:00,2040.394,2040.418,2036.85,2037.302,3486
2024-02-23 20:00:00,2037.3,2037.473,2035.669,2036.549,3276
2024-02-23 21:00:00,2036.514,2036.532,2035.093,2035.524,1936
2024-02-25 23:00:00,2033.24,2034.939,2033.178,2034.224,2092
2024-02-26 00:00:00,2033.996,2034.105,2029.916,2030.322,3234
2024-02-26 01:00:00,2030.368,2033.987,2029.892,2031.218,3551
2024-02-26 02:00:00,2031.233,2031.892,2030.555,2030.863,2742
2024-02-26 03:00:00,2030.87,2032.464,2030.61,2032.441,2332
2024-02-26 04:00:00,2032.439,2032.86,2032.017,2032.183,2163
2024-02-26 05:00:00,2032.18,2034.254,2032.105,2033.057,2691
2024-02-26 06:00:00,2033.015,2033.879,2031.812,2032.701,2629
2024-02-26 07:00:00,2032.721,2035.305,2032.351,2035.01,3548
2024-02-26 08:00:00,2034.961,2037.014,2033.61,2034.004,4317
2024-02-26 09:00:00,2033.951,2034.39,2032.193,2033.023,3833
2024-02-26 10:00:00,2033.022,2035.395,2031.673,2032.229,3939
2024-02-26 11:00:00,2032.171,2032.971,2030.806,2030.891,3858
2024-02-26 12:00:00,2030.94,2034.1,2030.657,2032.787,3866
2024-02-26 13:00:00,2032.741,2034.407,2031.653,2032.651,4776
2024-02-26 14:00:00,2032.693,2032.878,2025.626,2027.542,5949
2024-02-26 15:00:00,2027.554,2030.051,2024.999,2029.105,5100
2024-02-26 16:00:00,2029.044,2029.391,2026.547,2027.758,4594
2024-02-26 17:00:00,2027.755,2028.818,2026.476,2028.668,3647
2024-02-26 18:00:00,2028.673,2030.065,2028.138,2029.28,3855
2024-02-26 19:00:00,2029.299,2030.137,2028.544,2029.676,3201
2024-02-26 20:00:00,2029.642,2033.662,2029.642,2032.32,3267
2024-02-26 21:00:00,2032.283,2032.283,2030.832,2031.207,1581
2024-02-26 23:00:00,2031.052,2031.415,2030.368,2031.073,1412
2024-02-27 00:00:00,2031.203,2032.472,2031.03,2031.444,2350
2024-02-27 01:00:00,2031.47,2033.735,2031.204,2033.549,2857
2024-02-27 02:00:00,2033.584,2034.554,2032.532,2032.708,2507
2024-02-27 03:00:00,2032.709,2033.428,2032.305,2033.372,2078
2024-02-27 04:00:00,2033.365,2034.539,2033.362,2033.715,1960
2024-02-27 05:00:00,2033.706,2033.96,2032.775,2033.583,2526
2024-02-27 06:00:00,2033.58,2034.948,2033.203,2033.46,2569
2024-02-27 07:00:00,2033.461,2036.18,2033.211,2035.386,3166
2024-02-27 08:00:00,2035.381,2039.471,2034.573,2038.055,4004
2024-02-27 09:00:00,2038.027,2038.12,2035.309,2036.572,3631
2024-02-27 10:00:00,2036.62,2036.702,2034.602,2036.391,3678
2024-02-27 11:00:00,2036.446,2038.74,2035.49,2038.172,3514
2024-02-27 12:00:00,2038.182,2039.104,2037.086,2038.223,3951
2024-02-27 13:00:00,2038.275,2038.644,2035.184,2035.461,5068
2024-02-27 14:00:00,2035.418,2036.53,2033.577,2034.916,5585
2024-02-27 15:00:00,2034.976,2037.103,2032.96,2033.746,5662
2024-02-27 16:00:00,2033.794,2034.258,2031.733,2033.089,4332
2024-02-27 17:00:00,2033.093,2033.093,2029.677,2032.209,3778
2024-02-27 18:00:00,2032.203,2036.025,2031.89,2032.385,4291
2024-02-27 19:00:00,2032.35,2032.44,2029.356,2030.211,3349
2024-02-27 20:00:00,2030.213,2030.335,2028.687,2030.161,2958
2024-02-27 21:00:00,2030.202,2030.559,2029.798,2030.387,1529
2024-02-27 23:00:00,2030.074,2030.73,2029.428,2030.09,1262
2024-02-28 00:00:00,2030.103,2031.225,2029.1,2030.772,2472
2024-02-28 01:00:00,2030.755,2033.694,2029.705,2033.358,3162
2024-02-28 02:00:00,2033.371,2033.581,2030.463,2031.026,2756
2024-02-28 03:00:00,2031.041,2031.775,2029.785,2030.935,2685
2024-02-28 04:00:00,2030.937,2031.15,2029.783,2030.257,2262
2024-02-28 05:00:00,2030.214,2031.09,2029.984,2030.934,2208
2024-02-28 06:00:00,2030.884,2032.022,2028.61,2029.332,2678
2024-02-28 07:00:00,2029.33,2029.343,2027.815,2028.121,3297
2024-02-28 08:00:00,2028.166,2029.238,2026.657,2026.814,3697
2024-02-28 09:00:00,2026.807,2027.37,2024.836,2024.854,3812
2024-02-28 10:00:00,2024.856,2027.52,2024.467,2027.284,3858
2024-02-28 11:00:00,2027.28,2027.861,2026.651,2027.255,3543
2024-02-28 12:00:00,2027.202,2030.373,2026.856,2029.52,3657
2024-02-28 13:00:00,2029.526,2036.092,2029.076,2035.779,6453
2024-02-28 14:00:00,2035.823,2037.897,2031.046,2031.78,5698
2024-02-28 15:00:00,2031.744,2034.015,2030.391,2031.788,4688
2024-02-28 16:00:00,2031.759,2034.027,2031.714,2033.548,4101
2024-02-28 17:00:00,2033.548,2035.525,2032.289,2033.761,3762
2024-02-28 18:00:00,2033.756,2034.806,2031.401,2031.57,3491
2024-02-28 19:00:00,2031.555,2032.338,2030.832,2032.089,3243
2024-02-28 20:00:00,2032.139,2034.162,2032.053,2033.74,3057
2024-02-28 21:00:00,2033.762,2035.258,2032.998,2033.845,1621
2024-02-28 23:00:00,2034.519,2035.415,2034.3,2034.303,1369
2024-02-29 00:00:00,2034.648,2035.511,2033.936,2034.202,2130
2024-02-29 01:00:00,2034.172,2036.548,2034.155,2036.378,3020
2024-02-29 02:00:00,2036.395,2037.035,2035.447,2036.503,3063
2024-02-29 03:00:00,2036.516,2036.71,2035.181,2036.541,2339
2024-02-29 04:00:00,2036.541,2036.562,2035.027,2035.171,2017
2024-02-29 05:00:00,2035.218,2035.907,2034.372,2035.582,2508
2024-02-29 06:00:00,2035.585,2036.985,2035.4,2036.781,2556
2024-02-29 07:00:00,2036.807,2037.839,2035.868,2037.234,3306
2024-02-29 08:00:00,2037.172,2037.444,2035.491,2037.128,3785
2024-02-29 09:00:00,2037.191,2037.419,2033.97,2034.527,3872
2024-02-29 10:00:00,2034.539,2034.803,2030.477,2030.815,3781
2024-02-29 11:00:00,2030.801,2031.762,2028.83,2030.24,3825
2024-02-29 12:00:00,2030.25,2030.59,2028.061,2030.172,3745
2024-02-29 13:00:00,2030.219,2048.651,2030.143,2047.532,10945
2024-02-29 14:00:00,2047.565,2050.326,2045.889,2047.737,7718
2024-02-29 15:00:00,2047.78,2050.657,2046.491,2048.068,6641
2024-02-29 16:00:00,2048.098,2048.345,2043.694,2044.93,5277
2024-02-29 17:00:00,2044.885,2045.937,2043.271,2045.62,4148
2024-02-29 18:00:00,2045.568,2046.76,2044.983,2046.201,4075
2024-02-29 19:00:00,2046.199,2046.855,2043.993,2044.477,3490
2024-02-29 20:00:00,2044.42,2045.419,2043.725,2044.019,3170
2024-02-29 21:00:00,2044.073,2044.223,2042.8,2043.731,1787
2024-02-29 23:00:00,2043.955,2044.148,2042.759,2043.981,1537
2024-03-01 00:00:00,2044.228,2044.228,2042.768,2043.708,2373
2024-03-01 01:00:00,2043.756,2044.703,2043.008,2044.29,2611
2024-03-01 02:00:00,2044.302,2045.861,2044.026,2045.379,2503
2024-03-01 03:00:00,2045.382,2046.789,2045.228,2046.518,2395
2024-03-01 04:00:00,2046.518,2046.518,2045.197,2045.458,1667
2024-03-01 05:00:00,2045.469,2045.64,2043.405,2044.994,2539
2024-03-01 06:00:00,2045.039,2048.114,2044.802,2046.736,2800
2024-03-01 07:00:00,2046.727,2048.759,2045.224,2045.396,3547
2024-03-01 08:00:00,2045.46,2045.648,2039.039,2039.86,4455
2024-03-01 09:00:00,2039.812,2047.562,2039.392,2046.283,4681
2024-03-01 10:00:00,2046.256,2055.046,2045.852,2054.797,5078
2024-03-01 11:00:00,2054.791,2057.482,2053.819,2055.325,4293
2024-03-01 12:00:00,2055.324,2056.976,2052.225,2052.393,4207
2024-03-01 13:00:00,2052.437,2054.536,2050.071,2051.553,6244
2024-03-01 14:00:00,2051.605,2056.604,2045.579,2046.546,7507
2024-03-01 15:00:00,2046.636,2070.928,2046.636,2069.182,12360
2024-03-01 16:00:00,2069.211,2081.988,2069.211,2081.054,7663
2024-03-01 17:00:00,2081.005,2085.679,2079.922,2084.75,6630
2024-03-01 18:00:00,2084.768,2088.309,2082.2,2085.658,5478
2024-03-01 19:00:00,2085.637,2086.688,2084.711,2085.252,4230
2024-03-01 20:00:00,2085.223,2085.344,2082.982,2083.499,3508
2024-03-01 21:00:00,2083.448,2084.013,2082.843,2083.315,2027
2024-03-03 23:00:00,2082.522,2086.155,2082.522,2083.44,2897
2024-03-04 00:00:00,2083.593,2084.347,2082.168,2082.615,3197
2024-03-04 01:00:00,2082.65,2082.933,2079.418,2080.266,3610
2024-03-04 02:00:00,2080.229,2083.469,2079.82,2081.506,3174
2024-03-04 03:00:00,2081.5,2081.954,2080.313,2081.366,2539
2024-03-04 04:00:00,2081.367,2081.534,2080.244,2080.744,1942
2024-03-04 05:00:00,2080.697,2082.258,2080.427,2081.516,2309
2024-03-04 06:00:00,2081.5,2083.905,2081.052,2083.456,3123
2024-03-04 07:00:00,2083.453,2088.251,2083.453,2087.334,3691
2024-03-04 08:00:00,2087.374,2087.438,2083.463,2083.908,4426
2024-03-04 09:00:00,2083.918,2086.207,2083.124,2085.151,3965
2024-03-04 10:00:00,2085.135,2085.788,2082.575,2083.873,3694
2024-03-04 11:00:00,2083.901,2084.551,2081.795,2082.112,3622
2024-03-04 12:00:00,2082.105,2083.388,2081.818,2082.514,3564
2024-03-04 13:00:00,2082.516,2093.156,2081.102,2091.578,7073
2024-03-04 14:00:00,2091.622,2101.389,2090.392,2100.716,9186
2024-03-04 15:00:00,2100.684,2109.361,2097.492,2108.934,7399
2024-03-04 16:00:00,2108.878,2119.884,2107.591,2119.26,10109
2024-03-04 17:00:00,2119.293,2119.739,2113.89,2116.463,7016
2024-03-04 18:00:00,2116.433,2118.005,2113.521,2115.321,5094
2024-03-04 19:00:00,2115.318,2117.303,2113.296,2116.24,3926
2024-03-04 20:00:00,2116.249,2118.52,2115.359,2116.612,3670
2024-03-04 21:00:00,2116.677,2117.258,2114.316,2114.412,1818
2024-03-04 23:00:00,2114.101,2115.654,2113.392,2114.48,1605
2024-03-05 00:00:00,2114.34,2115.87,2114.151,2115.464,2737
2024-03-05 01:00:00,2115.467,2116.842,2110.401,2112.663,4487
2024-03-05 02:00:00,2112.647,2113.31,2111.381,2112.221,3154
2024-03-05 03:00:00,2112.217,2113.968,2111.211,2112.962,2764
2024-03-05 04:00:00,2112.983,2115.985,2112.602,2115.898,2608
2024-03-05 05:00:00,2115.847,2119.63,2115.299,2119.215,3473
2024-03-05 06:00:00,2119.214,2119.552,2115.277,2117.214,3727
2024-03-05 07:00:00,2117.183,2117.732,2113.909,2114.449,3860
2024-03-05 08:00:00,2114.495,2123.363,2114.456,2120.594,5389
2024-03-05 09:00:00,2120.647,2125.389,2118.95,2124.478,4854
2024-03-05 10:00:00,2124.438,2127.325,2123.284,2123.728,4371
2024-03-05 11:00:00,2123.731,2127.157,2122.536,2124.431,4623
2024-03-05 12:00:00,2124.435,2125.284,2121.087,2124.38,4630
2024-03-05 13:00:00,2124.416,2141.881,2122.371,2127.762,15219
2024-03-05 14:00:00,2127.77,2133.218,2124.181,2128.192,12384
2024-03-05 15:00:00,2128.226,2139.53,2123.684,2126.575,16385
2024-03-05 16:00:00,2126.632,2128.758,2123.638,2128.297,7883
2024-03-05 17:00:00,2128.289,2130.969,2127.495,2130.838,4833
2024-03-05 18:00:00,2130.832,2133.544,2129.53,2130.758,4884
2024-03-05 19:00:00,2130.791,2134.71,2129.5,2129.525,4583
2024-03-05 20:00:00,2129.487,2130.962,2128.412,2129.644,4075
2024-03-05 21:00:00,2129.589,2130.064,2127.009,2127.86,2177
2024-03-05 23:00:00,2127.461,2128.293,2126.656,2128.16,1505
2024-03-06 00:00:00,2127.982,2128.105,2126.043,2126.785,2927
2024-03-06 01:00:00,2126.815,2127.998,2125.055,2125.498,3594
2024-03-06 02:00:00,2125.483,2126.762,2123.859,2126.324,2885
2024-03-06 03:00:00,2126.323,2126.598,2123.607,2124.696,2673
2024-03-06 04:00:00,2124.716,2126.366,2124.716,2126.178,2229
2024-03-06 05:00:00,2126.131,2127.966,2125.175,2125.244,2778
2024-03-06 06:00:00,2125.234,2127.541,2124.842,2127.272,2952
2024-03-06 07:00:00,2127.311,2131.467,2126.987,2128.476,3892
2024-03-06 08:00:00,2128.43,2129.21,2124.299,2125.077,4865
2024-03-06 09:00:00,2125.042,2129.872,2124.74,2128.562,4096
2024-03-06 10:00:00,2128.575,2128.702,2124.617,2125.605,3989
2024-03-06 11:00:00,2125.603,2132.607,2125.528,2132.474,3874
2024-03-06 12:00:00,2132.519,2135.129,2130.948,2134.166,4266
2024-03-06 13:00:00,2134.106,2139.632,2131.423,2139.385,10500
2024-03-06 14:00:00,2139.416,2149.194,2135.604,2144.817,10294
2024-03-06 15:00:00,2144.781,2145.603,2131.821,2140.923,15361
2024-03-06 16:00:00,2140.89,2149.887,2140.363,2148.217,8713
2024-03-06 17:00:00,2148.25,2149.948,2141.839,2144.728,7308
2024-03-06 18:00:00,2144.726,2152.234,2143.93,2147.137,6976
2024-03-06 19:00:00,2147.185,2147.465,2139.385,2144.312,6563
2024-03-06 20:00:00,2144.258,2147.235,2143.114,2146.62,3766
2024-03-06 21:00:00,2146.567,2149.305,2144.454,2148.071,2736
2024-03-06 23:00:00,2147.824,2150.87,2145.852,2147.192,2313
2024-03-07 00:00:00,2146.851,2149.593,2146.851,2148.786,3846
2024-03-07 01:00:00,2148.83,2148.968,2144.185,2146.165,5219
2024-03-07 02:00:00,2146.214,2152.008,2145.607,2150.707,4602
2024-03-07 03:00:00,2150.651,2152.494,2149.625,2151.708,3293
2024-03-07 04:00:00,2151.719,2161.588,2151.661,2158.24,7070
2024-03-07 05:00:00,2158.203,2158.76,2154.342,2154.479,4841
2024-03-07 06:00:00,2154.44,2156.513,2151.528,2155.353,5452
2024-03-07 07:00:00,2155.402,2158.229,2152.178,2155.951,5394
2024-03-07 08:00:00,2156.003,2159.842,2154.406,2155.27,5327
2024-03-07 09:00:00,2155.283,2157.744,2154.275,2157.575,4730
2024-03-07 10:00:00,2157.626,2158.943,2156.064,2157.597,4371
2024-03-07 11:00:00,2157.6,2157.736,2153.255,2155.941,4757
2024-03-07 12:00:00,2155.949,2158.78,2153.867,2158.326,4593
2024-03-07 13:00:00,2158.294,2164.753,2157.318,2159.426,11430
2024-03-07 14:00:00,2159.451,2159.778,2147.866,2153.958,11561
2024-03-07 15:00:00,2153.909,2157.663,2151.631,2153.701,8994
2024-03-07 16:00:00,2153.693,2158.526,2149.223,2156.086,7844
2024-03-07 17:00:00,2156.123,2158.762,2155.23,2158.146,4926
2024-03-07 18:00:00,2158.178,2159.273,2156.065,2157.046,4287
2024-03-07 19:00:00,2157.089,2160.904,2156.12,2159.945,3688
2024-03-07 20:00:00,2159.91,2160.418,2157.946,2158.545,3621
2024-03-07 21:00:00,2158.575,2159.688,2158.238,2159.569,1877
2024-03-07 23:00:00,2158.643,2161.478,2158.542,2161.478,1847
2024-03-08 00:00:00,2161.845,2163.536,2159.679,2160.796,3345
2024-03-08 01:00:00,2160.844,2161.744,2157.649,2157.835,3540
2024-03-08 02:00:00,2157.842,2158.385,2154.874,2155.305,3545
2024-03-08 03:00:00,2155.354,2158.683,2153.945,2157.578,2989
2024-03-08 04:00:00,2157.576,2159.26,2156.318,2157.677,2586
2024-03-08 05:00:00,2157.722,2158.349,2156.369,2157.681,3024
2024-03-08 06:00:00,2157.681,2162.032,2156.391,2161.168,3589
2024-03-08 07:00:00,2161.123,2161.896,2159.021,2161.345,4400
2024-03-08 08:00:00,2161.298,2168.706,2161.056,2165.119,5416
2024-03-08 09:00:00,2165.17,2171.114,2164.54,2169.019,5348
2024-03-08 10:00:00,2169.069,2170.497,2166.598,2168.421,4515
2024-03-08 11:00:00,2168.443,2169.669,2166.243,2168.221,4123
2024-03-08 12:00:00,2168.225,2169.286,2165.905,2165.947,4052
2024-03-08 13:00:00,2165.989,2185.405,2156.282,2171.09,18802
2024-03-08 14:00:00,2171.058,2174.706,2163.71,2170.821,16742
2024-03-08 15:00:00,2170.877,2177.338,2167.785,2177.167,9467
2024-03-08 16:00:00,2177.207,2180.893,2172.194,2180.624,7384
2024-03-08 17:00:00,2180.687,2195.115,2180.687,2184.884,12809
2024-03-08 18:00:00,2184.852,2184.985,2173.831,2174.303,8431
2024-03-08 19:00:00,2174.351,2177.803,2168.278,2176.435,6638
2024-03-08 20:00:00,2176.465,2178.187,2175.648,2177.277,3940
2024-03-08 21:00:00,2177.23,2179.048,2176.842,2178.502,2117
2024-03-10 22:00:00,2179.559,2181.059,2177.125,2177.125,1975
2024-03-10 23:00:00,2177.113,2183.827,2177.113,2182.226,3694
2024-03-11 00:00:00,2181.59,2189.01,2179.437,2186.673,4570
2024-03-11 01:00:00,2186.724,2186.79,2178.9,2180.256,5733
2024-03-11 02:00:00,2180.25,2180.39,2176.858,2177.443,3713
2024-03-11 03:00:00,2177.39,2180.274,2176.943,2179.461,3325
2024-03-11 04:00:00,2179.468,2181.474,2179.468,2180.642,2570
2024-03-11 05:00:00,2180.636,2181.605,2176.798,2178.076,3706
2024-03-11 06:00:00,2178.117,2179.922,2177.215,2179.444,3638
2024-03-11 07:00:00,2179.456,2182.736,2177.961,2182.193,4313
2024-03-11 08:00:00,2182.241,2183.078,2176.573,2177.441,4933
2024-03-11 09:00:00,2177.413,2181.49,2175.792,2180.459,5019
2024-03-11 10:00:00,2180.426,2180.756,2176.807,2177.661,4030
2024-03-11 11:00:00,2177.673,2179.457,2176.417,2178.888,3862
2024-03-11 12:00:00,2178.924,2180.661,2176.342,2177.159,6324
2024-03-11 13:00:00,2177.086,2185.096,2174.633,2181.69,8565
2024-03-11 14:00:00,2181.663,2183.216,2175.385,2181.93,8178
2024-03-11 15:00:00,2181.945,2185.653,2180.006,2184.289,6204
2024-03-11 16:00:00,2184.24,2184.651,2178.543,2180.833,5063
2024-03-11 17:00:00,2180.869,2184.084,2178.206,2179.641,4984
2024-03-11 18:00:00,2179.696,2180.918,2177.087,2180.837,3927
2024-03-11 19:00:00,2180.794,2184.151,2180.598,2181.291,3818
2024-03-11 20:00:00,2181.326,2182.897,2181.009,2182.688,1871
2024-03-11 22:00:00,2181.477,2184.643,2180.559,2181.201,1763
2024-03-11 23:00:00,2181.13,2183.694,2181.13,2183.552,2773
2024-03-12 00:00:00,2183.551,2184.48,2180.235,2180.407,3008
2024-03-12 01:00:00,2180.45,2183.041,2179.955,2182.743,3495
2024-03-12 02:00:00,2182.742,2182.878,2178.591,2179.074,3514
2024-03-12 03:00:00,2179.021,2179.079,2176.763,2177.469,3134
2024-03-12 04:00:00,2177.472,2179.148,2177.16,2178.193,2425
2024-03-12 05:00:00,2178.191,2179.152,2174.133,2176.153,3462
2024-03-12 06:00:00,2176.106,2177.126,2173.542,2175.268,4209
2024-03-12 07:00:00,2175.291,2177.334,2174.68,2176.923,4178
2024-03-12 08:00:00,2176.882,2178.48,2175.993,2177.771,4067
2024-03-12 09:00:00,2177.807,2179.054,2176.316,2176.966,4170
2024-03-12 10:00:00,2176.943,2177.62,2175.395,2176.439,3745
2024-03-12 11:00:00,2176.408,2176.595,2170.563,2171.956,4824
2024-03-12 12:00:00,2171.934,2181.996,2160.902,2169.755,18527
2024-03-12 13:00:00,2169.713,2169.903,2156.138,2160.414,21149
2024-03-12 14:00:00,2160.465,2166.429,2152.572,2162.008,11451
2024-03-12 15:00:00,2161.97,2164.958,2157.556,2163.014,7608
2024-03-12 16:00:00,2163.011,2166.496,2161.455,2165.749,4837
2024-03-12 17:00:00,2165.744,2165.744,2154.758,2155.045,6038
2024-03-12 18:00:00,2155.0,2156.522,2152.885,2153.513,5024
2024-03-12 19:00:00,2153.509,2157.366,2150.482,2157.314,4077
2024-03-12 20:00:00,2157.299,2158.977,2156.114,2158.46,2073
2024-03-12 22:00:00,2158.076,2161.202,2155.918,2158.641,2893
2024-03-12 23:00:00,2158.819,2159.094,2155.753,2156.913,2878
2024-03-13 00:00:00,2156.907,2160.425,2156.535,2159.193,3399
2024-03-13 01:00:00,2159.224,2159.543,2157.293,2158.528,3770
2024-03-13 02:00:00,2158.581,2161.503,2157.365,2160.366,3363
2024-03-13 03:00:00,2160.371,2160.742,2157.438,2159.057,2968
2024-03-13 04:00:00,2159.056,2159.671,2157.221,2159.244,2650
2024-03-13 05:00:00,2159.249,2160.574,2158.648,2160.012,3200
2024-03-13 06:00:00,2159.968,2161.485,2158.369,2159.432,3444
2024-03-13 07:00:00,2159.412,2160.741,2158.501,2159.648,4079
2024-03-13 08:00:00,2159.689,2161.08,2157.882,2158.18,4289
2024-03-13 09:00:00,2158.132,2160.22,2157.504,2158.468,4287
2024-03-13 10:00:00,2158.444,2163.598,2158.063,2163.306,3942
2024-03-13 11:00:00,2163.29,2164.177,2161.504,2163.922,4003
2024-03-13 12:00:00,2163.966,2166.251,2162.119,2163.499,6549
2024-03-13 13:00:00,2163.543,2171.566,2161.367,2166.039,11353
2024-03-13 14:00:00,2166.068,2169.716,2163.432,2168.79,7287
2024-03-13 15:00:00,2168.751,2174.556,2168.158,2171.709,7000
2024-03-13 16:00:00,2171.663,2174.676,2169.531,2173.581,5902
2024-03-13 17:00:00,2173.561,2179.804,2173.153,2174.502,7089
2024-03-13 18:00:00,2174.513,2176.513,2174.252,2174.766,3938
2024-03-13 19:00:00,2174.78,2175.535,2171.677,2172.547,3667
2024-03-13 20:00:00,2172.496,2175.226,2172.271,2174.568,2465
2024-03-13 22:00:00,2174.128,2175.249,2173.521,2174.428,1333
2024-03-13 23:00:00,2174.658,2176.208,2174.611,2175.362,2082
2024-03-14 00:00:00,2175.448,2176.569,2173.983,2176.221,2756
2024-03-14 01:00:00,2176.28,2176.968,2173.19,2174.732,4096
2024-03-14 02:00:00,2174.705,2175.426,2172.557,2172.741,3237
2024-03-14 03:00:00,2172.695,2174.019,2171.092,2172.265,2908
2024-03-14 04:00:00,2172.253,2172.513,2170.975,2171.767,2225
2024-03-14 05:00:00,2171.767,2171.993,2168.639,2168.822,3193
2024-03-14 06:00:00,2168.868,2170.09,2167.409,2168.703,3845
2024-03-14 07:00:00,2168.705,2169.035,2167.466,2168.636,4002
2024-03-14 08:00:00,2168.579,2170.013,2168.116,2169.545,4083
2024-03-14 09:00:00,2169.552,2171.938,2167.888,2169.987,3976
2024-03-14 10:00:00,2170.046,2170.838,2168.028,2170.532,3780
2024-03-14 11:00:00,2170.558,2170.785,2167.098,2168.455,3725
2024-03-14 12:00:00,2168.496,2170.365,2160.368,2162.781,12184
2024-03-14 13:00:00,2162.714,2167.259,2158.56,2162.454,12566
2024-03-14 14:00:00,2162.388,2163.815,2157.682,2161.985,8034
2024-03-14 15:00:00,2161.94,2162.248,2152.696,2157.186,8589
2024-03-14 16:00:00,2157.14,2160.239,2156.629,2158.735,5384
2024-03-14 17:00:00,2158.726,2164.998,2158.017,2160.219,5090
2024-03-14 18:00:00,2160.263,2162.355,2160.187,2161.418,3754
2024-03-14 19:00:00,2161.46,2163.471,2160.629,2163.449,3396
2024-03-14 20:00:00,2163.519,2163.86,2161.696,2161.843,1929
2024-03-14 22:00:00,2161.673,2162.249,2161.144,2161.214,1143
2024-03-14 23:00:00,2161.169,2162.112,2160.825,2161.62,1851
2024-03-15 00:00:00,2161.697,2163.123,2160.589,2162.715,2866
2024-03-15 01:00:00,2162.713,2165.897,2162.315,2162.567,3797
2024-03-15 02:00:00,2162.606,2162.965,2161.574,2162.34,2929
2024-03-15 03:00:00,2162.332,2164.798,2161.725,2164.53,2827
2024-03-15 04:00:00,2164.532,2165.454,2163.813,2164.442,2272
2024-03-15 05:00:00,2164.5,2169.17,2163.472,2169.047,3735
2024-03-15 06:00:00,2169.038,2170.095,2167.137,2168.795,4306
2024-03-15 07:00:00,2168.831,2169.937,2166.64,2167.014,4349
2024-03-15 08:00:00,2167.058,2169.366,2165.26,2168.966,4797
2024-03-15 09:00:00,2168.968,2172.743,2167.473,2171.811,4203
2024-03-15 10:00:00,2171.808,2172.64,2168.57,2169.237,4192
2024-03-15 11:00:00,2169.29,2169.327,2166.101,2166.91,4113
2024-03-15 12:00:00,2166.893,2167.296,2157.513,2161.705,8088
2024-03-15 13:00:00,2161.752,2163.284,2156.455,2160.126,8385
2024-03-15 14:00:00,2160.065,2166.66,2159.113,2164.229,9077
2024-03-15 15:00:00,2164.236,2164.27,2158.068,2159.992,6182
2024-03-15 16:00:00,2159.941,2163.45,2157.868,2158.805,5499
2024-03-15 17:00:00,2158.796,2160.558,2155.094,2156.766,5137
2024-03-15 18:00:00,2156.809,2160.262,2156.456,2159.28,3595
2024-03-15 19:00:00,2159.276,2159.45,2156.377,2156.917,3074
2024-03-15 20:00:00,2156.949,2158.256,2155.396,2155.698,1939
2024-03-17 22:00:00,2153.279,2156.042,2153.079,2154.927,2448
2024-03-17 23:00:00,2154.892,2156.535,2153.817,2156.514,2561
2024-03-18 00:00:00,2156.472,2157.479,2154.932,2156.59,3151
2024-03-18 01:00:00,2156.55,2156.55,2150.095,2152.27,4941
2024-03-18 02:00:00,2152.295,2153.417,2146.543,2147.823,4268
2024-03-18 03:00:00,2147.786,2148.091,2146.074,2146.768,3335
2024-03-18 04:00:00,2146.768,2148.27,2146.066,2147.33,2648
2024-03-18 05:00:00,2147.332,2148.285,2146.09,2146.998,3267
2024-03-18 06:00:00,2146.989,2149.097,2146.67,2148.069,3158
2024-03-18 07:00:00,2148.023,2152.162,2147.261,2152.162,4036
2024-03-18 08:00:00,2152.102,2154.371,2150.123,2153.436,4956
2024-03-18 09:00:00,2153.459,2155.847,2153.272,2154.765,4267
2024-03-18 10:00:00,2154.765,2158.486,2154.535,2158.202,4084
2024-03-18 11:00:00,2158.15,2161.237,2158.144,2160.974,4629
2024-03-18 12:00:00,2161.019,2163.613,2158.231,2159.087,6567
2024-03-18 13:00:00,2159.034,2161.063,2155.465,2156.715,7341
2024-03-18 14:00:00,2156.748,2160.719,2156.631,2158.382,6163
2024-03-18 15:00:00,2158.353,2161.312,2156.965,2158.31,5312
2024-03-18 16:00:00,2158.339,2160.702,2154.564,2159.84,5118
2024-03-18 17:00:00,2159.851,2161.135,2158.019,2159.91,4508
2024-03-18 18:00:00,2159.908,2160.635,2159.099,2159.386,3489
2024-03-18 19:00:00,2159.442,2160.98,2159.347,2160.153,3046
2024-03-18 20:00:00,2160.198,2160.381,2159.386,2160.055,1635
2024-03-18 22:00:00,2160.108,2162.322,2159.582,2160.809,1594
2024-03-18 23:00:00,2160.81,2161.877,2160.381,2161.65,1737
2024-03-19 00:00:00,2162.053,2162.839,2160.465,2160.569,2986
2024-03-19 01:00:00,2160.56,2162.13,2158.589,2160.461,3657
2024-03-19 02:00:00,2160.459,2162.763,2159.944,2160.85,3391
2024-03-19 03:00:00,2160.849,2162.328,2159.746,2161.416,3831
2024-03-19 04:00:00,2161.44,2162.064,2159.518,2160.102,3033
2024-03-19 05:00:00,2160.116,2160.391,2157.064,2157.645,3692
2024-03-19 06:00:00,2157.684,2157.79,2153.973,2156.769,4846
2024-03-19 07:00:00,2156.741,2157.218,2154.121,2155.774,4523
2024-03-19 08:00:00,2155.821,2155.924,2147.147,2153.025,6837
2024-03-19 09:00:00,2153.007,2154.536,2151.568,2153.179,4705
2024-03-19 10:00:00,2153.182,2156.294,2152.431,2154.044,4771
2024-03-19 11:00:00,2153.997,2156.659,2153.676,2155.535,4387
2024-03-19 12:00:00,2155.486,2158.614,2150.737,2156.992,6964
2024-03-19 13:00:00,2156.943,2158.678,2150.396,2151.16,7421
2024-03-19 14:00:00,2151.213,2155.414,2148.364,2154.85,6594
2024-03-19 15:00:00,2154.839,2155.609,2150.636,2154.219,5141
2024-03-19 16:00:00,2154.253,2155.989,2153.094,2154.46,4573
2024-03-19 17:00:00,2154.457,2157.326,2154.225,2156.864,4449
2024-03-19 18:00:00,2156.85,2157.703,2155.449,2156.671,3325
2024-03-19 19:00:00,2156.724,2157.912,2156.196,2157.681,3113
2024-03-19 20:00:00,2157.728,2158.457,2157.258,2157.557,1764
2024-03-19 22:00:00,2157.657,2159.519,2157.149,2158.42,1096
2024-03-19 23:00:00,2158.42,2158.715,2156.979,2157.009,1913
2024-03-20 00:00:00,2157.052,2157.432,2155.18,2157.086,2484
2024-03-20 01:00:00,2157.128,2160.004,2156.552,2158.626,3399
2024-03-20 02:00:00,2158.613,2159.647,2157.143,2158.862,2847
2024-03-20 03:00:00,2158.829,2159.807,2158.358,2159.807,2292
2024-03-20 04:00:00,2159.857,2160.179,2156.83,2156.864,2752
2024-03-20 05:00:00,2156.865,2158.196,2156.495,2157.406,2760
2024-03-20 06:00:00,2157.363,2158.226,2156.324,2156.987,3135
2024-03-20 07:00:00,2157.044,2159.497,2156.803,2158.227,3782
2024-03-20 08:00:00,2158.173,2158.348,2154.416,2156.125,3982
2024-03-20 09:00:00,2156.13,2156.13,2153.07,2154.707,3767
2024-03-20 10:00:00,2154.716,2154.818,2152.33,2154.289,3946
2024-03-20 11:00:00,2154.288,2155.028,2152.264,2153.978,3902
2024-03-20 12:00:00,2154.024,2155.212,2149.562,2153.105,5333
2024-03-20 13:00:00,2153.15,2158.624,2150.465,2157.853,6846
2024-03-20 14:00:00,2157.923,2164.849,2155.626,2157.105,8572
2024-03-20 15:00:00,2157.054,2158.628,2154.654,2155.852,4846
2024-03-20 16:00:00,2155.862,2158.619,2155.456,2157.706,4376
2024-03-20 17:00:00,2157.715,2159.575,2156.609,2157.279,4248
2024-03-20 18:00:00,2157.32,2183.67,2157.32,2182.01,30975
2024-03-20 19:00:00,2182.048,2188.788,2178.429,2182.834,13482
2024-03-20 20:00:00,2182.779,2187.186,2182.779,2185.934,3619
2024-03-20 22:00:00,2186.401,2211.005,2186.282,2200.177,3272
2024-03-20 23:00:00,2200.169,2206.221,2196.366,2203.501,5671
2024-03-21 00:00:00,2203.97,2203.97,2192.376,2198.931,7434
2024-03-21 01:00:00,2198.883,2212.563,2197.855,2204.799,9180
2024-03-21 02:00:00,2204.751,2206.323,2202.639,2203.347,4734
2024-03-21 03:00:00,2203.315,2204.967,2201.677,2202.725,3409
2024-03-21 04:00:00,2202.754,2204.104,2201.775,2203.295,3049
2024-03-21 05:00:00,2203.289,2205.148,2201.803,2204.847,3699
2024-03-21 06:00:00,2204.817,2209.526,2204.279,2207.091,5050
2024-03-21 07:00:00,2207.12,2210.164,2206.393,2206.576,5803
2024-03-21 08:00:00,2206.504,2206.689,2196.785,2201.465,7856
2024-03-21 09:00:00,2201.496,2205.988,2199.72,2205.315,6119
2024-03-21 10:00:00,2205.315,2211.756,2205.13,2207.609,5958
2024-03-21 11:00:00,2207.579,2208.8,2205.381,2207.431,5060
2024-03-21 12:00:00,2207.475,2208.819,2203.214,2207.673,7528
2024-03-21 13:00:00,2207.705,2208.081,2191.592,2191.854,11439
2024-03-21 14:00:00,2191.781,2191.996,2175.54,2176.67,17577
2024-03-21 15:00:00,2176.621,2176.901,2166.279,2174.68,12368
2024-03-21 16:00:00,2174.703,2180.314,2172.95,2179.865,6580
2024-03-21 17:00:00,2179.855,2183.746,2178.503,2180.832,6080
2024-03-21 18:00:00,2180.9,2183.947,2180.41,2182.76,4187
2024-03-21 19:00:00,2182.815,2183.625,2180.297,2181.422,3551
2024-03-21 20:00:00,2181.48,2182.421,2180.491,2180.851,2013
2024-03-21 22:00:00,2180.84,2182.357,2180.381,2180.896,1440
2024-03-21 23:00:00,2180.892,2181.871,2180.816,2181.491,1902
2024-03-22 00:00:00,2181.676,2186.043,2181.001,2184.881,3435
2024-03-22 01:00:00,2184.894,2185.944,2172.6,2173.484,6158
2024-03-22 02:00:00,2173.517,2177.067,2171.798,2172.579,6077
2024-03-22 03:00:00,2172.582,2176.193,2172.199,2173.738,4078
2024-03-22 04:00:00,2173.734,2175.361,2173.172,2173.601,3125
2024-03-22 05:00:00,2173.613,2175.767,2172.996,2174.248,3822
2024-03-22 06:00:00,2174.245,2176.284,2169.851,2170.115,4734
2024-03-22 07:00:00,2170.071,2170.466,2162.584,2168.403,6766
2024-03-22 08:00:00,2168.401,2169.229,2164.871,2167.892,5812
2024-03-22 09:00:00,2167.858,2170.068,2165.635,2166.605,4969
2024-03-22 10:00:00,2166.652,2168.6,2165.811,2167.165,4525
2024-03-22 11:00:00,2167.2,2168.144,2165.173,2166.016,4362
2024-03-22 12:00:00,2166.059,2176.252,2165.775,2174.508,7459
2024-03-22 13:00:00,2174.481,2180.057,2172.516,2178.081,8362
2024-03-22 14:00:00,2178.125,2179.889,2171.142,2173.84,8706
2024-03-22 15:00:00,2173.864,2173.864,2165.405,2166.095,7012
2024-03-22 16:00:00,2166.059,2167.466,2161.573,2162.676,5448
2024-03-22 17:00:00,2162.714,2164.895,2157.007,2159.152,6299
2024-03-22 18:00:00,2159.104,2164.729,2158.732,2163.069,4484
2024-03-22 19:00:00,2163.084,2165.144,2161.802,2163.985,3488
2024-03-22 20:00:00,2164.021,2167.183,2163.566,2165.348,2851
2024-03-24 22:00:00,2166.313,2167.822,2165.07,2166.416,2290
2024-03-24 23:00:00,2166.404,2168.893,2165.961,2168.332,3285
2024-03-25 00:00:00,2168.311,2169.415,2164.01,2165.448,4370
2024-03-25 01:00:00,2165.489,2176.912,2163.9,2175.127,9072
2024-03-25 02:00:00,2175.107,2178.355,2173.72,2175.096,4565
2024-03-25 03:00:00,2175.018,2175.101,2170.054,2170.602,4267
2024-03-25 04:00:00,2170.609,2171.614,2169.106,2169.397,2964
2024-03-25 05:00:00,2169.438,2171.025,2167.737,2169.818,3726
2024-03-25 06:00:00,2169.828,2170.491,2164.257,2165.435,4508
2024-03-25 07:00:00,2165.413,2168.742,2163.412,2165.813,4941
2024-03-25 08:00:00,2165.767,2169.008,2163.815,2165.639,5159
2024-03-25 09:00:00,2165.682,2168.75,2164.355,2168.382,4553
2024-03-25 10:00:00,2168.374,2171.061,2167.585,2168.335,4341
2024-03-25 11:00:00,2168.305,2171.842,2167.857,2170.397,4345
2024-03-25 12:00:00,2170.437,2177.016,2170.265,2174.427,6317
2024-03-25 13:00:00,2174.423,2181.256,2172.953,2177.094,7345
2024-03-25 14:00:00,2177.138,2180.48,2175.269,2177.846,6600
2024-03-25 15:00:00,2177.877,2177.909,2174.912,2175.407,5003
2024-03-25 16:00:00,2175.374,2177.796,2174.975,2175.757,4322
2024-03-25 17:00:00,2175.763,2176.626,2174.193,2174.711,4211
2024-03-25 18:00:00,2174.651,2174.651,2172.869,2173.215,2940
2024-03-25 19:00:00,2173.218,2173.687,2170.661,2170.945,3336
2024-03-25 20:00:00,2170.992,2172.263,2170.739,2171.337,1831
2024-03-25 22:00:00,2171.673,2173.299,2170.93,2171.855,1705
2024-03-25 23:00:00,2171.853,2173.304,2171.222,2172.881,2507
2024-03-26 00:00:00,2172.885,2174.407,2172.308,2173.84,3042
2024-03-26 01:00:00,2173.823,2174.262,2167.545,2169.431,5668
2024-03-26 02:00:00,2169.47,2171.578,2169.219,2170.734,3213
2024-03-26 03:00:00,2170.705,2172.412,2169.582,2170.345,3198
2024-03-26 04:00:00,2170.355,2172.722,2170.089,2172.261,2262
2024-03-26 05:00:00,2172.216,2173.332,2171.344,2172.87,3087
2024-03-26 06:00:00,2172.826,2174.073,2170.522,2171.475,4044
2024-03-26 07:00:00,2171.434,2174.175,2169.584,2173.008,3906
2024-03-26 08:00:00,2172.99,2179.264,2171.563,2178.196,4822
2024-03-26 09:00:00,2178.204,2195.172,2178.204,2190.824,7346
2024-03-26 10:00:00,2190.846,2200.059,2190.667,2197.653,6715
2024-03-26 11:00:00,2197.662,2199.089,2194.984,2196.422,5761
2024-03-26 12:00:00,2196.457,2197.326,2186.615,2187.947,6993
2024-03-26 13:00:00,2187.983,2192.898,2178.292,2183.056,10585
2024-03-26 14:00:00,2182.992,2186.328,2179.061,2179.293,8402
2024-03-26 15:00:00,2179.263,2181.489,2171.672,2174.244,8015
2024-03-26 16:00:00,2174.293,2178.428,2174.248,2176.76,5158
2024-03-26 17:00:00,2176.821,2179.221,2175.924,2176.727,4673
2024-03-26 18:00:00,2176.678,2178.515,2175.874,2177.661,3548
2024-03-26 19:00:00,2177.646,2178.147,2176.544,2177.875,3099
2024-03-26 20:00:00,2177.919,2178.294,2174.604,2177.828,2076
2024-03-26 22:00:00,2177.304,2179.393,2176.658,2178.16,1617
2024-03-26 23:00:00,2178.184,2179.945,2177.944,2179.467,2154
2024-03-27 00:00:00,2179.463,2180.153,2176.582,2177.433,2735
2024-03-27 01:00:00,2177.469,2180.312,2173.105,2175.148,5418
2024-03-27 02:00:00,2175.125,2177.593,2174.684,2175.953,3737
2024-03-27 03:00:00,2175.962,2181.693,2175.648,2177.722,4219
2024-03-27 04:00:00,2177.704,2180.07,2177.269,2178.353,2545
2024-03-27 05:00:00,2178.342,2178.46,2175.642,2176.974,3239
2024-03-27 06:00:00,2176.978,2180.02,2176.496,2177.71,3559
2024-03-27 07:00:00,2177.664,2180.788,2176.954,2180.488,4302
2024-03-27 08:00:00,2180.526,2182.675,2176.434,2177.36,4353
2024-03-27 09:00:00,2177.314,2193.906,2176.537,2189.217,7074
2024-03-27 10:00:00,2189.191,2194.506,2188.673,2193.745,6257
2024-03-27 11:00:00,2193.697,2197.586,2187.258,2188.394,6647
2024-03-27 12:00:00,2188.44,2189.353,2184.324,2186.03,7716
2024-03-27 13:00:00,2186.074,2193.437,2183.413,2193.305,9062
2024-03-27 14:00:00,2193.261,2195.244,2189.78,2193.389,7882
2024-03-27 15:00:00,2193.357,2194.093,2188.385,2190.502,5581
2024-03-27 16:00:00,2190.477,2192.726,2189.829,2192.398,4626
2024-03-27 17:00:00,2192.344,2194.085,2189.029,2190.348,4741
2024-03-27 18:00:00,2190.364,2192.389,2188.996,2192.389,3567
2024-03-27 19:00:00,2192.417,2194.215,2190.774,2193.279,3282
2024-03-27 20:00:00,2193.332,2195.208,2192.907,2194.655,2862
2024-03-27 22:00:00,2192.252,2194.048,2189.595,2192.095,2323
2024-03-27 23:00:00,2192.163,2192.403,2190.641,2190.968,2096
2024-03-28 00:00:00,2190.723,2190.881,2187.319,2189.042,3951
2024-03-28 01:00:00,2189.059,2190.511,2187.525,2189.362,4199
2024-03-28 02:00:00,2189.41,2195.995,2189.105,2194.794,4481
2024-03-28 03:00:00,2194.76,2196.438,2194.034,2194.771,3416
2024-03-28 04:00:00,2194.753,2196.914,2194.293,2195.552,2487
2024-03-28 05:00:00,2195.505,2200.636,2194.396,2197.195,3839
2024-03-28 06:00:00,2197.189,2198.923,2195.114,2198.667,4348
2024-03-28 07:00:00,2198.696,2198.794,2192.618,2193.718,4630
2024-03-28 08:00:00,2193.737,2197.288,2190.828,2194.728,5197
2024-03-28 09:00:00,2194.727,2197.848,2192.409,2197.763,4627
2024-03-28 10:00:00,2197.762,2213.746,2197.065,2212.14,8533
2024-03-28 11:00:00,2212.117,2213.382,2207.198,2210.26,6931
2024-03-28 12:00:00,2210.258,2216.924,2205.696,2215.568,11236
2024-03-28 13:00:00,2215.621,2217.13,2202.171,2206.601,12575
2024-03-28 14:00:00,2206.602,2214.938,2204.213,2214.294,10125
2024-03-28 15:00:00,2214.246,2216.979,2212.162,2215.877,7422
2024-03-28 16:00:00,2215.89,2225.576,2213.457,2220.278,7576
2024-03-28 17:00:00,2220.323,2223.224,2216.66,2221.903,5885
2024-03-28 18:00:00,2221.855,2222.408,2218.314,2220.425,4060
2024-03-28 19:00:00,2220.378,2222.246,2217.888,2221.639,3989
2024-03-28 20:00:00,2221.633,2236.293,2219.601,2232.586,4209
2024-03-31 22:00:00,2239.784,2243.121,2235.826,2236.813,5674
2024-03-31 23:00:00,2236.882,2247.301,2235.569,2244.927,4846
2024-04-01 00:00:00,2245.957,2256.302,2243.823,2250.011,5918
2024-04-01 01:00:00,2250.081,2259.55,2250.023,2255.757,7844
2024-04-01 02:00:00,2255.76,2258.123,2254.868,2257.248,4073
2024-04-01 03:00:00,2257.179,2265.149,2256.398,2264.309,4694
2024-04-01 04:00:00,2264.36,2265.623,2258.029,2260.261,3716
2024-04-01 05:00:00,2260.187,2263.367,2257.857,2261.547,3763
2024-04-01 06:00:00,2261.487,2262.669,2258.924,2260.306,3886
2024-04-01 07:00:00,2260.276,2263.038,2256.859,2257.535,3874
2024-04-01 08:00:00,2257.562,2260.174,2255.766,2257.186,4014
2024-04-01 09:00:00,2257.184,2258.352,2249.35,2251.756,5096
2024-04-01 10:00:00,2251.71,2253.424,2245.577,2247.809,5042
2024-04-01 11:00:00,2247.841,2251.008,2246.41,2246.819,4781
2024-04-01 12:00:00,2246.865,2252.614,2243.56,2252.523,8048
2024-04-01 13:00:00,2252.482,2257.912,2239.277,2246.399,13990
2024-04-01 14:00:00,2246.361,2246.361,2228.457,2235.903,16183
2024-04-01 15:00:00,2235.9,2240.557,2233.655,2239.635,7204
2024-04-01 16:00:00,2239.655,2243.428,2237.087,2238.076,5781
2024-04-01 17:00:00,2238.053,2239.317,2234.669,2239.127,4538
2024-04-01 18:00:00,2239.171,2241.209,2238.025,2239.303,3460
2024-04-01 19:00:00,2239.304,2244.722,2238.996,2244.667,3571
2024-04-01 20:00:00,2244.613,2250.599,2242.989,2250.558,3911
2024-04-01 22:00:00,2250.65,2255.717,2248.577,2253.385,2421
2024-04-01 23:00:00,2253.476,2253.552,2248.643,2248.942,3336
2024-04-02 00:00:00,2248.968,2253.622,2247.815,2250.372,5396
2024-04-02 01:00:00,2250.322,2250.322,2246.636,2248.997,5468
2024-04-02 02:00:00,2248.94,2255.031,2247.726,2254.214,4573
2024-04-02 03:00:00,2254.202,2255.266,2251.203,2251.531,4322
2024-04-02 04:00:00,2251.534,2259.857,2250.448,2256.647,4302
2024-04-02 05:00:00,2256.655,2257.098,2252.23,2253.582,4424
2024-04-02 06:00:00,2253.537,2256.126,2252.281,2255.663,4847
2024-04-02 07:00:00,2255.611,2257.578,2253.159,2256.373,5162
2024-04-02 08:00:00,2256.326,2262.816,2256.059,2260.965,6056
2024-04-02 09:00:00,2260.963,2266.781,2259.592,2260.633,5950
2024-04-02 10:00:00,2260.587,2264.681,2255.079,2262.099,6043
2024-04-02 11:00:00,2262.095,2262.138,2256.0,2260.567,6597
2024-04-02 12:00:00,2260.653,2261.504,2253.318,2257.538,9176
2024-04-02 13:00:00,2257.498,2266.815,2254.528,2265.369,12969
2024-04-02 14:00:00,2265.295,2276.982,2257.144,2260.678,19405
2024-04-02 15:00:00,2260.638,2261.126,2250.747,2258.604,11636
2024-04-02 16:00:00,2258.657,2261.345,2254.071,2260.276,6200
2024-04-02 17:00:00,2260.3,2266.642,2259.455,2265.934,5358
2024-04-02 18:00:00,2265.974,2272.834,2265.373,2271.361,6711
2024-04-02 19:00:00,2271.413,2279.304,2270.915,2277.354,5581
2024-04-02 20:00:00,2277.395,2281.158,2275.647,2280.244,3485
2024-04-02 22:00:00,2280.449,2288.239,2279.325,2281.501,3784
2024-04-02 23:00:00,2281.497,2283.746,2277.828,2280.206,3926
2024-04-03 00:00:00,2279.886,2285.891,2279.509,2283.272,6145
2024-04-03 01:00:00,2283.303,2283.436,2276.734,2282.502,7337
2024-04-03 02:00:00,2282.501,2284.563,2281.494,2283.306,4281
2024-04-03 03:00:00,2283.352,2287.944,2283.141,2285.006,4649
2024-04-03 04:00:00,2285.023,2287.024,2283.669,2283.739,3370
2024-04-03 05:00:00,2283.714,2285.933,2280.842,2285.933,4504
2024-04-03 06:00:00,2285.97,2285.97,2280.964,2281.992,5009
2024-04-03 07:00:00,2281.975,2282.018,2270.326,2271.188,7419
2024-04-03 08:00:00,2271.174,2276.091,2267.627,2273.155,6962
2024-04-03 09:00:00,2273.095,2274.745,2269.555,2272.034,5472
2024-04-03 10:00:00,2271.982,2273.402,2269.828,2272.674,5247
2024-04-03 11:00:00,2272.657,2274.507,2268.79,2273.785,5412
2024-04-03 12:00:00,2273.737,2275.184,2265.366,2274.814,11185
2024-04-03 13:00:00,2274.861,2278.861,2271.6,2275.1,12560
2024-04-03 14:00:00,2275.141,2285.273,2274.101,2282.67,17137
2024-04-03 15:00:00,2282.722,2288.352,2280.576,2286.298,10394
2024-04-03 16:00:00,2286.294,2295.151,2280.672,2293.778,11536
2024-04-03 17:00:00,2293.733,2295.57,2288.867,2294.985,6341
2024-04-03 18:00:00,2294.973,2297.89,2293.821,2296.39,4469
2024-04-03 19:00:00,2296.364,2298.866,2294.459,2297.373,4595
2024-04-03 20:00:00,2297.404,2301.169,2297.188,2299.788,3074
2024-04-03 22:00:00,2299.353,2302.417,2298.836,2301.387,2805
2024-04-03 23:00:00,2301.398,2301.595,2296.246,2297.446,3737
2024-04-04 00:00:00,2297.497,2302.478,2297.227,2302.185,5170
2024-04-04 01:00:00,2302.23,2304.869,2297.51,2301.008,5735
2024-04-04 02:00:00,2301.015,2302.073,2297.765,2299.548,3589
2024-04-04 03:00:00,2299.5,2300.653,2297.586,2299.174,3737
2024-04-04 04:00:00,2299.124,2300.178,2298.265,2298.897,2984
2024-04-04 05:00:00,2298.881,2300.666,2294.911,2295.248,3717
2024-04-04 06:00:00,2295.278,2297.306,2294.748,2295.794,4089
2024-04-04 07:00:00,2295.767,2298.18,2291.833,2292.953,6027
2024-04-04 08:00:00,2292.939,2294.492,2290.971,2291.568,5108
2024-04-04 09:00:00,2291.566,2294.069,2290.789,2293.21,4800
2024-04-04 10:00:00,2293.26,2295.038,2292.466,2294.451,4101
2024-04-04 11:00:00,2294.431,2295.18,2288.751,2289.261,5042
2024-04-04 12:00:00,2289.31,2289.983,2282.708,2288.123,11025
2024-04-04 13:00:00,2288.177,2291.052,2284.791,2287.498,10109
2024-04-04 14:00:00,2287.431,2299.356,2287.07,2295.117,11660
2024-04-04 15:00:00,2295.162,2295.523,2290.259,2292.081,7069
2024-04-04 16:00:00,2292.027,2293.158,2286.457,2286.827,5791
2024-04-04 17:00:00,2286.859,2294.022,2286.321,2293.978,5356
2024-04-04 18:00:00,2293.923,2305.537,2292.88,2304.044,11011
2024-04-04 19:00:00,2304.069,2304.671,2279.817,2284.888,18111
2024-04-04 20:00:00,2284.849,2291.66,2284.754,2290.628,4248
2024-04-04 22:00:00,2290.98,2293.212,2288.083,2289.589,2313
2024-04-04 23:00:00,2289.572,2291.22,2288.772,2288.89,2787
2024-04-05 00:00:00,2288.701,2290.276,2282.844,2283.116,6130
2024-04-05 01:00:00,2283.098,2284.109,2267.75,2271.76,12369
2024-04-05 02:00:00,2271.781,2274.714,2270.843,2273.814,4976
2024-04-05 03:00:00,2273.793,2279.366,2273.52,2276.731,4861
2024-04-05 04:00:00,2276.689,2279.824,2276.544,2277.988,3927
2024-04-05 05:00:00,2277.989,2282.288,2277.352,2279.736,4627
2024-04-05 06:00:00,2279.738,2283.085,2276.579,2279.071,5570
2024-04-05 07:00:00,2279.059,2290.548,2279.033,2289.045,7416
2024-04-05 08:00:00,2289.014,2291.756,2284.851,2287.967,5787
2024-04-05 09:00:00,2287.941,2293.585,2286.563,2291.004,5222
2024-04-05 10:00:00,2290.98,2296.142,2290.688,2293.898,5007
2024-04-05 11:00:00,2293.853,2294.591,2289.782,2291.132,4766
2024-04-05 12:00:00,2291.1,2296.081,2280.182,2290.851,17240
2024-04-05 13:00:00,2290.899,2303.621,2286.961,2299.758,19082
2024-04-05 14:00:00,2299.703,2324.769,2295.848,2317.593,23964
2024-04-05 15:00:00,2317.634,2328.448,2315.197,2326.175,15018
2024-04-05 16:00:00,2326.191,2329.526,2322.147,2327.153,7699
2024-04-05 17:00:00,2327.193,2330.526,2324.479,2326.199,6212
2024-04-05 18:00:00,2326.23,2328.307,2323.508,2325.285,4966
2024-04-05 19:00:00,2325.312,2325.337,2320.634,2323.122,5196
2024-04-05 20:00:00,2323.157,2329.997,2322.812,2329.355,3492
2024-04-07 22:00:00,2327.315,2328.568,2304.018,2307.581,11299
2024-04-07 23:00:00,2307.548,2314.371,2306.117,2311.647,8249
2024-04-08 00:00:00,2311.297,2311.867,2306.039,2306.173,7736
2024-04-08 01:00:00,2306.141,2325.134,2302.862,2324.25,17835
2024-04-08 02:00:00,2324.197,2354.159,2321.654,2348.138,25717
2024-04-08 03:00:00,2348.083,2349.92,2340.966,2345.488,11829
2024-04-08 04:00:00,2345.535,2345.574,2339.93,2342.144,6613
2024-04-08 05:00:00,2342.162,2343.685,2331.877,2334.602,10772
2024-04-08 06:00:00,2334.786,2341.322,2331.753,2336.246,9194
2024-04-08 07:00:00,2336.288,2338.905,2333.733,2337.709,8816
2024-04-08 08:00:00,2337.628,2341.544,2333.259,2336.204,9007
2024-04-08 09:00:00,2336.249,2337.885,2334.135,2337.463,6196
2024-04-08 10:00:00,2337.411,2343.532,2335.083,2340.144,6885
2024-04-08 11:00:00,2340.18,2342.404,2336.418,2337.341,8418
2024-04-08 12:00:00,2337.286,2338.004,2322.596,2329.028,19800
2024-04-08 13:00:00,2329.033,2335.724,2325.492,2327.413,22597
2024-04-08 14:00:00,2327.363,2329.277,2318.668,2328.77,18801
2024-04-08 15:00:00,2328.74,2331.701,2325.646,2327.834,9012
2024-04-08 16:00:00,2327.883,2330.206,2326.029,2328.45,6284
2024-04-08 17:00:00,2328.502,2339.172,2327.554,2337.875,8263
2024-04-08 18:00:00,2337.921,2341.999,2336.944,2338.94,5885
2024-04-08 19:00:00,2338.98,2340.569,2337.06,2338.344,4645
2024-04-08 20:00:00,2338.397,2339.121,2337.879,2339.019,2409
2024-04-08 22:00:00,2337.359,2338.794,2336.595,2338.506,1736
2024-04-08 23:00:00,2338.505,2340.449,2337.676,2338.79,3157
2024-04-09 00:00:00,2338.782,2341.672,2338.524,2340.862,4092
2024-04-09 01:00:00,2340.871,2348.502,2337.777,2339.97,11388
2024-04-09 02:00:00,2339.933,2345.773,2338.418,2345.137,6434
2024-04-09 03:00:00,2345.096,2346.575,2343.061,2343.943,4681
2024-04-09 04:00:00,2343.98,2346.168,2343.049,2344.135,3855
2024-04-09 05:00:00,2344.112,2347.93,2343.868,2345.031,4305
2024-04-09 06:00:00,2345.03,2346.773,2343.071,2344.473,5963
2024-04-09 07:00:00,2344.438,2357.007,2344.313,2353.96,8940
2024-04-09 08:00:00,2354.009,2359.259,2351.328,2357.605,6937
2024-04-09 09:00:00,2357.634,2365.338,2357.182,2363.181,7920
2024-04-09 10:00:00,2363.146,2364.225,2355.84,2356.479,6955
2024-04-09 11:00:00,2356.425,2356.708,2349.565,2354.445,7346
2024-04-09 12:00:00,2354.414,2357.346,2345.688,2349.371,12621
2024-04-09 13:00:00,2349.342,2360.987,2348.088,2355.378,19775
2024-04-09 14:00:00,2355.316,2364.281,2345.101,2352.799,21705
2024-04-09 15:00:00,2352.848,2353.665,2338.235,2340.289,17001
2024-04-09 16:00:00,2340.329,2347.071,2340.015,2344.978,8659
2024-04-09 17:00:00,2345.015,2349.707,2341.874,2347.326,7781
2024-04-09 18:00:00,2347.273,2350.009,2345.523,2349.559,5420
2024-04-09 19:00:00,2349.515,2351.526,2345.181,2351.118,4893
2024-04-09 20:00:00,2351.072,2354.573,2350.587,2352.802,2712
2024-04-09 22:00:00,2352.551,2353.895,2350.299,2352.212,2115
2024-04-09 23:00:00,2352.108,2355.275,2351.53,2354.778,3073
2024-04-10 00:00:00,2354.794,2355.57,2350.96,2351.63,3832
2024-04-10 01:00:00,2351.66,2351.935,2344.688,2349.319,8034
2024-04-10 02:00:00,2349.373,2354.253,2348.849,2352.153,5530
2024-04-10 03:00:00,2352.108,2353.504,2350.655,2351.248,3961
2024-04-10 04:00:00,2351.202,2356.861,2350.831,2356.166,3527
2024-04-10 05:00:00,2356.151,2360.086,2355.722,2357.371,5643
2024-04-10 06:00:00,2357.423,2359.902,2353.837,2356.094,6417
2024-04-10 07:00:00,2356.043,2357.744,2352.507,2353.072,5760
2024-04-10 08:00:00,2353.121,2355.863,2352.311,2354.494,5148
2024-04-10 09:00:00,2354.499,2354.802,2344.88,2347.642,6500
2024-04-10 10:00:00,2347.584,2350.138,2345.225,2347.453,5596
2024-04-10 11:00:00,2347.422,2349.333,2344.739,2347.029,5521
2024-04-10 12:00:00,2346.974,2350.708,2327.784,2338.389,28257
2024-04-10 13:00:00,2338.446,2339.608,2319.238,2333.922,36376
2024-04-10 14:00:00,2333.942,2352.348,2332.186,2346.265,27187
2024-04-10 15:00:00,2346.302,2347.655,2330.054,2336.903,17725
2024-04-10 16:00:00,2336.854,2340.792,2335.821,2337.266,8565
2024-04-10 17:00:00,2337.292,2345.226,2325.742,2337.622,19696
2024-04-10 18:00:00,2337.681,2341.018,2326.153,2327.516,9160
2024-04-10 19:00:00,2327.546,2330.95,2327.162,2329.547,7379
2024-04-10 20:00:00,2329.516,2333.59,2329.508,2332.73,3462
2024-04-10 22:00:00,2333.597,2336.654,2333.245,2335.742,2079
2024-04-10 23:00:00,2335.772,2337.202,2334.115,2335.429,3122
2024-04-11 00:00:00,2335.489,2335.972,2333.324,2335.123,5047
2024-04-11 01:00:00,2335.082,2342.26,2334.027,2340.653,7876
2024-04-11 02:00:00,2340.599,2345.79,2339.48,2343.835,4864
2024-04-11 03:00:00,2343.825,2346.939,2342.915,2343.967,4608
2024-04-11 04:00:00,2343.911,2346.089,2341.428,2342.975,4398
2024-04-11 05:00:00,2342.956,2344.557,2338.877,2341.881,5183
2024-04-11 06:00:00,2341.835,2342.17,2333.881,2335.99,7986
2024-04-11 07:00:00,2336.039,2340.669,2335.175,2336.396,7795
2024-04-11 08:00:00,2336.437,2337.953,2325.593,2327.97,8524
2024-04-11 09:00:00,2327.942,2335.278,2327.9,2330.778,6673
2024-04-11 10:00:00,2330.727,2339.2,2330.645,2338.514,6302
2024-04-11 11:00:00,2338.514,2339.678,2335.621,2337.254,5851
2024-04-11 12:00:00,2337.269,2344.391,2331.625,2341.406,16844
2024-04-11 13:00:00,2341.365,2347.431,2336.877,2343.341,16338
2024-04-11 14:00:00,2343.309,2346.824,2332.269,2338.968,18061
2024-04-11 15:00:00,2339.0,2345.533,2337.567,2344.667,8369
2024-04-11 16:00:00,2344.713,2350.802,2342.649,2349.778,7815
2024-04-11 17:00:00,2349.788,2357.232,2348.023,2356.25,9166
2024-04-11 18:00:00,2356.273,2364.997,2355.629,2361.437,7795
2024-04-11 19:00:00,2361.477,2374.624,2361.377,2372.742,7127
2024-04-11 20:00:00,2372.82,2377.721,2372.218,2373.25,5040
2024-04-11 22:00:00,2371.543,2379.373,2371.219,2373.593,3187
2024-04-11 23:00:00,2373.928,2377.113,2373.791,2377.001,4067
2024-04-12 00:00:00,2376.787,2379.126,2374.58,2378.633,4760
2024-04-12 01:00:00,2378.681,2391.426,2378.667,2390.701,19257
2024-04-12 02:00:00,2390.741,2395.458,2387.897,2390.502,11372
2024-04-12 03:00:00,2390.55,2391.196,2382.961,2384.239,6858
2024-04-12 04:00:00,2384.247,2387.023,2382.701,2384.202,4612
2024-04-12 05:00:00,2384.142,2390.087,2383.337,2387.513,5951
2024-04-12 06:00:00,2387.461,2395.193,2384.714,2395.03,8354
2024-04-12 07:00:00,2395.042,2400.348,2392.742,2399.913,9453
2024-04-12 08:00:00,2399.954,2400.64,2394.139,2396.714,7557
2024-04-12 09:00:00,2396.759,2400.194,2393.254,2398.069,6275
2024-04-12 10:00:00,2398.107,2400.42,2395.921,2398.123,6366
2024-04-12 11:00:00,2398.13,2398.144,2390.416,2395.362,8492
2024-04-12 12:00:00,2395.365,2397.679,2391.535,2395.805,13761
2024-04-12 13:00:00,2395.852,2406.544,2393.384,2404.308,25241
2024-04-12 14:00:00,2404.4,2429.074,2400.33,2426.587,27519
2024-04-12 15:00:00,2426.555,2431.527,2382.143,2395.556,45968
2024-04-12 16:00:00,2395.517,2395.517,2360.695,2369.236,35849
2024-04-12 17:00:00,2369.286,2373.111,2346.322,2355.123,27032
2024-04-12 18:00:00,2355.089,2356.642,2335.364,2338.795,15121
2024-04-12 19:00:00,2338.742,2345.422,2333.783,2343.375,11599
2024-04-12 20:00:00,2343.412,2345.169,2341.691,2344.382,4256
2024-04-14 22:00:00,2369.105,2371.92,2346.783,2356.806,7209
2024-04-14 23:00:00,2356.77,2365.29,2354.821,2364.486,4460
2024-04-15 00:00:00,2364.665,2366.003,2350.444,2353.245,11450
2024-04-15 01:00:00,2353.28,2359.776,2348.395,2355.633,18066
2024-04-15 02:00:00,2355.615,2364.654,2353.551,2359.565,10060
2024-04-15 03:00:00,2359.586,2360.403,2354.725,2358.511,7206
2024-04-15 04:00:00,2358.444,2358.691,2355.562,2356.659,4499
2024-04-15 05:00:00,2356.668,2362.467,2352.082,2361.097,7382
2024-04-15 06:00:00,2361.08,2361.513,2353.047,2354.858,10690
2024-04-15 07:00:00,2354.816,2356.356,2349.952,2353.051,9196
2024-04-15 08:00:00,2353.038,2356.011,2344.71,2351.557,10749
2024-04-15 09:00:00,2351.585,2353.498,2346.308,2349.609,6927
2024-04-15 10:00:00,2349.626,2356.981,2349.189,2356.747,5868
2024-04-15 11:00:00,2356.711,2361.185,2355.5,2357.947,7282
2024-04-15 12:00:00,2357.985,2359.26,2351.1,2357.347,12444
2024-04-15 13:00:00,2357.379,2361.138,2343.118,2348.627,19647
2024-04-15 14:00:00,2348.596,2352.501,2324.114,2349.464,35002
2024-04-15 15:00:00,2349.417,2352.576,2342.572,2351.685,15010
2024-04-15 16:00:00,2351.706,2359.988,2346.117,2357.12,11111
2024-04-15 17:00:00,2357.099,2370.645,2354.065,2365.439,14350
2024-04-15 18:00:00,2365.376,2378.187,2363.679,2375.865,9387
2024-04-15 19:00:00,2375.832,2387.636,2373.941,2386.315,12409
2024-04-15 20:00:00,2386.369,2386.718,2380.037,2382.778,4668
2024-04-15 22:00:00,2380.8,2392.013,2380.686,2384.121,3378
2024-04-15 23:00:00,2384.12,2387.325,2381.073,2381.833,4037
2024-04-16 00:00:00,2381.896,2387.654,2380.127,2383.451,7040
2024-04-16 01:00:00,2383.4,2386.953,2379.216,2383.675,10757
2024-04-16 02:00:00,2383.69,2388.008,2379.53,2386.145,7066
2024-04-16 03:00:00,2386.092,2389.328,2384.437,2387.87,5861
2024-04-16 04:00:00,2387.903,2388.252,2384.0,2386.05,5735
2024-04-16 05:00:00,2386.106,2389.02,2384.89,2386.485,5341
2024-04-16 06:00:00,2386.217,2388.142,2368.63,2373.032,12466
2024-04-16 07:00:00,2372.996,2375.232,2362.964,2365.653,9623
2024-04-16 08:00:00,2365.497,2371.925,2365.102,2369.409,6819
2024-04-16 09:00:00,2369.444,2373.198,2367.428,2372.339,6288
2024-04-16 10:00:00,2372.391,2375.37,2368.633,2370.125,7428
2024-04-16 11:00:00,2370.18,2375.271,2369.685,2373.956,6923
2024-04-16 12:00:00,2373.956,2378.208,2368.48,2376.184,10606
2024-04-16 13:00:00,2376.223,2379.272,2365.228,2366.317,22996
2024-04-16 14:00:00,2366.257,2383.405,2363.47,2382.913,24910
2024-04-16 15:00:00,2382.956,2393.012,2377.843,2385.98,19961
2024-04-16 16:00:00,2386.045,2398.252,2385.465,2397.499,12189
2024-04-16 17:00:00,2397.533,2397.645,2379.716,2384.702,21555
2024-04-16 18:00:00,2384.655,2396.448,2383.489,2392.297,15238
2024-04-16 19:00:00,2392.275,2395.218,2389.049,2389.641,7454
2024-04-16 20:00:00,2389.693,2390.279,2378.368,2382.208,4305
2024-04-16 22:00:00,2382.746,2386.773,2382.396,2384.744,2640
2024-04-16 23:00:00,2384.742,2386.874,2382.662,2382.843,4449
2024-04-17 00:00:00,2382.703,2384.687,2380.709,2384.36,5688
2024-04-17 01:00:00,2384.411,2385.547,2381.283,2384.598,8107
2024-04-17 02:00:00,2384.598,2386.253,2382.255,2382.338,5124
2024-04-17 03:00:00,2382.284,2383.667,2380.672,2381.651,4692
2024-04-17 04:00:00,2381.653,2383.021,2380.242,2381.915,3232
2024-04-17 05:00:00,2381.914,2382.054,2374.146,2377.501,6143
2024-04-17 06:00:00,2377.604,2381.528,2372.643,2380.981,8319
2024-04-17 07:00:00,2380.938,2383.238,2377.911,2382.493,6440
2024-04-17 08:00:00,2382.461,2393.573,2382.461,2392.876,7318
2024-04-17 09:00:00,2392.933,2394.287,2389.778,2392.123,6825
2024-04-17 10:00:00,2392.159,2393.851,2384.966,2386.602,6758
2024-04-17 11:00:00,2386.559,2390.332,2385.764,2387.294,5792
2024-04-17 12:00:00,2387.364,2387.989,2378.346,2383.237,10953
2024-04-17 13:00:00,2383.205,2395.207,2382.912,2393.316,15633
2024-04-17 14:00:00,2393.369,2395.586,2386.055,2390.46,14679
2024-04-17 15:00:00,2390.498,2393.6,2381.913,2382.173,14816
2024-04-17 16:00:00,2382.219,2384.448,2361.002,2372.353,22317
2024-04-17 17:00:00,2372.416,2375.975,2368.035,2372.174,13999
2024-04-17 18:00:00,2372.215,2379.07,2371.84,2374.387,8995
2024-04-17 19:00:00,2374.309,2375.095,2367.806,2372.657,7458
2024-04-17 20:00:00,2372.604,2373.303,2354.546,2360.888,5873
2024-04-17 22:00:00,2363.478,2367.493,2363.478,2365.09,2430
2024-04-17 23:00:00,2365.114,2368.143,2363.469,2367.838,3673
2024-04-18 00:00:00,2367.837,2370.067,2366.831,2369.741,4557
2024-04-18 01:00:00,2369.788,2371.996,2364.047,2367.246,7879
2024-04-18 02:00:00,2367.299,2374.911,2366.651,2373.137,5962
2024-04-18 03:00:00,2373.1,2375.337,2372.293,2374.755,4822
2024-04-18 04:00:00,2374.747,2376.565,2373.136,2375.078,3552
2024-04-18 05:00:00,2375.074,2377.137,2373.766,2376.75,5209
2024-04-18 06:00:00,2376.724,2380.873,2376.262,2380.579,6385
2024-04-18 07:00:00,2380.544,2381.047,2374.922,2377.808,6042
2024-04-18 08:00:00,2377.841,2380.756,2377.364,2379.946,5699
2024-04-18 09:00:00,2379.945,2380.808,2377.722,2379.572,4827
2024-04-18 10:00:00,2379.528,2384.022,2377.227,2382.952,5218
2024-04-18 11:00:00,2382.922,2385.352,2378.908,2380.917,6104
2024-04-18 12:00:00,2380.971,2387.535,2380.628,2385.361,12084
2024-04-18 13:00:00,2385.381,2392.799,2375.398,2379.639,24906
2024-04-18 14:00:00,2379.681,2384.997,2369.477,2379.887,19468
2024-04-18 15:00:00,2379.83,2385.489,2378.504,2384.106,10807
2024-04-18 16:00:00,2384.114,2388.746,2381.462,2387.886,8393
2024-04-18 17:00:00,2387.928,2389.329,2382.207,2384.749,7911
2024-04-18 18:00:00,2384.699,2384.787,2379.502,2381.616,5978
2024-04-18 19:00:00,2381.644,2385.133,2378.057,2380.23,5374
2024-04-18 20:00:00,2380.265,2380.464,2376.855,2377.45,2782
2024-04-18 22:00:00,2378.459,2380.389,2378.044,2379.04,1628
2024-04-18 23:00:00,2379.04,2381.471,2379.04,2380.004,2591
2024-04-19 00:00:00,2379.867,2379.867,2373.708,2379.416,5444
2024-04-19 01:00:00,2379.367,2417.905,2378.719,2409.408,34045
2024-04-19 02:00:00,2409.442,2414.819,2395.396,2400.384,25685
2024-04-19 03:00:00,2400.396,2402.516,2382.831,2391.347,25731
2024-04-19 04:00:00,2391.349,2391.426,2379.297,2383.526,11639
2024-04-19 05:00:00,2383.576,2384.405,2380.267,2381.36,9122
2024-04-19 06:00:00,2381.41,2391.88,2378.6,2389.969,11601
2024-04-19 07:00:00,2390.024,2393.878,2384.561,2385.426,9305
2024-04-19 08:00:00,2385.374,2386.299,2377.97,2384.26,10373
2024-04-19 09:00:00,2384.278,2386.127,2379.874,2381.036,7299
2024-04-19 10:00:00,2381.022,2383.136,2379.205,2381.054,6553
2024-04-19 11:00:00,2381.06,2381.294,2372.761,2376.819,10554
2024-04-19 12:00:00,2376.854,2384.514,2374.458,2381.47,10582
2024-04-19 13:00:00,2381.413,2386.813,2373.074,2378.574,16486
2024-04-19 14:00:00,2378.626,2392.018,2378.591,2391.065,16482
2024-04-19 15:00:00,2391.018,2396.008,2389.199,2394.753,11642
2024-04-19 16:00:00,2394.753,2399.688,2389.793,2399.618,8609
2024-04-19 17:00:00,2399.588,2401.97,2392.305,2393.649,8573
2024-04-19 18:00:00,2393.701,2398.148,2392.683,2398.148,5656
2024-04-19 19:00:00,2398.156,2398.27,2386.59,2387.607,6721
2024-04-19 20:00:00,2387.652,2391.251,2386.631,2390.677,3712
2024-04-21 22:00:00,2384.011,2388.596,2381.878,2383.83,4858
2024-04-21 23:00:00,2383.814,2387.822,2382.97,2386.483,4944
2024-04-22 00:00:00,2386.506,2386.506,2381.091,2382.131,5914
2024-04-22 01:00:00,2382.113,2384.234,2376.05,2378.025,9399
2024-04-22 02:00:00,2378.072,2378.113,2372.558,2372.717,5561
2024-04-22 03:00:00,2372.689,2372.689,2361.672,2369.325,10120
2024-04-22 04:00:00,2369.385,2372.902,2368.722,2369.678,5282
2024-04-22 05:00:00,2369.677,2370.499,2360.81,2365.492,9690
2024-04-22 06:00:00,2365.441,2367.018,2351.323,2355.879,11377
2024-04-22 07:00:00,2355.829,2361.112,2354.917,2360.983,8524
2024-04-22 08:00:00,2360.959,2363.052,2357.848,2359.512,6252
2024-04-22 09:00:00,2359.472,2363.644,2359.051,2361.185,5924
2024-04-22 10:00:00,2361.14,2361.435,2356.062,2357.639,5377
2024-04-22 11:00:00,2357.68,2357.68,2339.365,2342.055,11978
2024-04-22 12:00:00,2342.04,2350.382,2332.927,2336.81,14915
2024-04-22 13:00:00,2336.861,2343.738,2331.03,2338.468,22720
2024-04-22 14:00:00,2338.401,2343.86,2332.922,2341.215,13344
2024-04-22 15:00:00,2341.262,2341.851,2332.716,2334.797,9727
2024-04-22 16:00:00,2334.789,2336.455,2328.912,2329.846,7531
2024-04-22 17:00:00,2329.843,2334.862,2329.576,2330.006,6527
2024-04-22 18:00:00,2330.057,2330.987,2324.497,2327.592,5500
2024-04-22 19:00:00,2327.623,2331.67,2327.337,2329.332,4326
2024-04-22 20:00:00,2329.29,2330.178,2325.319,2326.498,2498
2024-04-22 22:00:00,2329.07,2331.32,2326.641,2330.253,2641
2024-04-22 23:00:00,2330.326,2333.929,2328.082,2333.737,4098
2024-04-23 00:00:00,2333.712,2333.83,2330.086,2332.589,4590
2024-04-23 01:00:00,2332.557,2334.377,2295.5,2298.946,23659
2024-04-23 02:00:00,2298.976,2314.265,2298.284,2301.871,16916
2024-04-23 03:00:00,2301.873,2307.237,2300.881,2302.608,8520
2024-04-23 04:00:00,2302.579,2308.201,2301.707,2305.489,5482
2024-04-23 05:00:00,2305.493,2314.746,2304.273,2308.229,8295
2024-04-23 06:00:00,2308.203,2309.988,2298.841,2301.983,10378
2024-04-23 07:00:00,2301.946,2311.255,2301.153,2309.052,8946
2024-04-23 08:00:00,2309.091,2309.766,2301.857,2303.296,7627
2024-04-23 09:00:00,2303.232,2303.444,2291.321,2295.671,10873
2024-04-23 10:00:00,2295.653,2306.191,2295.426,2303.205,6903
2024-04-23 11:00:00,2303.187,2303.279,2299.751,2302.135,6535
2024-04-23 12:00:00,2302.145,2313.588,2301.272,2311.713,10872
2024-04-23 13:00:00,2311.773,2330.688,2309.497,2329.651,22812
2024-04-23 14:00:00,2329.485,2332.162,2314.41,2320.387,23439
2024-04-23 15:00:00,2320.421,2324.503,2315.2,2323.198,11162
2024-04-23 16:00:00,2323.224,2331.162,2321.704,2330.229,8199
2024-04-23 17:00:00,2330.233,2331.351,2325.018,2326.313,7112
2024-04-23 18:00:00,2326.304,2329.761,2323.571,2324.253,5199
2024-04-23 19:00:00,2324.247,2325.112,2321.196,2322.307,4112
2024-04-23 20:00:00,2322.352,2323.274,2321.376,2321.929,2381
2024-04-23 22:00:00,2322.08,2322.914,2321.097,2321.683,1859
2024-04-23 23:00:00,2321.664,2324.336,2321.664,2323.21,2730
2024-04-24 00:00:00,2323.227,2323.598,2320.693,2320.852,3912
2024-04-24 01:00:00,2320.906,2323.175,2315.997,2318.217,7786
2024-04-24 02:00:00,2318.212,2322.14,2315.747,2321.639,6024
2024-04-24 03:00:00,2321.653,2328.149,2320.816,2327.841,5520
2024-04-24 04:00:00,2327.866,2330.072,2325.16,2326.636,4333
2024-04-24 05:00:00,2326.648,2329.888,2324.443,2328.821,5038
2024-04-24 06:00:00,2328.823,2331.318,2324.183,2326.855,6977
2024-04-24 07:00:00,2326.804,2326.804,2320.675,2320.701,6411
2024-04-24 08:00:00,2320.657,2321.91,2316.042,2319.178,5952
2024-04-24 09:00:00,2319.224,2319.318,2311.699,2315.002,7001
2024-04-24 10:00:00,2315.043,2318.502,2314.246,2316.771,4606
2024-04-24 11:00:00,2316.771,2316.979,2313.152,2316.167,4830
2024-04-24 12:00:00,2316.219,2323.493,2312.058,2323.154,11152
2024-04-24 13:00:00,2323.125,2326.054,2315.839,2321.244,17998
2024-04-24 14:00:00,2321.283,2330.41,2316.886,2329.662,12385
2024-04-24 15:00:00,2329.694,2337.29,2322.524,2322.593,12073
2024-04-24 16:00:00,2322.557,2326.39,2321.802,2325.159,7418
2024-04-24 17:00:00,2325.117,2330.477,2321.767,2324.391,7286
2024-04-24 18:00:00,2324.404,2324.668,2318.584,2320.492,5244
2024-04-24 19:00:00,2320.523,2322.462,2317.79,2319.074,4436
2024-04-24 20:00:00,2319.104,2319.647,2313.633,2315.786,3505
2024-04-24 22:00:00,2315.996,2318.372,2315.057,2317.79,1905
2024-04-24 23:00:00,2317.777,2318.277,2315.38,2316.219,3425
2024-04-25 00:00:00,2316.223,2319.425,2315.39,2319.111,3732
2024-04-25 01:00:00,2319.118,2320.667,2315.988,2319.155,5161
2024-04-25 02:00:00,2319.157,2322.041,2318.851,2319.855,4072
2024-04-25 03:00:00,2319.854,2320.69,2304.834,2313.177,8847
2024-04-25 04:00:00,2313.225,2315.89,2312.364,2315.32,3405
2024-04-25 05:00:00,2315.355,2320.796,2314.453,2319.484,5119
2024-04-25 06:00:00,2319.543,2323.585,2317.743,2322.64,6240
2024-04-25 07:00:00,2322.607,2326.111,2320.237,2325.621,5139
2024-04-25 08:00:00,2325.648,2328.851,2324.842,2326.869,5326
2024-04-25 09:00:00,2326.849,2327.569,2324.09,2324.879,4334
2024-04-25 10:00:00,2324.875,2328.7,2324.238,2328.076,4166
2024-04-25 11:00:00,2328.044,2330.619,2326.673,2328.506,4714
2024-04-25 12:00:00,2328.501,2334.768,2323.253,2330.717,16662
2024-04-25 13:00:00,2330.766,2331.204,2312.688,2318.974,28740
2024-04-25 14:00:00,2319.005,2344.872,2316.918,2333.793,24424
2024-04-25 15:00:00,2333.828,2336.677,2327.082,2330.474,13330
2024-04-25 16:00:00,2330.505,2332.439,2322.962,2328.737,7735
2024-04-25 17:00:00,2328.783,2332.21,2326.22,2332.2,6304
2024-04-25 18:00:00,2332.243,2335.028,2330.614,2332.953,5265
2024-04-25 19:00:00,2332.909,2336.414,2331.585,2332.887,4332
2024-04-25 20:00:00,2332.929,2333.739,2330.83,2331.927,2697
2024-04-25 22:00:00,2331.959,2333.157,2331.356,2332.461,1845
2024-04-25 23:00:00,2332.414,2332.617,2330.021,2330.62,2673
2024-04-26 00:00:00,2330.617,2331.404,2328.702,2329.817,2905
2024-04-26 01:00:00,2329.825,2333.23,2326.212,2332.083,5790
2024-04-26 02:00:00,2332.071,2336.196,2331.098,2333.837,4952
2024-04-26 03:00:00,2333.829,2334.905,2332.191,2334.634,4432
2024-04-26 04:00:00,2334.634,2338.355,2333.425,2335.88,3997
2024-04-26 05:00:00,2335.864,2338.558,2333.948,2337.8,4418
2024-04-26 06:00:00,2337.748,2343.153,2337.323,2341.03,6277
2024-04-26 07:00:00,2340.968,2347.319,2338.115,2345.504,6837
2024-04-26 08:00:00,2345.51,2350.404,2344.107,2347.032,9910
2024-04-26 09:00:00,2347.039,2352.555,2346.73,2349.316,5289
2024-04-26 10:00:00,2349.34,2350.338,2345.697,2348.135,4576
2024-04-26 11:00:00,2348.076,2348.628,2343.4,2344.905,4802
2024-04-26 12:00:00,2344.878,2351.594,2340.496,2344.669,12310
2024-04-26 13:00:00,2344.72,2350.359,2336.832,2341.374,16396
2024-04-26 14:00:00,2341.306,2345.253,2328.671,2333.552,15269
2024-04-26 15:00:00,2333.584,2337.684,2331.197,2336.631,10326
2024-04-26 16:00:00,2336.687,2338.951,2333.036,2333.603,6372
2024-04-26 17:00:00,2333.573,2340.322,2332.598,2338.45,5394
2024-04-26 18:00:00,2338.482,2341.409,2337.727,2340.851,4041
2024-04-26 19:00:00,2340.814,2340.891,2336.104,2339.895,4096
2024-04-26 20:00:00,2339.946,2340.112,2336.32,2337.792,3444
2024-04-28 22:00:00,2333.884,2336.096,2332.476,2334.733,3508
2024-04-28 23:00:00,2334.679,2336.825,2334.295,2335.987,2903
2024-04-29 00:00:00,2335.937,2336.331,2330.584,2332.062,3895
2024-04-29 01:00:00,2332.015,2332.015,2319.735,2330.989,12890
2024-04-29 02:00:00,2330.977,2331.531,2324.078,2324.282,5641
2024-04-29 03:00:00,2324.339,2329.461,2323.584,2328.433,4679
2024-04-29 04:00:00,2328.443,2333.196,2327.357,2332.563,10482
2024-04-29 05:00:00,2332.593,2336.502,2329.323,2330.552,6418
2024-04-29 06:00:00,2330.599,2333.524,2327.461,2329.196,6033
2024-04-29 07:00:00,2329.141,2337.905,2329.033,2337.317,9749
2024-04-29 08:00:00,2337.246,2341.28,2336.156,2338.086,5856
2024-04-29 09:00:00,2337.978,2344.345,2336.665,2343.164,5389
2024-04-29 10:00:00,2343.16,2344.154,2339.867,2341.174,4571
2024-04-29 11:00:00,2341.17,2342.898,2335.378,2337.059,4832
2024-04-29 12:00:00,2337.022,2337.57,2328.273,2331.869,7070
2024-04-29 13:00:00,2331.824,2336.509,2325.575,2333.919,12097
2024-04-29 14:00:00,2333.977,2339.504,2333.862,2337.767,10068
2024-04-29 15:00:00,2337.804,2338.951,2332.771,2337.783,7152
2024-04-29 16:00:00,2337.799,2346.718,2337.33,2342.916,10002
2024-04-29 17:00:00,2342.947,2346.639,2339.775,2342.134,6824
2024-04-29 18:00:00,2342.127,2343.832,2337.526,2341.199,5531
2024-04-29 19:00:00,2341.147,2341.17,2332.976,2335.628,7199
2024-04-29 20:00:00,2335.677,2337.11,2335.186,2335.198,2433
2024-04-29 22:00:00,2334.576,2336.139,2333.791,2334.755,1743
2024-04-29 23:00:00,2334.75,2334.961,2332.635,2333.173,2994
2024-04-30 00:00:00,2333.178,2334.789,2331.68,2333.913,4148
2024-04-30 01:00:00,2333.884,2336.113,2332.396,2333.973,5986
2024-04-30 02:00:00,2334.02,2334.434,2326.82,2331.301,5651
2024-04-30 03:00:00,2331.265,2331.649,2328.538,2329.19,4271
2024-04-30 04:00:00,2329.227,2329.492,2324.909,2326.442,3592
2024-04-30 05:00:00,2326.435,2327.01,2321.741,2322.961,5377
2024-04-30 06:00:00,2322.956,2323.564,2318.742,2322.372,6602
2024-04-30 07:00:00,2322.426,2322.634,2315.28,2317.527,5856
2024-04-30 08:00:00,2317.519,2318.458,2310.672,2312.87,5712
2024-04-30 09:00:00,2312.825,2317.423,2312.246,2314.776,5299
2024-04-30 10:00:00,2314.785,2317.961,2314.183,2315.479,4486
2024-04-30 11:00:00,2315.416,2315.56,2309.449,2312.702,5495
2024-04-30 12:00:00,2312.657,2313.363,2304.574,2306.056,12178
2024-04-30 13:00:00,2306.025,2313.282,2302.808,2307.479,14835
2024-04-30 14:00:00,2307.39,2310.64,2293.093,2293.347,18822
2024-04-30 15:00:00,2293.38,2300.502,2293.218,2295.834,11855
2024-04-30 16:00:00,2295.798,2299.309,2294.45,2294.705,7403
2024-04-30 17:00:00,2294.708,2297.201,2291.545,2295.913,7152
2024-04-30 18:00:00,2295.958,2297.498,2289.843,2290.128,5207
2024-04-30 19:00:00,2290.078,2294.855,2289.307,2290.788,5972
2024-04-30 20:00:00,2290.738,2293.467,2284.967,2285.328,5033
2024-04-30 22:00:00,2287.354,2291.656,2287.021,2291.095,2399
2024-04-30 23:00:00,2291.096,2293.278,2289.866,2291.244,3198
2024-05-01 00:00:00,2291.256,2292.869,2285.66,2286.906,4730
2024-05-01 01:00:00,2286.899,2289.493,2286.008,2287.946,4519
2024-05-01 02:00:00,2287.975,2288.653,2286.74,2287.985,3181
2024-05-01 03:00:00,2287.979,2288.366,2282.949,2284.047,3475
2024-05-01 04:00:00,2284.01,2285.498,2281.557,2283.239,3575
2024-05-01 05:00:00,2283.19,2288.427,2282.539,2287.477,3731
2024-05-01 06:00:00,2287.432,2289.744,2286.413,2286.867,4165
2024-05-01 07:00:00,2286.88,2287.963,2283.484,2285.785,4460
2024-05-01 08:00:00,2285.735,2286.818,2283.799,2286.189,4402
2024-05-01 09:00:00,2286.244,2293.105,2285.67,2291.895,5004
2024-05-01 10:00:00,2291.878,2294.339,2289.101,2293.117,4801
2024-05-01 11:00:00,2293.127,2297.093,2291.37,2294.535,4732
2024-05-01 12:00:00,2294.486,2300.028,2294.092,2298.189,9134
2024-05-01 13:00:00,2298.249,2303.46,2295.15,2303.043,10038
2024-05-01 14:00:00,2303.092,2310.411,2297.356,2304.382,16961
2024-05-01 15:00:00,2304.431,2310.459,2302.488,2307.259,9014
2024-05-01 16:00:00,2307.29,2307.353,2301.818,2303.719,6467
2024-05-01 17:00:00,2303.773,2304.954,2297.597,2299.826,6451
2024-05-01 18:00:00,2299.778,2328.284,2295.825,2325.242,34986
2024-05-01 19:00:00,2325.282,2327.862,2309.724,2309.724,17219
2024-05-01 20:00:00,2309.757,2320.564,2306.997,2317.703,10482
2024-05-01 22:00:00,2319.266,2322.998,2317.552,2320.638,2783
2024-05-01 23:00:00,2320.736,2324.833,2320.598,2323.809,3976
2024-05-02 00:00:00,2323.848,2325.995,2322.921,2324.455,4356
2024-05-02 01:00:00,2324.411,2326.492,2321.746,2324.117,4600
2024-05-02 02:00:00,2324.089,2325.591,2318.732,2320.193,4630
2024-05-02 03:00:00,2320.179,2320.753,2317.28,2319.492,4397
2024-05-02 04:00:00,2319.495,2320.985,2318.043,2318.188,3196
2024-05-02 05:00:00,2318.189,2318.471,2313.011,2314.911,4893
2024-05-02 06:00:00,2314.978,2319.046,2312.497,2313.672,6403
2024-05-02 07:00:00,2313.616,2315.053,2308.14,2309.262,6676
2024-05-02 08:00:00,2309.292,2311.047,2303.001,2304.035,6032
2024-05-02 09:00:00,2304.074,2305.381,2298.799,2301.799,5479
2024-05-02 10:00:00,2301.748,2301.853,2295.14,2299.227,6593
2024-05-02 11:00:00,2299.282,2302.922,2297.513,2299.009,5832
2024-05-02 12:00:00,2298.957,2304.466,2293.49,2294.461,10306
2024-05-02 13:00:00,2294.524,2295.759,2285.423,2291.589,16021
2024-05-02 14:00:00,2291.579,2304.88,2287.633,2303.936,16653
2024-05-02 15:00:00,2303.988,2306.887,2297.296,2299.939,11241
2024-05-02 16:00:00,2299.938,2303.795,2297.931,2299.657,6887
2024-05-02 17:00:00,2299.667,2308.525,2299.299,2308.023,6146
2024-05-02 18:00:00,2308.012,2309.475,2305.03,2307.989,4882
2024-05-02 19:00:00,2308.029,2308.029,2301.579,2302.92,4983
2024-05-02 20:00:00,2302.877,2304.135,2300.573,2303.937,3101
2024-05-02 22:00:00,2303.709,2305.496,2303.529,2303.606,1840
2024-05-02 23:00:00,2303.615,2304.548,2302.351,2304.247,2723
2024-05-03 00:00:00,2304.243,2304.811,2300.188,2303.906,3967
2024-05-03 01:00:00,2303.899,2306.388,2301.832,2302.574,4709
2024-05-03 02:00:00,2302.506,2303.048,2299.868,2301.103,4497
2024-05-03 03:00:00,2301.062,2302.425,2300.495,2302.403,3030
2024-05-03 04:00:00,2302.476,2308.018,2302.091,2307.368,3739
2024-05-03 05:00:00,2307.423,2308.782,2305.781,2306.144,3542
2024-05-03 06:00:00,2306.147,2306.445,2298.277,2298.473,5508
2024-05-03 07:00:00,2298.511,2301.408,2297.712,2299.215,5924
2024-05-03 08:00:00,2299.17,2302.632,2298.364,2301.296,5208
2024-05-03 09:00:00,2301.25,2303.184,2299.396,2301.431,4537
2024-05-03 10:00:00,2301.457,2301.733,2297.872,2299.089,4361
2024-05-03 11:00:00,2299.147,2299.841,2296.238,2298.28,4817
2024-05-03 12:00:00,2298.281,2320.712,2294.602,2304.772,20575
2024-05-03 13:00:00,2304.685,2308.915,2277.089,2290.328,31767
2024-05-03 14:00:00,2290.394,2302.746,2283.162,2291.122,28948
2024-05-03 15:00:00,2291.157,2298.966,2289.627,2293.728,11370
2024-05-03 16:00:00,2293.774,2300.234,2292.806,2299.186,7058
2024-05-03 17:00:00,2299.144,2303.09,2296.341,2302.03,5554
2024-05-03 18:00:00,2302.068,2302.898,2297.381,2299.278,4402
2024-05-03 19:00:00,2299.253,2301.493,2295.962,2301.365,4818
2024-05-03 20:00:00,2301.349,2303.414,2300.629,2301.626,3135
2024-05-05 22:00:00,2302.321,2303.288,2300.794,2301.786,2368
2024-05-05 23:00:00,2301.769,2302.934,2293.26,2293.968,4854
2024-05-06 00:00:00,2293.929,2297.969,2291.769,2295.97,5547
2024-05-06 01:00:00,2296.027,2309.113,2295.745,2308.277,13112
2024-05-06 02:00:00,2308.328,2315.394,2307.505,2311.173,7514
2024-05-06 03:00:00,2311.118,2311.966,2308.347,2309.322,4619
2024-05-06 04:00:00,2309.367,2311.806,2308.13,2309.187,3399
2024-05-06 05:00:00,2309.164,2313.95,2308.676,2313.438,6011
2024-05-06 06:00:00,2313.389,2314.788,2311.737,2314.141,5738
2024-05-06 07:00:00,2314.123,2324.142,2312.37,2322.646,6924
2024-05-06 08:00:00,2322.643,2323.082,2317.278,2318.307,5539
2024-05-06 09:00:00,2318.304,2322.031,2315.588,2321.112,5066
2024-05-06 10:00:00,2321.174,2322.069,2318.706,2319.274,4767
2024-05-06 11:00:00,2319.305,2322.427,2315.947,2318.193,4831
2024-05-06 12:00:00,2318.134,2330.285,2314.537,2323.29,10289
2024-05-06 13:00:00,2323.259,2332.092,2321.602,2327.858,14763
2024-05-06 14:00:00,2327.902,2330.567,2318.95,2321.064,12449
2024-05-06 15:00:00,2320.999,2325.493,2319.467,2324.777,6258
2024-05-06 16:00:00,2324.731,2327.462,2317.614,2325.569,9273
2024-05-06 17:00:00,2325.586,2326.133,2320.96,2324.614,6132
2024-05-06 18:00:00,2324.655,2326.533,2324.293,2326.245,3930
2024-05-06 19:00:00,2326.3,2327.174,2323.525,2325.03,4017
2024-05-06 20:00:00,2324.991,2328.821,2323.577,2323.942,3573
2024-05-06 22:00:00,2324.803,2326.683,2324.189,2326.536,2006
2024-05-06 23:00:00,2326.482,2326.897,2322.185,2325.943,3161
2024-05-07 00:00:00,2325.95,2329.481,2325.482,2329.2,4416
2024-05-07 01:00:00,2329.231,2329.926,2322.426,2322.766,6724
2024-05-07 02:00:00,2322.792,2324.338,2319.603,2321.578,5415
2024-05-07 03:00:00,2321.551,2325.09,2321.164,2324.857,3938
2024-05-07 04:00:00,2324.879,2325.077,2321.305,2322.638,4050
2024-05-07 05:00:00,2322.642,2323.268,2320.262,2321.5,4780
2024-05-07 06:00:00,2321.499,2321.499,2318.33,2320.389,5018
2024-05-07 07:00:00,2320.435,2322.0,2317.682,2319.252,5202
2024-05-07 08:00:00,2319.228,2319.841,2311.641,2315.675,5623
2024-05-07 09:00:00,2315.629,2317.213,2312.67,2313.741,4775
2024-05-07 10:00:00,2313.702,2315.912,2312.165,2315.312,4497
2024-05-07 11:00:00,2315.352,2316.524,2312.079,2312.348,4574
2024-05-07 12:00:00,2312.333,2317.352,2309.895,2315.99,7604
2024-05-07 13:00:00,2315.956,2323.705,2315.288,2318.536,11079
2024-05-07 14:00:00,2318.538,2322.382,2312.28,2314.177,8017
2024-05-07 15:00:00,2314.215,2319.104,2312.742,2314.704,7697
2024-05-07 16:00:00,2314.755,2316.114,2312.395,2312.507,4898
2024-05-07 17:00:00,2312.557,2317.463,2311.034,2314.147,4956
2024-05-07 18:00:00,2314.116,2315.321,2312.93,2314.415,3937
2024-05-07 19:00:00,2314.456,2315.551,2311.793,2314.618,3947
2024-05-07 20:00:00,2314.634,2315.511,2312.723,2314.015,2423
2024-05-07 22:00:00,2314.11,2316.512,2313.866,2314.391,1643
2024-05-07 23:00:00,2314.392,2316.318,2314.177,2315.211,1939
2024-05-08 00:00:00,2315.254,2316.275,2313.746,2314.194,3966
2024-05-08 01:00:00,2314.192,2314.464,2306.785,2307.868,6141
2024-05-08 02:00:00,2307.83,2317.465,2307.326,2317.082,6024
2024-05-08 03:00:00,2317.087,2318.19,2315.352,2317.001,4377
2024-05-08 04:00:00,2317.0,2319.298,2316.794,2319.234,3379
2024-05-08 05:00:00,2319.222,2321.336,2317.649,2317.711,3972
2024-05-08 06:00:00,2317.709,2318.946,2313.561,2314.693,5327
2024-05-08 07:00:00,2314.644,2314.909,2305.294,2305.657,6043
2024-05-08 08:00:00,2305.624,2309.257,2303.584,2307.302,6769
2024-05-08 09:00:00,2307.294,2311.392,2306.918,2310.763,4898
2024-05-08 10:00:00,2310.807,2317.098,2310.658,2315.519,5058
2024-05-08 11:00:00,2315.519,2318.085,2312.89,2314.669,5742
2024-05-08 12:00:00,2314.647,2319.064,2313.316,2314.488,8469
2024-05-08 13:00:00,2314.459,2316.23,2306.71,2310.005,14889
2024-05-08 14:00:00,2310.068,2317.701,2309.007,2315.468,8514
2024-05-08 15:00:00,2315.465,2320.391,2312.67,2320.391,7368
2024-05-08 16:00:00,2320.422,2321.095,2315.787,2316.972,5183
2024-05-08 17:00:00,2316.991,2317.489,2313.66,2313.861,4505
2024-05-08 18:00:00,2313.831,2313.9,2311.413,2312.634,3474
2024-05-08 19:00:00,2312.681,2312.811,2307.86,2308.174,3919
2024-05-08 20:00:00,2308.231,2309.582,2307.806,2308.766,2634
2024-05-08 22:00:00,2308.369,2310.687,2308.357,2309.521,1660
2024-05-08 23:00:00,2309.551,2309.985,2307.909,2308.734,2289
2024-05-09 00:00:00,2308.774,2310.535,2307.763,2309.311,3277
2024-05-09 01:00:00,2309.378,2312.216,2308.772,2309.944,4525
2024-05-09 02:00:00,2309.898,2311.612,2307.849,2310.348,4173
2024-05-09 03:00:00,2310.325,2312.996,2309.337,2312.274,3628
2024-05-09 04:00:00,2312.273,2315.254,2311.838,2314.508,3693
2024-05-09 05:00:00,2314.51,2319.735,2314.444,2316.509,5356
2024-05-09 06:00:00,2316.468,2317.05,2313.669,2314.218,4806
2024-05-09 07:00:00,2314.277,2314.96,2307.406,2309.314,5392
2024-05-09 08:00:00,2309.262,2313.334,2308.982,2310.41,5093
2024-05-09 09:00:00,2310.352,2311.941,2306.479,2307.633,4185
2024-05-09 10:00:00,2307.606,2312.874,2307.281,2311.796,4636
2024-05-09 11:00:00,2311.768,2316.643,2311.001,2315.918,4871
2024-05-09 12:00:00,2315.915,2329.421,2314.588,2326.699,10012
2024-05-09 13:00:00,2326.646,2326.699,2312.064,2324.367,16742
2024-05-09 14:00:00,2324.317,2338.93,2323.233,2333.319,15576
2024-05-09 15:00:00,2333.356,2337.636,2328.118,2330.4,7875
2024-05-09 16:00:00,2330.43,2333.967,2329.508,2329.721,5086
2024-05-09 17:00:00,2329.746,2334.997,2329.126,2334.76,5245
2024-05-09 18:00:00,2334.761,2337.65,2333.82,2337.492,3786
2024-05-09 19:00:00,2337.537,2343.998,2335.566,2343.75,5575
2024-05-09 20:00:00,2343.697,2347.186,2343.121,2345.439,4465
2024-05-09 22:00:00,2346.034,2347.32,2344.919,2346.032,1880
2024-05-09 23:00:00,2346.034,2348.325,2345.851,2346.524,2528
2024-05-10 00:00:00,2346.557,2349.048,2345.924,2347.564,3839
2024-05-10 01:00:00,2347.612,2355.814,2347.352,2350.351,9656
2024-05-10 02:00:00,2350.298,2351.823,2347.114,2349.436,5513
2024-05-10 03:00:00,2349.434,2354.065,2349.065,2353.325,4544
2024-05-10 04:00:00,2353.375,2354.517,2351.171,2353.912,3292
2024-05-10 05:00:00,2353.908,2358.77,2353.679,2357.131,5517
2024-05-10 06:00:00,2357.061,2369.044,2356.004,2368.397,8371
2024-05-10 07:00:00,2368.356,2370.382,2364.697,2366.7,7240
2024-05-10 08:00:00,2366.733,2372.199,2365.834,2369.525,5978
2024-05-10 09:00:00,2369.571,2375.446,2369.571,2372.469,6402
2024-05-10 10:00:00,2372.481,2378.476,2371.591,2374.721,5757
2024-05-10 11:00:00,2374.718,2375.707,2371.053,2372.126,5966
2024-05-10 12:00:00,2372.132,2375.766,2361.635,2364.832,11523
2024-05-10 13:00:00,2364.846,2372.069,2360.114,2367.766,15223
2024-05-10 14:00:00,2367.715,2373.003,2357.768,2360.607,15135
2024-05-10 15:00:00,2360.575,2366.355,2356.566,2364.804,9274
2024-05-10 16:00:00,2364.779,2369.961,2361.647,2368.235,6416
2024-05-10 17:00:00,2368.283,2370.056,2366.813,2369.555,5714
2024-05-10 18:00:00,2369.615,2370.961,2366.581,2367.318,3984
2024-05-10 19:00:00,2367.276,2367.482,2362.179,2363.31,4498
2024-05-10 20:00:00,2363.368,2365.048,2359.697,2360.449,2978
2024-05-12 22:00:00,2361.401,2363.087,2360.036,2361.523,2606
2024-05-12 23:00:00,2361.514,2362.573,2359.716,2360.407,2700
2024-05-13 00:00:00,2360.447,2364.488,2359.868,2364.007,3729
2024-05-13 01:00:00,2363.983,2364.124,2354.778,2359.135,7394
2024-05-13 02:00:00,2359.146,2359.854,2357.608,2358.944,4573
2024-05-13 03:00:00,2358.991,2359.336,2356.228,2357.071,4064
2024-05-13 04:00:00,2357.012,2357.043,2354.01,2354.307,3301
2024-05-13 05:00:00,2354.277,2355.06,2351.154,2352.537,4478
2024-05-13 06:00:00,2352.597,2354.409,2347.376,2349.579,5972
2024-05-13 07:00:00,2349.57,2351.298,2346.425,2348.571,5205
2024-05-13 08:00:00,2348.522,2350.343,2341.642,2343.232,5763
2024-05-13 09:00:00,2343.302,2344.347,2339.029,2340.112,5373
2024-05-13 10:00:00,2340.065,2344.059,2339.244,2343.272,5196
2024-05-13 11:00:00,2343.224,2346.659,2338.364,2344.548,6912
2024-05-13 12:00:00,2344.469,2349.777,2343.6,2347.072,9549
2024-05-13 13:00:00,2347.008,2349.354,2340.324,2344.074,11262
2024-05-13 14:00:00,2344.028,2345.968,2340.735,2343.623,11402
2024-05-13 15:00:00,2343.68,2343.68,2332.065,2335.866,11109
2024-05-13 16:00:00,2335.884,2337.785,2334.638,2336.634,5978
2024-05-13 17:00:00,2336.679,2338.163,2334.424,2335.977,4889
2024-05-13 18:00:00,2335.997,2337.897,2335.745,2337.29,3841
2024-05-13 19:00:00,2337.273,2338.49,2335.837,2337.333,3501
2024-05-13 20:00:00,2337.375,2337.518,2335.222,2335.949,2025
2024-05-13 22:00:00,2336.444,2338.254,2336.32,2337.377,1371
2024-05-13 23:00:00,2337.384,2339.302,2337.303,2338.408,2171
2024-05-14 00:00:00,2338.39,2339.618,2334.734,2336.401,3330
2024-05-14 01:00:00,2336.35,2342.08,2336.35,2341.94,5653
2024-05-14 02:00:00,2341.974,2344.422,2340.094,2340.433,4814
2024-05-14 03:00:00,2340.467,2343.575,2339.971,2343.059,3627
2024-05-14 04:00:00,2343.077,2344.826,2342.514,2343.974,3073
2024-05-14 05:00:00,2344.012,2345.924,2342.626,2344.736,4631
2024-05-14 06:00:00,2344.679,2345.207,2336.854,2338.165,5976
2024-05-14 07:00:00,2338.113,2339.732,2336.081,2339.151,4909
2024-05-14 08:00:00,2339.111,2343.919,2337.728,2343.743,4960
2024-05-14 09:00:00,2343.742,2348.205,2343.65,2345.844,5293
2024-05-14 10:00:00,2345.841,2347.526,2342.619,2345.632,4825
2024-05-14 11:00:00,2345.613,2346.262,2342.402,2343.587,4687
2024-05-14 12:00:00,2343.615,2350.241,2336.515,2348.244,13094
2024-05-14 13:00:00,2348.285,2355.172,2344.857,2353.863,13874
2024-05-14 14:00:00,2353.81,2357.088,2348.034,2353.057,14082
2024-05-14 15:00:00,2353.019,2353.888,2347.199,2347.925,8328
2024-05-14 16:00:00,2347.881,2355.55,2346.291,2354.188,7218
2024-05-14 17:00:00,2354.144,2356.563,2351.969,2355.842,5025
2024-05-14 18:00:00,2355.796,2359.593,2355.656,2357.626,4162
2024-05-14 19:00:00,2357.628,2357.956,2354.978,2356.486,4152
2024-05-14 20:00:00,2356.521,2358.383,2356.049,2358.247,2143
2024-05-14 22:00:00,2357.052,2357.746,2356.037,2357.311,1495
2024-05-14 23:00:00,2357.241,2357.529,2355.047,2355.774,2401
2024-05-15 00:00:00,2355.77,2356.866,2354.84,2355.808,3307
2024-05-15 01:00:00,2355.823,2358.991,2354.873,2357.452,5377
2024-05-15 02:00:00,2357.507,2359.102,2356.572,2358.592,3995
2024-05-15 03:00:00,2358.58,2360.989,2357.706,2360.273,3914
2024-05-15 04:00:00,2360.296,2360.856,2356.128,2356.955,3757
2024-05-15 05:00:00,2356.944,2359.055,2355.686,2358.526,4149
2024-05-15 06:00:00,2358.528,2359.679,2356.801,2358.721,5227
2024-05-15 07:00:00,2358.717,2365.2,2358.416,2362.411,5636
2024-05-15 08:00:00,2362.434,2374.313,2362.385,2373.073,6595
2024-05-15 09:00:00,2373.129,2374.258,2368.188,2369.22,5203
2024-05-15 10:00:00,2369.268,2370.845,2365.226,2365.879,4535
2024-05-15 11:00:00,2365.836,2366.815,2362.006,2362.742,5178
2024-05-15 12:00:00,2362.743,2378.947,2358.359,2372.62,19916
2024-05-15 13:00:00,2372.582,2375.45,2351.746,2358.105,20945
2024-05-15 14:00:00,2358.051,2373.765,2353.776,2373.765,14439
2024-05-15 15:00:00,2373.768,2385.715,2372.974,2377.551,12662
2024-05-15 16:00:00,2377.591,2386.769,2377.066,2383.685,8573
2024-05-15 17:00:00,2383.72,2390.295,2383.457,2389.207,6547
2024-05-15 18:00:00,2389.204,2389.378,2383.561,2385.399,5097
2024-05-15 19:00:00,2385.342,2387.45,2383.81,2386.313,4669
2024-05-15 20:00:00,2386.283,2388.664,2385.866,2386.45,3303
2024-05-15 22:00:00,2385.385,2389.427,2385.385,2388.763,2246
2024-05-15 23:00:00,2388.706,2391.91,2388.573,2391.769,3797
2024-05-16 00:00:00,2391.764,2395.069,2390.211,2394.91,5013
2024-05-16 01:00:00,2394.907,2397.343,2389.549,2391.55,8784
2024-05-16 02:00:00,2391.52,2391.825,2386.542,2387.545,7294
2024-05-16 03:00:00,2387.495,2390.726,2386.579,2388.637,4771
2024-05-16 04:00:00,2388.684,2392.148,2387.04,2391.261,4105
2024-05-16 05:00:00,2391.277,2394.502,2390.112,2390.174,5083
2024-05-16 06:00:00,2390.211,2390.412,2386.418,2387.093,5849
2024-05-16 07:00:00,2387.131,2391.19,2384.597,2389.337,6253
2024-05-16 08:00:00,2389.313,2391.345,2385.324,2386.077,5447
2024-05-16 09:00:00,2386.034,2387.743,2383.587,2385.362,5036
2024-05-16 10:00:00,2385.364,2385.676,2380.835,2384.786,4685
2024-05-16 11:00:00,2384.833,2386.56,2381.484,2384.624,5147
2024-05-16 12:00:00,2384.667,2386.328,2377.809,2379.175,12221
2024-05-16 13:00:00,2379.123,2382.172,2371.618,2375.157,17550
2024-05-16 14:00:00,2375.101,2379.065,2370.885,2373.32,10215
2024-05-16 15:00:00,2373.332,2382.336,2373.097,2381.511,7060
2024-05-16 16:00:00,2381.564,2383.742,2379.137,2381.903,6083
2024-05-16 17:00:00,2381.94,2382.449,2379.822,2381.411,4624
2024-05-16 18:00:00,2381.378,2381.994,2378.347,2379.659,4112
2024-05-16 19:00:00,2379.643,2381.759,2377.704,2378.109,3954
2024-05-16 20:00:00,2378.15,2378.4,2375.84,2376.607,2508
2024-05-16 22:00:00,2377.55,2379.172,2377.281,2378.18,1714
2024-05-16 23:00:00,2378.219,2379.661,2377.726,2377.726,2162
2024-05-17 00:00:00,2377.722,2379.676,2377.469,2377.984,3646
2024-05-17 01:00:00,2377.997,2378.823,2376.078,2378.157,4927
2024-05-17 02:00:00,2378.203,2381.223,2373.934,2375.205,5068
2024-05-17 03:00:00,2375.238,2377.823,2374.664,2377.805,3642
2024-05-17 04:00:00,2377.867,2379.102,2376.566,2378.799,2857
2024-05-17 05:00:00,2378.81,2382.385,2378.508,2381.324,4892
2024-05-17 06:00:00,2381.282,2386.69,2380.853,2385.95,5453
2024-05-17 07:00:00,2386.009,2387.766,2382.828,2383.813,5408
2024-05-17 08:00:00,2383.872,2385.68,2381.296,2384.185,5190
2024-05-17 09:00:00,2384.173,2386.535,2381.601,2382.507,4419
2024-05-17 10:00:00,2382.464,2387.547,2381.782,2387.328,4450
2024-05-17 11:00:00,2387.376,2390.14,2385.74,2389.682,4799
2024-05-17 12:00:00,2389.644,2393.99,2386.798,2393.217,7597
2024-05-17 13:00:00,2393.263,2405.142,2393.263,2401.648,16924
2024-05-17 14:00:00,2401.603,2415.501,2398.766,2413.376,14398
2024-05-17 15:00:00,2413.337,2419.174,2403.539,2407.708,13042
2024-05-17 16:00:00,2407.739,2414.145,2407.647,2407.812,7425
2024-05-17 17:00:00,2407.779,2414.391,2405.734,2414.224,6690
2024-05-17 18:00:00,2414.256,2419.18,2413.29,2417.388,5435
2024-05-17 19:00:00,2417.353,2417.796,2411.48,2416.402,6117
2024-05-17 20:00:00,2416.451,2422.741,2413.42,2413.939,5397
2024-05-19 22:00:00,2425.202,2425.202,2416.739,2417.733,5570
2024-05-19 23:00:00,2417.755,2420.565,2417.121,2420.193,4668
2024-05-20 00:00:00,2420.204,2426.554,2416.47,2425.322,6476
2024-05-20 01:00:00,2425.32,2440.665,2425.32,2434.518,19409
2024-05-20 02:00:00,2434.574,2437.084,2428.772,2434.01,8435
2024-05-20 03:00:00,2433.964,2438.928,2430.9,2437.543,6846
2024-05-20 04:00:00,2437.543,2439.645,2435.147,2437.283,4928
2024-05-20 05:00:00,2437.297,2450.026,2436.933,2449.525,9126
2024-05-20 06:00:00,2449.561,2449.695,2431.764,2438.676,13513
2024-05-20 07:00:00,2438.674,2443.732,2435.491,2442.196,9167
2024-05-20 08:00:00,2442.238,2443.63,2436.817,2440.09,6657
2024-05-20 09:00:00,2440.049,2447.193,2438.681,2441.605,7271
2024-05-20 10:00:00,2441.661,2442.992,2434.558,2436.247,6436
2024-05-20 11:00:00,2436.279,2437.167,2427.592,2430.606,9358
2024-05-20 12:00:00,2430.57,2430.898,2407.278,2413.868,20889
2024-05-20 13:00:00,2413.792,2422.659,2410.358,2420.147,21737
2024-05-20 14:00:00,2420.193,2423.699,2414.744,2422.959,12292
2024-05-20 15:00:00,2423.031,2426.956,2419.375,2424.838,9925
2024-05-20 16:00:00,2424.808,2428.066,2422.471,2426.513,6449
2024-05-20 17:00:00,2426.533,2436.745,2425.639,2435.226,6734
2024-05-20 18:00:00,2435.31,2437.381,2431.851,2435.167,6263
2024-05-20 19:00:00,2435.218,2435.296,2426.054,2426.734,6472
2024-05-20 20:00:00,2426.783,2427.977,2423.28,2425.263,4645
2024-05-20 22:00:00,2427.372,2430.347,2426.17,2427.105,2290
2024-05-20 23:00:00,2427.196,2428.584,2425.104,2426.133,2990
2024-05-21 00:00:00,2426.135,2429.917,2424.297,2428.91,4591
2024-05-21 01:00:00,2428.914,2433.081,2419.528,2420.464,14367
2024-05-21 02:00:00,2420.407,2422.674,2411.413,2413.915,13593
2024-05-21 03:00:00,2413.893,2417.199,2406.058,2413.695,8146
2024-05-21 04:00:00,2413.675,2415.933,2410.597,2412.347,4998
2024-05-21 05:00:00,2412.343,2418.016,2412.085,2416.516,5829
2024-05-21 06:00:00,2416.561,2417.379,2409.583,2410.632,8077
2024-05-21 07:00:00,2410.596,2422.172,2408.497,2419.208,8432
2024-05-21 08:00:00,2419.266,2419.957,2414.322,2418.693,6649
2024-05-21 09:00:00,2418.644,2420.193,2412.111,2416.326,6440
2024-05-21 10:00:00,2416.304,2420.059,2414.79,2419.808,5300
2024-05-21 11:00:00,2419.738,2423.734,2417.301,2423.39,5694
2024-05-21 12:00:00,2423.406,2429.99,2422.343,2426.204,8719
2024-05-21 13:00:00,2426.255,2431.503,2420.423,2427.742,18345
2024-05-21 14:00:00,2427.75,2431.713,2425.312,2429.446,11201
2024-05-21 15:00:00,2429.497,2433.944,2420.009,2423.354,11916
2024-05-21 16:00:00,2423.311,2423.68,2417.958,2422.839,8688
2024-05-21 17:00:00,2422.891,2423.771,2418.499,2419.971,5932
2024-05-21 18:00:00,2419.921,2420.568,2417.294,2420.285,4521
2024-05-21 19:00:00,2420.342,2425.001,2419.886,2423.317,4136
2024-05-21 20:00:00,2423.306,2423.461,2420.325,2420.747,2389
2024-05-21 22:00:00,2420.73,2422.054,2420.591,2421.764,1525
2024-05-21 23:00:00,2421.773,2422.165,2421.21,2421.654,2305
2024-05-22 00:00:00,2421.659,2423.173,2420.297,2420.466,3444
2024-05-22 01:00:00,2420.509,2423.356,2419.289,2421.903,6438
2024-05-22 02:00:00,2421.95,2426.533,2415.853,2417.774,6447
2024-05-22 03:00:00,2417.724,2419.502,2412.532,2414.163,5948
2024-05-22 04:00:00,2414.164,2416.164,2412.03,2412.879,4242
2024-05-22 05:00:00,2412.848,2417.364,2411.368,2417.097,6070
2024-05-22 06:00:00,2417.051,2418.022,2413.72,2417.041,6144
2024-05-22 07:00:00,2416.99,2418.53,2412.269,2417.232,6209
2024-05-22 08:00:00,2417.199,2417.505,2410.583,2416.827,6139
2024-05-22 09:00:00,2416.852,2418.018,2414.341,2417.203,5285
2024-05-22 10:00:00,2417.251,2419.395,2414.221,2414.711,4601
2024-05-22 11:00:00,2414.673,2415.27,2404.686,2408.671,7991
2024-05-22 12:00:00,2408.71,2415.039,2408.71,2412.421,9669
2024-05-22 13:00:00,2412.374,2413.311,2405.811,2411.529,13164
2024-05-22 14:00:00,2411.499,2411.499,2382.132,2388.565,24152
2024-05-22 15:00:00,2388.501,2395.325,2386.537,2391.966,11742
2024-05-22 16:00:00,2391.922,2394.988,2389.416,2391.985,7439
2024-05-22 17:00:00,2391.992,2394.312,2386.737,2388.65,7105
2024-05-22 18:00:00,2388.482,2390.736,2374.942,2377.761,11868
2024-05-22 19:00:00,2377.726,2380.069,2376.822,2379.306,6477
2024-05-22 20:00:00,2379.266,2380.567,2377.308,2378.556,4051
2024-05-22 22:00:00,2378.371,2381.045,2378.185,2380.519,2312
2024-05-22 23:00:00,2380.561,2382.709,2380.099,2382.124,3001
2024-05-23 00:00:00,2382.156,2383.692,2378.83,2380.315,4524
2024-05-23 01:00:00,2380.317,2381.849,2366.73,2372.943,13976
2024-05-23 02:00:00,2372.914,2375.689,2368.155,2369.527,7138
2024-05-23 03:00:00,2369.48,2372.875,2367.838,2372.438,4762
2024-05-23 04:00:00,2372.424,2373.985,2371.433,2372.739,4075
2024-05-23 05:00:00,2372.792,2373.103,2358.258,2360.013,8377
2024-05-23 06:00:00,2360.045,2367.232,2354.913,2364.276,9201
2024-05-23 07:00:00,2364.218,2364.727,2355.119,2356.114,9099
2024-05-23 08:00:00,2356.058,2361.825,2355.086,2360.517,7073
2024-05-23 09:00:00,2360.466,2364.277,2358.795,2364.022,6170
2024-05-23 10:00:00,2364.069,2367.688,2363.515,2366.295,5460
2024-05-23 11:00:00,2366.309,2369.42,2365.593,2368.04,5916
2024-05-23 12:00:00,2368.002,2369.298,2360.688,2362.636,9707
2024-05-23 13:00:00,2362.685,2369.862,2350.618,2358.611,20192
2024-05-23 14:00:00,2358.563,2363.87,2341.46,2345.888,25414
2024-05-23 15:00:00,2345.896,2349.864,2340.313,2346.081,12486
2024-05-23 16:00:00,2346.044,2350.143,2339.963,2340.898,8181
2024-05-23 17:00:00,2340.92,2343.049,2331.825,2332.236,9628
2024-05-23 18:00:00,2332.184,2336.334,2331.729,2334.757,7124
2024-05-23 19:00:00,2334.723,2334.845,2330.908,2331.58,5086
2024-05-23 20:00:00,2331.622,2332.736,2326.865,2328.366,3605
2024-05-23 22:00:00,2328.61,2331.896,2328.435,2330.815,1925
2024-05-23 23:00:00,2330.82,2333.613,2330.439,2332.012,2908
2024-05-24 00:00:00,2332.015,2332.347,2327.418,2329.074,4155
2024-05-24 01:00:00,2329.023,2335.157,2326.569,2333.781,7914
2024-05-24 02:00:00,2333.819,2334.473,2325.351,2330.732,8018
2024-05-24 03:00:00,2330.719,2331.581,2328.452,2330.601,4438
2024-05-24 04:00:00,2330.587,2335.142,2330.415,2335.025,4058
2024-05-24 05:00:00,2334.976,2339.265,2333.18,2338.488,5304
2024-05-24 06:00:00,2338.48,2339.529,2335.276,2338.746,6323
2024-05-24 07:00:00,2338.702,2340.569,2336.903,2337.731,5463
2024-05-24 08:00:00,2337.686,2341.021,2336.032,2340.148,5368
2024-05-24 09:00:00,2340.137,2343.298,2337.44,2337.575,5193
2024-05-24 10:00:00,2337.58,2343.922,2336.945,2340.249,5343
2024-05-24 11:00:00,2340.295,2342.035,2337.733,2338.175,4981
2024-05-24 12:00:00,2338.175,2340.786,2335.738,2339.251,7832
2024-05-24 13:00:00,2339.198,2347.385,2336.789,2337.32,10047
2024-05-24 14:00:00,2337.229,2343.192,2335.407,2338.332,9804
2024-05-24 15:00:00,2338.39,2340.213,2332.345,2334.49,7799
2024-05-24 16:00:00,2334.523,2336.968,2332.786,2334.27,5442
2024-05-24 17:00:00,2334.244,2334.531,2331.89,2332.695,4740
2024-05-24 18:00:00,2332.671,2336.728,2332.488,2334.845,4061
2024-05-24 19:00:00,2334.848,2334.848,2331.792,2333.766,3776
2024-05-24 20:00:00,2333.803,2335.165,2333.309,2333.782,2365
2024-05-26 22:00:00,2335.785,2340.598,2332.184,2340.186,3740
2024-05-26 23:00:00,2340.165,2340.683,2336.56,2337.175,3038
2024-05-27 00:00:00,2337.188,2337.447,2334.36,2336.195,3738
2024-05-27 01:00:00,2336.151,2340.299,2334.546,2339.678,5831
2024-05-27 02:00:00,2339.673,2346.392,2338.72,2346.064,4736
2024-05-27 03:00:00,2346.059,2347.609,2343.571,2345.976,4783
2024-05-27 04:00:00,2345.973,2346.018,2340.988,2342.918,3678
2024-05-27 05:00:00,2342.913,2344.199,2340.31,2343.664,4611
2024-05-27 06:00:00,2343.618,2344.583,2341.237,2341.41,5366
2024-05-27 07:00:00,2341.425,2341.572,2338.11,2338.561,4465
2024-05-27 08:00:00,2338.606,2346.156,2338.157,2344.207,5414
2024-05-27 09:00:00,2344.233,2345.786,2342.979,2343.288,3886
2024-05-27 10:00:00,2343.336,2345.794,2342.398,2344.896,4064
2024-05-27 11:00:00,2344.897,2346.015,2343.155,2345.031,4880
2024-05-27 12:00:00,2345.076,2349.816,2343.675,2347.111,6982
2024-05-27 13:00:00,2347.133,2357.002,2344.619,2354.892,10850
2024-05-27 14:00:00,2354.937,2358.449,2354.079,2354.294,7180
2024-05-27 15:00:00,2354.273,2356.813,2352.18,2352.446,5762
2024-05-27 16:00:00,2352.398,2355.595,2352.118,2354.913,4169
2024-05-27 17:00:00,2354.922,2355.046,2353.406,2353.899,829
2024-05-27 22:00:00,2352.085,2353.654,2351.319,2351.916,1577
2024-05-27 23:00:00,2352.0,2352.782,2351.05,2352.371,2496
2024-05-28 00:00:00,2352.411,2353.541,2351.194,2351.763,3831
2024-05-28 01:00:00,2351.751,2356.32,2349.143,2354.744,7779
2024-05-28 02:00:00,2354.719,2355.836,2351.523,2354.137,4917
2024-05-28 03:00:00,2354.131,2354.509,2350.087,2350.858,4749
2024-05-28 04:00:00,2350.825,2352.047,2350.407,2350.988,3475
2024-05-28 05:00:00,2350.985,2353.668,2349.584,2350.401,4755
2024-05-28 06:00:00,2350.368,2350.368,2341.293,2341.794,9459
2024-05-28 07:00:00,2341.739,2344.932,2341.684,2344.008,6138
2024-05-28 08:00:00,2343.974,2345.018,2340.234,2344.818,5966
2024-05-28 09:00:00,2344.761,2345.135,2342.271,2343.824,4594
2024-05-28 10:00:00,2343.802,2346.273,2343.134,2345.622,4317
2024-05-28 11:00:00,2345.668,2348.447,2343.549,2347.396,4926
2024-05-28 12:00:00,2347.369,2357.078,2345.862,2353.182,9412
2024-05-28 13:00:00,2353.128,2364.077,2352.2,2354.961,16698
2024-05-28 14:00:00,2354.887,2356.832,2347.935,2355.308,13622
2024-05-28 15:00:00,2355.35,2362.123,2352.996,2360.203,9398
2024-05-28 16:00:00,2360.272,2362.191,2355.236,2356.697,6881
2024-05-28 17:00:00,2356.696,2360.022,2353.064,2356.867,7371
2024-05-28 18:00:00,2356.83,2357.755,2352.735,2357.041,5124
2024-05-28 19:00:00,2357.069,2360.192,2355.745,2358.154,4506
2024-05-28 20:00:00,2358.137,2361.24,2357.805,2361.24,3184
2024-05-28 22:00:00,2362.287,2362.287,2357.901,2358.957,1947
2024-05-28 23:00:00,2358.989,2360.82,2358.105,2359.685,3014
2024-05-29 00:00:00,2359.648,2361.036,2357.329,2357.894,3587
2024-05-29 01:00:00,2357.896,2359.448,2355.612,2356.463,6508
2024-05-29 02:00:00,2356.417,2360.852,2354.382,2355.663,5377
2024-05-29 03:00:00,2355.643,2359.085,2355.203,2358.124,5016
2024-05-29 04:00:00,2358.137,2358.972,2356.865,2358.269,3293
2024-05-29 05:00:00,2358.313,2361.325,2356.45,2356.801,6279
2024-05-29 06:00:00,2356.761,2356.761,2351.064,2355.765,6789
2024-05-29 07:00:00,2355.714,2356.151,2349.999,2350.471,5675
2024-05-29 08:00:00,2350.537,2351.728,2344.878,2345.538,6932
2024-05-29 09:00:00,2345.533,2346.149,2340.774,2345.681,6347
2024-05-29 10:00:00,2345.666,2347.196,2343.048,2346.391,4873
2024-05-29 11:00:00,2346.357,2346.962,2338.431,2341.666,5745
2024-05-29 12:00:00,2341.658,2343.766,2334.498,2337.77,8514
2024-05-29 13:00:00,2337.713,2347.214,2335.836,2345.612,13142
2024-05-29 14:00:00,2345.645,2346.467,2341.433,2343.432,9211
2024-05-29 15:00:00,2343.474,2343.715,2336.731,2339.149,7085
2024-05-29 16:00:00,2339.141,2341.923,2336.008,2341.923,5361
2024-05-29 17:00:00,2341.861,2344.262,2339.318,2343.605,5010
2024-05-29 18:00:00,2343.614,2344.289,2337.918,2338.201,4101
2024-05-29 19:00:00,2338.246,2339.285,2336.317,2336.745,4024
2024-05-29 20:00:00,2336.774,2338.695,2335.842,2338.409,3195
2024-05-29 22:00:00,2337.919,2338.879,2337.048,2337.508,1996
2024-05-29 23:00:00,2337.51,2338.996,2337.37,2338.364,2864
2024-05-30 00:00:00,2338.378,2338.378,2333.946,2336.861,4695
2024-05-30 01:00:00,2336.917,2339.852,2332.812,2334.079,7886
2024-05-30 02:00:00,2334.029,2336.547,2328.012,2330.866,7963
2024-05-30 03:00:00,2330.82,2335.071,2329.149,2334.311,6134
2024-05-30 04:00:00,2334.264,2337.093,2334.028,2335.266,4443
2024-05-30 05:00:00,2335.23,2335.783,2322.549,2324.927,8148
2024-05-30 06:00:00,2324.91,2333.031,2323.926,2332.811,7633
2024-05-30 07:00:00,2332.77,2337.698,2332.232,2334.342,6770
2024-05-30 08:00:00,2334.371,2335.758,2331.805,2334.993,6377
2024-05-30 09:00:00,2335.049,2337.979,2331.61,2333.107,6226
2024-05-30 10:00:00,2333.162,2340.935,2330.557,2340.603,5467
2024-05-30 11:00:00,2340.53,2340.603,2335.243,2335.826,6370
2024-05-30 12:00:00,2335.801,2345.232,2331.929,2341.354,13203
2024-05-30 13:00:00,2341.303,2348.628,2339.762,2348.628,14760
2024-05-30 14:00:00,2348.677,2351.847,2342.715,2344.067,12848
2024-05-30 15:00:00,2344.075,2345.744,2341.735,2343.804,8146
2024-05-30 16:00:00,2343.837,2348.001,2340.859,2347.835,5981
2024-05-30 17:00:00,2347.83,2348.806,2342.84,2344.401,5161
2024-05-30 18:00:00,2344.396,2344.547,2341.192,2342.603,4512
2024-05-30 19:00:00,2342.553,2342.566,2339.831,2341.567,4527
2024-05-30 20:00:00,2341.513,2343.54,2341.44,2343.147,2645
2024-05-30 22:00:00,2343.994,2344.572,2341.893,2343.896,2592
2024-05-30 23:00:00,2343.914,2346.375,2343.115,2343.907,3153
2024-05-31 00:00:00,2343.921,2347.515,2342.523,2346.319,4106
2024-05-31 01:00:00,2346.366,2347.628,2343.095,2346.55,7190
2024-05-31 02:00:00,2346.547,2347.687,2342.284,2342.508,5105
2024-05-31 03:00:00,2342.544,2343.697,2336.937,2343.697,6202
2024-05-31 04:00:00,2343.668,2345.545,2340.963,2344.002,4466
2024-05-31 05:00:00,2344.011,2344.837,2341.682,2342.36,5012
2024-05-31 06:00:00,2342.302,2347.059,2341.924,2345.851,5388
2024-05-31 07:00:00,2345.807,2345.807,2339.896,2340.364,5436
2024-05-31 08:00:00,2340.34,2343.851,2339.684,2343.209,5084
2024-05-31 09:00:00,2343.206,2344.435,2340.983,2342.075,4808
2024-05-31 10:00:00,2342.033,2344.493,2341.524,2343.982,4110
2024-05-31 11:00:00,2343.982,2344.922,2342.619,2343.784,4712
2024-05-31 12:00:00,2343.739,2356.779,2342.415,2354.752,11435
2024-05-31 13:00:00,2354.721,2359.695,2343.218,2348.134,14531
2024-05-31 14:00:00,2348.186,2349.029,2334.127,2335.228,17483
2024-05-31 15:00:00,2335.177,2336.131,2327.665,2330.025,15606
2024-05-31 16:00:00,2329.97,2336.693,2329.659,2332.912,8747
2024-05-31 17:00:00,2332.839,2333.744,2323.852,2325.937,9163
2024-05-31 18:00:00,2325.984,2327.187,2322.315,2322.924,5548
2024-05-31 19:00:00,2322.925,2328.242,2320.525,2327.686,6024
2024-05-31 20:00:00,2327.633,2330.551,2326.996,2327.192,4107
2024-06-02 22:00:00,2328.496,2328.774,2323.334,2326.369,3562
2024-06-02 23:00:00,2326.363,2326.795,2324.002,2325.937,3075
2024-06-03 00:00:00,2325.967,2327.465,2323.956,2327.037,4053
2024-06-03 01:00:00,2327.097,2331.11,2326.12,2330.709,6611
2024-06-03 02:00:00,2330.694,2330.944,2325.529,2326.318,4940
2024-06-03 03:00:00,2326.269,2328.149,2320.804,2321.394,5512
2024-06-03 04:00:00,2321.441,2322.499,2319.965,2321.371,3995
2024-06-03 05:00:00,2321.341,2323.689,2315.315,2320.147,6911
2024-06-03 06:00:00,2320.125,2322.794,2314.692,2322.344,7939
2024-06-03 07:00:00,2322.307,2328.845,2322.16,2325.951,6365
2024-06-03 08:00:00,2325.92,2328.498,2324.71,2325.493,5790
2024-06-03 09:00:00,2325.513,2328.716,2324.293,2327.726,4948
2024-06-03 10:00:00,2327.734,2333.311,2326.193,2330.713,5985
2024-06-03 11:00:00,2330.688,2332.385,2328.938,2329.977,5272
2024-06-03 12:00:00,2329.994,2334.346,2325.656,2333.977,7326
2024-06-03 13:00:00,2333.939,2336.696,2329.815,2333.456,11696
2024-06-03 14:00:00,2333.846,2345.664,2333.846,2341.722,16201
2024-06-03 15:00:00,2341.657,2344.215,2335.416,2342.781,9842
2024-06-03 16:00:00,2342.73,2350.258,2341.348,2349.131,7020
2024-06-03 17:00:00,2349.079,2354.73,2346.031,2348.41,7516
2024-06-03 18:00:00,2348.377,2349.44,2346.474,2348.169,5106
2024-06-03 19:00:00,2348.216,2349.027,2344.683,2347.609,4307
2024-06-03 20:00:00,2347.654,2351.098,2346.898,2350.814,2746
2024-06-03 22:00:00,2351.66,2351.811,2349.879,2350.491,1686
2024-06-03 23:00:00,2350.558,2351.12,2349.715,2350.629,2417
2024-06-04 00:00:00,2350.641,2352.798,2350.09,2350.667,3476
2024-06-04 01:00:00,2350.647,2352.312,2343.124,2347.104,6239
2024-06-04 02:00:00,2347.075,2349.583,2345.639,2346.836,4639
2024-06-04 03:00:00,2346.804,2347.006,2344.111,2345.751,4196
2024-06-04 04:00:00,2345.692,2349.859,2345.122,2349.267,3530
2024-06-04 05:00:00,2349.217,2349.576,2347.265,2347.725,4303
2024-06-04 06:00:00,2347.678,2351.777,2344.281,2344.519,6025
2024-06-04 07:00:00,2344.499,2345.127,2339.038,2339.732,6099
2024-06-04 08:00:00,2339.678,2339.785,2332.233,2333.369,8484
2024-06-04 09:00:00,2333.329,2334.186,2326.691,2329.86,8644
2024-06-04 10:00:00,2329.906,2334.812,2328.849,2329.163,6220
2024-06-04 11:00:00,2329.213,2329.794,2325.248,2327.916,6510
2024-06-04 12:00:00,2327.877,2335.958,2326.634,2335.082,8558
2024-06-04 13:00:00,2335.109,2337.922,2322.023,2324.33,14166
2024-06-04 14:00:00,2324.644,2332.486,2315.515,2317.62,19201
2024-06-04 15:00:00,2317.651,2328.776,2317.395,2326.065,9745
2024-06-04 16:00:00,2326.071,2329.663,2322.51,2323.861,7018
2024-06-04 17:00:00,2323.91,2330.32,2323.696,2328.753,6163
2024-06-04 18:00:00,2328.7,2329.74,2326.021,2328.24,4677
2024-06-04 19:00:00,2328.199,2328.352,2325.99,2327.312,3957
2024-06-04 20:00:00,2327.355,2327.659,2325.98,2327.058,2371
2024-06-04 22:00:00,2327.611,2328.12,2327.256,2327.563,1281
2024-06-04 23:00:00,2327.563,2328.897,2327.554,2328.785,2128
2024-06-05 00:00:00,2328.791,2329.659,2327.716,2328.182,3359
2024-06-05 01:00:00,2328.182,2330.91,2325.857,2330.448,5038
2024-06-05 02:00:00,2330.482,2333.516,2329.875,2333.31,4484
2024-06-05 03:00:00,2333.266,2337.922,2332.954,2337.121,4462
2024-06-05 04:00:00,2337.172,2338.216,2335.822,2337.964,3427
2024-06-05 05:00:00,2337.958,2341.666,2337.311,2337.311,4959
2024-06-05 06:00:00,2337.312,2338.379,2328.058,2332.702,6532
2024-06-05 07:00:00,2332.716,2333.694,2329.094,2331.588,5667
2024-06-05 08:00:00,2331.581,2335.083,2331.301,2332.536,5147
2024-06-05 09:00:00,2332.593,2333.919,2330.974,2332.304,5222
2024-06-05 10:00:00,2332.245,2335.527,2329.465,2333.75,5596
2024-06-05 11:00:00,2333.698,2335.484,2331.043,2332.513,4987
2024-06-05 12:00:00,2332.572,2344.049,2332.177,2342.112,10033
2024-06-05 13:00:00,2342.06,2345.93,2338.157,2345.755,12495
2024-06-05 14:00:00,2345.708,2350.269,2334.029,2348.88,18875
2024-06-05 15:00:00,2348.936,2357.389,2348.936,2353.649,10165
2024-06-05 16:00:00,2353.643,2354.971,2351.37,2352.542,6183
2024-06-05 17:00:00,2352.593,2355.716,2351.668,2355.029,4878
2024-06-05 18:00:00,2354.988,2356.738,2353.422,2355.767,4285
2024-06-05 19:00:00,2355.739,2356.071,2352.628,2353.928,4033
2024-06-05 20:00:00,2353.971,2355.221,2352.769,2355.147,2664
2024-06-05 22:00:00,2356.891,2356.891,2354.888,2356.609,1842
2024-06-05 23:00:00,2356.598,2357.23,2354.755,2355.011,2240
2024-06-06 00:00:00,2355.01,2355.983,2354.49,2355.737,2904
2024-06-06 01:00:00,2355.686,2373.322,2355.546,2367.466,10968
2024-06-06 02:00:00,2367.409,2374.652,2365.092,2374.322,6727
2024-06-06 03:00:00,2374.348,2374.965,2367.587,2368.445,5012
2024-06-06 04:00:00,2368.448,2370.566,2366.816,2369.38,3596
2024-06-06 05:00:00,2369.377,2371.395,2366.322,2367.7,4597
2024-06-06 06:00:00,2367.72,2367.955,2363.113,2367.05,5189
2024-06-06 07:00:00,2367.005,2368.391,2362.153,2362.906,5052
2024-06-06 08:00:00,2362.899,2363.179,2359.774,2362.862,4635
2024-06-06 09:00:00,2362.903,2363.888,2358.513,2361.552,4536
2024-06-06 10:00:00,2361.554,2361.924,2359.431,2361.014,3855
2024-06-06 11:00:00,2361.066,2361.965,2359.127,2359.76,4105
2024-06-06 12:00:00,2359.739,2365.181,2355.184,2357.532,10881
2024-06-06 13:00:00,2357.584,2366.991,2353.361,2360.62,16884
2024-06-06 14:00:00,2360.62,2366.317,2358.393,2364.193,10323
2024-06-06 15:00:00,2364.16,2378.508,2364.064,2374.226,9880
2024-06-06 16:00:00,2374.209,2376.908,2370.301,2372.854,7930
2024-06-06 17:00:00,2372.882,2373.996,2370.637,2373.075,5372
2024-06-06 18:00:00,2373.085,2373.65,2368.979,2372.057,4787
2024-06-06 19:00:00,2372.037,2375.452,2371.177,2372.497,4304
2024-06-06 20:00:00,2372.472,2376.102,2372.285,2375.754,2807
2024-06-06 22:00:00,2376.653,2377.131,2375.592,2376.945,1596
2024-06-06 23:00:00,2376.948,2378.125,2376.238,2376.73,2156
2024-06-07 00:00:00,2376.735,2379.242,2376.015,2378.418,3866
2024-06-07 01:00:00,2378.46,2379.967,2370.145,2370.927,7132
2024-06-07 02:00:00,2370.958,2378.226,2369.377,2376.536,6040
2024-06-07 03:00:00,2376.572,2381.969,2375.132,2380.121,4729
2024-06-07 04:00:00,2380.075,2387.495,2379.222,2386.549,4180
2024-06-07 05:00:00,2386.571,2387.702,2375.014,2375.938,7157
2024-06-07 06:00:00,2375.904,2377.754,2372.842,2375.404,6510
2024-06-07 07:00:00,2375.369,2379.284,2372.742,2373.584,5366
2024-06-07 08:00:00,2373.536,2373.934,2342.536,2347.262,18372
2024-06-07 09:00:00,2347.308,2347.946,2337.372,2339.276,9339
2024-06-07 10:00:00,2339.262,2339.262,2331.939,2333.613,7240
2024-06-07 11:00:00,2333.572,2339.308,2330.868,2336.498,8179
2024-06-07 12:00:00,2336.489,2339.313,2313.173,2319.268,23238
2024-06-07 13:00:00,2319.215,2328.04,2304.995,2309.403,21881
2024-06-07 14:00:00,2309.454,2321.109,2307.52,2313.248,16397
2024-06-07 15:00:00,2313.217,2315.498,2304.449,2304.957,11536
2024-06-07 16:00:00,2305.019,2314.485,2302.937,2311.573,9282
2024-06-07 17:00:00,2311.624,2312.331,2303.685,2305.475,7146
2024-06-07 18:00:00,2305.513,2307.119,2299.898,2301.41,6036
2024-06-07 19:00:00,2301.436,2301.443,2287.536,2288.334,7928
2024-06-07 20:00:00,2288.29,2294.327,2286.723,2293.798,5435
2024-06-09 22:00:00,2290.431,2298.434,2290.377,2297.428,3685
2024-06-09 23:00:00,2297.38,2300.041,2296.436,2298.479,3470
2024-06-10 00:00:00,2298.529,2299.847,2294.137,2296.991,4220
2024-06-10 01:00:00,2296.947,2297.97,2293.904,2297.629,4182
2024-06-10 02:00:00,2297.581,2301.403,2295.496,2296.22,5042
2024-06-10 03:00:00,2296.255,2297.727,2294.799,2295.329,3881
2024-06-10 04:00:00,2295.287,2295.768,2292.701,2294.788,4102
2024-06-10 05:00:00,2294.797,2297.247,2292.13,2295.65,4852
2024-06-10 06:00:00,2295.698,2296.546,2287.7,2291.199,6767
2024-06-10 07:00:00,2291.245,2297.246,2290.426,2296.475,6816
2024-06-10 08:00:00,2296.523,2297.566,2292.457,2292.627,5685
2024-06-10 09:00:00,2292.602,2297.444,2291.827,2295.304,5200
2024-06-10 10:00:00,2295.329,2298.776,2295.276,2298.438,4984
2024-06-10 11:00:00,2298.482,2305.283,2297.803,2305.044,5936
2024-06-10 12:00:00,2304.993,2308.662,2303.141,2306.1,8105
2024-06-10 13:00:00,2306.143,2307.79,2300.352,2305.567,9048
2024-06-10 14:00:00,2305.611,2307.198,2301.7,2302.695,8512
2024-06-10 15:00:00,2302.742,2308.635,2301.254,2307.3,6575
2024-06-10 16:00:00,2307.348,2313.766,2306.936,2312.918,6502
2024-06-10 17:00:00,2312.954,2313.375,2309.069,2311.83,4899
2024-06-10 18:00:00,2311.816,2312.018,2309.866,2310.879,4016
2024-06-10 19:00:00,2310.907,2312.274,2308.636,2308.733,3925
2024-06-10 20:00:00,2308.786,2310.947,2308.475,2310.782,2313
2024-06-10 22:00:00,2311.889,2312.147,2309.699,2309.741,2191
2024-06-10 23:00:00,2309.756,2310.582,2308.751,2309.93,2314
2024-06-11 00:00:00,2309.925,2311.898,2309.032,2310.866,3271
2024-06-11 01:00:00,2310.812,2310.812,2301.639,2302.838,10224
2024-06-11 02:00:00,2302.805,2303.667,2298.778,2301.869,7417
2024-06-11 03:00:00,2301.835,2304.388,2300.755,2303.733,4486
2024-06-11 04:00:00,2303.686,2303.934,2301.405,2303.571,3320
2024-06-11 05:00:00,2303.521,2304.373,2297.647,2299.568,4723
2024-06-11 06:00:00,2299.664,2304.625,2298.655,2302.071,5226
2024-06-11 07:00:00,2302.024,2305.412,2301.656,2304.485,5293
2024-06-11 08:00:00,2304.517,2307.76,2303.227,2306.019,5464
2024-06-11 09:00:00,2306.004,2307.35,2301.494,2306.419,5340
2024-06-11 10:00:00,2306.45,2308.867,2305.214,2307.829,4810
2024-06-11 11:00:00,2307.871,2308.262,2305.438,2307.644,4954
2024-06-11 12:00:00,2307.607,2319.95,2307.538,2317.959,8449
2024-06-11 13:00:00,2317.973,2319.573,2309.225,2314.715,16256
2024-06-11 14:00:00,2314.66,2317.78,2312.404,2314.709,8940
2024-06-11 15:00:00,2314.758,2315.912,2309.933,2310.121,6964
2024-06-11 16:00:00,2310.171,2312.362,2305.788,2308.472,5889
2024-06-11 17:00:00,2308.518,2313.432,2307.823,2312.702,5738
2024-06-11 18:00:00,2312.732,2315.756,2312.084,2313.808,4253
2024-06-11 19:00:00,2313.757,2315.669,2312.424,2315.31,3874
2024-06-11 20:00:00,2315.35,2316.872,2314.737,2316.639,2485
2024-06-11 22:00:00,2316.526,2317.605,2315.13,2316.864,2064
2024-06-11 23:00:00,2316.908,2317.442,2313.865,2315.071,2830
2024-06-12 00:00:00,2315.056,2315.631,2313.387,2313.797,3007
2024-06-12 01:00:00,2313.795,2315.144,2310.79,2314.418,5706
2024-06-12 02:00:00,2314.435,2315.493,2310.705,2313.64,5283
2024-06-12 03:00:00,2313.592,2316.748,2313.537,2314.024,3585
2024-06-12 04:00:00,2314.031,2314.376,2312.412,2312.71,2827
2024-06-12 05:00:00,2312.729,2315.342,2312.375,2314.949,3787
2024-06-12 06:00:00,2314.968,2317.78,2313.791,2314.88,4930
2024-06-12 07:00:00,2314.833,2315.464,2311.164,2314.479,4442
2024-06-12 08:00:00,2314.518,2315.697,2310.763,2312.775,4437
2024-06-12 09:00:00,2312.731,2315.383,2312.157,2314.005,4482
2024-06-12 10:00:00,2313.957,2314.718,2312.164,2313.348,3994
2024-06-12 11:00:00,2313.296,2314.769,2312.215,2312.847,5257
2024-06-12 12:00:00,2312.866,2337.684,2311.564,2335.912,16245
2024-06-12 13:00:00,2335.877,2341.629,2324.956,2329.789,22766
2024-06-12 14:00:00,2329.774,2329.942,2320.053,2325.229,11927
2024-06-12 15:00:00,2325.287,2337.158,2324.648,2335.552,10837
2024-06-12 16:00:00,2335.596,2338.166,2333.128,2337.635,7877
2024-06-12 17:00:00,2337.686,2339.558,2332.802,2335.292,6160
2024-06-12 18:00:00,2335.224,2335.224,2319.312,2322.697,26827
2024-06-12 19:00:00,2322.729,2324.638,2315.822,2321.263,9849
2024-06-12 20:00:00,2321.304,2324.717,2320.258,2324.393,3605
2024-06-12 22:00:00,2324.7,2325.354,2321.657,2321.925,2363
2024-06-12 23:00:00,2321.923,2322.385,2320.1,2320.555,2636
2024-06-13 00:00:00,2320.57,2322.964,2317.564,2320.728,3855
2024-06-13 01:00:00,2320.777,2321.545,2308.05,2312.612,10138
2024-06-13 02:00:00,2312.659,2316.122,2310.636,2314.15,5326
2024-06-13 03:00:00,2314.13,2316.313,2312.55,2314.248,4405
2024-06-13 04:00:00,2314.239,2314.844,2309.308,2311.773,3653
2024-06-13 05:00:00,2311.777,2312.222,2308.966,2311.612,4410
2024-06-13 06:00:00,2311.564,2316.115,2311.148,2315.632,5186
2024-06-13 07:00:00,2315.586,2318.566,2313.298,2317.012,5376
2024-06-13 08:00:00,2317.06,2317.201,2313.905,2315.56,4671
2024-06-13 09:00:00,2315.537,2318.424,2313.368,2315.446,4632
2024-06-13 10:00:00,2315.397,2319.954,2315.243,2316.29,4591
2024-06-13 11:00:00,2316.329,2316.692,2303.935,2307.026,7024
2024-06-13 12:00:00,2307.073,2326.755,2305.507,2323.261,14739
2024-06-13 13:00:00,2323.221,2324.74,2308.349,2310.736,13445
2024-06-13 14:00:00,2310.693,2314.446,2305.647,2313.508,12348
2024-06-13 15:00:00,2313.565,2317.038,2297.746,2298.992,13421
2024-06-13 16:00:00,2298.938,2300.326,2295.463,2299.236,8594
2024-06-13 17:00:00,2299.279,2304.409,2299.049,2301.444,6371
2024-06-13 18:00:00,2301.431,2303.966,2300.017,2302.97,4171
2024-06-13 19:00:00,2302.966,2304.894,2302.686,2303.413,4004
2024-06-13 20:00:00,2303.463,2304.322,2302.867,2303.847,2188
2024-06-13 22:00:00,2303.369,2304.117,2302.872,2302.887,1681
2024-06-13 23:00:00,2302.92,2303.268,2301.689,2302.335,1996
2024-06-14 00:00:00,2302.379,2305.729,2301.503,2304.884,3308
2024-06-14 01:00:00,2304.886,2307.128,2303.017,2305.967,5223
2024-06-14 02:00:00,2305.918,2307.04,2304.212,2306.591,4415
2024-06-14 03:00:00,2306.591,2308.605,2304.956,2305.461,4683
2024-06-14 04:00:00,2305.417,2306.097,2303.447,2305.864,3615
2024-06-14 05:00:00,2305.87,2311.589,2305.503,2309.88,4570
2024-06-14 06:00:00,2309.825,2312.771,2307.436,2312.613,5658
2024-06-14 07:00:00,2312.564,2316.707,2309.344,2315.226,6368
2024-06-14 08:00:00,2315.184,2321.637,2314.725,2317.349,6288
2024-06-14 09:00:00,2317.387,2322.736,2315.225,2322.651,5742
2024-06-14 10:00:00,2322.607,2332.649,2320.916,2330.492,7807
2024-06-14 11:00:00,2330.447,2336.559,2326.032,2332.012,8081
2024-06-14 12:00:00,2332.043,2333.387,2327.178,2330.287,9556
2024-06-14 13:00:00,2330.253,2332.867,2324.151,2330.386,11710
2024-06-14 14:00:00,2330.393,2335.474,2327.932,2330.052,10825
2024-06-14 15:00:00,2329.985,2332.168,2324.007,2326.087,7138
2024-06-14 16:00:00,2326.129,2331.916,2325.353,2328.788,6428
2024-06-14 17:00:00,2328.84,2335.557,2328.471,2334.089,5246
2024-06-14 18:00:00,2334.086,2335.085,2332.178,2334.573,4158
2024-06-14 19:00:00,2334.531,2335.378,2332.136,2332.452,4103
2024-06-14 20:00:00,2332.506,2333.064,2330.917,2332.825,2577
2024-06-16 22:00:00,2331.087,2331.486,2327.554,2328.796,1894
2024-06-16 23:00:00,2328.858,2329.675,2327.412,2328.873,2491
2024-06-17 00:00:00,2328.918,2328.918,2325.219,2326.418,3908
2024-06-17 01:00:00,2326.399,2328.948,2322.74,2326.257,6465
2024-06-17 02:00:00,2326.213,2326.213,2321.475,2322.655,5034
2024-06-17 03:00:00,2322.606,2325.146,2321.659,2324.309,4046
2024-06-17 04:00:00,2324.307,2326.233,2322.637,2323.692,3343
2024-06-17 05:00:00,2323.675,2323.675,2317.737,2318.552,4906
2024-06-17 06:00:00,2318.506,2319.237,2315.437,2317.335,5236
2024-06-17 07:00:00,2317.287,2320.112,2315.521,2316.993,4808
2024-06-17 08:00:00,2316.962,2322.281,2316.413,2321.279,4823
2024-06-17 09:00:00,2321.295,2322.586,2319.203,2320.062,4468
2024-06-17 10:00:00,2320.027,2322.55,2319.519,2320.46,4073
2024-06-17 11:00:00,2320.471,2321.943,2317.551,2318.185,4846
2024-06-17 12:00:00,2318.23,2321.1,2316.767,2319.568,6036
2024-06-17 13:00:00,2319.52,2326.312,2318.736,2320.978,8568
2024-06-17 14:00:00,2320.933,2327.643,2318.307,2324.476,7281
2024-06-17 15:00:00,2324.523,2325.481,2309.971,2312.489,8817
2024-06-17 16:00:00,2312.538,2317.025,2312.538,2316.843,5363
2024-06-17 17:00:00,2316.837,2318.307,2313.218,2316.635,4591
2024-06-17 18:00:00,2316.666,2319.227,2316.079,2317.846,4097
2024-06-17 19:00:00,2317.857,2320.569,2317.794,2320.138,3951
2024-06-17 20:00:00,2320.182,2320.725,2318.413,2319.015,2139
2024-06-17 22:00:00,2320.081,2321.196,2319.695,2320.95,1503
2024-06-17 23:00:00,2321.008,2321.229,2319.148,2320.645,2067
2024-06-18 00:00:00,2320.634,2325.538,2320.634,2324.085,3919
2024-06-18 01:00:00,2324.086,2325.44,2319.234,2322.544,5275
2024-06-18 02:00:00,2322.562,2325.633,2321.531,2324.351,4368
2024-06-18 03:00:00,2324.315,2325.102,2323.187,2324.411,3443
2024-06-18 04:00:00,2324.408,2324.812,2321.901,2322.609,3277
2024-06-18 05:00:00,2322.598,2323.741,2319.404,2322.125,4520
2024-06-18 06:00:00,2322.123,2322.706,2318.689,2320.085,4272
2024-06-18 07:00:00,2320.091,2320.171,2314.957,2315.505,4419
2024-06-18 08:00:00,2315.473,2315.473,2310.666,2311.259,5160
2024-06-18 09:00:00,2311.228,2314.247,2310.852,2311.168,4680
2024-06-18 10:00:00,2311.136,2312.402,2306.533,2308.304,4723
2024-06-18 11:00:00,2308.35,2314.168,2306.624,2313.311,4832
2024-06-18 12:00:00,2313.279,2324.184,2311.409,2313.896,11245
2024-06-18 13:00:00,2313.949,2327.702,2313.682,2326.715,14901
2024-06-18 14:00:00,2326.652,2327.152,2322.114,2323.637,8633
2024-06-18 15:00:00,2323.651,2329.758,2318.708,2326.864,8038
2024-06-18 16:00:00,2326.916,2330.729,2326.448,2330.181,5354
2024-06-18 17:00:00,2330.23,2333.087,2328.21,2329.688,5269
2024-06-18 18:00:00,2329.642,2331.488,2327.445,2331.226,4447
2024-06-18 19:00:00,2331.223,2331.223,2328.496,2329.358,3671
2024-06-18 20:00:00,2329.351,2330.549,2328.857,2329.408,1983
2024-06-18 22:00:00,2329.788,2330.182,2327.498,2328.289,1915
2024-06-18 23:00:00,2328.289,2329.606,2327.959,2328.254,1842
2024-06-19 00:00:00,2328.274,2329.958,2328.015,2329.447,3030
2024-06-19 01:00:00,2329.414,2330.922,2326.493,2330.07,4510
2024-06-19 02:00:00,2330.069,2331.271,2328.911,2330.282,3645
2024-06-19 03:00:00,2330.288,2331.753,2327.928,2328.27,3104
2024-06-19 04:00:00,2328.222,2328.47,2327.242,2327.919,2644
2024-06-19 05:00:00,2327.916,2330.026,2326.796,2329.3,3344
2024-06-19 06:00:00,2329.343,2330.719,2328.357,2330.237,3944
2024-06-19 07:00:00,2330.19,2332.693,2329.747,2331.768,4542
2024-06-19 08:00:00,2331.812,2334.964,2331.812,2332.541,4056
2024-06-19 09:00:00,2332.539,2332.753,2327.67,2328.112,4300
2024-06-19 10:00:00,2328.107,2329.923,2327.371,2327.924,3858
2024-06-19 11:00:00,2327.924,2331.059,2325.761,2330.405,4290
2024-06-19 12:00:00,2330.391,2332.905,2325.163,2328.307,5155
2024-06-19 13:00:00,2328.298,2331.394,2326.73,2328.228,5304
2024-06-19 14:00:00,2328.17,2328.422,2323.68,2326.091,5599
2024-06-19 15:00:00,2326.062,2329.777,2325.194,2329.774,4218
2024-06-19 16:00:00,2329.783,2331.336,2328.882,2329.464,3295
2024-06-19 17:00:00,2329.411,2330.864,2329.187,2329.971,521
2024-06-19 22:00:00,2329.947,2330.547,2329.087,2330.4,2057
2024-06-19 23:00:00,2330.415,2330.415,2328.645,2329.342,1975
2024-06-20 00:00:00,2329.361,2329.771,2327.74,2329.681,2802
2024-06-20 01:00:00,2329.667,2338.98,2329.667,2336.301,7019
2024-06-20 02:00:00,2336.291,2337.309,2332.822,2333.74,4750
2024-06-20 03:00:00,2333.731,2334.344,2332.346,2333.901,3846
2024-06-20 04:00:00,2333.897,2340.912,2333.692,2340.356,4473
2024-06-20 05:00:00,2340.349,2344.925,2339.731,2340.216,5297
2024-06-20 06:00:00,2340.271,2345.674,2340.177,2344.069,5172
2024-06-20 07:00:00,2344.124,2344.984,2338.448,2338.581,5537
2024-06-20 08:00:00,2338.532,2338.649,2332.639,2333.319,5917
2024-06-20 09:00:00,2333.321,2335.727,2331.561,2334.59,4668
2024-06-20 10:00:00,2334.644,2340.583,2333.457,2339.486,3913
2024-06-20 11:00:00,2339.445,2341.376,2337.704,2339.245,4576
2024-06-20 12:00:00,2339.292,2344.056,2335.266,2338.54,9678
2024-06-20 13:00:00,2338.579,2349.417,2336.608,2349.223,11183
2024-06-20 14:00:00,2349.268,2364.969,2348.86,2364.058,13185
2024-06-20 15:00:00,2364.05,2365.486,2351.333,2353.738,9201
2024-06-20 16:00:00,2353.725,2357.139,2352.796,2356.313,5546
2024-06-20 17:00:00,2356.324,2357.55,2354.575,2357.293,4977
2024-06-20 18:00:00,2357.341,2361.002,2357.247,2357.931,4189
2024-06-20 19:00:00,2358.006,2359.812,2357.58,2358.812,4032
2024-06-20 20:00:00,2358.856,2360.06,2358.166,2359.911,2344
2024-06-20 22:00:00,2360.374,2360.374,2358.155,2359.409,2838
2024-06-20 23:00:00,2359.399,2361.131,2358.833,2360.745,2530
2024-06-21 00:00:00,2360.764,2364.838,2360.764,2364.067,3589
2024-06-21 01:00:00,2364.119,2364.171,2357.085,2359.61,6319
2024-06-21 02:00:00,2359.651,2361.608,2358.115,2359.35,4320
2024-06-21 03:00:00,2359.312,2362.191,2358.687,2362.135,3444
2024-06-21 04:00:00,2362.16,2362.983,2361.003,2362.908,2767
2024-06-21 05:00:00,2362.902,2365.602,2362.18,2364.488,3672
2024-06-21 06:00:00,2364.447,2364.447,2357.906,2358.463,5356
2024-06-21 07:00:00,2358.422,2364.38,2355.088,2362.883,6672
2024-06-21 08:00:00,2362.929,2368.099,2362.631,2365.257,5560
2024-06-21 09:00:00,2365.212,2367.301,2362.846,2363.935,4736
2024-06-21 10:00:00,2363.955,2364.152,2361.277,2363.573,4570
2024-06-21 11:00:00,2363.573,2368.743,2363.417,2366.216,4696
2024-06-21 12:00:00,2366.271,2368.044,2360.381,2360.65,6712
2024-06-21 13:00:00,2360.617,2363.761,2334.682,2340.442,18060
2024-06-21 14:00:00,2340.406,2340.537,2328.497,2329.88,16014
2024-06-21 15:00:00,2329.921,2334.741,2323.276,2327.893,11759
2024-06-21 16:00:00,2327.946,2329.353,2323.668,2324.747,6725
2024-06-21 17:00:00,2324.7,2325.142,2316.675,2319.27,8246
2024-06-21 18:00:00,2319.285,2322.785,2316.7,2322.124,5051
2024-06-21 19:00:00,2322.168,2323.354,2320.364,2322.054,4573
2024-06-21 20:00:00,2322.105,2322.653,2320.76,2321.501,2876
2024-06-23 22:00:00,2321.11,2322.193,2320.409,2321.489,2173
2024-06-23 23:00:00,2321.492,2321.492,2317.688,2319.185,2941
2024-06-24 00:00:00,2319.175,2321.733,2317.852,2320.882,3822
2024-06-24 01:00:00,2320.915,2326.251,2319.016,2323.639,6792
2024-06-24 02:00:00,2323.584,2325.144,2319.546,2324.73,5212
2024-06-24 03:00:00,2324.68,2326.642,2324.316,2325.395,3955
2024-06-24 04:00:00,2325.405,2326.61,2324.089,2324.506,3155
2024-06-24 05:00:00,2324.494,2327.254,2323.608,2325.112,3956
2024-06-24 06:00:00,2325.065,2325.302,2321.35,2323.507,4909
2024-06-24 07:00:00,2323.441,2331.786,2321.706,2330.705,5233
2024-06-24 08:00:00,2330.722,2332.775,2329.139,2330.57,4989
2024-06-24 09:00:00,2330.538,2330.979,2320.809,2325.041,6176
2024-06-24 10:00:00,2325.023,2327.127,2324.445,2325.169,5139
2024-06-24 11:00:00,2325.162,2328.054,2324.053,2326.19,4635
2024-06-24 12:00:00,2326.236,2327.824,2323.284,2327.604,6174
2024-06-24 13:00:00,2327.603,2333.831,2325.836,2328.052,9281
2024-06-24 14:00:00,2328.008,2333.663,2326.91,2330.709,8005
2024-06-24 15:00:00,2330.653,2333.113,2327.422,2327.626,5763
2024-06-24 16:00:00,2327.581,2332.215,2326.813,2331.641,4477
2024-06-24 17:00:00,2331.602,2333.164,2330.506,2331.972,4389
2024-06-24 18:00:00,2331.978,2334.63,2331.909,2333.783,4155
2024-06-24 19:00:00,2333.804,2333.804,2330.922,2331.64,3990
2024-06-24 20:00:00,2331.607,2333.855,2331.607,2333.671,2248
2024-06-24 22:00:00,2333.991,2334.39,2331.631,2331.777,1486
2024-06-24 23:00:00,2331.77,2331.969,2330.226,2330.877,2229
2024-06-25 00:00:00,2330.871,2330.924,2328.218,2330.016,3199
2024-06-25 01:00:00,2330.017,2330.902,2323.164,2325.792,5761
2024-06-25 02:00:00,2325.802,2327.027,2324.506,2326.448,4667
2024-06-25 03:00:00,2326.403,2328.531,2324.003,2324.146,4037
2024-06-25 04:00:00,2324.188,2327.781,2322.679,2327.394,3653
2024-06-25 05:00:00,2327.399,2330.079,2324.501,2324.951,4306
2024-06-25 06:00:00,2324.998,2328.172,2323.41,2327.19,4761
2024-06-25 07:00:00,2327.148,2327.64,2324.027,2324.788,5083
2024-06-25 08:00:00,2324.745,2330.587,2322.814,2329.587,6132
2024-06-25 09:00:00,2329.592,2334.072,2329.253,2333.03,4695
2024-06-25 10:00:00,2333.005,2337.091,2332.583,2335.251,4915
2024-06-25 11:00:00,2335.306,2335.813,2327.315,2330.126,5256
2024-06-25 12:00:00,2330.162,2330.458,2323.991,2324.214,6433
2024-06-25 13:00:00,2324.263,2327.396,2320.174,2325.724,10706
2024-06-25 14:00:00,2325.725,2328.227,2319.5,2327.193,9420
2024-06-25 15:00:00,2327.221,2327.724,2315.562,2324.68,8633
2024-06-25 16:00:00,2324.751,2324.986,2315.436,2317.784,5553
2024-06-25 17:00:00,2317.73,2320.076,2316.774,2319.076,4962
2024-06-25 18:00:00,2319.133,2319.744,2316.995,2319.17,3925
2024-06-25 19:00:00,2319.126,2320.643,2318.765,2319.776,3517
2024-06-25 20:00:00,2319.725,2319.896,2317.858,2319.337,2276
2024-06-25 22:00:00,2319.49,2321.29,2318.987,2320.597,2800
2024-06-25 23:00:00,2320.668,2321.423,2318.723,2320.027,2551
2024-06-26 00:00:00,2319.979,2323.893,2317.745,2318.437,4349
2024-06-26 01:00:00,2318.385,2320.713,2310.563,2312.913,8938
2024-06-26 02:00:00,2312.905,2321.695,2312.396,2319.474,6305
2024-06-26 03:00:00,2319.442,2321.076,2316.63,2317.247,3907
2024-06-26 04:00:00,2317.289,2317.692,2315.059,2316.775,3271
2024-06-26 05:00:00,2316.791,2318.13,2311.835,2312.12,4615
2024-06-26 06:00:00,2312.067,2317.369,2309.671,2317.089,6032
2024-06-26 07:00:00,2317.155,2317.345,2312.913,2316.088,5180
2024-06-26 08:00:00,2316.044,2318.01,2312.911,2315.666,5325
2024-06-26 09:00:00,2315.713,2318.422,2315.66,2316.339,4742
2024-06-26 10:00:00,2316.326,2316.469,2307.689,2308.352,5831
2024-06-26 11:00:00,2308.311,2313.95,2304.374,2312.993,6595
2024-06-26 12:00:00,2313.049,2317.804,2310.081,2310.081,7470
2024-06-26 13:00:00,2310.046,2311.594,2293.559,2296.347,13462
2024-06-26 14:00:00,2296.304,2301.275,2295.324,2297.572,9913
2024-06-26 15:00:00,2297.488,2304.151,2295.822,2299.919,8743
2024-06-26 16:00:00,2299.959,2302.198,2298.402,2299.711,5374
2024-06-26 17:00:00,2299.726,2302.981,2299.286,2301.839,4999
2024-06-26 18:00:00,2301.887,2302.059,2298.543,2298.918,4021
2024-06-26 19:00:00,2298.964,2299.455,2296.872,2298.625,4015
2024-06-26 20:00:00,2298.681,2299.222,2297.197,2298.094,2637
2024-06-26 22:00:00,2298.442,2299.048,2298.113,2298.262,1800
2024-06-26 23:00:00,2298.264,2298.592,2296.764,2298.402,2271
2024-06-27 00:00:00,2298.412,2300.1,2297.857,2298.96,3643
2024-06-27 01:00:00,2299.015,2299.73,2296.806,2297.776,4651
2024-06-27 02:00:00,2297.771,2300.045,2297.758,2299.295,3881
2024-06-27 03:00:00,2299.298,2299.866,2298.01,2298.932,3071
2024-06-27 04:00:00,2298.935,2301.133,2298.7,2300.499,2972
2024-06-27 05:00:00,2300.5,2300.584,2296.751,2297.526,3807
2024-06-27 06:00:00,2297.538,2303.386,2296.429,2301.213,4936
2024-06-27 07:00:00,2301.163,2302.522,2299.949,2302.26,4707
2024-06-27 08:00:00,2302.213,2308.367,2301.964,2307.532,4858
2024-06-27 09:00:00,2307.525,2313.781,2307.255,2312.587,5602
2024-06-27 10:00:00,2312.554,2315.512,2312.231,2315.082,5024
2024-06-27 11:00:00,2315.131,2317.891,2313.294,2317.02,5053
2024-06-27 12:00:00,2316.975,2325.819,2316.028,2322.833,10368
2024-06-27 13:00:00,2322.802,2324.967,2319.474,2323.302,11422
2024-06-27 14:00:00,2323.219,2330.936,2322.613,2328.973,10509
2024-06-27 15:00:00,2328.999,2330.873,2325.055,2327.436,7264
2024-06-27 16:00:00,2327.401,2328.283,2323.915,2325.397,5466
2024-06-27 17:00:00,2325.442,2328.039,2324.192,2325.778,5191
2024-06-27 18:00:00,2325.832,2326.419,2322.391,2326.225,4170
2024-06-27 19:00:00,2326.289,2327.669,2325.588,2325.951,3806
2024-06-27 20:00:00,2325.917,2328.523,2325.38,2327.869,2467
2024-06-27 22:00:00,2327.49,2327.585,2325.878,2326.838,1431
2024-06-27 23:00:00,2326.833,2327.91,2326.425,2327.72,2103
2024-06-28 00:00:00,2327.665,2328.265,2321.396,2321.662,3745
2024-06-28 01:00:00,2321.656,2324.444,2319.01,2320.29,6709
2024-06-28 02:00:00,2320.236,2324.176,2319.789,2323.666,4857
2024-06-28 03:00:00,2323.692,2325.02,2320.756,2321.714,3956
2024-06-28 04:00:00,2321.788,2321.848,2319.712,2321.191,3136
2024-06-28 05:00:00,2321.182,2326.994,2320.9,2325.725,3946
2024-06-28 06:00:00,2325.675,2328.137,2325.07,2327.409,4543
2024-06-28 07:00:00,2327.458,2328.85,2324.791,2327.144,4526
2024-06-28 08:00:00,2327.153,2331.947,2326.43,2328.695,4984
2024-06-28 09:00:00,2328.685,2330.33,2327.221,2330.316,4725
2024-06-28 10:00:00,2330.228,2336.765,2329.33,2335.772,4957
2024-06-28 11:00:00,2335.817,2337.146,2333.294,2333.909,4467
2024-06-28 12:00:00,2333.959,2339.359,2331.16,2335.496,9257
2024-06-28 13:00:00,2335.441,2339.809,2326.598,2330.29,12118
2024-06-28 14:00:00,2330.337,2333.645,2322.837,2326.435,10757
2024-06-28 15:00:00,2326.481,2330.38,2324.156,2328.592,7103
2024-06-28 16:00:00,2328.642,2332.516,2327.672,2329.921,5270
2024-06-28 17:00:00,2330.032,2332.713,2326.384,2326.815,4873
2024-06-28 18:00:00,2326.869,2328.403,2325.33,2325.802,4027
2024-06-28 19:00:00,2325.795,2326.235,2322.926,2324.973,4486
2024-06-28 20:00:00,2325.021,2326.827,2322.839,2326.638,3396
2024-06-30 22:00:00,2322.849,2325.879,2322.84,2324.521,2260
2024-06-30 23:00:00,2324.529,2326.157,2323.087,2324.93,2482
2024-07-01 00:00:00,2324.952,2325.286,2322.102,2324.831,4042
2024-07-01 01:00:00,2324.761,2328.502,2323.467,2327.837,5121
2024-07-01 02:00:00,2327.785,2327.785,2324.434,2326.613,3977
2024-07-01 03:00:00,2326.605,2327.593,2324.454,2324.746,3379
2024-07-01 04:00:00,2324.729,2326.051,2321.387,2323.578,3444
2024-07-01 05:00:00,2323.532,2323.981,2318.438,2321.795,5101
2024-07-01 06:00:00,2321.746,2328.974,2321.287,2326.447,5467
2024-07-01 07:00:00,2326.4,2326.932,2323.641,2323.685,4613
2024-07-01 08:00:00,2323.651,2326.212,2321.838,2325.749,5232
2024-07-01 09:00:00,2325.75,2329.444,2325.403,2327.392,4682
2024-07-01 10:00:00,2327.448,2332.641,2327.412,2332.641,4742
2024-07-01 11:00:00,2332.732,2338.25,2332.026,2338.133,5403
2024-07-01 12:00:00,2338.163,2338.483,2327.102,2327.427,6937
2024-07-01 13:00:00,2327.462,2334.116,2322.549,2327.029,9818
2024-07-01 14:00:00,2327.321,2334.272,2319.189,2324.015,12697
2024-07-01 15:00:00,2324.059,2328.971,2323.006,2327.713,6897
2024-07-01 16:00:00,2327.707,2331.876,2326.612,2328.097,5582
2024-07-01 17:00:00,2328.116,2329.868,2326.736,2329.266,4501
2024-07-01 18:00:00,2329.23,2330.732,2326.977,2329.934,3734
2024-07-01 19:00:00,2329.976,2331.446,2328.921,2330.9,3707
2024-07-01 20:00:00,2330.973,2332.389,2330.856,2331.638,2212
2024-07-01 22:00:00,2332.521,2332.521,2331.298,2331.832,1652
2024-07-01 23:00:00,2331.813,2332.55,2331.673,2332.222,1782
2024-07-02 00:00:00,2332.216,2333.9,2331.736,2333.095,3070
2024-07-02 01:00:00,2333.064,2334.189,2331.091,2334.009,4366
2024-07-02 02:00:00,2334.043,2334.299,2331.217,2332.281,3470
2024-07-02 03:00:00,2332.276,2332.659,2325.708,2326.033,3845
2024-07-02 04:00:00,2326.036,2327.849,2324.872,2327.251,3218
2024-07-02 05:00:00,2327.242,2330.801,2326.302,2329.855,3936
2024-07-02 06:00:00,2329.92,2331.786,2327.606,2330.37,4241
2024-07-02 07:00:00,2330.337,2330.891,2323.261,2330.679,5537
2024-07-02 08:00:00,2330.735,2332.466,2328.374,2331.156,4967
2024-07-02 09:00:00,2331.183,2331.898,2324.105,2324.88,4761
2024-07-02 10:00:00,2324.923,2326.463,2322.834,2324.53,4555
2024-07-02 11:00:00,2324.533,2325.642,2319.902,2320.699,4904
2024-07-02 12:00:00,2320.727,2328.698,2319.004,2327.389,7769
2024-07-02 13:00:00,2327.343,2336.763,2326.089,2334.415,10626
2024-07-02 14:00:00,2334.421,2335.739,2322.874,2326.581,13405
2024-07-02 15:00:00,2326.565,2330.399,2324.12,2324.711,7053
2024-07-02 16:00:00,2324.678,2325.011,2320.921,2322.831,5076
2024-07-02 17:00:00,2322.877,2325.213,2322.062,2324.591,4385
2024-07-02 18:00:00,2324.545,2328.834,2324.429,2328.279,3622
2024-07-02 19:00:00,2328.277,2331.313,2328.036,2330.76,3510
2024-07-02 20:00:00,2330.725,2330.962,2328.616,2329.496,2356
2024-07-02 22:00:00,2330.266,2331.251,2329.713,2330.005,1715
2024-07-02 23:00:00,2329.986,2331.446,2329.649,2330.18,1681
2024-07-03 00:00:00,2330.177,2332.132,2330.177,2330.271,2840
2024-07-03 01:00:00,2330.25,2331.545,2328.414,2329.101,4429
2024-07-03 02:00:00,2329.145,2331.066,2326.782,2328.785,3807
2024-07-03 03:00:00,2328.772,2332.505,2328.012,2331.648,3446
2024-07-03 04:00:00,2331.699,2335.288,2331.699,2334.417,2926
2024-07-03 05:00:00,2334.384,2335.811,2331.931,2333.343,4318
2024-07-03 06:00:00,2333.369,2341.244,2332.867,2340.114,5548
2024-07-03 07:00:00,2340.145,2347.201,2338.866,2345.307,6374
2024-07-03 08:00:00,2345.317,2347.553,2343.044,2344.583,5527
2024-07-03 09:00:00,2344.641,2346.461,2342.115,2346.18,4752
2024-07-03 10:00:00,2346.21,2349.486,2344.52,2346.983,5118
2024-07-03 11:00:00,2346.949,2346.952,2342.412,2345.398,5183
2024-07-03 12:00:00,2345.442,2356.132,2344.871,2350.482,9535
2024-07-03 13:00:00,2350.427,2358.734,2347.47,2355.545,11402
2024-07-03 14:00:00,2355.578,2364.926,2355.578,2362.367,13431
2024-07-03 15:00:00,2362.425,2363.982,2359.96,2363.04,7638
2024-07-03 16:00:00,2363.001,2363.151,2355.132,2356.514,5947
2024-07-03 17:00:00,2356.455,2360.901,2353.832,2356.814,5207
2024-07-03 18:00:00,2356.775,2357.967,2355.175,2356.299,3272
2024-07-03 19:00:00,2356.344,2356.69,2353.615,2354.28,2794
2024-07-03 20:00:00,2354.302,2356.435,2354.223,2356.114,1492
2024-07-03 22:00:00,2357.081,2359.214,2356.099,2358.79,1736
2024-07-03 23:00:00,2358.84,2359.581,2357.655,2358.699,1953
2024-07-04 00:00:00,2358.721,2359.261,2356.443,2358.565,2870
2024-07-04 01:00:00,2358.543,2362.539,2358.25,2361.937,4682
2024-07-04 02:00:00,2361.915,2362.198,2357.41,2359.295,3634
2024-07-04 03:00:00,2359.308,2360.303,2357.136,2358.103,3867
2024-07-04 04:00:00,2358.102,2359.602,2357.586,2358.529,2804
2024-07-04 05:00:00,2358.487,2358.588,2355.478,2356.862,3644
2024-07-04 06:00:00,2356.876,2357.198,2350.342,2356.261,4980
2024-07-04 07:00:00,2356.214,2357.691,2353.591,2357.453,4181
2024-07-04 08:00:00,2357.513,2359.592,2355.449,2358.743,4117
2024-07-04 09:00:00,2358.753,2359.093,2355.665,2357.664,3692
2024-07-04 10:00:00,2357.68,2359.256,2356.382,2358.023,3484
2024-07-04 11:00:00,2358.022,2359.99,2357.524,2358.391,3573
2024-07-04 12:00:00,2358.463,2360.45,2356.875,2357.756,3810
2024-07-04 13:00:00,2357.758,2360.043,2357.262,2359.648,4332
2024-07-04 14:00:00,2359.636,2361.872,2358.016,2358.89,4360
2024-07-04 15:00:00,2358.838,2360.711,2355.459,2357.395,5478
2024-07-04 16:00:00,2357.411,2359.098,2356.903,2357.876,3436
2024-07-04 17:00:00,2357.833,2358.061,2357.225,2357.23,474
2024-07-04 22:00:00,2357.034,2357.387,2354.211,2357.387,2633
2024-07-04 23:00:00,2357.406,2357.704,2356.327,2356.721,2052
2024-07-05 00:00:00,2356.753,2358.977,2356.024,2358.805,3121
2024-07-05 01:00:00,2358.817,2360.227,2356.893,2358.432,4570
2024-07-05 02:00:00,2358.477,2363.107,2358.092,2360.487,4432
2024-07-05 03:00:00,2360.477,2362.303,2359.538,2361.713,3932
2024-07-05 04:00:00,2361.716,2364.66,2361.302,2363.901,3245
2024-07-05 05:00:00,2363.904,2365.009,2362.628,2364.653,3645
2024-07-05 06:00:00,2364.664,2366.295,2363.543,2363.979,4521
2024-07-05 07:00:00,2363.953,2367.446,2362.242,2365.224,4820
2024-07-05 08:00:00,2365.261,2368.002,2364.561,2366.342,4614
2024-07-05 09:00:00,2366.333,2366.819,2361.917,2362.428,4073
2024-07-05 10:00:00,2362.385,2365.46,2361.77,2364.907,4168
2024-07-05 11:00:00,2364.938,2366.012,2362.239,2365.755,4587
2024-07-05 12:00:00,2365.736,2376.105,2344.509,2372.064,15870
2024-07-05 13:00:00,2372.104,2385.161,2370.622,2383.165,17377
2024-07-05 14:00:00,2383.116,2384.377,2374.444,2380.717,12238
2024-07-05 15:00:00,2380.748,2388.347,2378.479,2384.639,8374
2024-07-05 16:00:00,2384.685,2387.57,2383.902,2386.481,6125
2024-07-05 17:00:00,2386.526,2389.895,2384.591,2385.764,5947
2024-07-05 18:00:00,2385.737,2392.584,2385.101,2391.031,4943
2024-07-05 19:00:00,2391.068,2392.941,2388.069,2388.783,4370
2024-07-05 20:00:00,2388.73,2391.626,2388.191,2391.567,2654
2024-07-07 22:00:00,2389.583,2390.178,2384.875,2385.335,2498
2024-07-07 23:00:00,2385.36,2386.9,2384.766,2386.122,2876
2024-07-08 00:00:00,2386.067,2387.798,2384.508,2386.665,3781
2024-07-08 01:00:00,2386.623,2391.09,2384.213,2386.421,6500
2024-07-08 02:00:00,2386.373,2387.154,2381.392,2382.832,4862
2024-07-08 03:00:00,2382.893,2384.127,2380.696,2382.875,4173
2024-07-08 04:00:00,2382.933,2384.995,2382.005,2384.874,2943
2024-07-08 05:00:00,2384.923,2386.769,2381.532,2382.775,4696
2024-07-08 06:00:00,2382.834,2384.167,2376.647,2376.924,5693
2024-07-08 07:00:00,2376.894,2381.099,2376.599,2377.83,5202
2024-07-08 08:00:00,2377.824,2378.825,2371.934,2372.753,5418
2024-07-08 09:00:00,2372.721,2373.765,2368.26,2370.174,5231
2024-07-08 10:00:00,2370.116,2374.269,2369.655,2374.016,4466
2024-07-08 11:00:00,2374.074,2375.636,2372.374,2375.284,4345
2024-07-08 12:00:00,2375.236,2377.48,2370.256,2372.749,6781
2024-07-08 13:00:00,2372.703,2377.07,2370.252,2375.436,10047
2024-07-08 14:00:00,2375.406,2379.503,2373.149,2373.255,8483
2024-07-08 15:00:00,2373.212,2374.989,2350.975,2355.459,12885
2024-07-08 16:00:00,2355.409,2358.771,2350.997,2358.613,7804
2024-07-08 17:00:00,2358.643,2359.717,2355.554,2357.159,5463
2024-07-08 18:00:00,2357.112,2358.195,2354.836,2356.591,3864
2024-07-08 19:00:00,2356.551,2359.839,2356.153,2359.173,3805
2024-07-08 20:00:00,2359.211,2359.833,2357.986,2358.713,2002
2024-07-08 22:00:00,2358.981,2359.782,2358.45,2359.774,1519
2024-07-08 23:00:00,2359.744,2362.0,2359.731,2361.711,2132
2024-07-09 00:00:00,2361.74,2363.665,2360.772,2361.89,3649
2024-07-09 01:00:00,2361.927,2365.281,2361.349,2363.416,4998
2024-07-09 02:00:00,2363.38,2366.714,2360.454,2364.025,4986
2024-07-09 03:00:00,2364.03,2367.949,2363.341,2367.625,4074
2024-07-09 04:00:00,2367.619,2368.777,2366.338,2367.371,3702
2024-07-09 05:00:00,2367.312,2368.29,2364.086,2364.6,4265
2024-07-09 06:00:00,2364.648,2365.477,2362.68,2364.067,4533
2024-07-09 07:00:00,2364.046,2364.522,2358.255,2358.933,4651
2024-07-09 08:00:00,2358.98,2361.93,2358.211,2361.602,4313
2024-07-09 09:00:00,2361.631,2365.352,2361.514,2364.245,4476
2024-07-09 10:00:00,2364.284,2365.636,2362.105,2363.12,3996
2024-07-09 11:00:00,2363.175,2363.175,2357.485,2360.583,4896
2024-07-09 12:00:00,2360.632,2361.326,2356.061,2360.125,5957
2024-07-09 13:00:00,2360.087,2368.455,2359.487,2367.713,11518
2024-07-09 14:00:00,2367.668,2371.583,2354.048,2354.885,15544
2024-07-09 15:00:00,2354.936,2362.218,2349.344,2361.993,10897
2024-07-09 16:00:00,2361.976,2363.114,2356.511,2357.492,6790
2024-07-09 17:00:00,2357.495,2362.471,2357.464,2361.915,5654
2024-07-09 18:00:00,2361.863,2365.312,2361.079,2364.449,4332
2024-07-09 19:00:00,2364.497,2365.585,2362.834,2363.497,3629
2024-07-09 20:00:00,2363.538,2364.895,2363.512,2363.706,1941
2024-07-09 22:00:00,2364.133,2364.43,2363.28,2364.43,1457
2024-07-09 23:00:00,2364.413,2366.044,2364.383,2364.965,1908
2024-07-10 00:00:00,2364.944,2366.542,2364.42,2364.63,3136
2024-07-10 01:00:00,2364.645,2369.898,2363.302,2368.23,5501
2024-07-10 02:00:00,2368.274,2370.292,2366.884,2369.282,4182
2024-07-10 03:00:00,2369.271,2369.767,2366.452,2368.144,3484
2024-07-10 04:00:00,2368.167,2368.895,2366.566,2367.734,3161
2024-07-10 05:00:00,2367.74,2370.34,2367.291,2368.321,3770
2024-07-10 06:00:00,2368.376,2372.783,2367.12,2371.883,4425
2024-07-10 07:00:00,2371.936,2374.928,2371.406,2372.604,4292
2024-07-10 08:00:00,2372.569,2374.225,2371.435,2372.817,4129
2024-07-10 09:00:00,2372.803,2374.155,2371.659,2371.897,3762
2024-07-10 10:00:00,2371.897,2375.309,2371.724,2372.48,3586
2024-07-10 11:00:00,2372.434,2378.36,2372.393,2378.356,4270
2024-07-10 12:00:00,2378.386,2381.782,2377.194,2377.769,5844
2024-07-10 13:00:00,2377.714,2386.671,2376.234,2383.18,9216
2024-07-10 14:00:00,2383.247,2385.094,2373.88,2374.9,9196
2024-07-10 15:00:00,2374.87,2380.713,2374.005,2378.76,6624
2024-07-10 16:00:00,2378.792,2381.331,2376.612,2377.889,4839
2024-07-10 17:00:00,2377.874,2378.523,2370.466,2372.944,5840
2024-07-10 18:00:00,2372.891,2373.565,2369.836,2372.647,3840
2024-07-10 19:00:00,2372.63,2372.63,2370.522,2371.766,3687
2024-07-10 20:00:00,2371.756,2372.423,2370.863,2371.289,2107
2024-07-10 22:00:00,2372.147,2372.881,2371.192,2372.84,1482
2024-07-10 23:00:00,2372.824,2372.911,2372.194,2372.852,1698
2024-07-11 00:00:00,2372.834,2374.407,2371.403,2374.189,3095
2024-07-11 01:00:00,2374.18,2376.294,2373.074,2375.848,4469
2024-07-11 02:00:00,2375.849,2377.772,2374.351,2377.353,4169
2024-07-11 03:00:00,2377.334,2380.222,2376.818,2378.744,3780
2024-07-11 04:00:00,2378.775,2382.487,2378.638,2381.885,3057
2024-07-11 05:00:00,2381.955,2383.013,2381.176,2382.523,4011
2024-07-11 06:00:00,2382.477,2383.197,2378.464,2381.725,4769
2024-07-11 07:00:00,2381.674,2381.969,2378.8,2379.887,4536
2024-07-11 08:00:00,2379.924,2384.1,2379.541,2381.328,4979
2024-07-11 09:00:00,2381.287,2384.526,2381.287,2383.932,4039
2024-07-11 10:00:00,2383.946,2383.987,2380.375,2382.142,3918
2024-07-11 11:00:00,2382.107,2383.369,2378.999,2380.795,4408
2024-07-11 12:00:00,2380.751,2409.781,2378.109,2406.309,19937
2024-07-11 13:00:00,2406.261,2413.032,2395.803,2406.613,26829
2024-07-11 14:00:00,2406.675,2417.863,2404.321,2417.62,15430
2024-07-11 15:00:00,2417.673,2424.538,2412.45,2417.353,12309
2024-07-11 16:00:00,2417.303,2419.246,2411.568,2411.649,7743
2024-07-11 17:00:00,2411.624,2416.634,2410.004,2413.621,7050
2024-07-11 18:00:00,2413.602,2416.594,2412.919,2416.378,4615
2024-07-11 19:00:00,2416.335,2418.666,2414.046,2414.077,4463
2024-07-11 20:00:00,2414.137,2415.092,2413.094,2414.838,2746
2024-07-11 22:00:00,2414.522,2414.522,2411.098,2413.968,2588
2024-07-11 23:00:00,2413.914,2416.01,2411.917,2415.851,4341
2024-07-12 00:00:00,2415.855,2416.252,2410.997,2411.959,4910
2024-07-12 01:00:00,2411.948,2414.229,2407.043,2407.937,5891
2024-07-12 02:00:00,2407.977,2410.916,2406.649,2409.576,4772
2024-07-12 03:00:00,2409.526,2410.188,2408.538,2408.778,3563
2024-07-12 04:00:00,2408.779,2409.923,2408.127,2408.62,2838
2024-07-12 05:00:00,2408.658,2410.07,2405.385,2408.016,4651
2024-07-12 06:00:00,2407.969,2408.248,2402.154,2404.105,5771
2024-07-12 07:00:00,2404.064,2405.51,2400.282,2404.174,5576
2024-07-12 08:00:00,2404.1,2408.127,2403.694,2407.315,5236
2024-07-12 09:00:00,2407.369,2408.311,2403.07,2404.907,4473
2024-07-12 10:00:00,2404.858,2405.482,2399.764,2400.18,4622
2024-07-12 11:00:00,2400.23,2402.668,2398.285,2401.711,4714
2024-07-12 12:00:00,2401.766,2404.262,2391.365,2397.86,13959
2024-07-12 13:00:00,2397.915,2405.672,2396.773,2403.677,14191
2024-07-12 14:00:00,2403.71,2410.903,2403.71,2408.863,10887
2024-07-12 15:00:00,2408.865,2413.684,2408.007,2411.715,6785
2024-07-12 16:00:00,2411.752,2416.912,2411.695,2415.903,5127
2024-07-12 17:00:00,2415.894,2418.233,2414.444,2417.778,4289
2024-07-12 18:00:00,2417.828,2417.949,2413.864,2414.137,3612
2024-07-12 19:00:00,2414.149,2414.748,2412.167,2412.823,3771
2024-07-12 20:00:00,2412.771,2412.771,2411.262,2411.399,2302
2024-07-14 22:00:00,2411.336,2412.245,2406.87,2407.603,3476
2024-07-14 23:00:00,2407.583,2408.707,2405.666,2408.653,3053
2024-07-15 00:00:00,2408.657,2408.859,2406.256,2408.408,3634
2024-07-15 01:00:00,2408.437,2410.332,2404.889,2410.007,5621
2024-07-15 02:00:00,2410.051,2410.889,2408.155,2409.155,4526
2024-07-15 03:00:00,2409.152,2411.97,2408.636,2411.556,3273
2024-07-15 04:00:00,2411.594,2413.354,2410.644,2411.48,2717
2024-07-15 05:00:00,2411.464,2413.973,2407.922,2408.113,4280
2024-07-15 06:00:00,2408.14,2408.281,2401.969,2403.198,5767
2024-07-15 07:00:00,2403.127,2407.925,2401.306,2407.881,5993
2024-07-15 08:00:00,2407.897,2412.056,2406.876,2411.992,4846
2024-07-15 09:00:00,2411.978,2412.562,2407.692,2410.7,4899
2024-07-15 10:00:00,2410.692,2415.793,2410.692,2414.761,4871
2024-07-15 11:00:00,2414.751,2420.325,2414.494,2418.231,6198
2024-07-15 12:00:00,2418.237,2420.848,2413.428,2414.773,7858
2024-07-15 13:00:00,2414.762,2419.273,2411.497,2419.1,9723
2024-07-15 14:00:00,2419.033,2431.989,2418.091,2431.555,10161
2024-07-15 15:00:00,2431.504,2437.45,2431.407,2433.281,10520
2024-07-15 16:00:00,2433.259,2439.771,2429.527,2430.135,10653
2024-07-15 17:00:00,2430.164,2430.216,2420.424,2421.585,9500
2024-07-15 18:00:00,2421.613,2424.797,2419.723,2422.421,5569
2024-07-15 19:00:00,2422.391,2423.251,2420.209,2421.089,5130
2024-07-15 20:00:00,2421.146,2422.429,2420.587,2422.115,2347
2024-07-15 22:00:00,2421.728,2422.186,2420.896,2420.989,1621
2024-07-15 23:00:00,2420.981,2422.729,2420.956,2422.494,2172
2024-07-16 00:00:00,2422.483,2422.877,2419.914,2421.219,3668
2024-07-16 01:00:00,2421.232,2427.692,2421.172,2427.219,6216
2024-07-16 02:00:00,2427.226,2430.255,2426.048,2430.133,5274
2024-07-16 03:00:00,2430.087,2431.435,2426.579,2428.578,4314
2024-07-16 04:00:00,2428.582,2429.532,2425.023,2429.352,3748
2024-07-16 05:00:00,2429.283,2432.798,2428.123,2431.87,5293
2024-07-16 06:00:00,2431.89,2433.837,2428.066,2433.837,5886
2024-07-16 07:00:00,2433.936,2439.339,2432.524,2436.968,6321
2024-07-16 08:00:00,2436.951,2438.584,2433.604,2436.517,6132
2024-07-16 09:00:00,2436.545,2443.409,2435.048,2442.381,6119
2024-07-16 10:00:00,2442.426,2443.418,2439.637,2440.09,5162
2024-07-16 11:00:00,2440.139,2442.474,2438.092,2439.521,5656
2024-07-16 12:00:00,2439.494,2443.988,2429.334,2432.564,13824
2024-07-16 13:00:00,2432.533,2448.002,2430.95,2442.765,14128
2024-07-16 14:00:00,2442.77,2454.031,2440.535,2452.025,11153
2024-07-16 15:00:00,2451.987,2465.283,2451.857,2463.131,11572
2024-07-16 16:00:00,2463.221,2463.704,2457.833,2459.165,8227
2024-07-16 17:00:00,2459.157,2466.406,2458.657,2464.631,6077
2024-07-16 18:00:00,2464.593,2466.599,2462.423,2465.339,5198
2024-07-16 19:00:00,2465.376,2468.7,2463.2,2468.483,4599
2024-07-16 20:00:00,2468.537,2469.806,2466.824,2468.876,3373
2024-07-16 22:00:00,2468.399,2469.967,2466.245,2468.969,2961
2024-07-16 23:00:00,2468.973,2469.769,2467.355,2468.278,2906
2024-07-17 00:00:00,2468.268,2473.33,2466.104,2468.773,5591
2024-07-17 01:00:00,2468.747,2481.244,2468.542,2479.403,11278
2024-07-17 02:00:00,2479.453,2482.365,2469.586,2474.502,7765
2024-07-17 03:00:00,2474.474,2474.519,2463.91,2471.702,7165
2024-07-17 04:00:00,2471.677,2472.744,2467.669,2467.821,4635
2024-07-17 05:00:00,2467.78,2471.023,2465.385,2465.415,6039
2024-07-17 06:00:00,2465.398,2467.513,2461.787,2466.453,7951
2024-07-17 07:00:00,2466.484,2474.324,2464.139,2474.104,7995
2024-07-17 08:00:00,2474.066,2478.844,2471.519,2474.972,8551
2024-07-17 09:00:00,2474.945,2475.486,2469.726,2475.023,6743
2024-07-17 10:00:00,2475.051,2476.357,2466.656,2467.829,6353
2024-07-17 11:00:00,2467.793,2473.209,2467.203,2470.029,6867
2024-07-17 12:00:00,2470.059,2475.361,2468.715,2473.379,8286
2024-07-17 13:00:00,2473.341,2483.443,2471.151,2482.962,15478
2024-07-17 14:00:00,2482.911,2483.739,2461.055,2463.738,19697
2024-07-17 15:00:00,2463.71,2465.965,2458.014,2463.374,14278
2024-07-17 16:00:00,2463.422,2465.106,2452.839,2455.646,9277
2024-07-17 17:00:00,2455.667,2459.27,2451.856,2452.566,7337
2024-07-17 18:00:00,2452.592,2458.113,2451.407,2457.905,5259
2024-07-17 19:00:00,2457.936,2460.422,2457.015,2457.986,4970
2024-07-17 20:00:00,2458.023,2459.428,2457.212,2458.879,2625
2024-07-17 22:00:00,2458.984,2459.541,2457.968,2459.256,2393
2024-07-17 23:00:00,2459.192,2461.849,2459.085,2461.296,3663
2024-07-18 00:00:00,2461.334,2461.454,2457.29,2458.851,4292
2024-07-18 01:00:00,2458.803,2464.176,2457.576,2462.401,6708
2024-07-18 02:00:00,2462.428,2465.971,2460.304,2465.532,5149
2024-07-18 03:00:00,2465.494,2468.874,2465.224,2468.011,5375
2024-07-18 04:00:00,2468.0,2468.186,2465.066,2465.269,4285
2024-07-18 05:00:00,2465.309,2469.927,2464.887,2466.949,6209
2024-07-18 06:00:00,2466.988,2472.172,2464.551,2471.411,6808
2024-07-18 07:00:00,2471.446,2474.966,2470.754,2471.93,6090
2024-07-18 08:00:00,2471.959,2473.694,2465.567,2465.986,6065
2024-07-18 09:00:00,2465.991,2467.688,2464.544,2465.651,5696
2024-07-18 10:00:00,2465.608,2466.38,2461.488,2464.18,6039
2024-07-18 11:00:00,2464.149,2466.291,2462.057,2464.461,5213
2024-07-18 12:00:00,2464.503,2468.765,2462.606,2464.043,9791
2024-07-18 13:00:00,2464.071,2466.177,2457.522,2464.971,12935
2024-07-18 14:00:00,2464.866,2469.919,2460.061,2468.397,10222
2024-07-18 15:00:00,2468.508,2469.098,2461.137,2461.291,8832
2024-07-18 16:00:00,2461.323,2462.032,2455.74,2456.227,7278
2024-07-18 17:00:00,2456.209,2457.574,2451.74,2456.278,7179
2024-07-18 18:00:00,2456.3,2456.453,2450.798,2451.484,5062
2024-07-18 19:00:00,2451.496,2451.813,2440.226,2442.916,8093
2024-07-18 20:00:00,2442.965,2445.47,2441.223,2444.902,3430
2024-07-18 22:00:00,2445.407,2445.563,2443.748,2444.423,2203
2024-07-18 23:00:00,2444.42,2445.194,2441.233,2441.25,2219
2024-07-19 00:00:00,2441.292,2441.343,2426.085,2434.301,10630
2024-07-19 01:00:00,2434.415,2434.632,2420.417,2426.191,13779
2024-07-19 02:00:00,2426.158,2428.695,2422.592,2428.256,7457
2024-07-19 03:00:00,2428.258,2429.468,2425.0,2428.7,5297
2024-07-19 04:00:00,2428.697,2429.321,2423.894,2425.397,4136
2024-07-19 05:00:00,2425.404,2426.149,2421.091,2423.371,6336
2024-07-19 06:00:00,2423.352,2424.051,2414.3,2419.943,11293
2024-07-19 07:00:00,2419.98,2422.171,2412.803,2418.127,7883
2024-07-19 08:00:00,2418.139,2421.641,2416.307,2420.384,7324
2024-07-19 09:00:00,2420.434,2421.183,2414.771,2416.122,6113
2024-07-19 10:00:00,2416.183,2416.372,2410.559,2412.46,6491
2024-07-19 11:00:00,2412.504,2414.329,2408.411,2410.053,7010
2024-07-19 12:00:00,2410.059,2410.228,2401.47,2403.745,10983
2024-07-19 13:00:00,2403.7,2406.724,2393.756,2403.792,20119
2024-07-19 14:00:00,2403.82,2404.717,2395.971,2397.983,13167
2024-07-19 15:00:00,2397.935,2408.45,2397.704,2405.378,9420
2024-07-19 16:00:00,2405.445,2405.968,2399.312,2399.667,5898
2024-07-19 17:00:00,2399.666,2400.761,2395.64,2399.218,6864
2024-07-19 18:00:00,2399.214,2400.249,2397.064,2398.602,4612
2024-07-19 19:00:00,2398.526,2400.123,2397.036,2398.742,4594
2024-07-19 20:00:00,2398.773,2400.55,2397.783,2400.45,3118
2024-07-21 22:00:00,2403.682,2411.696,2402.487,2411.319,3387
2024-07-21 23:00:00,2411.272,2411.931,2409.224,2411.528,3896
2024-07-22 00:00:00,2411.496,2411.675,2406.839,2407.882,4817
2024-07-22 01:00:00,2407.832,2412.157,2405.746,2406.398,7765
2024-07-22 02:00:00,2406.371,2408.167,2403.233,2406.513,6081
2024-07-22 03:00:00,2406.522,2409.534,2405.861,2406.732,4382
2024-07-22 04:00:00,2406.69,2407.175,2403.153,2405.508,4189
2024-07-22 05:00:00,2405.527,2407.353,2402.867,2402.943,5611
2024-07-22 06:00:00,2402.91,2405.217,2398.881,2402.526,8865
2024-07-22 07:00:00,2402.553,2404.525,2399.702,2402.507,6607
2024-07-22 08:00:00,2402.501,2404.676,2399.796,2400.757,5386
2024-07-22 09:00:00,2400.746,2405.735,2399.802,2404.399,5774
2024-07-22 10:00:00,2404.448,2408.421,2403.606,2406.871,5099
2024-07-22 11:00:00,2406.913,2407.583,2397.953,2398.056,5921
2024-07-22 12:00:00,2398.043,2399.603,2388.755,2394.218,11802
2024-07-22 13:00:00,2394.248,2400.171,2391.436,2392.687,13112
2024-07-22 14:00:00,2392.659,2394.804,2383.797,2387.279,12473
2024-07-22 15:00:00,2387.237,2390.528,2384.177,2386.312,8039
2024-07-22 16:00:00,2386.304,2393.303,2386.085,2392.98,5983
2024-07-22 17:00:00,2393.017,2396.393,2391.758,2393.95,5337
2024-07-22 18:00:00,2393.991,2396.473,2392.462,2395.721,4133
2024-07-22 19:00:00,2395.702,2400.06,2395.093,2399.0,3845
2024-07-22 20:00:00,2398.954,2399.486,2395.678,2396.585,2186
2024-07-22 22:00:00,2397.067,2397.987,2395.059,2395.122,1710
2024-07-22 23:00:00,2395.132,2396.162,2394.705,2395.783,2290
2024-07-23 00:00:00,2395.75,2400.309,2395.465,2399.98,3875
2024-07-23 01:00:00,2400.02,2403.981,2397.831,2401.094,7345
2024-07-23 02:00:00,2401.046,2402.427,2397.478,2399.643,5271
2024-07-23 03:00:00,2399.593,2400.775,2396.2,2398.36,5101
2024-07-23 04:00:00,2398.305,2399.643,2395.748,2396.461,4115
2024-07-23 05:00:00,2396.458,2396.88,2390.736,2392.621,5322
2024-07-23 06:00:00,2392.562,2393.732,2388.225,2390.33,7403
2024-07-23 07:00:00,2390.383,2399.192,2389.971,2397.787,7411
2024-07-23 08:00:00,2397.823,2407.109,2396.276,2404.075,6793
2024-07-23 09:00:00,2404.042,2408.096,2403.163,2406.825,6242
2024-07-23 10:00:00,2406.795,2408.291,2405.577,2407.644,5236
2024-07-23 11:00:00,2407.604,2412.001,2405.943,2407.614,6064
2024-07-23 12:00:00,2407.574,2409.281,2403.654,2405.453,7664
2024-07-23 13:00:00,2405.415,2407.686,2399.515,2401.945,10536
2024-07-23 14:00:00,2402.053,2407.394,2399.57,2402.884,9369
2024-07-23 15:00:00,2402.833,2407.193,2402.05,2405.437,6268
2024-07-23 16:00:00,2405.489,2406.757,2402.935,2405.302,5045
2024-07-23 17:00:00,2405.265,2408.198,2402.626,2404.921,5498
2024-07-23 18:00:00,2404.87,2406.281,2403.792,2405.616,3793
2024-07-23 19:00:00,2405.661,2408.977,2405.325,2407.545,4043
2024-07-23 20:00:00,2407.504,2410.013,2405.305,2409.404,3019
2024-07-23 22:00:00,2408.702,2409.675,2408.039,2409.313,1816
2024-07-23 23:00:00,2409.301,2409.46,2407.817,2408.513,2223
2024-07-24 00:00:00,2408.558,2410.248,2408.046,2408.31,3372
2024-07-24 01:00:00,2408.323,2412.203,2404.866,2408.16,7409
2024-07-24 02:00:00,2408.121,2415.884,2407.128,2414.119,7360
2024-07-24 03:00:00,2414.147,2418.363,2413.602,2416.406,5550
2024-07-24 04:00:00,2416.421,2417.963,2414.748,2417.795,4925
2024-07-24 05:00:00,2417.797,2417.926,2412.978,2416.099,5408
2024-07-24 06:00:00,2416.045,2419.206,2414.183,2417.498,6608
2024-07-24 07:00:00,2417.45,2417.83,2411.621,2414.574,5932
2024-07-24 08:00:00,2414.532,2415.116,2410.7,2411.825,4865
2024-07-24 09:00:00,2411.864,2414.904,2409.753,2413.447,5398
2024-07-24 10:00:00,2413.491,2416.433,2412.122,2413.622,5037
2024-07-24 11:00:00,2413.557,2417.782,2410.532,2417.432,5324
2024-07-24 12:00:00,2417.469,2422.007,2416.187,2421.426,7660
2024-07-24 13:00:00,2421.388,2426.734,2413.605,2421.733,13496
2024-07-24 14:00:00,2421.728,2431.954,2419.164,2430.419,14366
2024-07-24 15:00:00,2430.453,2431.355,2422.272,2424.757,8718
2024-07-24 16:00:00,2424.793,2424.918,2418.508,2419.09,6395
2024-07-24 17:00:00,2419.066,2419.618,2408.042,2409.181,7102
2024-07-24 18:00:00,2409.126,2409.47,2405.567,2408.182,7152
2024-07-24 19:00:00,2408.149,2408.7,2398.28,2398.358,6453
2024-07-24 20:00:00,2398.468,2400.491,2397.054,2397.267,4796
2024-07-24 22:00:00,2397.501,2398.211,2393.033,2397.859,4406
2024-07-24 23:00:00,2397.903,2401.193,2397.011,2398.669,3819
2024-07-25 00:00:00,2398.72,2399.312,2395.989,2397.104,6022
2024-07-25 01:00:00,2397.062,2399.985,2370.423,2376.35,22594
2024-07-25 02:00:00,2376.339,2380.673,2369.86,2372.58,14299
2024-07-25 03:00:00,2372.508,2375.567,2366.774,2374.755,9322
2024-07-25 04:00:00,2374.704,2378.015,2373.111,2377.547,5691
2024-07-25 05:00:00,2377.564,2377.838,2369.022,2376.255,7433
2024-07-25 06:00:00,2376.298,2378.733,2369.868,2371.995,8519
2024-07-25 07:00:00,2372.036,2377.454,2365.752,2374.02,8674
2024-07-25 08:00:00,2374.073,2377.563,2372.031,2374.71,7763
2024-07-25 09:00:00,2374.663,2376.183,2370.483,2373.698,6796
2024-07-25 10:00:00,2373.737,2382.529,2371.919,2381.154,6566
2024-07-25 11:00:00,2381.193,2381.765,2367.984,2368.56,8319
2024-07-25 12:00:00,2368.562,2377.31,2362.72,2371.138,18224
2024-07-25 13:00:00,2371.091,2376.338,2362.037,2364.895,20877
2024-07-25 14:00:00,2364.828,2368.453,2357.919,2366.775,17583
2024-07-25 15:00:00,2366.684,2368.399,2362.102,2363.151,10103
2024-07-25 16:00:00,2363.123,2364.538,2357.472,2362.614,8943
2024-07-25 17:00:00,2362.662,2365.522,2353.086,2356.053,10188
2024-07-25 18:00:00,2356.276,2360.275,2354.259,2357.113,6217
2024-07-25 19:00:00,2357.093,2363.901,2356.062,2362.579,5503
2024-07-25 20:00:00,2362.608,2365.25,2359.346,2365.016,4924
2024-07-25 22:00:00,2364.122,2365.455,2362.857,2363.351,2214
2024-07-25 23:00:00,2363.36,2364.741,2362.024,2363.801,3093
2024-07-26 00:00:00,2363.849,2365.405,2362.146,2362.727,4235
2024-07-26 01:00:00,2362.726,2373.95,2355.842,2373.473,10138
2024-07-26 02:00:00,2373.512,2379.402,2370.489,2374.247,7540
2024-07-26 03:00:00,2374.25,2378.278,2371.474,2371.779,6447
2024-07-26 04:00:00,2371.821,2372.868,2369.711,2369.799,4345
2024-07-26 05:00:00,2369.796,2375.252,2368.149,2374.291,6149
2024-07-26 06:00:00,2374.321,2374.426,2365.214,2369.529,7178
2024-07-26 07:00:00,2369.593,2371.934,2367.576,2371.462,5933
2024-07-26 08:00:00,2371.503,2374.148,2369.344,2372.912,5915
2024-07-26 09:00:00,2372.87,2374.486,2371.609,2373.732,5229
2024-07-26 10:00:00,2373.731,2375.331,2372.628,2372.687,4408
2024-07-26 11:00:00,2372.649,2375.803,2370.223,2373.278,5028
2024-07-26 12:00:00,2373.274,2379.028,2371.028,2377.456,11520
2024-07-26 13:00:00,2377.455,2383.215,2373.945,2381.677,12309
2024-07-26 14:00:00,2381.584,2390.799,2380.096,2381.914,13434
2024-07-26 15:00:00,2381.871,2386.88,2379.909,2385.137,7839
2024-07-26 16:00:00,2385.184,2390.391,2384.598,2389.117,6143
2024-07-26 17:00:00,2389.081,2389.21,2381.125,2383.374,5707
2024-07-26 18:00:00,2383.37,2386.216,2382.753,2384.311,4436
2024-07-26 19:00:00,2384.364,2387.038,2382.633,2386.312,4265
2024-07-26 20:00:00,2386.351,2388.853,2385.432,2387.114,3266
2024-07-28 22:00:00,2387.944,2403.155,2387.857,2395.767,7051
2024-07-28 23:00:00,2395.807,2399.004,2394.59,2397.006,4127
2024-07-29 00:00:00,2397.045,2401.614,2397.002,2400.056,5578
2024-07-29 01:00:00,2400.086,2402.485,2388.614,2392.725,10983
2024-07-29 02:00:00,2392.682,2394.702,2390.894,2393.241,6145
2024-07-29 03:00:00,2393.211,2395.255,2391.865,2394.526,4697
2024-07-29 04:00:00,2394.505,2396.005,2393.286,2394.845,4121
2024-07-29 05:00:00,2394.817,2396.263,2390.218,2392.792,5481
2024-07-29 06:00:00,2392.75,2395.44,2390.67,2391.765,5983
2024-07-29 07:00:00,2391.743,2394.394,2389.426,2391.569,7460
2024-07-29 08:00:00,2391.558,2392.73,2386.926,2390.307,6564
2024-07-29 09:00:00,2390.374,2393.49,2389.801,2392.702,5504
2024-07-29 10:00:00,2392.783,2395.368,2392.013,2392.608,5182
2024-07-29 11:00:00,2392.567,2393.012,2386.809,2387.729,5701
2024-07-29 12:00:00,2387.732,2394.19,2385.385,2393.785,8697
2024-07-29 13:00:00,2393.777,2396.786,2389.799,2392.086,11200
2024-07-29 14:00:00,2392.113,2394.031,2380.045,2381.258,11265
2024-07-29 15:00:00,2381.219,2382.973,2369.523,2376.803,12695
2024-07-29 16:00:00,2376.832,2379.029,2374.5,2378.082,6146
2024-07-29 17:00:00,2378.115,2383.45,2377.441,2378.27,6814
2024-07-29 18:00:00,2378.296,2380.774,2376.936,2379.563,4621
2024-07-29 19:00:00,2379.619,2385.418,2378.31,2383.092,5102
2024-07-29 20:00:00,2383.048,2384.571,2381.248,2383.853,2706
2024-07-29 22:00:00,2382.681,2384.948,2382.174,2384.02,1531
2024-07-29 23:00:00,2384.074,2384.29,2380.889,2381.143,2637
2024-07-30 00:00:00,2381.186,2383.801,2380.17,2381.85,3920
2024-07-30 01:00:00,2381.848,2382.425,2376.471,2379.739,8856
2024-07-30 02:00:00,2379.678,2383.236,2378.52,2381.743,5777
2024-07-30 03:00:00,2381.789,2385.963,2381.454,2385.741,4998
2024-07-30 04:00:00,2385.73,2388.334,2385.637,2386.327,3933
2024-07-30 05:00:00,2386.4,2389.854,2386.006,2388.703,5505
2024-07-30 06:00:00,2388.734,2391.037,2387.762,2390.322,6511
2024-07-30 07:00:00,2390.364,2391.971,2388.849,2390.225,6116
2024-07-30 08:00:00,2390.264,2391.495,2388.564,2389.458,5135
2024-07-30 09:00:00,2389.451,2390.104,2387.795,2389.089,4521
2024-07-30 10:00:00,2389.044,2392.44,2387.867,2391.643,4842
2024-07-30 11:00:00,2391.659,2392.165,2386.872,2387.115,5062
2024-07-30 12:00:00,2387.109,2388.356,2385.669,2386.505,6606
2024-07-30 13:00:00,2386.552,2397.727,2385.784,2394.128,13249
2024-07-30 14:00:00,2394.048,2395.975,2387.516,2391.73,13435
2024-07-30 15:00:00,2391.682,2392.45,2383.32,2385.26,9751
2024-07-30 16:00:00,2385.303,2400.277,2384.953,2399.745,8193
2024-07-30 17:00:00,2399.773,2411.07,2399.773,2405.707,12758
2024-07-30 18:00:00,2405.735,2407.363,2403.606,2404.83,5195
2024-07-30 19:00:00,2404.847,2408.418,2403.779,2407.008,4472
2024-07-30 20:00:00,2406.975,2412.799,2406.947,2411.011,4858
2024-07-30 22:00:00,2409.447,2410.926,2408.001,2409.195,2881
2024-07-30 23:00:00,2409.225,2410.274,2408.512,2409.807,3098
2024-07-31 00:00:00,2409.81,2410.036,2407.824,2408.966,3992
2024-07-31 01:00:00,2408.919,2412.2,2403.876,2409.132,9364
2024-07-31 02:00:00,2409.071,2409.395,2404.085,2407.383,7103
2024-07-31 03:00:00,2407.377,2419.165,2407.162,2416.442,9279
2024-07-31 04:00:00,2416.473,2421.367,2414.385,2421.136,6068
2024-07-31 05:00:00,2421.136,2422.212,2417.296,2417.793,6072
2024-07-31 06:00:00,2417.752,2425.51,2416.469,2421.322,7541
2024-07-31 07:00:00,2421.364,2421.909,2415.85,2417.175,7187
2024-07-31 08:00:00,2417.137,2421.732,2415.436,2421.41,6912
2024-07-31 09:00:00,2421.434,2422.288,2417.847,2420.981,4897
2024-07-31 10:00:00,2421.012,2422.893,2417.587,2418.514,5056
2024-07-31 11:00:00,2418.406,2423.262,2418.093,2419.576,5689
2024-07-31 12:00:00,2419.629,2422.95,2417.27,2420.467,10156
2024-07-31 13:00:00,2420.479,2427.556,2417.811,2426.11,10972
2024-07-31 14:00:00,2426.141,2428.991,2419.183,2422.335,12686
2024-07-31 15:00:00,2422.385,2424.246,2419.982,2423.098,7979
2024-07-31 16:00:00,2423.139,2427.724,2422.405,2426.888,5775
2024-07-31 17:00:00,2426.93,2428.987,2425.716,2426.011,6131
2024-07-31 18:00:00,2426.131,2435.373,2421.537,2433.612,14945
2024-07-31 19:00:00,2433.571,2450.853,2431.119,2449.804,14998
2024-07-31 20:00:00,2449.758,2450.968,2446.193,2447.786,5680
2024-07-31 22:00:00,2449.173,2449.505,2446.974,2447.555,2863
2024-07-31 23:00:00,2447.594,2447.928,2444.095,2445.743,3220
2024-08-01 00:00:00,2445.725,2449.45,2445.233,2447.575,6357
2024-08-01 01:00:00,2447.539,2458.378,2446.053,2451.357,13857
2024-08-01 02:00:00,2451.407,2451.459,2437.256,2441.167,10290
2024-08-01 03:00:00,2441.205,2444.63,2439.321,2442.777,6925
2024-08-01 04:00:00,2442.769,2446.776,2442.418,2444.239,4955
2024-08-01 05:00:00,2444.212,2448.003,2443.541,2446.906,6466
2024-08-01 06:00:00,2446.86,2448.807,2444.087,2444.795,8506
2024-08-01 07:00:00,2444.835,2444.861,2439.871,2440.325,7314
2024-08-01 08:00:00,2440.282,2442.323,2433.144,2433.855,8446
2024-08-01 09:00:00,2433.849,2435.044,2430.192,2432.953,7290
2024-08-01 10:00:00,2433.001,2436.765,2431.97,2435.187,6184
2024-08-01 11:00:00,2435.108,2442.888,2434.332,2440.741,6651
2024-08-01 12:00:00,2440.723,2454.872,2440.282,2450.6,12101
2024-08-01 13:00:00,2450.718,2457.381,2448.421,2453.69,15474
2024-08-01 14:00:00,2453.699,2462.29,2443.175,2448.504,22993
2024-08-01 15:00:00,2448.467,2451.743,2442.064,2445.213,14243
2024-08-01 16:00:00,2445.265,2448.761,2443.382,2444.468,9551
2024-08-01 17:00:00,2444.457,2444.699,2435.733,2439.283,10942
2024-08-01 18:00:00,2439.24,2441.002,2434.881,2439.563,7403
2024-08-01 19:00:00,2439.531,2444.102,2438.306,2443.053,6075
2024-08-01 20:00:00,2443.021,2447.553,2441.722,2446.649,4286
2024-08-01 22:00:00,2446.364,2447.367,2443.631,2445.155,4042
2024-08-01 23:00:00,2445.148,2446.526,2444.124,2445.844,3896
2024-08-02 00:00:00,2445.886,2452.36,2443.902,2449.05,6551
2024-08-02 01:00:00,2449.045,2450.977,2434.872,2447.179,13599
2024-08-02 02:00:00,2447.209,2455.698,2446.673,2455.616,10745
2024-08-02 03:00:00,2455.535,2459.412,2451.575,2454.432,8089
2024-08-02 04:00:00,2454.422,2460.289,2454.191,2457.833,5187
2024-08-02 05:00:00,2457.873,2466.889,2457.627,2466.72,7335
2024-08-02 06:00:00,2466.758,2468.48,2462.407,2465.599,9058
2024-08-02 07:00:00,2465.506,2466.736,2460.216,2461.538,8657
2024-08-02 08:00:00,2461.586,2465.304,2460.946,2462.063,6745
2024-08-02 09:00:00,2462.101,2464.237,2460.885,2463.884,5625
2024-08-02 10:00:00,2463.912,2465.371,2460.829,2463.593,5951
2024-08-02 11:00:00,2463.632,2464.651,2457.531,2459.259,7448
2024-08-02 12:00:00,2459.216,2477.722,2455.781,2472.856,22830
2024-08-02 13:00:00,2472.828,2474.233,2455.688,2469.775,28762
2024-08-02 14:00:00,2469.824,2474.369,2428.187,2431.556,38734
2024-08-02 15:00:00,2431.502,2435.742,2410.794,2433.162,32547
2024-08-02 16:00:00,2433.068,2439.293,2426.261,2430.518,18013
2024-08-02 17:00:00,2430.47,2431.601,2422.932,2427.846,10211
2024-08-02 18:00:00,2427.787,2433.632,2426.486,2428.986,7031
2024-08-02 19:00:00,2429.011,2438.237,2425.587,2437.618,7374
2024-08-02 20:00:00,2437.645,2442.472,2435.539,2441.892,4865
2024-08-04 22:00:00,2441.007,2446.342,2437.915,2441.39,6717
2024-08-04 23:00:00,2441.378,2445.778,2439.071,2440.952,6587
2024-08-05 00:00:00,2440.984,2440.984,2413.767,2422.122,24107
2024-08-05 01:00:00,2422.091,2441.938,2420.129,2439.432,23646
2024-08-05 02:00:00,2439.483,2446.165,2433.078,2442.786,11900
2024-08-05 03:00:00,2442.691,2452.51,2442.686,2450.957,10002
2024-08-05 04:00:00,2451.022,2458.836,2450.913,2452.722,10449
2024-08-05 05:00:00,2452.656,2452.656,2432.395,2437.913,17523
2024-08-05 06:00:00,2437.961,2438.711,2422.064,2428.563,21504
2024-08-05 07:00:00,2428.538,2445.624,2424.557,2431.98,15289
2024-08-05 08:00:00,2432.021,2434.431,2423.262,2424.991,12111
2024-08-05 09:00:00,2425.03,2428.73,2419.124,2424.069,13760
2024-08-05 10:00:00,2424.185,2425.655,2408.076,2408.625,12553
2024-08-05 11:00:00,2408.577,2408.577,2383.268,2386.736,22158
2024-08-05 12:00:00,2386.772,2392.23,2364.267,2374.48,32791
2024-08-05 13:00:00,2374.518,2396.993,2374.518,2393.32,35878
2024-08-05 14:00:00,2393.309,2397.515,2386.894,2396.548,25209
2024-08-05 15:00:00,2396.52,2412.236,2396.468,2402.838,20665
2024-08-05 16:00:00,2402.768,2408.726,2398.986,2403.063,12858
2024-08-05 17:00:00,2403.034,2406.63,2400.196,2405.023,10515
2024-08-05 18:00:00,2405.013,2408.923,2403.7,2404.941,7172
2024-08-05 19:00:00,2404.974,2413.06,2404.619,2407.68,7738
2024-08-05 20:00:00,2407.645,2411.608,2405.412,2409.343,5376
2024-08-05 22:00:00,2410.644,2412.562,2407.909,2408.865,3562
2024-08-05 23:00:00,2408.933,2410.001,2404.34,2404.837,4964
2024-08-06 00:00:00,2404.865,2418.307,2404.515,2415.9,10021
2024-08-06 01:00:00,2415.829,2417.685,2410.713,2412.389,12968
2024-08-06 02:00:00,2412.36,2413.247,2405.825,2407.428,9158
2024-08-06 03:00:00,2407.468,2411.08,2406.491,2408.982,6907
2024-08-06 04:00:00,2409.013,2412.618,2406.335,2408.073,6707
2024-08-06 05:00:00,2408.07,2411.874,2398.1,2398.771,11710
2024-08-06 06:00:00,2398.867,2408.29,2394.793,2401.541,15730
2024-08-06 07:00:00,2401.522,2410.655,2401.431,2409.835,11209
2024-08-06 08:00:00,2409.935,2415.409,2408.073,2411.06,8688
2024-08-06 09:00:00,2411.139,2415.544,2410.311,2413.298,7793
2024-08-06 10:00:00,2413.285,2416.344,2411.54,2412.361,7163
2024-08-06 11:00:00,2412.339,2415.292,2410.104,2410.955,7906
2024-08-06 12:00:00,2410.996,2412.21,2391.723,2393.11,15185
2024-08-06 13:00:00,2393.143,2399.469,2388.812,2395.69,21973
2024-08-06 14:00:00,2395.604,2403.207,2386.216,2388.355,20879
2024-08-06 15:00:00,2388.318,2391.177,2381.404,2387.536,17877
2024-08-06 16:00:00,2387.571,2391.395,2385.548,2389.908,8955
2024-08-06 17:00:00,2389.862,2393.502,2387.575,2391.899,8545
2024-08-06 18:00:00,2391.877,2396.014,2391.33,2392.738,5842
2024-08-06 19:00:00,2392.808,2393.058,2386.377,2387.732,6756
2024-08-06 20:00:00,2387.759,2389.535,2386.805,2389.141,3910
2024-08-06 22:00:00,2389.898,2390.487,2387.965,2388.688,3303
2024-08-06 23:00:00,2388.69,2389.653,2382.755,2383.778,4301
2024-08-07 00:00:00,2383.724,2387.428,2381.083,2386.538,6898
2024-08-07 01:00:00,2386.566,2387.569,2378.941,2384.017,15607
2024-08-07 02:00:00,2383.97,2388.44,2380.882,2384.219,12558
2024-08-07 03:00:00,2384.184,2387.541,2383.191,2385.948,7030
2024-08-07 04:00:00,2385.985,2394.687,2385.687,2392.833,5877
2024-08-07 05:00:00,2392.818,2396.24,2388.631,2391.382,8761
2024-08-07 06:00:00,2391.422,2397.582,2389.576,2394.786,8268
2024-08-07 07:00:00,2394.824,2394.901,2387.972,2389.31,7804
2024-08-07 08:00:00,2389.359,2393.723,2388.262,2393.296,7090
2024-08-07 09:00:00,2393.308,2396.445,2392.433,2394.34,5925
2024-08-07 10:00:00,2394.368,2398.152,2393.143,2397.44,5362
2024-08-07 11:00:00,2397.407,2402.36,2394.193,2401.178,7102
2024-08-07 12:00:00,2401.164,2407.09,2398.846,2403.846,8760
2024-08-07 13:00:00,2403.878,2404.895,2396.933,2400.05,11929
2024-08-07 14:00:00,2399.951,2403.392,2397.903,2399.125,11295
2024-08-07 15:00:00,2399.078,2401.773,2391.932,2394.452,11688
2024-08-07 16:00:00,2394.45,2399.748,2392.775,2399.631,6544
2024-08-07 17:00:00,2399.586,2399.714,2389.415,2389.872,7861
2024-08-07 18:00:00,2389.825,2391.67,2383.773,2386.146,8297
2024-08-07 19:00:00,2386.185,2390.521,2385.319,2385.719,5855
2024-08-07 20:00:00,2385.67,2387.382,2381.693,2382.762,3964
2024-08-07 22:00:00,2382.322,2384.401,2380.884,2383.656,3523
2024-08-07 23:00:00,2383.655,2385.933,2382.782,2384.791,4275
2024-08-08 00:00:00,2384.835,2388.775,2383.263,2385.472,6441
2024-08-08 01:00:00,2385.435,2391.325,2384.961,2386.83,11231
2024-08-08 02:00:00,2386.795,2390.846,2386.268,2390.39,6453
2024-08-08 03:00:00,2390.376,2394.698,2388.622,2394.316,5494
2024-08-08 04:00:00,2394.255,2396.405,2392.693,2394.354,5574
2024-08-08 05:00:00,2394.309,2395.52,2392.427,2395.252,6059
2024-08-08 06:00:00,2395.29,2400.64,2392.657,2397.686,9001
2024-08-08 07:00:00,2397.652,2400.275,2394.714,2396.736,7192
2024-08-08 08:00:00,2396.786,2398.077,2392.869,2394.57,5504
2024-08-08 09:00:00,2394.609,2398.968,2393.814,2396.2,5972
2024-08-08 10:00:00,2396.189,2406.491,2396.189,2405.115,6768
2024-08-08 11:00:00,2405.085,2413.632,2404.863,2412.192,9658
2024-08-08 12:00:00,2412.152,2415.554,2407.028,2408.037,14777
2024-08-08 13:00:00,2408.073,2415.481,2402.295,2414.156,17134
2024-08-08 14:00:00,2414.173,2424.365,2409.266,2413.737,20551
2024-08-08 15:00:00,2413.792,2420.272,2411.81,2418.686,8523
2024-08-08 16:00:00,2418.645,2423.815,2416.655,2418.062,7097
2024-08-08 17:00:00,2418.102,2424.942,2415.797,2423.56,7836
2024-08-08 18:00:00,2423.534,2426.361,2422.282,2423.973,5270
2024-08-08 19:00:00,2423.97,2424.884,2421.498,2423.532,4932
2024-08-08 20:00:00,2423.554,2427.68,2422.962,2427.136,3312
2024-08-08 22:00:00,2426.817,2427.818,2424.552,2425.777,3408
2024-08-08 23:00:00,2425.809,2426.464,2422.829,2424.589,3344
2024-08-09 00:00:00,2424.519,2425.361,2422.533,2424.006,4993
2024-08-09 01:00:00,2423.981,2427.676,2420.102,2427.208,8771
2024-08-09 02:00:00,2427.166,2429.0,2422.355,2422.548,6574
2024-08-09 03:00:00,2422.507,2423.394,2419.222,2421.089,5335
2024-08-09 04:00:00,2421.046,2424.51,2420.183,2423.846,4363
2024-08-09 05:00:00,2423.833,2423.982,2417.114,2417.171,6665
2024-08-09 06:00:00,2417.128,2421.782,2416.829,2420.683,6791
2024-08-09 07:00:00,2420.641,2427.054,2420.326,2423.128,6109
2024-08-09 08:00:00,2423.183,2426.785,2422.189,2424.432,5829
2024-08-09 09:00:00,2424.501,2425.571,2422.639,2423.584,5193
2024-08-09 10:00:00,2423.59,2431.556,2422.993,2430.438,5992
2024-08-09 11:00:00,2430.424,2432.64,2425.142,2426.761,6785
2024-08-09 12:00:00,2426.734,2429.886,2423.697,2429.61,8217
2024-08-09 13:00:00,2429.568,2433.193,2420.955,2426.738,16973
2024-08-09 14:00:00,2426.617,2435.956,2425.399,2428.682,15636
2024-08-09 15:00:00,2428.642,2432.563,2426.429,2431.47,9527
2024-08-09 16:00:00,2431.514,2434.763,2427.508,2434.423,6288
2024-08-09 17:00:00,2434.414,2437.011,2430.487,2430.564,6420
2024-08-09 18:00:00,2430.573,2430.918,2427.157,2429.782,5087
2024-08-09 19:00:00,2429.812,2430.096,2427.378,2429.079,4508
2024-08-09 20:00:00,2429.118,2431.172,2429.118,2430.805,3049
2024-08-11 22:00:00,2428.36,2433.234,2427.32,2430.405,3334
2024-08-11 23:00:00,2430.403,2430.605,2427.247,2427.927,3163
2024-08-12 00:00:00,2427.928,2429.088,2426.731,2428.507,3510
2024-08-12 01:00:00,2428.471,2430.288,2424.633,2425.985,5841
2024-08-12 02:00:00,2425.971,2427.444,2423.825,2426.243,5050
2024-08-12 03:00:00,2426.197,2429.39,2425.722,2428.572,4130
2024-08-12 04:00:00,2428.515,2433.522,2428.205,2433.331,3199
2024-08-12 05:00:00,2433.337,2435.04,2429.102,2434.595,5870
2024-08-12 06:00:00,2434.655,2437.183,2433.637,2436.762,5804
2024-08-12 07:00:00,2436.713,2442.819,2435.429,2441.573,5683
2024-08-12 08:00:00,2441.614,2443.827,2439.576,2442.018,5538
2024-08-12 09:00:00,2441.998,2445.058,2440.525,2442.622,5498
2024-08-12 10:00:00,2442.691,2444.694,2441.44,2443.781,4939
2024-08-12 11:00:00,2443.78,2444.182,2439.647,2441.498,5649
2024-08-12 12:00:00,2441.506,2445.436,2441.409,2444.334,5995
2024-08-12 13:00:00,2444.343,2457.472,2442.095,2454.182,12837
2024-08-12 14:00:00,2454.137,2455.485,2444.5,2453.218,12619
2024-08-12 15:00:00,2453.259,2460.686,2452.882,2459.735,10420
2024-08-12 16:00:00,2459.78,2466.152,2458.93,2463.161,7301
2024-08-12 17:00:00,2463.116,2468.55,2461.763,2467.11,6197
2024-08-12 18:00:00,2467.15,2470.959,2466.344,2470.315,5434
2024-08-12 19:00:00,2470.297,2472.194,2469.679,2470.473,4300
2024-08-12 20:00:00,2470.446,2473.189,2470.413,2472.391,2747
2024-08-12 22:00:00,2470.85,2474.143,2470.151,2473.664,2844
2024-08-12 23:00:00,2473.673,2476.033,2472.737,2475.536,3269
2024-08-13 00:00:00,2475.58,2476.963,2468.462,2472.175,5112
2024-08-13 01:00:00,2472.132,2473.712,2460.792,2466.357,10751
2024-08-13 02:00:00,2466.323,2467.731,2461.503,2461.503,5708
2024-08-13 03:00:00,2461.48,2464.685,2461.353,2463.449,5517
2024-08-13 04:00:00,2463.513,2465.041,2460.124,2462.015,4189
2024-08-13 05:00:00,2461.963,2464.334,2458.493,2462.736,6288
2024-08-13 06:00:00,2462.788,2464.62,2461.139,2463.252,5609
2024-08-13 07:00:00,2463.225,2466.152,2460.765,2464.26,6116
2024-08-13 08:00:00,2464.302,2464.371,2458.89,2460.573,5544
2024-08-13 09:00:00,2460.596,2462.111,2458.834,2460.701,4698
2024-08-13 10:00:00,2460.693,2463.458,2459.389,2462.197,5215
2024-08-13 11:00:00,2462.17,2466.607,2461.525,2465.797,6021
2024-08-13 12:00:00,2465.757,2472.507,2464.282,2467.604,10148
2024-08-13 13:00:00,2467.575,2475.657,2458.908,2472.879,15472
2024-08-13 14:00:00,2472.843,2473.231,2464.03,2471.222,11030
2024-08-13 15:00:00,2471.266,2473.042,2465.971,2468.642,7135
2024-08-13 16:00:00,2468.6,2471.086,2466.312,2469.438,5906
2024-08-13 17:00:00,2469.454,2470.304,2465.887,2467.632,5275
2024-08-13 18:00:00,2467.646,2468.916,2466.337,2467.748,4487
2024-08-13 19:00:00,2467.703,2468.763,2462.235,2466.912,4660
2024-08-13 20:00:00,2466.922,2467.835,2464.531,2465.234,2830
2024-08-13 22:00:00,2466.687,2466.906,2463.904,2465.559,2045
2024-08-13 23:00:00,2465.522,2465.522,2462.942,2464.06,2621
2024-08-14 00:00:00,2464.104,2467.401,2463.928,2465.709,3834
2024-08-14 01:00:00,2465.671,2472.493,2464.597,2465.427,8093
2024-08-14 02:00:00,2465.397,2465.741,2455.271,2459.863,9562
2024-08-14 03:00:00,2459.807,2461.555,2458.762,2460.792,5176
2024-08-14 04:00:00,2460.815,2462.941,2459.791,2461.813,4160
2024-08-14 05:00:00,2461.769,2462.557,2459.264,2462.052,4590
2024-08-14 06:00:00,2462.089,2467.736,2460.298,2467.466,6763
2024-08-14 07:00:00,2467.412,2471.893,2466.292,2470.85,5552
2024-08-14 08:00:00,2470.822,2478.789,2468.677,2474.443,7027
2024-08-14 09:00:00,2474.401,2475.386,2470.992,2472.789,5162
2024-08-14 10:00:00,2472.826,2476.161,2470.472,2474.947,4950
2024-08-14 11:00:00,2474.873,2475.244,2471.698,2474.696,4942
2024-08-14 12:00:00,2474.735,2480.064,2462.321,2468.796,17176
2024-08-14 13:00:00,2468.741,2469.58,2449.324,2457.428,23613
2024-08-14 14:00:00,2457.401,2458.324,2446.93,2450.267,18567
2024-08-14 15:00:00,2450.217,2452.178,2442.009,2444.024,11708
2024-08-14 16:00:00,2443.972,2445.485,2437.995,2444.122,8534
2024-08-14 17:00:00,2444.104,2445.028,2440.323,2441.554,6063
2024-08-14 18:00:00,2441.593,2448.009,2440.632,2447.678,5171
2024-08-14 19:00:00,2447.64,2448.449,2444.307,2447.224,4374
2024-08-14 20:00:00,2447.125,2448.367,2446.529,2447.929,2526
2024-08-14 22:00:00,2447.924,2448.593,2446.433,2447.847,1946
2024-08-14 23:00:00,2447.883,2449.482,2447.153,2449.408,2641
2024-08-15 00:00:00,2449.396,2454.286,2448.418,2450.156,4663
2024-08-15 01:00:00,2450.122,2453.528,2448.211,2450.688,8433
2024-08-15 02:00:00,2450.719,2452.53,2449.756,2451.454,5573
2024-08-15 03:00:00,2451.463,2454.357,2451.246,2453.68,3851
2024-08-15 04:00:00,2453.702,2455.485,2452.696,2453.379,3671
2024-08-15 05:00:00,2453.325,2455.038,2450.28,2453.811,5354
2024-08-15 06:00:00,2453.865,2458.787,2452.711,2456.045,7213
2024-08-15 07:00:00,2455.997,2456.634,2454.346,2455.71,5037
2024-08-15 08:00:00,2455.701,2457.227,2453.527,2455.455,5358
2024-08-15 09:00:00,2455.475,2457.215,2455.278,2456.734,4150
2024-08-15 10:00:00,2456.77,2460.273,2456.77,2458.176,4448
2024-08-15 11:00:00,2458.22,2464.166,2457.863,2463.525,6057
2024-08-15 12:00:00,2463.581,2470.095,2440.995,2441.19,20238
2024-08-15 13:00:00,2441.23,2451.528,2432.094,2444.43,26707
2024-08-15 14:00:00,2444.46,2458.576,2444.46,2452.337,16836
2024-08-15 15:00:00,2452.308,2459.628,2450.52,2458.394,10012
2024-08-15 16:00:00,2458.438,2459.925,2455.018,2455.694,6071
2024-08-15 17:00:00,2455.741,2456.512,2453.4,2455.441,5801
2024-08-15 18:00:00,2455.434,2458.318,2454.835,2458.224,4784
2024-08-15 19:00:00,2458.219,2461.621,2454.059,2455.566,5145
2024-08-15 20:00:00,2455.52,2457.49,2454.672,2456.457,3100
2024-08-15 22:00:00,2455.96,2456.212,2454.579,2454.922,1662
2024-08-15 23:00:00,2454.883,2458.252,2454.397,2457.303,3069
2024-08-16 00:00:00,2457.31,2459.767,2456.883,2458.373,3626
2024-08-16 01:00:00,2458.365,2460.028,2455.676,2457.382,6499
2024-08-16 02:00:00,2457.311,2457.699,2453.584,2454.944,5683
2024-08-16 03:00:00,2454.963,2455.697,2450.714,2452.397,5382
2024-08-16 04:00:00,2452.436,2453.736,2451.908,2452.746,3224
2024-08-16 05:00:00,2452.744,2456.317,2452.601,2455.681,4694
2024-08-16 06:00:00,2455.694,2457.817,2454.625,2454.995,5590
2024-08-16 07:00:00,2455.025,2464.489,2451.07,2461.97,6879
2024-08-16 08:00:00,2462.047,2464.02,2459.102,2462.295,5614
2024-08-16 09:00:00,2462.299,2464.325,2461.165,2463.275,4664
2024-08-16 10:00:00,2463.314,2468.154,2462.785,2464.639,5707
2024-08-16 11:00:00,2464.609,2472.309,2464.609,2472.113,7000
2024-08-16 12:00:00,2472.074,2492.413,2471.251,2491.591,12919
2024-08-16 13:00:00,2491.637,2500.52,2483.61,2494.759,21294
2024-08-16 14:00:00,2494.757,2495.084,2477.462,2487.223,21311
2024-08-16 15:00:00,2487.26,2492.333,2485.622,2491.691,8766
2024-08-16 16:00:00,2491.775,2497.85,2491.651,2495.903,7776
2024-08-16 17:00:00,2495.808,2500.163,2493.097,2499.698,6522
2024-08-16 18:00:00,2499.707,2505.562,2498.403,2503.303,6030
2024-08-16 19:00:00,2503.351,2509.027,2501.705,2507.862,5777
2024-08-16 20:00:00,2507.916,2509.783,2505.539,2507.82,4270
2024-08-18 22:00:00,2506.304,2506.304,2502.271,2504.831,4973
2024-08-18 23:00:00,2504.906,2506.778,2503.411,2506.45,2398
2024-08-19 00:00:00,2506.439,2506.771,2500.329,2502.059,5397
2024-08-19 01:00:00,2502.106,2506.023,2494.912,2498.174,13058
2024-08-19 02:00:00,2498.117,2504.01,2496.129,2503.472,6829
2024-08-19 03:00:00,2503.431,2505.829,2500.511,2503.214,6481
2024-08-19 04:00:00,2503.172,2504.737,2498.807,2500.708,4963
2024-08-19 05:00:00,2500.659,2502.478,2499.089,2501.103,6232
2024-08-19 06:00:00,2501.063,2505.181,2499.631,2502.155,6956
2024-08-19 07:00:00,2502.199,2504.933,2499.736,2502.992,6326
2024-08-19 08:00:00,2502.945,2507.178,2502.327,2503.044,5639
2024-08-19 09:00:00,2503.029,2504.011,2499.725,2499.947,4715
2024-08-19 10:00:00,2499.904,2500.084,2489.395,2489.795,6858
2024-08-19 11:00:00,2489.773,2495.167,2486.483,2494.41,7364
2024-08-19 12:00:00,2494.415,2495.499,2488.654,2491.087,7283
2024-08-19 13:00:00,2491.135,2495.82,2485.615,2494.651,14088
2024-08-19 14:00:00,2494.618,2504.804,2493.832,2501.286,12128
2024-08-19 15:00:00,2501.335,2505.931,2499.911,2503.934,8088
2024-08-19 16:00:00,2503.898,2507.482,2501.912,2505.475,6671
2024-08-19 17:00:00,2505.482,2505.875,2500.661,2503.153,5782
2024-08-19 18:00:00,2503.145,2504.827,2502.372,2504.23,4205
2024-08-19 19:00:00,2504.189,2505.899,2503.028,2505.403,3823
2024-08-19 20:00:00,2505.443,2505.625,2503.364,2504.052,2183
2024-08-19 22:00:00,2503.234,2504.578,2502.044,2504.272,1954
2024-08-19 23:00:00,2504.263,2504.308,2502.398,2503.544,2264
2024-08-20 00:00:00,2503.554,2506.908,2503.375,2504.976,4097
2024-08-20 01:00:00,2504.934,2508.289,2501.198,2502.0,7495
2024-08-20 02:00:00,2501.986,2502.3,2498.632,2499.71,6397
2024-08-20 03:00:00,2499.667,2502.466,2499.074,2501.727,4190
2024-08-20 04:00:00,2501.789,2502.81,2499.527,2500.853,3246
2024-08-20 05:00:00,2500.896,2503.709,2499.374,2499.442,4666
2024-08-20 06:00:00,2499.4,2505.846,2497.256,2502.38,6889
2024-08-20 07:00:00,2502.291,2515.223,2501.112,2514.878,7282
2024-08-20 08:00:00,2514.905,2523.123,2514.293,2519.749,10959
2024-08-20 09:00:00,2519.811,2525.197,2519.737,2521.747,7058
2024-08-20 10:00:00,2521.703,2524.502,2521.107,2522.809,5395
2024-08-20 11:00:00,2522.769,2527.171,2522.11,2526.224,5817
2024-08-20 12:00:00,2526.267,2529.15,2521.654,2526.725,9314
2024-08-20 13:00:00,2526.771,2531.668,2519.829,2529.909,15567
2024-08-20 14:00:00,2529.854,2530.261,2520.396,2523.87,15144
2024-08-20 15:00:00,2523.823,2524.018,2505.752,2508.518,16656
2024-08-20 16:00:00,2508.549,2510.601,2500.829,2509.002,10617
2024-08-20 17:00:00,2509.037,2513.239,2506.719,2510.526,6355
2024-08-20 18:00:00,2510.495,2515.521,2509.241,2513.334,4782
2024-08-20 19:00:00,2513.328,2515.292,2510.844,2514.951,4268
2024-08-20 20:00:00,2514.994,2516.937,2513.796,2513.981,2400
2024-08-20 22:00:00,2513.347,2515.721,2513.296,2514.691,1950
2024-08-20 23:00:00,2514.761,2516.12,2512.753,2512.964,2729
2024-08-21 00:00:00,2512.976,2515.954,2512.453,2513.528,4069
2024-08-21 01:00:00,2513.568,2517.129,2510.759,2516.915,7696
2024-08-21 02:00:00,2516.92,2519.942,2515.914,2519.335,6013
2024-08-21 03:00:00,2519.34,2519.381,2512.989,2517.386,5016
2024-08-21 04:00:00,2517.433,2517.688,2513.809,2516.136,4128
2024-08-21 05:00:00,2516.141,2518.46,2514.863,2515.191,4552
2024-08-21 06:00:00,2515.225,2519.587,2511.692,2514.519,6733
2024-08-21 07:00:00,2514.447,2516.952,2508.091,2509.751,6963
2024-08-21 08:00:00,2509.723,2512.362,2506.718,2507.271,5750
2024-08-21 09:00:00,2507.231,2509.222,2504.467,2505.652,5453
2024-08-21 10:00:00,2505.614,2509.722,2504.418,2509.302,5263
2024-08-21 11:00:00,2509.344,2513.321,2506.838,2511.823,5384
2024-08-21 12:00:00,2511.781,2513.733,2507.086,2510.488,8096
2024-08-21 13:00:00,2510.528,2512.916,2497.895,2503.001,13764
2024-08-21 14:00:00,2502.952,2506.7,2493.672,2501.527,26325
2024-08-21 15:00:00,2501.566,2511.059,2501.344,2508.287,9738
2024-08-21 16:00:00,2508.227,2508.887,2503.116,2507.063,6698
2024-08-21 17:00:00,2507.097,2511.403,2506.843,2509.433,5570
2024-08-21 18:00:00,2509.398,2519.167,2509.398,2515.883,7404
2024-08-21 19:00:00,2515.901,2516.402,2510.915,2511.559,5513
2024-08-21 20:00:00,2511.513,2512.455,2509.745,2512.061,3165
2024-08-21 22:00:00,2511.984,2513.972,2511.409,2513.869,2072
2024-08-21 23:00:00,2513.888,2514.424,2512.252,2512.684,2115
2024-08-22 00:00:00,2512.732,2514.701,2511.142,2513.696,3947
2024-08-22 01:00:00,2513.689,2514.072,2507.032,2507.645,6670
2024-08-22 02:00:00,2507.664,2508.673,2499.852,2502.263,7131
2024-08-22 03:00:00,2502.345,2504.687,2501.084,2502.329,5703
2024-08-22 04:00:00,2502.344,2502.389,2499.184,2501.922,3847
2024-08-22 05:00:00,2501.879,2506.273,2500.589,2505.495,5403
2024-08-22 06:00:00,2505.513,2510.58,2503.501,2507.538,7658
2024-08-22 07:00:00,2507.497,2509.793,2504.346,2507.102,6662
2024-08-22 08:00:00,2507.104,2507.494,2502.416,2503.6,6092
2024-08-22 09:00:00,2503.578,2508.022,2501.049,2507.223,6130
2024-08-22 10:00:00,2507.267,2509.122,2505.186,2505.32,4746
2024-08-22 11:00:00,2505.277,2506.002,2498.019,2499.506,6925
2024-08-22 12:00:00,2499.539,2504.136,2495.186,2500.661,10660
2024-08-22 13:00:00,2500.618,2501.5,2482.982,2487.915,17825
2024-08-22 14:00:00,2487.887,2487.887,2470.801,2480.02,19469
2024-08-22 15:00:00,2480.011,2484.173,2474.958,2481.794,10569
2024-08-22 16:00:00,2481.842,2485.965,2481.285,2484.204,7364
2024-08-22 17:00:00,2484.182,2484.421,2479.571,2482.207,6346
2024-08-22 18:00:00,2482.253,2484.789,2480.345,2482.296,5441
2024-08-22 19:00:00,2482.249,2483.444,2478.527,2482.983,4691
2024-08-22 20:00:00,2483.021,2484.853,2482.369,2484.319,3237
2024-08-22 22:00:00,2484.521,2485.594,2484.37,2485.151,1552
2024-08-22 23:00:00,2485.142,2487.598,2484.858,2487.564,1905
2024-08-23 00:00:00,2487.574,2492.189,2486.435,2489.96,4706
2024-08-23 01:00:00,2489.945,2491.499,2487.835,2490.801,7501
2024-08-23 02:00:00,2490.841,2491.587,2486.675,2489.933,5643
2024-08-23 03:00:00,2489.885,2493.753,2489.448,2493.165,5133
2024-08-23 04:00:00,2493.153,2494.534,2492.554,2493.313,3759
2024-08-23 05:00:00,2493.333,2495.768,2491.096,2491.8,5026
2024-08-23 06:00:00,2491.78,2494.638,2490.567,2492.964,5565
2024-08-23 07:00:00,2493.004,2494.072,2491.64,2493.384,6043
2024-08-23 08:00:00,2493.338,2499.915,2492.991,2498.905,5564
2024-08-23 09:00:00,2498.911,2501.873,2496.887,2498.976,5515
2024-08-23 10:00:00,2498.931,2499.327,2495.597,2499.009,5056
2024-08-23 11:00:00,2498.959,2502.496,2497.388,2501.571,5144
2024-08-23 12:00:00,2501.557,2502.379,2498.358,2501.332,6839
2024-08-23 13:00:00,2501.299,2503.903,2494.453,2498.544,10736
2024-08-23 14:00:00,2497.992,2517.862,2497.803,2509.138,31669
2024-08-23 15:00:00,2509.165,2518.35,2507.91,2509.845,14142
2024-08-23 16:00:00,2509.884,2510.51,2501.675,2510.244,10290
2024-08-23 17:00:00,2510.318,2513.242,2509.489,2510.918,6932
2024-08-23 18:00:00,2510.908,2511.87,2508.98,2509.826,4754
2024-08-23 19:00:00,2509.794,2512.802,2507.817,2510.772,4816
2024-08-23 20:00:00,2510.745,2512.463,2509.532,2512.357,3101
2024-08-25 22:00:00,2512.067,2514.663,2511.076,2512.954,3085
2024-08-25 23:00:00,2512.978,2516.683,2512.921,2515.903,4342
2024-08-26 00:00:00,2515.89,2517.001,2512.467,2513.729,5515
2024-08-26 01:00:00,2513.72,2515.514,2510.553,2513.344,8648
2024-08-26 02:00:00,2513.377,2515.339,2511.748,2511.955,5102
2024-08-26 03:00:00,2511.949,2512.967,2509.33,2509.769,4582
2024-08-26 04:00:00,2509.739,2510.842,2508.869,2509.638,3961
2024-08-26 05:00:00,2509.618,2511.253,2508.646,2510.571,4847
2024-08-26 06:00:00,2510.607,2515.392,2509.804,2515.117,6612
2024-08-26 07:00:00,2515.072,2521.82,2514.169,2521.408,7988
2024-08-26 08:00:00,2521.412,2525.782,2520.702,2524.19,6491
2024-08-26 09:00:00,2524.235,2525.563,2523.345,2524.979,5283
2024-08-26 10:00:00,2524.992,2526.627,2522.517,2524.926,5658
2024-08-26 11:00:00,2524.893,2526.906,2520.856,2526.533,6801
2024-08-26 12:00:00,2526.467,2527.009,2522.573,2523.841,9336
2024-08-26 13:00:00,2523.801,2526.444,2515.435,2515.883,15108
2024-08-26 14:00:00,2515.923,2519.018,2510.633,2516.913,13595
2024-08-26 15:00:00,2516.871,2517.455,2511.389,2515.787,9498
2024-08-26 16:00:00,2515.831,2520.511,2513.518,2520.209,6398
2024-08-26 17:00:00,2520.161,2523.391,2516.454,2518.04,6342
2024-08-26 18:00:00,2518.037,2519.496,2515.489,2516.931,4528
2024-08-26 19:00:00,2516.886,2520.967,2516.795,2518.169,4464
2024-08-26 20:00:00,2518.204,2519.095,2517.424,2518.229,2385
2024-08-26 22:00:00,2517.94,2518.051,2517.021,2517.303,1584
2024-08-26 23:00:00,2517.321,2517.688,2515.406,2515.512,2001
2024-08-27 00:00:00,2515.477,2516.709,2512.895,2513.229,4015
2024-08-27 01:00:00,2513.191,2514.097,2508.29,2509.763,7570
2024-08-27 02:00:00,2509.765,2510.351,2505.816,2508.785,6306
2024-08-27 03:00:00,2508.748,2509.156,2505.82,2508.973,4441
2024-08-27 04:00:00,2509.008,2509.554,2506.177,2507.303,3780
2024-08-27 05:00:00,2507.326,2513.756,2506.618,2513.497,6137
2024-08-27 06:00:00,2513.539,2517.498,2512.778,2514.85,7550
2024-08-27 07:00:00,2514.898,2517.561,2504.528,2504.988,8645
2024-08-27 08:00:00,2504.885,2512.49,2503.528,2511.059,7308
2024-08-27 09:00:00,2511.024,2513.745,2508.072,2508.917,6844
2024-08-27 10:00:00,2508.874,2510.525,2506.851,2508.992,6522
2024-08-27 11:00:00,2509.029,2512.428,2508.589,2511.479,5734
2024-08-27 12:00:00,2511.444,2514.36,2507.698,2509.915,8284
2024-08-27 13:00:00,2509.875,2515.102,2503.462,2512.41,15048
2024-08-27 14:00:00,2512.29,2518.109,2507.741,2514.734,15257
2024-08-27 15:00:00,2514.801,2520.316,2511.516,2512.134,9907
2024-08-27 16:00:00,2512.107,2514.5,2509.815,2514.403,6417
2024-08-27 17:00:00,2514.481,2521.725,2514.071,2520.038,6680
2024-08-27 18:00:00,2520.014,2525.938,2519.875,2524.426,5627
2024-08-27 19:00:00,2524.461,2525.731,2523.005,2525.097,4422
2024-08-27 20:00:00,2525.062,2525.998,2523.78,2524.577,2904
2024-08-27 22:00:00,2524.984,2526.023,2524.728,2525.623,1956
2024-08-27 23:00:00,2525.662,2529.062,2524.123,2525.269,3565
2024-08-28 00:00:00,2525.223,2525.825,2523.855,2524.371,3633
2024-08-28 01:00:00,2524.377,2524.377,2516.802,2517.081,7406
2024-08-28 02:00:00,2517.095,2518.51,2513.366,2516.332,6068
2024-08-28 03:00:00,2516.31,2517.116,2513.168,2515.885,4405
2024-08-28 04:00:00,2515.824,2516.138,2510.193,2511.551,4545
2024-08-28 05:00:00,2511.571,2511.742,2505.447,2505.705,7607
2024-08-28 06:00:00,2505.674,2508.892,2503.219,2508.452,8556
2024-08-28 07:00:00,2508.49,2511.304,2507.508,2509.984,7556
2024-08-28 08:00:00,2509.942,2509.942,2505.961,2508.111,6071
2024-08-28 09:00:00,2508.072,2511.432,2507.663,2510.115,5095
2024-08-28 10:00:00,2510.154,2510.477,2502.539,2505.368,5846
2024-08-28 11:00:00,2505.346,2505.483,2500.69,2501.485,6978
2024-08-28 12:00:00,2501.445,2501.675,2493.498,2500.557,11349
2024-08-28 13:00:00,2500.595,2510.703,2499.313,2506.588,15170
2024-08-28 14:00:00,2506.551,2509.116,2503.957,2507.518,11247
2024-08-28 15:00:00,2507.56,2510.253,2504.988,2506.141,8475
2024-08-28 16:00:00,2506.182,2506.503,2496.385,2501.892,7707
2024-08-28 17:00:00,2501.891,2506.372,2500.479,2505.332,6585
2024-08-28 18:00:00,2505.377,2508.254,2503.577,2507.934,4989
2024-08-28 19:00:00,2507.96,2509.609,2506.751,2507.607,4808
2024-08-28 20:00:00,2507.643,2508.595,2502.76,2504.362,3849
2024-08-28 22:00:00,2505.404,2508.703,2504.915,2507.142,3473
2024-08-28 23:00:00,2507.107,2508.218,2506.383,2508.11,2575
2024-08-29 00:00:00,2508.08,2515.335,2507.967,2512.321,5571
2024-08-29 01:00:00,2512.357,2514.688,2511.676,2513.184,6369
2024-08-29 02:00:00,2513.187,2515.203,2511.644,2512.842,4945
2024-08-29 03:00:00,2512.812,2516.771,2512.345,2516.543,4312
2024-08-29 04:00:00,2516.591,2518.213,2515.501,2515.891,4352
2024-08-29 05:00:00,2515.855,2519.93,2513.806,2518.728,5333
2024-08-29 06:00:00,2518.695,2521.164,2516.292,2516.875,6416
2024-08-29 07:00:00,2516.912,2519.147,2515.169,2519.091,5838
2024-08-29 08:00:00,2519.125,2520.181,2515.077,2517.153,7987
2024-08-29 09:00:00,2517.193,2524.378,2515.917,2522.935,6094
2024-08-29 10:00:00,2522.965,2524.446,2520.778,2523.082,6266
2024-08-29 11:00:00,2523.117,2523.358,2519.046,2519.883,5772
2024-08-29 12:00:00,2519.874,2520.114,2503.558,2509.156,15211
2024-08-29 13:00:00,2509.187,2519.205,2508.136,2516.813,16783
2024-08-29 14:00:00,2516.861,2522.317,2514.384,2522.092,14215
2024-08-29 15:00:00,2522.135,2525.67,2518.561,2522.507,8393
2024-08-29 16:00:00,2522.557,2526.779,2517.418,2525.217,6759
2024-08-29 17:00:00,2525.261,2528.669,2523.476,2525.799,6368
2024-08-29 18:00:00,2525.843,2526.418,2521.013,2523.048,6360
2024-08-29 19:00:00,2523.033,2524.876,2520.851,2521.174,5098
2024-08-29 20:00:00,2521.211,2522.313,2520.636,2521.459,2725
2024-08-29 22:00:00,2520.922,2521.833,2520.423,2520.975,1674
2024-08-29 23:00:00,2520.988,2520.988,2518.892,2519.613,2297
2024-08-30 00:00:00,2519.6,2519.687,2516.704,2517.726,4021
2024-08-30 01:00:00,2517.738,2520.108,2514.425,2516.107,7014
2024-08-30 02:00:00,2516.019,2517.908,2514.131,2516.055,5513
2024-08-30 03:00:00,2516.022,2516.989,2512.292,2513.555,4506
2024-08-30 04:00:00,2513.533,2514.595,2512.166,2513.41,3976
2024-08-30 05:00:00,2513.402,2516.306,2512.453,2513.81,5408
2024-08-30 06:00:00,2513.805,2524.066,2513.107,2517.768,9768
2024-08-30 07:00:00,2517.743,2521.379,2517.512,2519.369,6180
2024-08-30 08:00:00,2519.356,2526.75,2518.839,2522.944,6121
2024-08-30 09:00:00,2522.967,2526.914,2522.656,2524.218,5409
2024-08-30 10:00:00,2524.192,2524.811,2514.987,2515.372,6441
2024-08-30 11:00:00,2515.326,2521.635,2514.999,2519.523,5901
2024-08-30 12:00:00,2519.485,2524.76,2516.292,2519.591,13344
2024-08-30 13:00:00,2519.567,2519.844,2512.858,2515.457,17161
2024-08-30 14:00:00,2515.485,2518.421,2506.361,2509.161,18704
2024-08-30 15:00:00,2509.122,2509.626,2500.233,2502.501,14558
2024-08-30 16:00:00,2502.465,2506.045,2496.532,2497.728,9970
2024-08-30 17:00:00,2497.695,2500.435,2494.086,2499.495,9249
2024-08-30 18:00:00,2499.531,2504.75,2499.376,2502.344,5971
2024-08-30 19:00:00,2502.347,2504.015,2498.272,2502.343,5836
2024-08-30 20:00:00,2502.304,2503.578,2501.833,2503.342,3450
2024-09-01 22:00:00,2502.485,2504.755,2502.382,2503.468,2065
2024-09-01 23:00:00,2503.469,2503.697,2501.942,2502.98,3398
2024-09-02 00:00:00,2502.983,2504.98,2501.138,2501.589,3545
2024-09-02 01:00:00,2501.54,2504.69,2496.642,2498.021,8456
2024-09-02 02:00:00,2497.948,2498.269,2489.977,2491.966,8966
2024-09-02 03:00:00,2491.977,2496.358,2491.381,2496.228,4671
2024-09-02 04:00:00,2496.208,2499.532,2496.133,2496.858,3897
2024-09-02 05:00:00,2496.899,2498.508,2495.19,2496.48,5113
2024-09-02 06:00:00,2496.456,2501.457,2495.859,2497.569,6974
2024-09-02 07:00:00,2497.528,2499.536,2496.161,2498.204,5617
2024-09-02 08:00:00,2498.189,2507.334,2497.25,2506.24,6662
2024-09-02 09:00:00,2506.215,2506.592,2498.181,2498.888,6086
2024-09-02 10:00:00,2498.851,2502.055,2498.095,2499.231,4832
2024-09-02 11:00:00,2499.229,2500.219,2497.082,2499.814,5073
2024-09-02 12:00:00,2499.774,2503.206,2498.733,2501.265,5194
2024-09-02 13:00:00,2501.305,2502.251,2498.541,2499.94,7135
2024-09-02 14:00:00,2499.92,2502.441,2497.672,2501.955,5971
2024-09-02 15:00:00,2501.991,2502.405,2499.842,2501.485,4288
2024-09-02 16:00:00,2501.49,2501.902,2498.616,2500.527,2850
2024-09-02 17:00:00,2500.483,2501.34,2499.768,2500.085,1220
2024-09-02 22:00:00,2499.525,2499.708,2497.472,2497.743,1580
2024-09-02 23:00:00,2497.773,2498.51,2496.476,2497.242,2251
2024-09-03 00:00:00,2497.247,2497.701,2494.952,2495.778,4027
2024-09-03 01:00:00,2495.733,2495.848,2489.686,2493.699,8576
2024-09-03 02:00:00,2493.729,2496.41,2492.423,2495.26,6713
2024-09-03 03:00:00,2495.222,2495.833,2493.039,2494.717,5189
2024-09-03 04:00:00,2494.789,2496.95,2493.89,2495.94,3805
2024-09-03 05:00:00,2495.904,2495.967,2492.733,2494.975,5264
2024-09-03 06:00:00,2495.012,2498.851,2492.818,2497.822,7098
2024-09-03 07:00:00,2497.784,2502.051,2496.584,2500.843,6949
2024-09-03 08:00:00,2500.809,2506.249,2500.55,2503.893,6834
2024-09-03 09:00:00,2503.932,2505.001,2500.866,2500.917,5758
2024-09-03 10:00:00,2500.95,2501.038,2492.602,2497.266,7881
2024-09-03 11:00:00,2497.226,2501.556,2484.651,2489.665,11001
2024-09-03 12:00:00,2489.626,2502.203,2487.045,2493.269,19050
2024-09-03 13:00:00,2493.228,2497.692,2475.464,2479.973,25138
2024-09-03 14:00:00,2481.991,2485.623,2473.282,2478.282,25390
2024-09-03 15:00:00,2478.259,2489.497,2477.167,2488.353,11244
2024-09-03 16:00:00,2488.33,2488.993,2483.879,2485.945,6970
2024-09-03 17:00:00,2485.914,2491.985,2485.48,2489.489,6112
2024-09-03 18:00:00,2489.48,2490.038,2487.058,2489.304,4751
2024-09-03 19:00:00,2489.27,2494.398,2488.951,2492.015,4761
2024-09-03 20:00:00,2491.965,2492.961,2491.318,2492.781,2488
2024-09-03 22:00:00,2492.767,2494.427,2492.043,2493.1,2418
2024-09-03 23:00:00,2493.117,2494.764,2492.316,2493.223,2875
2024-09-04 00:00:00,2493.2,2495.001,2492.131,2492.422,5009
2024-09-04 01:00:00,2492.379,2494.508,2491.281,2493.346,6514
2024-09-04 02:00:00,2493.312,2496.95,2492.439,2495.291,5304
2024-09-04 03:00:00,2495.255,2496.501,2493.508,2495.016,3888
2024-09-04 04:00:00,2495.058,2496.733,2494.464,2495.866,3007
2024-09-04 05:00:00,2495.864,2496.549,2492.781,2493.142,4796
2024-09-04 06:00:00,2493.119,2493.43,2483.714,2484.311,8438
2024-09-04 07:00:00,2484.267,2488.21,2481.921,2482.177,8126
2024-09-04 08:00:00,2482.172,2483.322,2472.504,2473.342,8545
2024-09-04 09:00:00,2473.367,2483.296,2471.868,2481.59,9551
2024-09-04 10:00:00,2481.578,2489.995,2481.078,2488.978,7585
2024-09-04 11:00:00,2488.98,2491.267,2486.744,2489.177,7513
2024-09-04 12:00:00,2489.14,2491.16,2485.422,2486.513,10799
2024-09-04 13:00:00,2486.523,2490.041,2482.056,2485.782,14213
2024-09-04 14:00:00,2485.668,2500.3,2485.049,2496.228,24079
2024-09-04 15:00:00,2496.209,2498.307,2492.836,2493.984,10713
2024-09-04 16:00:00,2493.958,2498.023,2493.124,2496.688,6267
2024-09-04 17:00:00,2496.659,2497.395,2493.47,2493.921,5010
2024-09-04 18:00:00,2493.964,2495.541,2492.266,2494.658,4968
2024-09-04 19:00:00,2494.698,2494.821,2491.432,2493.402,4437
2024-09-04 20:00:00,2493.381,2496.951,2492.832,2495.811,2696
2024-09-04 22:00:00,2495.236,2495.678,2494.374,2495.352,1727
2024-09-04 23:00:00,2495.353,2496.9,2495.046,2495.829,2701
2024-09-05 00:00:00,2495.827,2496.54,2494.498,2495.164,3766
2024-09-05 01:00:00,2495.16,2499.335,2494.482,2496.376,6797
2024-09-05 02:00:00,2496.404,2498.972,2496.183,2498.094,4280
2024-09-05 03:00:00,2498.039,2498.663,2494.633,2494.868,4229
2024-09-05 04:00:00,2494.835,2495.106,2493.759,2494.212,3257
2024-09-05 05:00:00,2494.174,2502.357,2493.914,2501.914,5277
2024-09-05 06:00:00,2501.878,2506.888,2500.747,2504.468,8232
2024-09-05 07:00:00,2504.416,2507.623,2502.918,2506.37,6209
2024-09-05 08:00:00,2506.408,2516.669,2505.917,2514.682,9536
2024-09-05 09:00:00,2514.717,2517.312,2514.717,2515.543,6649
2024-09-05 10:00:00,2515.564,2516.934,2513.333,2516.357,5734
2024-09-05 11:00:00,2516.445,2518.375,2513.636,2515.199,7447
2024-09-05 12:00:00,2515.246,2523.574,2514.119,2517.758,16959
2024-09-05 13:00:00,2517.796,2519.426,2512.384,2514.912,17343
2024-09-05 14:00:00,2514.857,2520.632,2507.599,2508.72,22141
2024-09-05 15:00:00,2508.763,2510.979,2503.797,2507.154,12091
2024-09-05 16:00:00,2507.179,2511.61,2506.073,2510.394,7313
2024-09-05 17:00:00,2510.369,2515.468,2509.255,2515.079,6233
2024-09-05 18:00:00,2515.114,2516.854,2514.733,2515.622,4449
2024-09-05 19:00:00,2515.644,2516.091,2513.616,2514.814,4274
2024-09-05 20:00:00,2514.857,2516.953,2514.802,2516.452,2215
2024-09-05 22:00:00,2517.047,2517.047,2515.674,2516.187,1757
2024-09-05 23:00:00,2516.147,2518.007,2516.147,2517.282,2619
2024-09-06 00:00:00,2517.277,2517.652,2515.52,2515.95,3614
2024-09-06 01:00:00,2515.954,2516.642,2513.454,2513.859,5908
2024-09-06 02:00:00,2513.825,2518.013,2513.044,2517.698,5428
2024-09-06 03:00:00,2517.69,2518.474,2516.868,2518.232,3896
2024-09-06 04:00:00,2518.257,2519.561,2517.694,2518.395,3584
2024-09-06 05:00:00,2518.384,2521.865,2518.384,2520.137,5049
2024-09-06 06:00:00,2520.09,2521.402,2516.617,2519.178,6596
2024-09-06 07:00:00,2519.134,2519.911,2516.278,2516.553,6253
2024-09-06 08:00:00,2516.516,2518.231,2515.501,2517.746,5246
2024-09-06 09:00:00,2517.819,2519.91,2516.345,2519.161,4638
2024-09-06 10:00:00,2519.179,2519.85,2517.15,2518.903,5063
2024-09-06 11:00:00,2518.933,2520.364,2514.669,2516.269,6001
2024-09-06 12:00:00,2516.302,2529.204,2507.541,2522.221,25092
2024-09-06 13:00:00,2522.247,2523.046,2502.144,2509.371,32049
2024-09-06 14:00:00,2509.391,2515.607,2500.403,2506.776,27258
2024-09-06 15:00:00,2506.809,2518.517,2503.653,2505.371,31631
2024-09-06 16:00:00,2505.314,2505.882,2485.007,2488.936,23773
2024-09-06 17:00:00,2488.899,2496.985,2485.878,2495.576,13231
2024-09-06 18:00:00,2495.599,2496.842,2492.047,2494.625,9030
2024-09-06 19:00:00,2494.675,2496.8,2490.707,2495.978,8097
2024-09-06 20:00:00,2495.939,2497.837,2494.735,2497.524,3868
2024-09-08 22:00:00,2497.038,2498.007,2496.169,2497.871,2495
2024-09-08 23:00:00,2497.897,2498.277,2495.492,2496.869,3648
2024-09-09 00:00:00,2496.871,2498.279,2495.663,2496.02,4848
2024-09-09 01:00:00,2495.994,2498.666,2494.711,2497.765,9809
2024-09-09 02:00:00,2497.802,2499.1,2496.97,2497.174,6330
2024-09-09 03:00:00,2497.136,2500.508,2496.727,2499.284,4710
2024-09-09 04:00:00,2499.25,2499.52,2497.462,2498.17,3586
2024-09-09 05:00:00,2498.159,2498.288,2487.405,2487.82,7595
2024-09-09 06:00:00,2487.839,2493.575,2485.503,2489.733,10721
2024-09-09 07:00:00,2489.78,2496.672,2488.778,2494.3,11677
2024-09-09 08:00:00,2494.338,2495.594,2489.965,2492.139,9240
2024-09-09 09:00:00,2492.179,2497.657,2492.031,2496.296,6392
2024-09-09 10:00:00,2496.33,2499.137,2493.104,2494.352,6396
2024-09-09 11:00:00,2494.389,2498.881,2493.379,2497.242,5684
2024-09-09 12:00:00,2497.296,2504.137,2496.278,2500.909,9165
2024-09-09 13:00:00,2500.824,2505.292,2499.259,2499.795,13479
2024-09-09 14:00:00,2499.758,2501.175,2493.231,2496.824,12850
2024-09-09 15:00:00,2496.858,2499.642,2493.578,2499.09,8886
2024-09-09 16:00:00,2499.121,2505.233,2499.121,2504.327,6624
2024-09-09 17:00:00,2504.328,2506.55,2499.429,2499.972,6296
2024-09-09 18:00:00,2500.013,2505.355,2499.404,2504.661,5040
2024-09-09 19:00:00,2504.662,2506.113,2502.6,2505.96,4663
2024-09-09 20:00:00,2505.921,2507.212,2505.221,2506.118,2862
2024-09-09 22:00:00,2506.438,2507.157,2505.805,2506.964,1644
2024-09-09 23:00:00,2506.965,2507.701,2505.641,2506.813,2536
2024-09-10 00:00:00,2506.815,2507.461,2504.776,2505.393,4352
2024-09-10 01:00:00,2505.395,2506.856,2502.867,2503.835,6851
2024-09-10 02:00:00,2503.835,2504.037,2501.752,2503.008,5366
2024-09-10 03:00:00,2502.936,2504.41,2501.37,2502.532,4273
2024-09-10 04:00:00,2502.5,2502.895,2500.919,2501.792,3366
2024-09-10 05:00:00,2501.753,2504.931,2500.736,2503.884,4853
2024-09-10 06:00:00,2503.871,2506.57,2503.364,2505.053,6642
2024-09-10 07:00:00,2505.008,2507.773,2502.07,2502.792,6554
2024-09-10 08:00:00,2502.754,2503.113,2500.052,2502.248,6241
2024-09-10 09:00:00,2502.236,2506.056,2500.165,2506.038,6417
2024-09-10 10:00:00,2506.063,2509.693,2505.12,2505.618,6657
2024-09-10 11:00:00,2505.58,2507.149,2504.211,2504.607,6060
2024-09-10 12:00:00,2504.575,2514.069,2504.451,2513.784,8356
2024-09-10 13:00:00,2513.817,2515.359,2506.18,2506.804,15081
2024-09-10 14:00:00,2506.765,2509.242,2500.872,2508.999,16667
2024-09-10 15:00:00,2509.094,2518.415,2508.174,2512.77,11534
2024-09-10 16:00:00,2512.797,2515.539,2510.693,2514.335,7542
2024-09-10 17:00:00,2514.341,2515.697,2512.886,2513.156,5890
2024-09-10 18:00:00,2513.139,2516.623,2512.09,2516.281,5110
2024-09-10 19:00:00,2516.254,2517.515,2514.125,2517.212,4707
2024-09-10 20:00:00,2517.214,2517.427,2515.75,2516.448,2509
2024-09-10 22:00:00,2516.582,2517.135,2516.287,2516.436,1440
2024-09-10 23:00:00,2516.445,2518.868,2516.338,2518.678,2536
2024-09-11 00:00:00,2518.638,2519.159,2516.231,2516.64,4206
2024-09-11 01:00:00,2516.659,2522.577,2514.94,2518.784,9687
2024-09-11 02:00:00,2518.781,2520.326,2517.554,2518.794,6068
2024-09-11 03:00:00,2518.753,2519.957,2516.746,2519.406,5617
2024-09-11 04:00:00,2519.426,2520.147,2518.535,2519.533,4465
2024-09-11 05:00:00,2519.597,2522.454,2519.322,2521.209,6668
2024-09-11 06:00:00,2521.231,2529.041,2520.833,2526.552,9217
2024-09-11 07:00:00,2526.563,2527.748,2520.715,2521.471,6419
2024-09-11 08:00:00,2521.437,2527.221,2520.748,2524.299,7180
2024-09-11 09:00:00,2524.299,2524.73,2521.994,2523.235,4827
2024-09-11 10:00:00,2523.203,2523.316,2519.76,2521.719,6175
2024-09-11 11:00:00,2521.715,2524.217,2520.738,2522.267,6195
2024-09-11 12:00:00,2522.227,2523.884,2502.175,2508.169,25924
2024-09-11 13:00:00,2508.108,2512.89,2503.163,2509.622,26018
2024-09-11 14:00:00,2509.642,2510.42,2500.844,2509.429,20414
2024-09-11 15:00:00,2509.461,2514.959,2508.634,2514.743,10904
2024-09-11 16:00:00,2514.712,2520.033,2513.668,2515.218,8061
2024-09-11 17:00:00,2515.182,2516.912,2512.374,2514.548,7578
2024-09-11 18:00:00,2514.563,2516.352,2511.276,2511.581,6096
2024-09-11 19:00:00,2511.54,2513.239,2509.762,2512.93,5133
2024-09-11 20:00:00,2512.904,2513.828,2511.27,2511.462,2768
2024-09-11 22:00:00,2512.31,2513.891,2512.31,2512.883,1781
2024-09-11 23:00:00,2512.846,2513.129,2511.826,2511.901,2222
2024-09-12 00:00:00,2511.824,2512.476,2511.066,2512.22,3529
2024-09-12 01:00:00,2512.174,2515.189,2511.691,2513.235,6456
2024-09-12 02:00:00,2513.203,2514.15,2510.973,2512.188,5272
2024-09-12 03:00:00,2512.199,2516.098,2512.108,2515.844,4028
2024-09-12 04:00:00,2515.88,2517.789,2515.493,2517.044,3480
2024-09-12 05:00:00,2517.009,2519.746,2516.947,2519.385,4900
2024-09-12 06:00:00,2519.416,2522.26,2516.746,2516.92,5921
2024-09-12 07:00:00,2516.957,2517.74,2514.441,2515.932,6274
2024-09-12 08:00:00,2515.906,2519.29,2515.119,2517.403,6003
2024-09-12 09:00:00,2517.413,2519.261,2516.367,2518.795,4366
2024-09-12 10:00:00,2518.782,2521.014,2513.14,2513.237,5944
2024-09-12 11:00:00,2513.201,2520.338,2512.966,2519.485,7766
2024-09-12 12:00:00,2519.523,2535.351,2518.862,2528.524,17164
2024-09-12 13:00:00,2528.498,2551.715,2522.09,2545.384,34446
2024-09-12 14:00:00,2545.359,2554.768,2541.849,2553.338,22018
2024-09-12 15:00:00,2553.363,2555.229,2548.879,2553.254,12504
2024-09-12 16:00:00,2553.23,2553.7,2544.854,2550.668,10712
2024-09-12 17:00:00,2550.679,2554.849,2550.104,2554.072,8566
2024-09-12 18:00:00,2554.103,2558.864,2552.048,2555.857,7487
2024-09-12 19:00:00,2555.822,2559.069,2554.473,2557.905,6775
2024-09-12 20:00:00,2557.87,2560.091,2556.742,2558.82,3828
2024-09-12 22:00:00,2558.333,2559.549,2557.157,2557.421,2657
2024-09-12 23:00:00,2557.453,2558.649,2556.742,2558.422,3046
2024-09-13 00:00:00,2558.419,2562.758,2556.78,2561.482,5553
2024-09-13 01:00:00,2561.526,2568.066,2559.896,2563.169,11446
2024-09-13 02:00:00,2563.197,2565.624,2561.569,2565.37,6746
2024-09-13 03:00:00,2565.335,2570.082,2564.63,2567.853,5880
2024-09-13 04:00:00,2567.858,2570.15,2566.581,2568.862,4140
2024-09-13 05:00:00,2568.858,2570.496,2565.943,2566.524,6107
2024-09-13 06:00:00,2566.492,2568.771,2563.068,2567.081,9095
2024-09-13 07:00:00,2567.18,2571.135,2563.872,2569.848,9371
2024-09-13 08:00:00,2569.858,2571.036,2565.649,2570.003,7623
2024-09-13 09:00:00,2569.916,2573.019,2567.011,2568.522,7862
2024-09-13 10:00:00,2568.553,2569.363,2565.54,2566.986,6528
2024-09-13 11:00:00,2567.022,2568.34,2563.648,2567.288,6557
2024-09-13 12:00:00,2567.323,2575.953,2566.033,2575.804,8906
2024-09-13 13:00:00,2575.838,2583.48,2573.497,2577.693,16567
2024-09-13 14:00:00,2577.665,2580.165,2573.131,2578.296,19332
2024-09-13 15:00:00,2578.332,2582.441,2573.677,2582.14,11914
2024-09-13 16:00:00,2582.175,2585.232,2580.094,2584.25,8068
2024-09-13 17:00:00,2584.236,2586.12,2581.48,2582.737,6785
2024-09-13 18:00:00,2582.771,2584.001,2580.691,2582.236,6276
2024-09-13 19:00:00,2582.235,2582.979,2578.593,2582.646,4982
2024-09-13 20:00:00,2582.612,2582.909,2577.704,2579.067,3424
2024-09-15 22:00:00,2578.456,2580.454,2577.543,2580.122,3422
2024-09-15 23:00:00,2580.147,2580.32,2578.229,2579.163,3866
2024-09-16 00:00:00,2579.17,2582.341,2578.887,2581.361,3700
2024-09-16 01:00:00,2581.367,2582.935,2579.792,2581.686,4002
2024-09-16 02:00:00,2581.648,2585.998,2581.502,2585.359,4209
2024-09-16 03:00:00,2585.327,2589.001,2583.766,2586.294,5254
2024-09-16 04:00:00,2586.335,2586.766,2584.865,2585.733,3391
2024-09-16 05:00:00,2585.763,2589.416,2585.404,2588.779,4076
2024-09-16 06:00:00,2588.812,2589.651,2585.109,2585.338,6487
2024-09-16 07:00:00,2585.381,2585.636,2579.452,2582.142,9161
2024-09-16 08:00:00,2582.131,2588.526,2581.378,2586.854,7708
2024-09-16 09:00:00,2586.855,2588.334,2584.14,2585.5,6371
2024-09-16 10:00:00,2585.526,2586.406,2575.285,2579.773,7010
2024-09-16 11:00:00,2579.798,2583.241,2578.686,2582.999,6276
2024-09-16 12:00:00,2582.966,2583.576,2578.502,2583.401,10046
2024-09-16 13:00:00,2583.445,2589.298,2581.207,2588.148,12948
2024-09-16 14:00:00,2588.236,2588.502,2576.069,2580.158,14813
2024-09-16 15:00:00,2580.18,2581.881,2577.643,2579.879,8824
2024-09-16 16:00:00,2579.912,2584.019,2579.524,2583.645,5727
2024-09-16 17:00:00,2583.6,2584.172,2579.848,2582.579,5152
2024-09-16 18:00:00,2582.617,2582.913,2580.201,2580.992,4343
2024-09-16 19:00:00,2581.013,2583.325,2579.636,2582.486,3653
2024-09-16 20:00:00,2582.55,2583.463,2581.809,2582.907,2322
2024-09-16 22:00:00,2582.736,2583.569,2582.439,2582.899,1782
2024-09-16 23:00:00,2582.91,2583.855,2582.117,2583.659,2254
2024-09-17 00:00:00,2583.654,2584.43,2580.172,2580.26,3876
2024-09-17 01:00:00,2580.252,2582.717,2578.409,2582.563,4628
2024-09-17 02:00:00,2582.565,2586.338,2581.017,2581.594,4726
2024-09-17 03:00:00,2581.554,2581.554,2576.771,2577.184,5341
2024-09-17 04:00:00,2577.178,2579.206,2574.879,2576.964,4561
2024-09-17 05:00:00,2576.962,2579.616,2574.534,2579.31,4486
2024-09-17 06:00:00,2579.342,2586.956,2579.262,2584.25,6905
2024-09-17 07:00:00,2584.291,2585.695,2582.678,2583.8,5644
2024-09-17 08:00:00,2583.761,2584.155,2577.532,2580.195,7309
2024-09-17 09:00:00,2580.067,2580.069,2571.648,2573.621,7396
2024-09-17 10:00:00,2573.574,2576.06,2569.707,2572.964,7279
2024-09-17 11:00:00,2573.013,2581.729,2572.186,2579.824,8654
2024-09-17 12:00:00,2579.834,2581.644,2568.336,2577.751,16267
2024-09-17 13:00:00,2577.736,2579.576,2573.093,2573.725,16504
2024-09-17 14:00:00,2573.697,2582.238,2571.767,2576.409,13818
2024-09-17 15:00:00,2576.443,2577.106,2561.739,2565.668,12670
2024-09-17 16:00:00,2565.692,2566.565,2561.311,2563.164,9574
2024-09-17 17:00:00,2563.195,2570.436,2560.661,2569.87,8171
2024-09-17 18:00:00,2569.855,2571.657,2568.609,2570.146,5183
2024-09-17 19:00:00,2570.057,2571.188,2566.9,2568.64,4729
2024-09-17 20:00:00,2568.666,2570.339,2568.29,2569.805,2623
2024-09-17 22:00:00,2569.594,2571.468,2569.556,2570.701,1875
2024-09-17 23:00:00,2570.7,2574.367,2570.666,2574.05,2861
2024-09-18 00:00:00,2574.019,2574.771,2571.472,2572.973,4366
2024-09-18 01:00:00,2573.013,2576.474,2571.636,2572.31,10917
2024-09-18 02:00:00,2572.271,2574.122,2570.001,2573.742,5848
2024-09-18 03:00:00,2573.766,2576.416,2572.759,2575.899,5046
2024-09-18 04:00:00,2575.923,2576.481,2567.99,2568.685,4721
2024-09-18 05:00:00,2568.602,2569.275,2565.709,2567.685,6298
2024-09-18 06:00:00,2567.719,2570.016,2566.628,2569.136,5834
2024-09-18 07:00:00,2569.16,2571.969,2568.649,2571.566,6180
2024-09-18 08:00:00,2571.643,2571.929,2568.274,2569.689,5207
2024-09-18 09:00:00,2569.696,2571.954,2567.934,2571.954,5617
2024-09-18 10:00:00,2571.969,2578.169,2571.079,2576.095,6631
2024-09-18 11:00:00,2576.133,2580.74,2575.047,2577.407,6060
2024-09-18 12:00:00,2577.441,2578.907,2573.481,2576.215,7548
2024-09-18 13:00:00,2576.239,2578.554,2568.588,2571.665,11955
2024-09-18 14:00:00,2571.64,2574.775,2567.947,2571.551,11077
2024-09-18 15:00:00,2571.589,2574.47,2567.98,2569.701,7788
2024-09-18 16:00:00,2569.731,2575.222,2568.802,2574.859,5351
2024-09-18 17:00:00,2574.9,2574.9,2566.902,2567.387,7023
2024-09-18 18:00:00,2567.76,2600.138,2567.639,2575.579,57694
2024-09-18 19:00:00,2575.628,2576.13,2546.828,2549.026,54387
2024-09-18 20:00:00,2548.981,2560.824,2548.3,2559.124,9362
2024-09-18 22:00:00,2558.398,2561.582,2555.664,2559.192,5221
2024-09-18 23:00:00,2559.249,2559.692,2556.224,2559.239,4062
2024-09-19 00:00:00,2559.239,2559.555,2556.946,2558.793,6478
2024-09-19 01:00:00,2558.754,2558.754,2550.894,2555.164,12661
2024-09-19 02:00:00,2555.205,2566.708,2555.205,2564.035,9310
2024-09-19 03:00:00,2563.992,2565.284,2561.335,2563.959,7120
2024-09-19 04:00:00,2564.002,2564.144,2559.564,2564.061,5217
2024-09-19 05:00:00,2564.017,2574.536,2563.855,2574.519,9108
2024-09-19 06:00:00,2574.55,2578.764,2573.889,2575.782,10452
2024-09-19 07:00:00,2575.886,2584.633,2574.999,2584.344,10320
2024-09-19 08:00:00,2584.361,2586.588,2581.33,2584.878,7208
2024-09-19 09:00:00,2584.866,2594.963,2583.953,2591.863,11071
2024-09-19 10:00:00,2591.813,2591.907,2585.866,2588.545,8097
2024-09-19 11:00:00,2588.586,2589.794,2584.386,2589.435,8897
2024-09-19 12:00:00,2589.399,2591.203,2573.157,2576.737,17496
2024-09-19 13:00:00,2576.705,2582.575,2569.753,2575.095,24470
2024-09-19 14:00:00,2575.133,2584.623,2571.724,2581.282,18716
2024-09-19 15:00:00,2581.305,2589.446,2580.344,2589.022,10547
2024-09-19 16:00:00,2589.062,2592.55,2587.609,2591.678,7770
2024-09-19 17:00:00,2591.702,2592.612,2587.926,2590.521,6034
2024-09-19 18:00:00,2590.555,2590.759,2586.616,2588.23,5515
2024-09-19 19:00:00,2588.197,2588.863,2585.932,2588.309,5095
2024-09-19 20:00:00,2588.355,2589.803,2585.876,2586.72,3411
2024-09-19 22:00:00,2586.366,2587.915,2586.1,2587.779,1782
2024-09-19 23:00:00,2587.771,2587.844,2586.453,2587.282,2487
2024-09-20 00:00:00,2587.253,2588.534,2586.091,2588.063,3741
2024-09-20 01:00:00,2588.098,2589.493,2584.714,2588.269,7833
2024-09-20 02:00:00,2588.245,2592.596,2587.407,2591.503,5959
2024-09-20 03:00:00,2591.461,2593.705,2590.927,2591.389,6264
2024-09-20 04:00:00,2591.397,2594.406,2591.258,2593.766,3922
2024-09-20 05:00:00,2593.743,2595.237,2592.378,2594.544,4800
2024-09-20 06:00:00,2594.505,2607.187,2594.245,2605.44,9852
2024-09-20 07:00:00,2605.475,2609.797,2604.713,2607.158,9674
2024-09-20 08:00:00,2607.123,2612.708,2605.419,2609.78,8335
2024-09-20 09:00:00,2609.784,2610.59,2602.435,2606.242,6468
2024-09-20 10:00:00,2606.345,2614.243,2606.173,2613.217,6900
2024-09-20 11:00:00,2613.249,2615.5,2610.219,2613.736,7809
2024-09-20 12:00:00,2613.697,2619.283,2613.354,2615.625,10480
2024-09-20 13:00:00,2615.627,2616.567,2602.493,2606.683,22900
2024-09-20 14:00:00,2606.66,2617.119,2604.699,2613.911,17051
2024-09-20 15:00:00,2613.967,2623.035,2611.265,2622.725,18309
2024-09-20 16:00:00,2622.762,2625.754,2619.675,2624.877,10640
2024-09-20 17:00:00,2624.838,2625.402,2619.212,2619.586,8307
2024-09-20 18:00:00,2619.607,2622.183,2617.834,2621.648,6833
2024-09-20 19:00:00,2621.611,2623.369,2620.652,2621.087,6090
2024-09-20 20:00:00,2621.129,2622.509,2619.1,2622.098,3387
2024-09-22 22:00:00,2620.944,2622.125,2619.748,2620.471,2837
2024-09-22 23:00:00,2620.512,2621.496,2619.652,2620.234,2746
2024-09-23 00:00:00,2620.202,2620.446,2618.148,2618.368,3547
2024-09-23 01:00:00,2618.325,2621.473,2616.029,2620.118,8024
2024-09-23 02:00:00,2620.141,2626.811,2618.845,2625.404,6847
2024-09-23 03:00:00,2625.361,2631.128,2624.857,2628.553,5859
2024-09-23 04:00:00,2628.558,2630.965,2627.98,2629.372,3606
2024-09-23 05:00:00,2629.415,2631.395,2626.823,2630.011,5741
2024-09-23 06:00:00,2629.977,2630.156,2624.442,2624.442,8088
2024-09-23 07:00:00,2624.352,2625.057,2613.799,2615.15,12840
2024-09-23 08:00:00,2615.113,2619.651,2614.564,2616.868,8252
2024-09-23 09:00:00,2616.87,2622.017,2615.309,2621.584,6219
2024-09-23 10:00:00,2621.555,2623.651,2620.651,2621.595,6168
2024-09-23 11:00:00,2621.634,2625.786,2620.914,2624.063,6724
2024-09-23 12:00:00,2624.056,2628.237,2619.96,2626.978,9014
2024-09-23 13:00:00,2627.0,2634.328,2625.519,2631.852,14907
2024-09-23 14:00:00,2631.827,2634.881,2627.942,2630.391,15363
2024-09-23 15:00:00,2630.42,2631.973,2625.756,2629.242,10658
2024-09-23 16:00:00,2629.201,2630.892,2626.586,2628.108,8729
2024-09-23 17:00:00,2628.17,2629.115,2626.396,2627.965,5808
2024-09-23 18:00:00,2627.933,2628.807,2625.897,2627.379,4938
2024-09-23 19:00:00,2627.38,2627.943,2625.665,2626.24,4352
2024-09-23 20:00:00,2626.294,2628.501,2626.197,2628.302,2202
2024-09-23 22:00:00,2627.157,2628.32,2626.932,2627.498,1751
2024-09-23 23:00:00,2627.507,2627.507,2625.821,2626.3,2445
2024-09-24 00:00:00,2626.295,2626.558,2623.772,2625.1,4534
2024-09-24 01:00:00,2625.14,2630.215,2624.835,2629.081,9352
2024-09-24 02:00:00,2629.039,2629.293,2626.71,2628.857,6029
2024-09-24 03:00:00,2628.898,2636.146,2628.734,2634.099,6600
2024-09-24 04:00:00,2634.09,2638.295,2632.021,2638.115,5652
2024-09-24 05:00:00,2638.057,2640.092,2625.169,2625.396,10129
2024-09-24 06:00:00,2625.43,2629.934,2624.409,2628.7,13232
2024-09-24 07:00:00,2628.742,2630.271,2622.524,2628.996,9981
2024-09-24 08:00:00,2629.005,2629.543,2625.892,2628.972,6677
2024-09-24 09:00:00,2628.934,2630.896,2627.042,2630.756,6204
2024-09-24 10:00:00,2630.789,2636.312,2630.581,2633.378,6876
2024-09-24 11:00:00,2633.349,2633.424,2623.339,2626.367,10372
2024-09-24 12:00:00,2626.411,2633.333,2623.463,2633.129,11793
2024-09-24 13:00:00,2633.154,2637.322,2630.975,2635.504,16142
2024-09-24 14:00:00,2635.517,2647.164,2634.552,2643.609,18264
2024-09-24 15:00:00,2643.646,2648.504,2639.778,2643.143,14330
2024-09-24 16:00:00,2643.153,2655.278,2642.382,2653.475,13185
2024-09-24 17:00:00,2653.501,2654.566,2649.773,2653.971,8152
2024-09-24 18:00:00,2654.01,2657.754,2653.354,2657.266,6052
2024-09-24 19:00:00,2657.226,2664.366,2656.349,2662.622,7164
2024-09-24 20:00:00,2662.588,2663.747,2656.417,2656.855,4397
2024-09-24 22:00:00,2658.85,2659.894,2657.59,2659.109,2753
2024-09-24 23:00:00,2659.12,2659.283,2656.633,2658.204,3704
2024-09-25 00:00:00,2658.163,2661.128,2656.615,2660.751,5081
2024-09-25 01:00:00,2660.753,2662.94,2655.434,2660.029,14137
2024-09-25 02:00:00,2660.004,2670.629,2659.599,2670.156,9316
2024-09-25 03:00:00,2670.111,2670.24,2659.781,2661.475,7366
2024-09-25 04:00:00,2661.498,2661.716,2657.609,2658.932,5059
2024-09-25 05:00:00,2658.94,2659.858,2654.37,2657.174,7676
2024-09-25 06:00:00,2657.159,2659.817,2653.486,2654.742,9865
2024-09-25 07:00:00,2654.775,2657.632,2651.321,2657.018,8923
2024-09-25 08:00:00,2657.026,2658.581,2654.603,2655.901,7269
2024-09-25 09:00:00,2655.916,2657.703,2652.698,2656.878,6349
2024-09-25 10:00:00,2656.906,2658.2,2654.36,2655.526,6879
2024-09-25 11:00:00,2655.568,2658.021,2653.842,2657.431,6172
2024-09-25 12:00:00,2657.38,2660.835,2656.926,2659.361,9658
2024-09-25 13:00:00,2659.403,2666.068,2658.325,2664.39,15826
2024-09-25 14:00:00,2664.423,2667.448,2654.16,2659.054,18162
2024-09-25 15:00:00,2658.952,2660.819,2655.283,2657.628,14109
2024-09-25 16:00:00,2657.604,2658.862,2649.566,2653.709,10429
2024-09-25 17:00:00,2653.671,2663.062,2653.08,2660.68,7999
2024-09-25 18:00:00,2660.641,2661.762,2659.076,2660.38,4943
2024-09-25 19:00:00,2660.334,2661.527,2659.387,2659.754,4192
2024-09-25 20:00:00,2659.802,2660.305,2656.328,2657.175,3529
2024-09-25 22:00:00,2657.274,2659.755,2656.948,2658.287,2714
2024-09-25 23:00:00,2658.292,2659.477,2656.203,2656.296,2778
2024-09-26 00:00:00,2656.359,2660.444,2655.281,2659.001,5086
2024-09-26 01:00:00,2659.07,2661.467,2657.685,2660.844,7540
2024-09-26 02:00:00,2660.838,2661.555,2657.01,2658.12,6328
2024-09-26 03:00:00,2658.089,2662.537,2657.664,2662.516,5632
2024-09-26 04:00:00,2662.545,2662.945,2660.193,2660.672,3660
2024-09-26 05:00:00,2660.702,2663.461,2659.776,2661.388,6365
2024-09-26 06:00:00,2661.356,2662.606,2657.93,2661.69,8065
2024-09-26 07:00:00,2661.714,2666.924,2659.486,2664.684,8433
2024-09-26 08:00:00,2664.65,2670.493,2664.581,2669.035,8234
2024-09-26 09:00:00,2669.056,2669.862,2666.87,2668.806,6681
2024-09-26 10:00:00,2668.77,2675.623,2667.489,2672.684,9301
2024-09-26 11:00:00,2672.649,2685.611,2672.234,2682.764,12111
2024-09-26 12:00:00,2682.797,2684.211,2668.52,2677.368,23149
2024-09-26 13:00:00,2677.326,2679.751,2654.717,2660.918,36768
2024-09-26 14:00:00,2660.884,2669.596,2659.599,2665.823,22589
2024-09-26 15:00:00,2665.79,2673.159,2662.414,2671.348,14039
2024-09-26 16:00:00,2671.39,2672.47,2662.946,2668.249,12086
2024-09-26 17:00:00,2668.2,2672.226,2667.597,2670.95,8130
2024-09-26 18:00:00,2670.986,2677.152,2670.08,2675.959,6719
2024-09-26 19:00:00,2675.988,2677.911,2672.28,2673.675,5780
2024-09-26 20:00:00,2673.715,2674.068,2670.805,2672.265,3039
2024-09-26 22:00:00,2671.887,2673.202,2671.804,2672.393,1873
2024-09-26 23:00:00,2672.434,2673.283,2671.959,2672.61,2496
2024-09-27 00:00:00,2672.667,2672.708,2669.295,2669.85,5001
2024-09-27 01:00:00,2669.811,2672.777,2666.19,2669.442,10429
2024-09-27 02:00:00,2669.442,2671.017,2667.212,2668.992,7107
2024-09-27 03:00:00,2668.942,2673.944,2668.585,2673.629,5381
2024-09-27 04:00:00,2673.648,2673.944,2669.299,2670.494,4125
2024-09-27 05:00:00,2670.488,2671.423,2662.3,2664.795,9941
2024-09-27 06:00:00,2664.829,2669.485,2664.017,2665.775,11834
2024-09-27 07:00:00,2665.723,2668.33,2660.89,2664.72,9874
2024-09-27 08:00:00,2664.685,2665.403,2661.825,2662.562,7996
2024-09-27 09:00:00,2662.472,2664.973,2658.284,2663.709,8318
2024-09-27 10:00:00,2663.735,2665.608,2662.048,2664.367,6710
2024-09-27 11:00:00,2664.349,2669.234,2664.305,2666.159,6583
2024-09-27 12:00:00,2666.125,2674.266,2662.315,2670.063,14815
2024-09-27 13:00:00,2670.026,2671.16,2664.059,2666.226,19116
2024-09-27 14:00:00,2666.153,2666.895,2649.359,2649.488,21233
2024-09-27 15:00:00,2649.448,2654.647,2644.705,2649.709,22039
2024-09-27 16:00:00,2649.752,2656.361,2645.972,2651.845,12070
2024-09-27 17:00:00,2651.835,2652.419,2642.994,2645.163,9527
2024-09-27 18:00:00,2645.198,2648.89,2643.356,2647.91,6871
2024-09-27 19:00:00,2647.949,2652.836,2645.577,2651.992,6399
2024-09-27 20:00:00,2651.952,2660.009,2651.126,2657.983,4324
2024-09-29 22:00:00,2661.714,2663.582,2659.762,2662.716,4928
2024-09-29 23:00:00,2662.678,2665.106,2661.633,2663.543,4926
2024-09-30 00:00:00,2663.58,2666.049,2661.271,2661.68,7288
2024-09-30 01:00:00,2661.641,2664.377,2647.264,2652.675,15808
2024-09-30 02:00:00,2652.632,2656.363,2650.196,2652.581,8945
2024-09-30 03:00:00,2652.605,2655.644,2652.107,2653.617,5902
2024-09-30 04:00:00,2653.573,2655.918,2652.121,2655.865,4787
2024-09-30 05:00:00,2655.896,2659.319,2654.383,2657.881,6911
2024-09-30 06:00:00,2657.753,2660.056,2655.586,2657.856,8293
2024-09-30 07:00:00,2657.89,2660.619,2650.63,2650.993,7604
2024-09-30 08:00:00,2650.95,2656.591,2650.646,2653.585,7232
2024-09-30 09:00:00,2653.614,2653.638,2648.294,2649.643,7432
2024-09-30 10:00:00,2649.715,2650.105,2635.748,2636.947,9941
2024-09-30 11:00:00,2636.911,2642.814,2634.445,2641.542,8955
2024-09-30 12:00:00,2641.523,2644.199,2634.879,2638.913,10216
2024-09-30 13:00:00,2638.955,2642.082,2630.398,2635.685,17612
2024-09-30 14:00:00,2635.659,2636.173,2628.686,2633.222,19230
2024-09-30 15:00:00,2633.245,2636.505,2630.262,2633.868,11063
2024-09-30 16:00:00,2633.874,2639.429,2633.384,2639.053,8041
2024-09-30 17:00:00,2639.091,2641.893,2636.385,2637.829,7070
2024-09-30 18:00:00,2637.804,2638.327,2624.679,2631.467,15428
2024-09-30 19:00:00,2631.431,2631.734,2626.43,2630.963,7402
2024-09-30 20:00:00,2631.001,2635.122,2630.717,2634.848,3192
2024-09-30 22:00:00,2633.527,2635.028,2632.53,2635.028,2124
2024-09-30 23:00:00,2634.994,2636.254,2634.559,2635.634,2632
2024-10-01 00:00:00,2635.659,2637.198,2633.911,2636.455,4263
2024-10-01 01:00:00,2636.439,2639.81,2635.5,2639.81,4504
2024-10-01 02:00:00,2639.788,2640.008,2634.995,2636.481,4613
2024-10-01 03:00:00,2636.494,2638.655,2634.48,2637.938,4301
2024-10-01 04:00:00,2637.955,2640.51,2637.412,2639.539,3892
2024-10-01 05:00:00,2639.555,2644.406,2639.522,2643.048,5370
2024-10-01 06:00:00,2643.012,2645.538,2642.56,2645.33,6142
2024-10-01 07:00:00,2645.354,2647.449,2641.633,2645.559,8865
2024-10-01 08:00:00,2645.593,2646.811,2642.437,2646.535,7051
2024-10-01 09:00:00,2646.492,2649.334,2645.35,2648.666,6581
2024-10-01 10:00:00,2648.698,2650.519,2648.24,2650.391,5462
2024-10-01 11:00:00,2650.416,2652.056,2646.88,2650.229,6450
2024-10-01 12:00:00,2650.274,2656.678,2650.142,2651.564,9692
2024-10-01 13:00:00,2651.533,2671.853,2647.946,2668.452,27651
2024-10-01 14:00:00,2668.506,2669.957,2657.351,2659.028,27265
2024-10-01 15:00:00,2659.098,2665.467,2653.857,2663.338,17577
2024-10-01 16:00:00,2663.303,2673.197,2661.166,2666.412,14372
2024-10-01 17:00:00,2666.46,2671.798,2661.164,2662.414,15812
2024-10-01 18:00:00,2662.447,2664.897,2657.515,2661.021,8231
2024-10-01 19:00:00,2660.99,2664.325,2658.161,2658.691,6344
2024-10-01 20:00:00,2658.73,2663.978,2657.812,2663.575,3117
2024-10-01 22:00:00,2661.812,2662.895,2661.194,2662.126,2237
2024-10-01 23:00:00,2662.127,2662.281,2660.134,2660.361,2680
2024-10-02 00:00:00,2660.39,2660.652,2656.953,2657.452,5107
2024-10-02 01:00:00,2657.496,2662.017,2656.294,2660.656,5850
2024-10-02 02:00:00,2660.611,2661.156,2658.735,2660.153,4904
2024-10-02 03:00:00,2660.114,2661.568,2655.079,2655.376,5339
2024-10-02 04:00:00,2655.351,2656.576,2652.54,2654.127,5178
2024-10-02 05:00:00,2654.118,2656.197,2644.495,2648.023,9168
2024-10-02 06:00:00,2648.06,2650.859,2647.147,2649.76,6820
2024-10-02 07:00:00,2649.714,2655.555,2649.397,2655.413,8553
2024-10-02 08:00:00,2655.482,2655.841,2648.588,2652.358,7418
2024-10-02 09:00:00,2652.374,2655.607,2651.509,2652.876,6605
2024-10-02 10:00:00,2652.911,2654.341,2648.773,2649.146,5577
2024-10-02 11:00:00,2649.097,2652.608,2647.941,2649.577,6277
2024-10-02 12:00:00,2649.619,2652.979,2643.733,2649.597,12114
2024-10-02 13:00:00,2649.509,2660.821,2649.165,2659.402,17437
2024-10-02 14:00:00,2659.446,2663.323,2647.35,2648.173,17540
2024-10-02 15:00:00,2648.201,2650.748,2641.038,2649.89,14630
2024-10-02 16:00:00,2649.918,2652.278,2648.064,2649.731,7966
2024-10-02 17:00:00,2649.751,2652.803,2647.102,2652.151,5880
2024-10-02 18:00:00,2652.136,2655.946,2651.149,2654.104,5600
2024-10-02 19:00:00,2654.067,2658.986,2653.683,2658.64,4629
2024-10-02 20:00:00,2658.622,2659.904,2658.265,2658.825,2965
2024-10-02 22:00:00,2658.946,2660.339,2658.375,2659.45,2409
2024-10-02 23:00:00,2659.454,2661.236,2659.375,2660.333,3006
2024-10-03 00:00:00,2660.299,2662.968,2657.409,2657.751,5584
2024-10-03 01:00:00,2657.729,2658.932,2654.994,2658.172,6146
2024-10-03 02:00:00,2658.212,2658.685,2655.363,2655.83,4881
2024-10-03 03:00:00,2655.785,2657.987,2653.273,2656.001,5159
2024-10-03 04:00:00,2655.966,2656.551,2654.605,2655.039,3953
2024-10-03 05:00:00,2655.0,2656.688,2651.802,2653.268,6294
2024-10-03 06:00:00,2653.226,2657.432,2651.277,2655.908,7095
2024-10-03 07:00:00,2655.937,2656.204,2643.491,2645.187,9904
2024-10-03 08:00:00,2645.222,2647.482,2641.672,2645.124,7772
2024-10-03 09:00:00,2645.163,2647.554,2640.961,2644.855,7777
2024-10-03 10:00:00,2644.824,2648.075,2643.963,2646.739,6913
2024-10-03 11:00:00,2646.78,2649.054,2643.555,2648.018,6778
2024-10-03 12:00:00,2647.984,2654.36,2642.014,2642.398,14371
2024-10-03 13:00:00,2642.36,2651.341,2641.514,2647.629,15851
2024-10-03 14:00:00,2647.093,2654.46,2637.964,2650.245,29253
2024-10-03 15:00:00,2650.208,2654.651,2647.884,2648.798,11206
2024-10-03 16:00:00,2648.842,2661.259,2648.49,2659.997,9641
2024-10-03 17:00:00,2660.024,2662.144,2655.157,2656.745,8421
2024-10-03 18:00:00,2656.741,2659.773,2655.361,2657.591,5310
2024-10-03 19:00:00,2657.586,2659.489,2656.974,2657.974,5227
2024-10-03 20:00:00,2658.009,2658.009,2655.776,2656.246,2407
2024-10-03 22:00:00,2657.147,2657.147,2654.356,2655.987,2434
2024-10-03 23:00:00,2656.046,2656.683,2654.319,2655.804,2108
2024-10-04 00:00:00,2655.8,2657.574,2655.444,2657.234,4023
2024-10-04 01:00:00,2657.243,2659.224,2656.731,2658.335,5173
2024-10-04 02:00:00,2658.291,2663.521,2657.965,2662.099,4884
2024-10-04 03:00:00,2662.137,2663.591,2660.739,2661.137,4795
2024-10-04 04:00:00,2661.128,2665.904,2660.648,2664.08,4214
2024-10-04 05:00:00,2664.06,2667.864,2664.06,2667.394,4765
2024-10-04 06:00:00,2667.391,2667.58,2659.638,2660.228,5917
2024-10-04 07:00:00,2660.275,2663.175,2658.703,2661.08,7805
2024-10-04 08:00:00,2661.05,2661.595,2658.772,2659.021,5713
2024-10-04 09:00:00,2659.06,2660.237,2656.783,2657.455,5455
2024-10-04 10:00:00,2657.427,2660.741,2657.131,2658.279,4910
2024-10-04 11:00:00,2658.234,2662.567,2657.346,2661.342,5795
2024-10-04 12:00:00,2661.307,2661.564,2632.03,2638.818,27409
2024-10-04 13:00:00,2638.854,2655.217,2637.413,2651.887,27427
2024-10-04 14:00:00,2651.904,2661.199,2646.482,2658.293,20696
2024-10-04 15:00:00,2658.338,2670.167,2647.8,2653.201,27068
2024-10-04 16:00:00,2653.227,2653.859,2641.813,2645.295,12910
2024-10-04 17:00:00,2645.338,2650.46,2643.859,2650.069,8466
2024-10-04 18:00:00,2650.068,2650.754,2644.31,2645.651,6960
2024-10-04 19:00:00,2645.686,2652.076,2642.763,2651.624,6023
2024-10-04 20:00:00,2651.657,2653.995,2649.848,2653.489,3391
2024-10-06 22:00:00,2651.575,2652.212,2649.908,2650.826,3440
2024-10-06 23:00:00,2650.825,2652.397,2649.672,2650.128,3404
2024-10-07 00:00:00,2650.107,2651.144,2647.737,2649.267,4677
2024-10-07 01:00:00,2649.299,2651.926,2643.844,2646.145,7461
2024-10-07 02:00:00,2646.151,2648.639,2645.264,2645.3,6284
2024-10-07 03:00:00,2645.269,2647.499,2643.891,2647.421,5213
2024-10-07 04:00:00,2647.399,2648.661,2646.342,2646.815,3645
2024-10-07 05:00:00,2646.754,2646.794,2639.917,2640.688,5463
2024-10-07 06:00:00,2640.786,2643.878,2639.587,2643.227,7443
2024-10-07 07:00:00,2643.165,2652.832,2642.045,2652.016,8939
2024-10-07 08:00:00,2652.057,2656.354,2651.538,2652.29,8316
2024-10-07 09:00:00,2652.255,2657.34,2650.597,2656.543,6614
2024-10-07 10:00:00,2656.521,2658.508,2655.185,2655.441,6468
2024-10-07 11:00:00,2655.398,2659.615,2655.029,2656.913,6750
2024-10-07 12:00:00,2656.949,2659.206,2637.728,2639.934,15619
2024-10-07 13:00:00,2639.988,2653.788,2639.64,2642.75,20400
2024-10-07 14:00:00,2642.707,2647.792,2640.38,2640.852,15904
2024-10-07 15:00:00,2640.821,2650.172,2639.051,2645.728,10874
2024-10-07 16:00:00,2645.687,2646.926,2642.636,2646.797,6580
2024-10-07 17:00:00,2646.796,2648.744,2644.117,2647.864,5309
2024-10-07 18:00:00,2647.902,2648.11,2639.686,2640.908,6422
2024-10-07 19:00:00,2640.931,2644.685,2640.384,2643.26,5521
2024-10-07 20:00:00,2643.224,2643.703,2641.769,2642.567,2666
2024-10-07 22:00:00,2643.087,2649.211,2641.768,2644.274,3948
2024-10-07 23:00:00,2644.235,2644.856,2642.389,2642.944,3476
2024-10-08 00:00:00,2642.962,2645.15,2642.32,2643.665,5059
2024-10-08 01:00:00,2643.624,2647.898,2637.861,2647.253,14673
2024-10-08 02:00:00,2647.286,2648.317,2633.726,2635.733,15937
2024-10-08 03:00:00,2635.699,2645.798,2635.207,2642.99,9486
2024-10-08 04:00:00,2642.952,2643.843,2641.282,2643.069,4788
2024-10-08 05:00:00,2643.027,2646.406,2641.529,2645.014,7363
2024-10-08 06:00:00,2644.998,2646.429,2635.594,2636.41,9839
2024-10-08 07:00:00,2636.374,2638.489,2631.095,2633.951,12098
2024-10-08 08:00:00,2633.977,2640.322,2628.487,2637.973,10640
2024-10-08 09:00:00,2637.963,2641.971,2635.726,2641.34,7337
2024-10-08 10:00:00,2641.339,2647.434,2639.719,2646.234,7502
2024-10-08 11:00:00,2646.269,2651.936,2646.159,2650.745,8881
2024-10-08 12:00:00,2650.739,2652.982,2639.738,2645.963,13712
2024-10-08 13:00:00,2645.919,2647.644,2636.588,2639.632,20928
2024-10-08 14:00:00,2639.674,2640.364,2619.491,2621.032,28971
2024-10-08 15:00:00,2621.057,2621.151,2604.686,2612.939,20918
2024-10-08 16:00:00,2613.018,2616.265,2606.663,2608.992,11040
2024-10-08 17:00:00,2609.031,2618.103,2605.443,2614.557,11007
2024-10-08 18:00:00,2614.527,2616.945,2613.762,2615.658,6336
2024-10-08 19:00:00,2615.668,2623.574,2614.864,2622.915,6289
2024-10-08 20:00:00,2622.923,2623.087,2618.811,2621.872,3919
2024-10-08 22:00:00,2621.786,2622.416,2620.542,2621.929,2118
2024-10-08 23:00:00,2621.951,2623.813,2621.151,2621.868,3261
2024-10-09 00:00:00,2621.868,2623.237,2620.963,2621.14,4736
2024-10-09 01:00:00,2621.167,2624.268,2618.287,2619.992,10656
2024-10-09 02:00:00,2620.028,2620.403,2616.841,2618.428,7493
2024-10-09 03:00:00,2618.408,2618.921,2614.848,2617.072,6394
2024-10-09 04:00:00,2617.035,2618.627,2615.404,2615.946,3531
2024-10-09 05:00:00,2615.907,2624.321,2615.634,2619.677,8675
2024-10-09 06:00:00,2619.644,2619.644,2610.611,2612.808,9371
2024-10-09 07:00:00,2612.755,2615.606,2609.139,2611.628,8359
2024-10-09 08:00:00,2611.669,2617.364,2610.405,2616.184,7980
2024-10-09 09:00:00,2616.223,2618.567,2614.582,2617.956,6522
2024-10-09 10:00:00,2617.996,2621.534,2616.044,2621.004,5711
2024-10-09 11:00:00,2620.976,2622.45,2616.91,2619.022,6326
2024-10-09 12:00:00,2619.061,2622.458,2615.3,2618.859,9771
2024-10-09 13:00:00,2618.89,2620.725,2606.875,2609.612,19385
2024-10-09 14:00:00,2609.586,2611.887,2605.189,2609.826,15441
2024-10-09 15:00:00,2609.784,2617.933,2609.398,2614.818,12223
2024-10-09 16:00:00,2614.861,2615.887,2607.792,2608.684,8037
2024-10-09 17:00:00,2608.702,2609.944,2606.372,2609.723,6736
2024-10-09 18:00:00,2609.888,2611.105,2605.116,2606.416,6007
2024-10-09 19:00:00,2606.451,2610.155,2606.266,2609.087,4741
2024-10-09 20:00:00,2609.146,2609.477,2606.881,2607.741,2852
2024-10-09 22:00:00,2608.184,2608.976,2607.409,2608.804,2172
2024-10-09 23:00:00,2608.882,2609.439,2607.907,2608.476,2166
2024-10-10 00:00:00,2608.438,2610.146,2605.904,2609.328,4682
2024-10-10 01:00:00,2609.326,2612.494,2606.769,2609.087,9007
2024-10-10 02:00:00,2609.052,2615.58,2607.909,2615.234,7349
2024-10-10 03:00:00,2615.267,2616.9,2611.39,2611.762,6918
2024-10-10 04:00:00,2611.724,2614.722,2611.492,2613.856,4042
2024-10-10 05:00:00,2613.892,2615.531,2612.461,2613.264,5976
2024-10-10 06:00:00,2613.307,2616.422,2610.545,2612.419,6631
2024-10-10 07:00:00,2612.398,2617.066,2610.202,2616.657,7759
2024-10-10 08:00:00,2616.695,2617.352,2613.517,2615.408,6043
2024-10-10 09:00:00,2615.489,2618.437,2614.301,2617.141,5245
2024-10-10 10:00:00,2617.173,2618.448,2615.519,2617.914,4827
2024-10-10 11:00:00,2617.888,2618.912,2611.306,2612.98,7141
2024-10-10 12:00:00,2613.013,2627.3,2602.164,2625.081,24225
2024-10-10 13:00:00,2625.046,2627.934,2615.681,2626.657,26412
2024-10-10 14:00:00,2626.766,2629.794,2622.652,2625.393,19137
2024-10-10 15:00:00,2625.431,2626.206,2618.722,2623.614,11307
2024-10-10 16:00:00,2623.619,2629.106,2618.697,2619.263,10117
2024-10-10 17:00:00,2619.23,2626.265,2616.442,2623.788,9700
2024-10-10 18:00:00,2623.868,2629.111,2623.266,2626.494,6199
2024-10-10 19:00:00,2626.5,2631.355,2625.932,2629.135,5363
2024-10-10 20:00:00,2629.174,2631.485,2628.804,2629.638,3206
2024-10-10 22:00:00,2629.12,2629.169,2628.071,2628.232,2239
2024-10-10 23:00:00,2628.237,2636.032,2628.237,2633.149,4679
2024-10-11 00:00:00,2633.161,2634.472,2631.952,2633.908,5803
2024-10-11 01:00:00,2633.896,2637.964,2632.944,2637.712,8722
2024-10-11 02:00:00,2637.677,2644.092,2635.214,2642.356,8502
2024-10-11 03:00:00,2642.324,2646.052,2640.65,2645.483,6074
2024-10-11 04:00:00,2645.51,2646.089,2643.902,2645.61,3738
2024-10-11 05:00:00,2645.57,2645.962,2643.155,2644.682,4765
2024-10-11 06:00:00,2644.723,2647.173,2638.037,2639.551,8710
2024-10-11 07:00:00,2639.506,2645.552,2638.283,2645.355,6309
2024-10-11 08:00:00,2645.317,2646.198,2639.003,2639.239,5504
2024-10-11 09:00:00,2639.247,2641.642,2636.153,2637.911,5989
2024-10-11 10:00:00,2637.87,2642.241,2636.997,2641.641,4950
2024-10-11 11:00:00,2641.679,2644.781,2638.658,2644.635,5973
2024-10-11 12:00:00,2644.599,2650.109,2640.61,2642.976,13379
2024-10-11 13:00:00,2643.009,2653.405,2642.599,2649.749,15781
2024-10-11 14:00:00,2649.595,2655.379,2646.437,2653.034,13357
2024-10-11 15:00:00,2653.027,2659.318,2653.027,2658.757,8825
2024-10-11 16:00:00,2658.784,2661.462,2657.857,2660.475,7055
2024-10-11 17:00:00,2660.487,2661.196,2656.296,2659.44,6010
2024-10-11 18:00:00,2659.492,2659.52,2656.123,2658.597,4843
2024-10-11 19:00:00,2658.587,2658.831,2655.24,2656.122,4598
2024-10-11 20:00:00,2656.16,2657.207,2654.728,2656.836,2816
2024-10-13 22:00:00,2650.086,2652.472,2646.866,2650.375,5938
2024-10-13 23:00:00,2650.378,2650.701,2647.619,2648.091,3898
2024-10-14 00:00:00,2648.131,2648.348,2645.112,2646.683,4934
2024-10-14 01:00:00,2646.682,2648.438,2643.563,2646.064,10519
2024-10-14 02:00:00,2646.031,2655.468,2643.075,2655.124,9047
2024-10-14 03:00:00,2655.088,2657.455,2653.761,2655.553,6195
2024-10-14 04:00:00,2655.557,2660.391,2655.194,2659.153,3716
2024-10-14 05:00:00,2659.172,2660.723,2657.106,2658.992,5357
2024-10-14 06:00:00,2658.979,2666.867,2657.468,2664.058,9699
2024-10-14 07:00:00,2664.019,2665.166,2659.101,2660.396,7257
2024-10-14 08:00:00,2660.44,2661.884,2658.278,2659.452,5847
2024-10-14 09:00:00,2659.476,2663.012,2656.732,2658.523,5603
2024-10-14 10:00:00,2658.519,2660.855,2655.743,2655.813,5829
2024-10-14 11:00:00,2655.828,2656.877,2650.987,2652.184,7186
2024-10-14 12:00:00,2652.174,2654.596,2649.217,2651.352,8900
2024-10-14 13:00:00,2651.307,2661.162,2647.662,2655.543,15593
2024-10-14 14:00:00,2655.502,2657.04,2644.729,2645.69,15232
2024-10-14 15:00:00,2645.725,2649.092,2643.94,2646.733,8715
2024-10-14 16:00:00,2646.795,2649.713,2645.745,2648.549,5442
2024-10-14 17:00:00,2648.517,2649.93,2647.235,2648.604,4352
2024-10-14 18:00:00,2648.61,2650.94,2648.389,2649.194,3523
2024-10-14 19:00:00,2649.257,2652.575,2646.993,2652.395,5041
2024-10-14 20:00:00,2652.437,2653.33,2646.075,2648.86,3348
2024-10-14 22:00:00,2647.876,2650.346,2647.411,2650.013,2187
2024-10-14 23:00:00,2650.011,2650.992,2648.901,2649.351,2652
2024-10-15 00:00:00,2649.419,2650.232,2647.813,2648.145,4306
2024-10-15 01:00:00,2648.121,2651.27,2647.265,2648.467,7355
2024-10-15 02:00:00,2648.429,2652.769,2648.082,2651.682,6383
2024-10-15 03:00:00,2651.715,2651.715,2644.449,2645.705,6219
2024-10-15 04:00:00,2645.743,2645.743,2642.913,2644.372,5051
2024-10-15 05:00:00,2644.374,2644.374,2637.975,2641.824,8697
2024-10-15 06:00:00,2641.813,2649.22,2641.305,2648.642,8281
2024-10-15 07:00:00,2648.676,2653.947,2647.907,2650.758,8734
2024-10-15 08:00:00,2650.74,2655.778,2649.72,2653.859,7417
2024-10-15 09:00:00,2653.859,2655.509,2651.032,2653.569,6381
2024-10-15 10:00:00,2653.611,2656.771,2652.602,2653.026,5645
2024-10-15 11:00:00,2653.065,2654.543,2645.596,2647.75,7626
2024-10-15 12:00:00,2647.726,2657.442,2647.168,2648.285,10981
2024-10-15 13:00:00,2648.245,2653.33,2646.003,2648.609,17138
2024-10-15 14:00:00,2648.58,2664.155,2647.785,2659.781,19202
2024-10-15 15:00:00,2659.808,2665.158,2657.284,2664.637,12216
2024-10-15 16:00:00,2664.673,2668.93,2661.051,2661.873,8326
2024-10-15 17:00:00,2661.793,2664.241,2658.971,2663.613,6847
2024-10-15 18:00:00,2663.608,2665.825,2663.355,2665.152,3691
2024-10-15 19:00:00,2665.111,2666.475,2659.424,2661.64,5860
2024-10-15 20:00:00,2661.697,2663.11,2660.269,2662.98,2816
2024-10-15 22:00:00,2662.042,2662.873,2661.53,2662.103,1835
2024-10-15 23:00:00,2662.132,2662.616,2660.413,2660.5,2482
2024-10-16 00:00:00,2660.498,2660.544,2658.722,2660.161,4105
2024-10-16 01:00:00,2660.167,2668.02,2660.085,2668.02,10424
2024-10-16 02:00:00,2667.975,2670.116,2665.506,2668.044,7752
2024-10-16 03:00:00,2668.099,2669.234,2665.298,2667.156,6227
2024-10-16 04:00:00,2667.12,2668.221,2665.592,2666.686,4108
2024-10-16 05:00:00,2666.721,2670.586,2666.084,2669.419,6227
2024-10-16 06:00:00,2669.46,2677.689,2667.071,2677.168,13033
2024-10-16 07:00:00,2677.135,2677.49,2673.25,2676.115,7374
2024-10-16 08:00:00,2676.113,2680.174,2674.525,2679.465,6193
2024-10-16 09:00:00,2679.506,2682.759,2678.065,2680.221,6549
2024-10-16 10:00:00,2680.253,2681.006,2673.156,2674.263,7727
2024-10-16 11:00:00,2674.307,2680.635,2672.975,2678.332,7644
2024-10-16 12:00:00,2678.312,2681.969,2676.479,2681.711,10152
2024-10-16 13:00:00,2681.671,2685.394,2672.414,2675.055,18922
2024-10-16 14:00:00,2675.081,2681.436,2670.03,2672.154,18639
2024-10-16 15:00:00,2672.179,2675.703,2667.562,2669.985,12119
2024-10-16 16:00:00,2669.926,2674.201,2666.681,2674.143,8288
2024-10-16 17:00:00,2674.187,2676.32,2673.075,2675.24,6161
2024-10-16 18:00:00,2675.217,2676.704,2674.588,2674.995,4021
2024-10-16 19:00:00,2674.95,2675.013,2672.765,2674.69,4079
2024-10-16 20:00:00,2674.735,2674.988,2673.078,2673.614,1919
2024-10-16 22:00:00,2674.51,2674.996,2673.292,2673.73,2114
2024-10-16 23:00:00,2673.721,2674.739,2673.456,2674.087,1903
2024-10-17 00:00:00,2674.122,2677.953,2674.069,2677.828,4158
2024-10-17 01:00:00,2677.894,2683.022,2676.479,2682.999,8336
2024-10-17 02:00:00,2683.024,2684.898,2678.885,2681.941,10769
2024-10-17 03:00:00,2681.905,2682.242,2674.531,2676.61,7487
2024-10-17 04:00:00,2676.651,2679.762,2676.401,2679.073,4611
2024-10-17 05:00:00,2679.06,2684.294,2678.067,2683.507,7753
2024-10-17 06:00:00,2683.536,2685.756,2679.981,2681.121,10521
2024-10-17 07:00:00,2681.163,2683.814,2678.878,2681.953,9026
2024-10-17 08:00:00,2681.981,2683.88,2680.017,2681.806,6307
2024-10-17 09:00:00,2681.811,2682.085,2676.949,2679.48,6657
2024-10-17 10:00:00,2679.458,2688.858,2679.013,2687.48,6611
2024-10-17 11:00:00,2687.443,2688.435,2680.778,2681.298,6592
2024-10-17 12:00:00,2681.258,2682.259,2673.143,2680.646,17958
2024-10-17 13:00:00,2680.603,2690.139,2677.799,2688.717,19438
2024-10-17 14:00:00,2688.753,2696.541,2684.731,2695.643,19919
2024-10-17 15:00:00,2695.602,2696.788,2687.543,2693.271,13672
2024-10-17 16:00:00,2693.365,2693.408,2683.959,2692.202,10111
2024-10-17 17:00:00,2692.234,2694.202,2690.435,2691.971,6709
2024-10-17 18:00:00,2691.997,2692.228,2689.16,2689.577,5132
2024-10-17 19:00:00,2689.572,2692.583,2688.858,2691.954,3916
2024-10-17 20:00:00,2692.006,2692.958,2690.967,2692.719,2395
2024-10-17 22:00:00,2692.423,2693.375,2692.318,2692.617,1623
2024-10-17 23:00:00,2692.618,2694.411,2692.309,2693.71,1994
2024-10-18 00:00:00,2693.67,2695.827,2692.764,2693.061,4520
2024-10-18 01:00:00,2693.018,2706.793,2692.789,2704.637,11720
2024-10-18 02:00:00,2704.529,2711.964,2703.977,2708.162,11790
2024-10-18 03:00:00,2708.062,2710.848,2706.935,2709.944,7048
2024-10-18 04:00:00,2709.908,2711.41,2708.751,2710.164,4020
2024-10-18 05:00:00,2710.201,2714.08,2710.044,2711.467,7479
2024-10-18 06:00:00,2711.429,2711.622,2702.643,2707.36,13840
2024-10-18 07:00:00,2707.382,2709.151,2702.208,2702.281,7722
2024-10-18 08:00:00,2702.326,2706.264,2701.657,2706.255,5821
2024-10-18 09:00:00,2706.243,2713.162,2706.135,2711.383,7103
2024-10-18 10:00:00,2711.412,2713.203,2707.944,2712.514,6558
2024-10-18 11:00:00,2712.506,2713.109,2707.963,2709.779,8399
2024-10-18 12:00:00,2709.808,2717.075,2709.133,2709.605,10113
2024-10-18 13:00:00,2709.566,2715.828,2704.921,2713.649,21361
2024-10-18 14:00:00,2713.624,2720.131,2712.091,2717.466,15431
2024-10-18 15:00:00,2717.363,2719.172,2713.606,2714.813,10791
2024-10-18 16:00:00,2714.846,2719.024,2714.686,2717.549,6944
2024-10-18 17:00:00,2717.585,2720.045,2713.576,2715.924,6870
2024-10-18 18:00:00,2715.923,2721.281,2715.49,2720.225,5579
2024-10-18 19:00:00,2720.269,2720.504,2718.028,2719.624,5621
2024-10-18 20:00:00,2719.665,2722.633,2719.181,2721.778,3660
2024-10-20 22:00:00,2723.092,2723.839,2720.186,2723.564,3430
2024-10-20 23:00:00,2723.527,2725.129,2722.358,2723.416,3994
2024-10-21 00:00:00,2723.457,2725.83,2721.425,2721.616,6476
2024-10-21 01:00:00,2721.659,2729.291,2721.04,2726.442,17229
2024-10-21 02:00:00,2726.487,2731.482,2724.75,2730.741,9701
2024-10-21 03:00:00,2730.697,2732.826,2729.348,2731.512,6665
2024-10-21 04:00:00,2731.514,2731.984,2729.552,2730.381,3899
2024-10-21 05:00:00,2730.385,2730.422,2724.436,2724.886,7645
2024-10-21 06:00:00,2724.851,2730.597,2723.554,2730.24,8343
2024-10-21 07:00:00,2730.284,2732.515,2725.333,2730.312,7699
2024-10-21 08:00:00,2730.322,2733.12,2729.357,2731.328,6549
2024-10-21 09:00:00,2731.341,2736.902,2730.725,2734.519,7793
2024-10-21 10:00:00,2734.54,2734.965,2727.716,2733.317,8272
2024-10-21 11:00:00,2733.352,2738.128,2732.955,2734.458,8804
2024-10-21 12:00:00,2734.426,2739.794,2732.731,2738.688,12869
2024-10-21 13:00:00,2738.713,2740.515,2733.687,2738.981,19450
2024-10-21 14:00:00,2739.045,2739.545,2722.236,2725.163,24114
2024-10-21 15:00:00,2725.268,2727.116,2716.833,2720.119,18683
2024-10-21 16:00:00,2720.093,2724.009,2718.086,2723.499,8493
2024-10-21 17:00:00,2723.539,2725.598,2721.596,2722.796,6984
2024-10-21 18:00:00,2722.788,2723.253,2715.298,2716.464,6084
2024-10-21 19:00:00,2716.424,2721.025,2714.181,2719.854,7671
2024-10-21 20:00:00,2719.81,2720.972,2718.823,2719.873,3162
2024-10-21 22:00:00,2718.743,2721.746,2718.743,2720.76,2075
2024-10-21 23:00:00,2720.726,2722.592,2720.38,2721.483,2585
2024-10-22 00:00:00,2721.478,2725.184,2720.633,2724.83,5414
2024-10-22 01:00:00,2724.866,2730.33,2723.917,2728.161,9676
2024-10-22 02:00:00,2728.12,2730.678,2727.69,2728.789,6202
2024-10-22 03:00:00,2728.763,2733.09,2728.66,2731.003,5894
2024-10-22 04:00:00,2730.969,2736.022,2730.969,2734.711,5607
2024-10-22 05:00:00,2734.727,2735.118,2729.015,2730.435,6235
2024-10-22 06:00:00,2730.397,2737.141,2729.575,2735.013,7597
2024-10-22 07:00:00,2734.976,2736.256,2732.504,2733.656,5886
2024-10-22 08:00:00,2733.617,2738.377,2731.433,2734.915,6953
2024-10-22 09:00:00,2734.873,2736.066,2729.809,2731.462,6710
2024-10-22 10:00:00,2731.435,2739.358,2730.491,2738.843,7808
2024-10-22 11:00:00,2738.887,2739.283,2729.436,2731.976,8204
2024-10-22 12:00:00,2732.01,2738.036,2731.553,2736.164,11330
2024-10-22 13:00:00,2736.202,2742.08,2735.391,2735.701,16361
2024-10-22 14:00:00,2735.751,2743.223,2733.713,2741.814,16645
2024-10-22 15:00:00,2741.851,2744.206,2736.782,2737.562,10517
2024-10-22 16:00:00,2737.521,2745.55,2737.117,2745.259,7855
2024-10-22 17:00:00,2745.301,2748.375,2743.528,2746.684,7748
2024-10-22 18:00:00,2746.718,2747.227,2744.102,2744.659,5466
2024-10-22 19:00:00,2744.621,2748.905,2743.827,2748.306,5136
2024-10-22 20:00:00,2748.354,2748.86,2746.755,2748.585,3556
2024-10-22 22:00:00,2747.854,2748.356,2747.021,2747.305,1783
2024-10-22 23:00:00,2747.304,2748.08,2745.82,2746.557,2057
2024-10-23 00:00:00,2746.587,2747.037,2744.725,2745.255,3963
2024-10-23 01:00:00,2745.219,2747.199,2737.92,2738.623,9299
2024-10-23 02:00:00,2738.575,2741.059,2737.743,2738.952,7011
2024-10-23 03:00:00,2738.906,2747.018,2738.247,2746.047,6791
2024-10-23 04:00:00,2746.054,2750.657,2745.347,2749.921,6206
2024-10-23 05:00:00,2749.928,2753.288,2748.839,2751.441,7463
2024-10-23 06:00:00,2751.406,2753.188,2748.096,2750.513,7560
2024-10-23 07:00:00,2750.47,2755.632,2749.254,2754.874,6355
2024-10-23 08:00:00,2754.913,2758.508,2754.574,2756.845,5607
2024-10-23 09:00:00,2756.89,2757.622,2749.83,2750.622,7912
2024-10-23 10:00:00,2750.643,2752.519,2749.675,2750.742,6302
2024-10-23 11:00:00,2750.736,2752.911,2749.134,2749.967,6751
2024-10-23 12:00:00,2749.932,2750.503,2740.698,2743.369,12368
2024-10-23 13:00:00,2743.407,2744.218,2731.596,2737.447,25712
2024-10-23 14:00:00,2737.508,2738.709,2716.402,2717.801,29532
2024-10-23 15:00:00,2717.827,2722.563,2708.604,2721.726,19508
2024-10-23 16:00:00,2721.692,2723.275,2718.47,2719.363,10246
2024-10-23 17:00:00,2719.298,2720.687,2713.751,2716.684,9125
2024-10-23 18:00:00,2716.659,2716.659,2711.932,2714.102,8119
2024-10-23 19:00:00,2714.017,2718.232,2713.216,2716.236,6150
2024-10-23 20:00:00,2716.194,2716.641,2714.143,2715.544,3481
2024-10-23 22:00:00,2715.19,2718.316,2715.156,2718.0,2458
2024-10-23 23:00:00,2718.049,2721.885,2718.049,2721.258,3469
2024-10-24 00:00:00,2721.219,2721.401,2717.761,2721.178,5789
2024-10-24 01:00:00,2721.282,2726.698,2720.292,2723.737,11013
2024-10-24 02:00:00,2723.74,2724.488,2720.22,2723.377,7913
2024-10-24 03:00:00,2723.382,2724.034,2721.396,2722.877,4983
2024-10-24 04:00:00,2722.882,2727.135,2722.824,2726.516,4465
2024-10-24 05:00:00,2726.507,2729.746,2725.779,2728.951,5819
2024-10-24 06:00:00,2728.93,2736.565,2728.309,2735.21,8584
2024-10-24 07:00:00,2735.169,2737.121,2732.16,2733.54,7854
2024-10-24 08:00:00,2733.613,2737.894,2732.489,2736.807,6970
2024-10-24 09:00:00,2736.768,2739.204,2735.844,2736.469,5767
2024-10-24 10:00:00,2736.515,2739.199,2736.229,2736.722,5169
2024-10-24 11:00:00,2736.767,2739.688,2735.074,2738.556,6633
2024-10-24 12:00:00,2738.464,2741.591,2734.634,2739.098,10626
2024-10-24 13:00:00,2739.138,2743.208,2729.556,2733.586,17704
2024-10-24 14:00:00,2733.629,2736.157,2722.364,2732.339,20239
2024-10-24 15:00:00,2732.302,2734.345,2726.75,2731.099,12391
2024-10-24 16:00:00,2731.091,2735.562,2725.758,2733.573,10590
2024-10-24 17:00:00,2733.54,2737.067,2732.87,2735.345,8022
2024-10-24 18:00:00,2735.381,2737.747,2734.447,2735.578,6106
2024-10-24 19:00:00,2735.611,2737.036,2733.427,2736.997,5113
2024-10-24 20:00:00,2737.026,2737.144,2735.027,2735.706,2570
2024-10-24 22:00:00,2735.683,2736.089,2734.529,2734.577,1763
2024-10-24 23:00:00,2734.584,2735.49,2733.622,2733.844,2200
2024-10-25 00:00:00,2733.885,2734.884,2731.305,2732.43,4151
2024-10-25 01:00:00,2732.472,2735.174,2729.788,2730.022,8276
2024-10-25 02:00:00,2729.979,2730.156,2726.136,2728.423,6722
2024-10-25 03:00:00,2728.38,2728.38,2724.376,2726.041,5306
2024-10-25 04:00:00,2726.077,2727.784,2723.863,2725.994,4583
2024-10-25 05:00:00,2726.033,2729.85,2726.005,2728.464,6503
2024-10-25 06:00:00,2728.477,2732.567,2724.961,2732.186,7787
2024-10-25 07:00:00,2732.148,2732.148,2725.88,2726.375,6791
2024-10-25 08:00:00,2726.464,2727.06,2718.828,2719.429,8540
2024-10-25 09:00:00,2719.32,2721.397,2716.956,2721.245,7074
2024-10-25 10:00:00,2721.338,2722.693,2717.166,2722.217,6389
2024-10-25 11:00:00,2722.224,2729.391,2721.211,2724.181,8223
2024-10-25 12:00:00,2724.208,2732.481,2723.223,2731.435,8923
2024-10-25 13:00:00,2731.474,2732.133,2725.195,2727.638,14952
2024-10-25 14:00:00,2727.705,2740.563,2727.67,2738.444,16076
2024-10-25 15:00:00,2738.423,2742.028,2736.444,2737.131,9388
2024-10-25 16:00:00,2737.093,2739.394,2733.922,2739.173,7920
2024-10-25 17:00:00,2739.198,2745.022,2738.693,2744.246,6340
2024-10-25 18:00:00,2744.285,2744.695,2741.234,2742.059,5334
2024-10-25 19:00:00,2742.055,2744.41,2740.3,2742.519,5429
2024-10-25 20:00:00,2742.561,2747.774,2742.469,2747.023,4211
2024-10-27 22:00:00,2733.443,2736.182,2730.34,2734.546,7119
2024-10-27 23:00:00,2734.571,2740.176,2734.56,2735.815,5678
2024-10-28 00:00:00,2735.783,2736.317,2732.145,2732.466,6198
2024-10-28 01:00:00,2732.433,2732.962,2724.671,2732.264,12840
2024-10-28 02:00:00,2732.261,2735.566,2730.668,2734.185,6613
2024-10-28 03:00:00,2734.129,2734.683,2729.584,2729.702,5506
2024-10-28 04:00:00,2729.637,2733.48,2729.093,2732.91,4079
2024-10-28 05:00:00,2732.954,2738.766,2731.096,2738.393,6149
2024-10-28 06:00:00,2738.427,2744.515,2737.466,2740.573,8712
2024-10-28 07:00:00,2740.591,2743.69,2735.795,2738.919,7136
2024-10-28 08:00:00,2738.878,2740.882,2731.325,2731.953,8347
2024-10-28 09:00:00,2731.923,2734.011,2728.386,2729.294,7561
2024-10-28 10:00:00,2729.256,2733.309,2727.837,2732.234,6731
2024-10-28 11:00:00,2732.242,2732.869,2729.683,2732.319,6079
2024-10-28 12:00:00,2732.312,2734.884,2731.171,2734.343,7841
2024-10-28 13:00:00,2734.299,2743.489,2732.811,2740.888,13925
2024-10-28 14:00:00,2740.851,2745.917,2738.873,2744.215,12555
2024-10-28 15:00:00,2744.244,2744.673,2739.645,2740.704,9853
2024-10-28 16:00:00,2740.671,2744.949,2739.945,2742.67,6304
2024-10-28 17:00:00,2742.658,2744.896,2740.27,2743.358,5807
2024-10-28 18:00:00,2743.396,2743.47,2740.169,2741.811,4818
2024-10-28 19:00:00,2741.851,2743.487,2740.313,2742.498,4409
2024-10-28 20:00:00,2742.464,2743.033,2741.32,2742.264,2523
2024-10-28 22:00:00,2741.724,2742.345,2739.774,2742.019,2217
2024-10-28 23:00:00,2742.009,2744.427,2741.124,2744.427,2764
2024-10-29 00:00:00,2744.379,2746.796,2743.267,2745.758,4243
2024-10-29 01:00:00,2745.746,2752.452,2745.553,2752.022,8764
2024-10-29 02:00:00,2752.071,2757.75,2750.466,2752.925,9659
2024-10-29 03:00:00,2752.904,2753.342,2748.612,2751.681,6723
2024-10-29 04:00:00,2751.682,2755.299,2751.302,2754.708,4233
2024-10-29 05:00:00,2754.752,2756.854,2749.732,2750.008,7413
2024-10-29 06:00:00,2749.96,2756.552,2748.898,2755.759,7387
2024-10-29 07:00:00,2755.722,2756.339,2751.944,2752.459,5954
2024-10-29 08:00:00,2752.499,2755.054,2746.273,2754.554,9354
2024-10-29 09:00:00,2754.593,2756.663,2750.096,2752.451,7415
2024-10-29 10:00:00,2752.494,2753.156,2747.383,2749.852,6869
2024-10-29 11:00:00,2749.861,2753.326,2746.19,2751.772,7515
2024-10-29 12:00:00,2751.806,2753.749,2748.937,2749.1,8276
2024-10-29 13:00:00,2749.073,2764.0,2748.142,2760.795,16349
2024-10-29 14:00:00,2760.811,2771.73,2760.811,2769.536,19261
2024-10-29 15:00:00,2769.571,2770.452,2760.778,2764.241,14416
2024-10-29 16:00:00,2764.219,2770.255,2764.103,2769.345,8527
2024-10-29 17:00:00,2769.343,2772.6,2766.273,2769.778,9332
2024-10-29 18:00:00,2769.808,2773.518,2768.207,2772.925,5983
2024-10-29 19:00:00,2772.919,2774.739,2771.0,2772.196,4950
2024-10-29 20:00:00,2772.165,2774.752,2771.822,2774.346,3040
2024-10-29 22:00:00,2773.558,2775.397,2772.948,2774.554,2236
2024-10-29 23:00:00,2774.561,2775.114,2773.367,2774.915,2748
2024-10-30 00:00:00,2774.943,2779.163,2774.778,2778.091,5005
2024-10-30 01:00:00,2778.145,2782.15,2776.956,2781.673,8678
2024-10-30 02:00:00,2781.707,2781.872,2776.028,2780.417,7266
2024-10-30 03:00:00,2780.462,2781.258,2777.187,2778.924,6050
2024-10-30 04:00:00,2778.93,2781.007,2777.394,2780.161,3666
2024-10-30 05:00:00,2780.123,2784.975,2777.941,2783.12,6072
2024-10-30 06:00:00,2783.124,2789.821,2781.228,2787.049,7816
2024-10-30 07:00:00,2787.087,2788.103,2780.447,2782.257,6939
2024-10-30 08:00:00,2782.214,2784.587,2779.534,2781.982,7306
2024-10-30 09:00:00,2781.836,2784.629,2780.275,2784.557,5613
2024-10-30 10:00:00,2784.56,2786.527,2780.11,2780.196,5544
2024-10-30 11:00:00,2780.16,2782.056,2778.247,2778.58,6397
2024-10-30 12:00:00,2778.556,2783.441,2773.618,2782.443,11700
2024-10-30 13:00:00,2782.551,2787.509,2770.83,2777.436,23338
2024-10-30 14:00:00,2777.455,2781.721,2775.108,2780.268,17753
2024-10-30 15:00:00,2780.311,2785.936,2771.956,2784.634,13169
2024-10-30 16:00:00,2784.675,2787.487,2783.0,2785.404,8016
2024-10-30 17:00:00,2785.347,2789.575,2783.887,2788.611,6865
2024-10-30 18:00:00,2788.575,2790.075,2787.265,2787.763,5078
2024-10-30 19:00:00,2787.801,2788.139,2784.47,2787.285,5168
2024-10-30 20:00:00,2787.333,2788.038,2784.777,2786.412,3539
2024-10-30 22:00:00,2787.459,2788.075,2786.207,2787.49,2657
2024-10-30 23:00:00,2787.46,2788.09,2785.215,2785.49,2500
2024-10-31 00:00:00,2785.489,2788.265,2784.637,2787.535,3771
2024-10-31 01:00:00,2787.572,2790.091,2783.554,2784.639,7060
2024-10-31 02:00:00,2784.655,2789.007,2784.352,2787.108,6198
2024-10-31 03:00:00,2787.076,2788.459,2784.321,2784.647,4448
2024-10-31 04:00:00,2784.685,2785.4,2782.088,2784.456,4403
2024-10-31 05:00:00,2784.427,2786.563,2782.618,2785.082,6704
2024-10-31 06:00:00,2785.086,2786.006,2779.688,2779.863,7453
2024-10-31 07:00:00,2779.819,2784.051,2778.028,2782.06,6960
2024-10-31 08:00:00,2782.02,2783.129,2776.893,2779.097,6694
2024-10-31 09:00:00,2779.056,2780.181,2776.972,2778.245,5860
2024-10-31 10:00:00,2778.213,2781.148,2773.305,2780.817,7134
2024-10-31 11:00:00,2780.865,2782.666,2776.696,2779.413,6636
2024-10-31 12:00:00,2779.414,2781.941,2771.911,2773.711,11739
2024-10-31 13:00:00,2773.611,2773.962,2754.48,2755.386,24430
2024-10-31 14:00:00,2755.348,2756.924,2734.598,2734.775,27618
2024-10-31 15:00:00,2734.749,2740.999,2731.515,2740.576,18073
2024-10-31 16:00:00,2740.617,2743.687,2738.004,2740.737,10550
2024-10-31 17:00:00,2740.762,2743.815,2738.206,2739.573,7320
2024-10-31 18:00:00,2739.568,2748.01,2739.568,2746.918,8539
2024-10-31 19:00:00,2746.968,2749.747,2745.705,2746.407,6474
2024-10-31 20:00:00,2746.461,2748.168,2743.269,2743.89,4027
2024-10-31 22:00:00,2743.946,2747.658,2743.907,2746.157,2501
2024-10-31 23:00:00,2746.174,2747.902,2745.411,2746.691,3092
2024-11-01 00:00:00,2746.672,2747.341,2744.815,2745.045,4239
2024-11-01 01:00:00,2745.045,2750.007,2744.822,2749.637,9252
2024-11-01 02:00:00,2749.605,2750.956,2745.756,2748.677,7887
2024-11-01 03:00:00,2748.708,2751.878,2747.426,2751.77,5856
2024-11-01 04:00:00,2751.728,2752.962,2750.678,2752.209,3431
2024-11-01 05:00:00,2752.247,2755.19,2751.607,2754.988,5638
2024-11-01 06:00:00,2754.959,2757.649,2751.25,2752.054,7858
2024-11-01 07:00:00,2752.05,2753.113,2747.039,2749.627,5930
2024-11-01 08:00:00,2749.586,2755.088,2748.518,2753.354,7410
2024-11-01 09:00:00,2753.388,2755.48,2748.049,2751.311,6793
2024-11-01 10:00:00,2751.346,2751.877,2744.818,2749.59,6447
2024-11-01 11:00:00,2749.63,2754.115,2749.567,2752.873,6516
2024-11-01 12:00:00,2752.894,2759.875,2749.489,2753.799,17370
2024-11-01 13:00:00,2753.834,2762.268,2752.11,2755.991,19622
2024-11-01 14:00:00,2756.205,2758.888,2739.654,2747.153,24954
2024-11-01 15:00:00,2747.179,2750.261,2742.526,2744.72,12761
2024-11-01 16:00:00,2744.706,2746.199,2740.402,2743.128,9448
2024-11-01 17:00:00,2743.161,2743.95,2735.003,2736.305,8535
2024-11-01 18:00:00,2736.296,2738.047,2733.427,2736.204,6946
2024-11-01 19:00:00,2736.18,2737.022,2733.113,2734.121,6096
2024-11-01 20:00:00,2734.077,2736.869,2733.267,2736.69,3640
2024-11-03 23:00:00,2732.846,2740.334,2732.581,2738.352,5459
2024-11-04 00:00:00,2738.379,2741.016,2736.99,2740.398,4997
2024-11-04 01:00:00,2740.361,2741.397,2735.343,2739.913,9845
2024-11-04 02:00:00,2739.902,2740.973,2736.966,2739.966,6515
2024-11-04 03:00:00,2739.969,2742.401,2739.34,2740.989,5546
2024-11-04 04:00:00,2740.952,2742.255,2739.683,2740.976,3742
2024-11-04 05:00:00,2740.969,2743.732,2737.641,2741.516,6244
2024-11-04 06:00:00,2741.515,2741.594,2735.728,2741.383,6844
2024-11-04 07:00:00,2741.422,2744.781,2735.06,2735.837,6724
2024-11-04 08:00:00,2735.806,2738.429,2731.807,2733.334,7990
2024-11-04 09:00:00,2733.307,2744.093,2732.515,2743.239,8189
2024-11-04 10:00:00,2743.28,2745.304,2737.181,2738.627,6799
2024-11-04 11:00:00,2738.608,2741.011,2736.351,2740.612,6149
2024-11-04 12:00:00,2740.543,2744.021,2739.443,2743.417,6442
2024-11-04 13:00:00,2743.349,2746.763,2738.726,2746.691,11675
2024-11-04 14:00:00,2746.721,2748.157,2737.832,2743.33,12791
2024-11-04 15:00:00,2743.33,2745.556,2737.67,2738.519,14004
2024-11-04 16:00:00,2738.477,2739.016,2732.295,2734.109,9894
2024-11-04 17:00:00,2734.145,2738.473,2731.72,2738.362,7444
2024-11-04 18:00:00,2738.396,2739.295,2735.608,2738.214,6503
2024-11-04 19:00:00,2738.254,2739.706,2737.188,2738.298,4910
2024-11-04 20:00:00,2738.245,2738.571,2736.346,2737.363,4696
2024-11-04 21:00:00,2737.373,2737.597,2736.054,2736.492,1970
2024-11-04 23:00:00,2737.663,2737.864,2736.006,2736.006,2310
2024-11-05 00:00:00,2736.046,2736.677,2734.045,2735.092,3609
2024-11-05 01:00:00,2735.056,2736.138,2732.917,2734.215,6952
2024-11-05 02:00:00,2734.195,2735.334,2724.694,2728.384,9978
2024-11-05 03:00:00,2728.351,2736.004,2727.672,2735.288,6730
2024-11-05 04:00:00,2735.24,2736.359,2733.099,2734.417,4768
2024-11-05 05:00:00,2734.365,2737.291,2731.845,2732.584,5696
2024-11-05 06:00:00,2732.59,2738.79,2731.703,2737.772,7032
2024-11-05 07:00:00,2737.736,2741.352,2735.146,2736.532,5607
2024-11-05 08:00:00,2736.492,2743.233,2732.09,2742.447,7719
2024-11-05 09:00:00,2742.487,2745.043,2738.856,2739.873,6518
2024-11-05 10:00:00,2739.839,2740.195,2735.595,2737.921,6362
2024-11-05 11:00:00,2737.952,2743.019,2737.952,2741.6,6398
2024-11-05 12:00:00,2741.697,2743.132,2737.509,2737.962,5689
2024-11-05 13:00:00,2737.996,2746.759,2736.274,2744.671,10121
2024-11-05 14:00:00,2744.59,2749.917,2741.437,2746.736,11952
2024-11-05 15:00:00,2746.728,2746.728,2732.921,2741.957,15716
2024-11-05 16:00:00,2742.001,2744.579,2736.329,2738.983,8878
2024-11-05 17:00:00,2739.014,2743.645,2738.181,2741.987,6312
2024-11-05 18:00:00,2741.974,2743.956,2739.358,2741.265,6295
2024-11-05 19:00:00,2741.232,2742.283,2739.479,2740.513,4900
2024-11-05 20:00:00,2740.549,2743.483,2739.619,2743.007,4580
2024-11-05 21:00:00,2743.026,2744.954,2742.539,2743.836,2335
2024-11-05 23:00:00,2742.57,2746.426,2742.423,2745.702,3357
2024-11-06 00:00:00,2745.684,2745.684,2735.273,2737.969,9915
2024-11-06 01:00:00,2738.006,2749.681,2732.609,2747.072,17400
2024-11-06 02:00:00,2747.045,2748.413,2736.778,2737.485,17851
2024-11-06 03:00:00,2737.518,2743.536,2730.639,2734.082,17491
2024-11-06 04:00:00,2734.119,2743.083,2733.156,2741.759,10330
2024-11-06 05:00:00,2741.852,2743.708,2736.387,2739.03,12324
2024-11-06 06:00:00,2739.006,2739.321,2701.319,2707.088,34020
2024-11-06 07:00:00,2707.065,2733.17,2704.114,2725.87,21724
2024-11-06 08:00:00,2725.823,2733.824,2722.721,2724.506,16053
2024-11-06 09:00:00,2724.473,2728.552,2716.418,2724.559,12517
2024-11-06 10:00:00,2724.535,2727.147,2718.657,2720.219,9178
2024-11-06 11:00:00,2720.262,2722.756,2696.018,2699.18,16721
2024-11-06 12:00:00,2699.152,2708.066,2693.246,2695.129,19514
2024-11-06 13:00:00,2695.141,2695.141,2659.063,2664.124,43097
2024-11-06 14:00:00,2664.092,2670.442,2652.335,2659.744,33686
2024-11-06 15:00:00,2659.834,2675.932,2657.383,2675.715,25669
2024-11-06 16:00:00,2675.752,2678.273,2662.863,2666.246,15374
2024-11-06 17:00:00,2666.249,2669.218,2661.574,2663.229,9949
2024-11-06 18:00:00,2663.258,2669.565,2662.805,2665.607,10106
2024-11-06 19:00:00,2665.647,2668.505,2664.916,2667.091,7453
2024-11-06 20:00:00,2667.055,2667.744,2659.29,2660.676,6466
2024-11-06 21:00:00,2660.634,2662.343,2658.958,2658.98,2850
2024-11-06 23:00:00,2660.167,2664.343,2659.911,2664.048,3685
2024-11-07 00:00:00,2664.035,2664.261,2660.905,2661.512,4884
2024-11-07 01:00:00,2661.483,2663.948,2643.208,2649.454,18576
2024-11-07 02:00:00,2649.437,2657.585,2649.437,2657.417,10594
2024-11-07 03:00:00,2657.46,2661.242,2655.559,2659.176,7872
2024-11-07 04:00:00,2659.199,2659.678,2654.112,2654.555,5567
2024-11-07 05:00:00,2654.608,2660.7,2654.608,2659.2,6751
2024-11-07 06:00:00,2659.175,2659.526,2652.793,2657.015,8942
2024-11-07 07:00:00,2656.976,2667.596,2656.168,2663.309,9811
2024-11-07 08:00:00,2663.349,2666.662,2657.423,2657.638,9019
2024-11-07 09:00:00,2657.606,2666.018,2657.432,2661.676,7559
2024-11-07 10:00:00,2661.636,2668.422,2659.792,2666.6,7490
2024-11-07 11:00:00,2666.552,2668.106,2663.835,2666.147,6337
2024-11-07 12:00:00,2666.266,2674.13,2664.276,2673.591,9352
2024-11-07 13:00:00,2673.641,2685.119,2672.352,2684.486,19229
2024-11-07 14:00:00,2684.527,2694.98,2682.348,2691.828,17592
2024-11-07 15:00:00,2691.8,2700.185,2690.028,2698.698,15653
2024-11-07 16:00:00,2698.687,2699.517,2690.604,2695.717,13600
2024-11-07 17:00:00,2695.756,2700.279,2694.224,2699.327,7891
2024-11-07 18:00:00,2699.278,2699.421,2693.937,2695.512,6818
2024-11-07 19:00:00,2695.647,2698.053,2687.424,2694.266,24059
2024-11-07 20:00:00,2694.308,2710.36,2692.818,2704.43,14572
2024-11-07 21:00:00,2704.402,2708.569,2703.627,2707.146,4019
2024-11-07 23:00:00,2704.674,2708.008,2704.108,2706.866,3523
2024-11-08 00:00:00,2706.87,2710.418,2705.584,2706.289,4763
2024-11-08 01:00:00,2706.338,2707.59,2699.041,2699.913,11495
2024-11-08 02:00:00,2699.868,2701.059,2695.096,2697.554,8833
2024-11-08 03:00:00,2697.516,2700.573,2694.034,2695.113,6517
2024-11-08 04:00:00,2695.101,2696.109,2693.237,2693.582,4979
2024-11-08 05:00:00,2693.587,2696.362,2693.58,2695.2,5874
2024-11-08 06:00:00,2695.183,2695.747,2685.963,2686.44,9600
2024-11-08 07:00:00,2686.408,2687.843,2680.286,2687.362,8372
2024-11-08 08:00:00,2687.396,2691.839,2681.906,2688.695,14342
2024-11-08 09:00:00,2688.66,2690.993,2687.052,2689.228,8227
2024-11-08 10:00:00,2689.31,2689.31,2681.983,2688.539,7630
2024-11-08 11:00:00,2688.577,2694.977,2686.693,2691.912,7130
2024-11-08 12:00:00,2691.937,2693.148,2686.171,2691.909,7895
2024-11-08 13:00:00,2691.88,2701.083,2687.839,2697.554,16249
2024-11-08 14:00:00,2697.598,2704.061,2687.75,2691.502,18713
2024-11-08 15:00:00,2691.495,2692.846,2683.379,2687.552,17536
2024-11-08 16:00:00,2687.513,2689.283,2682.813,2683.346,10888
2024-11-08 17:00:00,2683.385,2688.643,2683.385,2687.831,8536
2024-11-08 18:00:00,2687.833,2688.823,2683.847,2684.905,7152
2024-11-08 19:00:00,2684.938,2687.486,2683.24,2687.057,5554
2024-11-08 20:00:00,2687.023,2688.549,2684.948,2685.14,5553
2024-11-08 21:00:00,2685.098,2685.787,2682.983,2684.758,5218
2024-11-10 23:00:00,2683.161,2685.654,2681.526,2685.605,3703
2024-11-11 00:00:00,2685.638,2686.141,2682.617,2683.987,4224
2024-11-11 01:00:00,2683.961,2684.863,2671.83,2673.036,13544
2024-11-11 02:00:00,2673.065,2675.199,2666.444,2671.937,9493
2024-11-11 03:00:00,2671.896,2671.946,2667.985,2670.269,5621
2024-11-11 04:00:00,2670.272,2672.367,2668.826,2672.158,5171
2024-11-11 05:00:00,2672.158,2674.285,2666.896,2669.227,7243
2024-11-11 06:00:00,2669.24,2674.063,2668.373,2673.197,6525
2024-11-11 07:00:00,2673.229,2674.082,2668.828,2669.561,7347
2024-11-11 08:00:00,2669.516,2671.713,2667.549,2669.558,8044
2024-11-11 09:00:00,2669.523,2670.819,2663.834,2666.829,8602
2024-11-11 10:00:00,2666.79,2675.377,2660.881,2661.984,8938
2024-11-11 11:00:00,2661.944,2666.994,2658.992,2662.647,9228
2024-11-11 12:00:00,2662.672,2663.232,2656.676,2657.321,8695
2024-11-11 13:00:00,2657.282,2657.569,2634.253,2635.561,23126
2024-11-11 14:00:00,2635.594,2635.729,2617.686,2622.458,27248
2024-11-11 15:00:00,2622.483,2626.301,2613.39,2614.565,16218
2024-11-11 16:00:00,2614.558,2618.135,2612.587,2615.243,11062
2024-11-11 17:00:00,2615.219,2616.927,2611.407,2612.601,7941
2024-11-11 18:00:00,2612.564,2619.402,2610.53,2618.9,6584
2024-11-11 19:00:00,2618.938,2620.672,2617.792,2619.266,5256
2024-11-11 20:00:00,2619.291,2626.204,2619.233,2622.008,5241
2024-11-11 21:00:00,2621.974,2623.136,2619.276,2619.613,2848
2024-11-11 23:00:00,2620.155,2624.124,2619.767,2624.038,2801
2024-11-12 00:00:00,2624.032,2625.253,2622.195,2624.045,4445
2024-11-12 01:00:00,2624.088,2627.19,2619.119,2624.076,10400
2024-11-12 02:00:00,2624.038,2625.465,2620.405,2622.067,8105
2024-11-12 03:00:00,2622.048,2623.789,2618.717,2618.924,5489
2024-11-12 04:00:00,2618.875,2619.099,2615.558,2617.694,5644
2024-11-12 05:00:00,2617.74,2618.166,2605.341,2606.86,11552
2024-11-12 06:00:00,2606.823,2610.127,2603.403,2607.929,11900
2024-11-12 07:00:00,2607.886,2609.001,2595.17,2598.309,14090
2024-11-12 08:00:00,2598.265,2606.511,2598.119,2600.637,12021
2024-11-12 09:00:00,2600.567,2600.788,2590.758,2593.303,11914
2024-11-12 10:00:00,2593.272,2598.622,2589.633,2596.642,10159
2024-11-12 11:00:00,2596.605,2599.214,2592.672,2597.845,11532
2024-11-12 12:00:00,2597.82,2607.099,2597.82,2605.204,15173
2024-11-12 13:00:00,2605.233,2616.378,2604.4,2611.527,18504
2024-11-12 14:00:00,2611.566,2617.068,2608.839,2610.429,17831
2024-11-12 15:00:00,2610.367,2611.788,2597.387,2598.437,16784
2024-11-12 16:00:00,2598.479,2604.206,2597.806,2600.819,12968
2024-11-12 17:00:00,2600.799,2601.135,2592.43,2597.431,10095
2024-11-12 18:00:00,2597.475,2602.125,2596.447,2599.183,8039
2024-11-12 19:00:00,2599.217,2601.396,2597.927,2598.166,5774
2024-11-12 20:00:00,2598.132,2601.39,2595.112,2599.785,6039
2024-11-12 21:00:00,2599.821,2600.758,2597.198,2598.476,3432
2024-11-12 23:00:00,2598.073,2599.799,2597.655,2598.952,2315
2024-11-13 00:00:00,2599.01,2599.939,2598.002,2599.348,3511
2024-11-13 01:00:00,2599.389,2611.23,2599.389,2608.066,11023
2024-11-13 02:00:00,2608.106,2612.583,2605.154,2612.085,7657
2024-11-13 03:00:00,2612.055,2613.333,2606.419,2611.579,6605
2024-11-13 04:00:00,2611.535,2612.405,2606.044,2606.219,5350
2024-11-13 05:00:00,2606.279,2607.948,2603.49,2605.794,6604
2024-11-13 06:00:00,2605.768,2607.461,2604.181,2605.434,6959
2024-11-13 07:00:00,2605.394,2607.449,2604.251,2606.208,6212
2024-11-13 08:00:00,2606.245,2610.707,2601.031,2607.661,9680
2024-11-13 09:00:00,2607.622,2611.64,2607.273,2608.666,7405
2024-11-13 10:00:00,2608.623,2610.41,2606.955,2609.05,6050
2024-11-13 11:00:00,2608.983,2611.659,2605.78,2610.783,6039
2024-11-13 12:00:00,2610.844,2612.742,2608.854,2609.692,7066
2024-11-13 13:00:00,2609.726,2618.841,2607.146,2612.319,22316
2024-11-13 14:00:00,2612.223,2616.362,2601.027,2602.031,22556
2024-11-13 15:00:00,2602.007,2606.891,2593.571,2605.341,22730
2024-11-13 16:00:00,2605.3,2605.975,2584.715,2585.736,17147
2024-11-13 17:00:00,2585.831,2586.803,2577.507,2583.409,14188
2024-11-13 18:00:00,2583.364,2585.504,2579.513,2582.697,10272
2024-11-13 19:00:00,2582.659,2584.916,2580.548,2581.004,6791
2024-11-13 20:00:00,2580.971,2581.183,2572.926,2573.83,7974
2024-11-13 21:00:00,2573.783,2577.085,2572.589,2573.064,3690
2024-11-13 23:00:00,2571.948,2581.41,2569.214,2570.989,9198
2024-11-14 00:00:00,2571.012,2574.775,2569.612,2572.457,5051
2024-11-14 01:00:00,2572.458,2572.975,2561.548,2562.57,13845
2024-11-14 02:00:00,2562.533,2564.583,2558.875,2560.596,9064
2024-11-14 03:00:00,2560.565,2565.091,2559.877,2560.708,6237
2024-11-14 04:00:00,2560.718,2565.256,2559.24,2565.13,5207
2024-11-14 05:00:00,2565.134,2565.134,2555.28,2558.575,8360
2024-11-14 06:00:00,2558.543,2560.507,2551.893,2554.996,9259
2024-11-14 07:00:00,2555.037,2558.947,2550.361,2557.014,10254
2024-11-14 08:00:00,2556.972,2559.783,2554.5,2556.154,9321
2024-11-14 09:00:00,2556.108,2558.352,2536.747,2543.514,15178
2024-11-14 10:00:00,2543.568,2548.024,2539.029,2547.016,10509
2024-11-14 11:00:00,2547.055,2555.044,2545.124,2553.579,11086
2024-11-14 12:00:00,2553.621,2556.901,2550.07,2552.212,10611
2024-11-14 13:00:00,2552.174,2560.315,2551.191,2557.003,20818
2024-11-14 14:00:00,2556.977,2565.948,2554.191,2559.733,21263
2024-11-14 15:00:00,2559.69,2572.956,2558.513,2570.203,18576
2024-11-14 16:00:00,2570.242,2577.432,2569.192,2573.914,11110
2024-11-14 17:00:00,2573.959,2575.888,2567.393,2572.953,9838
2024-11-14 18:00:00,2572.992,2573.442,2567.086,2569.897,7958
2024-11-14 19:00:00,2569.857,2576.959,2569.833,2575.97,6356
2024-11-14 20:00:00,2575.981,2576.527,2563.866,2567.245,16016
2024-11-14 21:00:00,2567.28,2569.557,2564.139,2565.31,4703
2024-11-14 23:00:00,2564.927,2567.299,2564.898,2566.899,2817
2024-11-15 00:00:00,2566.888,2567.681,2565.842,2566.879,4305
2024-11-15 01:00:00,2566.877,2571.709,2563.027,2565.034,8765
2024-11-15 02:00:00,2565.002,2571.066,2564.845,2570.127,7194
2024-11-15 03:00:00,2570.096,2571.148,2567.608,2567.756,5162
2024-11-15 04:00:00,2567.719,2569.538,2566.998,2567.028,3520
2024-11-15 05:00:00,2567.075,2567.241,2559.76,2559.989,6314
2024-11-15 06:00:00,2559.953,2563.556,2554.392,2561.478,9281
2024-11-15 07:00:00,2561.434,2564.914,2559.283,2563.734,7154
2024-11-15 08:00:00,2563.692,2569.007,2560.821,2566.776,9082
2024-11-15 09:00:00,2566.732,2568.98,2563.91,2563.996,7699
2024-11-15 10:00:00,2563.965,2570.433,2562.953,2567.852,8710
2024-11-15 11:00:00,2567.828,2573.393,2566.606,2570.777,8005
2024-11-15 12:00:00,2570.8,2571.09,2565.417,2569.086,7995
2024-11-15 13:00:00,2569.13,2575.745,2561.218,2565.307,24001
2024-11-15 14:00:00,2565.279,2575.649,2564.187,2572.764,22681
2024-11-15 15:00:00,2572.828,2576.067,2564.981,2570.733,18085
2024-11-15 16:00:00,2570.742,2573.291,2561.994,2562.177,12504
2024-11-15 17:00:00,2562.16,2564.757,2560.089,2562.944,9502
2024-11-15 18:00:00,2562.991,2567.812,2559.401,2567.453,7821
2024-11-15 19:00:00,2567.487,2568.05,2562.697,2563.85,5623
2024-11-15 20:00:00,2563.849,2563.862,2559.758,2562.242,6554
2024-11-15 21:00:00,2562.203,2563.702,2561.11,2562.969,3296
2024-11-17 23:00:00,2568.027,2575.523,2568.027,2571.452,5721
2024-11-18 00:00:00,2571.424,2577.184,2569.866,2576.575,5866
2024-11-18 01:00:00,2576.488,2597.414,2576.488,2586.998,19696
2024-11-18 02:00:00,2586.954,2595.135,2586.837,2591.105,10135
2024-11-18 03:00:00,2591.026,2592.53,2587.765,2589.864,6169
2024-11-18 04:00:00,2589.899,2593.197,2589.256,2592.256,4375
2024-11-18 05:00:00,2592.224,2592.383,2585.078,2585.579,6825
2024-11-18 06:00:00,2585.611,2587.678,2580.42,2585.973,9721
2024-11-18 07:00:00,2586.03,2587.132,2581.679,2582.838,7088
2024-11-18 08:00:00,2582.796,2590.052,2582.032,2585.661,9180
2024-11-18 09:00:00,2585.62,2597.258,2583.802,2595.648,9661
2024-11-18 10:00:00,2595.695,2596.706,2589.535,2593.978,8414
2024-11-18 11:00:00,2594.006,2595.405,2590.428,2594.397,7333
2024-11-18 12:00:00,2594.338,2597.175,2590.358,2595.112,8556
2024-11-18 13:00:00,2595.111,2605.054,2592.87,2603.939,13174
2024-11-18 14:00:00,2603.964,2610.251,2602.699,2608.155,15361
2024-11-18 15:00:00,2608.192,2613.39,2605.858,2612.936,11696
2024-11-18 16:00:00,2612.972,2615.11,2609.329,2611.587,8999
2024-11-18 17:00:00,2611.623,2611.923,2607.341,2610.484,6698
2024-11-18 18:00:00,2610.487,2612.024,2607.667,2611.106,5871
2024-11-18 19:00:00,2611.144,2612.623,2608.343,2609.849,5479
2024-11-18 20:00:00,2609.804,2611.54,2608.192,2610.222,5049
2024-11-18 21:00:00,2610.26,2612.361,2609.829,2611.721,3321
2024-11-18 23:00:00,2611.031,2613.107,2610.348,2612.704,2271
2024-11-19 00:00:00,2612.731,2613.746,2611.045,2613.332,3708
2024-11-19 01:00:00,2613.344,2617.833,2611.538,2615.622,9948
2024-11-19 02:00:00,2615.618,2624.124,2615.618,2622.427,8278
2024-11-19 03:00:00,2622.392,2625.591,2621.321,2624.435,6470
2024-11-19 04:00:00,2624.456,2625.134,2621.503,2622.948,4588
2024-11-19 05:00:00,2622.903,2623.465,2620.801,2622.516,6293
2024-11-19 06:00:00,2622.475,2626.631,2621.371,2625.184,7152
2024-11-19 07:00:00,2625.142,2625.324,2617.685,2619.057,7810
2024-11-19 08:00:00,2619.021,2627.056,2618.674,2626.364,10278
2024-11-19 09:00:00,2626.285,2634.483,2625.266,2630.24,14218
2024-11-19 10:00:00,2630.216,2636.496,2629.88,2635.048,8432
2024-11-19 11:00:00,2635.061,2636.008,2629.023,2629.639,7706
2024-11-19 12:00:00,2629.667,2639.364,2628.719,2639.205,9297
2024-11-19 13:00:00,2639.236,2639.433,2629.261,2635.244,17119
2024-11-19 14:00:00,2635.216,2636.905,2622.74,2623.518,21387
2024-11-19 15:00:00,2623.481,2628.658,2620.912,2624.443,15305
2024-11-19 16:00:00,2624.478,2628.446,2622.295,2626.4,11000
2024-11-19 17:00:00,2626.364,2633.132,2625.622,2628.114,7957
2024-11-19 18:00:00,2628.148,2630.387,2626.27,2630.105,6629
2024-11-19 19:00:00,2630.14,2631.545,2628.859,2630.677,5359
2024-11-19 20:00:00,2630.716,2634.574,2630.414,2633.683,4535
2024-11-19 21:00:00,2633.651,2633.916,2630.546,2632.09,3552
2024-11-19 23:00:00,2632.155,2635.55,2632.009,2635.161,2839
2024-11-20 00:00:00,2635.163,2639.079,2634.676,2637.79,4498
2024-11-20 01:00:00,2637.833,2641.487,2635.771,2639.618,8934
2024-11-20 02:00:00,2639.636,2641.847,2638.374,2640.225,6354
2024-11-20 03:00:00,2640.208,2641.212,2637.541,2637.977,4965
2024-11-20 04:00:00,2638.012,2638.799,2636.109,2636.587,3788
2024-11-20 05:00:00,2636.527,2638.488,2634.869,2636.853,5866
2024-11-20 06:00:00,2636.822,2637.086,2628.55,2629.521,9432
2024-11-20 07:00:00,2629.508,2630.191,2621.232,2621.591,8425
2024-11-20 08:00:00,2621.555,2624.455,2618.839,2624.128,8438
2024-11-20 09:00:00,2624.195,2625.711,2621.058,2621.902,7349
2024-11-20 10:00:00,2621.868,2626.225,2620.872,2625.106,6818
2024-11-20 11:00:00,2625.04,2628.162,2621.398,2628.085,7308
2024-11-20 12:00:00,2628.123,2632.403,2627.04,2631.793,7838
2024-11-20 13:00:00,2631.751,2640.474,2631.165,2636.024,11549
2024-11-20 14:00:00,2636.063,2646.466,2634.126,2643.141,14653
2024-11-20 15:00:00,2643.127,2648.932,2640.796,2648.81,11007
2024-11-20 16:00:00,2648.808,2650.824,2646.085,2650.603,9840
2024-11-20 17:00:00,2650.623,2655.433,2649.194,2651.781,8202
2024-11-20 18:00:00,2651.819,2652.149,2645.357,2648.593,8607
2024-11-20 19:00:00,2648.568,2653.137,2648.447,2650.872,5993
2024-11-20 20:00:00,2650.841,2651.189,2647.27,2648.905,6132
2024-11-20 21:00:00,2648.849,2650.486,2648.051,2649.955,4005
2024-11-20 23:00:00,2651.224,2652.941,2648.987,2652.153,2978
2024-11-21 00:00:00,2652.202,2658.813,2651.776,2658.455,4683
2024-11-21 01:00:00,2658.494,2660.466,2651.807,2653.328,8504
2024-11-21 02:00:00,2653.298,2658.178,2652.506,2653.702,6294
2024-11-21 03:00:00,2653.665,2657.248,2650.358,2656.901,5385
2024-11-21 04:00:00,2656.873,2658.997,2656.797,2656.929,3818
2024-11-21 05:00:00,2656.972,2658.133,2654.625,2656.849,5594
2024-11-21 06:00:00,2656.921,2662.236,2656.537,2661.412,6743
2024-11-21 07:00:00,2661.374,2664.723,2659.992,2663.099,6890
2024-11-21 08:00:00,2663.06,2670.302,2661.975,2668.826,8125
2024-11-21 09:00:00,2668.853,2671.699,2663.42,2668.812,8863
2024-11-21 10:00:00,2668.811,2670.349,2665.064,2669.877,6649
2024-11-21 11:00:00,2669.918,2673.522,2668.31,2671.448,6733
2024-11-21 12:00:00,2671.491,2671.816,2662.897,2663.336,7837
2024-11-21 13:00:00,2663.285,2667.722,2660.354,2665.385,16196
2024-11-21 14:00:00,2665.42,2671.566,2661.358,2664.956,16195
2024-11-21 15:00:00,2665.042,2670.567,2664.358,2667.636,14321
2024-11-21 16:00:00,2667.674,2669.74,2661.306,2664.688,12878
2024-11-21 17:00:00,2664.716,2672.803,2661.767,2671.715,8810
2024-11-21 18:00:00,2671.758,2673.12,2669.017,2672.341,7128
2024-11-21 19:00:00,2672.38,2673.516,2667.814,2669.718,6327
2024-11-21 20:00:00,2669.712,2671.814,2668.551,2671.444,5298
2024-11-21 21:00:00,2671.488,2671.906,2668.053,2669.61,3732
2024-11-21 23:00:00,2669.861,2669.996,2668.146,2669.159,2989
2024-11-22 00:00:00,2669.127,2673.585,2668.844,2673.066,4604
2024-11-22 01:00:00,2673.118,2679.441,2673.023,2677.783,9566
2024-11-22 02:00:00,2677.755,2686.425,2677.316,2685.985,7598
2024-11-22 03:00:00,2685.982,2690.519,2681.413,2686.153,8413
2024-11-22 04:00:00,2686.186,2692.38,2682.975,2688.701,6389
2024-11-22 05:00:00,2688.743,2689.114,2683.037,2686.663,8205
2024-11-22 06:00:00,2686.636,2693.252,2685.851,2692.866,8207
2024-11-22 07:00:00,2692.897,2698.978,2690.449,2696.457,8371
2024-11-22 08:00:00,2696.488,2700.465,2694.705,2697.262,11583
2024-11-22 09:00:00,2697.302,2707.458,2693.554,2703.322,13286
2024-11-22 10:00:00,2703.358,2708.59,2702.622,2707.639,9620
2024-11-22 11:00:00,2707.678,2710.127,2696.989,2698.867,10774
2024-11-22 12:00:00,2698.826,2704.988,2696.996,2702.997,9498
2024-11-22 13:00:00,2702.957,2704.139,2689.258,2692.957,18655
2024-11-22 14:00:00,2692.915,2696.334,2684.441,2694.772,20040
2024-11-22 15:00:00,2694.641,2705.073,2694.492,2703.699,16292
2024-11-22 16:00:00,2703.741,2706.646,2700.745,2705.121,10723
2024-11-22 17:00:00,2705.22,2707.32,2703.561,2706.755,7727
2024-11-22 18:00:00,2706.787,2711.421,2706.68,2710.778,7509
2024-11-22 19:00:00,2710.823,2711.451,2706.945,2708.221,5847
2024-11-22 20:00:00,2708.18,2708.871,2705.102,2705.841,6344
2024-11-22 21:00:00,2705.806,2715.662,2705.707,2715.573,5289
2024-11-24 23:00:00,2711.186,2721.437,2710.748,2719.756,8477
2024-11-25 00:00:00,2719.719,2720.143,2709.706,2710.636,8248
2024-11-25 01:00:00,2710.672,2711.156,2694.855,2701.192,23036
2024-11-25 02:00:00,2701.223,2704.481,2692.258,2695.264,11558
2024-11-25 03:00:00,2695.251,2697.411,2658.997,2672.236,25392
2024-11-25 04:00:00,2672.191,2676.358,2663.825,2672.539,11076
2024-11-25 05:00:00,2672.587,2674.026,2658.205,2664.661,16323
2024-11-25 06:00:00,2664.711,2670.114,2661.63,2666.858,15455
2024-11-25 07:00:00,2666.902,2672.554,2663.785,2667.774,11630
2024-11-25 08:00:00,2667.809,2673.572,2667.127,2671.963,11641
2024-11-25 09:00:00,2671.988,2675.212,2669.875,2673.858,8745
2024-11-25 10:00:00,2673.826,2678.094,2668.834,2677.665,7697
2024-11-25 11:00:00,2677.629,2688.768,2677.596,2686.776,8773
2024-11-25 12:00:00,2686.806,2687.096,2679.94,2680.955,9651
2024-11-25 13:00:00,2680.964,2687.863,2676.621,2678.239,18447
2024-11-25 14:00:00,2678.281,2678.741,2633.51,2641.219,44362
2024-11-25 15:00:00,2641.263,2641.703,2626.221,2628.404,24681
2024-11-25 16:00:00,2628.435,2639.392,2628.313,2631.987,15415
2024-11-25 17:00:00,2631.948,2634.215,2624.411,2627.811,11039
2024-11-25 18:00:00,2627.732,2628.537,2615.519,2618.828,12700
2024-11-25 19:00:00,2618.785,2626.222,2618.341,2625.804,7550
2024-11-25 20:00:00,2625.83,2628.739,2622.628,2626.01,7041
2024-11-25 21:00:00,2625.97,2628.365,2625.1,2625.642,3416
2024-11-25 23:00:00,2625.829,2628.564,2605.119,2610.456,11315
2024-11-26 00:00:00,2610.484,2624.556,2608.477,2619.816,13786
2024-11-26 01:00:00,2619.791,2632.189,2618.021,2628.097,17239
2024-11-26 02:00:00,2628.095,2630.533,2624.893,2625.376,10081
2024-11-26 03:00:00,2625.331,2631.077,2622.924,2630.376,7490
2024-11-26 04:00:00,2630.343,2631.448,2625.027,2626.416,5062
2024-11-26 05:00:00,2626.41,2626.539,2617.807,2624.351,8968
2024-11-26 06:00:00,2624.413,2626.009,2621.103,2622.131,9077
2024-11-26 07:00:00,2622.088,2622.891,2610.832,2614.036,9267
2024-11-26 08:00:00,2614.07,2618.315,2612.417,2613.471,10633
2024-11-26 09:00:00,2613.42,2627.147,2612.877,2625.969,10191
2024-11-26 10:00:00,2625.993,2633.189,2625.102,2631.381,9095
2024-11-26 11:00:00,2631.394,2633.226,2627.58,2633.202,8011
2024-11-26 12:00:00,2633.246,2634.819,2629.274,2630.969,9214
2024-11-26 13:00:00,2630.939,2641.986,2623.942,2629.925,19314
2024-11-26 14:00:00,2629.877,2633.836,2616.664,2622.621,22159
2024-11-26 15:00:00,2622.649,2632.846,2620.279,2629.512,15787
2024-11-26 16:00:00,2629.528,2631.436,2626.382,2628.711,10016
2024-11-26 17:00:00,2628.678,2628.678,2624.939,2624.939,7974
2024-11-26 18:00:00,2624.909,2624.909,2619.498,2623.412,9145
2024-11-26 19:00:00,2623.375,2629.018,2622.67,2628.025,7161
2024-11-26 20:00:00,2628.065,2632.873,2627.427,2631.742,5663
2024-11-26 21:00:00,2631.767,2633.587,2630.745,2632.72,3344
2024-11-26 23:00:00,2631.285,2634.138,2630.779,2632.254,3199
2024-11-27 00:00:00,2632.249,2633.12,2627.184,2627.677,3830
2024-11-27 01:00:00,2627.703,2632.741,2627.017,2631.387,8698
2024-11-27 02:00:00,2631.352,2640.487,2631.137,2637.51,8300
2024-11-27 03:00:00,2637.543,2639.453,2635.857,2637.722,5956
2024-11-27 04:00:00,2637.728,2640.656,2636.555,2638.996,3934
2024-11-27 05:00:00,2638.979,2645.794,2638.121,2641.986,6712
2024-11-27 06:00:00,2642.075,2647.969,2638.927,2647.665,9004
2024-11-27 07:00:00,2647.736,2648.503,2645.905,2646.54,6759
2024-11-27 08:00:00,2646.502,2653.676,2645.108,2653.44,9649
2024-11-27 09:00:00,2653.487,2653.92,2647.762,2648.43,6806
2024-11-27 10:00:00,2648.389,2649.966,2647.696,2648.541,5890
2024-11-27 11:00:00,2648.575,2652.347,2643.187,2651.115,7366
2024-11-27 12:00:00,2651.083,2655.004,2649.493,2651.15,7247
2024-11-27 13:00:00,2651.195,2658.172,2645.754,2656.204,14804
2024-11-27 14:00:00,2656.219,2656.896,2648.979,2651.343,13697
2024-11-27 15:00:00,2651.378,2651.535,2635.521,2642.661,21083
2024-11-27 16:00:00,2642.651,2644.318,2638.042,2638.972,12408
2024-11-27 17:00:00,2638.946,2642.842,2635.229,2637.304,8908
2024-11-27 18:00:00,2637.281,2640.748,2636.499,2638.859,6123
2024-11-27 19:00:00,2638.898,2639.455,2633.693,2634.755,5131
2024-11-27 20:00:00,2634.721,2639.03,2634.225,2637.035,5300
2024-11-27 21:00:00,2637.029,2637.503,2634.727,2635.706,2801
2024-11-27 23:00:00,2637.116,2637.941,2636.236,2637.168,2152
2024-11-28 00:00:00,2637.123,2638.432,2635.046,2635.678,3799
2024-11-28 01:00:00,2635.684,2636.315,2620.844,2628.729,19371
2024-11-28 02:00:00,2628.765,2630.178,2625.591,2628.166,7430
2024-11-28 03:00:00,2628.129,2632.186,2625.637,2630.275,5470
2024-11-28 04:00:00,2630.286,2634.01,2629.325,2631.224,3915
2024-11-28 05:00:00,2631.231,2634.097,2630.091,2633.355,5903
2024-11-28 06:00:00,2633.384,2639.614,2631.834,2636.73,6703
2024-11-28 07:00:00,2636.735,2639.309,2634.544,2637.275,5938
2024-11-28 08:00:00,2637.322,2646.279,2635.668,2644.142,7046
2024-11-28 09:00:00,2644.105,2647.953,2642.732,2646.089,6458
2024-11-28 10:00:00,2646.093,2649.674,2644.766,2647.486,5129
2024-11-28 11:00:00,2647.549,2649.503,2644.861,2646.884,5046
2024-11-28 12:00:00,2646.881,2647.212,2643.85,2646.089,5403
2024-11-28 13:00:00,2646.06,2647.897,2642.768,2647.009,9363
2024-11-28 14:00:00,2647.042,2647.951,2640.829,2641.324,6497
2024-11-28 15:00:00,2641.268,2643.085,2636.215,2638.104,7336
2024-11-28 16:00:00,2638.07,2642.458,2637.519,2642.003,5239
2024-11-28 17:00:00,2642.04,2642.301,2639.577,2640.923,3347
2024-11-28 18:00:00,2640.96,2641.07,2639.527,2640.603,525
2024-11-28 23:00:00,2638.68,2639.268,2637.144,2638.765,2376
2024-11-29 00:00:00,2638.73,2639.203,2635.627,2636.048,4401
2024-11-29 01:00:00,2636.065,2647.178,2633.969,2644.918,10901
2024-11-29 02:00:00,2644.871,2662.802,2644.762,2657.45,12260
2024-11-29 03:00:00,2657.484,2660.627,2654.707,2660.047,7138
2024-11-29 04:00:00,2660.02,2664.355,2658.323,2659.855,5456
2024-11-29 05:00:00,2659.799,2664.022,2659.324,2662.378,6786
2024-11-29 06:00:00,2662.336,2666.383,2661.668,2665.152,7605
2024-11-29 07:00:00,2665.198,2665.482,2658.992,2660.522,6198
2024-11-29 08:00:00,2660.557,2662.539,2654.471,2657.324,7118
2024-11-29 09:00:00,2657.289,2664.701,2655.847,2664.202,7610
2024-11-29 10:00:00,2664.158,2665.917,2661.31,2662.755,6673
2024-11-29 11:00:00,2662.754,2664.296,2659.429,2659.61,6359
2024-11-29 12:00:00,2659.653,2664.969,2658.949,2659.906,7113
2024-11-29 13:00:00,2659.95,2663.287,2656.12,2657.946,12367
2024-11-29 14:00:00,2657.99,2662.716,2651.825,2653.509,13577
2024-11-29 15:00:00,2653.547,2658.946,2650.537,2658.946,12838
2024-11-29 16:00:00,2659.002,2662.282,2657.92,2662.142,9705
2024-11-29 17:00:00,2662.154,2662.26,2657.496,2660.559,7190
2024-11-29 18:00:00,2660.604,2660.708,2655.162,2655.162,3246
2024-12-01 23:00:00,2649.058,2650.324,2643.057,2645.79,5626
2024-12-02 00:00:00,2645.826,2647.688,2629.954,2637.43,10411
2024-12-02 01:00:00,2637.392,2639.177,2622.897,2635.89,19957
2024-12-02 02:00:00,2635.876,2638.082,2625.498,2626.757,12500
2024-12-02 03:00:00,2626.787,2631.051,2624.033,2629.272,9847
2024-12-02 04:00:00,2629.235,2630.539,2626.15,2628.542,5766
2024-12-02 05:00:00,2628.546,2628.795,2621.818,2623.207,9353
2024-12-02 06:00:00,2623.17,2627.745,2621.839,2625.981,9465
2024-12-02 07:00:00,2625.958,2633.664,2625.279,2629.898,8055
2024-12-02 08:00:00,2629.859,2632.818,2626.514,2629.527,10274
2024-12-02 09:00:00,2629.511,2636.845,2628.533,2633.666,9296
2024-12-02 10:00:00,2633.624,2637.682,2633.318,2635.792,7273
2024-12-02 11:00:00,2635.771,2646.37,2635.66,2641.885,11444
2024-12-02 12:00:00,2641.837,2645.145,2639.094,2641.034,8669
2024-12-02 13:00:00,2640.991,2648.866,2637.048,2646.921,15733
2024-12-02 14:00:00,2646.895,2651.786,2642.469,2645.693,16070
2024-12-02 15:00:00,2645.786,2649.397,2640.212,2642.318,15871
2024-12-02 16:00:00,2642.359,2644.372,2638.583,2641.359,11552
2024-12-02 17:00:00,2641.316,2642.005,2637.317,2638.821,8326
2024-12-02 18:00:00,2638.832,2638.924,2633.546,2636.947,7522
2024-12-02 19:00:00,2636.997,2640.205,2636.578,2637.611,5508
2024-12-02 20:00:00,2637.577,2644.224,2635.288,2637.134,7998
2024-12-02 21:00:00,2637.104,2639.095,2636.489,2638.713,2936
2024-12-02 23:00:00,2638.603,2642.943,2638.4,2642.211,2862
2024-12-03 00:00:00,2642.217,2644.324,2640.497,2641.107,4694
2024-12-03 01:00:00,2641.142,2645.325,2634.033,2636.508,11137
2024-12-03 02:00:00,2636.523,2639.095,2634.409,2637.079,8534
2024-12-03 03:00:00,2637.017,2640.688,2636.224,2640.427,5562
2024-12-03 04:00:00,2640.441,2643.004,2638.286,2639.895,4828
2024-12-03 05:00:00,2639.858,2641.984,2637.08,2641.149,5672
2024-12-03 06:00:00,2641.185,2650.052,2641.185,2646.907,9938
2024-12-03 07:00:00,2646.933,2647.652,2644.414,2644.622,6735
2024-12-03 08:00:00,2644.597,2645.398,2639.169,2645.006,9906
2024-12-03 09:00:00,2645.04,2648.119,2643.854,2643.943,9973
2024-12-03 10:00:00,2643.962,2645.602,2642.465,2642.813,6141
2024-12-03 11:00:00,2642.795,2645.584,2642.673,2643.663,5292
2024-12-03 12:00:00,2643.671,2644.239,2638.159,2639.781,6464
2024-12-03 13:00:00,2639.82,2653.725,2637.682,2652.836,12264
2024-12-03 14:00:00,2652.874,2655.665,2645.735,2646.636,15944
2024-12-03 15:00:00,2646.844,2647.228,2635.194,2640.444,18233
2024-12-03 16:00:00,2640.408,2648.638,2638.837,2648.306,10916
2024-12-03 17:00:00,2648.33,2648.801,2643.409,2646.979,8304
2024-12-03 18:00:00,2646.946,2649.164,2643.053,2645.819,6789
2024-12-03 19:00:00,2645.858,2646.26,2640.149,2640.998,5764
2024-12-03 20:00:00,2640.944,2644.226,2640.626,2642.079,4808
2024-12-03 21:00:00,2642.114,2644.015,2641.899,2643.558,2893
2024-12-03 23:00:00,2642.906,2643.165,2641.13,2642.725,2529
2024-12-04 00:00:00,2642.733,2643.563,2639.534,2640.509,3686
2024-12-04 01:00:00,2640.548,2643.294,2637.618,2642.242,9083
2024-12-04 02:00:00,2642.216,2648.093,2641.98,2645.781,7805
2024-12-04 03:00:00,2645.824,2647.871,2643.133,2644.501,5987
2024-12-04 04:00:00,2644.48,2648.681,2643.743,2648.367,4462
2024-12-04 05:00:00,2648.334,2651.133,2647.556,2649.702,6305
2024-12-04 06:00:00,2649.717,2651.403,2647.369,2649.206,6695
2024-12-04 07:00:00,2649.229,2649.331,2640.334,2641.412,6889
2024-12-04 08:00:00,2641.321,2642.251,2636.59,2641.268,8260
2024-12-04 09:00:00,2641.311,2642.735,2638.593,2640.885,7261
2024-12-04 10:00:00,2640.93,2644.529,2640.232,2644.36,7079
2024-12-04 11:00:00,2644.375,2647.735,2643.422,2646.168,6950
2024-12-04 12:00:00,2646.203,2646.545,2636.183,2637.078,8643
2024-12-04 13:00:00,2637.05,2649.211,2632.33,2648.469,18746
2024-12-04 14:00:00,2648.429,2653.525,2645.062,2649.409,15935
2024-12-04 15:00:00,2649.434,2657.147,2648.735,2655.039,19116
2024-12-04 16:00:00,2655.095,2655.557,2646.943,2649.684,11248
2024-12-04 17:00:00,2649.709,2652.991,2648.456,2651.325,8108
2024-12-04 18:00:00,2651.329,2652.974,2648.799,2649.159,6829
2024-12-04 19:00:00,2649.114,2655.487,2646.793,2651.702,8169
2024-12-04 20:00:00,2651.653,2651.962,2648.066,2650.077,5575
2024-12-04 21:00:00,2650.11,2651.2,2648.903,2649.897,2966
2024-12-04 23:00:00,2649.852,2651.638,2648.707,2650.397,2612
2024-12-05 00:00:00,2650.404,2650.474,2647.685,2648.382,3875
2024-12-05 01:00:00,2648.416,2650.717,2646.167,2647.113,7470
2024-12-05 02:00:00,2647.014,2649.704,2645.259,2646.529,6260
2024-12-05 03:00:00,2646.522,2649.308,2644.6,2648.866,5007
2024-12-05 04:00:00,2648.829,2649.654,2645.751,2646.316,3727
2024-12-05 05:00:00,2646.284,2655.518,2645.5,2653.204,7189
2024-12-05 06:00:00,2653.159,2654.166,2646.566,2646.962,7754
2024-12-05 07:00:00,2646.926,2650.904,2645.325,2648.575,6685
2024-12-05 08:00:00,2648.622,2650.172,2642.005,2643.158,7130
2024-12-05 09:00:00,2643.163,2646.163,2641.821,2644.825,6553
2024-12-05 10:00:00,2644.836,2650.338,2644.665,2648.751,5813
2024-12-05 11:00:00,2648.727,2652.714,2648.14,2651.307,5754
2024-12-05 12:00:00,2651.351,2653.397,2647.471,2653.22,6974
2024-12-05 13:00:00,2653.251,2654.517,2644.293,2648.888,14070
2024-12-05 14:00:00,2648.895,2650.237,2639.571,2640.395,14280
2024-12-05 15:00:00,2640.356,2641.93,2631.797,2640.27,16813
2024-12-05 16:00:00,2640.235,2643.395,2632.835,2635.196,10796
2024-12-05 17:00:00,2635.228,2635.917,2623.662,2627.944,12181
2024-12-05 18:00:00,2627.952,2629.622,2623.444,2629.523,8571
2024-12-05 19:00:00,2629.562,2631.729,2628.628,2629.8,6225
2024-12-05 20:00:00,2629.774,2631.738,2627.977,2631.335,5536
2024-12-05 21:00:00,2631.351,2632.511,2630.975,2631.813,2528
2024-12-05 23:00:00,2632.066,2633.832,2631.418,2633.713,2509
2024-12-06 00:00:00,2633.721,2633.753,2628.195,2628.556,3604
2024-12-06 01:00:00,2628.592,2630.482,2612.931,2617.604,17076
2024-12-06 02:00:00,2617.596,2625.529,2616.89,2625.271,7896
2024-12-06 03:00:00,2625.31,2642.55,2624.861,2640.877,11086
2024-12-06 04:00:00,2640.875,2644.577,2640.142,2642.281,6097
2024-12-06 05:00:00,2642.306,2642.67,2635.305,2637.954,7479
2024-12-06 06:00:00,2637.915,2642.277,2636.355,2639.37,7554
2024-12-06 07:00:00,2639.328,2640.184,2635.915,2639.682,5862
2024-12-06 08:00:00,2639.655,2645.25,2637.687,2644.153,7284
2024-12-06 09:00:00,2644.198,2645.733,2639.763,2640.675,7126
2024-12-06 10:00:00,2640.694,2640.906,2633.534,2634.195,6145
2024-12-06 11:00:00,2634.203,2639.337,2632.344,2638.489,5889
2024-12-06 12:00:00,2638.412,2641.478,2635.69,2638.494,7851
2024-12-06 13:00:00,2638.451,2643.536,2631.219,2635.757,25131
2024-12-06 14:00:00,2635.73,2638.936,2624.011,2635.601,28257
2024-12-06 15:00:00,2635.627,2640.588,2632.583,2637.53,17867
2024-12-06 16:00:00,2637.563,2641.654,2635.542,2640.4,10857
2024-12-06 17:00:00,2640.434,2640.642,2634.18,2634.93,8421
2024-12-06 18:00:00,2634.976,2638.987,2634.074,2636.918,5331
2024-12-06 19:00:00,2637.024,2637.194,2632.914,2634.544,3168
2024-12-06 20:00:00,2634.661,2636.145,2631.228,2631.907,3116
2024-12-06 21:00:00,2631.98,2633.584,2630.872,2632.914,1956
2024-12-08 23:00:00,2642.989,2648.529,2636.316,2638.257,6245
2024-12-09 02:00:00,2642.891,2646.458,2641.777,2646.077,2462
2024-12-09 03:00:00,2646.035,2646.67,2638.256,2638.889,7955
2024-12-09 04:00:00,2638.842,2639.363,2634.553,2635.92,6081
2024-12-09 05:00:00,2635.961,2640.355,2635.863,2638.377,6886
2024-12-09 06:00:00,2638.342,2644.566,2638.11,2643.819,7663
2024-12-09 07:00:00,2643.82,2651.245,2643.025,2650.49,8277
2024-12-09 08:00:00,2650.523,2651.073,2646.094,2649.296,8044
2024-12-09 09:00:00,2649.282,2657.456,2648.769,2655.634,7818
2024-12-09 10:00:00,2655.668,2658.392,2653.477,2657.443,7075
2024-12-09 11:00:00,2657.489,2660.38,2653.379,2656.184,7157
2024-12-09 12:00:00,2656.237,2658.307,2653.283,2656.18,7351
2024-12-09 13:00:00,2656.219,2666.329,2654.693,2665.491,14767
2024-12-09 14:00:00,2665.517,2675.24,2662.623,2674.044,15689
2024-12-09 15:00:00,2673.994,2676.454,2666.628,2668.221,15562
2024-12-09 16:00:00,2668.203,2670.569,2665.564,2667.608,11499
2024-12-09 17:00:00,2667.597,2669.341,2663.593,2664.5,7061
2024-12-09 18:00:00,2664.557,2664.631,2661.637,2662.982,6502
2024-12-09 19:00:00,2662.954,2663.308,2658.859,2660.166,5147
2024-12-09 20:00:00,2660.201,2660.235,2656.649,2657.873,5048
2024-12-09 21:00:00,2657.921,2660.965,2657.832,2660.258,3367
2024-12-09 23:00:00,2660.787,2661.677,2659.619,2660.449,3054
2024-12-10 00:00:00,2660.486,2665.473,2657.958,2664.961,4697
2024-12-10 01:00:00,2664.991,2668.669,2660.504,2667.434,10498
2024-12-10 02:00:00,2667.5,2671.494,2666.168,2669.013,9110
2024-12-10 03:00:00,2668.977,2671.782,2665.415,2669.918,7615
2024-12-10 04:00:00,2669.942,2673.909,2669.569,2670.335,5647
2024-12-10 05:00:00,2670.355,2671.685,2668.247,2668.94,6684
2024-12-10 06:00:00,2668.897,2670.921,2665.683,2669.991,6777
2024-12-10 07:00:00,2669.977,2670.848,2663.647,2664.673,6106
2024-12-10 08:00:00,2664.607,2665.663,2661.161,2663.223,8397
2024-12-10 09:00:00,2663.18,2666.975,2661.633,2664.938,8013
2024-12-10 10:00:00,2664.98,2676.839,2664.456,2675.452,8709
2024-12-10 11:00:00,2675.46,2675.495,2669.767,2674.496,8533
2024-12-10 12:00:00,2674.539,2679.372,2672.633,2677.714,10688
2024-12-10 13:00:00,2677.755,2681.961,2672.308,2680.38,12341
2024-12-10 14:00:00,2680.43,2691.777,2679.461,2688.964,15507
2024-12-10 15:00:00,2688.917,2690.472,2684.478,2687.446,12548
2024-12-10 16:00:00,2687.446,2692.547,2684.553,2692.296,10230
2024-12-10 17:00:00,2692.361,2695.522,2690.432,2694.319,6424
2024-12-10 18:00:00,2694.26,2695.195,2691.85,2692.462,6153
2024-12-10 19:00:00,2692.435,2694.553,2691.06,2692.011,5068
2024-12-10 20:00:00,2691.976,2693.127,2690.877,2691.714,4354
2024-12-10 21:00:00,2691.758,2694.46,2691.59,2693.655,3007
2024-12-10 23:00:00,2693.718,2698.378,2693.584,2695.991,3837
2024-12-11 00:00:00,2695.93,2701.89,2693.416,2701.082,7611
2024-12-11 01:00:00,2701.107,2703.746,2696.611,2699.961,13917
2024-12-11 02:00:00,2700.017,2704.348,2698.278,2699.052,13248
2024-12-11 03:00:00,2699.017,2702.234,2692.316,2695.714,14695
2024-12-11 04:00:00,2695.619,2696.235,2682.946,2684.834,21551
2024-12-11 05:00:00,2684.779,2693.656,2675.502,2688.609,24900
2024-12-11 06:00:00,2688.535,2698.242,2686.501,2696.442,21642
2024-12-11 07:00:00,2696.477,2696.514,2688.075,2690.644,15511
2024-12-11 08:00:00,2690.435,2696.052,2689.899,2691.143,7331
2024-12-11 09:00:00,2691.096,2696.12,2686.297,2695.859,3531
2024-12-11 10:00:00,2695.713,2699.761,2692.348,2694.519,3479
2024-12-11 11:00:00,2694.685,2697.618,2692.787,2696.439,3247
2024-12-11 12:00:00,2696.56,2697.524,2693.707,2695.687,3245
2024-12-11 13:00:00,2695.732,2702.389,2690.641,2700.991,3719
2024-12-11 14:00:00,2701.259,2706.886,2696.588,2706.592,3727
2024-12-11 15:00:00,2706.369,2715.939,2705.276,2713.101,3877
2024-12-11 16:00:00,2713.213,2718.511,2711.186,2715.161,3538
2024-12-11 17:00:00,2715.126,2719.896,2714.212,2718.069,3258
2024-12-11 18:00:00,2717.955,2721.055,2713.9,2714.413,3265
2024-12-11 19:00:00,2714.127,2719.67,2713.361,2717.965,3242
2024-12-11 20:00:00,2718.146,2720.065,2716.154,2717.175,3007
2024-12-11 21:00:00,2717.227,2718.83,2716.052,2718.099,1762
2024-12-11 23:00:00,2718.647,2720.433,2716.927,2719.922,1932
2024-12-12 00:00:00,2719.985,2724.341,2718.853,2724.19,2511
2024-12-12 01:00:00,2724.101,2726.206,2700.251,2711.089,3658
2024-12-12 02:00:00,2711.029,2711.451,2703.794,2705.991,3043
2024-12-12 03:00:00,2706.011,2711.44,2705.182,2710.489,2809
2024-12-12 04:00:00,2710.508,2715.909,2709.689,2712.706,2675
2024-12-12 05:00:00,2712.684,2716.301,2711.577,2713.665,2768
2024-12-12 06:00:00,2713.621,2718.516,2710.076,2718.438,2911
2024-12-12 07:00:00,2718.452,2720.37,2715.343,2716.047,3002
2024-12-12 08:00:00,2716.209,2719.428,2714.884,2718.042,3336
2024-12-12 09:00:00,2718.139,2718.685,2714.029,2714.908,3339
2024-12-12 10:00:00,2714.772,2715.737,2709.786,2711.534,3313
2024-12-12 11:00:00,2711.314,2713.385,2707.31,2710.934,3534
2024-12-12 12:00:00,2710.997,2712.392,2706.008,2706.716,3313
2024-12-12 13:00:00,2706.91,2711.514,2697.372,2697.461,4194
2024-12-12 14:00:00,2697.321,2699.577,2680.92,2686.645,4813
2024-12-12 15:00:00,2686.486,2688.253,2675.078,2679.785,4590
2024-12-12 16:00:00,2679.597,2683.782,2677.248,2683.52,3568
2024-12-12 17:00:00,2683.532,2686.596,2681.405,2686.285,3388
2024-12-12 18:00:00,2686.296,2687.039,2682.794,2684.289,3207
2024-12-12 19:00:00,2684.268,2686.76,2682.561,2683.133,2956
2024-12-12 20:00:00,2683.187,2683.578,2679.459,2679.848,2983
2024-12-12 21:00:00,2679.844,2682.942,2679.732,2680.699,2186
2024-12-12 23:00:00,2680.85,2681.599,2679.843,2680.623,1661
2024-12-13 00:00:00,2680.617,2685.58,2678.871,2685.488,2515
2024-12-13 01:00:00,2685.234,2692.778,2685.234,2689.95,3508
2024-12-13 02:00:00,2689.939,2691.258,2684.411,2686.649,3449
2024-12-13 03:00:00,2686.574,2691.313,2686.072,2688.114,2994
2024-12-13 04:00:00,2687.967,2688.628,2685.462,2687.374,2660
2024-12-13 05:00:00,2687.367,2689.414,2685.083,2688.349,2954
2024-12-13 06:00:00,2688.513,2690.527,2683.337,2689.585,3146
2024-12-13 07:00:00,2689.642,2690.158,2681.111,2683.202,3169
2024-12-13 08:00:00,2682.994,2684.782,2674.453,2675.025,3365
2024-12-13 09:00:00,2674.846,2677.0,2667.517,2668.896,3596
2024-12-13 10:00:00,2669.075,2670.076,2665.147,2666.731,3185
2024-12-13 11:00:00,2666.784,2669.497,2664.39,2664.993,3137
2024-12-13 12:00:00,2664.8,2672.695,2662.853,2672.416,3381
2024-12-13 13:00:00,2672.434,2672.865,2659.635,2662.196,3959
2024-12-13 14:00:00,2661.956,2664.06,2657.37,2660.133,3912
2024-12-13 15:00:00,2660.122,2662.6,2654.584,2659.888,3766
2024-12-13 16:00:00,2659.815,2664.566,2658.729,2662.046,3368
2024-12-13 17:00:00,2662.285,2662.285,2655.62,2656.368,3059
2024-12-13 18:00:00,2656.351,2657.105,2652.141,2654.182,3109
2024-12-13 19:00:00,2654.35,2655.307,2652.29,2652.972,2790
2024-12-13 20:00:00,2653.172,2653.522,2646.429,2647.825,2977
2024-12-13 21:00:00,2647.638,2649.889,2646.046,2648.392,2324
2024-12-15 23:00:00,2649.414,2653.127,2648.804,2651.479,1932
2024-12-16 00:00:00,2651.484,2651.757,2643.493,2647.072,2514
2024-12-16 01:00:00,2647.099,2655.607,2646.803,2653.422,3350
2024-12-16 02:00:00,2653.427,2654.716,2650.458,2651.859,2937
2024-12-16 03:00:00,2651.832,2655.593,2651.701,2653.871,2729
2024-12-16 04:00:00,2653.874,2654.524,2651.96,2652.802,2304
2024-12-16 05:00:00,2652.76,2653.455,2649.545,2652.792,2838
2024-12-16 06:00:00,2652.794,2654.835,2652.091,2653.713,2678
2024-12-16 07:00:00,2653.718,2655.868,2651.693,2653.69,2795
2024-12-16 08:00:00,2653.536,2662.043,2652.31,2658.023,5399
2024-12-16 09:00:00,2657.965,2660.116,2655.753,2658.187,6381
2024-12-16 10:00:00,2658.193,2661.15,2657.917,2658.864,6121
2024-12-16 11:00:00,2658.826,2664.168,2657.715,2663.542,6366
2024-12-16 12:00:00,2663.579,2664.447,2657.412,2659.95,6857
2024-12-16 13:00:00,2659.968,2664.259,2658.84,2661.97,11369
2024-12-16 14:00:00,2662.005,2663.035,2654.098,2654.841,11398
2024-12-16 15:00:00,2654.879,2656.937,2650.833,2654.472,10717
2024-12-16 16:00:00,2654.438,2655.788,2648.507,2652.195,7603
2024-12-16 17:00:00,2652.158,2655.42,2651.687,2652.153,5667
2024-12-16 18:00:00,2652.112,2655.669,2651.345,2655.337,5187
2024-12-16 19:00:00,2655.367,2655.78,2652.036,2653.299,4329
2024-12-16 20:00:00,2653.258,2653.631,2651.931,2652.742,4196
2024-12-16 21:00:00,2652.781,2653.104,2651.46,2652.85,2386
2024-12-16 23:00:00,2652.485,2653.006,2651.609,2651.744,2327
2024-12-17 00:00:00,2651.762,2655.496,2651.129,2655.24,3674
2024-12-17 01:00:00,2655.207,2658.611,2654.313,2658.015,7093
2024-12-17 02:00:00,2657.979,2658.593,2653.94,2654.973,5749
2024-12-17 03:00:00,2654.976,2656.214,2651.289,2653.616,5118
2024-12-17 04:00:00,2653.578,2655.318,2650.858,2651.693,3559
2024-12-17 05:00:00,2651.686,2654.823,2649.0,2653.791,6278
2024-12-17 06:00:00,2653.824,2654.646,2646.417,2648.861,7296
2024-12-17 07:00:00,2648.836,2657.093,2648.11,2653.753,6035
2024-12-17 08:00:00,2653.727,2653.736,2641.477,2644.234,9342
2024-12-17 09:00:00,2644.25,2646.121,2637.979,2639.745,11347
2024-12-17 10:00:00,2639.692,2643.279,2638.115,2638.115,7600
2024-12-17 11:00:00,2638.154,2642.516,2636.207,2642.187,6651
2024-12-17 12:00:00,2642.208,2645.538,2640.682,2642.712,6914
2024-12-17 13:00:00,2642.674,2646.965,2634.749,2637.125,15089
2024-12-17 14:00:00,2637.139,2642.076,2632.991,2636.726,15553
2024-12-17 15:00:00,2636.757,2642.953,2635.931,2640.149,10725
2024-12-17 16:00:00,2640.241,2641.506,2636.665,2638.884,8465
2024-12-17 17:00:00,2638.848,2647.033,2637.843,2646.001,6406
2024-12-17 18:00:00,2646.041,2649.079,2644.991,2647.327,5442
2024-12-17 19:00:00,2647.263,2648.256,2645.181,2645.385,4050
2024-12-17 20:00:00,2645.427,2646.931,2643.083,2643.605,4399
2024-12-17 21:00:00,2643.645,2646.364,2643.552,2645.968,2489
2024-12-17 23:00:00,2645.944,2647.681,2644.807,2647.378,2164
2024-12-18 00:00:00,2647.365,2650.365,2646.558,2650.002,3794
2024-12-18 01:00:00,2650.08,2651.707,2648.017,2651.008,6922
2024-12-18 02:00:00,2651.011,2651.029,2646.961,2647.424,5340
2024-12-18 03:00:00,2647.39,2648.91,2645.204,2645.669,4895
2024-12-18 04:00:00,2645.632,2645.964,2642.666,2645.104,4204
2024-12-18 05:00:00,2645.105,2649.551,2643.883,2647.463,4995
2024-12-18 06:00:00,2647.425,2647.945,2644.522,2646.673,5628
2024-12-18 07:00:00,2646.669,2647.375,2643.369,2644.61,5089
2024-12-18 08:00:00,2644.585,2649.734,2642.074,2647.977,6775
2024-12-18 09:00:00,2647.94,2649.303,2645.533,2646.857,5892
2024-12-18 10:00:00,2646.851,2649.417,2646.126,2648.463,4462
2024-12-18 11:00:00,2648.437,2649.434,2645.809,2646.096,4343
2024-12-18 12:00:00,2646.106,2647.723,2643.412,2644.061,4599
2024-12-18 13:00:00,2644.008,2647.545,2641.002,2643.977,9092
2024-12-18 14:00:00,2643.94,2644.991,2636.893,2638.009,11190
2024-12-18 15:00:00,2637.968,2638.309,2633.699,2638.145,8716
2024-12-18 16:00:00,2638.109,2639.502,2633.032,2634.737,6910
2024-12-18 17:00:00,2634.691,2639.991,2634.536,2636.038,5769
2024-12-18 18:00:00,2636.069,2638.932,2635.298,2637.14,5120
2024-12-18 19:00:00,2636.994,2636.994,2604.035,2604.581,30450
2024-12-18 20:00:00,2604.613,2609.313,2587.166,2592.419,25186
2024-12-18 21:00:00,2592.468,2595.364,2583.72,2585.955,9232
2024-12-18 23:00:00,2583.846,2592.31,2583.297,2588.225,6293
2024-12-19 00:00:00,2588.256,2597.183,2587.957,2595.36,6937
2024-12-19 01:00:00,2595.317,2618.102,2593.338,2611.966,17053
2024-12-19 02:00:00,2611.965,2613.971,2606.285,2612.162,10712
2024-12-19 03:00:00,2612.205,2613.451,2607.619,2610.479,6974
2024-12-19 04:00:00,2610.505,2611.557,2606.884,2609.163,5239
2024-12-19 05:00:00,2609.13,2610.631,2606.553,2607.205,5447
2024-12-19 06:00:00,2607.165,2614.264,2603.3,2612.899,7595
2024-12-19 07:00:00,2612.948,2622.636,2611.775,2616.554,10499
2024-12-19 08:00:00,2616.507,2619.273,2613.213,2618.45,8433
2024-12-19 09:00:00,2618.485,2622.914,2618.377,2620.369,8456
2024-12-19 10:00:00,2620.379,2626.457,2617.347,2619.438,8028
2024-12-19 11:00:00,2619.423,2621.986,2616.114,2616.81,6701
2024-12-19 12:00:00,2616.771,2616.771,2604.35,2606.234,9858
2024-12-19 13:00:00,2606.19,2606.259,2595.254,2596.29,17453
2024-12-19 14:00:00,2596.224,2600.807,2591.837,2592.617,18116
2024-12-19 15:00:00,2592.463,2595.991,2586.951,2588.446,14770
2024-12-19 16:00:00,2588.402,2596.677,2587.134,2591.653,11316
2024-12-19 17:00:00,2591.698,2594.222,2590.658,2592.61,7936
2024-12-19 18:00:00,2592.651,2599.903,2591.872,2599.69,8430
2024-12-19 19:00:00,2599.636,2600.994,2596.645,2596.79,6587
2024-12-19 20:00:00,2596.832,2600.343,2596.449,2596.769,6550
2024-12-19 21:00:00,2596.807,2597.055,2593.131,2593.994,3088
2024-12-19 23:00:00,2594.705,2595.912,2592.307,2593.519,2639
2024-12-20 00:00:00,2593.496,2595.332,2590.526,2590.869,3929
2024-12-20 01:00:00,2590.895,2603.885,2589.593,2603.806,10895
2024-12-20 02:00:00,2603.842,2604.033,2595.512,2597.071,9104
2024-12-20 03:00:00,2597.062,2599.073,2595.702,2598.471,5129
2024-12-20 04:00:00,2598.467,2601.011,2597.423,2597.963,4157
2024-12-20 05:00:00,2597.962,2601.309,2596.421,2600.275,4926
2024-12-20 06:00:00,2600.24,2605.388,2598.883,2604.757,6406
2024-12-20 07:00:00,2604.72,2607.516,2602.343,2606.253,6209
2024-12-20 08:00:00,2606.285,2607.695,2604.343,2605.531,7791
2024-12-20 09:00:00,2605.493,2606.717,2603.121,2605.111,6871
2024-12-20 10:00:00,2605.04,2606.944,2604.008,2604.219,5593
2024-12-20 11:00:00,2604.202,2604.811,2600.041,2603.694,5868
2024-12-20 12:00:00,2603.668,2606.195,2602.135,2603.487,6158
2024-12-20 13:00:00,2603.485,2614.179,2600.34,2609.566,12911
2024-12-20 14:00:00,2609.517,2618.344,2608.419,2617.226,16669
2024-12-20 15:00:00,2617.187,2631.214,2616.416,2630.314,16866
2024-12-20 16:00:00,2630.351,2631.875,2622.293,2625.219,12868
2024-12-20 17:00:00,2625.246,2627.525,2622.142,2625.547,8919
2024-12-20 18:00:00,2625.523,2627.373,2623.4,2626.105,9656
2024-12-20 19:00:00,2626.072,2629.317,2624.929,2627.881,6954
2024-12-20 20:00:00,2627.845,2628.119,2622.194,2622.75,8734
2024-12-20 21:00:00,2622.8,2624.034,2619.202,2622.841,2195
2024-12-22 23:00:00,2623.329,2624.92,2621.74,2624.293,1854
2024-12-23 00:00:00,2624.398,2625.199,2617.498,2621.648,2518
2024-12-23 01:00:00,2621.602,2624.184,2618.414,2620.794,3112
2024-12-23 02:00:00,2620.792,2627.446,2620.522,2625.922,2884
2024-12-23 03:00:00,2626.19,2626.922,2622.307,2624.106,2667
2024-12-23 04:00:00,2623.954,2626.389,2623.863,2625.51,2258
2024-12-23 05:00:00,2625.771,2629.233,2624.971,2626.68,2617
2024-12-23 06:00:00,2626.636,2633.008,2624.537,2631.564,2843
2024-12-23 07:00:00,2631.588,2633.24,2629.438,2630.23,2740
2024-12-23 08:00:00,2630.184,2632.151,2626.038,2629.857,6804
2024-12-23 09:00:00,2629.833,2630.73,2625.991,2626.436,5693
2024-12-23 10:00:00,2626.399,2626.908,2618.993,2619.491,6795
2024-12-23 11:00:00,2619.453,2620.109,2612.959,2616.26,6977
2024-12-23 12:00:00,2616.292,2618.688,2614.065,2615.065,6615
2024-12-23 13:00:00,2615.036,2619.865,2613.945,2617.306,8689
2024-12-23 14:00:00,2617.335,2619.898,2613.63,2615.719,9245
2024-12-23 15:00:00,2615.717,2616.665,2609.249,2609.762,12191
2024-12-23 16:00:00,2609.798,2616.097,2608.078,2615.942,11060
2024-12-23 17:00:00,2615.978,2616.602,2610.646,2611.223,7815
2024-12-23 18:00:00,2611.194,2612.792,2609.915,2610.417,6278
2024-12-23 19:00:00,2610.457,2612.55,2609.58,2611.084,4765
2024-12-23 20:00:00,2611.129,2612.596,2609.147,2610.83,4404
2024-12-23 21:00:00,2610.868,2613.782,2610.228,2613.42,2031
2024-12-23 23:00:00,2613.786,2617.082,2613.087,2615.492,2965
2024-12-24 00:00:00,2615.546,2617.389,2613.517,2616.716,3117
2024-12-24 01:00:00,2616.758,2618.0,2614.5,2617.558,6280
2024-12-24 02:00:00,2617.522,2619.928,2616.713,2616.915,4873
2024-12-24 03:00:00,2616.879,2618.697,2615.681,2618.697,4178
2024-12-24 04:00:00,2618.729,2620.465,2618.248,2620.191,3587
2024-12-24 05:00:00,2620.235,2621.405,2618.346,2619.274,4467
2024-12-24 06:00:00,2619.233,2619.778,2616.422,2618.982,5040
2024-12-24 07:00:00,2618.975,2621.472,2617.949,2618.459,4613
2024-12-24 08:00:00,2618.503,2619.82,2616.818,2617.395,4586
2024-12-24 09:00:00,2617.358,2618.337,2613.362,2613.551,4718
2024-12-24 10:00:00,2613.551,2617.906,2613.088,2615.573,4736
2024-12-24 11:00:00,2615.536,2616.263,2612.393,2615.152,4351
2024-12-24 12:00:00,2615.199,2616.407,2612.526,2613.747,5296
2024-12-24 13:00:00,2613.694,2614.72,2611.246,2614.269,7284
2024-12-24 14:00:00,2614.302,2617.241,2610.099,2610.933,8073
2024-12-24 15:00:00,2610.921,2613.474,2610.019,2611.67,7837
2024-12-24 16:00:00,2611.701,2617.811,2611.492,2615.955,6422
2024-12-24 17:00:00,2615.905,2619.335,2615.184,2617.134,9353
2024-12-24 18:00:00,2617.084,2617.887,2614.854,2616.713,2179
2024-12-25 23:00:00,2615.621,2620.115,2615.371,2618.656,2412
2024-12-26 00:00:00,2618.647,2622.797,2618.615,2621.538,3302
2024-12-26 01:00:00,2621.575,2627.787,2620.804,2626.656,6510
2024-12-26 02:00:00,2626.637,2627.858,2625.776,2627.538,4139
2024-12-26 03:00:00,2627.568,2629.113,2625.718,2626.902,4423
2024-12-26 04:00:00,2626.889,2629.252,2626.298,2627.378,3113
2024-12-26 05:00:00,2627.383,2628.331,2625.978,2626.423,4125
2024-12-26 06:00:00,2626.324,2627.365,2624.623,2626.155,3901
2024-12-26 07:00:00,2626.183,2629.713,2623.599,2625.413,4620
2024-12-26 08:00:00,2625.398,2629.042,2625.132,2627.474,4731
2024-12-26 09:00:00,2627.467,2628.275,2625.832,2627.368,3501
2024-12-26 10:00:00,2627.411,2629.395,2626.742,2628.716,3742
2024-12-26 11:00:00,2628.718,2630.019,2627.782,2627.882,4268
2024-12-26 12:00:00,2627.855,2628.458,2624.64,2626.646,4917
2024-12-26 13:00:00,2626.611,2631.163,2621.706,2623.113,9549
2024-12-26 14:00:00,2623.123,2630.139,2622.474,2629.979,8148
2024-12-26 15:00:00,2629.964,2639.151,2629.074,2636.479,8510
2024-12-26 16:00:00,2636.527,2636.838,2631.503,2632.118,7047
2024-12-26 17:00:00,2632.157,2632.263,2627.885,2629.325,6171
2024-12-26 18:00:00,2629.277,2635.967,2629.183,2634.761,6630
2024-12-26 19:00:00,2634.735,2635.81,2632.719,2634.952,4595
2024-12-26 20:00:00,2634.874,2636.162,2633.748,2634.405,5837
2024-12-26 21:00:00,2634.434,2634.624,2633.117,2633.486,2589
2024-12-26 23:00:00,2628.916,2634.49,2624.636,2632.684,3805
2024-12-27 00:00:00,2632.689,2634.05,2631.303,2631.387,3066
2024-12-27 01:00:00,2631.351,2633.866,2630.624,2632.14,6010
2024-12-27 02:00:00,2632.057,2633.674,2628.886,2632.931,5372
2024-12-27 03:00:00,2632.932,2635.512,2631.647,2633.715,5477
2024-12-27 04:00:00,2633.744,2633.965,2631.987,2633.504,3414
2024-12-27 05:00:00,2633.514,2634.179,2631.338,2631.342,3928
2024-12-27 06:00:00,2631.311,2637.049,2631.25,2634.692,5515
2024-12-27 07:00:00,2634.744,2638.314,2633.127,2633.638,5989
2024-12-27 08:00:00,2633.599,2633.599,2626.072,2626.195,6502
2024-12-27 09:00:00,2626.198,2627.707,2623.635,2624.044,4840
2024-12-27 10:00:00,2624.011,2628.063,2623.452,2626.676,5039
2024-12-27 11:00:00,2626.711,2628.856,2625.1,2628.642,4774
2024-12-27 12:00:00,2628.638,2631.55,2625.619,2626.213,5697
2024-12-27 13:00:00,2626.26,2627.317,2618.066,2618.778,11349
2024-12-27 14:00:00,2618.828,2619.414,2611.608,2615.761,13018
2024-12-27 15:00:00,2615.718,2619.497,2612.897,2618.134,10756
2024-12-27 16:00:00,2618.174,2619.779,2615.263,2617.891,7429
2024-12-27 17:00:00,2617.937,2618.303,2614.117,2615.839,7497
2024-12-27 18:00:00,2615.877,2620.148,2615.287,2618.689,5645
2024-12-27 19:00:00,2618.712,2621.394,2617.417,2620.685,4609
2024-12-27 20:00:00,2620.719,2620.847,2612.728,2615.458,6213
2024-12-27 21:00:00,2615.419,2621.98,2615.32,2621.623,3575
2024-12-29 23:00:00,2621.977,2626.156,2621.632,2624.035,4006
2024-12-30 00:00:00,2624.08,2625.489,2621.486,2622.555,3326
2024-12-30 01:00:00,2622.592,2626.857,2622.106,2624.346,7617
2024-12-30 02:00:00,2624.359,2625.466,2622.36,2623.965,5100
2024-12-30 03:00:00,2623.93,2628.175,2623.161,2626.579,4505
2024-12-30 04:00:00,2626.567,2626.567,2621.488,2622.243,3640
2024-12-30 05:00:00,2622.205,2624.192,2620.469,2623.748,4802
2024-12-30 06:00:00,2623.708,2624.674,2618.319,2619.131,5518
2024-12-30 07:00:00,2619.098,2620.01,2615.813,2616.784,5172
2024-12-30 08:00:00,2616.747,2617.456,2609.234,2611.87,6647
2024-12-30 09:00:00,2611.935,2617.52,2611.404,2612.82,5939
2024-12-30 10:00:00,2612.823,2615.243,2610.515,2610.564,5275
2024-12-30 11:00:00,2610.529,2618.664,2609.092,2616.332,5654
2024-12-30 12:00:00,2616.332,2622.509,2615.657,2621.556,4865
2024-12-30 13:00:00,2621.529,2622.635,2606.456,2606.679,10987
2024-12-30 14:00:00,2606.721,2613.773,2605.349,2611.517,11429
2024-12-30 15:00:00,2611.55,2611.703,2599.562,2601.599,13834
2024-12-30 16:00:00,2601.613,2602.793,2596.042,2599.729,9285
2024-12-30 17:00:00,2599.783,2605.558,2599.783,2605.141,7356
2024-12-30 18:00:00,2605.181,2606.742,2603.4,2606.125,5973
2024-12-30 19:00:00,2606.12,2608.39,2603.638,2607.16,5071
2024-12-30 20:00:00,2607.169,2609.518,2606.426,2607.789,5085
2024-12-30 21:00:00,2607.816,2608.027,2605.828,2606.303,2136
2024-12-30 23:00:00,2606.636,2607.319,2603.863,2606.677,2233
2024-12-31 00:00:00,2606.717,2608.671,2605.003,2607.726,2383
2024-12-31 01:00:00,2607.701,2611.608,2606.604,2608.975,5765
2024-12-31 02:00:00,2608.952,2609.615,2606.852,2607.107,4124
2024-12-31 03:00:00,2607.057,2607.574,2603.508,2604.613,4288
2024-12-31 04:00:00,2604.612,2607.104,2604.297,2606.559,3223
2024-12-31 05:00:00,2606.536,2608.155,2602.591,2604.357,3876
2024-12-31 06:00:00,2604.34,2608.651,2603.555,2607.866,5749
2024-12-31 07:00:00,2607.884,2614.08,2607.325,2613.694,4869
2024-12-31 08:00:00,2613.735,2617.796,2612.829,2616.582,5725
2024-12-31 09:00:00,2616.564,2616.883,2613.079,2615.218,4808
2024-12-31 10:00:00,2615.258,2615.815,2610.854,2611.786,5327
2024-12-31 11:00:00,2611.798,2614.221,2609.714,2611.051,4836
2024-12-31 12:00:00,2611.016,2612.818,2609.299,2611.17,5391
2024-12-31 13:00:00,2611.213,2616.199,2605.3,2613.224,8892
2024-12-31 14:00:00,2613.29,2617.843,2611.278,2613.665,9665
2024-12-31 15:00:00,2613.598,2626.638,2612.436,2625.632,11243
2024-12-31 16:00:00,2625.608,2627.161,2622.229,2625.395,8814
2024-12-31 17:00:00,2625.43,2627.555,2623.224,2624.273,6455
2024-12-31 18:00:00,2624.236,2627.233,2622.695,2624.788,6334
2024-12-31 19:00:00,2624.815,2627.258,2622.852,2623.84,4491
2024-12-31 20:00:00,2623.796,2625.024,2622.19,2623.216,4228
2024-12-31 21:00:00,2623.181,2624.925,2622.903,2624.381,1908
2025-01-01 23:00:00,2625.179,2625.839,2621.641,2623.766,3110
2025-01-02 00:00:00,2623.798,2627.937,2622.72,2625.373,3988
2025-01-02 01:00:00,2625.414,2634.386,2623.813,2632.921,11186
2025-01-02 02:00:00,2632.946,2636.54,2632.318,2634.701,6416
2025-01-02 03:00:00,2634.666,2635.341,2632.268,2633.644,4295
2025-01-02 04:00:00,2633.633,2634.213,2631.05,2633.925,3618
2025-01-02 05:00:00,2633.924,2636.497,2633.094,2634.036,4435
2025-01-02 06:00:00,2633.937,2635.437,2631.205,2634.127,4886
2025-01-02 07:00:00,2634.126,2635.994,2632.992,2635.915,4644
2025-01-02 08:00:00,2635.953,2637.828,2631.123,2636.432,6517
2025-01-02 09:00:00,2636.417,2639.978,2635.879,2636.139,6360
2025-01-02 10:00:00,2636.128,2646.379,2632.744,2642.691,8997
2025-01-02 11:00:00,2642.701,2644.692,2640.255,2641.974,5712
2025-01-02 12:00:00,2642.008,2646.449,2640.305,2643.446,6321
2025-01-02 13:00:00,2643.4,2647.341,2636.005,2643.006,13503
2025-01-02 14:00:00,2642.964,2651.066,2640.361,2647.518,14510
2025-01-02 15:00:00,2647.491,2655.843,2645.203,2654.13,12427
2025-01-02 16:00:00,2654.062,2660.419,2650.034,2659.284,10733
2025-01-02 17:00:00,2659.325,2660.457,2652.515,2656.471,8061
2025-01-02 18:00:00,2656.477,2658.756,2653.757,2655.483,7655
2025-01-02 19:00:00,2655.524,2657.161,2653.802,2654.74,5905
2025-01-02 20:00:00,2654.775,2660.463,2654.151,2659.621,5861
2025-01-02 21:00:00,2659.667,2660.233,2656.55,2657.442,2774
2025-01-02 23:00:00,2657.396,2659.539,2657.322,2658.328,2573
2025-01-03 00:00:00,2658.371,2661.162,2658.368,2660.717,3382
2025-01-03 01:00:00,2660.745,2662.583,2656.708,2659.414,5851
2025-01-03 02:00:00,2659.425,2664.049,2656.109,2662.413,7778
2025-01-03 03:00:00,2662.443,2665.214,2661.238,2662.288,5405
2025-01-03 04:00:00,2662.255,2664.409,2661.68,2662.839,3079
2025-01-03 05:00:00,2662.869,2662.915,2655.909,2658.55,4766
2025-01-03 06:00:00,2658.542,2660.247,2656.708,2659.61,5038
2025-01-03 07:00:00,2659.518,2659.55,2651.924,2654.164,6411
2025-01-03 08:00:00,2654.122,2655.773,2649.89,2652.951,6998
2025-01-03 09:00:00,2652.975,2656.006,2652.82,2653.588,5444
2025-01-03 10:00:00,2653.609,2657.976,2653.007,2657.617,4887
2025-01-03 11:00:00,2657.58,2659.258,2656.332,2658.361,3506
2025-01-03 12:00:00,2657.003,2657.461,2655.209,2655.291,954
2025-01-03 13:00:00,2655.257,2656.394,2643.387,2649.834,11143
2025-01-03 14:00:00,2649.789,2652.672,2645.075,2647.827,12082
2025-01-03 15:00:00,2647.73,2648.285,2640.952,2643.842,13753
2025-01-03 16:00:00,2643.812,2647.264,2638.954,2639.968,8475
2025-01-03 17:00:00,2639.934,2642.617,2639.043,2641.763,6550
2025-01-03 18:00:00,2641.726,2642.361,2639.763,2641.827,5935
2025-01-03 19:00:00,2641.831,2642.951,2639.135,2639.424,4292
2025-01-03 20:00:00,2639.394,2640.094,2636.881,2638.163,4559
2025-01-03 21:00:00,2638.196,2640.74,2636.644,2640.37,3387
2025-01-05 23:00:00,2639.644,2642.394,2639.644,2641.063,3247
2025-01-06 00:00:00,2641.098,2643.296,2638.604,2643.191,4327
2025-01-06 01:00:00,2643.223,2647.426,2640.748,2641.333,8218
2025-01-06 02:00:00,2641.292,2645.295,2639.726,2644.523,5970
2025-01-06 03:00:00,2644.493,2645.355,2639.137,2640.19,5121
2025-01-06 04:00:00,2640.203,2640.824,2634.197,2635.534,5510
2025-01-06 05:00:00,2635.531,2636.24,2631.45,2633.892,6874
2025-01-06 06:00:00,2633.879,2635.346,2630.173,2631.46,6025
2025-01-06 07:00:00,2631.425,2633.634,2625.058,2626.902,6682
2025-01-06 08:00:00,2626.889,2632.547,2625.739,2631.506,6379
2025-01-06 09:00:00,2631.427,2635.724,2631.15,2632.699,6154
2025-01-06 10:00:00,2632.713,2635.052,2630.93,2633.825,4935
2025-01-06 11:00:00,2633.852,2649.489,2632.498,2645.6,14627
2025-01-06 12:00:00,2645.564,2647.861,2641.973,2645.395,8958
2025-01-06 13:00:00,2645.366,2648.848,2621.685,2624.254,22122
2025-01-06 14:00:00,2624.19,2635.03,2614.429,2631.588,28050
2025-01-06 15:00:00,2631.577,2639.641,2629.445,2634.392,17083
2025-01-06 16:00:00,2634.421,2641.381,2632.513,2640.729,9604
2025-01-06 17:00:00,2640.727,2641.053,2634.15,2636.641,6502
2025-01-06 18:00:00,2636.689,2638.599,2633.719,2634.619,6920
2025-01-06 19:00:00,2634.583,2635.517,2632.87,2634.373,5687
2025-01-06 20:00:00,2634.41,2635.484,2633.132,2634.664,4771
2025-01-06 21:00:00,2634.617,2637.067,2634.617,2635.748,2279
2025-01-06 23:00:00,2635.919,2636.27,2633.497,2634.681,2152
2025-01-07 00:00:00,2634.634,2635.185,2632.918,2635.075,3067
2025-01-07 01:00:00,2635.034,2641.146,2634.755,2639.017,7683
2025-01-07 02:00:00,2639.022,2640.058,2636.941,2638.61,5010
2025-01-07 03:00:00,2638.637,2640.202,2637.569,2639.563,3602
2025-01-07 04:00:00,2639.56,2639.738,2637.311,2638.266,3351
2025-01-07 05:00:00,2638.28,2645.708,2637.02,2644.439,5769
2025-01-07 06:00:00,2644.401,2646.757,2639.873,2640.246,5823
2025-01-07 07:00:00,2640.242,2642.204,2638.026,2640.487,5186
2025-01-07 08:00:00,2640.444,2644.838,2640.05,2642.652,5808
2025-01-07 09:00:00,2642.597,2644.18,2640.14,2641.329,5099
2025-01-07 10:00:00,2641.375,2644.747,2641.324,2643.838,4765
2025-01-07 11:00:00,2643.873,2648.689,2642.014,2648.348,5245
2025-01-07 12:00:00,2648.393,2652.752,2647.358,2651.603,7208
2025-01-07 13:00:00,2651.642,2664.264,2649.896,2662.548,15909
2025-01-07 14:00:00,2662.589,2663.004,2655.802,2658.486,12832
2025-01-07 15:00:00,2658.531,2658.531,2641.885,2647.7,22213
2025-01-07 16:00:00,2647.631,2655.589,2646.383,2651.782,13655
2025-01-07 17:00:00,2651.825,2656.04,2650.213,2652.379,9237
2025-01-07 18:00:00,2652.408,2652.555,2647.193,2649.03,9777
2025-01-07 19:00:00,2649.09,2650.343,2646.928,2649.248,8717
2025-01-07 20:00:00,2649.298,2651.444,2647.195,2650.469,6406
2025-01-07 21:00:00,2650.501,2650.541,2647.731,2648.743,2262
2025-01-07 23:00:00,2649.303,2650.193,2648.355,2649.807,2455
2025-01-08 00:00:00,2649.817,2651.515,2648.721,2650.544,3389
2025-01-08 01:00:00,2650.586,2650.905,2647.083,2648.781,6625
2025-01-08 02:00:00,2648.779,2650.395,2645.925,2648.928,4843
2025-01-08 03:00:00,2648.932,2648.932,2645.569,2646.749,4156
2025-01-08 04:00:00,2646.728,2648.652,2645.229,2646.991,3238
2025-01-08 05:00:00,2646.998,2650.784,2646.633,2650.01,4562
2025-01-08 06:00:00,2650.065,2653.092,2648.876,2652.088,5182
2025-01-08 07:00:00,2652.078,2654.452,2651.618,2652.619,4568
2025-01-08 08:00:00,2652.651,2653.796,2649.577,2651.948,5927
2025-01-08 09:00:00,2651.91,2655.001,2651.792,2653.462,5197
2025-01-08 10:00:00,2653.534,2655.158,2652.648,2653.169,4955
2025-01-08 11:00:00,2653.129,2653.133,2647.595,2650.925,7341
2025-01-08 12:00:00,2650.839,2652.524,2645.847,2652.01,6912
2025-01-08 13:00:00,2651.961,2660.275,2651.536,2660.214,14049
2025-01-08 14:00:00,2660.184,2667.659,2660.002,2661.438,16245
2025-01-08 15:00:00,2661.35,2667.835,2659.398,2665.818,13074
2025-01-08 16:00:00,2665.84,2670.053,2662.641,2669.586,8933
2025-01-08 17:00:00,2669.625,2669.898,2649.388,2655.575,13187
2025-01-08 18:00:00,2655.624,2659.098,2651.764,2651.781,8760
2025-01-08 19:00:00,2653.75,2660.59,2653.376,2658.328,7853
2025-01-08 20:00:00,2658.362,2664.059,2658.276,2663.451,6976
2025-01-08 21:00:00,2663.483,2664.075,2660.919,2661.519,4628
2025-01-08 23:00:00,2662.413,2663.211,2661.989,2662.507,2041
2025-01-09 00:00:00,2662.526,2662.85,2659.499,2659.996,3306
2025-01-09 01:00:00,2659.957,2661.361,2657.325,2658.641,5627
2025-01-09 02:00:00,2658.599,2660.14,2656.27,2658.774,4817
2025-01-09 03:00:00,2658.801,2662.148,2658.488,2659.369,3932
2025-01-09 04:00:00,2659.335,2659.792,2655.471,2658.923,3661
2025-01-09 05:00:00,2658.926,2660.96,2657.555,2658.264,4872
2025-01-09 06:00:00,2658.259,2666.973,2658.259,2666.702,5033
2025-01-09 07:00:00,2666.735,2666.735,2662.328,2662.45,5155
2025-01-09 08:00:00,2662.418,2666.962,2660.435,2664.409,7561
2025-01-09 09:00:00,2664.458,2666.552,2662.302,2664.976,6236
2025-01-09 10:00:00,2664.995,2668.581,2664.477,2667.419,5171
2025-01-09 11:00:00,2667.471,2673.299,2665.246,2670.249,8526
2025-01-09 12:00:00,2670.206,2675.178,2669.456,2674.021,6726
2025-01-09 13:00:00,2674.001,2678.351,2671.985,2672.715,10442
2025-01-09 14:00:00,2672.691,2675.797,2667.196,2672.486,9574
2025-01-09 15:00:00,2672.485,2675.427,2668.091,2668.326,9256
2025-01-09 16:00:00,2668.32,2671.039,2666.291,2667.497,7433
2025-01-09 17:00:00,2667.465,2668.608,2662.691,2665.938,7661
2025-01-09 18:00:00,2665.897,2672.51,2665.041,2671.324,7386
2025-01-09 19:00:00,2671.366,2671.788,2668.552,2670.19,5433
2025-01-09 20:00:00,2670.154,2670.908,2669.247,2669.53,3545
2025-01-09 21:00:00,2669.534,2671.332,2668.957,2669.984,1990
2025-01-09 23:00:00,2670.696,2671.318,2668.492,2669.95,2774
2025-01-10 00:00:00,2669.978,2671.213,2668.973,2670.498,3543
2025-01-10 01:00:00,2670.528,2671.832,2669.225,2670.952,5687
2025-01-10 02:00:00,2670.925,2674.729,2670.52,2673.486,5400
2025-01-10 03:00:00,2673.517,2674.771,2672.468,2673.658,3942
2025-01-10 04:00:00,2673.631,2674.067,2671.825,2671.855,3208
2025-01-10 05:00:00,2671.813,2675.891,2671.556,2674.916,4445
2025-01-10 06:00:00,2674.908,2678.552,2674.233,2678.163,5378
2025-01-10 07:00:00,2678.179,2678.743,2673.469,2676.146,6614
2025-01-10 08:00:00,2676.181,2680.469,2675.713,2680.057,8864
2025-01-10 09:00:00,2680.021,2682.389,2677.592,2678.485,7823
2025-01-10 10:00:00,2678.532,2682.687,2678.205,2680.936,8455
2025-01-10 11:00:00,2680.95,2683.088,2680.242,2681.402,5970
2025-01-10 12:00:00,2681.363,2681.401,2674.811,2678.29,8000
2025-01-10 13:00:00,2678.321,2683.771,2663.99,2682.687,29183
2025-01-10 14:00:00,2682.626,2693.406,2680.79,2687.851,42257
2025-01-10 15:00:00,2687.856,2698.026,2682.398,2692.683,40604
2025-01-10 16:00:00,2692.592,2697.166,2686.727,2696.162,27655
2025-01-10 17:00:00,2696.207,2697.915,2692.413,2696.107,16856
2025-01-10 18:00:00,2696.016,2697.196,2685.11,2687.303,14115
2025-01-10 19:00:00,2687.338,2687.802,2684.586,2685.855,9235
2025-01-10 20:00:00,2685.89,2690.886,2684.5,2690.728,8492
2025-01-10 21:00:00,2690.679,2693.773,2689.005,2689.565,8410
2025-01-12 23:00:00,2689.769,2691.364,2687.574,2691.105,5114
2025-01-13 00:00:00,2691.128,2693.368,2688.103,2689.726,4494
2025-01-13 01:00:00,2689.73,2690.015,2679.294,2685.548,17744
2025-01-13 02:00:00,2685.59,2690.554,2684.862,2688.656,8220
2025-01-13 03:00:00,2688.564,2688.697,2685.362,2687.938,7074
2025-01-13 04:00:00,2687.979,2690.854,2684.307,2686.04,7987
2025-01-13 05:00:00,2686.068,2686.979,2683.273,2686.936,9778
2025-01-13 06:00:00,2687.0,2691.323,2686.894,2689.96,7904
2025-01-13 07:00:00,2689.935,2690.524,2684.44,2685.102,10722
2025-01-13 08:00:00,2685.074,2689.77,2684.028,2687.145,12794
2025-01-13 09:00:00,2687.074,2688.325,2682.876,2684.871,13487
2025-01-13 10:00:00,2684.823,2685.134,2677.26,2679.42,12428
2025-01-13 11:00:00,2679.371,2680.566,2675.449,2675.952,10033
2025-01-13 12:00:00,2675.911,2677.164,2664.398,2671.286,21050
2025-01-13 13:00:00,2671.312,2672.281,2663.693,2669.073,27336
2025-01-13 14:00:00,2669.136,2674.237,2664.044,2671.727,22337
2025-01-13 15:00:00,2671.688,2672.872,2661.045,2661.867,18407
2025-01-13 16:00:00,2661.792,2667.993,2660.625,2661.322,12835
2025-01-13 17:00:00,2661.332,2664.14,2659.183,2660.822,10473
2025-01-13 18:00:00,2660.815,2662.449,2657.525,2659.289,9267
2025-01-13 19:00:00,2659.297,2660.661,2656.768,2658.895,6912
2025-01-13 20:00:00,2658.959,2662.823,2658.734,2662.194,5385
2025-01-13 21:00:00,2662.241,2664.14,2660.834,2663.651,3263
2025-01-13 23:00:00,2663.152,2669.391,2663.07,2667.978,4124
2025-01-14 00:00:00,2668.013,2671.106,2666.397,2670.601,4997
2025-01-14 01:00:00,2670.534,2672.238,2667.848,2670.749,10168
2025-01-14 02:00:00,2670.788,2672.223,2668.45,2670.57,7800
2025-01-14 03:00:00,2670.522,2672.264,2668.861,2669.818,6953
2025-01-14 04:00:00,2669.772,2674.073,2668.424,2673.528,4987
2025-01-14 05:00:00,2673.573,2675.37,2667.392,2668.533,7619
2025-01-14 06:00:00,2668.507,2669.677,2667.402,2669.079,7433
2025-01-14 07:00:00,2669.078,2670.88,2667.145,2669.154,7787
2025-01-14 08:00:00,2669.196,2674.473,2667.239,2670.978,9839
2025-01-14 09:00:00,2670.919,2671.675,2664.832,2667.322,8239
2025-01-14 10:00:00,2667.368,2668.905,2664.681,2666.681,7495
2025-01-14 11:00:00,2666.704,2669.869,2664.419,2669.331,6930
2025-01-14 12:00:00,2669.287,2671.583,2666.456,2668.289,8263
2025-01-14 13:00:00,2668.237,2674.419,2660.651,2662.985,22162
2025-01-14 14:00:00,2662.94,2666.053,2659.802,2665.242,18931
2025-01-14 15:00:00,2665.285,2672.87,2665.07,2671.779,14466
2025-01-14 16:00:00,2671.826,2673.96,2669.826,2671.715,11189
2025-01-14 17:00:00,2671.68,2672.099,2668.07,2669.006,8529
2025-01-14 18:00:00,2668.967,2672.546,2666.703,2672.316,8098
2025-01-14 19:00:00,2672.349,2676.308,2671.843,2674.245,6648
2025-01-14 20:00:00,2674.209,2676.524,2671.837,2676.505,7012
2025-01-14 21:00:00,2676.458,2678.294,2675.853,2677.148,3457
2025-01-14 23:00:00,2677.397,2677.729,2673.995,2675.589,2887
2025-01-15 00:00:00,2675.58,2676.1,2672.577,2672.768,2708
2025-01-15 01:00:00,2672.772,2674.276,2669.891,2669.944,5251
2025-01-15 02:00:00,2669.967,2675.058,2669.384,2673.409,5916
2025-01-15 03:00:00,2673.46,2676.321,2672.341,2676.091,4953
2025-01-15 04:00:00,2676.052,2676.716,2674.146,2675.564,4210
2025-01-15 05:00:00,2675.61,2679.383,2674.516,2679.383,5624
2025-01-15 06:00:00,2679.341,2683.326,2679.045,2681.001,6555
2025-01-15 07:00:00,2681.042,2684.033,2680.05,2681.395,6327
2025-01-15 08:00:00,2681.429,2685.327,2681.163,2683.909,8165
2025-01-15 09:00:00,2683.94,2688.57,2682.926,2685.934,7826
2025-01-15 10:00:00,2685.961,2689.09,2684.776,2688.343,8133
2025-01-15 11:00:00,2688.466,2688.938,2685.142,2686.779,8923
2025-01-15 12:00:00,2686.748,2687.503,2684.092,2684.631,9046
2025-01-15 13:00:00,2684.632,2694.25,2682.127,2693.799,26957
2025-01-15 14:00:00,2693.836,2696.056,2678.126,2681.978,31000
2025-01-15 15:00:00,2681.935,2683.017,2676.644,2678.512,22260
2025-01-15 16:00:00,2678.555,2689.97,2676.925,2689.305,15132
2025-01-15 17:00:00,2689.263,2692.994,2688.491,2692.601,10520
2025-01-15 18:00:00,2692.64,2695.008,2691.092,2693.993,10001
2025-01-15 19:00:00,2694.056,2695.127,2692.568,2694.181,6841
2025-01-15 20:00:00,2694.142,2696.605,2693.239,2696.346,6019
2025-01-15 21:00:00,2696.376,2697.541,2694.056,2696.999,3545
2025-01-15 23:00:00,2695.145,2697.97,2694.193,2694.956,3566
2025-01-16 00:00:00,2694.984,2698.196,2692.857,2695.339,8209
2025-01-16 01:00:00,2695.382,2702.177,2694.53,2696.209,12807
2025-01-16 02:00:00,2696.249,2698.127,2695.247,2697.451,8445
2025-01-16 03:00:00,2697.455,2698.553,2695.653,2697.196,5741
2025-01-16 04:00:00,2697.144,2698.089,2696.743,2697.464,4234
2025-01-16 05:00:00,2697.432,2697.505,2693.74,2694.6,7312
2025-01-16 06:00:00,2694.642,2695.484,2689.907,2693.815,7171
2025-01-16 07:00:00,2693.862,2699.924,2693.44,2698.271,8051
2025-01-16 08:00:00,2698.313,2703.27,2697.124,2698.933,9967
2025-01-16 09:00:00,2698.945,2706.135,2697.383,2705.333,10751
2025-01-16 10:00:00,2705.272,2708.572,2704.684,2707.797,7556
2025-01-16 11:00:00,2707.826,2711.175,2706.169,2706.412,7845
2025-01-16 12:00:00,2706.416,2707.3,2700.08,2703.713,13825
2025-01-16 13:00:00,2703.661,2718.292,2701.388,2715.461,22867
2025-01-16 14:00:00,2715.414,2719.379,2712.941,2718.674,22495
2025-01-16 15:00:00,2718.654,2719.718,2712.632,2716.874,27546
2025-01-16 16:00:00,2716.93,2722.419,2716.629,2720.339,19411
2025-01-16 17:00:00,2720.3,2724.722,2719.462,2721.761,11957
2025-01-16 18:00:00,2721.793,2723.27,2714.742,2715.24,9215
2025-01-16 19:00:00,2715.262,2717.146,2714.675,2715.346,7064
2025-01-16 20:00:00,2715.368,2717.055,2714.389,2715.813,5613
2025-01-16 21:00:00,2715.768,2715.851,2712.517,2714.555,4052
2025-01-16 23:00:00,2714.345,2715.231,2712.401,2714.585,3305
2025-01-17 00:00:00,2714.618,2716.068,2713.728,2714.7,4345
2025-01-17 01:00:00,2714.741,2714.855,2709.834,2714.649,9616
2025-01-17 02:00:00,2714.692,2717.017,2713.892,2715.82,6727
2025-01-17 03:00:00,2715.829,2717.346,2714.555,2715.422,5230
2025-01-17 04:00:00,2715.476,2716.515,2714.25,2714.669,5356
2025-01-17 05:00:00,2714.698,2715.566,2711.212,2711.609,7789
2025-01-17 06:00:00,2711.616,2713.312,2710.566,2712.583,7520
2025-01-17 07:00:00,2712.622,2714.624,2708.585,2710.518,7227
2025-01-17 08:00:00,2710.577,2712.983,2709.469,2711.731,6843
2025-01-17 09:00:00,2711.689,2712.019,2703.909,2704.76,9509
2025-01-17 10:00:00,2704.839,2706.251,2702.816,2703.999,7762
2025-01-17 11:00:00,2704.005,2708.789,2703.625,2708.002,7093
2025-01-17 12:00:00,2708.055,2711.8,2707.003,2711.044,11015
2025-01-17 13:00:00,2711.088,2712.126,2704.587,2705.099,19237
2025-01-17 14:00:00,2705.041,2712.548,2702.731,2711.685,11812
2025-01-17 15:00:00,2711.652,2715.141,2710.156,2714.243,8735
2025-01-17 16:00:00,2714.256,2717.254,2713.587,2716.071,6663
2025-01-17 17:00:00,2716.064,2716.361,2710.66,2712.578,5421
2025-01-17 18:00:00,2712.604,2713.191,2705.492,2705.605,5588
2025-01-17 19:00:00,2705.619,2707.146,2702.88,2703.175,4490
2025-01-17 20:00:00,2703.189,2704.088,2699.897,2700.901,4942
2025-01-17 21:00:00,2700.877,2703.285,2699.242,2702.879,2363
2025-01-19 23:00:00,2702.629,2703.086,2691.547,2696.424,4788
2025-01-20 00:00:00,2696.424,2696.474,2692.703,2694.457,3274
2025-01-20 01:00:00,2694.441,2695.836,2689.397,2693.711,9168
2025-01-20 02:00:00,2693.714,2697.97,2693.672,2697.447,5287
2025-01-20 03:00:00,2697.456,2703.988,2697.451,2703.554,3721
2025-01-20 04:00:00,2703.559,2706.475,2702.279,2705.912,3649
2025-01-20 05:00:00,2705.907,2707.427,2703.698,2707.301,4997
2025-01-20 06:00:00,2707.341,2713.77,2706.662,2711.609,5120
2025-01-20 07:00:00,2711.607,2711.849,2702.759,2703.592,4376
2025-01-20 08:00:00,2703.571,2708.012,2703.058,2706.809,4310
2025-01-20 09:00:00,2706.78,2708.77,2702.993,2706.088,4693
2025-01-20 10:00:00,2706.096,2709.897,2705.226,2708.504,5167
2025-01-20 11:00:00,2708.47,2712.492,2704.835,2708.331,5544
2025-01-20 12:00:00,2708.289,2710.009,2706.057,2708.151,5172
2025-01-20 13:00:00,2708.144,2710.635,2701.951,2704.981,26689
2025-01-20 14:00:00,2705.041,2711.936,2704.917,2710.045,14627
2025-01-20 15:00:00,2710.064,2710.401,2705.292,2707.065,8691
2025-01-20 16:00:00,2707.063,2708.873,2703.182,2707.584,10753
2025-01-20 17:00:00,2707.559,2711.161,2703.93,2707.434,9618
2025-01-20 18:00:00,2707.441,2711.024,2705.396,2710.71,4585
2025-01-20 19:00:00,2710.709,2711.052,2708.299,2709.059,844
2025-01-20 23:00:00,2708.347,2711.023,2706.593,2710.445,2923
2025-01-21 00:00:00,2710.433,2711.524,2702.817,2705.381,6464
2025-01-21 01:00:00,2705.357,2719.3,2703.174,2718.105,12702
2025-01-21 02:00:00,2718.084,2725.754,2717.916,2724.843,7748
2025-01-21 03:00:00,2724.819,2726.946,2721.244,2724.196,6930
2025-01-21 04:00:00,2724.221,2727.856,2723.095,2727.305,4895
2025-01-21 05:00:00,2727.319,2729.143,2725.397,2726.148,6168
2025-01-21 06:00:00,2726.174,2729.42,2723.784,2724.38,6049
2025-01-21 07:00:00,2724.346,2732.773,2722.695,2729.729,7225
2025-01-21 08:00:00,2729.701,2730.086,2721.429,2723.267,9903
2025-01-21 09:00:00,2723.237,2724.17,2717.809,2721.224,11541
2025-01-21 10:00:00,2721.236,2723.968,2718.902,2719.82,7091
2025-01-21 11:00:00,2719.782,2724.505,2716.508,2723.998,5943
2025-01-21 12:00:00,2723.989,2727.172,2722.022,2726.777,6848
2025-01-21 13:00:00,2726.763,2730.03,2724.611,2726.239,11323
2025-01-21 14:00:00,2726.247,2738.583,2725.336,2738.123,10675
2025-01-21 15:00:00,2738.112,2740.384,2734.522,2738.776,12007
2025-01-21 16:00:00,2738.792,2744.972,2737.839,2743.056,8688
2025-01-21 17:00:00,2743.069,2745.841,2740.165,2740.22,5902
2025-01-21 18:00:00,2740.211,2745.963,2739.931,2744.512,4865
2025-01-21 19:00:00,2744.516,2745.348,2741.427,2742.837,4026
2025-01-21 20:00:00,2742.819,2743.232,2740.082,2742.392,4509
2025-01-21 21:00:00,2742.443,2745.863,2741.999,2744.674,2548
2025-01-21 23:00:00,2744.647,2745.135,2741.954,2744.259,5459
2025-01-22 00:00:00,2744.309,2749.109,2742.713,2748.247,5197
2025-01-22 01:00:00,2748.178,2749.979,2746.816,2748.029,12456
2025-01-22 02:00:00,2748.059,2749.735,2746.252,2748.904,8477
2025-01-22 03:00:00,2748.91,2751.088,2747.881,2750.266,6820
2025-01-22 04:00:00,2750.238,2752.951,2749.308,2752.08,4907
2025-01-22 05:00:00,2752.129,2758.831,2750.277,2758.062,8635
2025-01-22 06:00:00,2758.04,2758.217,2745.569,2746.814,14358
2025-01-22 07:00:00,2746.832,2754.006,2746.455,2748.781,8630
2025-01-22 08:00:00,2748.818,2753.863,2746.77,2753.134,10544
2025-01-22 09:00:00,2753.101,2762.335,2752.846,2758.438,11910
2025-01-22 10:00:00,2758.439,2763.43,2758.274,2760.043,9327
2025-01-22 11:00:00,2760.114,2760.611,2756.37,2756.534,6601
2025-01-22 12:00:00,2756.572,2758.722,2751.778,2758.236,8693
2025-01-22 13:00:00,2758.278,2761.606,2750.854,2757.612,23572
2025-01-22 14:00:00,2757.605,2758.242,2750.329,2753.872,21419
2025-01-22 15:00:00,2753.824,2760.295,2750.454,2759.351,15458
2025-01-22 16:00:00,2759.389,2760.262,2755.831,2758.272,10861
2025-01-22 17:00:00,2758.291,2758.508,2755.81,2756.526,7755
2025-01-22 18:00:00,2756.522,2759.35,2754.909,2757.816,8119
2025-01-22 19:00:00,2757.795,2757.795,2754.973,2755.309,5588
2025-01-22 20:00:00,2755.269,2757.133,2754.784,2756.626,5545
2025-01-22 21:00:00,2756.591,2757.097,2754.816,2756.165,2360
2025-01-22 23:00:00,2755.935,2756.66,2753.88,2755.583,4082
2025-01-23 00:00:00,2755.562,2755.965,2753.164,2755.353,4625
2025-01-23 01:00:00,2755.396,2756.3,2750.625,2752.731,11739
2025-01-23 02:00:00,2752.738,2754.989,2751.987,2752.535,6976
2025-01-23 03:00:00,2752.495,2753.047,2749.474,2750.043,7005
2025-01-23 04:00:00,2749.995,2753.605,2749.79,2751.663,4422
2025-01-23 05:00:00,2751.714,2753.472,2751.349,2752.012,10900
2025-01-23 06:00:00,2751.97,2755.575,2751.139,2753.298,8374
2025-01-23 07:00:00,2753.304,2754.695,2751.659,2752.683,7471
2025-01-23 08:00:00,2752.735,2754.789,2752.01,2752.801,8041
2025-01-23 09:00:00,2752.824,2753.792,2740.871,2745.833,13982
2025-01-23 10:00:00,2745.793,2752.51,2745.224,2751.391,9043
2025-01-23 11:00:00,2751.428,2754.474,2750.771,2751.898,7793
2025-01-23 12:00:00,2751.873,2753.386,2741.954,2744.833,14383
2025-01-23 13:00:00,2744.771,2745.857,2735.77,2741.61,25883
2025-01-23 14:00:00,2741.649,2747.548,2740.264,2745.913,22593
2025-01-23 15:00:00,2745.98,2749.46,2742.06,2746.424,13301
2025-01-23 16:00:00,2746.383,2757.41,2744.175,2753.98,16143
2025-01-23 17:00:00,2753.88,2758.925,2752.376,2757.664,11305
2025-01-23 18:00:00,2757.747,2758.209,2755.022,2755.792,8132
2025-01-23 19:00:00,2755.791,2758.022,2753.73,2754.13,7700
2025-01-23 20:00:00,2754.094,2754.634,2751.306,2753.768,10014
2025-01-23 21:00:00,2753.804,2754.765,2752.021,2754.37,2872
2025-01-23 23:00:00,2754.757,2755.636,2753.584,2754.543,2594
2025-01-24 00:00:00,2754.546,2761.086,2754.329,2759.693,4772
2025-01-24 01:00:00,2759.654,2762.599,2758.569,2762.261,9689
2025-01-24 02:00:00,2762.272,2775.375,2762.272,2774.101,16503
2025-01-24 03:00:00,2774.143,2777.446,2770.989,2772.308,12137
2025-01-24 04:00:00,2772.28,2775.044,2770.527,2772.079,8547
2025-01-24 05:00:00,2772.033,2776.679,2771.996,2775.282,9879
2025-01-24 06:00:00,2775.243,2778.363,2773.267,2773.818,12327
2025-01-24 07:00:00,2773.785,2775.423,2772.039,2772.716,8419
2025-01-24 08:00:00,2772.753,2775.334,2769.954,2774.128,10497
2025-01-24 09:00:00,2774.09,2777.874,2770.973,2772.749,8639
2025-01-24 10:00:00,2772.762,2776.191,2771.646,2775.682,8148
2025-01-24 11:00:00,2775.669,2780.192,2774.131,2776.617,8380
2025-01-24 12:00:00,2776.671,2779.153,2776.094,2778.521,8459
2025-01-24 13:00:00,2778.497,2784.615,2777.85,2782.382,14552
2025-01-24 14:00:00,2782.418,2784.389,2773.723,2778.175,19451
2025-01-24 15:00:00,2778.225,2786.013,2775.466,2775.973,15789
2025-01-24 16:00:00,2775.918,2777.6,2769.894,2771.921,14678
2025-01-24 17:00:00,2771.892,2776.124,2770.652,2773.312,8938
2025-01-24 18:00:00,2773.337,2774.073,2771.348,2773.357,6192
2025-01-24 19:00:00,2773.391,2775.277,2771.325,2774.628,6808
2025-01-24 20:00:00,2774.632,2774.798,2770.618,2771.139,6738
2025-01-24 21:00:00,2771.165,2772.176,2770.46,2771.079,2813
2025-01-26 23:00:00,2765.65,2769.721,2765.185,2767.553,8222
2025-01-27 00:00:00,2767.554,2770.954,2766.239,2769.722,6875
2025-01-27 01:00:00,2769.755,2772.54,2762.854,2762.936,13693
2025-01-27 02:00:00,2762.97,2763.656,2753.871,2756.175,13466
2025-01-27 03:00:00,2756.221,2762.665,2755.137,2761.066,11581
2025-01-27 04:00:00,2761.075,2761.075,2755.738,2758.059,8540
2025-01-27 05:00:00,2758.117,2758.166,2752.855,2753.25,10793
2025-01-27 06:00:00,2753.214,2755.086,2750.839,2754.581,10568
2025-01-27 07:00:00,2754.624,2755.073,2747.189,2749.455,9790
2025-01-27 08:00:00,2749.48,2759.788,2749.291,2757.26,14129
2025-01-27 09:00:00,2757.182,2765.008,2755.726,2763.342,13479
2025-01-27 10:00:00,2763.304,2771.056,2762.832,2767.993,15586
2025-01-27 11:00:00,2767.949,2772.108,2765.13,2771.247,14022
2025-01-27 12:00:00,2771.3,2771.634,2760.447,2761.372,11931
2025-01-27 13:00:00,2761.34,2762.435,2752.341,2757.361,17245
2025-01-27 14:00:00,2757.329,2757.976,2744.983,2751.355,20749
2025-01-27 15:00:00,2751.345,2751.367,2739.499,2742.084,20958
2025-01-27 16:00:00,2742.052,2743.142,2733.239,2734.472,17033
2025-01-27 17:00:00,2734.535,2736.963,2730.478,2733.624,14303
2025-01-27 18:00:00,2733.687,2737.951,2732.943,2737.046,10505
2025-01-27 19:00:00,2737.027,2740.559,2736.837,2739.328,8133
2025-01-27 20:00:00,2739.353,2742.563,2738.147,2741.558,6958
2025-01-27 21:00:00,2741.512,2744.01,2740.348,2740.612,2574
2025-01-27 23:00:00,2741.171,2745.325,2739.57,2741.71,6972
2025-01-28 00:00:00,2741.743,2744.554,2739.854,2740.615,5024
2025-01-28 01:00:00,2740.621,2745.268,2739.41,2741.491,6573
2025-01-28 02:00:00,2741.44,2741.628,2738.337,2739.412,11005
2025-01-28 03:00:00,2739.446,2741.812,2737.815,2738.812,7371
2025-01-28 04:00:00,2738.782,2742.636,2738.558,2742.296,7068
2025-01-28 05:00:00,2742.333,2744.931,2741.187,2741.684,7178
2025-01-28 06:00:00,2741.651,2743.007,2739.106,2739.661,6395
2025-01-28 07:00:00,2739.687,2743.058,2738.33,2739.076,9524
2025-01-28 08:00:00,2739.111,2741.763,2734.782,2741.164,11732
2025-01-28 09:00:00,2741.147,2745.151,2740.431,2743.402,10695
2025-01-28 10:00:00,2743.461,2745.172,2740.922,2743.13,8809
2025-01-28 11:00:00,2743.083,2744.576,2741.591,2742.793,7890
2025-01-28 12:00:00,2742.709,2745.645,2741.191,2745.53,8839
2025-01-28 13:00:00,2745.563,2749.507,2745.114,2748.82,12665
2025-01-28 14:00:00,2748.881,2756.379,2748.876,2753.53,17285
2025-01-28 15:00:00,2753.561,2757.204,2751.064,2755.33,15193
2025-01-28 16:00:00,2755.325,2759.697,2755.222,2758.669,13206
2025-01-28 17:00:00,2758.644,2760.013,2757.463,2759.662,10569
2025-01-28 18:00:00,2759.693,2763.531,2759.186,2762.194,9263
2025-01-28 19:00:00,2762.153,2764.997,2761.178,2764.828,6654
2025-01-28 20:00:00,2764.788,2765.052,2762.387,2764.169,7608
2025-01-28 21:00:00,2764.202,2764.329,2762.887,2763.601,2459
2025-01-28 23:00:00,2763.243,2764.316,2762.633,2762.699,2343
2025-01-29 00:00:00,2762.698,2764.879,2762.234,2763.922,2903
2025-01-29 01:00:00,2763.944,2766.271,2763.568,2763.801,6137
2025-01-29 02:00:00,2763.795,2765.655,2763.37,2764.208,6579
2025-01-29 03:00:00,2764.208,2764.518,2762.278,2762.774,7297
2025-01-29 04:00:00,2762.766,2764.356,2761.45,2762.43,7542
2025-01-29 05:00:00,2762.447,2763.058,2760.102,2760.739,5588
2025-01-29 06:00:00,2760.774,2762.131,2759.232,2759.232,7935
2025-01-29 07:00:00,2759.207,2760.605,2757.414,2759.074,7833
2025-01-29 08:00:00,2759.118,2766.083,2759.118,2763.952,7480
2025-01-29 09:00:00,2763.922,2764.469,2760.386,2762.843,8620
2025-01-29 10:00:00,2762.726,2763.448,2757.008,2758.216,12383
2025-01-29 11:00:00,2758.271,2759.826,2757.428,2758.994,6331
2025-01-29 12:00:00,2758.956,2759.138,2755.545,2756.557,9540
2025-01-29 13:00:00,2756.59,2759.507,2752.226,2758.643,17170
2025-01-29 14:00:00,2758.609,2761.129,2756.548,2759.281,18917
2025-01-29 15:00:00,2759.323,2759.724,2748.2,2754.11,16533
2025-01-29 16:00:00,2754.15,2756.29,2748.248,2751.539,16010
2025-01-29 17:00:00,2751.564,2754.4,2750.883,2752.888,7745
2025-01-29 18:00:00,2752.854,2753.881,2748.752,2751.511,8980
2025-01-29 19:00:00,2751.882,2757.903,2744.759,2755.218,22667
2025-01-29 20:00:00,2755.18,2759.037,2752.745,2754.903,14240
2025-01-29 21:00:00,2754.858,2759.65,2754.037,2759.022,5203
2025-01-29 23:00:00,2759.435,2760.685,2758.161,2760.306,3395
2025-01-30 00:00:00,2760.243,2762.529,2758.905,2762.159,3665
2025-01-30 01:00:00,2762.115,2762.115,2759.018,2760.107,6269
2025-01-30 02:00:00,2760.074,2761.647,2759.195,2760.305,6596
2025-01-30 03:00:00,2760.252,2762.577,2759.314,2761.735,5596
2025-01-30 04:00:00,2761.699,2763.396,2759.771,2760.494,4988
2025-01-30 05:00:00,2760.474,2761.148,2758.683,2760.566,4821
2025-01-30 06:00:00,2760.519,2766.442,2760.209,2765.558,6148
2025-01-30 07:00:00,2765.542,2769.528,2764.96,2769.132,7903
2025-01-30 08:00:00,2769.133,2776.603,2768.322,2776.195,7471
2025-01-30 09:00:00,2776.261,2776.453,2771.466,2774.269,8719
2025-01-30 10:00:00,2774.262,2779.291,2773.9,2778.266,6538
2025-01-30 11:00:00,2778.314,2779.432,2777.086,2777.699,5537
2025-01-30 12:00:00,2777.686,2781.218,2776.061,2780.212,5952
2025-01-30 13:00:00,2780.184,2786.074,2778.764,2785.773,15625
2025-01-30 14:00:00,2785.801,2789.197,2779.998,2787.768,26004
2025-01-30 15:00:00,2787.668,2796.778,2786.742,2795.411,23009
2025-01-30 16:00:00,2795.388,2798.469,2790.249,2790.595,24085
2025-01-30 17:00:00,2790.646,2795.956,2788.797,2795.536,17589
2025-01-30 18:00:00,2795.575,2797.076,2792.19,2795.236,10967
2025-01-30 19:00:00,2795.197,2795.459,2790.678,2793.363,7201
2025-01-30 20:00:00,2793.343,2798.245,2792.22,2795.581,12108
2025-01-30 21:00:00,2795.544,2798.476,2790.749,2793.385,12582
2025-01-30 23:00:00,2794.822,2796.97,2792.607,2796.146,5534
2025-01-31 00:00:00,2796.183,2799.645,2794.432,2795.771,6963
2025-01-31 01:00:00,2795.808,2796.646,2794.455,2796.344,7121
2025-01-31 02:00:00,2796.368,2798.241,2794.748,2796.301,7146
2025-01-31 03:00:00,2796.266,2798.251,2795.781,2796.453,7897
2025-01-31 04:00:00,2796.412,2796.476,2794.521,2795.854,5963
2025-01-31 05:00:00,2795.805,2796.467,2793.87,2795.573,8547
2025-01-31 06:00:00,2795.563,2795.968,2792.167,2792.792,7237
2025-01-31 07:00:00,2792.837,2801.072,2792.341,2798.232,10649
2025-01-31 08:00:00,2798.205,2799.455,2791.678,2793.317,11735
2025-01-31 09:00:00,2793.269,2796.413,2792.688,2793.791,8549
2025-01-31 10:00:00,2793.753,2795.151,2791.0,2794.202,8408
2025-01-31 11:00:00,2794.162,2800.867,2792.336,2800.195,12144
2025-01-31 12:00:00,2800.165,2807.84,2799.95,2805.489,12393
2025-01-31 13:00:00,2805.462,2808.54,2803.225,2806.384,18428
2025-01-31 14:00:00,2806.468,2812.532,2804.503,2812.315,18936
2025-01-31 15:00:00,2812.373,2817.244,2808.248,2809.224,20562
2025-01-31 16:00:00,2809.129,2810.259,2804.884,2807.35,11393
2025-01-31 17:00:00,2807.368,2816.25,2802.916,2808.744,31236
2025-01-31 18:00:00,2808.709,2808.966,2795.285,2798.854,33084
2025-01-31 19:00:00,2798.895,2802.936,2795.44,2796.26,16780
2025-01-31 20:00:00,2796.303,2802.174,2794.068,2800.726,19479
2025-01-31 21:00:00,2800.834,2802.565,2798.616,2799.348,10272
2025-02-02 23:00:00,2801.018,2804.653,2784.322,2793.709,37033
2025-02-03 00:00:00,2793.726,2796.506,2790.287,2792.219,18476
2025-02-03 01:00:00,2792.181,2792.271,2778.074,2782.298,20432
2025-02-03 02:00:00,2782.198,2782.769,2773.782,2778.104,32745
2025-02-03 03:00:00,2778.09,2778.414,2772.154,2774.454,17789
2025-02-03 04:00:00,2774.457,2783.083,2774.192,2780.785,16548
2025-02-03 05:00:00,2780.742,2785.084,2780.003,2783.086,12481
2025-02-03 06:00:00,2783.038,2788.181,2782.878,2786.874,13710
2025-02-03 07:00:00,2786.925,2789.901,2785.233,2789.28,15761
2025-02-03 08:00:00,2789.32,2800.643,2786.965,2796.716,17863
2025-02-03 09:00:00,2796.68,2800.903,2794.73,2796.409,14647
2025-02-03 10:00:00,2796.328,2800.115,2792.995,2798.045,10941
2025-02-03 11:00:00,2798.042,2804.24,2797.866,2801.143,11195
2025-02-03 12:00:00,2801.169,2810.849,2800.426,2810.496,13351
2025-02-03 13:00:00,2810.458,2811.871,2807.547,2810.969,17256
2025-02-03 14:00:00,2811.025,2830.57,2810.096,2830.123,27114
2025-02-03 15:00:00,2830.155,2830.155,2813.632,2817.456,46806
2025-02-03 16:00:00,2817.423,2825.301,2812.768,2814.199,24457
2025-02-03 17:00:00,2814.25,2822.174,2814.004,2817.193,16565
2025-02-03 18:00:00,2817.119,2821.797,2815.976,2820.967,12406
2025-02-03 19:00:00,2821.003,2822.881,2817.926,2818.268,9339
2025-02-03 20:00:00,2818.242,2819.508,2815.576,2816.547,8491
2025-02-03 21:00:00,2816.497,2817.498,2812.238,2814.44,7842
2025-02-03 23:00:00,2813.27,2815.258,2811.888,2814.023,7681
2025-02-04 00:00:00,2813.985,2817.665,2812.621,2817.396,4981
2025-02-04 01:00:00,2817.399,2824.339,2815.958,2823.293,11731
2025-02-04 02:00:00,2823.258,2824.687,2816.747,2821.117,13142
2025-02-04 03:00:00,2821.117,2824.37,2817.381,2821.403,9941
2025-02-04 04:00:00,2821.321,2821.48,2818.037,2819.184,15378
2025-02-04 05:00:00,2819.23,2819.43,2813.374,2815.858,15400
2025-02-04 06:00:00,2815.814,2816.113,2810.868,2813.495,12587
2025-02-04 07:00:00,2813.488,2814.409,2807.172,2812.729,14740
2025-02-04 08:00:00,2812.762,2819.222,2810.122,2815.183,17570
2025-02-04 09:00:00,2815.146,2821.895,2814.046,2820.324,14922
2025-02-04 10:00:00,2820.29,2820.29,2812.697,2814.864,12844
2025-02-04 11:00:00,2814.821,2816.854,2813.277,2815.444,10445
2025-02-04 12:00:00,2815.469,2822.984,2814.439,2821.797,14923
2025-02-04 13:00:00,2821.833,2837.082,2821.356,2831.732,23187
2025-02-04 14:00:00,2831.694,2841.302,2828.907,2839.455,28703
2025-02-04 15:00:00,2839.32,2845.504,2833.622,2835.855,27275
2025-02-04 16:00:00,2835.8,2842.454,2832.459,2840.402,18294
2025-02-04 17:00:00,2840.435,2844.741,2839.354,2843.973,12701
2025-02-04 18:00:00,2844.01,2844.969,2842.47,2842.656,10830
2025-02-04 19:00:00,2842.693,2844.118,2841.868,2843.057,7815
2025-02-04 20:00:00,2843.092,2844.917,2840.835,2844.215,7754
2025-02-04 21:00:00,2844.174,2844.516,2840.9,2842.062,3823
2025-02-04 23:00:00,2841.409,2842.713,2840.386,2841.206,4338
2025-02-05 00:00:00,2841.235,2848.257,2840.626,2845.348,7516
2025-02-05 01:00:00,2845.307,2849.035,2839.701,2844.387,24941
2025-02-05 02:00:00,2844.451,2853.808,2843.894,2850.921,11806
2025-02-05 03:00:00,2850.996,2854.319,2849.842,2852.34,7797
2025-02-05 04:00:00,2852.337,2858.117,2851.847,2855.324,7167
2025-02-05 05:00:00,2855.38,2860.606,2853.581,2859.334,8705
2025-02-05 06:00:00,2859.348,2861.815,2857.002,2859.232,8159
2025-02-05 07:00:00,2859.198,2864.214,2854.795,2864.174,10161
2025-02-05 08:00:00,2864.133,2869.828,2863.53,2867.471,11129
2025-02-05 09:00:00,2867.534,2872.252,2865.335,2870.312,8676
2025-02-05 10:00:00,2870.358,2877.069,2866.103,2867.845,10016
2025-02-05 11:00:00,2867.86,2870.517,2864.744,2868.658,11254
2025-02-05 12:00:00,2868.613,2870.866,2866.952,2870.255,9586
2025-02-05 13:00:00,2870.263,2870.75,2858.598,2861.646,24212
2025-02-05 14:00:00,2861.694,2872.622,2860.616,2870.908,22389
2025-02-05 15:00:00,2870.99,2882.425,2870.99,2880.223,22812
2025-02-05 16:00:00,2880.263,2881.188,2863.046,2874.928,24769
2025-02-05 17:00:00,2874.962,2876.697,2871.354,2872.95,12010
2025-02-05 18:00:00,2872.985,2873.535,2863.755,2865.647,12527
2025-02-05 19:00:00,2865.7,2869.04,2862.669,2863.512,13914
2025-02-05 20:00:00,2863.486,2866.166,2859.882,2862.601,13692
2025-02-05 21:00:00,2862.559,2867.384,2861.188,2867.345,3406
2025-02-05 23:00:00,2867.01,2870.939,2866.044,2869.279,4904
2025-02-06 00:00:00,2869.272,2870.003,2867.299,2869.814,5060
2025-02-06 01:00:00,2869.844,2871.91,2863.694,2871.523,15599
2025-02-06 02:00:00,2871.564,2873.281,2868.298,2870.679,11503
2025-02-06 03:00:00,2870.623,2870.694,2864.284,2869.405,9710
2025-02-06 04:00:00,2869.364,2872.366,2868.265,2868.5,7818
2025-02-06 05:00:00,2868.471,2869.978,2865.406,2868.333,9772
2025-02-06 06:00:00,2868.322,2871.383,2858.106,2859.198,12916
2025-02-06 07:00:00,2859.186,2861.855,2854.984,2855.818,12532
2025-02-06 08:00:00,2855.798,2858.488,2848.904,2856.124,16044
2025-02-06 09:00:00,2856.091,2859.978,2855.721,2859.391,13875
2025-02-06 10:00:00,2859.43,2861.794,2855.589,2859.167,11442
2025-02-06 11:00:00,2859.122,2867.342,2858.092,2865.966,13344
2025-02-06 12:00:00,2866.006,2870.312,2863.451,2864.415,15420
2025-02-06 13:00:00,2864.48,2864.968,2855.47,2856.744,22625
2025-02-06 14:00:00,2856.645,2859.764,2841.149,2841.827,27230
2025-02-06 15:00:00,2841.912,2853.27,2834.059,2850.595,27871
2025-02-06 16:00:00,2850.555,2854.743,2848.784,2848.784,14231
2025-02-06 17:00:00,2848.753,2852.676,2848.064,2852.208,9786
2025-02-06 18:00:00,2852.25,2853.667,2849.816,2852.55,11035
2025-02-06 19:00:00,2852.612,2854.154,2850.288,2853.746,8713
2025-02-06 20:00:00,2853.791,2857.251,2853.575,2856.352,8533
2025-02-06 21:00:00,2856.388,2857.213,2854.933,2856.146,2720
2025-02-06 23:00:00,2856.083,2858.777,2855.829,2858.0,3374
2025-02-07 00:00:00,2857.994,2860.484,2857.994,2858.447,4404
2025-02-07 01:00:00,2858.413,2868.276,2857.747,2866.286,11484
2025-02-07 02:00:00,2866.283,2869.35,2865.388,2868.724,8150
2025-02-07 03:00:00,2868.768,2870.645,2865.963,2867.18,7242
2025-02-07 04:00:00,2867.124,2869.615,2866.216,2866.485,6237
2025-02-07 05:00:00,2866.523,2867.021,2861.977,2862.081,7332
2025-02-07 06:00:00,2862.048,2866.277,2858.991,2860.708,10386
2025-02-07 07:00:00,2860.651,2865.694,2860.238,2864.214,8344
2025-02-07 08:00:00,2864.268,2866.683,2863.225,2866.225,8157
2025-02-07 09:00:00,2866.263,2870.689,2865.513,2868.975,12354
2025-02-07 10:00:00,2868.995,2869.287,2863.365,2867.5,10666
2025-02-07 11:00:00,2867.554,2868.257,2865.038,2867.628,7626
2025-02-07 12:00:00,2867.669,2868.079,2863.541,2863.611,10906
2025-02-07 13:00:00,2863.614,2870.841,2852.416,2862.492,30885
2025-02-07 14:00:00,2862.529,2878.342,2856.116,2876.673,28821
2025-02-07 15:00:00,2876.691,2886.747,2873.542,2880.493,23094
2025-02-07 16:00:00,2880.536,2881.545,2860.307,2860.715,26443
2025-02-07 17:00:00,2860.713,2862.704,2853.326,2860.128,22002
2025-02-07 18:00:00,2860.057,2865.224,2859.665,2861.249,9046
2025-02-07 19:00:00,2861.29,2863.307,2859.101,2860.146,6834
2025-02-07 20:00:00,2860.114,2863.782,2859.371,2860.586,9453
2025-02-07 21:00:00,2860.67,2863.368,2860.356,2861.002,4520
2025-02-09 23:00:00,2861.376,2870.59,2860.099,2867.495,7942
2025-02-10 00:00:00,2867.539,2869.227,2865.822,2867.932,6660
2025-02-10 01:00:00,2868.016,2876.602,2865.949,2871.866,14256
2025-02-10 02:00:00,2871.857,2874.952,2871.31,2873.806,10107
2025-02-10 03:00:00,2873.874,2875.767,2871.285,2875.569,7156
2025-02-10 04:00:00,2875.521,2879.597,2874.29,2879.245,7050
2025-02-10 05:00:00,2879.279,2880.102,2876.047,2879.22,8263
2025-02-10 06:00:00,2879.232,2892.286,2878.921,2888.531,10999
2025-02-10 07:00:00,2888.46,2896.6,2886.674,2895.471,11591
2025-02-10 08:00:00,2895.475,2898.897,2892.213,2896.674,14730
2025-02-10 09:00:00,2896.711,2903.258,2896.233,2902.972,10965
2025-02-10 10:00:00,2902.987,2906.297,2898.21,2902.416,13034
2025-02-10 11:00:00,2902.486,2905.78,2898.282,2904.53,9248
2025-02-10 12:00:00,2904.528,2906.969,2902.701,2903.097,13160
2025-02-10 13:00:00,2903.052,2911.062,2899.606,2901.003,26106
2025-02-10 14:00:00,2900.903,2909.218,2896.26,2908.648,21118
2025-02-10 15:00:00,2908.685,2912.062,2904.508,2908.93,15924
2025-02-10 16:00:00,2908.977,2910.318,2899.02,2900.975,11645
2025-02-10 17:00:00,2900.989,2904.517,2896.632,2903.261,10703
2025-02-10 18:00:00,2903.286,2906.985,2900.838,2905.144,9346
2025-02-10 19:00:00,2905.11,2906.778,2902.479,2904.341,6799
2025-02-10 20:00:00,2904.359,2907.715,2902.88,2907.295,7712
2025-02-10 21:00:00,2907.261,2908.478,2905.333,2908.15,3414
2025-02-10 23:00:00,2908.215,2921.603,2908.068,2917.847,9697
2025-02-11 00:00:00,2917.894,2925.082,2916.398,2922.589,6971
2025-02-11 01:00:00,2922.548,2936.25,2919.649,2933.94,16891
2025-02-11 02:00:00,2933.936,2942.635,2905.397,2919.044,37000
2025-02-11 03:00:00,2919.007,2925.73,2911.592,2919.716,21533
2025-02-11 04:00:00,2919.751,2920.765,2914.918,2916.229,11295
2025-02-11 05:00:00,2916.197,2923.714,2915.317,2922.937,11812
2025-02-11 06:00:00,2922.911,2929.431,2915.408,2917.851,15291
2025-02-11 07:00:00,2917.895,2918.359,2907.124,2913.351,16328
2025-02-11 08:00:00,2913.32,2915.303,2906.937,2907.451,17448
2025-02-11 09:00:00,2907.442,2912.286,2902.929,2903.291,16486
2025-02-11 10:00:00,2903.226,2907.178,2901.864,2902.699,15373
2025-02-11 11:00:00,2902.64,2906.734,2902.186,2903.981,12487
2025-02-11 12:00:00,2904.016,2904.393,2886.614,2889.45,20913
2025-02-11 13:00:00,2889.401,2898.227,2881.73,2896.363,35370
2025-02-11 14:00:00,2896.402,2904.349,2894.85,2896.791,25027
2025-02-11 15:00:00,2896.764,2906.579,2890.847,2904.794,22747
2025-02-11 16:00:00,2904.834,2908.709,2902.262,2902.381,13602
2025-02-11 17:00:00,2902.352,2907.337,2899.551,2905.535,9787
2025-02-11 18:00:00,2905.581,2907.23,2903.272,2905.844,8715
2025-02-11 19:00:00,2905.864,2906.47,2899.62,2900.085,9874
2025-02-11 20:00:00,2900.125,2900.521,2894.043,2897.621,10001
2025-02-11 21:00:00,2897.579,2899.771,2897.396,2897.84,2910
2025-02-11 23:00:00,2897.136,2900.906,2897.001,2898.562,3811
2025-02-12 00:00:00,2898.614,2898.86,2889.263,2892.178,5859
2025-02-12 01:00:00,2892.23,2897.731,2883.76,2893.319,16931
2025-02-12 02:00:00,2893.33,2897.795,2891.816,2892.444,12068
2025-02-12 03:00:00,2892.402,2893.139,2886.683,2889.001,11821
2025-02-12 04:00:00,2888.998,2890.551,2883.994,2885.291,8805
2025-02-12 05:00:00,2885.329,2888.043,2883.668,2886.257,8261
2025-02-12 06:00:00,2886.207,2894.921,2885.548,2892.573,11872
2025-02-12 07:00:00,2892.578,2895.862,2890.762,2892.813,9297
2025-02-12 08:00:00,2892.851,2894.078,2888.04,2891.661,10257
2025-02-12 09:00:00,2891.63,2893.473,2886.392,2886.791,9390
2025-02-12 10:00:00,2886.784,2889.91,2879.317,2882.681,9463
2025-02-12 11:00:00,2882.632,2886.015,2879.436,2879.802,8566
2025-02-12 12:00:00,2879.811,2885.902,2878.925,2884.959,9844
2025-02-12 13:00:00,2885.02,2885.632,2864.102,2884.758,34824
2025-02-12 14:00:00,2884.865,2898.014,2881.919,2894.457,29139
2025-02-12 15:00:00,2894.52,2895.954,2886.824,2894.553,16684
2025-02-12 16:00:00,2894.513,2904.431,2892.029,2902.477,14240
2025-02-12 17:00:00,2902.519,2909.267,2901.839,2902.913,12124
2025-02-12 18:00:00,2902.919,2903.851,2900.456,2901.106,8225
2025-02-12 19:00:00,2901.151,2901.802,2893.482,2897.905,7965
2025-02-12 20:00:00,2897.936,2901.461,2895.517,2900.892,5812
2025-02-12 21:00:00,2900.86,2904.392,2900.117,2904.132,4393
2025-02-12 23:00:00,2905.415,2906.403,2900.485,2905.781,4043
2025-02-13 00:00:00,2905.756,2909.108,2904.579,2906.395,5528
2025-02-13 01:00:00,2906.363,2907.456,2901.437,2906.027,10389
2025-02-13 02:00:00,2905.996,2909.04,2905.204,2908.76,7912
2025-02-13 03:00:00,2908.808,2918.128,2907.271,2916.474,10101
2025-02-13 04:00:00,2916.508,2919.175,2916.142,2918.438,5642
2025-02-13 05:00:00,2918.473,2922.801,2916.58,2917.948,6780
2025-02-13 06:00:00,2917.979,2918.867,2912.459,2915.928,11269
2025-02-13 07:00:00,2915.969,2920.68,2913.1,2914.569,11453
2025-02-13 08:00:00,2914.607,2918.144,2909.464,2911.645,13728
2025-02-13 09:00:00,2911.682,2918.296,2909.744,2915.401,9553
2025-02-13 10:00:00,2915.277,2919.475,2913.953,2918.013,7420
2025-02-13 11:00:00,2917.989,2918.354,2915.393,2917.873,8809
2025-02-13 12:00:00,2917.909,2921.369,2915.668,2917.753,9818
2025-02-13 13:00:00,2917.718,2917.968,2905.762,2908.624,22930
2025-02-13 14:00:00,2908.512,2917.332,2906.454,2915.159,20650
2025-02-13 15:00:00,2915.142,2920.978,2914.425,2920.228,14196
2025-02-13 16:00:00,2920.222,2920.824,2912.887,2913.785,9730
2025-02-13 17:00:00,2913.688,2919.231,2913.438,2918.996,8481
2025-02-13 18:00:00,2918.957,2925.362,2914.224,2924.097,11137
2025-02-13 19:00:00,2924.039,2927.402,2923.787,2926.812,7263
2025-02-13 20:00:00,2926.825,2929.058,2924.852,2928.418,7515
2025-02-13 21:00:00,2928.456,2929.497,2928.191,2928.708,2902
2025-02-13 23:00:00,2928.32,2932.484,2927.234,2931.217,5002
2025-02-14 00:00:00,2931.192,2931.601,2927.452,2927.847,4718
2025-02-14 01:00:00,2927.886,2933.879,2927.886,2929.879,11309
2025-02-14 02:00:00,2929.914,2930.506,2925.961,2927.307,9780
2025-02-14 03:00:00,2927.264,2930.371,2923.164,2924.33,7781
2025-02-14 04:00:00,2924.335,2929.251,2923.77,2928.602,6672
2025-02-14 05:00:00,2928.653,2932.4,2926.654,2931.021,9529
2025-02-14 06:00:00,2930.982,2936.84,2929.844,2934.315,10243
2025-02-14 07:00:00,2934.272,2935.145,2930.475,2931.853,9968
2025-02-14 08:00:00,2931.81,2938.549,2930.812,2935.107,10956
2025-02-14 09:00:00,2935.14,2938.817,2934.077,2935.118,9650
2025-02-14 10:00:00,2935.154,2940.0,2934.192,2935.866,9985
2025-02-14 11:00:00,2935.874,2937.598,2929.246,2931.181,8354
2025-02-14 12:00:00,2931.136,2933.052,2927.696,2930.818,10662
2025-02-14 13:00:00,2930.863,2933.321,2917.524,2920.576,27427
2025-02-14 14:00:00,2920.615,2928.561,2914.082,2921.059,31395
2025-02-14 15:00:00,2921.02,2921.744,2892.87,2901.939,36082
2025-02-14 16:00:00,2901.827,2903.915,2888.466,2895.844,24983
2025-02-14 17:00:00,2895.88,2897.457,2885.328,2886.953,16151
2025-02-14 18:00:00,2887.001,2887.925,2882.127,2883.695,12103
2025-02-14 19:00:00,2883.737,2885.928,2878.691,2880.499,8419
2025-02-14 20:00:00,2880.468,2886.209,2876.991,2885.31,10496
2025-02-14 21:00:00,2885.403,2885.81,2882.353,2882.809,3944
2025-02-16 23:00:00,2893.643,2894.033,2878.43,2879.221,16161
2025-02-17 00:00:00,2879.254,2888.186,2879.254,2883.584,7495
2025-02-17 01:00:00,2883.585,2896.645,2882.347,2895.474,13793
2025-02-17 02:00:00,2895.495,2899.85,2893.955,2899.261,9694
2025-02-17 03:00:00,2899.297,2904.607,2897.835,2903.509,7146
2025-02-17 04:00:00,2903.469,2904.958,2898.494,2899.396,6201
2025-02-17 05:00:00,2899.42,2905.407,2895.887,2896.3,7107
2025-02-17 06:00:00,2896.282,2897.826,2888.211,2896.549,10729
2025-02-17 07:00:00,2896.511,2903.643,2896.413,2902.489,10853
2025-02-17 08:00:00,2902.532,2902.768,2895.044,2900.232,10526
2025-02-17 09:00:00,2900.268,2906.436,2900.262,2902.598,11153
2025-02-17 10:00:00,2902.597,2902.985,2895.493,2902.812,9308
2025-02-17 11:00:00,2902.835,2904.007,2897.861,2901.033,8915
2025-02-17 12:00:00,2901.007,2901.726,2895.398,2897.604,8130
2025-02-17 13:00:00,2897.574,2899.21,2895.585,2896.782,13194
2025-02-17 14:00:00,2896.781,2903.896,2896.435,2902.993,12731
2025-02-17 15:00:00,2902.955,2904.199,2897.925,2899.19,10325
2025-02-17 16:00:00,2899.268,2901.314,2896.514,2899.162,8049
2025-02-17 17:00:00,2899.197,2899.755,2897.853,2898.405,5398
2025-02-17 18:00:00,2898.403,2899.14,2897.077,2898.248,3968
2025-02-17 19:00:00,2898.239,2898.438,2897.37,2897.392,858
2025-02-17 23:00:00,2899.102,2899.482,2897.106,2899.373,2071
2025-02-18 00:00:00,2899.325,2900.395,2898.285,2899.314,2844
2025-02-18 01:00:00,2899.329,2899.956,2892.003,2895.67,6751
2025-02-18 02:00:00,2895.706,2905.152,2895.315,2903.051,8341
2025-02-18 03:00:00,2903.024,2910.89,2902.727,2909.013,8558
2025-02-18 04:00:00,2908.996,2911.022,2907.173,2910.767,4259
2025-02-18 05:00:00,2910.877,2915.629,2909.785,2910.832,9157
2025-02-18 06:00:00,2910.775,2914.347,2910.041,2913.683,6586
2025-02-18 07:00:00,2913.722,2915.344,2908.531,2911.501,6157
2025-02-18 08:00:00,2911.54,2913.249,2908.211,2912.414,7520
2025-02-18 09:00:00,2912.409,2913.397,2910.003,2912.591,6311
2025-02-18 10:00:00,2912.594,2913.425,2907.017,2911.227,6198
2025-02-18 11:00:00,2911.268,2914.922,2909.689,2914.191,6200
2025-02-18 12:00:00,2914.224,2918.879,2912.054,2918.127,8274
2025-02-18 13:00:00,2918.166,2921.418,2913.257,2918.875,12619
2025-02-18 14:00:00,2918.874,2928.71,2917.714,2927.992,13061
2025-02-18 15:00:00,2927.951,2929.609,2923.599,2927.02,13658
2025-02-18 16:00:00,2926.986,2933.763,2924.186,2932.769,11493
2025-02-18 17:00:00,2932.811,2933.659,2929.612,2931.193,7880
2025-02-18 18:00:00,2931.232,2933.711,2928.294,2933.251,7407
2025-02-18 19:00:00,2933.245,2936.994,2931.933,2935.821,6342
2025-02-18 20:00:00,2935.832,2936.788,2932.393,2933.386,5553
2025-02-18 21:00:00,2933.417,2936.48,2933.202,2935.356,3119
2025-02-18 23:00:00,2935.27,2935.663,2933.124,2934.061,2376
2025-02-19 00:00:00,2934.059,2934.358,2928.596,2929.261,3575
2025-02-19 01:00:00,2929.237,2939.649,2927.879,2938.392,7580
2025-02-19 02:00:00,2938.493,2939.653,2924.058,2929.227,10274
2025-02-19 03:00:00,2929.254,2930.47,2924.907,2928.825,7413
2025-02-19 04:00:00,2928.828,2929.567,2926.487,2929.263,4810
2025-02-19 05:00:00,2929.26,2934.492,2928.013,2932.801,6149
2025-02-19 06:00:00,2932.775,2935.872,2930.756,2931.728,6112
2025-02-19 07:00:00,2931.683,2935.887,2930.44,2934.25,7920
2025-02-19 08:00:00,2934.21,2940.04,2933.718,2938.602,9548
2025-02-19 09:00:00,2938.554,2946.642,2938.121,2945.517,9028
2025-02-19 10:00:00,2945.534,2947.049,2942.614,2944.795,6572
2025-02-19 11:00:00,2944.728,2946.058,2934.023,2935.087,7590
2025-02-19 12:00:00,2935.059,2936.751,2931.202,2933.507,9744
2025-02-19 13:00:00,2933.471,2941.657,2932.464,2936.258,13978
2025-02-19 14:00:00,2936.225,2940.571,2930.193,2938.095,19612
2025-02-19 15:00:00,2938.07,2939.168,2925.426,2925.793,13971
2025-02-19 16:00:00,2925.767,2930.88,2922.986,2928.06,14854
2025-02-19 17:00:00,2928.085,2929.831,2921.459,2923.841,9422
2025-02-19 18:00:00,2923.801,2926.607,2918.524,2925.012,11082
2025-02-19 19:00:00,2924.932,2932.365,2923.451,2931.754,8181
2025-02-19 20:00:00,2931.715,2936.642,2931.314,2935.836,7546
2025-02-19 21:00:00,2935.798,2937.461,2932.374,2932.97,3134
2025-02-19 23:00:00,2933.724,2936.239,2933.526,2935.384,2709
2025-02-20 00:00:00,2935.386,2941.269,2935.386,2940.821,4956
2025-02-20 01:00:00,2940.879,2942.449,2934.622,2937.114,10619
2025-02-20 02:00:00,2937.074,2941.574,2933.852,2941.005,8397
2025-02-20 03:00:00,2940.999,2944.025,2940.592,2941.913,5418
2025-02-20 04:00:00,2941.933,2942.644,2939.267,2939.896,4502
2025-02-20 05:00:00,2939.969,2946.877,2939.354,2946.772,5304
2025-02-20 06:00:00,2946.76,2949.001,2943.924,2947.693,6767
2025-02-20 07:00:00,2947.737,2954.216,2946.426,2948.894,6784
2025-02-20 08:00:00,2948.938,2954.816,2948.938,2954.523,6321
2025-02-20 09:00:00,2954.522,2954.975,2949.976,2951.502,6577
2025-02-20 10:00:00,2951.477,2954.857,2949.058,2952.293,8632
2025-02-20 11:00:00,2952.355,2952.903,2947.148,2948.768,6384
2025-02-20 12:00:00,2948.743,2950.788,2938.746,2945.369,12087
2025-02-20 13:00:00,2945.408,2947.687,2933.838,2934.032,18205
2025-02-20 14:00:00,2933.991,2939.959,2924.08,2935.077,22544
2025-02-20 15:00:00,2935.121,2939.571,2931.641,2938.545,14917
2025-02-20 16:00:00,2938.503,2945.605,2935.981,2943.071,10799
2025-02-20 17:00:00,2943.009,2946.996,2939.971,2940.565,9311
2025-02-20 18:00:00,2940.519,2942.485,2937.407,2941.764,9104
2025-02-20 19:00:00,2941.797,2941.905,2933.528,2937.888,7218
2025-02-20 20:00:00,2938.034,2938.753,2935.513,2937.804,6854
2025-02-20 21:00:00,2937.777,2940.308,2937.47,2938.627,3947
2025-02-20 23:00:00,2939.784,2943.433,2938.496,2941.53,3215
2025-02-21 00:00:00,2941.57,2942.711,2937.287,2940.001,4323
2025-02-21 01:00:00,2940.008,2949.786,2926.822,2928.821,15161
2025-02-21 02:00:00,2928.787,2941.089,2926.286,2939.123,12747
2025-02-21 03:00:00,2939.148,2939.837,2927.175,2931.262,12308
2025-02-21 04:00:00,2931.262,2932.322,2926.601,2928.495,5984
2025-02-21 05:00:00,2928.459,2934.039,2924.186,2930.19,10370
2025-02-21 06:00:00,2930.212,2931.484,2925.618,2929.735,8986
2025-02-21 07:00:00,2929.723,2933.004,2929.122,2930.032,5953
2025-02-21 08:00:00,2929.993,2931.277,2916.682,2923.226,11987
2025-02-21 09:00:00,2923.197,2929.68,2923.036,2929.336,7375
2025-02-21 10:00:00,2929.328,2931.049,2928.848,2930.527,5069
2025-02-21 11:00:00,2930.549,2936.124,2928.009,2928.376,6549
2025-02-21 12:00:00,2928.411,2935.27,2927.523,2930.146,7584
2025-02-21 13:00:00,2930.104,2934.574,2926.943,2930.946,11901
2025-02-21 14:00:00,2930.92,2939.091,2928.214,2933.746,16654
2025-02-21 15:00:00,2933.724,2935.72,2921.588,2928.67,17568
2025-02-21 16:00:00,2928.694,2938.521,2927.303,2936.725,9972
2025-02-21 17:00:00,2936.718,2941.665,2936.088,2939.73,7441
2025-02-21 18:00:00,2939.691,2942.804,2937.776,2941.838,8604
2025-02-21 19:00:00,2941.863,2942.615,2932.922,2933.398,7446
2025-02-21 20:00:00,2933.374,2937.17,2932.408,2934.732,7721
2025-02-21 21:00:00,2934.707,2938.227,2932.105,2936.453,4043
2025-02-23 23:00:00,2939.411,2940.547,2936.498,2936.867,6066
2025-02-24 00:00:00,2936.863,2938.049,2929.6,2930.22,6462
2025-02-24 01:00:00,2930.244,2931.449,2921.332,2927.975,18566
2025-02-24 02:00:00,2927.95,2940.987,2925.076,2940.877,11282
2025-02-24 03:00:00,2940.829,2944.812,2939.736,2941.113,14845
2025-02-24 04:00:00,2941.133,2943.012,2937.781,2940.743,8215
2025-02-24 05:00:00,2940.776,2942.081,2935.591,2936.358,8143
2025-02-24 06:00:00,2936.32,2941.98,2935.245,2938.673,7071
2025-02-24 07:00:00,2938.648,2944.985,2938.209,2943.809,6231
2025-02-24 08:00:00,2943.85,2948.737,2938.21,2946.396,8504
2025-02-24 09:00:00,2946.343,2948.259,2942.88,2944.275,7108
2025-02-24 10:00:00,2944.311,2944.737,2934.932,2938.292,6212
2025-02-24 11:00:00,2938.39,2948.206,2937.676,2947.744,7388
2025-02-24 12:00:00,2947.709,2951.141,2945.447,2946.474,7080
2025-02-24 13:00:00,2946.424,2954.589,2946.26,2954.396,11178
2025-02-24 14:00:00,2954.395,2956.181,2934.596,2938.722,19540
2025-02-24 15:00:00,2938.691,2940.499,2930.634,2936.524,18082
2025-02-24 16:00:00,2936.5,2943.666,2936.45,2943.383,10919
2025-02-24 17:00:00,2943.451,2944.82,2940.99,2943.343,8022
2025-02-24 18:00:00,2943.368,2947.984,2942.795,2947.358,6085
2025-02-24 19:00:00,2947.394,2949.91,2946.861,2949.154,5319
2025-02-24 20:00:00,2949.214,2951.573,2947.038,2950.601,5465
2025-02-24 21:00:00,2950.641,2953.187,2950.291,2952.656,3045
2025-02-24 23:00:00,2953.064,2953.943,2948.284,2949.957,5194
2025-02-25 00:00:00,2949.993,2952.552,2948.269,2949.689,3979
2025-02-25 01:00:00,2949.723,2952.496,2945.242,2949.563,9597
2025-02-25 02:00:00,2949.526,2952.351,2947.106,2948.606,7357
2025-02-25 03:00:00,2948.561,2949.519,2937.535,2939.513,8899
2025-02-25 04:00:00,2939.492,2939.88,2935.012,2936.877,6426
2025-02-25 05:00:00,2936.841,2940.964,2936.566,2937.976,6398
2025-02-25 06:00:00,2937.913,2938.475,2933.489,2935.866,6220
2025-02-25 07:00:00,2935.926,2940.395,2930.523,2931.736,9609
2025-02-25 08:00:00,2931.762,2942.456,2929.553,2941.62,9465
2025-02-25 09:00:00,2941.572,2942.436,2937.456,2938.902,6511
2025-02-25 10:00:00,2939.002,2941.547,2937.393,2937.565,6544
2025-02-25 11:00:00,2937.604,2940.545,2937.123,2938.626,5964
2025-02-25 12:00:00,2938.682,2941.301,2924.057,2928.574,15208
2025-02-25 13:00:00,2928.616,2937.952,2926.166,2937.418,18063
2025-02-25 14:00:00,2937.383,2944.949,2932.089,2932.953,15746
2025-02-25 15:00:00,2932.851,2934.898,2900.498,2905.892,36023
2025-02-25 16:00:00,2905.917,2906.905,2888.237,2896.428,26490
2025-02-25 17:00:00,2896.378,2908.812,2893.588,2907.604,12884
2025-02-25 18:00:00,2907.632,2912.225,2905.326,2909.543,10208
2025-02-25 19:00:00,2909.482,2913.906,2905.676,2912.051,6689
2025-02-25 20:00:00,2912.074,2913.367,2910.817,2912.727,6527
2025-02-25 21:00:00,2912.767,2917.309,2912.615,2915.044,5051
2025-02-25 23:00:00,2914.903,2919.051,2913.569,2918.604,4997
2025-02-26 00:00:00,2918.631,2926.094,2918.631,2923.557,7077
2025-02-26 01:00:00,2923.453,2930.141,2915.2,2917.753,10956
2025-02-26 02:00:00,2917.751,2923.161,2914.816,2921.11,8383
2025-02-26 03:00:00,2921.15,2921.724,2916.434,2917.239,4729
2025-02-26 04:00:00,2917.137,2918.889,2912.665,2915.076,5360
2025-02-26 05:00:00,2915.06,2921.014,2914.795,2915.413,5834
2025-02-26 06:00:00,2915.406,2916.211,2906.667,2906.667,6781
2025-02-26 07:00:00,2906.618,2917.42,2905.857,2915.504,9109
2025-02-26 08:00:00,2915.463,2918.426,2909.518,2917.987,9250
2025-02-26 09:00:00,2917.962,2918.966,2912.195,2913.226,6815
2025-02-26 10:00:00,2913.192,2916.88,2910.971,2912.741,6350
2025-02-26 11:00:00,2912.707,2915.435,2912.018,2913.815,4901
2025-02-26 12:00:00,2913.844,2915.471,2910.078,2913.915,6215
2025-02-26 13:00:00,2913.913,2915.023,2905.481,2905.928,11596
2025-02-26 14:00:00,2905.892,2906.244,2890.669,2901.525,27479
2025-02-26 15:00:00,2901.574,2914.355,2898.469,2913.199,15885
2025-02-26 16:00:00,2913.239,2916.689,2909.905,2913.086,11368
2025-02-26 17:00:00,2913.015,2916.314,2910.376,2913.782,10154
2025-02-26 18:00:00,2913.683,2916.197,2912.36,2914.857,6970
2025-02-26 19:00:00,2914.879,2916.326,2913.329,2913.934,5007
2025-02-26 20:00:00,2913.921,2916.758,2911.996,2916.307,5525
2025-02-26 21:00:00,2916.271,2918.816,2915.894,2916.266,3815
2025-02-26 23:00:00,2916.968,2920.794,2915.668,2919.118,3148
2025-02-27 00:00:00,2919.176,2919.176,2915.906,2917.097,3351
2025-02-27 01:00:00,2917.147,2918.312,2911.045,2912.653,9726
2025-02-27 02:00:00,2912.574,2914.815,2904.352,2906.807,9184
2025-02-27 03:00:00,2906.844,2909.12,2905.238,2905.808,7044
2025-02-27 04:00:00,2905.838,2906.555,2896.238,2897.391,7318
2025-02-27 05:00:00,2897.436,2898.526,2888.571,2890.966,13850
2025-02-27 06:00:00,2890.975,2898.424,2890.53,2894.16,10875
2025-02-27 07:00:00,2894.115,2896.735,2887.924,2891.988,11068
2025-02-27 08:00:00,2891.944,2892.167,2880.69,2881.447,14290
2025-02-27 09:00:00,2881.397,2893.48,2876.95,2887.387,12772
2025-02-27 10:00:00,2887.416,2894.966,2886.514,2892.153,7374
2025-02-27 11:00:00,2892.213,2894.842,2883.414,2883.942,9138
2025-02-27 12:00:00,2884.054,2888.722,2883.134,2885.1,9469
2025-02-27 13:00:00,2885.06,2892.143,2881.045,2888.909,23614
2025-02-27 14:00:00,2888.88,2892.452,2867.74,2872.198,29491
2025-02-27 15:00:00,2872.278,2882.492,2870.404,2872.392,24415
2025-02-27 16:00:00,2872.363,2878.186,2871.766,2877.524,12647
2025-02-27 17:00:00,2877.56,2883.762,2876.101,2883.175,9925
2025-02-27 18:00:00,2883.168,2887.429,2882.847,2887.376,8692
2025-02-27 19:00:00,2887.406,2887.704,2877.24,2879.21,10060
2025-02-27 20:00:00,2879.248,2879.34,2872.757,2873.926,12759
2025-02-27 21:00:00,2873.888,2877.979,2871.339,2877.091,4445
2025-02-27 23:00:00,2877.652,2878.428,2874.717,2876.063,4453
2025-02-28 00:00:00,2876.069,2880.288,2874.92,2877.013,4420
2025-02-28 01:00:00,2877.009,2885.034,2873.834,2874.837,11704
2025-02-28 02:00:00,2874.775,2877.914,2870.339,2873.366,11912
2025-02-28 03:00:00,2873.328,2876.264,2863.667,2865.751,10076
2025-02-28 04:00:00,2865.731,2866.082,2856.942,2863.517,12479
2025-02-28 05:00:00,2863.42,2867.005,2861.815,2864.167,9607
2025-02-28 06:00:00,2864.191,2866.678,2861.906,2863.544,9080
2025-02-28 07:00:00,2863.547,2865.224,2857.341,2858.678,9254
2025-02-28 08:00:00,2858.639,2860.305,2851.064,2855.966,10407
2025-02-28 09:00:00,2855.895,2864.241,2855.724,2862.373,8772
2025-02-28 10:00:00,2862.337,2864.863,2860.674,2862.744,6587
2025-02-28 11:00:00,2862.81,2863.66,2859.052,2862.174,6141
2025-02-28 12:00:00,2862.216,2864.99,2854.294,2856.234,9191
2025-02-28 13:00:00,2856.273,2862.252,2848.267,2848.622,18011
2025-02-28 14:00:00,2848.655,2851.712,2833.427,2833.836,23287
2025-02-28 15:00:00,2833.811,2850.676,2832.578,2850.248,24439
2025-02-28 16:00:00,2850.292,2853.908,2846.27,2848.583,15732
2025-02-28 17:00:00,2848.547,2851.577,2844.502,2845.077,10285
2025-02-28 18:00:00,2845.041,2847.758,2838.076,2845.4,12640
2025-02-28 19:00:00,2845.436,2850.922,2844.13,2849.606,7635
2025-02-28 20:00:00,2849.58,2855.155,2847.79,2854.77,8326
2025-02-28 21:00:00,2854.736,2859.697,2853.403,2858.242,4780
2025-03-02 23:00:00,2873.619,2876.994,2863.972,2870.799,14064
2025-03-03 00:00:00,2870.866,2871.418,2865.152,2865.724,8672
2025-03-03 01:00:00,2865.81,2872.055,2864.086,2870.8,12220
2025-03-03 02:00:00,2870.836,2872.004,2867.801,2868.266,6517
2025-03-03 03:00:00,2868.222,2868.222,2859.257,2864.775,8819
2025-03-03 04:00:00,2864.85,2868.489,2863.071,2867.34,4858
2025-03-03 05:00:00,2867.297,2867.433,2861.224,2863.818,6000
2025-03-03 06:00:00,2863.796,2866.056,2861.802,2865.634,7154
2025-03-03 07:00:00,2865.659,2866.357,2860.132,2863.208,6755
2025-03-03 08:00:00,2863.268,2868.802,2858.83,2868.556,9216
2025-03-03 09:00:00,2868.599,2871.583,2864.324,2867.465,9116
2025-03-03 10:00:00,2867.492,2873.625,2867.187,2871.919,6455
2025-03-03 11:00:00,2871.961,2875.413,2871.272,2874.411,6129
2025-03-03 12:00:00,2874.319,2877.716,2873.919,2875.653,7422
2025-03-03 13:00:00,2875.614,2876.309,2868.834,2872.669,13325
2025-03-03 14:00:00,2872.619,2883.058,2871.227,2877.104,15262
2025-03-03 15:00:00,2877.13,2890.536,2873.911,2887.771,19057
2025-03-03 16:00:00,2887.862,2893.108,2886.066,2891.439,9593
2025-03-03 17:00:00,2891.478,2892.915,2887.344,2890.826,8118
2025-03-03 18:00:00,2890.858,2892.486,2886.628,2889.919,9859
2025-03-03 19:00:00,2889.975,2891.327,2879.697,2881.612,9886
2025-03-03 20:00:00,2881.655,2891.455,2878.277,2890.652,12336
2025-03-03 21:00:00,2890.679,2895.267,2890.211,2893.762,4746
2025-03-03 23:00:00,2892.205,2893.394,2890.51,2890.886,4234
2025-03-04 00:00:00,2890.863,2893.734,2890.149,2891.88,4851
2025-03-04 01:00:00,2891.841,2893.055,2881.95,2888.363,10983
2025-03-04 02:00:00,2888.319,2889.413,2884.722,2885.522,7631
2025-03-04 03:00:00,2885.466,2892.991,2884.948,2888.626,6984
2025-03-04 04:00:00,2888.57,2892.736,2886.733,2891.348,5430
2025-03-04 05:00:00,2891.257,2894.435,2888.492,2889.713,7450
2025-03-04 06:00:00,2889.695,2889.979,2884.371,2887.35,6779
2025-03-04 07:00:00,2887.402,2901.552,2887.01,2899.923,9418
2025-03-04 08:00:00,2899.968,2918.716,2896.707,2914.0,14416
2025-03-04 09:00:00,2914.041,2921.317,2912.493,2918.149,9024
2025-03-04 10:00:00,2918.114,2918.185,2912.138,2914.628,8142
2025-03-04 11:00:00,2914.613,2921.773,2913.069,2920.02,7247
2025-03-04 12:00:00,2920.047,2925.576,2918.692,2924.768,8547
2025-03-04 13:00:00,2924.797,2927.891,2919.807,2922.586,16511
2025-03-04 14:00:00,2922.629,2923.056,2903.31,2903.565,22310
2025-03-04 15:00:00,2903.506,2912.365,2900.308,2906.102,23538
2025-03-04 16:00:00,2906.087,2915.987,2903.753,2915.076,13799
2025-03-04 17:00:00,2915.185,2916.36,2911.11,2911.567,9206
2025-03-04 18:00:00,2911.561,2915.179,2908.239,2911.197,7421
2025-03-04 19:00:00,2911.213,2916.501,2911.106,2916.095,6849
2025-03-04 20:00:00,2916.045,2920.526,2914.352,2917.175,8048
2025-03-04 21:00:00,2917.217,2918.456,2913.269,2917.512,5254
2025-03-04 23:00:00,2918.216,2918.297,2914.267,2914.363,3350
2025-03-05 00:00:00,2914.361,2917.166,2912.193,2914.133,4768
2025-03-05 01:00:00,2914.125,2915.085,2903.446,2907.235,15313
2025-03-05 02:00:00,2907.235,2914.569,2902.094,2904.266,12582
2025-03-05 03:00:00,2904.241,2913.504,2903.328,2908.743,10244
2025-03-05 04:00:00,2908.702,2912.676,2908.576,2910.477,5790
2025-03-05 05:00:00,2910.481,2918.711,2909.958,2918.646,7146
2025-03-05 06:00:00,2918.603,2921.646,2913.552,2917.034,8474
2025-03-05 07:00:00,2917.023,2919.858,2913.032,2917.989,9489
2025-03-05 08:00:00,2917.947,2921.938,2916.662,2919.942,10690
2025-03-05 09:00:00,2919.964,2922.528,2913.245,2918.923,10547
2025-03-05 10:00:00,2918.878,2919.195,2909.01,2913.28,8761
2025-03-05 11:00:00,2913.24,2917.231,2911.97,2913.224,8047
2025-03-05 12:00:00,2913.278,2919.24,2912.245,2916.096,9372
2025-03-05 13:00:00,2916.152,2916.54,2894.266,2899.878,22797
2025-03-05 14:00:00,2899.919,2917.143,2897.596,2912.117,26245
2025-03-05 15:00:00,2912.165,2923.808,2908.106,2917.177,28977
2025-03-05 16:00:00,2917.157,2930.042,2915.149,2923.838,17457
2025-03-05 17:00:00,2923.877,2925.359,2913.659,2915.949,13524
2025-03-05 18:00:00,2915.985,2920.671,2911.189,2917.448,12605
2025-03-05 19:00:00,2917.48,2921.356,2916.263,2920.551,7895
2025-03-05 20:00:00,2920.512,2923.119,2919.511,2922.143,8182
2025-03-05 21:00:00,2922.175,2922.371,2917.732,2918.953,3082
2025-03-05 23:00:00,2918.008,2918.982,2916.711,2918.236,2937
2025-03-06 00:00:00,2918.237,2920.314,2916.569,2916.792,4041
2025-03-06 01:00:00,2916.785,2925.655,2915.874,2924.606,9381
2025-03-06 02:00:00,2924.617,2926.611,2922.893,2925.546,6712
2025-03-06 03:00:00,2925.552,2925.59,2920.111,2921.261,6031
2025-03-06 04:00:00,2921.227,2921.562,2916.285,2917.396,4777
2025-03-06 05:00:00,2917.359,2920.698,2914.499,2919.815,6402
2025-03-06 06:00:00,2919.794,2923.073,2919.794,2920.587,6774
2025-03-06 07:00:00,2920.625,2922.5,2909.757,2910.145,12614
2025-03-06 08:00:00,2910.176,2911.53,2901.06,2904.808,14288
2025-03-06 09:00:00,2904.698,2905.296,2891.159,2894.336,12698
2025-03-06 10:00:00,2894.264,2905.171,2891.91,2899.268,12263
2025-03-06 11:00:00,2899.221,2907.573,2898.55,2905.714,10393
2025-03-06 12:00:00,2905.76,2907.191,2899.24,2903.13,12752
2025-03-06 13:00:00,2903.121,2909.407,2900.865,2904.44,18153
2025-03-06 14:00:00,2904.412,2916.616,2903.329,2915.086,18353
2025-03-06 15:00:00,2915.147,2922.716,2908.955,2914.497,21820
2025-03-06 16:00:00,2914.53,2918.502,2912.579,2917.19,12855
2025-03-06 17:00:00,2917.257,2921.415,2914.362,2915.587,9128
2025-03-06 18:00:00,2915.612,2920.649,2913.745,2916.228,8796
2025-03-06 19:00:00,2916.262,2917.721,2912.337,2914.04,8040
2025-03-06 20:00:00,2914.013,2916.569,2908.373,2908.703,8550
2025-03-06 21:00:00,2908.745,2911.929,2908.395,2911.032,3724
2025-03-06 23:00:00,2912.057,2913.622,2909.93,2910.314,4678
2025-03-07 00:00:00,2910.245,2910.326,2896.604,2904.73,11882
2025-03-07 01:00:00,2904.768,2910.224,2901.437,2906.844,15063
2025-03-07 02:00:00,2906.804,2909.254,2901.155,2908.104,11935
2025-03-07 03:00:00,2908.076,2908.984,2903.919,2905.33,8907
2025-03-07 04:00:00,2905.271,2908.368,2904.721,2906.647,7290
2025-03-07 05:00:00,2906.652,2912.591,2906.428,2909.609,8519
2025-03-07 06:00:00,2909.562,2914.792,2907.784,2913.415,8126
2025-03-07 07:00:00,2913.404,2917.279,2911.687,2917.098,7967
2025-03-07 08:00:00,2917.138,2922.964,2915.246,2922.385,8911
2025-03-07 09:00:00,2922.367,2923.007,2920.197,2921.669,7446
2025-03-07 10:00:00,2921.62,2921.879,2917.007,2917.898,8954
2025-03-07 11:00:00,2917.95,2922.123,2916.601,2918.7,8894
2025-03-07 12:00:00,2918.796,2922.841,2917.944,2918.782,9895
2025-03-07 13:00:00,2918.747,2926.472,2910.248,2913.751,26557
2025-03-07 14:00:00,2913.725,2928.826,2903.57,2926.774,27848
2025-03-07 15:00:00,2926.732,2930.458,2908.578,2915.819,26108
2025-03-07 16:00:00,2915.783,2919.423,2911.623,2914.009,16318
2025-03-07 17:00:00,2913.969,2916.142,2905.076,2908.174,16191
2025-03-07 18:00:00,2908.13,2908.782,2901.86,2906.545,14115
2025-03-07 19:00:00,2906.587,2909.506,2904.544,2905.229,11278
2025-03-07 20:00:00,2905.199,2911.131,2904.716,2909.636,7703
2025-03-07 21:00:00,2909.703,2912.66,2908.478,2911.256,3201
2025-03-09 22:00:00,2912.347,2915.152,2909.586,2911.935,5422
2025-03-09 23:00:00,2911.975,2917.051,2911.394,2916.187,4905
2025-03-10 00:00:00,2916.19,2917.949,2912.984,2913.852,7159
2025-03-10 01:00:00,2913.889,2918.312,2911.327,2912.156,11463
2025-03-10 02:00:00,2912.12,2914.551,2909.439,2911.484,8078
2025-03-10 03:00:00,2911.444,2913.629,2908.128,2910.982,9034
2025-03-10 04:00:00,2910.944,2912.642,2910.219,2910.95,4684
2025-03-10 05:00:00,2911.025,2911.952,2906.937,2909.848,6371
2025-03-10 06:00:00,2909.796,2914.564,2909.269,2914.328,7207
2025-03-10 07:00:00,2914.41,2915.429,2904.324,2908.432,9255
2025-03-10 08:00:00,2908.333,2910.643,2897.509,2897.822,12622
2025-03-10 09:00:00,2897.797,2915.472,2896.723,2911.28,14234
2025-03-10 10:00:00,2911.236,2911.417,2898.309,2903.049,12006
2025-03-10 11:00:00,2903.008,2904.747,2895.636,2904.027,12647
2025-03-10 12:00:00,2904.029,2907.713,2900.366,2906.665,16713
2025-03-10 13:00:00,2906.696,2908.58,2897.615,2903.639,20931
2025-03-10 14:00:00,2903.61,2909.225,2900.85,2908.026,23703
2025-03-10 15:00:00,2907.985,2910.642,2900.562,2904.484,16578
2025-03-10 16:00:00,2904.508,2906.874,2895.864,2895.932,11830
2025-03-10 17:00:00,2895.908,2896.147,2882.736,2886.077,17257
2025-03-10 18:00:00,2886.093,2889.499,2880.166,2885.581,12875
2025-03-10 19:00:00,2885.557,2890.953,2880.252,2885.494,13290
2025-03-10 20:00:00,2885.521,2889.204,2884.289,2889.086,3951
2025-03-10 22:00:00,2888.412,2890.177,2884.021,2884.72,3920
2025-03-10 23:00:00,2884.731,2885.858,2882.332,2884.685,4190
2025-03-11 00:00:00,2884.724,2888.616,2884.135,2887.229,7869
2025-03-11 01:00:00,2887.297,2890.979,2880.093,2890.612,13145
2025-03-11 02:00:00,2890.569,2900.486,2889.911,2899.005,10304
2025-03-11 03:00:00,2899.043,2899.389,2895.184,2896.91,6243
2025-03-11 04:00:00,2896.91,2898.678,2895.497,2897.687,5022
2025-03-11 05:00:00,2897.699,2899.081,2892.752,2895.787,7036
2025-03-11 06:00:00,2895.812,2902.827,2893.486,2902.302,9046
2025-03-11 07:00:00,2902.266,2903.566,2897.54,2901.009,9145
2025-03-11 08:00:00,2901.052,2910.324,2900.416,2909.903,7722
2025-03-11 09:00:00,2909.913,2912.418,2908.735,2911.705,7495
2025-03-11 10:00:00,2911.73,2914.47,2910.898,2912.003,6118
2025-03-11 11:00:00,2911.957,2915.464,2910.631,2913.668,6912
2025-03-11 12:00:00,2913.651,2916.051,2910.465,2913.057,9511
2025-03-11 13:00:00,2913.082,2922.262,2906.819,2918.211,19496
2025-03-11 14:00:00,2918.117,2920.938,2911.76,2914.104,16331
2025-03-11 15:00:00,2914.142,2919.902,2913.932,2916.875,11405
2025-03-11 16:00:00,2916.833,2918.078,2915.137,2917.098,7179
2025-03-11 17:00:00,2917.061,2920.519,2914.071,2917.776,8115
2025-03-11 18:00:00,2917.773,2919.564,2915.188,2918.308,6331
2025-03-11 19:00:00,2918.241,2921.385,2917.503,2918.403,6861
2025-03-11 20:00:00,2918.365,2919.023,2915.111,2916.024,3497
2025-03-11 22:00:00,2915.587,2918.068,2914.414,2917.545,3638
2025-03-11 23:00:00,2917.63,2919.589,2915.429,2915.551,2830
2025-03-12 00:00:00,2915.589,2915.626,2912.113,2914.217,4107
2025-03-12 01:00:00,2914.253,2917.269,2910.866,2914.927,7705
2025-03-12 02:00:00,2914.866,2918.27,2913.916,2916.3,6346
2025-03-12 03:00:00,2916.255,2919.995,2914.862,2914.941,5554
2025-03-12 04:00:00,2914.977,2916.072,2912.597,2914.952,4832
2025-03-12 05:00:00,2914.914,2916.507,2912.074,2916.045,6884
2025-03-12 06:00:00,2916.096,2921.105,2911.336,2911.951,7924
2025-03-12 07:00:00,2911.971,2915.606,2908.904,2914.499,8655
2025-03-12 08:00:00,2914.458,2922.222,2913.914,2922.075,8964
2025-03-12 09:00:00,2922.105,2925.372,2913.73,2914.772,9754
2025-03-12 10:00:00,2914.738,2916.968,2912.748,2914.377,7278
2025-03-12 11:00:00,2914.338,2916.663,2912.638,2915.304,6523
2025-03-12 12:00:00,2915.308,2923.073,2912.056,2917.579,16019
2025-03-12 13:00:00,2917.544,2918.822,2906.027,2915.583,21553
2025-03-12 14:00:00,2915.545,2922.485,2914.272,2921.858,14147
2025-03-12 15:00:00,2921.899,2929.444,2921.293,2928.355,14615
2025-03-12 16:00:00,2928.457,2939.232,2927.89,2936.155,16644
2025-03-12 17:00:00,2936.131,2940.545,2935.842,2936.097,9828
2025-03-12 18:00:00,2936.093,2937.462,2933.744,2935.21,6688
2025-03-12 19:00:00,2935.144,2935.667,2930.931,2931.322,6990
2025-03-12 20:00:00,2931.289,2934.202,2930.784,2933.244,3399
2025-03-12 22:00:00,2933.73,2938.909,2933.385,2938.064,4212
2025-03-12 23:00:00,2938.13,2939.353,2934.711,2938.039,3614
2025-03-13 00:00:00,2938.025,2939.364,2937.538,2938.648,3543
2025-03-13 01:00:00,2938.706,2941.482,2936.511,2937.906,7811
2025-03-13 02:00:00,2937.914,2946.043,2937.465,2944.33,6827
2025-03-13 03:00:00,2944.223,2947.124,2943.069,2945.636,6094
2025-03-13 04:00:00,2945.601,2946.152,2943.481,2944.637,4561
2025-03-13 05:00:00,2944.706,2945.165,2938.18,2940.047,6732
2025-03-13 06:00:00,2940.084,2940.348,2935.389,2936.919,7625
2025-03-13 07:00:00,2936.88,2938.04,2932.92,2935.252,6600
2025-03-13 08:00:00,2935.287,2944.915,2934.768,2941.572,8046
2025-03-13 09:00:00,2941.542,2948.885,2941.073,2947.729,6114
2025-03-13 10:00:00,2947.725,2948.548,2942.084,2944.074,6087
2025-03-13 11:00:00,2944.084,2948.604,2944.084,2946.333,6995
2025-03-13 12:00:00,2946.371,2949.124,2940.956,2942.42,13824
2025-03-13 13:00:00,2942.377,2952.489,2938.935,2950.358,16409
2025-03-13 14:00:00,2950.317,2971.165,2949.802,2969.861,18636
2025-03-13 15:00:00,2969.886,2978.486,2966.456,2977.772,24548
2025-03-13 16:00:00,2977.797,2985.322,2976.579,2980.086,16162
2025-03-13 17:00:00,2980.12,2982.246,2976.363,2979.48,11866
2025-03-13 18:00:00,2979.455,2984.366,2979.06,2983.261,8093
2025-03-13 19:00:00,2983.3,2985.474,2980.596,2982.973,8717
2025-03-13 20:00:00,2982.997,2989.124,2981.253,2989.084,4389
2025-03-13 22:00:00,2988.616,2989.915,2983.171,2987.279,4751
2025-03-13 23:00:00,2987.207,2989.3,2985.372,2986.435,3865
2025-03-14 00:00:00,2986.473,2988.684,2984.759,2986.759,5995
2025-03-14 01:00:00,2986.795,2990.174,2981.743,2987.87,14066
2025-03-14 02:00:00,2987.83,2988.558,2983.886,2984.191,8063
2025-03-14 03:00:00,2984.186,2992.96,2983.871,2992.631,6392
2025-03-14 04:00:00,2992.654,2993.928,2984.367,2985.475,6512
2025-03-14 05:00:00,2985.51,2986.605,2981.863,2986.401,7952
2025-03-14 06:00:00,2986.358,2987.644,2981.128,2985.681,7583
2025-03-14 07:00:00,2985.653,2987.036,2980.787,2986.892,7332
2025-03-14 08:00:00,2986.921,2993.231,2985.179,2992.872,7167
2025-03-14 09:00:00,2992.843,2999.446,2992.6,2998.81,6384
2025-03-14 10:00:00,2998.768,3004.895,2986.578,2993.205,12805
2025-03-14 11:00:00,2993.311,2999.161,2993.281,2993.503,10095
2025-03-14 12:00:00,2993.477,2999.673,2993.306,2993.845,10851
2025-03-14 13:00:00,2993.805,2996.117,2983.211,2986.038,19992
2025-03-14 14:00:00,2985.874,2993.381,2981.919,2985.348,21601
2025-03-14 15:00:00,2985.383,2986.47,2978.421,2984.607,16658
2025-03-14 16:00:00,2984.569,2989.965,2982.909,2989.702,9146
2025-03-14 17:00:00,2989.656,2990.43,2986.325,2986.61,7071
2025-03-14 18:00:00,2986.656,2987.019,2983.213,2983.409,5928
2025-03-14 19:00:00,2983.38,2986.017,2982.14,2983.985,5289
2025-03-14 20:00:00,2983.959,2988.758,2981.633,2986.37,3485
2025-03-16 22:00:00,2987.601,2990.719,2986.054,2988.994,4048
2025-03-16 23:00:00,2989.069,2994.118,2988.267,2990.061,3841
2025-03-17 00:00:00,2990.03,2991.114,2986.36,2990.825,5187
2025-03-17 01:00:00,2990.809,2993.091,2988.672,2990.83,9114
2025-03-17 02:00:00,2990.84,2992.024,2986.972,2988.189,5568
2025-03-17 03:00:00,2988.153,2988.653,2985.22,2986.917,4608
2025-03-17 04:00:00,2986.943,2987.894,2982.388,2982.628,4207
2025-03-17 05:00:00,2982.636,2986.17,2982.158,2986.026,4338
2025-03-17 06:00:00,2986.077,2990.73,2985.374,2989.841,5681
2025-03-17 07:00:00,2989.792,2990.006,2984.087,2985.489,5265
2025-03-17 08:00:00,2985.548,2988.465,2983.053,2988.396,5115
2025-03-17 09:00:00,2988.404,2996.93,2987.618,2995.623,5608
2025-03-17 10:00:00,2995.643,2999.607,2994.776,2998.931,5259
2025-03-17 11:00:00,2998.962,3001.217,2996.52,2997.475,6047
2025-03-17 12:00:00,2997.515,2997.909,2984.718,2987.184,15156
2025-03-17 13:00:00,2987.217,2991.389,2985.961,2988.393,16008
2025-03-17 14:00:00,2988.369,3000.512,2987.105,2998.685,12547
2025-03-17 15:00:00,2998.658,2999.309,2992.923,2997.096,9139
2025-03-17 16:00:00,2997.156,2997.71,2993.027,2994.521,7243
2025-03-17 17:00:00,2994.562,2999.389,2994.56,2997.86,5719
2025-03-17 18:00:00,2997.855,3000.292,2996.69,2999.297,5527
2025-03-17 19:00:00,2999.369,3000.838,2997.658,3000.173,5124
2025-03-17 20:00:00,3000.147,3001.955,3000.085,3001.427,2932
2025-03-17 22:00:00,3001.367,3001.858,2999.931,3000.175,1782
2025-03-17 23:00:00,3000.17,3002.807,2999.583,2999.831,2463
2025-03-18 00:00:00,2999.803,3003.531,2999.601,3001.496,4774
2025-03-18 01:00:00,3001.42,3008.46,2999.49,3005.751,9606
2025-03-18 02:00:00,3005.713,3012.233,3002.773,3010.902,7143
2025-03-18 03:00:00,3010.853,3015.054,3009.686,3011.333,6588
2025-03-18 04:00:00,3011.34,3017.11,3011.256,3014.502,4584
2025-03-18 05:00:00,3014.475,3014.895,3006.066,3012.038,7159
2025-03-18 06:00:00,3012.056,3017.765,3010.626,3015.746,7949
2025-03-18 07:00:00,3015.761,3018.955,3014.443,3016.438,7156
2025-03-18 08:00:00,3016.486,3027.308,3016.345,3026.614,7428
2025-03-18 09:00:00,3026.653,3028.54,3018.141,3020.292,7647
2025-03-18 10:00:00,3020.216,3025.702,3019.59,3023.951,7244
2025-03-18 11:00:00,3023.995,3029.461,3022.356,3026.839,6459
2025-03-18 12:00:00,3026.842,3035.843,3026.779,3034.29,10561
2025-03-18 13:00:00,3034.33,3038.334,3026.187,3033.245,19477
2025-03-18 14:00:00,3033.194,3033.194,3024.72,3027.894,18752
2025-03-18 15:00:00,3027.939,3032.607,3025.183,3031.758,11465
2025-03-18 16:00:00,3031.719,3036.948,3030.453,3036.003,8073
2025-03-18 17:00:00,3036.048,3036.312,3029.777,3032.598,8226
2025-03-18 18:00:00,3032.606,3036.334,3032.455,3035.783,5072
2025-03-18 19:00:00,3035.741,3037.935,3035.142,3035.615,5263
2025-03-18 20:00:00,3035.643,3035.974,3033.341,3034.074,2756
2025-03-18 22:00:00,3034.025,3034.721,3032.602,3034.534,2232
2025-03-18 23:00:00,3034.535,3035.099,3031.512,3031.774,2889
2025-03-19 00:00:00,3031.801,3033.993,3030.515,3031.479,3641
2025-03-19 01:00:00,3031.476,3032.677,3027.32,3029.362,5152
2025-03-19 02:00:00,3029.406,3033.863,3028.98,3033.337,6019
2025-03-19 03:00:00,3033.372,3039.029,3032.316,3036.325,5425
2025-03-19 04:00:00,3036.291,3037.669,3034.256,3036.386,4618
2025-03-19 05:00:00,3036.387,3045.362,3036.387,3044.503,6957
2025-03-19 06:00:00,3044.503,3044.734,3034.482,3042.096,10747
2025-03-19 07:00:00,3042.176,3042.899,3035.617,3035.896,9011
2025-03-19 08:00:00,3035.949,3037.074,3024.732,3025.156,9264
2025-03-19 09:00:00,3025.129,3031.347,3022.744,3030.406,7430
2025-03-19 10:00:00,3030.483,3037.954,3028.32,3034.624,6296
2025-03-19 11:00:00,3034.612,3039.949,3033.732,3038.955,5270
2025-03-19 12:00:00,3038.931,3041.155,3036.218,3037.127,7588
2025-03-19 13:00:00,3037.226,3038.287,3027.69,3033.38,14995
2025-03-19 14:00:00,3033.344,3033.344,3025.845,3027.585,11886
2025-03-19 15:00:00,3027.556,3033.099,3026.802,3031.458,8001
2025-03-19 16:00:00,3031.482,3038.347,3031.294,3032.973,7092
2025-03-19 17:00:00,3033.056,3034.224,3029.363,3030.371,7597
2025-03-19 18:00:00,3030.378,3048.715,3029.993,3046.769,16361
2025-03-19 19:00:00,3046.809,3051.996,3040.99,3047.858,13272
2025-03-19 20:00:00,3047.818,3048.253,3044.205,3047.282,3909
2025-03-19 22:00:00,3048.924,3050.635,3047.086,3050.141,4030
2025-03-19 23:00:00,3050.141,3051.335,3048.794,3050.026,2438
2025-03-20 00:00:00,3050.023,3055.489,3050.023,3053.185,7105
2025-03-20 01:00:00,3053.222,3056.2,3049.409,3049.654,12339
2025-03-20 02:00:00,3049.626,3052.191,3045.028,3045.694,8688
2025-03-20 03:00:00,3045.637,3050.452,3045.41,3049.964,6841
2025-03-20 04:00:00,3050.068,3057.459,3048.151,3052.478,7395
2025-03-20 05:00:00,3052.523,3053.604,3044.873,3046.794,9013
2025-03-20 06:00:00,3046.837,3051.475,3045.675,3049.134,7631
2025-03-20 07:00:00,3048.999,3048.999,3041.78,3042.232,8501
2025-03-20 08:00:00,3042.268,3043.968,3038.61,3041.815,8086
2025-03-20 09:00:00,3041.781,3046.241,3040.527,3041.489,7903
2025-03-20 10:00:00,3041.484,3041.484,3025.626,3034.181,14415
2025-03-20 11:00:00,3034.157,3035.095,3029.27,3034.433,10125
2025-03-20 12:00:00,3034.467,3042.279,3033.358,3040.885,11985
2025-03-20 13:00:00,3040.927,3041.069,3029.883,3032.828,16471
2025-03-20 14:00:00,3032.652,3040.852,3030.643,3040.224,12801
2025-03-20 15:00:00,3040.188,3041.903,3037.559,3040.765,9017
2025-03-20 16:00:00,3040.802,3043.229,3033.884,3038.308,8861
2025-03-20 17:00:00,3038.346,3041.872,3034.82,3041.654,6541
2025-03-20 18:00:00,3041.635,3045.382,3040.929,3043.221,6429
2025-03-20 19:00:00,3043.196,3046.094,3043.172,3044.586,6303
2025-03-20 20:00:00,3044.561,3045.802,3044.218,3044.628,2853
2025-03-20 22:00:00,3044.988,3046.058,3043.517,3045.723,1824
2025-03-20 23:00:00,3045.685,3046.598,3044.424,3046.409,2357
2025-03-21 00:00:00,3046.335,3047.435,3042.269,3042.763,4173
2025-03-21 01:00:00,3042.826,3044.577,3035.901,3035.921,7753
2025-03-21 02:00:00,3035.896,3037.043,3033.788,3034.744,7469
2025-03-21 03:00:00,3034.702,3034.709,3029.974,3030.585,6239
2025-03-21 04:00:00,3030.539,3032.018,3027.857,3029.863,5134
2025-03-21 05:00:00,3029.842,3030.426,3021.553,3028.048,8179
2025-03-21 06:00:00,3028.086,3033.983,3027.451,3029.84,8068
2025-03-21 07:00:00,3029.766,3033.46,3028.079,3031.927,6511
2025-03-21 08:00:00,3032.025,3034.767,3027.049,3032.974,7750
2025-03-21 09:00:00,3032.907,3033.162,3027.843,3029.65,6882
2025-03-21 10:00:00,3029.677,3033.486,3029.635,3030.852,6093
2025-03-21 11:00:00,3030.816,3037.694,3028.888,3034.332,7287
2025-03-21 12:00:00,3034.311,3038.128,3033.473,3034.02,9977
2025-03-21 13:00:00,3033.976,3036.851,3004.17,3006.615,28085
2025-03-21 14:00:00,3006.583,3016.718,2999.385,3015.712,27375
2025-03-21 15:00:00,3015.712,3017.888,3009.99,3011.072,12721
2025-03-21 16:00:00,3011.037,3017.04,3010.66,3015.165,10047
2025-03-21 17:00:00,3015.184,3018.224,3012.845,3013.714,7041
2025-03-21 18:00:00,3013.744,3021.588,3013.474,3017.431,6337
2025-03-21 19:00:00,3017.407,3022.049,3015.931,3020.001,6783
2025-03-21 20:00:00,3020.037,3024.274,3019.974,3023.493,3772
2025-03-23 22:00:00,3023.441,3026.119,3022.143,3025.514,3600
2025-03-23 23:00:00,3025.514,3026.292,3023.267,3024.721,3191
2025-03-24 00:00:00,3024.709,3025.461,3017.075,3018.471,6437
2025-03-24 01:00:00,3018.513,3025.616,3018.281,3020.961,9945
2025-03-24 02:00:00,3020.987,3024.477,3013.646,3016.283,9108
2025-03-24 03:00:00,3016.328,3019.81,3015.676,3016.999,6422
2025-03-24 04:00:00,3017.048,3020.081,3016.524,3019.493,4517
2025-03-24 05:00:00,3019.453,3023.202,3018.997,3022.08,5987
2025-03-24 06:00:00,3021.997,3025.716,3017.319,3025.042,5944
2025-03-24 07:00:00,3025.003,3028.903,3020.971,3022.361,8090
2025-03-24 08:00:00,3022.329,3028.951,3021.839,3028.827,8138
2025-03-24 09:00:00,3028.853,3030.992,3022.683,3023.614,7373
2025-03-24 10:00:00,3023.662,3033.226,3023.436,3028.089,8115
2025-03-24 11:00:00,3028.067,3029.222,3024.347,3024.642,5887
2025-03-24 12:00:00,3024.602,3028.651,3022.388,3024.227,8582
2025-03-24 13:00:00,3024.187,3028.302,3019.165,3022.485,13093
2025-03-24 14:00:00,3022.464,3024.112,3007.951,3012.134,16594
2025-03-24 15:00:00,3012.092,3015.332,3005.745,3014.036,13071
2025-03-24 16:00:00,3014.06,3015.604,3008.038,3009.757,8566
2025-03-24 17:00:00,3009.731,3009.948,3005.764,3007.03,8047
2025-03-24 18:00:00,3007.071,3008.083,3002.465,3006.761,8687
2025-03-24 19:00:00,3006.807,3008.219,3005.012,3006.133,5215
2025-03-24 20:00:00,3006.096,3014.63,3005.559,3011.868,3379
2025-03-24 22:00:00,3011.722,3012.491,3008.992,3011.514,2744
2025-03-24 23:00:00,3011.468,3012.403,3009.372,3009.91,2653
2025-03-25 00:00:00,3009.945,3014.945,3008.983,3014.177,3685
2025-03-25 01:00:00,3014.15,3014.589,3010.52,3011.897,6639
2025-03-25 02:00:00,3011.83,3012.296,3007.545,3009.147,5681
2025-03-25 03:00:00,3009.14,3016.215,3008.57,3015.248,5543
2025-03-25 04:00:00,3015.284,3016.498,3014.68,3015.27,3993
2025-03-25 05:00:00,3015.204,3021.06,3014.295,3018.334,5615
2025-03-25 06:00:00,3018.323,3018.686,3014.807,3017.776,5138
2025-03-25 07:00:00,3017.808,3018.148,3010.521,3011.13,5358
2025-03-25 08:00:00,3011.151,3021.933,3010.681,3021.32,7709
2025-03-25 09:00:00,3021.273,3023.561,3018.987,3023.263,5557
2025-03-25 10:00:00,3023.229,3024.866,3020.658,3023.541,6103
2025-03-25 11:00:00,3023.543,3026.436,3020.398,3020.775,6230
2025-03-25 12:00:00,3020.738,3023.204,3014.132,3021.798,10286
2025-03-25 13:00:00,3021.75,3030.643,3020.821,3028.813,13321
2025-03-25 14:00:00,3028.803,3035.966,3024.954,3024.984,15747
2025-03-25 15:00:00,3024.955,3028.049,3017.923,3021.561,12179
2025-03-25 16:00:00,3021.592,3025.531,3021.406,3023.192,7029
2025-03-25 17:00:00,3023.241,3023.341,3019.83,3022.636,6849
2025-03-25 18:00:00,3022.594,3022.861,3017.759,3018.555,5069
2025-03-25 19:00:00,3018.523,3020.68,3017.721,3019.59,4190
2025-03-25 20:00:00,3019.616,3020.726,3018.832,3020.287,1987
2025-03-25 22:00:00,3019.663,3022.497,3019.663,3021.273,2368
2025-03-25 23:00:00,3021.273,3021.811,3020.504,3021.041,2034
2025-03-26 00:00:00,3021.037,3022.232,3017.786,3018.125,3735
2025-03-26 01:00:00,3018.142,3025.515,3016.394,3024.766,8587
2025-03-26 02:00:00,3024.79,3027.135,3022.823,3024.249,7263
2025-03-26 03:00:00,3024.206,3024.206,3016.477,3017.542,6788
2025-03-26 04:00:00,3017.585,3017.679,3014.249,3015.264,4315
2025-03-26 05:00:00,3015.232,3024.082,3013.218,3022.843,6703
2025-03-26 06:00:00,3022.819,3026.352,3022.087,3026.158,7694
2025-03-26 07:00:00,3026.125,3030.773,3025.021,3030.471,6214
2025-03-26 08:00:00,3030.509,3032.042,3023.61,3023.998,6271
2025-03-26 09:00:00,3024.033,3024.182,3017.543,3018.674,7254
2025-03-26 10:00:00,3018.704,3024.99,3016.886,3023.323,6178
2025-03-26 11:00:00,3023.227,3030.36,3023.227,3027.555,6463
2025-03-26 12:00:00,3027.54,3029.994,3025.289,3027.163,7986
2025-03-26 13:00:00,3027.135,3027.485,3015.873,3016.718,12366
2025-03-26 14:00:00,3016.689,3021.669,3014.903,3017.482,10899
2025-03-26 15:00:00,3017.443,3018.898,3012.325,3015.878,10562
2025-03-26 16:00:00,3015.911,3020.046,3015.157,3015.645,7157
2025-03-26 17:00:00,3015.686,3019.052,3015.209,3018.678,6048
2025-03-26 18:00:00,3018.693,3020.861,3018.119,3018.209,5215
2025-03-26 19:00:00,3018.254,3019.016,3015.766,3017.342,4938
2025-03-26 20:00:00,3017.367,3021.855,3017.198,3018.966,3637
2025-03-26 22:00:00,3020.487,3021.168,3018.012,3019.473,4266
2025-03-26 23:00:00,3019.461,3021.762,3017.558,3021.623,3735
2025-03-27 00:00:00,3021.563,3025.804,3021.522,3025.386,4698
2025-03-27 01:00:00,3025.352,3028.32,3022.926,3023.564,7833
2025-03-27 02:00:00,3023.583,3032.81,3023.265,3031.651,7918
2025-03-27 03:00:00,3031.655,3034.286,3029.686,3033.568,5760
2025-03-27 04:00:00,3033.568,3038.61,3031.725,3034.064,6161
2025-03-27 05:00:00,3034.1,3035.907,3029.3,3029.7,6698
2025-03-27 06:00:00,3029.708,3033.27,3026.699,3029.938,9361
2025-03-27 07:00:00,3029.913,3036.742,3029.214,3035.85,9815
2025-03-27 08:00:00,3035.866,3038.054,3033.757,3036.155,9170
2025-03-27 09:00:00,3036.119,3041.033,3034.601,3039.923,6176
2025-03-27 10:00:00,3039.957,3055.898,3039.802,3051.424,12740
2025-03-27 11:00:00,3051.465,3055.644,3048.843,3054.566,9214
2025-03-27 12:00:00,3054.548,3055.976,3047.161,3050.066,10970
2025-03-27 13:00:00,3050.036,3052.173,3033.403,3040.613,20839
2025-03-27 14:00:00,3040.638,3059.885,3040.638,3057.634,20957
2025-03-27 15:00:00,3057.668,3059.195,3051.373,3052.204,19388
2025-03-27 16:00:00,3052.123,3054.222,3047.786,3048.388,12804
2025-03-27 17:00:00,3048.372,3053.259,3047.841,3052.835,9104
2025-03-27 18:00:00,3052.889,3057.583,3052.713,3055.882,5896
2025-03-27 19:00:00,3055.908,3057.83,3054.938,3057.468,5362
2025-03-27 20:00:00,3057.438,3057.603,3055.134,3056.669,2496
2025-03-27 22:00:00,3055.858,3057.637,3054.488,3055.03,3174
2025-03-27 23:00:00,3055.065,3056.156,3054.144,3055.71,2708
2025-03-28 00:00:00,3055.726,3063.476,3054.993,3061.977,7162
2025-03-28 01:00:00,3061.937,3074.058,3061.841,3073.905,10809
2025-03-28 02:00:00,3073.874,3077.544,3070.061,3071.898,9624
2025-03-28 03:00:00,3071.847,3076.702,3069.645,3075.266,7442
2025-03-28 04:00:00,3075.25,3075.422,3072.568,3073.887,5089
2025-03-28 05:00:00,3073.837,3081.987,3072.446,3077.833,7253
2025-03-28 06:00:00,3077.809,3084.938,3076.649,3084.7,9488
2025-03-28 07:00:00,3084.626,3086.017,3077.783,3079.348,7764
2025-03-28 08:00:00,3079.302,3081.235,3066.153,3072.949,9003
2025-03-28 09:00:00,3073.0,3076.235,3069.589,3072.84,6874
2025-03-28 10:00:00,3072.882,3074.648,3067.365,3074.271,7959
2025-03-28 11:00:00,3074.233,3079.925,3074.071,3076.371,7524
2025-03-28 12:00:00,3076.344,3081.869,3072.495,3077.456,11709
2025-03-28 13:00:00,3077.383,3084.136,3070.752,3083.497,22252
2025-03-28 14:00:00,3083.469,3086.831,3068.026,3069.937,30075
2025-03-28 15:00:00,3069.911,3085.724,3067.255,3083.707,16678
2025-03-28 16:00:00,3083.677,3086.718,3080.41,3083.879,9958
2025-03-28 17:00:00,3083.839,3085.984,3076.112,3077.431,9241
2025-03-28 18:00:00,3077.473,3080.516,3073.497,3079.683,7343
2025-03-28 19:00:00,3079.658,3081.817,3079.437,3080.734,6253
2025-03-28 20:00:00,3080.708,3085.955,3080.708,3085.146,4570
2025-03-30 22:00:00,3092.531,3097.834,3088.585,3090.003,7770
2025-03-30 23:00:00,3090.0,3090.912,3087.793,3089.213,5516
2025-03-31 00:00:00,3089.159,3089.729,3077.411,3079.115,9595
2025-03-31 01:00:00,3079.079,3095.447,3076.791,3094.757,16983
2025-03-31 02:00:00,3094.747,3107.289,3093.852,3106.648,19117
2025-03-31 03:00:00,3106.694,3111.695,3105.147,3107.138,13489
2025-03-31 04:00:00,3107.072,3115.938,3105.925,3113.29,7492
2025-03-31 05:00:00,3113.251,3120.089,3107.573,3116.585,10475
2025-03-31 06:00:00,3116.486,3128.165,3113.435,3119.181,15824
2025-03-31 07:00:00,3119.208,3125.435,3118.605,3124.523,13800
2025-03-31 08:00:00,3124.477,3127.156,3120.917,3122.168,9254
2025-03-31 09:00:00,3122.208,3123.32,3111.82,3114.882,9678
2025-03-31 10:00:00,3114.876,3123.688,3111.829,3118.439,10574
2025-03-31 11:00:00,3118.464,3119.675,3113.37,3119.48,9204
2025-03-31 12:00:00,3119.471,3126.766,3118.095,3124.488,14028
2025-03-31 13:00:00,3124.445,3124.762,3099.753,3113.478,33059
2025-03-31 14:00:00,3113.43,3123.625,3110.87,3123.117,26026
2025-03-31 15:00:00,3123.168,3127.236,3112.888,3113.807,16030
2025-03-31 16:00:00,3113.847,3120.648,3111.637,3117.567,10307
2025-03-31 17:00:00,3117.526,3120.315,3115.822,3117.905,8534
2025-03-31 18:00:00,3117.908,3123.397,3117.312,3121.48,6742
2025-03-31 19:00:00,3121.472,3124.652,3120.862,3124.36,6895
2025-03-31 20:00:00,3124.32,3124.789,3122.883,3124.071,3193
2025-03-31 22:00:00,3125.076,3125.986,3121.737,3122.797,2677
2025-03-31 23:00:00,3122.773,3126.447,3120.024,3120.581,4085
2025-04-01 00:00:00,3120.569,3127.979,3120.2,3127.26,6715
2025-04-01 01:00:00,3127.229,3138.232,3126.549,3135.386,18402
2025-04-01 02:00:00,3135.422,3145.702,3132.955,3145.131,15136
2025-04-01 03:00:00,3145.089,3147.335,3142.553,3146.028,9668
2025-04-01 04:00:00,3146.0,3147.939,3142.796,3144.721,6349
2025-04-01 05:00:00,3144.673,3149.059,3130.495,3132.07,13737
2025-04-01 06:00:00,3132.078,3138.11,3126.53,3133.728,22310
2025-04-01 07:00:00,3133.702,3137.7,3124.131,3127.638,13310
2025-04-01 08:00:00,3127.594,3135.65,3126.392,3130.909,10017
2025-04-01 09:00:00,3130.953,3134.126,3130.077,3132.344,6765
2025-04-01 10:00:00,3132.383,3138.997,3130.793,3132.412,9843
2025-04-01 11:00:00,3132.374,3135.854,3128.655,3130.319,9269
2025-04-01 12:00:00,3130.354,3134.567,3127.689,3133.235,11427
2025-04-01 13:00:00,3133.287,3137.095,3128.182,3133.821,18698
2025-04-01 14:00:00,3133.783,3135.447,3123.639,3128.694,23565
2025-04-01 15:00:00,3128.737,3133.03,3113.401,3113.725,19721
2025-04-01 16:00:00,3113.69,3116.834,3100.761,3106.653,23671
2025-04-01 17:00:00,3106.69,3114.52,3105.671,3113.641,9651
2025-04-01 18:00:00,3113.613,3118.692,3113.289,3114.183,6641
2025-04-01 19:00:00,3114.201,3119.013,3113.711,3118.723,5285
2025-04-01 20:00:00,3118.681,3120.866,3113.095,3114.303,3555
2025-04-01 22:00:00,3114.278,3114.935,3107.742,3111.381,4814
2025-04-01 23:00:00,3111.418,3116.247,3111.242,3115.16,4242
2025-04-02 00:00:00,3115.126,3123.761,3112.97,3122.897,8177
2025-04-02 01:00:00,3122.883,3135.379,3121.345,3133.117,17183
2025-04-02 02:00:00,3133.189,3135.703,3128.534,3128.61,10720
2025-04-02 03:00:00,3128.581,3132.12,3124.583,3125.489,7303
2025-04-02 04:00:00,3125.458,3126.779,3115.548,3116.192,6754
2025-04-02 05:00:00,3116.156,3119.193,3108.623,3117.978,13769
2025-04-02 06:00:00,3117.982,3119.681,3113.976,3116.541,9199
2025-04-02 07:00:00,3116.575,3126.039,3112.175,3125.314,8348
2025-04-02 08:00:00,3125.275,3133.878,3123.339,3131.316,10762
2025-04-02 09:00:00,3131.227,3131.568,3126.966,3130.997,7727
2025-04-02 10:00:00,3131.018,3131.351,3110.052,3114.412,11819
2025-04-02 11:00:00,3114.438,3123.889,3114.296,3121.23,10035
2025-04-02 12:00:00,3121.314,3127.437,3117.046,3122.451,10914
2025-04-02 13:00:00,3122.377,3132.156,3116.597,3122.233,22554
2025-04-02 14:00:00,3122.199,3129.388,3119.383,3124.859,13528
2025-04-02 15:00:00,3124.826,3128.189,3120.806,3125.909,10652
2025-04-02 16:00:00,3125.935,3134.396,3125.935,3131.47,11393
2025-04-02 17:00:00,3131.377,3131.405,3120.835,3123.541,9899
2025-04-02 18:00:00,3123.582,3126.201,3118.666,3121.907,7859
2025-04-02 19:00:00,3121.874,3127.32,3121.523,3124.388,5870
2025-04-02 20:00:00,3124.358,3141.774,3104.795,3134.072,49513
2025-04-02 22:00:00,3130.015,3148.072,3122.557,3145.789,33662
2025-04-02 23:00:00,3145.814,3167.792,3145.814,3162.702,22362
2025-04-03 00:00:00,3162.555,3164.812,3140.717,3151.32,32101
2025-04-03 01:00:00,3151.345,3163.01,3147.902,3153.397,35940
2025-04-03 02:00:00,3153.425,3155.355,3142.241,3145.192,17008
2025-04-03 03:00:00,3145.152,3152.207,3144.679,3148.066,16091
2025-04-03 04:00:00,3148.02,3149.66,3139.083,3140.371,10080
2025-04-03 05:00:00,3140.425,3141.021,3124.006,3131.888,22053
2025-04-03 06:00:00,3131.924,3134.169,3116.392,3127.782,25960
2025-04-03 07:00:00,3127.84,3130.177,3119.781,3128.957,17967
2025-04-03 08:00:00,3129.011,3132.066,3126.015,3129.007,12099
2025-04-03 09:00:00,3129.125,3129.602,3121.488,3121.568,15515
2025-04-03 10:00:00,3121.603,3122.972,3089.165,3095.556,31341
2025-04-03 11:00:00,3095.509,3100.075,3085.061,3093.188,28939
2025-04-03 12:00:00,3093.193,3094.763,3061.916,3076.261,35713
2025-04-03 13:00:00,3076.233,3093.478,3054.052,3086.124,52389
2025-04-03 14:00:00,3086.698,3135.605,3086.053,3128.939,47139
2025-04-03 15:00:00,3128.968,3129.563,3103.896,3110.558,32972
2025-04-03 16:00:00,3110.604,3114.282,3101.799,3107.551,17124
2025-04-03 17:00:00,3107.533,3109.928,3099.949,3109.5,13297
2025-04-03 18:00:00,3109.542,3111.701,3102.115,3111.586,8111
2025-04-03 19:00:00,3111.608,3113.296,3101.532,3107.583,9199
2025-04-03 20:00:00,3107.567,3119.962,3107.2,3113.145,6869
2025-04-03 22:00:00,3114.351,3116.719,3112.327,3115.387,4302
2025-04-03 23:00:00,3115.423,3116.274,3109.757,3112.884,6416
2025-04-04 00:00:00,3112.908,3115.045,3106.014,3110.542,10097
2025-04-04 01:00:00,3110.508,3115.792,3109.102,3109.875,10466
2025-04-04 02:00:00,3109.867,3112.974,3091.197,3096.727,16629
2025-04-04 03:00:00,3096.691,3099.098,3086.989,3098.409,16580
2025-04-04 04:00:00,3098.438,3105.014,3095.992,3100.157,10692
2025-04-04 05:00:00,3100.119,3108.908,3098.82,3108.908,10680
2025-04-04 06:00:00,3108.882,3109.931,3100.471,3101.083,10861
2025-04-04 07:00:00,3100.978,3103.473,3091.993,3092.85,17804
2025-04-04 08:00:00,3092.824,3094.121,3078.448,3084.201,17301
2025-04-04 09:00:00,3084.175,3095.913,3083.869,3090.725,13979
2025-04-04 10:00:00,3090.749,3116.18,3090.501,3110.273,29635
2025-04-04 11:00:00,3110.23,3136.725,3095.552,3110.242,48622
2025-04-04 12:00:00,3110.248,3111.835,3069.359,3071.138,50195
2025-04-04 13:00:00,3071.176,3087.424,3059.6,3061.74,47963
2025-04-04 14:00:00,3061.858,3061.858,3026.903,3038.414,54668
2025-04-04 15:00:00,3038.455,3050.522,3016.939,3021.908,51841
2025-04-04 16:00:00,3021.944,3036.782,3017.578,3030.875,29197
2025-04-04 17:00:00,3030.909,3032.932,3015.556,3025.754,25483
2025-04-04 18:00:00,3025.714,3027.883,3017.896,3025.483,15148
2025-04-04 19:00:00,3025.508,3040.929,3021.97,3036.464,20041
2025-04-04 20:00:00,3036.423,3040.902,3033.84,3038.506,9054
2025-04-06 22:00:00,3028.686,3032.445,2999.824,3009.903,18303
2025-04-06 23:00:00,3009.929,3017.124,2977.024,2999.944,28253
2025-04-07 00:00:00,2999.954,3009.67,2970.689,2978.978,34191
2025-04-07 01:00:00,2978.939,3055.714,2972.065,3038.425,75950
2025-04-07 02:00:00,3038.383,3055.804,3024.274,3025.844,37126
2025-04-07 03:00:00,3025.82,3034.078,3017.112,3018.884,22959
2025-04-07 04:00:00,3018.951,3035.68,3018.951,3035.47,14253
2025-04-07 05:00:00,3035.425,3044.629,3024.9,3032.003,20494
2025-04-07 06:00:00,3031.959,3033.584,3016.667,3029.887,29280
2025-04-07 07:00:00,3029.928,3030.798,3013.2,3018.569,37950
2025-04-07 08:00:00,3018.527,3035.525,3017.652,3031.224,24180
2025-04-07 09:00:00,3031.425,3033.449,3019.527,3025.163,20044
2025-04-07 10:00:00,3025.192,3036.473,3024.1,3031.415,21995
2025-04-07 11:00:00,3031.372,3046.148,3030.221,3031.321,24824
2025-04-07 12:00:00,3031.369,3032.943,3014.735,3031.164,37217
2025-04-07 13:00:00,3031.079,3034.213,3002.122,3015.48,49806
2025-04-07 14:00:00,3015.431,3038.018,2996.453,2999.309,75941
2025-04-07 15:00:00,2999.351,3004.853,2979.826,2987.491,42399
2025-04-07 16:00:00,2987.526,2987.849,2969.864,2970.629,26154
2025-04-07 17:00:00,2970.654,2975.218,2956.302,2970.05,35159
2025-04-07 18:00:00,2970.085,2976.717,2963.985,2965.824,17041
2025-04-07 19:00:00,2965.778,2982.104,2965.332,2976.636,16469
2025-04-07 20:00:00,2976.704,2986.197,2969.926,2982.355,8273
2025-04-07 22:00:00,2982.102,2988.636,2980.892,2986.678,7001
2025-04-07 23:00:00,2986.678,2987.403,2978.548,2981.392,7483
2025-04-08 00:00:00,2981.366,2992.659,2980.318,2985.399,15671
2025-04-08 01:00:00,2985.357,3003.183,2983.566,2999.716,27925
2025-04-08 02:00:00,2999.843,3004.867,2998.275,3000.864,13812
2025-04-08 03:00:00,3000.909,3001.059,2993.076,2994.741,12427
2025-04-08 04:00:00,2994.716,3002.901,2990.88,3002.229,10604
2025-04-08 05:00:00,3002.197,3008.36,2999.422,3005.599,13274
2025-04-08 06:00:00,3005.651,3015.779,3002.462,3013.25,18537
2025-04-08 07:00:00,3013.276,3013.914,3001.99,3003.607,20430
2025-04-08 08:00:00,3003.579,3009.302,3001.211,3007.426,10929
2025-04-08 09:00:00,3007.384,3007.814,2994.795,3006.824,13207
2025-04-08 10:00:00,3006.862,3010.257,3004.11,3008.971,8522
2025-04-08 11:00:00,3008.898,3019.502,3008.61,3017.379,10009
2025-04-08 12:00:00,3017.456,3019.434,3002.358,3002.509,17424
2025-04-08 13:00:00,3002.573,3022.746,3002.544,3010.414,27461
2025-04-08 14:00:00,3010.319,3018.178,3005.888,3006.181,20347
2025-04-08 15:00:00,3006.215,3012.4,3001.222,3001.545,14140
2025-04-08 16:00:00,3001.596,3001.596,2984.324,2986.021,16602
2025-04-08 17:00:00,2986.062,2987.368,2974.596,2985.158,18450
2025-04-08 18:00:00,2985.048,2992.38,2979.367,2983.636,11765
2025-04-08 19:00:00,2983.598,2987.565,2976.72,2984.959,9960
2025-04-08 20:00:00,2984.996,2986.554,2977.113,2982.305,5521
2025-04-08 22:00:00,2984.367,2985.46,2980.121,2981.925,5226
2025-04-08 23:00:00,2981.963,2990.87,2969.978,2978.398,11164
2025-04-09 00:00:00,2978.425,2987.058,2974.776,2980.345,18350
2025-04-09 01:00:00,2980.393,3009.858,2972.457,3008.771,32674
2025-04-09 02:00:00,3008.715,3011.253,2999.899,3002.984,15838
2025-04-09 03:00:00,3002.923,3009.785,3002.584,3004.464,11927
2025-04-09 04:00:00,3004.464,3014.175,2999.481,3012.337,14382
2025-04-09 05:00:00,3012.37,3020.537,3005.502,3015.45,18215
2025-04-09 06:00:00,3015.489,3040.918,3014.561,3039.09,22938
2025-04-09 07:00:00,3039.06,3052.419,3034.366,3041.091,21219
2025-04-09 08:00:00,3041.05,3051.205,3038.14,3044.048,14645
2025-04-09 09:00:00,3043.951,3049.68,3038.555,3045.013,11290
2025-04-09 10:00:00,3045.008,3046.961,3038.195,3042.884,12015
2025-04-09 11:00:00,3042.91,3068.139,3036.074,3066.596,27648
2025-04-09 12:00:00,3066.631,3073.049,3042.626,3047.418,29421
2025-04-09 13:00:00,3047.446,3077.986,3047.256,3075.336,33310
2025-04-09 14:00:00,3075.286,3084.64,3068.387,3070.576,21537
2025-04-09 15:00:00,3070.494,3087.778,3065.283,3086.288,15864
2025-04-09 16:00:00,3086.33,3094.764,3082.772,3092.332,12180
2025-04-09 17:00:00,3092.44,3099.069,3051.123,3059.983,46396
2025-04-09 18:00:00,3059.942,3073.556,3048.521,3067.141,29199
2025-04-09 19:00:00,3067.216,3099.646,3064.241,3093.548,22379
2025-04-09 20:00:00,3093.515,3095.551,3078.159,3083.131,9283
2025-04-09 22:00:00,3080.368,3089.93,3071.437,3080.057,8998
2025-04-09 23:00:00,3080.052,3089.015,3079.567,3086.784,8625
2025-04-10 00:00:00,3086.745,3101.404,3081.346,3097.201,16674
2025-04-10 01:00:00,3097.171,3100.613,3078.448,3094.078,23975
2025-04-10 02:00:00,3094.069,3120.388,3093.894,3119.296,22529
2025-04-10 03:00:00,3119.256,3131.834,3115.295,3125.402,14862
2025-04-10 04:00:00,3125.365,3129.401,3121.164,3125.325,8854
2025-04-10 05:00:00,3125.346,3132.57,3112.725,3122.424,12148
2025-04-10 06:00:00,3122.387,3126.345,3118.941,3122.103,12260
2025-04-10 07:00:00,3122.135,3123.501,3106.611,3108.703,15935
2025-04-10 08:00:00,3108.704,3115.783,3104.686,3105.075,14021
2025-04-10 09:00:00,3105.075,3118.084,3103.182,3116.599,11158
2025-04-10 10:00:00,3116.623,3122.605,3114.358,3120.046,10722
2025-04-10 11:00:00,3120.096,3125.656,3113.158,3124.677,12300
2025-04-10 12:00:00,3124.702,3133.993,3116.317,3123.114,22880
2025-04-10 13:00:00,3123.139,3136.625,3116.039,3116.956,26658
2025-04-10 14:00:00,3116.918,3154.884,3116.827,3154.647,27923
2025-04-10 15:00:00,3154.621,3174.993,3154.437,3157.996,23062
2025-04-10 16:00:00,3158.015,3167.287,3153.956,3158.572,22095
2025-04-10 17:00:00,3158.538,3165.538,3151.545,3162.772,14765
2025-04-10 18:00:00,3162.775,3175.692,3158.001,3173.326,11665
2025-04-10 19:00:00,3173.397,3176.428,3167.998,3170.773,10920
2025-04-10 20:00:00,3170.749,3176.428,3168.493,3175.703,5504
2025-04-10 22:00:00,3177.764,3190.332,3176.372,3188.888,9210
2025-04-10 23:00:00,3188.926,3191.341,3183.054,3188.972,8959
2025-04-11 00:00:00,3188.993,3217.907,3184.855,3205.6,26674
2025-04-11 01:00:00,3205.55,3219.465,3201.018,3207.168,31327
2025-04-11 02:00:00,3207.209,3219.899,3205.993,3217.394,16490
2025-04-11 03:00:00,3217.354,3220.133,3214.129,3217.686,10950
2025-04-11 04:00:00,3217.693,3218.137,3208.455,3208.601,9120
2025-04-11 05:00:00,3208.581,3219.25,3187.126,3195.798,24396
2025-04-11 06:00:00,3195.773,3209.574,3190.225,3197.219,22732
2025-04-11 07:00:00,3197.243,3213.128,3193.912,3212.406,17188
2025-04-11 08:00:00,3212.43,3227.449,3208.511,3215.96,21823
2025-04-11 09:00:00,3215.984,3230.145,3211.935,3227.776,15524
2025-04-11 10:00:00,3227.741,3237.815,3210.091,3212.572,18476
2025-04-11 11:00:00,3212.643,3224.701,3211.495,3213.872,17640
2025-04-11 12:00:00,3213.91,3234.017,3211.033,3233.669,21814
2025-04-11 13:00:00,3233.65,3244.158,3219.607,3224.108,31654
2025-04-11 14:00:00,3224.117,3237.819,3222.909,3230.264,27820
2025-04-11 15:00:00,3230.226,3242.093,3229.404,3240.602,15633
2025-04-11 16:00:00,3240.601,3245.436,3219.561,3223.263,16045
2025-04-11 17:00:00,3223.318,3235.558,3223.318,3233.951,15027
2025-04-11 18:00:00,3234.0,3238.305,3231.208,3235.711,8525
2025-04-11 19:00:00,3235.678,3235.706,3227.462,3231.084,9212
2025-04-11 20:00:00,3231.057,3238.968,3230.864,3237.519,5161
2025-04-13 22:00:00,3220.46,3224.747,3213.589,3221.333,10146
2025-04-13 23:00:00,3221.374,3224.548,3216.864,3223.805,9643
2025-04-14 00:00:00,3223.699,3227.234,3219.19,3221.016,9702
2025-04-14 01:00:00,3221.04,3243.601,3215.38,3239.702,22033
2025-04-14 02:00:00,3239.673,3245.757,3229.538,3232.001,14166
2025-04-14 03:00:00,3231.956,3234.741,3226.909,3232.444,8757
2025-04-14 04:00:00,3232.445,3235.8,3226.137,3227.431,7210
2025-04-14 05:00:00,3227.39,3236.043,3221.386,3234.408,10685
2025-04-14 06:00:00,3234.383,3238.159,3228.886,3231.059,11631
2025-04-14 07:00:00,3231.086,3233.725,3224.756,3228.013,10050
2025-04-14 08:00:00,3227.973,3230.07,3216.566,3227.023,14132
2025-04-14 09:00:00,3227.02,3231.742,3220.898,3223.843,10933
2025-04-14 10:00:00,3223.889,3224.696,3206.323,3215.266,15814
2025-04-14 11:00:00,3215.235,3225.796,3213.94,3223.359,11034
2025-04-14 12:00:00,3223.332,3227.71,3200.514,3206.788,20367
2025-04-14 13:00:00,3206.744,3210.684,3193.552,3204.628,30964
2025-04-14 14:00:00,3204.56,3215.725,3200.39,3211.223,9352
2025-04-14 15:00:00,3211.17,3211.192,3196.365,3198.051,15301
2025-04-14 16:00:00,3198.089,3208.308,3197.637,3207.504,9865
2025-04-14 17:00:00,3207.565,3216.602,3207.018,3214.045,9062
2025-04-14 18:00:00,3214.138,3214.871,3201.379,3208.11,7314
2025-04-14 19:00:00,3208.078,3213.083,3207.726,3212.699,6348
2025-04-14 20:00:00,3212.745,3213.821,3207.342,3210.376,3874
2025-04-14 22:00:00,3211.99,3215.245,3210.762,3212.21,3659
2025-04-14 23:00:00,3212.224,3214.202,3210.458,3212.598,3910
2025-04-15 00:00:00,3212.634,3215.168,3210.772,3211.862,6209
2025-04-15 01:00:00,3211.827,3225.98,3209.977,3223.662,13303
2025-04-15 02:00:00,3223.705,3225.038,3218.719,3224.272,7923
2025-04-15 03:00:00,3224.192,3228.966,3223.252,3228.304,7502
2025-04-15 04:00:00,3228.345,3232.704,3226.805,3231.835,5622
2025-04-15 05:00:00,3231.81,3232.135,3220.817,3224.644,8636
2025-04-15 06:00:00,3224.685,3228.756,3223.203,3225.109,7338
2025-04-15 07:00:00,3225.15,3226.511,3217.361,3225.623,9660
2025-04-15 08:00:00,3225.65,3232.139,3224.327,3227.693,10941
2025-04-15 09:00:00,3227.657,3230.075,3221.116,3222.458,6618
2025-04-15 10:00:00,3222.569,3226.895,3219.574,3220.252,6452
2025-04-15 11:00:00,3220.268,3224.092,3216.776,3220.164,7470
2025-04-15 12:00:00,3220.192,3226.2,3214.293,3221.465,11204
2025-04-15 13:00:00,3221.497,3226.323,3211.575,3213.122,13759
2025-04-15 14:00:00,3213.147,3226.861,3213.147,3222.683,15265
2025-04-15 15:00:00,3222.682,3224.079,3217.059,3221.371,7640
2025-04-15 16:00:00,3221.394,3223.366,3219.487,3221.473,5397
2025-04-15 17:00:00,3221.396,3230.727,3220.338,3228.017,5964
2025-04-15 18:00:00,3228.054,3229.68,3225.7,3229.074,5157
2025-04-15 19:00:00,3229.075,3231.877,3226.207,3229.793,5040
2025-04-15 20:00:00,3229.831,3233.674,3226.428,3229.808,4064
2025-04-15 22:00:00,3230.815,3242.184,3229.896,3241.366,5207
2025-04-15 23:00:00,3241.41,3251.826,3238.382,3251.78,8595
2025-04-16 00:00:00,3251.804,3268.039,3251.59,3264.5,15963
2025-04-16 01:00:00,3264.473,3275.104,3256.014,3270.263,18969
2025-04-16 02:00:00,3270.216,3275.424,3266.967,3267.764,10320
2025-04-16 03:00:00,3267.644,3281.75,3266.135,3281.401,9375
2025-04-16 04:00:00,3281.401,3287.591,3269.346,3283.733,9989
2025-04-16 05:00:00,3283.702,3291.782,3283.603,3289.765,9892
2025-04-16 06:00:00,3289.814,3295.042,3285.986,3291.759,11288
2025-04-16 07:00:00,3291.768,3300.711,3291.315,3300.41,13639
2025-04-16 08:00:00,3300.458,3317.821,3288.588,3307.048,23029
2025-04-16 09:00:00,3307.092,3310.906,3300.028,3303.581,11099
2025-04-16 10:00:00,3303.607,3306.801,3299.598,3304.074,8053
2025-04-16 11:00:00,3304.175,3313.72,3293.164,3306.842,16099
2025-04-16 12:00:00,3306.798,3313.42,3302.436,3307.343,14979
2025-04-16 13:00:00,3307.359,3316.499,3296.86,3311.587,20607
2025-04-16 14:00:00,3311.648,3319.62,3306.147,3308.425,20991
2025-04-16 15:00:00,3308.538,3328.212,3305.294,3325.328,16281
2025-04-16 16:00:00,3325.288,3333.003,3321.433,3327.249,12369
2025-04-16 17:00:00,3327.277,3332.84,3324.466,3328.249,10972
2025-04-16 18:00:00,3328.222,3340.734,3326.395,3338.31,10123
2025-04-16 19:00:00,3338.399,3342.497,3335.892,3336.676,8876
2025-04-16 20:00:00,3336.72,3342.665,3334.437,3342.198,5830
2025-04-16 22:00:00,3343.801,3357.731,3343.035,3351.033,8909
2025-04-16 23:00:00,3351.072,3353.445,3346.918,3350.133,7721
2025-04-17 00:00:00,3350.168,3351.299,3342.027,3345.428,12422
2025-04-17 01:00:00,3345.351,3356.281,3320.801,3323.912,34802
2025-04-17 02:00:00,3323.888,3340.669,3321.086,3340.392,17566
2025-04-17 03:00:00,3340.367,3344.57,3337.404,3344.57,10323
2025-04-17 04:00:00,3344.523,3344.523,3337.863,3341.485,8262
2025-04-17 05:00:00,3341.531,3345.47,3328.403,3329.429,10548
2025-04-17 06:00:00,3329.456,3333.0,3325.204,3328.931,14975
2025-04-17 07:00:00,3328.899,3330.073,3314.279,3323.323,17868
2025-04-17 08:00:00,3323.36,3324.848,3312.657,3324.206,11123
2025-04-17 09:00:00,3324.234,3326.897,3320.594,3321.605,8441
2025-04-17 10:00:00,3321.593,3334.172,3321.053,3327.687,9783
2025-04-17 11:00:00,3327.711,3332.47,3322.372,3327.371,9754
2025-04-17 12:00:00,3327.322,3342.433,3322.144,3328.196,17154
2025-04-17 13:00:00,3328.22,3332.024,3311.956,3315.081,24940
2025-04-17 14:00:00,3315.055,3315.055,3283.849,3291.38,38190
2025-04-17 15:00:00,3291.412,3304.843,3290.598,3296.431,19365
2025-04-17 16:00:00,3296.335,3318.709,3294.904,3316.089,14289
2025-04-17 17:00:00,3316.142,3322.519,3314.31,3318.998,10022
2025-04-17 18:00:00,3319.044,3320.904,3314.317,3316.43,6290
2025-04-17 19:00:00,3316.404,3321.881,3310.958,3320.769,7117
2025-04-17 20:00:00,3320.691,3325.009,3317.975,3324.43,3051
