time,open,high,low,close,tick_volume
2023-09-07 03:00:00,1.24973,1.2505899999999999,1.24957,1.25043,1079
2023-09-07 04:00:00,1.25043,1.25043,1.24935,1.24974,779
2023-09-07 05:00:00,1.24973,1.2499500000000001,1.24924,1.24959,1705
2023-09-07 06:00:00,1.24958,1.25079,1.24766,1.24796,3300
2023-09-07 07:00:00,1.24796,1.24854,1.24606,1.24724,4280
2023-09-07 08:00:00,1.24723,1.24793,1.24572,1.24772,3134
2023-09-07 09:00:00,1.24775,1.2487300000000001,1.24642,1.24691,2858
2023-09-07 10:00:00,1.24692,1.24706,1.245,1.24547,2604
2023-09-07 11:00:00,1.24547,1.24689,1.24546,1.24602,2064
2023-09-07 12:00:00,1.24602,1.24686,1.24451,1.24616,4486
2023-09-07 13:00:00,1.24617,1.24739,1.24527,1.24546,4661
2023-09-07 14:00:00,1.24548,1.24779,1.24468,1.24749,3971
2023-09-07 15:00:00,1.24748,1.24894,1.24677,1.24838,3080
2023-09-07 16:00:00,1.24839,1.24844,1.24723,1.24748,2034
2023-09-07 17:00:00,1.24747,1.24865,1.24734,1.24744,1395
2023-09-07 18:00:00,1.24745,1.24793,1.24692,1.24692,1462
2023-09-07 19:00:00,1.24693,1.24787,1.24673,1.2469999999999999,1316
2023-09-07 20:00:00,1.24701,1.24746,1.24699,1.24702,707
2023-09-07 21:00:00,1.24658,1.24715,1.24626,1.24662,351
2023-09-07 22:00:00,1.24701,1.24719,1.24684,1.24698,264
2023-09-07 23:00:00,1.24698,1.24747,1.2468,1.24747,358
2023-09-08 00:00:00,1.24748,1.24931,1.24735,1.24909,1824
2023-09-08 01:00:00,1.24909,1.24958,1.24728,1.2493,2286
2023-09-08 02:00:00,1.24929,1.25011,1.24905,1.24986,1434
2023-09-08 03:00:00,1.24987,1.24997,1.24946,1.24956,1045
2023-09-08 04:00:00,1.24956,1.24959,1.24895,1.24897,850
2023-09-08 05:00:00,1.24897,1.25049,1.24895,1.25033,1166
2023-09-08 06:00:00,1.2503199999999999,1.25096,1.24815,1.24827,2468
2023-09-08 07:00:00,1.24825,1.24957,1.24781,1.24928,3461
2023-09-08 08:00:00,1.24929,1.24997,1.2482199999999999,1.24863,3443
2023-09-08 09:00:00,1.24863,1.24879,1.24737,1.24825,3156
2023-09-08 10:00:00,1.24826,1.24833,1.24694,1.24806,2501
2023-09-08 11:00:00,1.24806,1.24832,1.24667,1.2482,2523
2023-09-08 12:00:00,1.24824,1.24978,1.24771,1.24793,3483
2023-09-08 13:00:00,1.24796,1.24982,1.24756,1.2495,4679
2023-09-08 14:00:00,1.24952,1.25139,1.24763,1.2484899999999999,4553
2023-09-08 15:00:00,1.2485,1.24852,1.24689,1.24735,2822
2023-09-08 16:00:00,1.24736,1.24759,1.24588,1.24618,1738
2023-09-08 17:00:00,1.24617,1.24697,1.24567,1.24643,1524
2023-09-08 18:00:00,1.24643,1.24679,1.24508,1.2451,1356
2023-09-08 19:00:00,1.2451,1.24551,1.24508,1.24551,1013
2023-09-08 20:00:00,1.24551,1.24655,1.24546,1.24652,915
2023-09-10 21:00:00,1.2461,1.2475100000000001,1.24603,1.24694,526
2023-09-10 22:00:00,1.24759,1.24814,1.24706,1.24781,783
2023-09-10 23:00:00,1.2478,1.24918,1.24744,1.24878,887
2023-09-11 00:00:00,1.2488,1.2494,1.24815,1.2486,1958
2023-09-11 01:00:00,1.24861,1.24961,1.2482,1.2495,2390
2023-09-11 02:00:00,1.24949,1.25033,1.24929,1.25001,1484
2023-09-11 03:00:00,1.25001,1.25011,1.24958,1.2501,1211
2023-09-11 04:00:00,1.25011,1.25197,1.25003,1.25184,1885
2023-09-11 05:00:00,1.25184,1.25268,1.25112,1.25134,2323
2023-09-11 06:00:00,1.25133,1.2522199999999999,1.25098,1.25176,2731
2023-09-11 07:00:00,1.25177,1.2527300000000001,1.25161,1.25224,2541
2023-09-11 08:00:00,1.25225,1.2530000000000001,1.2516,1.25192,2139
2023-09-11 09:00:00,1.2519,1.2536800000000001,1.2517,1.2533,2565
2023-09-11 10:00:00,1.25331,1.25333,1.25152,1.25159,1729
2023-09-11 11:00:00,1.2515800000000001,1.25171,1.25006,1.25142,2314
2023-09-11 12:00:00,1.25144,1.25269,1.25111,1.25268,3048
2023-09-11 13:00:00,1.2527,1.25434,1.25224,1.25287,3665
2023-09-11 14:00:00,1.25284,1.25476,1.25269,1.25282,4272
2023-09-11 15:00:00,1.25282,1.25319,1.25233,1.25261,2739
2023-09-11 16:00:00,1.25262,1.2542200000000001,1.25204,1.25214,1628
2023-09-11 17:00:00,1.25214,1.2521499999999999,1.25112,1.25123,1280
2023-09-11 18:00:00,1.25123,1.25145,1.25071,1.25086,1219
2023-09-11 19:00:00,1.25084,1.25183,1.25071,1.25118,1425
2023-09-11 20:00:00,1.2511700000000001,1.2512699999999999,1.25068,1.25068,582
2023-09-11 21:00:00,1.2502900000000001,1.25099,1.24987,1.25088,379
2023-09-11 22:00:00,1.25102,1.2511999999999999,1.25089,1.25113,295
2023-09-11 23:00:00,1.25114,1.25122,1.25073,1.25074,359
2023-09-12 00:00:00,1.25076,1.25099,1.2502900000000001,1.2505600000000001,1234
2023-09-12 01:00:00,1.25058,1.25231,1.25006,1.2505600000000001,2589
2023-09-12 02:00:00,1.25055,1.25159,1.25028,1.25159,1743
2023-09-12 03:00:00,1.2515800000000001,1.25179,1.25112,1.25162,1075
2023-09-12 04:00:00,1.25163,1.25163,1.25089,1.25105,1013
2023-09-12 05:00:00,1.25102,1.25156,1.25068,1.25083,1421
2023-09-12 06:00:00,1.25083,1.25281,1.24965,1.2511700000000001,3419
2023-09-12 07:00:00,1.2511700000000001,1.25155,1.24767,1.2485,3884
2023-09-12 08:00:00,1.2485,1.24881,1.24627,1.24672,3027
2023-09-12 09:00:00,1.24671,1.24746,1.24642,1.24698,2340
2023-09-12 10:00:00,1.24697,1.24768,1.24627,1.24681,1635
2023-09-12 11:00:00,1.2468,1.24707,1.24594,1.24702,2126
2023-09-12 12:00:00,1.24702,1.24833,1.2459,1.24675,3373
2023-09-12 13:00:00,1.24673,1.24747,1.24608,1.24688,3981
2023-09-12 14:00:00,1.2469000000000001,1.24748,1.24633,1.24643,3332
2023-09-12 15:00:00,1.24643,1.24804,1.24641,1.2475,2202
2023-09-12 16:00:00,1.24752,1.24913,1.24749,1.24777,1501
2023-09-12 17:00:00,1.2477800000000001,1.24874,1.24759,1.24777,1520
2023-09-12 18:00:00,1.24776,1.249,1.24755,1.24852,1485
2023-09-12 19:00:00,1.24852,1.24922,1.24842,1.24916,1078
2023-09-12 20:00:00,1.24917,1.24984,1.24898,1.24904,1109
2023-09-12 21:00:00,1.24842,1.24909,1.24791,1.24876,491
2023-09-12 22:00:00,1.249,1.24946,1.24893,1.24939,312
2023-09-12 23:00:00,1.24939,1.24943,1.24904,1.2490700000000001,517
2023-09-13 00:00:00,1.24909,1.25,1.2490700000000001,1.24936,1514
2023-09-13 01:00:00,1.24936,1.25017,1.2488,1.24909,1837
2023-09-13 02:00:00,1.24909,1.24947,1.24807,1.24826,1671
2023-09-13 03:00:00,1.24826,1.249,1.24818,1.24881,1059
2023-09-13 04:00:00,1.24881,1.24955,1.24868,1.24943,865
2023-09-13 05:00:00,1.24942,1.24976,1.24818,1.24866,1579
2023-09-13 06:00:00,1.2487,1.2487,1.24461,1.24494,4874
2023-09-13 07:00:00,1.24491,1.24702,1.24404,1.24682,3785
2023-09-13 08:00:00,1.24681,1.24782,1.24657,1.24772,3454
2023-09-13 09:00:00,1.24771,1.24861,1.24621,1.24633,2827
2023-09-13 10:00:00,1.24631,1.24775,1.24554,1.24773,2294
2023-09-13 11:00:00,1.24771,1.24808,1.24685,1.24723,2523
2023-09-13 12:00:00,1.24724,1.24993,1.24315,1.24854,10412
2023-09-13 13:00:00,1.24854,1.25114,1.24713,1.24969,8059
2023-09-13 14:00:00,1.2497099999999999,1.25023,1.24796,1.24908,5909
2023-09-13 15:00:00,1.24908,1.25007,1.2481200000000001,1.24869,3073
2023-09-13 16:00:00,1.24869,1.2502,1.2486,1.24947,2403
2023-09-13 17:00:00,1.2494399999999999,1.25058,1.24922,1.2502,1953
2023-09-13 18:00:00,1.25019,1.2504,1.2484899999999999,1.24869,1376
2023-09-13 19:00:00,1.24869,1.2489,1.24807,1.2487300000000001,1392
2023-09-13 20:00:00,1.2487300000000001,1.24903,1.24868,1.24888,582
2023-09-13 21:00:00,1.24845,1.24863,1.24749,1.24839,814
2023-09-13 22:00:00,1.24837,1.2490700000000001,1.24837,1.2490700000000001,429
2023-09-13 23:00:00,1.24908,1.24916,1.24868,1.2489,402
2023-09-14 00:00:00,1.24892,1.2502900000000001,1.24846,1.25015,1192
2023-09-14 01:00:00,1.25015,1.25039,1.24914,1.24942,2066
2023-09-14 02:00:00,1.24941,1.2494399999999999,1.2485,1.24927,1265
2023-09-14 03:00:00,1.24928,1.24977,1.24923,1.2497,1011
2023-09-14 04:00:00,1.2497,1.25033,1.24967,1.25007,881
2023-09-14 05:00:00,1.25008,1.2505600000000001,1.24967,1.24986,1339
2023-09-14 06:00:00,1.24986,1.24986,1.24884,1.24931,2018
2023-09-14 07:00:00,1.2493,1.24935,1.2479,1.24855,2752
2023-09-14 08:00:00,1.24853,1.24929,1.24821,1.24863,2648
2023-09-14 09:00:00,1.24863,1.24863,1.24684,1.24741,1897
2023-09-14 10:00:00,1.24741,1.24759,1.24602,1.24622,2991
2023-09-14 11:00:00,1.24624,1.24783,1.24618,1.24753,2211
2023-09-14 12:00:00,1.24755,1.24798,1.24134,1.24391,9954
2023-09-14 13:00:00,1.24391,1.24603,1.24159,1.24211,9793
2023-09-14 14:00:00,1.24212,1.24319,1.24005,1.24156,5480
2023-09-14 15:00:00,1.24157,1.24248,1.24039,1.24073,3165
2023-09-14 16:00:00,1.24072,1.24199,1.24033,1.2414,2308
2023-09-14 17:00:00,1.2414,1.24173,1.23962,1.24013,1726
2023-09-14 18:00:00,1.24013,1.24064,1.23972,1.24014,1373
2023-09-14 19:00:00,1.24016,1.24077,1.24013,1.2406,1341
2023-09-14 20:00:00,1.24059,1.24119,1.24059,1.24069,613
2023-09-14 21:00:00,1.24036,1.24071,1.2399499999999999,1.24062,245
2023-09-14 22:00:00,1.2408,1.24095,1.24061,1.24084,327
2023-09-14 23:00:00,1.24084,1.24084,1.23993,1.24004,420
2023-09-15 00:00:00,1.24006,1.24109,1.23993,1.24102,1351
2023-09-15 01:00:00,1.24103,1.24123,1.2401,1.24114,1568
2023-09-15 02:00:00,1.24115,1.24213,1.24106,1.24184,1673
2023-09-15 03:00:00,1.24184,1.24218,1.24148,1.24217,1026
2023-09-15 04:00:00,1.24218,1.24293,1.24188,1.2428,885
2023-09-15 05:00:00,1.2428,1.24286,1.24204,1.24275,1554
2023-09-15 06:00:00,1.24273,1.24333,1.24215,1.24268,2628
2023-09-15 07:00:00,1.24268,1.2436099999999999,1.24155,1.2435,3153
2023-09-15 08:00:00,1.24352,1.24454,1.2432699999999999,1.24397,2807
2023-09-15 09:00:00,1.24396,1.24398,1.24304,1.24306,1893
2023-09-15 10:00:00,1.24305,1.24341,1.2411699999999999,1.2413,2025
2023-09-15 11:00:00,1.24127,1.24142,1.23983,1.24058,1910
2023-09-15 12:00:00,1.24059,1.2414,1.2389999999999999,1.23905,3498
2023-09-15 13:00:00,1.23904,1.24118,1.23887,1.2393399999999999,4165
2023-09-15 14:00:00,1.23942,1.2425,1.23892,1.23944,5604
2023-09-15 15:00:00,1.23941,1.24032,1.23846,1.23886,3574
2023-09-15 16:00:00,1.23886,1.24005,1.23884,1.23992,1903
2023-09-15 17:00:00,1.23991,1.23992,1.2389999999999999,1.23933,1551
2023-09-15 18:00:00,1.23933,1.23939,1.23813,1.23814,1220
2023-09-15 19:00:00,1.23814,1.23858,1.23784,1.2384,1286
2023-09-15 20:00:00,1.2383899999999999,1.23856,1.23787,1.23824,939
2023-09-17 21:00:00,1.2376800000000001,1.23837,1.23765,1.23832,165
2023-09-17 22:00:00,1.23854,1.23893,1.23833,1.2388,420
2023-09-17 23:00:00,1.23894,1.2397,1.23884,1.23968,469
2023-09-18 00:00:00,1.23968,1.24018,1.2393399999999999,1.23994,978
2023-09-18 01:00:00,1.23994,1.24036,1.2386300000000001,1.23872,1662
2023-09-18 02:00:00,1.23872,1.2395100000000001,1.23869,1.2389000000000001,1225
2023-09-18 03:00:00,1.23888,1.23943,1.2387,1.23874,730
2023-09-18 04:00:00,1.23871,1.23957,1.23859,1.23956,621
2023-09-18 05:00:00,1.23956,1.23991,1.23929,1.23941,968
2023-09-18 06:00:00,1.23943,1.24042,1.23868,1.23872,2467
2023-09-18 07:00:00,1.2387299999999999,1.2392400000000001,1.23755,1.2379,2629
2023-09-18 08:00:00,1.2379,1.23811,1.23699,1.2380200000000001,2063
2023-09-18 09:00:00,1.23803,1.2403,1.23799,1.24021,1969
2023-09-18 10:00:00,1.24021,1.24098,1.23971,1.2401200000000001,1570
2023-09-18 11:00:00,1.24013,1.24019,1.2381199999999999,1.2382900000000001,1644
2023-09-18 12:00:00,1.2382900000000001,1.23896,1.2376800000000001,1.2380200000000001,2637
2023-09-18 13:00:00,1.23803,1.23928,1.23732,1.23759,3279
2023-09-18 14:00:00,1.23761,1.2389000000000001,1.23725,1.23804,3499
2023-09-18 15:00:00,1.23803,1.2404600000000001,1.23781,1.24004,2444
2023-09-18 16:00:00,1.24005,1.2402,1.23922,1.23949,1568
2023-09-18 17:00:00,1.23949,1.2398500000000001,1.23861,1.23864,1201
2023-09-18 18:00:00,1.23864,1.23872,1.23738,1.23748,1047
2023-09-18 19:00:00,1.23748,1.23818,1.23747,1.23817,1036
2023-09-18 20:00:00,1.23817,1.2387,1.2381199999999999,1.23817,630
2023-09-18 21:00:00,1.2376800000000001,1.23838,1.23746,1.23837,309
2023-09-18 22:00:00,1.2386300000000001,1.2386300000000001,1.23805,1.2382,353
2023-09-18 23:00:00,1.23834,1.23849,1.23816,1.23825,409
2023-09-19 00:00:00,1.23827,1.23911,1.23796,1.23818,1195
2023-09-19 01:00:00,1.23817,1.2383,1.23749,1.23758,1206
2023-09-19 02:00:00,1.23757,1.23806,1.23748,1.2377799999999999,955
2023-09-19 03:00:00,1.2377799999999999,1.23809,1.2376,1.23775,728
2023-09-19 04:00:00,1.23775,1.2381199999999999,1.23765,1.23781,783
2023-09-19 05:00:00,1.23781,1.23803,1.23711,1.23786,1123
2023-09-19 06:00:00,1.23788,1.23809,1.23686,1.23785,2024
2023-09-19 07:00:00,1.23787,1.23925,1.2373,1.23888,2867
2023-09-19 08:00:00,1.23885,1.23892,1.23756,1.23757,2439
2023-09-19 09:00:00,1.23755,1.23887,1.23709,1.23878,1983
2023-09-19 10:00:00,1.23878,1.2402,1.23817,1.23947,2269
2023-09-19 11:00:00,1.23949,1.2411699999999999,1.23918,1.2411699999999999,2239
2023-09-19 12:00:00,1.24118,1.24241,1.2401200000000001,1.2405,3236
2023-09-19 13:00:00,1.24047,1.24064,1.23878,1.24005,4086
2023-09-19 14:00:00,1.24007,1.24042,1.23876,1.24011,3532
2023-09-19 15:00:00,1.2401,1.2402199999999999,1.23817,1.23897,2219
2023-09-19 16:00:00,1.23899,1.23899,1.23831,1.23865,1537
2023-09-19 17:00:00,1.23866,1.23963,1.23855,1.2392400000000001,1372
2023-09-19 18:00:00,1.23926,1.23953,1.23893,1.23901,1239
2023-09-19 19:00:00,1.2389999999999999,1.23959,1.23896,1.2395100000000001,1166
2023-09-19 20:00:00,1.2395100000000001,1.23958,1.23903,1.23907,639
2023-09-19 21:00:00,1.23898,1.23907,1.23807,1.23895,331
2023-09-19 22:00:00,1.23912,1.23952,1.2389000000000001,1.23932,321
2023-09-19 23:00:00,1.23932,1.23936,1.23921,1.23923,266
2023-09-20 00:00:00,1.23925,1.23946,1.23858,1.23894,1178
2023-09-20 01:00:00,1.23894,1.23926,1.23853,1.23898,1365
2023-09-20 02:00:00,1.23895,1.23929,1.23865,1.23867,927
2023-09-20 03:00:00,1.23865,1.23881,1.2382,1.23856,935
2023-09-20 04:00:00,1.23858,1.2389000000000001,1.23845,1.2388,623
2023-09-20 05:00:00,1.2388,1.23952,1.23845,1.23865,971
2023-09-20 06:00:00,1.2386300000000001,1.2386300000000001,1.23306,1.23541,5526
2023-09-20 07:00:00,1.23544,1.2364,1.23336,1.23602,3742
2023-09-20 08:00:00,1.23601,1.2372,1.2353399999999999,1.23681,2594
2023-09-20 09:00:00,1.23681,1.23755,1.23652,1.23724,2150
2023-09-20 10:00:00,1.23726,1.23759,1.23574,1.23649,1914
2023-09-20 11:00:00,1.23649,1.23677,1.2359,1.23676,1726
2023-09-20 12:00:00,1.23676,1.23801,1.2364,1.2376,2314
2023-09-20 13:00:00,1.23759,1.24023,1.23749,1.23927,3619
2023-09-20 14:00:00,1.23927,1.24096,1.23906,1.23984,3849
2023-09-20 15:00:00,1.23986,1.2404,1.23849,1.23867,2303
2023-09-20 16:00:00,1.23869,1.24209,1.23845,1.24167,1834
2023-09-20 17:00:00,1.24166,1.24166,1.24032,1.24064,1553
2023-09-20 18:00:00,1.24063,1.24063,1.23499,1.236,13299
2023-09-20 19:00:00,1.23599,1.23654,1.2338,1.23397,4592
2023-09-20 20:00:00,1.23395,1.23452,1.23314,1.23424,1008
2023-09-20 21:00:00,1.234,1.23419,1.2331699999999999,1.23416,528
2023-09-20 22:00:00,1.23437,1.23437,1.23314,1.23362,475
2023-09-20 23:00:00,1.2336,1.2336,1.23234,1.23264,701
2023-09-21 00:00:00,1.23266,1.23282,1.23104,1.23128,2050
2023-09-21 01:00:00,1.2313,1.23224,1.23095,1.23192,2065
2023-09-21 02:00:00,1.2319,1.23244,1.23039,1.23089,1880
2023-09-21 03:00:00,1.23087,1.23233,1.23087,1.23213,1063
2023-09-21 04:00:00,1.23213,1.2322,1.23155,1.2319499999999999,879
2023-09-21 05:00:00,1.23196,1.23237,1.23163,1.23191,1194
2023-09-21 06:00:00,1.23189,1.23311,1.23116,1.23267,2576
2023-09-21 07:00:00,1.23267,1.23299,1.22927,1.23128,4717
2023-09-21 08:00:00,1.23125,1.23199,1.22998,1.23038,3399
2023-09-21 09:00:00,1.23035,1.23075,1.22849,1.22901,2957
2023-09-21 10:00:00,1.22901,1.2303,1.22811,1.23021,2977
2023-09-21 11:00:00,1.23018,1.23018,1.22317,1.2268,7280
2023-09-21 12:00:00,1.22677,1.22677,1.22438,1.2267000000000001,5166
2023-09-21 13:00:00,1.22672,1.22841,1.22613,1.22621,5570
2023-09-21 14:00:00,1.22623,1.22962,1.22572,1.22866,5183
2023-09-21 15:00:00,1.22864,1.23042,1.22849,1.22965,3267
2023-09-21 16:00:00,1.22966,1.23061,1.229,1.22965,2103
2023-09-21 17:00:00,1.22965,1.2307,1.22948,1.22983,1710
2023-09-21 18:00:00,1.22983,1.23034,1.22888,1.22888,1774
2023-09-21 19:00:00,1.22887,1.22966,1.2288000000000001,1.22919,1371
2023-09-21 20:00:00,1.22919,1.22942,1.22898,1.22935,511
2023-09-21 21:00:00,1.22876,1.22908,1.22836,1.22908,307
2023-09-21 22:00:00,1.22917,1.22927,1.22885,1.22885,392
2023-09-21 23:00:00,1.22899,1.22933,1.22889,1.22923,548
2023-09-22 00:00:00,1.22925,1.22934,1.2281,1.22858,1373
2023-09-22 01:00:00,1.22858,1.22858,1.22724,1.22746,1624
2023-09-22 02:00:00,1.22747,1.22846,1.2273399999999999,1.22775,1740
2023-09-22 03:00:00,1.22775,1.22837,1.22749,1.22778,1311
2023-09-22 04:00:00,1.22778,1.22845,1.22748,1.2284,1107
2023-09-22 05:00:00,1.2284,1.22878,1.22789,1.22812,1521
2023-09-22 06:00:00,1.2281,1.22849,1.22671,1.22818,3443
2023-09-22 07:00:00,1.22817,1.22851,1.22507,1.22652,6737
2023-09-22 08:00:00,1.22654,1.227,1.22375,1.22528,4220
2023-09-22 09:00:00,1.22527,1.2254800000000001,1.22324,1.22407,2889
2023-09-22 10:00:00,1.22406,1.22488,1.22353,1.2246299999999999,2233
2023-09-22 11:00:00,1.22462,1.22606,1.2245300000000001,1.22546,2219
2023-09-22 12:00:00,1.22546,1.22667,1.22448,1.22565,3608
2023-09-22 13:00:00,1.22565,1.22733,1.22523,1.22719,4804
2023-09-22 14:00:00,1.22718,1.22835,1.22625,1.22633,4015
2023-09-22 15:00:00,1.22634,1.22685,1.2254,1.22545,2720
2023-09-22 16:00:00,1.22545,1.22596,1.225,1.22513,1656
2023-09-22 17:00:00,1.2251,1.22584,1.22433,1.22438,1694
2023-09-22 18:00:00,1.2244,1.22455,1.22303,1.22406,1628
2023-09-22 19:00:00,1.22406,1.22478,1.22376,1.22386,1526
2023-09-22 20:00:00,1.22385,1.22417,1.2235800000000001,1.22375,899
2023-09-24 21:00:00,1.22317,1.22422,1.22294,1.22294,453
2023-09-24 22:00:00,1.22366,1.22462,1.22366,1.2244,910
2023-09-24 23:00:00,1.22441,1.2245300000000001,1.22399,1.22406,727
2023-09-25 00:00:00,1.22407,1.22494,1.22404,1.22484,1124
2023-09-25 01:00:00,1.22484,1.22492,1.22394,1.22411,1157
2023-09-25 02:00:00,1.22412,1.22424,1.22371,1.2240199999999999,1214
2023-09-25 03:00:00,1.2240199999999999,1.22424,1.22382,1.22385,851
2023-09-25 04:00:00,1.22385,1.22426,1.22364,1.22413,624
2023-09-25 05:00:00,1.22413,1.22433,1.22345,1.2236,890
2023-09-25 06:00:00,1.22359,1.22459,1.22325,1.22428,2066
2023-09-25 07:00:00,1.22428,1.22497,1.22384,1.22414,2647
2023-09-25 08:00:00,1.22412,1.22446,1.22176,1.22199,3397
2023-09-25 09:00:00,1.22199,1.22278,1.22121,1.22276,2339
2023-09-25 10:00:00,1.22276,1.22393,1.22222,1.22372,2077
2023-09-25 11:00:00,1.22371,1.2243,1.22202,1.22203,2137
2023-09-25 12:00:00,1.22204,1.22269,1.22127,1.22166,3136
2023-09-25 13:00:00,1.22164,1.222,1.21973,1.22137,4404
2023-09-25 14:00:00,1.22136,1.2217,1.21935,1.21972,4698
2023-09-25 15:00:00,1.21975,1.22163,1.21973,1.22154,2980
2023-09-25 16:00:00,1.22154,1.22188,1.22079,1.22111,1662
2023-09-25 17:00:00,1.22111,1.22196,1.22104,1.22152,1452
2023-09-25 18:00:00,1.22153,1.22216,1.22061,1.22074,1285
2023-09-25 19:00:00,1.22074,1.2212399999999999,1.22051,1.22111,1167
2023-09-25 20:00:00,1.22111,1.22146,1.22096,1.22096,651
2023-09-25 21:00:00,1.22068,1.22093,1.21998,1.22077,370
2023-09-25 22:00:00,1.2208700000000001,1.22117,1.22083,1.22112,447
2023-09-25 23:00:00,1.22112,1.22149,1.22112,1.22121,345
2023-09-26 00:00:00,1.22123,1.22145,1.2204,1.22051,1511
2023-09-26 01:00:00,1.22051,1.22085,1.2203,1.22042,1841
2023-09-26 02:00:00,1.22044,1.22064,1.21949,1.21951,1357
2023-09-26 03:00:00,1.21951,1.21994,1.21933,1.2197,1187
2023-09-26 04:00:00,1.21972,1.22051,1.2197,1.22051,887
2023-09-26 05:00:00,1.22051,1.22067,1.21948,1.21959,1456
2023-09-26 06:00:00,1.21959,1.21959,1.21691,1.2169699999999999,2768
2023-09-26 07:00:00,1.2169699999999999,1.21789,1.2166,1.21723,3288
2023-09-26 08:00:00,1.21725,1.21927,1.21691,1.21845,2896
2023-09-26 09:00:00,1.21844,1.21936,1.2176,1.21862,2351
2023-09-26 10:00:00,1.2186,1.21928,1.21796,1.2184599999999999,2091
2023-09-26 11:00:00,1.2184599999999999,1.21909,1.21695,1.21761,2502
2023-09-26 12:00:00,1.21763,1.21917,1.21763,1.21908,3503
2023-09-26 13:00:00,1.2190699999999999,1.21913,1.21764,1.21803,3587
2023-09-26 14:00:00,1.21803,1.21916,1.21656,1.21682,4564
2023-09-26 15:00:00,1.21681,1.217,1.21587,1.21647,2828
2023-09-26 16:00:00,1.21649,1.21731,1.21635,1.21704,1592
2023-09-26 17:00:00,1.21706,1.21757,1.21619,1.21657,1558
2023-09-26 18:00:00,1.21656,1.21664,1.21537,1.2156500000000001,1315
2023-09-26 19:00:00,1.21566,1.21635,1.21546,1.2155,1274
2023-09-26 20:00:00,1.21552,1.21589,1.2152,1.21562,580
2023-09-26 21:00:00,1.21483,1.21555,1.21457,1.21507,388
2023-09-26 22:00:00,1.21546,1.21562,1.21513,1.21538,356
2023-09-26 23:00:00,1.21538,1.2155,1.21424,1.21456,674
2023-09-27 00:00:00,1.21458,1.21526,1.21406,1.2141899999999999,1202
2023-09-27 01:00:00,1.2141899999999999,1.2157,1.2141,1.21543,1897
2023-09-27 02:00:00,1.21545,1.21546,1.21413,1.21464,1370
2023-09-27 03:00:00,1.21463,1.21468,1.21401,1.21412,1125
2023-09-27 04:00:00,1.21411,1.21482,1.21397,1.21467,969
2023-09-27 05:00:00,1.21466,1.21488,1.21354,1.21446,1289
2023-09-27 06:00:00,1.21445,1.21584,1.21412,1.21533,2585
2023-09-27 07:00:00,1.2153,1.21547,1.21417,1.21478,2631
2023-09-27 08:00:00,1.21477,1.2163599999999999,1.21456,1.21492,2567
2023-09-27 09:00:00,1.21489,1.21557,1.21386,1.21494,2471
2023-09-27 10:00:00,1.21496,1.21554,1.21412,1.21415,1980
2023-09-27 11:00:00,1.21415,1.21455,1.21306,1.21384,2578
2023-09-27 12:00:00,1.21385,1.21499,1.21325,1.21442,3970
2023-09-27 13:00:00,1.2144300000000001,1.21586,1.21324,1.2141,4032
2023-09-27 14:00:00,1.21411,1.215,1.2128,1.21284,4613
2023-09-27 15:00:00,1.21285,1.21498,1.21233,1.21303,3980
2023-09-27 16:00:00,1.21305,1.21335,1.21164,1.21243,2989
2023-09-27 17:00:00,1.21243,1.21346,1.211,1.21206,3481
2023-09-27 18:00:00,1.21208,1.2140900000000001,1.21105,1.21378,2846
2023-09-27 19:00:00,1.21378,1.21528,1.21334,1.21384,2667
2023-09-27 20:00:00,1.21384,1.21386,1.21322,1.21335,669
2023-09-27 21:00:00,1.21306,1.21341,1.21238,1.21338,549
2023-09-27 22:00:00,1.21353,1.21359,1.213,1.21316,288
2023-09-27 23:00:00,1.21316,1.21368,1.21305,1.21347,492
2023-09-28 00:00:00,1.21349,1.21442,1.21349,1.21437,1393
2023-09-28 01:00:00,1.21437,1.21448,1.2137,1.21427,1834
2023-09-28 02:00:00,1.21426,1.21437,1.21299,1.21308,1249
2023-09-28 03:00:00,1.2131,1.2139,1.21306,1.21366,1022
2023-09-28 04:00:00,1.21366,1.21403,1.21298,1.21398,1108
2023-09-28 05:00:00,1.21398,1.21462,1.21375,1.21448,1760
2023-09-28 06:00:00,1.21446,1.21447,1.21194,1.21261,2405
2023-09-28 07:00:00,1.21262,1.21598,1.2123599999999999,1.21527,3493
2023-09-28 08:00:00,1.21528,1.21739,1.21487,1.2171,3050
2023-09-28 09:00:00,1.21709,1.2205300000000001,1.21704,1.21963,3107
2023-09-28 10:00:00,1.21962,1.21998,1.21874,1.21991,2148
2023-09-28 11:00:00,1.21988,1.22133,1.21862,1.22068,1989
2023-09-28 12:00:00,1.22069,1.22222,1.21765,1.21772,6018
2023-09-28 13:00:00,1.21775,1.22051,1.21751,1.21901,6120
2023-09-28 14:00:00,1.21898,1.22043,1.21844,1.21975,4916
2023-09-28 15:00:00,1.21974,1.22241,1.21946,1.22202,3660
2023-09-28 16:00:00,1.22205,1.22228,1.21978,1.21988,2731
2023-09-28 17:00:00,1.2199,1.22046,1.21891,1.21905,2525
2023-09-28 18:00:00,1.21905,1.22003,1.21874,1.21947,1948
2023-09-28 19:00:00,1.21947,1.21991,1.2191,1.21991,1767
2023-09-28 20:00:00,1.21988,1.22051,1.21967,1.2202600000000001,715
2023-09-28 21:00:00,1.21988,1.22016,1.21914,1.22008,413
2023-09-28 22:00:00,1.22025,1.2209,1.22014,1.2206,368
2023-09-28 23:00:00,1.22074,1.22075,1.22034,1.22037,388
2023-09-29 00:00:00,1.22039,1.22061,1.21959,1.22011,1107
2023-09-29 01:00:00,1.22011,1.22173,1.21987,1.22151,1434
2023-09-29 02:00:00,1.2215,1.22279,1.22149,1.22222,1425
2023-09-29 03:00:00,1.22221,1.2223600000000001,1.22166,1.22189,1044
2023-09-29 04:00:00,1.22189,1.2225,1.22172,1.2222,1128
2023-09-29 05:00:00,1.2222,1.22291,1.22193,1.22205,1306
2023-09-29 06:00:00,1.22203,1.22458,1.22199,1.22431,3543
2023-09-29 07:00:00,1.22431,1.22538,1.2235800000000001,1.22426,3537
2023-09-29 08:00:00,1.22425,1.2242899999999999,1.22289,1.2235,3527
2023-09-29 09:00:00,1.22347,1.22634,1.22313,1.22621,2816
2023-09-29 10:00:00,1.22624,1.22689,1.22543,1.22653,2771
2023-09-29 11:00:00,1.22657,1.22714,1.22494,1.22544,2897
2023-09-29 12:00:00,1.22541,1.22662,1.22351,1.22591,5823
2023-09-29 13:00:00,1.2259,1.22627,1.22128,1.22168,5942
2023-09-29 14:00:00,1.22171,1.22187,1.21799,1.22056,7698
2023-09-29 15:00:00,1.22055,1.22179,1.2194,1.22117,5056
2023-09-29 16:00:00,1.22116,1.22184,1.22034,1.22052,3104
2023-09-29 17:00:00,1.22052,1.22052,1.21856,1.21864,2841
2023-09-29 18:00:00,1.21867,1.22078,1.21856,1.2205,2552
2023-09-29 19:00:00,1.22052,1.22062,1.21981,1.21995,2889
2023-09-29 20:00:00,1.21995,1.2204,1.21993,1.22029,1201
2023-10-01 21:00:00,1.21869,1.21958,1.21861,1.21862,279
2023-10-01 22:00:00,1.21944,1.22044,1.2178499999999999,1.21831,894
2023-10-01 23:00:00,1.2183,1.21924,1.21813,1.21923,932
2023-10-02 00:00:00,1.21926,1.21961,1.21868,1.21879,1404
2023-10-02 01:00:00,1.21879,1.21951,1.21878,1.21919,1152
2023-10-02 02:00:00,1.21919,1.2194099999999999,1.21871,1.21875,1069
2023-10-02 03:00:00,1.21875,1.21927,1.21873,1.219,745
2023-10-02 04:00:00,1.219,1.2190400000000001,1.21858,1.21863,817
2023-10-02 05:00:00,1.21861,1.21889,1.2175,1.21766,1062
2023-10-02 06:00:00,1.21767,1.22129,1.21767,1.22116,2624
2023-10-02 07:00:00,1.2211400000000001,1.22194,1.2189,1.21936,3346
2023-10-02 08:00:00,1.21935,1.2196799999999999,1.21808,1.21868,2860
2023-10-02 09:00:00,1.21867,1.21874,1.2161,1.2163,2795
2023-10-02 10:00:00,1.21631,1.21661,1.21517,1.21557,2290
2023-10-02 11:00:00,1.21558,1.21621,1.21479,1.21519,2182
2023-10-02 12:00:00,1.21519,1.21669,1.21502,1.21508,3257
2023-10-02 13:00:00,1.21506,1.21516,1.21302,1.21328,4215
2023-10-02 14:00:00,1.21323,1.21479,1.21136,1.2120199999999999,6927
2023-10-02 15:00:00,1.21201,1.21458,1.21198,1.21269,4105
2023-10-02 16:00:00,1.21271,1.21281,1.21076,1.2107999999999999,2753
2023-10-02 17:00:00,1.2107999999999999,1.21267,1.21076,1.21127,2168
2023-10-02 18:00:00,1.21127,1.21206,1.21029,1.2105299999999999,1900
2023-10-02 19:00:00,1.21052,1.21058,1.20915,1.2092100000000001,1788
2023-10-02 20:00:00,1.20919,1.20941,1.20852,1.20852,913
2023-10-02 21:00:00,1.20804,1.20857,1.20795,1.20853,326
2023-10-02 22:00:00,1.20863,1.20902,1.20845,1.20864,491
2023-10-02 23:00:00,1.20865,1.2092100000000001,1.20838,1.20894,612
2023-10-03 00:00:00,1.20896,1.20902,1.20777,1.2086000000000001,2050
2023-10-03 01:00:00,1.2086000000000001,1.20875,1.20772,1.20784,1756
2023-10-03 02:00:00,1.20783,1.20794,1.2070400000000001,1.20739,1584
2023-10-03 03:00:00,1.20739,1.20812,1.20731,1.2077,1176
2023-10-03 04:00:00,1.20771,1.20783,1.20606,1.2064,1432
2023-10-03 05:00:00,1.2064,1.20666,1.2061,1.20629,1711
2023-10-03 06:00:00,1.2063,1.20874,1.20609,1.20842,2905
2023-10-03 07:00:00,1.20842,1.20883,1.2062599999999999,1.20827,3591
2023-10-03 08:00:00,1.2082600000000001,1.20965,1.20812,1.20872,2871
2023-10-03 09:00:00,1.20871,1.20882,1.2077,1.2080899999999999,2817
2023-10-03 10:00:00,1.20811,1.20811,1.20535,1.20561,2729
2023-10-03 11:00:00,1.20561,1.20741,1.2052,1.20651,3133
2023-10-03 12:00:00,1.2065299999999999,1.20802,1.20608,1.20733,4406
2023-10-03 13:00:00,1.20732,1.21015,1.20711,1.20967,5360
2023-10-03 14:00:00,1.20965,1.20965,1.2053,1.20782,13783
2023-10-03 15:00:00,1.20785,1.208,1.20611,1.20655,5560
2023-10-03 16:00:00,1.2065299999999999,1.20869,1.2065299999999999,1.20749,3786
2023-10-03 17:00:00,1.2074799999999999,1.20901,1.20746,1.20805,2836
2023-10-03 18:00:00,1.20804,1.20911,1.20688,1.20853,2785
2023-10-03 19:00:00,1.20851,1.20874,1.2074,1.20776,2097
2023-10-03 20:00:00,1.20774,1.2080899999999999,1.20745,1.20745,746
2023-10-03 21:00:00,1.20707,1.20756,1.20649,1.20736,268
2023-10-03 22:00:00,1.2074799999999999,1.20786,1.20717,1.20731,401
2023-10-03 23:00:00,1.20732,1.20794,1.20719,1.2077,597
2023-10-04 00:00:00,1.20772,1.2084,1.20743,1.20804,1550
2023-10-04 01:00:00,1.20802,1.2080899999999999,1.2062599999999999,1.2069,2356
2023-10-04 02:00:00,1.20691,1.20713,1.2062,1.20682,1485
2023-10-04 03:00:00,1.20682,1.20721,1.20601,1.20622,1211
2023-10-04 04:00:00,1.20622,1.20815,1.20609,1.20814,1317
2023-10-04 05:00:00,1.20814,1.2083599999999999,1.20741,1.2075,1258
2023-10-04 06:00:00,1.20752,1.20776,1.20528,1.20543,2681
2023-10-04 07:00:00,1.20542,1.20843,1.2037,1.20832,4497
2023-10-04 08:00:00,1.20831,1.21153,1.20813,1.21132,3616
2023-10-04 09:00:00,1.21133,1.21378,1.21123,1.21273,3144
2023-10-04 10:00:00,1.21272,1.2138200000000001,1.21211,1.21227,2644
2023-10-04 11:00:00,1.21228,1.21405,1.21187,1.21191,3302
2023-10-04 12:00:00,1.21193,1.21766,1.21173,1.21693,7648
2023-10-04 13:00:00,1.21695,1.21731,1.2145,1.21484,5289
2023-10-04 14:00:00,1.21487,1.21545,1.21058,1.21146,8022
2023-10-04 15:00:00,1.21149,1.21563,1.21093,1.2154099999999999,4630
2023-10-04 16:00:00,1.21543,1.21657,1.21476,1.21517,3250
2023-10-04 17:00:00,1.21516,1.21521,1.21327,1.21357,2620
2023-10-04 18:00:00,1.21355,1.21433,1.21303,1.21375,2646
2023-10-04 19:00:00,1.21377,1.21561,1.21349,1.21503,1992
2023-10-04 20:00:00,1.21503,1.21508,1.21335,1.21342,734
2023-10-04 21:00:00,1.21265,1.21352,1.21248,1.21345,342
2023-10-04 22:00:00,1.21366,1.21386,1.21349,1.21361,420
2023-10-04 23:00:00,1.21375,1.21396,1.21356,1.21365,357
2023-10-05 00:00:00,1.21367,1.21511,1.21305,1.21496,1381
2023-10-05 01:00:00,1.21493,1.21614,1.21487,1.21614,2255
2023-10-05 02:00:00,1.21614,1.21621,1.21537,1.21574,1429
2023-10-05 03:00:00,1.21571,1.21627,1.21546,1.21588,1345
2023-10-05 04:00:00,1.21588,1.21628,1.21546,1.21556,984
2023-10-05 05:00:00,1.21556,1.21614,1.2153,1.2154099999999999,1291
2023-10-05 06:00:00,1.21543,1.21574,1.21357,1.21387,2486
2023-10-05 07:00:00,1.21384,1.2144300000000001,1.21302,1.21306,3237
2023-10-05 08:00:00,1.21306,1.21402,1.21155,1.21223,2999
2023-10-05 09:00:00,1.21224,1.2134800000000001,1.21188,1.21227,2385
2023-10-05 10:00:00,1.21228,1.21418,1.21211,1.21387,2586
2023-10-05 11:00:00,1.21389,1.21515,1.21267,1.21489,2941
2023-10-05 12:00:00,1.21488,1.21553,1.21073,1.21303,5569
2023-10-05 13:00:00,1.21304,1.216,1.21256,1.21529,5985
2023-10-05 14:00:00,1.21529,1.21609,1.21388,1.21591,5145
2023-10-05 15:00:00,1.21593,1.2174,1.21517,1.21682,4641
2023-10-05 16:00:00,1.21683,1.21873,1.21655,1.21797,3348
2023-10-05 17:00:00,1.21797,1.21829,1.21693,1.21816,2652
2023-10-05 18:00:00,1.21816,1.21948,1.21815,1.21934,2289
2023-10-05 19:00:00,1.21935,1.21956,1.21893,1.21933,1558
2023-10-05 20:00:00,1.21934,1.21951,1.21893,1.21908,631
2023-10-05 21:00:00,1.21866,1.21882,1.21787,1.21879,338
2023-10-05 22:00:00,1.2190400000000001,1.21913,1.21873,1.21893,287
2023-10-05 23:00:00,1.21893,1.21906,1.21864,1.21868,392
2023-10-06 00:00:00,1.21867,1.21889,1.21802,1.21805,1647
2023-10-06 01:00:00,1.21806,1.21837,1.21765,1.21813,1675
2023-10-06 02:00:00,1.21811,1.21886,1.2179,1.21851,1142
2023-10-06 03:00:00,1.21849,1.21868,1.21781,1.21805,1209
2023-10-06 04:00:00,1.21803,1.21825,1.21754,1.21761,831
2023-10-06 05:00:00,1.21763,1.21777,1.21699,1.21714,1058
2023-10-06 06:00:00,1.21711,1.21747,1.21634,1.2169699999999999,2321
2023-10-06 07:00:00,1.2169699999999999,1.22066,1.21686,1.22035,3437
2023-10-06 08:00:00,1.22035,1.22056,1.2192,1.21982,3191
2023-10-06 09:00:00,1.21982,1.22086,1.2194099999999999,1.2202600000000001,2697
2023-10-06 10:00:00,1.22027,1.22191,1.22023,1.22117,2570
2023-10-06 11:00:00,1.22118,1.2213,1.21961,1.22117,2512
2023-10-06 12:00:00,1.22117,1.22167,1.2105299999999999,1.21222,10179
2023-10-06 13:00:00,1.21221,1.21668,1.21164,1.2152,9306
2023-10-06 14:00:00,1.21519,1.22099,1.21481,1.21875,8342
2023-10-06 15:00:00,1.21875,1.2260900000000001,1.21863,1.22525,6979
2023-10-06 16:00:00,1.22523,1.22542,1.22324,1.22334,4198
2023-10-06 17:00:00,1.22335,1.22478,1.2230699999999999,1.22383,2802
2023-10-06 18:00:00,1.22384,1.22549,1.22374,1.22452,2049
2023-10-06 19:00:00,1.22452,1.22504,1.22413,1.22417,1958
2023-10-06 20:00:00,1.22418,1.22421,1.22322,1.22374,927
2023-10-08 21:00:00,1.2193,1.21939,1.21906,1.21934,136
2023-10-08 22:00:00,1.21935,1.22127,1.21935,1.22123,1320
2023-10-08 23:00:00,1.22125,1.2221,1.221,1.22189,1456
2023-10-09 00:00:00,1.22192,1.22241,1.22123,1.22223,2052
2023-10-09 01:00:00,1.22222,1.22231,1.22079,1.22143,2172
2023-10-09 02:00:00,1.22143,1.22168,1.22083,1.22115,1501
2023-10-09 03:00:00,1.22116,1.22116,1.21967,1.21977,1043
2023-10-09 04:00:00,1.21977,1.2200199999999999,1.21915,1.21932,1113
2023-10-09 05:00:00,1.21934,1.22048,1.21933,1.22025,1703
2023-10-09 06:00:00,1.22025,1.22168,1.21761,1.21796,3431
2023-10-09 07:00:00,1.21796,1.21889,1.21673,1.21703,4291
2023-10-09 08:00:00,1.21702,1.21832,1.21635,1.21775,3173
2023-10-09 09:00:00,1.21776,1.21906,1.21753,1.21878,2549
2023-10-09 10:00:00,1.21878,1.21881,1.21634,1.21705,2189
2023-10-09 11:00:00,1.21706,1.21811,1.21652,1.21685,2360
2023-10-09 12:00:00,1.2168700000000001,1.21848,1.21627,1.2183,3308
2023-10-09 13:00:00,1.21832,1.22153,1.21832,1.22113,5185
2023-10-09 14:00:00,1.22112,1.22167,1.22027,1.22103,4032
2023-10-09 15:00:00,1.22102,1.222,1.22018,1.22033,2525
2023-10-09 16:00:00,1.22031,1.2207,1.21959,1.21969,1868
2023-10-09 17:00:00,1.21971,1.22336,1.21969,1.22323,2296
2023-10-09 18:00:00,1.22324,1.22409,1.2229,1.22336,2026
2023-10-09 19:00:00,1.22336,1.22423,1.22336,1.22422,1794
2023-10-09 20:00:00,1.22422,1.22437,1.22339,1.22362,677
2023-10-09 21:00:00,1.22339,1.2236799999999999,1.22251,1.22346,459
2023-10-09 22:00:00,1.22372,1.2240199999999999,1.22357,1.22393,381
2023-10-09 23:00:00,1.22394,1.22512,1.2239200000000001,1.2248999999999999,609
2023-10-10 00:00:00,1.22488,1.22545,1.22421,1.22466,2571
2023-10-10 01:00:00,1.22468,1.22562,1.22413,1.22438,2611
2023-10-10 02:00:00,1.22438,1.22468,1.22354,1.22364,1710
2023-10-10 03:00:00,1.22361,1.22397,1.22346,1.22365,1505
2023-10-10 04:00:00,1.22367,1.22367,1.22243,1.22263,1151
2023-10-10 05:00:00,1.2226,1.22328,1.22222,1.22263,1553
2023-10-10 06:00:00,1.22264,1.2235800000000001,1.22156,1.22206,4228
2023-10-10 07:00:00,1.22204,1.22337,1.22113,1.22306,4489
2023-10-10 08:00:00,1.2230699999999999,1.22753,1.2224599999999999,1.2270699999999999,5246
2023-10-10 09:00:00,1.2271,1.22752,1.22513,1.22666,4825
2023-10-10 10:00:00,1.22665,1.2275,1.2255099999999999,1.22568,2834
2023-10-10 11:00:00,1.2257,1.22571,1.22349,1.22393,3360
2023-10-10 12:00:00,1.22393,1.22553,1.22369,1.22491,5161
2023-10-10 13:00:00,1.22489,1.22531,1.22378,1.22515,5649
2023-10-10 14:00:00,1.22517,1.22662,1.22499,1.2257,4993
2023-10-10 15:00:00,1.22571,1.22881,1.22563,1.22861,3778
2023-10-10 16:00:00,1.22861,1.22911,1.22778,1.22905,3023
2023-10-10 17:00:00,1.22905,1.2291,1.22633,1.22706,3569
2023-10-10 18:00:00,1.22706,1.22797,1.2268,1.22795,2513
2023-10-10 19:00:00,1.22794,1.22869,1.22723,1.22841,2049
2023-10-10 20:00:00,1.22841,1.22881,1.22835,1.22846,828
2023-10-10 21:00:00,1.22817,1.22817,1.227,1.22799,598
2023-10-10 22:00:00,1.22823,1.22871,1.22822,1.22871,286
2023-10-10 23:00:00,1.22871,1.2294100000000001,1.22861,1.22887,489
2023-10-11 00:00:00,1.22889,1.23031,1.22885,1.22982,1562
2023-10-11 01:00:00,1.22982,1.23005,1.2287,1.22972,1897
2023-10-11 02:00:00,1.22972,1.22973,1.22899,1.22954,1492
2023-10-11 03:00:00,1.22956,1.22958,1.22895,1.22923,1041
2023-10-11 04:00:00,1.22923,1.22944,1.22881,1.22921,792
2023-10-11 05:00:00,1.22921,1.22965,1.22846,1.22857,1210
2023-10-11 06:00:00,1.22859,1.2299,1.22831,1.22858,2806
2023-10-11 07:00:00,1.22859,1.23038,1.2269700000000001,1.2275800000000001,4716
2023-10-11 08:00:00,1.22757,1.2286,1.22695,1.228,4047
2023-10-11 09:00:00,1.22803,1.2288999999999999,1.22732,1.22845,3156
2023-10-11 10:00:00,1.22845,1.22911,1.2279200000000001,1.2291,2783
2023-10-11 11:00:00,1.2291,1.22978,1.22848,1.22895,3026
2023-10-11 12:00:00,1.22895,1.2315,1.22687,1.23117,6609
2023-10-11 13:00:00,1.23119,1.23368,1.23033,1.23301,6596
2023-10-11 14:00:00,1.23298,1.23307,1.23074,1.2312,5378
2023-10-11 15:00:00,1.23118,1.23135,1.2292399999999999,1.23015,3879
2023-10-11 16:00:00,1.23015,1.23016,1.2288000000000001,1.22959,2706
2023-10-11 17:00:00,1.22959,1.22988,1.22747,1.2287,2824
2023-10-11 18:00:00,1.22871,1.23052,1.22849,1.23037,3310
2023-10-11 19:00:00,1.23037,1.23117,1.23033,1.23084,1787
2023-10-11 20:00:00,1.23084,1.2314,1.23082,1.23116,774
2023-10-11 21:00:00,1.2309,1.23106,1.22991,1.2308,298
2023-10-11 22:00:00,1.23098,1.23125,1.23082,1.23125,372
2023-10-11 23:00:00,1.23125,1.23188,1.2312400000000001,1.23147,511
2023-10-12 00:00:00,1.23148,1.23181,1.23102,1.23127,1682
2023-10-12 01:00:00,1.23126,1.23225,1.23116,1.2316799999999999,1818
2023-10-12 02:00:00,1.2316799999999999,1.23199,1.23105,1.23148,1478
2023-10-12 03:00:00,1.23147,1.23175,1.23117,1.23175,1181
2023-10-12 04:00:00,1.23174,1.232,1.23155,1.23188,1056
2023-10-12 05:00:00,1.23188,1.23269,1.2317,1.23222,1222
2023-10-12 06:00:00,1.23226,1.23311,1.23156,1.2323,3144
2023-10-12 07:00:00,1.2323,1.23233,1.22936,1.22948,3222
2023-10-12 08:00:00,1.22949,1.23083,1.22927,1.22955,2725
2023-10-12 09:00:00,1.22958,1.23025,1.22939,1.22989,2193
2023-10-12 10:00:00,1.22989,1.23042,1.22927,1.22937,2370
2023-10-12 11:00:00,1.22936,1.23125,1.22931,1.23123,2171
2023-10-12 12:00:00,1.23123,1.2314,1.2251400000000001,1.22621,8457
2023-10-12 13:00:00,1.2262,1.2269700000000001,1.22271,1.22323,7206
2023-10-12 14:00:00,1.22321,1.22507,1.22111,1.22131,5438
2023-10-12 15:00:00,1.22129,1.22213,1.22007,1.22113,4108
2023-10-12 16:00:00,1.22112,1.22235,1.21987,1.22006,2840
2023-10-12 17:00:00,1.22005,1.22016,1.218,1.21849,4283
2023-10-12 18:00:00,1.21848,1.21879,1.21722,1.21728,2537
2023-10-12 19:00:00,1.2173,1.21796,1.21713,1.21752,1799
2023-10-12 20:00:00,1.21751,1.21766,1.21723,1.21738,739
2023-10-12 21:00:00,1.21682,1.21752,1.21647,1.21731,630
2023-10-12 22:00:00,1.21771,1.21793,1.21734,1.21793,350
2023-10-12 23:00:00,1.21793,1.21837,1.21777,1.2182,400
2023-10-13 00:00:00,1.21821,1.21893,1.21821,1.21871,1199
2023-10-13 01:00:00,1.21871,1.2196500000000001,1.21859,1.21953,1290
2023-10-13 02:00:00,1.21953,1.22043,1.21939,1.2204,1335
2023-10-13 03:00:00,1.2204,1.22074,1.22012,1.22029,982
2023-10-13 04:00:00,1.22029,1.22044,1.22,1.22024,908
2023-10-13 05:00:00,1.22025,1.22072,1.22015,1.2205300000000001,1287
2023-10-13 06:00:00,1.2205,1.22051,1.2184599999999999,1.2187000000000001,2472
2023-10-13 07:00:00,1.21871,1.22248,1.21862,1.22108,3876
2023-10-13 08:00:00,1.22105,1.22189,1.22066,1.22134,3275
2023-10-13 09:00:00,1.22134,1.22135,1.21868,1.21905,3050
2023-10-13 10:00:00,1.2190400000000001,1.21934,1.2167,1.21672,3042
2023-10-13 11:00:00,1.21672,1.21878,1.21596,1.21838,3505
2023-10-13 12:00:00,1.21841,1.22009,1.2174,1.21881,5048
2023-10-13 13:00:00,1.21879,1.21934,1.21623,1.2171,5159
2023-10-13 14:00:00,1.21704,1.21717,1.21339,1.21401,6466
2023-10-13 15:00:00,1.214,1.21433,1.2131,1.2136,3606
2023-10-13 16:00:00,1.21359,1.2146,1.21336,1.21362,2683
2023-10-13 17:00:00,1.21364,1.2137,1.21221,1.2132,2478
2023-10-13 18:00:00,1.21319,1.21414,1.2131,1.21351,2252
2023-10-13 19:00:00,1.21352,1.21412,1.21344,1.21398,2279
2023-10-13 20:00:00,1.21397,1.21454,1.21334,1.21433,1119
2023-10-15 21:00:00,1.213,1.21422,1.21294,1.21408,445
2023-10-15 22:00:00,1.2145,1.21552,1.2143,1.21496,752
2023-10-15 23:00:00,1.21496,1.2154,1.21474,1.2154,964
2023-10-16 00:00:00,1.21542,1.21569,1.21445,1.21464,1901
2023-10-16 01:00:00,1.21464,1.21558,1.21463,1.21525,1575
2023-10-16 02:00:00,1.21525,1.21584,1.2150400000000001,1.21557,1167
2023-10-16 03:00:00,1.21559,1.21567,1.21497,1.21556,944
2023-10-16 04:00:00,1.21556,1.21611,1.21543,1.21597,850
2023-10-16 05:00:00,1.21597,1.21655,1.21571,1.21652,1312
2023-10-16 06:00:00,1.21654,1.21717,1.21623,1.21683,3322
2023-10-16 07:00:00,1.21684,1.21775,1.21619,1.2174800000000001,3997
2023-10-16 08:00:00,1.21747,1.21764,1.21515,1.2159200000000001,3352
2023-10-16 09:00:00,1.21589,1.21659,1.21452,1.21459,2838
2023-10-16 10:00:00,1.21459,1.2156500000000001,1.21424,1.21512,2519
2023-10-16 11:00:00,1.21512,1.21803,1.21462,1.2178,2565
2023-10-16 12:00:00,1.2178200000000001,1.21839,1.21651,1.21757,4585
2023-10-16 13:00:00,1.21757,1.21823,1.21584,1.21606,4580
2023-10-16 14:00:00,1.21606,1.21926,1.2153,1.21883,4244
2023-10-16 15:00:00,1.21883,1.21993,1.21871,1.2196,2839
2023-10-16 16:00:00,1.21959,1.22046,1.21901,1.21995,1942
2023-10-16 17:00:00,1.21995,1.22147,1.21981,1.22143,2014
2023-10-16 18:00:00,1.22143,1.22164,1.2209699999999999,1.22123,1468
2023-10-16 19:00:00,1.22123,1.22189,1.22089,1.22169,1326
2023-10-16 20:00:00,1.22169,1.22183,1.2214,1.22162,700
2023-10-16 21:00:00,1.2208700000000001,1.2211400000000001,1.21984,1.22104,396
2023-10-16 22:00:00,1.22122,1.2214800000000001,1.22102,1.22118,386
2023-10-16 23:00:00,1.22118,1.22135,1.22098,1.22111,393
2023-10-17 00:00:00,1.22113,1.22154,1.22075,1.22089,1461
2023-10-17 01:00:00,1.2208700000000001,1.2209,1.21984,1.22017,1481
2023-10-17 02:00:00,1.22017,1.22022,1.21928,1.21984,1318
2023-10-17 03:00:00,1.21984,1.2206,1.21978,1.22023,1109
2023-10-17 04:00:00,1.22023,1.22024,1.21948,1.21964,880
2023-10-17 05:00:00,1.21964,1.22003,1.2192,1.21936,1258
2023-10-17 06:00:00,1.21939,1.21956,1.21648,1.21692,2875
2023-10-17 07:00:00,1.21689,1.21842,1.21641,1.21759,3425
2023-10-17 08:00:00,1.21756,1.21756,1.21492,1.21543,3136
2023-10-17 09:00:00,1.21545,1.21673,1.21509,1.2165300000000001,2883
2023-10-17 10:00:00,1.21652,1.21734,1.21498,1.21574,3498
2023-10-17 11:00:00,1.21571,1.21905,1.2157,1.21838,2719
2023-10-17 12:00:00,1.21838,1.21865,1.21325,1.21404,6332
2023-10-17 13:00:00,1.21402,1.21601,1.21362,1.21486,6194
2023-10-17 14:00:00,1.21484,1.21942,1.21469,1.2180900000000001,5577
2023-10-17 15:00:00,1.21812,1.22034,1.21796,1.22033,3964
2023-10-17 16:00:00,1.22033,1.22115,1.2191,1.21913,2814
2023-10-17 17:00:00,1.21913,1.21929,1.21706,1.2172399999999999,2228
2023-10-17 18:00:00,1.21722,1.21815,1.21706,1.21741,2082
2023-10-17 19:00:00,1.2174,1.21878,1.2174,1.21844,1982
2023-10-17 20:00:00,1.2184300000000001,1.21845,1.21789,1.21815,672
2023-10-17 21:00:00,1.21781,1.21801,1.21691,1.21792,447
2023-10-17 22:00:00,1.21828,1.21828,1.21745,1.218,392
2023-10-17 23:00:00,1.218,1.21805,1.21762,1.21776,492
2023-10-18 00:00:00,1.21776,1.21792,1.21581,1.21622,1194
2023-10-18 01:00:00,1.21621,1.21682,1.21586,1.21651,1529
2023-10-18 02:00:00,1.2165300000000001,1.21789,1.2165300000000001,1.21755,1677
2023-10-18 03:00:00,1.21755,1.21795,1.21712,1.21753,1088
2023-10-18 04:00:00,1.21753,1.21836,1.2174,1.21804,817
2023-10-18 05:00:00,1.21804,1.21885,1.21793,1.21841,1353
2023-10-18 06:00:00,1.21838,1.22108,1.2183,1.2193,3648
2023-10-18 07:00:00,1.21932,1.2206299999999999,1.21889,1.21893,3378
2023-10-18 08:00:00,1.21892,1.22037,1.21773,1.21987,2889
2023-10-18 09:00:00,1.21989,1.22099,1.21911,1.21963,2986
2023-10-18 10:00:00,1.21962,1.21981,1.21757,1.21811,2857
2023-10-18 11:00:00,1.21811,1.2198,1.21762,1.21887,2797
2023-10-18 12:00:00,1.21887,1.22059,1.2171,1.21761,3780
2023-10-18 13:00:00,1.2176,1.21861,1.21639,1.21661,4644
2023-10-18 14:00:00,1.21664,1.21759,1.2138200000000001,1.21459,5278
2023-10-18 15:00:00,1.21456,1.21533,1.21411,1.21478,3851
2023-10-18 16:00:00,1.21479,1.21529,1.21374,1.21522,3047
2023-10-18 17:00:00,1.21522,1.2175799999999999,1.21501,1.21661,3824
2023-10-18 18:00:00,1.2166,1.21689,1.21431,1.21434,2425
2023-10-18 19:00:00,1.21433,1.21444,1.21366,1.21395,1793
2023-10-18 20:00:00,1.21396,1.2141899999999999,1.21377,1.2139199999999999,779
2023-10-18 21:00:00,1.21375,1.21391,1.21308,1.21387,322
2023-10-18 22:00:00,1.21396,1.21441,1.21387,1.21413,290
2023-10-18 23:00:00,1.21412,1.21436,1.21406,1.2141,569
2023-10-19 00:00:00,1.2140900000000001,1.21455,1.21361,1.21413,1562
2023-10-19 01:00:00,1.21413,1.21445,1.21317,1.21345,1859
2023-10-19 02:00:00,1.21345,1.21377,1.21315,1.21325,1394
2023-10-19 03:00:00,1.21325,1.21354,1.21264,1.21271,926
2023-10-19 04:00:00,1.21271,1.21298,1.21235,1.2125,910
2023-10-19 05:00:00,1.21251,1.21266,1.21185,1.21187,1255
2023-10-19 06:00:00,1.21184,1.21379,1.21107,1.2133,2641
2023-10-19 07:00:00,1.21329,1.21445,1.21169,1.21171,4078
2023-10-19 08:00:00,1.21169,1.2124,1.21017,1.21065,3823
2023-10-19 09:00:00,1.21064,1.21073,1.20896,1.21054,2899
2023-10-19 10:00:00,1.21054,1.21215,1.21034,1.21204,2483
2023-10-19 11:00:00,1.21204,1.21255,1.21168,1.21205,2424
2023-10-19 12:00:00,1.21204,1.21441,1.21187,1.2140900000000001,4528
2023-10-19 13:00:00,1.21412,1.21615,1.21367,1.21448,4668
2023-10-19 14:00:00,1.21446,1.21538,1.21397,1.2143,4581
2023-10-19 15:00:00,1.21428,1.21498,1.21391,1.21425,3222
2023-10-19 16:00:00,1.21427,1.2191,1.21255,1.21738,13582
2023-10-19 17:00:00,1.21735,1.21826,1.21477,1.21661,6808
2023-10-19 18:00:00,1.21661,1.21759,1.2138200000000001,1.21414,3726
2023-10-19 19:00:00,1.21415,1.2153,1.2140900000000001,1.21485,3315
2023-10-19 20:00:00,1.21483,1.21489,1.21378,1.21412,939
2023-10-19 21:00:00,1.21363,1.21407,1.21319,1.21396,411
2023-10-19 22:00:00,1.21413,1.21426,1.21375,1.21399,404
2023-10-19 23:00:00,1.21399,1.2141,1.21332,1.21349,787
2023-10-20 00:00:00,1.21349,1.2137,1.21217,1.21251,1936
2023-10-20 01:00:00,1.21251,1.21276,1.2117499999999999,1.21254,2068
2023-10-20 02:00:00,1.21256,1.21422,1.21239,1.21413,1444
2023-10-20 03:00:00,1.21412,1.21441,1.2135799999999999,1.21372,1056
2023-10-20 04:00:00,1.21371,1.21373,1.21308,1.21339,784
2023-10-20 05:00:00,1.21339,1.21379,1.21229,1.21265,1351
2023-10-20 06:00:00,1.21267,1.21273,1.20929,1.21094,3578
2023-10-20 07:00:00,1.21096,1.21168,1.21029,1.21035,3919
2023-10-20 08:00:00,1.21034,1.21266,1.20964,1.21235,3713
2023-10-20 09:00:00,1.21234,1.21286,1.21132,1.21257,2932
2023-10-20 10:00:00,1.21258,1.2132100000000001,1.21185,1.21221,2331
2023-10-20 11:00:00,1.21223,1.21449,1.21217,1.214,2518
2023-10-20 12:00:00,1.21402,1.21491,1.21197,1.21401,4530
2023-10-20 13:00:00,1.214,1.21608,1.2137,1.21445,5600
2023-10-20 14:00:00,1.21447,1.21579,1.21308,1.21476,5242
2023-10-20 15:00:00,1.21475,1.2159200000000001,1.21456,1.21499,3351
2023-10-20 16:00:00,1.21501,1.21542,1.2134800000000001,1.21537,2788
2023-10-20 17:00:00,1.21537,1.21699,1.21528,1.21611,3355
2023-10-20 18:00:00,1.21611,1.21618,1.21488,1.21566,2306
2023-10-20 19:00:00,1.21568,1.2161,1.21525,1.21601,2009
2023-10-20 20:00:00,1.21599,1.21655,1.21589,1.21635,967
2023-10-22 21:00:00,1.21511,1.21578,1.21491,1.21577,267
2023-10-22 22:00:00,1.21598,1.21615,1.21562,1.21607,562
2023-10-22 23:00:00,1.21607,1.21656,1.21598,1.21627,617
2023-10-23 00:00:00,1.21628,1.21633,1.21546,1.21619,1395
2023-10-23 01:00:00,1.2162,1.2162,1.21558,1.2159200000000001,1306
2023-10-23 02:00:00,1.21591,1.21599,1.21494,1.21499,890
2023-10-23 03:00:00,1.21499,1.21559,1.21475,1.21475,827
2023-10-23 04:00:00,1.21473,1.215,1.21439,1.21489,812
2023-10-23 05:00:00,1.21489,1.2154,1.21476,1.21487,1153
2023-10-23 06:00:00,1.21485,1.2166,1.21451,1.21577,2162
2023-10-23 07:00:00,1.2157499999999999,1.21706,1.21476,1.21677,3826
2023-10-23 08:00:00,1.21679,1.2184300000000001,1.21593,1.21614,3389
2023-10-23 09:00:00,1.21613,1.21718,1.21428,1.21484,3207
2023-10-23 10:00:00,1.2147999999999999,1.21572,1.21439,1.21546,2725
2023-10-23 11:00:00,1.21548,1.21742,1.21518,1.2169699999999999,2475
2023-10-23 12:00:00,1.21696,1.21824,1.21567,1.21639,3637
2023-10-23 13:00:00,1.2164,1.21737,1.21498,1.21728,4208
2023-10-23 14:00:00,1.21729,1.22141,1.21717,1.22073,5431
2023-10-23 15:00:00,1.22073,1.22365,1.22056,1.22319,3358
2023-10-23 16:00:00,1.2232,1.22334,1.22201,1.22333,2623
2023-10-23 17:00:00,1.22334,1.22527,1.22273,1.22458,2166
2023-10-23 18:00:00,1.22455,1.22581,1.22438,1.2254800000000001,2077
2023-10-23 19:00:00,1.2254800000000001,1.22549,1.2236799999999999,1.22442,2292
2023-10-23 20:00:00,1.2244,1.22485,1.22432,1.22459,733
2023-10-23 21:00:00,1.22457,1.22468,1.22416,1.2245,537
2023-10-23 22:00:00,1.2245,1.22533,1.2245,1.22483,393
2023-10-23 23:00:00,1.22483,1.22496,1.22461,1.22485,424
2023-10-24 00:00:00,1.22488,1.22565,1.22464,1.22547,1323
2023-10-24 01:00:00,1.22547,1.22625,1.22483,1.22525,1989
2023-10-24 02:00:00,1.22526,1.22736,1.22506,1.22651,1807
2023-10-24 03:00:00,1.22649,1.22663,1.22618,1.22653,1148
2023-10-24 04:00:00,1.22653,1.22662,1.2262,1.22648,852
2023-10-24 05:00:00,1.22647,1.22718,1.22626,1.22715,1195
2023-10-24 06:00:00,1.22713,1.22845,1.22621,1.22842,3021
2023-10-24 07:00:00,1.2284,1.22882,1.22584,1.22621,4395
2023-10-24 08:00:00,1.2262,1.22654,1.2243,1.22635,3666
2023-10-24 09:00:00,1.22631,1.22631,1.22399,1.22401,2601
2023-10-24 10:00:00,1.22401,1.22451,1.22102,1.22113,3052
2023-10-24 11:00:00,1.2211,1.22332,1.22101,1.2219,2794
2023-10-24 12:00:00,1.22187,1.22212,1.21972,1.22033,3852
2023-10-24 13:00:00,1.2203,1.22064,1.21719,1.2187000000000001,5267
2023-10-24 14:00:00,1.21869,1.21919,1.21659,1.21778,5851
2023-10-24 15:00:00,1.21775,1.21778,1.21583,1.21677,3945
2023-10-24 16:00:00,1.21677,1.21722,1.2153,1.21581,2439
2023-10-24 17:00:00,1.21582,1.21673,1.21577,1.21619,2402
2023-10-24 18:00:00,1.21618,1.21642,1.21554,1.21608,1401
2023-10-24 19:00:00,1.21611,1.21651,1.21582,1.21627,1600
2023-10-24 20:00:00,1.2162600000000001,1.21655,1.2157499999999999,1.21583,947
2023-10-24 21:00:00,1.2153,1.21593,1.21507,1.21586,384
2023-10-24 22:00:00,1.21595,1.21605,1.21543,1.21605,444
2023-10-24 23:00:00,1.21605,1.21616,1.21579,1.21616,532
2023-10-25 00:00:00,1.21618,1.21685,1.21603,1.21656,1769
2023-10-25 01:00:00,1.21656,1.2172,1.21635,1.21689,1487
2023-10-25 02:00:00,1.21689,1.21738,1.21676,1.2172,1053
2023-10-25 03:00:00,1.21721,1.2174800000000001,1.21705,1.21707,944
2023-10-25 04:00:00,1.21707,1.21749,1.21707,1.21749,730
2023-10-25 05:00:00,1.21749,1.21757,1.21651,1.2169,1118
2023-10-25 06:00:00,1.2168700000000001,1.21708,1.2159200000000001,1.2161,2277
2023-10-25 07:00:00,1.21607,1.21657,1.2137,1.21411,3108
2023-10-25 08:00:00,1.2141,1.21501,1.2133,1.21379,2984
2023-10-25 09:00:00,1.21379,1.21383,1.21132,1.2119,2731
2023-10-25 10:00:00,1.21189,1.21254,1.21139,1.2123,2037
2023-10-25 11:00:00,1.21227,1.21323,1.2114,1.21177,2031
2023-10-25 12:00:00,1.21179,1.21364,1.21157,1.21303,2814
2023-10-25 13:00:00,1.21303,1.21387,1.21221,1.21334,4025
2023-10-25 14:00:00,1.21332,1.21559,1.21251,1.21414,5439
2023-10-25 15:00:00,1.21416,1.21524,1.21369,1.21372,4330
2023-10-25 16:00:00,1.21375,1.21397,1.21217,1.21269,2530
2023-10-25 17:00:00,1.21269,1.21299,1.21133,1.21206,3493
2023-10-25 18:00:00,1.21205,1.21232,1.21135,1.21155,2236
2023-10-25 19:00:00,1.21155,1.21193,1.21117,1.21121,1587
2023-10-25 20:00:00,1.21119,1.2114,1.21062,1.2109,855
2023-10-25 21:00:00,1.21055,1.21083,1.21003,1.21049,429
2023-10-25 22:00:00,1.2107700000000001,1.21083,1.20997,1.21029,574
2023-10-25 23:00:00,1.21027,1.21031,1.20943,1.21018,648
2023-10-26 00:00:00,1.2101899999999999,1.21045,1.20874,1.20899,1508
2023-10-26 01:00:00,1.209,1.2099,1.20871,1.20937,1580
2023-10-26 02:00:00,1.20937,1.20942,1.20792,1.20825,1452
2023-10-26 03:00:00,1.20825,1.20842,1.20764,1.208,979
2023-10-26 04:00:00,1.208,1.20827,1.20787,1.20794,934
2023-10-26 05:00:00,1.20794,1.20876,1.20759,1.20794,1329
2023-10-26 06:00:00,1.20791,1.20867,1.20691,1.20758,3385
2023-10-26 07:00:00,1.20757,1.20927,1.2074799999999999,1.20889,3527
2023-10-26 08:00:00,1.20889,1.20957,1.20776,1.20789,2445
2023-10-26 09:00:00,1.20791,1.20939,1.20743,1.20884,2207
2023-10-26 10:00:00,1.20886,1.20918,1.20739,1.20752,2017
2023-10-26 11:00:00,1.20752,1.20878,1.20752,1.20852,2168
2023-10-26 12:00:00,1.20849,1.21238,1.2078,1.21238,6993
2023-10-26 13:00:00,1.2124,1.2133,1.21074,1.21215,6036
2023-10-26 14:00:00,1.21213,1.21285,1.21036,1.21268,5184
2023-10-26 15:00:00,1.21265,1.21316,1.21044,1.21108,3628
2023-10-26 16:00:00,1.21107,1.21127,1.20976,1.2104,2719
2023-10-26 17:00:00,1.21042,1.21311,1.21037,1.2128,3045
2023-10-26 18:00:00,1.2128,1.21393,1.21264,1.21349,2152
2023-10-26 19:00:00,1.21349,1.21369,1.21195,1.21212,1819
2023-10-26 20:00:00,1.2121,1.2128700000000001,1.21177,1.21254,981
2023-10-26 21:00:00,1.21241,1.21249,1.21132,1.21239,415
2023-10-26 22:00:00,1.21269,1.21337,1.21269,1.21337,274
2023-10-26 23:00:00,1.21338,1.21383,1.2133099999999999,1.21356,485
2023-10-27 00:00:00,1.2135799999999999,1.21365,1.21263,1.21267,1296
2023-10-27 01:00:00,1.21267,1.21325,1.21218,1.21289,1361
2023-10-27 02:00:00,1.21289,1.21388,1.21289,1.21362,1181
2023-10-27 03:00:00,1.21362,1.21381,1.21296,1.2134,868
2023-10-27 04:00:00,1.21337,1.21381,1.2132,1.2137,795
2023-10-27 05:00:00,1.2137,1.2141,1.21334,1.21357,1196
2023-10-27 06:00:00,1.2135799999999999,1.21377,1.21142,1.21205,2517
2023-10-27 07:00:00,1.21203,1.21255,1.21119,1.21186,3072
2023-10-27 08:00:00,1.21186,1.21288,1.2111399999999999,1.21279,2369
2023-10-27 09:00:00,1.21277,1.21423,1.21255,1.21362,2055
2023-10-27 10:00:00,1.21361,1.21379,1.2119,1.21234,1952
2023-10-27 11:00:00,1.21231,1.21259,1.21051,1.21085,2200
2023-10-27 12:00:00,1.21085,1.2147000000000001,1.21055,1.21307,4361
2023-10-27 13:00:00,1.21306,1.216,1.21293,1.21447,5302
2023-10-27 14:00:00,1.21446,1.21621,1.2123599999999999,1.21437,5689
2023-10-27 15:00:00,1.21438,1.21519,1.21356,1.21492,3228
2023-10-27 16:00:00,1.21494,1.21538,1.21291,1.21317,2578
2023-10-27 17:00:00,1.21314,1.21315,1.21137,1.21193,2820
2023-10-27 18:00:00,1.21191,1.2124,1.21108,1.21134,2872
2023-10-27 19:00:00,1.21136,1.212,1.21101,1.212,2282
2023-10-27 20:00:00,1.21197,1.21223,1.21171,1.21205,1204
2023-10-29 21:00:00,1.21112,1.21191,1.21089,1.21169,282
2023-10-29 22:00:00,1.21222,1.21233,1.21146,1.2116500000000001,587
2023-10-29 23:00:00,1.2116500000000001,1.21166,1.21099,1.21125,704
2023-10-30 00:00:00,1.21127,1.21127,1.21059,1.21099,1327
2023-10-30 01:00:00,1.21099,1.21131,1.21061,1.21128,1428
2023-10-30 02:00:00,1.21125,1.2116,1.2110400000000001,1.21129,1195
2023-10-30 03:00:00,1.21129,1.21207,1.21123,1.212,766
2023-10-30 04:00:00,1.2119900000000001,1.21212,1.21156,1.21159,588
2023-10-30 05:00:00,1.21159,1.21159,1.21118,1.21135,711
2023-10-30 06:00:00,1.21134,1.21313,1.21128,1.21304,1332
2023-10-30 07:00:00,1.21301,1.21329,1.20917,1.20977,2388
2023-10-30 08:00:00,1.20975,1.21048,1.2089699999999999,1.2104,3433
2023-10-30 09:00:00,1.21042,1.21364,1.21041,1.21281,2876
2023-10-30 10:00:00,1.21281,1.21395,1.21193,1.21228,2276
2023-10-30 11:00:00,1.21227,1.21412,1.21197,1.21248,2490
2023-10-30 12:00:00,1.21251,1.21441,1.2121,1.2141899999999999,3152
2023-10-30 13:00:00,1.21421,1.21479,1.21276,1.21375,3726
2023-10-30 14:00:00,1.21378,1.21508,1.21196,1.21403,5154
2023-10-30 15:00:00,1.21406,1.21644,1.21402,1.21553,3349
2023-10-30 16:00:00,1.21553,1.21563,1.21411,1.21486,2612
2023-10-30 17:00:00,1.21489,1.2156500000000001,1.21414,1.21542,1924
2023-10-30 18:00:00,1.21543,1.21657,1.21525,1.21615,1507
2023-10-30 19:00:00,1.21615,1.21741,1.21615,1.21727,1817
2023-10-30 20:00:00,1.21725,1.21725,1.21667,1.21667,651
2023-10-30 21:00:00,1.21645,1.21655,1.21509,1.21649,506
2023-10-30 22:00:00,1.21661,1.21671,1.21623,1.21642,550
2023-10-30 23:00:00,1.21646,1.21673,1.2163,1.21634,502
2023-10-31 00:00:00,1.21635,1.21635,1.21564,1.21594,1104
2023-10-31 01:00:00,1.21594,1.21599,1.21487,1.21556,1660
2023-10-31 02:00:00,1.21555,1.21568,1.2147000000000001,1.21478,1115
2023-10-31 03:00:00,1.21475,1.21484,1.21362,1.21441,2093
2023-10-31 04:00:00,1.21439,1.21488,1.21383,1.21403,1192
2023-10-31 05:00:00,1.21401,1.21479,1.2138200000000001,1.21477,1213
2023-10-31 06:00:00,1.21477,1.21524,1.21423,1.21488,1647
2023-10-31 07:00:00,1.21488,1.21606,1.2141,1.21555,2367
2023-10-31 08:00:00,1.21556,1.21735,1.21454,1.21716,2807
2023-10-31 09:00:00,1.21716,1.21945,1.21682,1.21902,2784
2023-10-31 10:00:00,1.2190400000000001,1.21978,1.21834,1.2197,2612
2023-10-31 11:00:00,1.2197,1.22,1.21756,1.21792,2174
2023-10-31 12:00:00,1.21789,1.21853,1.21555,1.21589,4097
2023-10-31 13:00:00,1.21587,1.21589,1.21335,1.21374,3973
2023-10-31 14:00:00,1.21376,1.21555,1.21261,1.21369,4330
2023-10-31 15:00:00,1.21369,1.21418,1.2119,1.21327,4118
2023-10-31 16:00:00,1.21325,1.21397,1.21229,1.21337,3318
2023-10-31 17:00:00,1.21338,1.21511,1.21325,1.21477,2842
2023-10-31 18:00:00,1.21473,1.21518,1.21406,1.21499,1821
2023-10-31 19:00:00,1.21498,1.2155,1.21474,1.2152,1459
2023-10-31 20:00:00,1.21523,1.2154099999999999,1.21415,1.2151,1090
2023-10-31 21:00:00,1.21359,1.21467,1.21318,1.21466,609
2023-10-31 22:00:00,1.21483,1.21523,1.21466,1.2149,487
2023-10-31 23:00:00,1.21505,1.21524,1.21475,1.215,495
2023-11-01 00:00:00,1.21501,1.21517,1.21337,1.2139,1570
2023-11-01 01:00:00,1.21386,1.21428,1.21339,1.21362,1565
2023-11-01 02:00:00,1.2136,1.21456,1.21345,1.21417,1311
2023-11-01 03:00:00,1.21418,1.21479,1.21395,1.2144300000000001,995
2023-11-01 04:00:00,1.21442,1.21449,1.21366,1.21376,1055
2023-11-01 05:00:00,1.21375,1.21375,1.21313,1.21354,1034
2023-11-01 06:00:00,1.21354,1.21483,1.21353,1.21466,1467
2023-11-01 07:00:00,1.21462,1.21605,1.2144300000000001,1.2152,2461
2023-11-01 08:00:00,1.2152,1.216,1.21407,1.21436,2722
2023-11-01 09:00:00,1.21438,1.21539,1.2132100000000001,1.21385,2260
2023-11-01 10:00:00,1.21386,1.21445,1.21315,1.2138200000000001,1943
2023-11-01 11:00:00,1.21383,1.21432,1.21228,1.21254,2321
2023-11-01 12:00:00,1.21255,1.21438,1.21191,1.21218,5877
2023-11-01 13:00:00,1.21216,1.21216,1.20953,1.21078,4354
2023-11-01 14:00:00,1.21082,1.2164,1.21082,1.21456,7254
2023-11-01 15:00:00,1.21458,1.21563,1.21229,1.21259,3886
2023-11-01 16:00:00,1.21257,1.21277,1.21158,1.21212,2478
2023-11-01 17:00:00,1.21212,1.21222,1.2107999999999999,1.21142,2128
2023-11-01 18:00:00,1.21139,1.21423,1.2097,1.2129,8715
2023-11-01 19:00:00,1.21286,1.21559,1.21273,1.21477,4425
2023-11-01 20:00:00,1.21477,1.21517,1.2142,1.21499,1122
2023-11-01 21:00:00,1.21412,1.21447,1.21251,1.21408,456
2023-11-01 22:00:00,1.21493,1.2166,1.21485,1.21652,559
2023-11-01 23:00:00,1.21656,1.218,1.21628,1.218,900
2023-11-02 00:00:00,1.21804,1.21927,1.21784,1.21922,1804
2023-11-02 01:00:00,1.21924,1.21959,1.21881,1.21909,1455
2023-11-02 02:00:00,1.2190699999999999,1.21938,1.21867,1.21901,1150
2023-11-02 03:00:00,1.21905,1.21934,1.2186,1.2191,1043
2023-11-02 04:00:00,1.21911,1.21911,1.21766,1.21775,963
2023-11-02 05:00:00,1.21774,1.21848,1.21762,1.2182,1319
2023-11-02 06:00:00,1.2181899999999999,1.21828,1.21741,1.21793,1367
2023-11-02 07:00:00,1.21791,1.21811,1.21632,1.2168700000000001,2210
2023-11-02 08:00:00,1.21686,1.21735,1.21547,1.21629,2487
2023-11-02 09:00:00,1.21633,1.21892,1.2156500000000001,1.21849,2665
2023-11-02 10:00:00,1.21851,1.2196500000000001,1.21795,1.2190699999999999,2232
2023-11-02 11:00:00,1.2190699999999999,1.21984,1.21878,1.2193100000000001,2222
2023-11-02 12:00:00,1.2193100000000001,1.22248,1.21925,1.22147,5193
2023-11-02 13:00:00,1.22143,1.22242,1.21854,1.21983,4188
2023-11-02 14:00:00,1.21984,1.21999,1.21709,1.21818,3668
2023-11-02 15:00:00,1.21812,1.21886,1.21672,1.21729,3263
2023-11-02 16:00:00,1.21727,1.21845,1.21681,1.21788,2637
2023-11-02 17:00:00,1.21789,1.2201,1.21767,1.22,1901
2023-11-02 18:00:00,1.21999,1.22069,1.2196799999999999,1.22049,1752
2023-11-02 19:00:00,1.22049,1.22085,1.21989,1.22068,1477
2023-11-02 20:00:00,1.2207,1.22078,1.21989,1.21989,786
2023-11-02 21:00:00,1.21933,1.22012,1.21736,1.2196799999999999,504
2023-11-02 22:00:00,1.21995,1.22017,1.21943,1.21956,551
2023-11-02 23:00:00,1.21967,1.2198,1.21888,1.21889,720
2023-11-03 00:00:00,1.21891,1.21948,1.21841,1.21887,1061
2023-11-03 01:00:00,1.21884,1.21938,1.21839,1.2191,1452
2023-11-03 02:00:00,1.21909,1.22025,1.21901,1.22011,1239
2023-11-03 03:00:00,1.22012,1.22038,1.21972,1.21994,1116
2023-11-03 04:00:00,1.21996,1.22032,1.21963,1.21995,877
2023-11-03 05:00:00,1.21995,1.22076,1.21984,1.22072,989
2023-11-03 06:00:00,1.22073,1.22078,1.22012,1.22052,1041
2023-11-03 07:00:00,1.22048,1.22128,1.2196500000000001,1.21993,1909
2023-11-03 08:00:00,1.21991,1.21991,1.21855,1.21928,2291
2023-11-03 09:00:00,1.21929,1.22146,1.21902,1.22132,2168
2023-11-03 10:00:00,1.22133,1.22243,1.22103,1.22206,1890
2023-11-03 11:00:00,1.22206,1.223,1.22172,1.22258,2010
2023-11-03 12:00:00,1.22258,1.23166,1.2223600000000001,1.23123,5433
2023-11-03 13:00:00,1.2312,1.23395,1.22978,1.23307,5222
2023-11-03 14:00:00,1.23336,1.23499,1.23109,1.23413,5400
2023-11-03 15:00:00,1.23413,1.23742,1.23404,1.23705,3454
2023-11-03 16:00:00,1.237,1.2386,1.23579,1.23814,2796
2023-11-03 17:00:00,1.23815,1.23889,1.23753,1.2383,2350
2023-11-03 18:00:00,1.23836,1.23864,1.23759,1.23809,1610
2023-11-03 19:00:00,1.23809,1.2381,1.23716,1.23731,1487
2023-11-03 20:00:00,1.2373,1.23823,1.23728,1.23803,814
2023-11-05 22:00:00,1.23659,1.23691,1.23461,1.23567,327
2023-11-05 23:00:00,1.23669,1.23749,1.23655,1.23696,951
2023-11-06 00:00:00,1.23713,1.2373,1.23652,1.23664,1336
2023-11-06 01:00:00,1.23665,1.23753,1.23644,1.23684,1777
2023-11-06 02:00:00,1.23685,1.2375099999999999,1.23679,1.23724,1379
2023-11-06 03:00:00,1.23724,1.23747,1.23697,1.23743,1060
2023-11-06 04:00:00,1.23744,1.2381199999999999,1.2372,1.23728,1042
2023-11-06 05:00:00,1.23728,1.23796,1.237,1.23773,1196
2023-11-06 06:00:00,1.23773,1.23875,1.23769,1.23852,1313
2023-11-06 07:00:00,1.23853,1.23957,1.23786,1.23822,2238
2023-11-06 08:00:00,1.23819,1.24129,1.2376,1.24108,2689
2023-11-06 09:00:00,1.24106,1.24232,1.23975,1.23981,2387
2023-11-06 10:00:00,1.23981,1.2419,1.23981,1.24142,1706
2023-11-06 11:00:00,1.24146,1.24258,1.24124,1.24227,1732
2023-11-06 12:00:00,1.24231,1.24274,1.23905,1.23915,2132
2023-11-06 13:00:00,1.23915,1.23989,1.2382,1.23846,2609
2023-11-06 14:00:00,1.23847,1.23999,1.23847,1.23906,2830
2023-11-06 15:00:00,1.23907,1.23933,1.2371,1.23889,2809
2023-11-06 16:00:00,1.23889,1.23972,1.23861,1.23888,2020
2023-11-06 17:00:00,1.23887,1.2389000000000001,1.23692,1.23708,1469
2023-11-06 18:00:00,1.2370700000000001,1.23723,1.23628,1.23675,1413
2023-11-06 19:00:00,1.23677,1.23691,1.23506,1.23512,1554
2023-11-06 20:00:00,1.23511,1.23516,1.23416,1.23434,1216
2023-11-06 21:00:00,1.23434,1.2344,1.23372,1.23421,782
2023-11-06 22:00:00,1.23401,1.23435,1.23201,1.23434,782
2023-11-06 23:00:00,1.23443,1.23443,1.23407,1.23422,371
2023-11-07 00:00:00,1.23434,1.23461,1.23371,1.23384,727
2023-11-07 01:00:00,1.23382,1.23411,1.23339,1.23381,1281
2023-11-07 02:00:00,1.23372,1.23401,1.23333,1.23389,1111
2023-11-07 03:00:00,1.2339,1.23407,1.23322,1.23338,1505
2023-11-07 04:00:00,1.23338,1.23361,1.2327,1.23281,1100
2023-11-07 05:00:00,1.23281,1.23338,1.23257,1.23335,893
2023-11-07 06:00:00,1.23335,1.23365,1.23186,1.2319,1390
2023-11-07 07:00:00,1.2318500000000001,1.23205,1.23112,1.23144,1847
2023-11-07 08:00:00,1.23146,1.23316,1.23135,1.23258,2554
2023-11-07 09:00:00,1.23257,1.23264,1.2301199999999999,1.23033,2220
2023-11-07 10:00:00,1.23031,1.23121,1.22913,1.22964,2113
2023-11-07 11:00:00,1.22961,1.22977,1.22749,1.22877,2561
2023-11-07 12:00:00,1.22875,1.2301199999999999,1.22858,1.22953,2184
2023-11-07 13:00:00,1.22955,1.23066,1.22938,1.23004,2730
2023-11-07 14:00:00,1.23006,1.23018,1.22824,1.22972,3157
2023-11-07 15:00:00,1.2297,1.231,1.22899,1.22984,2720
2023-11-07 16:00:00,1.22984,1.23109,1.22923,1.22928,2517
2023-11-07 17:00:00,1.22929,1.22944,1.22621,1.22703,2216
2023-11-07 18:00:00,1.22701,1.22986,1.22683,1.22971,2039
2023-11-07 19:00:00,1.22972,1.2306,1.22937,1.22957,1589
2023-11-07 20:00:00,1.22952,1.22997,1.22873,1.22926,1576
2023-11-07 21:00:00,1.22925,1.22994,1.22923,1.2298499999999999,850
2023-11-07 22:00:00,1.22901,1.22971,1.22727,1.22963,864
2023-11-07 23:00:00,1.2298499999999999,1.22989,1.22864,1.22895,738
2023-11-08 00:00:00,1.22906,1.22933,1.22845,1.22854,837
2023-11-08 01:00:00,1.22857,1.22898,1.22774,1.22843,1528
2023-11-08 02:00:00,1.22842,1.22953,1.22808,1.22889,1581
2023-11-08 03:00:00,1.22891,1.22919,1.22783,1.22802,1177
2023-11-08 04:00:00,1.22803,1.22837,1.22787,1.22827,1027
2023-11-08 05:00:00,1.22827,1.22839,1.2273399999999999,1.22747,1358
2023-11-08 06:00:00,1.22747,1.2278,1.22711,1.22724,1604
2023-11-08 07:00:00,1.22726,1.22771,1.22639,1.22716,2101
2023-11-08 08:00:00,1.22719,1.22756,1.2259,1.226,2571
2023-11-08 09:00:00,1.22599,1.22608,1.22413,1.22475,2591
2023-11-08 10:00:00,1.22475,1.22567,1.22427,1.22554,2200
2023-11-08 11:00:00,1.22555,1.22675,1.2255,1.22669,1839
2023-11-08 12:00:00,1.22669,1.22678,1.22506,1.22533,2087
2023-11-08 13:00:00,1.22535,1.22656,1.22499,1.22631,2891
2023-11-08 14:00:00,1.22632,1.2285300000000001,1.22611,1.22805,3097
2023-11-08 15:00:00,1.22804,1.2288000000000001,1.22652,1.22857,3527
2023-11-08 16:00:00,1.22857,1.23005,1.2285300000000001,1.22981,2704
2023-11-08 17:00:00,1.22976,1.22986,1.22813,1.2291400000000001,2351
2023-11-08 18:00:00,1.2291,1.23007,1.22883,1.22958,2256
2023-11-08 19:00:00,1.22959,1.22976,1.22831,1.22834,1465
2023-11-08 20:00:00,1.22832,1.22891,1.22804,1.22876,1481
2023-11-08 21:00:00,1.22874,1.22891,1.22812,1.22812,1042
2023-11-08 22:00:00,1.22797,1.22836,1.22605,1.22774,1131
2023-11-08 23:00:00,1.2281900000000001,1.22837,1.2278,1.22837,721
2023-11-09 00:00:00,1.22848,1.22859,1.22742,1.22788,887
2023-11-09 01:00:00,1.22789,1.2291400000000001,1.2276799999999999,1.22878,1484
2023-11-09 02:00:00,1.22878,1.22931,1.22804,1.2282899999999999,1267
2023-11-09 03:00:00,1.2282899999999999,1.22844,1.22781,1.22814,1147
2023-11-09 04:00:00,1.22814,1.2287,1.22803,1.22842,1089
2023-11-09 05:00:00,1.2284,1.2287,1.22767,1.2277,1229
2023-11-09 06:00:00,1.2277,1.22887,1.22746,1.22866,1518
2023-11-09 07:00:00,1.22862,1.22877,1.22772,1.2281900000000001,1950
2023-11-09 08:00:00,1.22817,1.22943,1.22685,1.22934,2997
2023-11-09 09:00:00,1.22934,1.23079,1.22894,1.22991,2776
2023-11-09 10:00:00,1.22992,1.2304,1.22723,1.2274,2122
2023-11-09 11:00:00,1.2274,1.2276799999999999,1.22529,1.22606,2003
2023-11-09 12:00:00,1.22605,1.22654,1.22554,1.2261,2135
2023-11-09 13:00:00,1.22614,1.2276,1.22509,1.22713,3361
2023-11-09 14:00:00,1.22714,1.22921,1.22639,1.22885,3596
2023-11-09 15:00:00,1.22881,1.22945,1.22793,1.2286,3697
2023-11-09 16:00:00,1.2286,1.22883,1.22691,1.22761,2500
2023-11-09 17:00:00,1.22764,1.22794,1.22632,1.2266,1987
2023-11-09 18:00:00,1.2266,1.22675,1.22305,1.22563,4053
2023-11-09 19:00:00,1.22563,1.22566,1.22118,1.22194,4311
2023-11-09 20:00:00,1.22194,1.22289,1.22161,1.22178,2396
2023-11-09 21:00:00,1.22177,1.22235,1.22172,1.22205,1051
2023-11-09 22:00:00,1.22201,1.22224,1.22095,1.22174,751
2023-11-09 23:00:00,1.22218,1.22234,1.22144,1.22154,608
2023-11-10 00:00:00,1.22157,1.22222,1.2211400000000001,1.22204,942
2023-11-10 01:00:00,1.22206,1.22273,1.22177,1.22232,1525
2023-11-10 02:00:00,1.22233,1.22263,1.22207,1.22229,1167
2023-11-10 03:00:00,1.22231,1.22259,1.22181,1.22208,1067
2023-11-10 04:00:00,1.22208,1.22276,1.22194,1.22268,1078
2023-11-10 05:00:00,1.22268,1.22282,1.22227,1.22248,1202
2023-11-10 06:00:00,1.2225,1.22299,1.2223,1.22252,1374
2023-11-10 07:00:00,1.22249,1.22369,1.22156,1.2227000000000001,2735
2023-11-10 08:00:00,1.22268,1.22342,1.22162,1.22197,2468
2023-11-10 09:00:00,1.22199,1.22238,1.22054,1.22165,2276
2023-11-10 10:00:00,1.22156,1.22278,1.22084,1.22278,2165
2023-11-10 11:00:00,1.22279,1.22293,1.22023,1.22073,2157
2023-11-10 12:00:00,1.22069,1.22229,1.21995,1.22195,2278
2023-11-10 13:00:00,1.22195,1.22265,1.2206,1.22226,2742
2023-11-10 14:00:00,1.22227,1.22237,1.21984,1.22016,2779
2023-11-10 15:00:00,1.22012,1.2209699999999999,1.21864,1.21953,4380
2023-11-10 16:00:00,1.21957,1.2208700000000001,1.21918,1.22032,2674
2023-11-10 17:00:00,1.22036,1.22182,1.21987,1.22156,1979
2023-11-10 18:00:00,1.22155,1.22271,1.22115,1.22215,1784
2023-11-10 19:00:00,1.22215,1.2230699999999999,1.22165,1.22177,1291
2023-11-10 20:00:00,1.22177,1.22275,1.22143,1.22256,1448
2023-11-10 21:00:00,1.22252,1.22271,1.22208,1.22257,674
2023-11-12 22:00:00,1.22009,1.22223,1.21953,1.22162,668
2023-11-12 23:00:00,1.22258,1.22293,1.22226,1.22263,839
2023-11-13 00:00:00,1.22286,1.22309,1.22233,1.22267,894
2023-11-13 01:00:00,1.22271,1.22348,1.22239,1.22346,1442
2023-11-13 02:00:00,1.22346,1.22354,1.22287,1.22301,1212
2023-11-13 03:00:00,1.223,1.22302,1.22225,1.22265,842
2023-11-13 04:00:00,1.22265,1.2233100000000001,1.22257,1.22279,875
2023-11-13 05:00:00,1.22279,1.22317,1.22259,1.22298,1045
2023-11-13 06:00:00,1.22298,1.2239,1.22273,1.22379,1368
2023-11-13 07:00:00,1.22376,1.22431,1.22333,1.2236799999999999,1878
2023-11-13 08:00:00,1.2236799999999999,1.22416,1.2230699999999999,1.22401,2560
2023-11-13 09:00:00,1.22397,1.22518,1.22372,1.22432,2252
2023-11-13 10:00:00,1.22433,1.22546,1.2236,1.22504,1532
2023-11-13 11:00:00,1.22504,1.22541,1.2245,1.22496,1852
2023-11-13 12:00:00,1.22494,1.22497,1.22342,1.22415,1968
2023-11-13 13:00:00,1.22415,1.2254800000000001,1.2234099999999999,1.22459,2465
2023-11-13 14:00:00,1.22464,1.22487,1.22293,1.22382,2621
2023-11-13 15:00:00,1.22376,1.22579,1.22367,1.22516,3358
2023-11-13 16:00:00,1.2252,1.22701,1.22474,1.22654,2416
2023-11-13 17:00:00,1.22654,1.22762,1.22618,1.22677,1851
2023-11-13 18:00:00,1.22676,1.22751,1.22615,1.22714,1533
2023-11-13 19:00:00,1.2271,1.22786,1.22686,1.22772,1191
2023-11-13 20:00:00,1.22772,1.22798,1.22727,1.22762,1086
2023-11-13 21:00:00,1.22764,1.22796,1.22733,1.22733,500
2023-11-13 22:00:00,1.22732,1.22749,1.22591,1.22676,953
2023-11-13 23:00:00,1.22743,1.22785,1.22732,1.22779,368
2023-11-14 00:00:00,1.22787,1.22795,1.22712,1.22728,677
2023-11-14 01:00:00,1.2273,1.2276,1.22694,1.22722,1046
2023-11-14 02:00:00,1.22722,1.2275800000000001,1.22695,1.22729,891
2023-11-14 03:00:00,1.22729,1.22729,1.22681,1.22705,869
2023-11-14 04:00:00,1.22705,1.22746,1.22692,1.22709,875
2023-11-14 05:00:00,1.22706,1.22714,1.22649,1.22671,960
2023-11-14 06:00:00,1.22672,1.2276799999999999,1.22668,1.22749,1133
2023-11-14 07:00:00,1.22753,1.22996,1.22753,1.22943,2262
2023-11-14 08:00:00,1.22943,1.2296,1.22764,1.22817,2458
2023-11-14 09:00:00,1.22817,1.23026,1.22782,1.23015,2546
2023-11-14 10:00:00,1.23017,1.23068,1.22844,1.22888,2019
2023-11-14 11:00:00,1.22888,1.22916,1.22759,1.22799,1587
2023-11-14 12:00:00,1.22803,1.22966,1.22797,1.22933,1929
2023-11-14 13:00:00,1.22932,1.24063,1.22807,1.23999,6325
2023-11-14 14:00:00,1.2399499999999999,1.24614,1.2399499999999999,1.2457799999999999,6401
2023-11-14 15:00:00,1.24574,1.24739,1.24439,1.24553,4344
2023-11-14 16:00:00,1.24558,1.24881,1.24547,1.24805,3505
2023-11-14 17:00:00,1.24805,1.24924,1.24726,1.24912,2479
2023-11-14 18:00:00,1.24911,1.24929,1.2485,1.24857,1598
2023-11-14 19:00:00,1.24856,1.24993,1.24834,1.24986,1343
2023-11-14 20:00:00,1.24986,1.25053,1.24956,1.25013,1415
2023-11-14 21:00:00,1.25011,1.25011,1.24938,1.24975,775
2023-11-14 22:00:00,1.24972,1.24972,1.24711,1.24807,1035
2023-11-14 23:00:00,1.2490999999999999,1.24976,1.24901,1.24926,666
2023-11-15 00:00:00,1.24929,1.24929,1.24789,1.24835,1128
2023-11-15 01:00:00,1.24837,1.24879,1.24792,1.24839,1369
2023-11-15 02:00:00,1.24835,1.24901,1.24792,1.24889,1247
2023-11-15 03:00:00,1.24889,1.24953,1.2487300000000001,1.24939,1263
2023-11-15 04:00:00,1.24939,1.2497,1.249,1.24913,781
2023-11-15 05:00:00,1.24913,1.24929,1.24875,1.24884,1326
2023-11-15 06:00:00,1.24884,1.2493400000000001,1.2484,1.24875,1521
2023-11-15 07:00:00,1.24881,1.24974,1.24634,1.24692,3041
2023-11-15 08:00:00,1.2469000000000001,1.24755,1.24581,1.24641,3153
2023-11-15 09:00:00,1.2464,1.24655,1.2453400000000001,1.24625,3066
2023-11-15 10:00:00,1.24626,1.24716,1.24547,1.24617,2513
2023-11-15 11:00:00,1.24618,1.24742,1.24582,1.24716,2174
2023-11-15 12:00:00,1.24716,1.24743,1.24556,1.24609,2404
2023-11-15 13:00:00,1.24611,1.24791,1.24255,1.24421,6062
2023-11-15 14:00:00,1.24421,1.24467,1.2404,1.24087,5314
2023-11-15 15:00:00,1.24089,1.24435,1.24031,1.24417,4575
2023-11-15 16:00:00,1.24413,1.24536,1.2426,1.24298,3593
2023-11-15 17:00:00,1.24298,1.24315,1.2416,1.24225,2509
2023-11-15 18:00:00,1.24225,1.24225,1.24099,1.24159,1945
2023-11-15 19:00:00,1.24159,1.24199,1.24111,1.24181,1706
2023-11-15 20:00:00,1.2418,1.24184,1.24063,1.24094,1537
2023-11-15 21:00:00,1.24095,1.24156,1.24085,1.24132,768
2023-11-15 22:00:00,1.24139,1.24161,1.24021,1.24021,687
2023-11-15 23:00:00,1.24143,1.24211,1.24143,1.24208,474
2023-11-16 00:00:00,1.24213,1.24238,1.24136,1.24179,1081
2023-11-16 01:00:00,1.24183,1.2419,1.23998,1.24028,1527
2023-11-16 02:00:00,1.24027,1.24036,1.23795,1.2382900000000001,1953
2023-11-16 03:00:00,1.2382900000000001,1.23907,1.23824,1.23879,1130
2023-11-16 04:00:00,1.23879,1.23938,1.23866,1.23927,903
2023-11-16 05:00:00,1.23927,1.23957,1.23896,1.23942,887
2023-11-16 06:00:00,1.23941,1.2398500000000001,1.23913,1.23963,1423
2023-11-16 07:00:00,1.23962,1.23977,1.23759,1.23798,2273
2023-11-16 08:00:00,1.23796,1.23982,1.23763,1.23966,3228
2023-11-16 09:00:00,1.23966,1.24128,1.23936,1.24008,3143
2023-11-16 10:00:00,1.24009,1.24064,1.23915,1.2406,2433
2023-11-16 11:00:00,1.24059,1.24104,1.23941,1.24037,2108
2023-11-16 12:00:00,1.24036,1.24049,1.2382,1.23885,2548
2023-11-16 13:00:00,1.23886,1.24407,1.23865,1.24405,4771
2023-11-16 14:00:00,1.24404,1.24405,1.24108,1.24315,4627
2023-11-16 15:00:00,1.24318,1.24549,1.24295,1.24402,5276
2023-11-16 16:00:00,1.24402,1.24484,1.24138,1.24198,3490
2023-11-16 17:00:00,1.24197,1.24297,1.24193,1.24251,2291
2023-11-16 18:00:00,1.24251,1.24308,1.24175,1.242,1882
2023-11-16 19:00:00,1.24201,1.2422900000000001,1.24149,1.24172,1382
2023-11-16 20:00:00,1.24171,1.24183,1.2405599999999999,1.24084,1251
2023-11-16 21:00:00,1.24086,1.24148,1.24081,1.24137,611
2023-11-16 22:00:00,1.24135,1.24139,1.2408299999999999,1.24096,545
2023-11-16 23:00:00,1.24155,1.24158,1.2411699999999999,1.24136,340
2023-11-17 00:00:00,1.24139,1.2418,1.24088,1.24176,906
2023-11-17 01:00:00,1.24179,1.24218,1.24118,1.24129,1502
2023-11-17 02:00:00,1.24129,1.24162,1.24038,1.24099,1339
2023-11-17 03:00:00,1.24098,1.24114,1.24058,1.24073,930
2023-11-17 04:00:00,1.24073,1.24103,1.24047,1.24049,877
2023-11-17 05:00:00,1.24048,1.24149,1.24035,1.24133,1131
2023-11-17 06:00:00,1.24135,1.24183,1.24116,1.24121,1364
2023-11-17 07:00:00,1.2412,1.2412,1.23735,1.2383899999999999,2792
2023-11-17 08:00:00,1.2384,1.23959,1.23787,1.23814,3918
2023-11-17 09:00:00,1.23816,1.24143,1.23782,1.24091,3711
2023-11-17 10:00:00,1.24089,1.24369,1.24075,1.24308,3047
2023-11-17 11:00:00,1.24309,1.24374,1.24206,1.2429000000000001,2727
2023-11-17 12:00:00,1.24291,1.24395,1.24214,1.24283,2633
2023-11-17 13:00:00,1.24284,1.24392,1.2414100000000001,1.2421,4207
2023-11-17 14:00:00,1.2421,1.24339,1.24047,1.24179,5251
2023-11-17 15:00:00,1.24177,1.2434,1.24136,1.24333,4172
2023-11-17 16:00:00,1.24334,1.24368,1.24174,1.24272,3306
2023-11-17 17:00:00,1.24271,1.24364,1.2426,1.2435100000000001,2019
2023-11-17 18:00:00,1.2435100000000001,1.24574,1.24325,1.24556,1874
2023-11-17 19:00:00,1.24559,1.2456,1.24457,1.24484,1493
2023-11-17 20:00:00,1.24482,1.24613,1.2446,1.246,1482
2023-11-17 21:00:00,1.24596,1.24644,1.24576,1.2462900000000001,907
2023-11-19 22:00:00,1.2441200000000001,1.24531,1.24406,1.24508,358
2023-11-19 23:00:00,1.24563,1.24604,1.245,1.24504,1179
2023-11-20 00:00:00,1.24525,1.24549,1.24455,1.24504,1222
2023-11-20 01:00:00,1.24505,1.24692,1.24505,1.24678,2233
2023-11-20 02:00:00,1.24678,1.2485,1.24657,1.24821,2019
2023-11-20 03:00:00,1.24821,1.24851,1.24744,1.2484,1785
2023-11-20 04:00:00,1.2484,1.24949,1.24838,1.24852,1329
2023-11-20 05:00:00,1.24852,1.2489,1.2479,1.24803,1262
2023-11-20 06:00:00,1.24802,1.24825,1.2475100000000001,1.24759,1658
2023-11-20 07:00:00,1.24759,1.2484,1.2471,1.24746,2683
2023-11-20 08:00:00,1.24748,1.24939,1.24728,1.24806,3463
2023-11-20 09:00:00,1.24806,1.25099,1.24799,1.25099,3654
2023-11-20 10:00:00,1.25098,1.25098,1.2467,1.24713,2531
2023-11-20 11:00:00,1.24712,1.24721,1.24608,1.24704,2298
2023-11-20 12:00:00,1.24705,1.24777,1.24638,1.2472,2394
2023-11-20 13:00:00,1.24722,1.2477800000000001,1.24661,1.2472699999999999,3155
2023-11-20 14:00:00,1.24728,1.2493,1.24616,1.2493,3603
2023-11-20 15:00:00,1.24929,1.2494,1.24742,1.2492,3349
2023-11-20 16:00:00,1.24917,1.25039,1.24896,1.25039,2513
2023-11-20 17:00:00,1.25042,1.25169,1.24945,1.24997,2032
2023-11-20 18:00:00,1.25001,1.2517,1.24979,1.2505899999999999,2990
2023-11-20 19:00:00,1.2506,1.25108,1.25022,1.25099,1544
2023-11-20 20:00:00,1.25098,1.25131,1.25062,1.2506300000000001,1511
2023-11-20 21:00:00,1.25068,1.25083,1.25033,1.25044,877
2023-11-20 22:00:00,1.25041,1.25046,1.24942,1.25,593
2023-11-20 23:00:00,1.25034,1.25101,1.2502499999999999,1.25069,674
2023-11-21 00:00:00,1.25073,1.25179,1.2504,1.25111,1407
2023-11-21 01:00:00,1.25113,1.25245,1.25046,1.25165,2887
2023-11-21 02:00:00,1.25162,1.25373,1.25123,1.2534100000000001,2591
2023-11-21 03:00:00,1.2534100000000001,1.25384,1.25316,1.25377,1872
2023-11-21 04:00:00,1.25376,1.25394,1.25287,1.25301,1468
2023-11-21 05:00:00,1.25301,1.25363,1.25248,1.25261,1688
2023-11-21 06:00:00,1.25259,1.2530299999999999,1.2523,1.25252,1902
2023-11-21 07:00:00,1.2524899999999999,1.25372,1.25211,1.25243,3195
2023-11-21 08:00:00,1.25238,1.25363,1.25195,1.25298,4521
2023-11-21 09:00:00,1.25296,1.25409,1.2524199999999999,1.25309,3429
2023-11-21 10:00:00,1.2530999999999999,1.25534,1.25279,1.25419,2944
2023-11-21 11:00:00,1.25417,1.25452,1.25262,1.2529,2672
2023-11-21 12:00:00,1.2529,1.2540499999999999,1.25281,1.25355,2825
2023-11-21 13:00:00,1.25356,1.25591,1.25329,1.25393,4441
2023-11-21 14:00:00,1.25394,1.25528,1.25363,1.25448,4005
2023-11-21 15:00:00,1.2545,1.25534,1.25264,1.25362,4682
2023-11-21 16:00:00,1.25362,1.25444,1.25272,1.2537,3620
2023-11-21 17:00:00,1.2537,1.25505,1.25315,1.2546,2551
2023-11-21 18:00:00,1.2545899999999999,1.2546599999999999,1.2522,1.2524899999999999,2713
2023-11-21 19:00:00,1.25252,1.25408,1.25175,1.25403,2984
2023-11-21 20:00:00,1.2540499999999999,1.25417,1.25319,1.2536,1440
2023-11-21 21:00:00,1.25356,1.25396,1.25329,1.25347,1094
2023-11-21 22:00:00,1.2536100000000001,1.25366,1.2521900000000001,1.25221,704
2023-11-21 23:00:00,1.2530299999999999,1.25445,1.2530299999999999,1.2542,741
2023-11-22 00:00:00,1.2542499999999999,1.25477,1.25399,1.25448,1348
2023-11-22 01:00:00,1.25451,1.25492,1.25335,1.25351,1952
2023-11-22 02:00:00,1.2535,1.2542900000000001,1.25314,1.25391,1799
2023-11-22 03:00:00,1.25392,1.25434,1.25365,1.25387,1308
2023-11-22 04:00:00,1.25387,1.25408,1.25336,1.2535,1069
2023-11-22 05:00:00,1.2535,1.25363,1.25233,1.25251,1602
2023-11-22 06:00:00,1.2525,1.25263,1.25123,1.25186,2248
2023-11-22 07:00:00,1.25184,1.25312,1.25159,1.25255,2672
2023-11-22 08:00:00,1.25259,1.25365,1.25062,1.2512699999999999,3439
2023-11-22 09:00:00,1.2513,1.25367,1.25126,1.25293,3368
2023-11-22 10:00:00,1.25293,1.25349,1.25205,1.25285,2778
2023-11-22 11:00:00,1.25285,1.25373,1.2524,1.2534,3116
2023-11-22 12:00:00,1.2534399999999999,1.25482,1.25308,1.25359,3262
2023-11-22 13:00:00,1.25359,1.25436,1.25089,1.25149,5729
2023-11-22 14:00:00,1.2515100000000001,1.25164,1.24743,1.24831,5339
2023-11-22 15:00:00,1.24826,1.24826,1.24481,1.24584,5222
2023-11-22 16:00:00,1.24585,1.24662,1.24524,1.2465,3124
2023-11-22 17:00:00,1.2465,1.24851,1.24644,1.24787,2201
2023-11-22 18:00:00,1.24789,1.24933,1.2478,1.24891,2291
2023-11-22 19:00:00,1.24892,1.2494399999999999,1.2483,1.24895,1994
2023-11-22 20:00:00,1.24895,1.24954,1.2487,1.24949,1386
2023-11-22 21:00:00,1.2494399999999999,1.24965,1.24913,1.24937,822
2023-11-22 22:00:00,1.2493,1.24932,1.2487,1.2487,657
2023-11-22 23:00:00,1.24949,1.24949,1.24878,1.24884,673
2023-11-23 00:00:00,1.24886,1.24957,1.24886,1.24952,905
2023-11-23 01:00:00,1.24954,1.24964,1.24882,1.24949,1498
2023-11-23 02:00:00,1.24953,1.25033,1.24943,1.2502900000000001,1385
2023-11-23 03:00:00,1.2502900000000001,1.2506300000000001,1.24986,1.25051,1210
2023-11-23 04:00:00,1.2505,1.25064,1.25011,1.25017,1031
2023-11-23 05:00:00,1.25015,1.25119,1.2499500000000001,1.25107,1268
2023-11-23 06:00:00,1.2511,1.25164,1.25083,1.25098,1806
2023-11-23 07:00:00,1.25096,1.25184,1.2501,1.25171,2835
2023-11-23 08:00:00,1.2517,1.25373,1.25098,1.25175,4439
2023-11-23 09:00:00,1.25176,1.2570999999999999,1.25033,1.2558,4925
2023-11-23 10:00:00,1.25582,1.25593,1.25404,1.25501,2906
2023-11-23 11:00:00,1.255,1.25625,1.25407,1.25561,2457
2023-11-23 12:00:00,1.25562,1.25582,1.25387,1.25419,2620
2023-11-23 13:00:00,1.25416,1.2543199999999999,1.25328,1.25366,2451
2023-11-23 14:00:00,1.25369,1.25374,1.25244,1.2532,2831
2023-11-23 15:00:00,1.2532,1.2543,1.25288,1.25384,2477
2023-11-23 16:00:00,1.25383,1.25386,1.25277,1.25346,1615
2023-11-23 17:00:00,1.25346,1.25365,1.25286,1.25313,1008
2023-11-23 18:00:00,1.25312,1.25347,1.25301,1.25338,507
2023-11-23 19:00:00,1.25338,1.25374,1.25323,1.25333,498
2023-11-23 20:00:00,1.2533400000000001,1.25351,1.25315,1.25321,394
2023-11-23 21:00:00,1.25321,1.2536,1.25314,1.25321,450
2023-11-23 22:00:00,1.2530700000000001,1.2530700000000001,1.25135,1.25204,510
2023-11-23 23:00:00,1.25275,1.25336,1.25256,1.25299,924
2023-11-24 00:00:00,1.25313,1.25442,1.25313,1.25411,1403
2023-11-24 01:00:00,1.25414,1.25426,1.25308,1.25325,1663
2023-11-24 02:00:00,1.25324,1.25333,1.25243,1.25264,1403
2023-11-24 03:00:00,1.25261,1.25351,1.2523900000000001,1.2535,951
2023-11-24 04:00:00,1.25348,1.25378,1.25308,1.25378,837
2023-11-24 05:00:00,1.25375,1.2545899999999999,1.2536800000000001,1.25452,1442
2023-11-24 06:00:00,1.2545,1.2545,1.25358,1.25384,1445
2023-11-24 07:00:00,1.25384,1.25388,1.2526,1.25322,2097
2023-11-24 08:00:00,1.25318,1.2559,1.25289,1.2558799999999999,3306
2023-11-24 09:00:00,1.2558799999999999,1.25659,1.25442,1.25488,3239
2023-11-24 10:00:00,1.25492,1.2566,1.25457,1.25632,2301
2023-11-24 11:00:00,1.25631,1.25699,1.25555,1.25675,2454
2023-11-24 12:00:00,1.25677,1.25792,1.2563,1.25739,2525
2023-11-24 13:00:00,1.25733,1.25782,1.2561200000000001,1.25766,3194
2023-11-24 14:00:00,1.25765,1.25991,1.25747,1.25974,4038
2023-11-24 15:00:00,1.25976,1.2615,1.25973,1.26121,3761
2023-11-24 16:00:00,1.26121,1.26144,1.2598799999999999,1.25996,2389
2023-11-24 17:00:00,1.25997,1.2607300000000001,1.25957,1.26071,1871
2023-11-24 18:00:00,1.26065,1.26106,1.2605,1.26084,824
2023-11-24 19:00:00,1.26084,1.26097,1.2598,1.26062,1427
2023-11-24 20:00:00,1.26062,1.26091,1.26001,1.2606899999999999,2057
2023-11-24 21:00:00,1.26067,1.26095,1.26023,1.26023,930
2023-11-26 22:00:00,1.2587,1.2601,1.25861,1.26006,329
2023-11-26 23:00:00,1.2603,1.26035,1.25965,1.2597,938
2023-11-27 00:00:00,1.25995,1.26009,1.25923,1.25941,1566
2023-11-27 01:00:00,1.25942,1.26098,1.2591,1.26033,2523
2023-11-27 02:00:00,1.26033,1.26037,1.25907,1.25982,2048
2023-11-27 03:00:00,1.25982,1.26056,1.2594400000000001,1.2604899999999999,1587
2023-11-27 04:00:00,1.26048,1.26093,1.25992,1.26063,1443
2023-11-27 05:00:00,1.26063,1.26123,1.26043,1.2610299999999999,1466
2023-11-27 06:00:00,1.2610299999999999,1.26219,1.2610000000000001,1.26163,2137
2023-11-27 07:00:00,1.26162,1.26265,1.26093,1.2617,3141
2023-11-27 08:00:00,1.2616399999999999,1.26245,1.2604600000000001,1.26081,3540
2023-11-27 09:00:00,1.26078,1.2616,1.26035,1.26083,2691
2023-11-27 10:00:00,1.26085,1.26247,1.2601499999999999,1.2622900000000001,2721
2023-11-27 11:00:00,1.26231,1.2636,1.26157,1.26342,2431
2023-11-27 12:00:00,1.26339,1.26438,1.26284,1.26368,2885
2023-11-27 13:00:00,1.26373,1.26393,1.26233,1.26254,4780
2023-11-27 14:00:00,1.2625,1.2628300000000001,1.26129,1.26147,4418
2023-11-27 15:00:00,1.26146,1.26217,1.26025,1.26052,4971
2023-11-27 16:00:00,1.26053,1.26122,1.26003,1.26099,3945
2023-11-27 17:00:00,1.26097,1.26125,1.26009,1.26033,2202
2023-11-27 18:00:00,1.26033,1.26204,1.26013,1.26186,2432
2023-11-27 19:00:00,1.26187,1.26334,1.26184,1.2631700000000001,1516
2023-11-27 20:00:00,1.26321,1.26322,1.26247,1.2628599999999999,1655
2023-11-27 21:00:00,1.26289,1.26301,1.2624900000000001,1.26263,1106
2023-11-27 22:00:00,1.26267,1.2628300000000001,1.26149,1.26203,763
2023-11-27 23:00:00,1.26273,1.2634,1.26263,1.26335,733
2023-11-28 00:00:00,1.26335,1.26384,1.26308,1.2634400000000001,1527
2023-11-28 01:00:00,1.26349,1.26416,1.26291,1.26343,2177
2023-11-28 02:00:00,1.26343,1.26409,1.26304,1.26364,1829
2023-11-28 03:00:00,1.26364,1.26388,1.26311,1.26316,1575
2023-11-28 04:00:00,1.26316,1.26324,1.26281,1.26295,1246
2023-11-28 05:00:00,1.26298,1.26308,1.26219,1.2625600000000001,1430
2023-11-28 06:00:00,1.26255,1.26325,1.26221,1.26266,1685
2023-11-28 07:00:00,1.26261,1.26264,1.26087,1.26115,2805
2023-11-28 08:00:00,1.26117,1.26274,1.26061,1.26263,3730
2023-11-28 09:00:00,1.26265,1.26327,1.2621,1.26279,3091
2023-11-28 10:00:00,1.26282,1.26396,1.2628,1.26348,2470
2023-11-28 11:00:00,1.2635,1.26356,1.2619099999999999,1.26197,1955
2023-11-28 12:00:00,1.26199,1.26261,1.26128,1.2617,2850
2023-11-28 13:00:00,1.26169,1.26479,1.2607599999999999,1.26416,4479
2023-11-28 14:00:00,1.26417,1.26635,1.26353,1.2653699999999999,5770
2023-11-28 15:00:00,1.26532,1.26985,1.26488,1.26822,7512
2023-11-28 16:00:00,1.26824,1.27109,1.26766,1.27103,5371
2023-11-28 17:00:00,1.27105,1.27146,1.2686600000000001,1.26919,3554
2023-11-28 18:00:00,1.26923,1.26928,1.26728,1.26868,3665
2023-11-28 19:00:00,1.26868,1.27012,1.26864,1.26979,2467
2023-11-28 20:00:00,1.26976,1.2698,1.26798,1.26939,2242
2023-11-28 21:00:00,1.2693400000000001,1.2699099999999999,1.26897,1.26897,1037
2023-11-28 22:00:00,1.26915,1.26948,1.2689300000000001,1.26928,658
2023-11-28 23:00:00,1.26956,1.27122,1.26956,1.27114,1146
2023-11-29 00:00:00,1.27119,1.27175,1.27033,1.2716,1870
2023-11-29 01:00:00,1.27163,1.27329,1.27162,1.27182,3192
2023-11-29 02:00:00,1.27182,1.27222,1.27122,1.27192,2233
2023-11-29 03:00:00,1.27192,1.27218,1.2707,1.2707600000000001,1723
2023-11-29 04:00:00,1.27073,1.27139,1.2705600000000001,1.27128,1486
2023-11-29 05:00:00,1.27131,1.27164,1.27077,1.27122,1973
2023-11-29 06:00:00,1.27122,1.27212,1.27069,1.2713,2679
2023-11-29 07:00:00,1.27125,1.27133,1.26891,1.2697,3330
2023-11-29 08:00:00,1.26968,1.27134,1.2693699999999999,1.26974,4348
2023-11-29 09:00:00,1.26974,1.26992,1.2673,1.2680500000000001,3587
2023-11-29 10:00:00,1.26804,1.26902,1.26769,1.2684,3282
2023-11-29 11:00:00,1.2684199999999999,1.26884,1.26735,1.26881,2931
2023-11-29 12:00:00,1.26879,1.26989,1.26822,1.26942,3072
2023-11-29 13:00:00,1.26943,1.27077,1.26823,1.26861,6686
2023-11-29 14:00:00,1.26858,1.27063,1.2674,1.26975,5554
2023-11-29 15:00:00,1.26976,1.27106,1.26643,1.2696399999999999,5949
2023-11-29 16:00:00,1.26958,1.26977,1.26697,1.26867,3602
2023-11-29 17:00:00,1.2686600000000001,1.27,1.26841,1.26971,2611
2023-11-29 18:00:00,1.26971,1.27184,1.2696399999999999,1.27156,2327
2023-11-29 19:00:00,1.2716,1.2727,1.27005,1.27074,2429
2023-11-29 20:00:00,1.27072,1.27078,1.2690299999999999,1.2692700000000001,2103
2023-11-29 21:00:00,1.26928,1.2698800000000001,1.26912,1.26916,818
2023-11-29 22:00:00,1.26917,1.26925,1.26852,1.26899,860
2023-11-29 23:00:00,1.26932,1.26985,1.26917,1.2694,751
2023-11-30 00:00:00,1.26941,1.27042,1.26898,1.2702,1438
2023-11-30 01:00:00,1.27024,1.2702499999999999,1.26899,1.2692700000000001,2554
2023-11-30 02:00:00,1.26926,1.27055,1.26899,1.27033,1907
2023-11-30 03:00:00,1.27036,1.2704900000000001,1.26978,1.2698,1371
2023-11-30 04:00:00,1.2698,1.2702499999999999,1.26969,1.27003,1274
2023-11-30 05:00:00,1.27003,1.27047,1.2693400000000001,1.26984,1551
2023-11-30 06:00:00,1.26984,1.2708300000000001,1.2697,1.27054,1642
2023-11-30 07:00:00,1.2705600000000001,1.27067,1.26775,1.2692999999999999,3611
2023-11-30 08:00:00,1.26932,1.271,1.26613,1.26645,4709
2023-11-30 09:00:00,1.26642,1.26759,1.2648,1.2649,4229
2023-11-30 10:00:00,1.26488,1.26538,1.26343,1.26433,3321
2023-11-30 11:00:00,1.2643499999999999,1.26458,1.2631299999999999,1.26393,2935
2023-11-30 12:00:00,1.26394,1.2656100000000001,1.2637399999999999,1.26471,3136
2023-11-30 13:00:00,1.26472,1.26783,1.2622200000000001,1.2625199999999999,7368
2023-11-30 14:00:00,1.26253,1.26359,1.2603,1.26242,7845
2023-11-30 15:00:00,1.26241,1.26619,1.26212,1.26566,8213
2023-11-30 16:00:00,1.26565,1.26634,1.2634,1.26376,6581
2023-11-30 17:00:00,1.26377,1.26452,1.2616100000000001,1.26199,3292
2023-11-30 18:00:00,1.26197,1.26366,1.26124,1.26217,2252
2023-11-30 19:00:00,1.26218,1.26261,1.26169,1.2622900000000001,2274
2023-11-30 20:00:00,1.2623,1.26247,1.26116,1.2622499999999999,2262
2023-11-30 21:00:00,1.2622499999999999,1.26266,1.26216,1.2623199999999999,1036
2023-11-30 22:00:00,1.26227,1.26239,1.26136,1.2616399999999999,844
2023-11-30 23:00:00,1.26263,1.26318,1.26245,1.26296,1064
2023-12-01 00:00:00,1.26303,1.26434,1.26297,1.26425,1589
2023-12-01 01:00:00,1.26428,1.26549,1.26416,1.26525,2210
2023-12-01 02:00:00,1.26525,1.2656,1.26463,1.26468,1770
2023-12-01 03:00:00,1.2646899999999999,1.26478,1.26328,1.26339,1802
2023-12-01 04:00:00,1.26338,1.264,1.26328,1.26391,1237
2023-12-01 05:00:00,1.2639,1.26447,1.26358,1.2644,2090
2023-12-01 06:00:00,1.26438,1.26451,1.2634400000000001,1.26386,1796
2023-12-01 07:00:00,1.26383,1.2645,1.26287,1.26331,3033
2023-12-01 08:00:00,1.26333,1.26618,1.2629299999999999,1.26563,4526
2023-12-01 09:00:00,1.26562,1.2675,1.26518,1.26673,3548
2023-12-01 10:00:00,1.26668,1.26678,1.26403,1.26482,2530
2023-12-01 11:00:00,1.26482,1.26547,1.26413,1.26456,2670
2023-12-01 12:00:00,1.26455,1.26549,1.26334,1.26376,3044
2023-12-01 13:00:00,1.26375,1.26478,1.26272,1.26292,4528
2023-12-01 14:00:00,1.26292,1.26322,1.26135,1.26179,4232
2023-12-01 15:00:00,1.26181,1.26475,1.26181,1.26357,7799
2023-12-01 16:00:00,1.26357,1.26899,1.26248,1.26796,9230
2023-12-01 17:00:00,1.26799,1.26958,1.26735,1.2694,4593
2023-12-01 18:00:00,1.26938,1.27154,1.2691,1.27105,3036
2023-12-01 19:00:00,1.27102,1.27154,1.26949,1.26996,2267
2023-12-01 20:00:00,1.26996,1.27087,1.26977,1.2708599999999999,1872
2023-12-01 21:00:00,1.27089,1.27114,1.27065,1.27101,1170
2023-12-03 22:00:00,1.26918,1.27045,1.2681200000000001,1.26974,580
2023-12-03 23:00:00,1.27057,1.27238,1.27051,1.27098,2141
2023-12-04 00:00:00,1.27111,1.27119,1.26735,1.2677,3155
2023-12-04 01:00:00,1.2677100000000001,1.26827,1.26669,1.26762,3469
2023-12-04 02:00:00,1.26762,1.26854,1.26715,1.26831,2213
2023-12-04 03:00:00,1.26829,1.26863,1.26763,1.2677,2160
2023-12-04 04:00:00,1.2677100000000001,1.26785,1.26726,1.26734,1692
2023-12-04 05:00:00,1.26733,1.26828,1.26708,1.2677100000000001,1876
2023-12-04 06:00:00,1.26766,1.26849,1.26726,1.26754,2240
2023-12-04 07:00:00,1.26752,1.26792,1.26608,1.2664,3962
2023-12-04 08:00:00,1.26639,1.26725,1.2662,1.267,4469
2023-12-04 09:00:00,1.26703,1.26802,1.2655699999999999,1.26739,3866
2023-12-04 10:00:00,1.26738,1.26756,1.26526,1.26666,3269
2023-12-04 11:00:00,1.26666,1.2687,1.26646,1.26828,3070
2023-12-04 12:00:00,1.26826,1.2683900000000001,1.26673,1.26737,3291
2023-12-04 13:00:00,1.26735,1.26763,1.2654,1.26566,4662
2023-12-04 14:00:00,1.2657,1.26574,1.26108,1.26323,6073
2023-12-04 15:00:00,1.26328,1.2638,1.26033,1.2610299999999999,6835
2023-12-04 16:00:00,1.26102,1.2631000000000001,1.2606899999999999,1.26296,4360
2023-12-04 17:00:00,1.26298,1.2635100000000001,1.26202,1.2622200000000001,2897
2023-12-04 18:00:00,1.26223,1.26226,1.2604899999999999,1.26065,2294
2023-12-04 19:00:00,1.2606899999999999,1.2622900000000001,1.26056,1.26215,2099
2023-12-04 20:00:00,1.26218,1.26321,1.26205,1.26308,2212
2023-12-04 21:00:00,1.2631000000000001,1.26338,1.26294,1.26312,1010
2023-12-04 22:00:00,1.26306,1.2631299999999999,1.26224,1.2625899999999999,676
2023-12-04 23:00:00,1.26315,1.26338,1.26282,1.26326,1160
2023-12-05 00:00:00,1.2633,1.26436,1.26314,1.26413,1590
2023-12-05 01:00:00,1.26417,1.2643900000000001,1.26297,1.2636,2468
2023-12-05 02:00:00,1.26361,1.2638099999999999,1.26275,1.26289,1683
2023-12-05 03:00:00,1.26285,1.2636,1.2627,1.2633,1962
2023-12-05 04:00:00,1.26325,1.2640799999999999,1.26325,1.26376,1379
2023-12-05 05:00:00,1.26376,1.26406,1.26325,1.2639,1710
2023-12-05 06:00:00,1.2639,1.26394,1.26273,1.26329,2367
2023-12-05 07:00:00,1.26325,1.2633,1.26055,1.26092,3776
2023-12-05 08:00:00,1.26091,1.26285,1.26088,1.26275,4677
2023-12-05 09:00:00,1.26276,1.26367,1.2619,1.26309,4113
2023-12-05 10:00:00,1.26308,1.26397,1.26291,1.26319,3391
2023-12-05 11:00:00,1.26324,1.26453,1.26159,1.2622,3258
2023-12-05 12:00:00,1.26223,1.26288,1.2616800000000001,1.26183,3251
2023-12-05 13:00:00,1.26184,1.26371,1.2617099999999999,1.26357,4752
2023-12-05 14:00:00,1.26357,1.26373,1.25983,1.2610299999999999,5124
2023-12-05 15:00:00,1.26106,1.26513,1.26056,1.26128,9728
2023-12-05 16:00:00,1.2612999999999999,1.26184,1.25816,1.25871,4976
2023-12-05 17:00:00,1.25871,1.2605,1.2586300000000001,1.2595,3329
2023-12-05 18:00:00,1.2595,1.25963,1.25772,1.25854,2685
2023-12-05 19:00:00,1.2585,1.25876,1.2576800000000001,1.25823,2390
2023-12-05 20:00:00,1.25823,1.2594400000000001,1.2579099999999999,1.2593,2187
2023-12-05 21:00:00,1.25929,1.25962,1.25915,1.2594400000000001,960
2023-12-05 22:00:00,1.25937,1.25937,1.25834,1.25834,899
2023-12-05 23:00:00,1.25901,1.25943,1.25899,1.2593,883
2023-12-06 00:00:00,1.25935,1.26018,1.2591700000000001,1.26,1533
2023-12-06 01:00:00,1.26003,1.26079,1.25972,1.26026,2283
2023-12-06 02:00:00,1.26024,1.26078,1.25992,1.2604,2022
2023-12-06 03:00:00,1.2604,1.26122,1.26037,1.26102,1581
2023-12-06 04:00:00,1.26102,1.26122,1.2604600000000001,1.26062,1391
2023-12-06 05:00:00,1.26062,1.26136,1.26026,1.26104,1733
2023-12-06 06:00:00,1.26101,1.26106,1.25967,1.25972,1757
2023-12-06 07:00:00,1.25973,1.26106,1.25933,1.2606600000000001,3022
2023-12-06 08:00:00,1.26064,1.26093,1.2591,1.25937,3891
2023-12-06 09:00:00,1.25938,1.26112,1.25926,1.25992,3585
2023-12-06 10:00:00,1.25995,1.2609,1.2594699999999999,1.26004,3351
2023-12-06 11:00:00,1.26004,1.26009,1.25814,1.25871,2992
2023-12-06 12:00:00,1.25872,1.25975,1.2582200000000001,1.25889,2905
2023-12-06 13:00:00,1.25889,1.26045,1.25847,1.25983,5884
2023-12-06 14:00:00,1.25983,1.26026,1.2584,1.25931,4988
2023-12-06 15:00:00,1.25932,1.25992,1.25808,1.25926,5306
2023-12-06 16:00:00,1.25922,1.26043,1.25847,1.2587,3401
2023-12-06 17:00:00,1.2587,1.25934,1.2576,1.25807,2850
2023-12-06 18:00:00,1.25807,1.25833,1.25657,1.25754,2270
2023-12-06 19:00:00,1.25756,1.25772,1.25573,1.25613,2078
2023-12-06 20:00:00,1.25613,1.25613,1.25509,1.2555399999999999,1937
2023-12-06 21:00:00,1.25553,1.25595,1.25541,1.25587,841
2023-12-06 22:00:00,1.2558799999999999,1.25595,1.25541,1.25569,743
2023-12-06 23:00:00,1.256,1.25613,1.25565,1.25568,707
2023-12-07 00:00:00,1.25573,1.25626,1.25545,1.256,1374
2023-12-07 01:00:00,1.25601,1.25641,1.25525,1.25592,1941
2023-12-07 02:00:00,1.25593,1.2561499999999999,1.25501,1.25533,1799
2023-12-07 03:00:00,1.25535,1.25556,1.25475,1.25488,1758
2023-12-07 04:00:00,1.25484,1.25522,1.25453,1.2548,1327
2023-12-07 05:00:00,1.25479,1.25516,1.25439,1.25497,1758
2023-12-07 06:00:00,1.25497,1.25597,1.25458,1.25572,1983
2023-12-07 07:00:00,1.25568,1.25851,1.25526,1.25804,3538
2023-12-07 08:00:00,1.25807,1.25867,1.2566,1.25697,4075
2023-12-07 09:00:00,1.25698,1.25887,1.25613,1.25855,3328
2023-12-07 10:00:00,1.25855,1.25902,1.25702,1.25872,3340
2023-12-07 11:00:00,1.25871,1.25929,1.25689,1.25706,3130
2023-12-07 12:00:00,1.2570999999999999,1.25747,1.25566,1.25604,3432
2023-12-07 13:00:00,1.256,1.25934,1.25508,1.2583199999999999,5857
2023-12-07 14:00:00,1.25827,1.25842,1.25496,1.25497,5856
2023-12-07 15:00:00,1.25498,1.25773,1.25451,1.25736,5781
2023-12-07 16:00:00,1.25735,1.25843,1.25686,1.2578,4001
2023-12-07 17:00:00,1.25783,1.26121,1.25686,1.26025,5086
2023-12-07 18:00:00,1.26019,1.26022,1.25855,1.25961,2860
2023-12-07 19:00:00,1.25962,1.25996,1.25891,1.25909,1897
2023-12-07 20:00:00,1.25908,1.25971,1.25885,1.2589299999999999,1508
2023-12-07 21:00:00,1.2589299999999999,1.25934,1.2582900000000001,1.25907,1095
2023-12-07 22:00:00,1.25908,1.2591,1.25752,1.25867,611
2023-12-07 23:00:00,1.25906,1.25942,1.25851,1.25861,1214
2023-12-08 00:00:00,1.2587,1.25973,1.25855,1.25928,2475
2023-12-08 01:00:00,1.25931,1.26009,1.25841,1.25903,3335
2023-12-08 02:00:00,1.25901,1.25914,1.2586300000000001,1.25895,2143
2023-12-08 03:00:00,1.25896,1.25977,1.25872,1.25903,2282
2023-12-08 04:00:00,1.25904,1.25957,1.25875,1.25897,2114
2023-12-08 05:00:00,1.25896,1.25952,1.2585600000000001,1.25877,2046
2023-12-08 06:00:00,1.25876,1.25896,1.25778,1.25789,2316
2023-12-08 07:00:00,1.25789,1.25817,1.25593,1.25653,3612
2023-12-08 08:00:00,1.2564899999999999,1.25726,1.25562,1.25679,4073
2023-12-08 09:00:00,1.25677,1.25681,1.25543,1.25569,3546
2023-12-08 10:00:00,1.25565,1.25838,1.25549,1.25811,3073
2023-12-08 11:00:00,1.25812,1.25866,1.2576100000000001,1.25794,2974
2023-12-08 12:00:00,1.25797,1.25841,1.25663,1.25726,3077
2023-12-08 13:00:00,1.25726,1.25779,1.25102,1.25457,9265
2023-12-08 14:00:00,1.25458,1.2548300000000001,1.25017,1.25229,8428
2023-12-08 15:00:00,1.2525,1.25619,1.25226,1.25458,7739
2023-12-08 16:00:00,1.25457,1.25467,1.25304,1.25365,4040
2023-12-08 17:00:00,1.2536,1.25461,1.25225,1.25446,3187
2023-12-08 18:00:00,1.25443,1.2555,1.25424,1.25507,2682
2023-12-08 19:00:00,1.25507,1.2555,1.25484,1.25497,2010
2023-12-08 20:00:00,1.25496,1.25501,1.2542900000000001,1.25477,2226
2023-12-08 21:00:00,1.25478,1.25497,1.25419,1.25484,1412
2023-12-10 22:00:00,1.2523,1.25326,1.2523,1.25298,524
2023-12-10 23:00:00,1.25439,1.25521,1.25415,1.25519,1272
2023-12-11 00:00:00,1.25536,1.25583,1.25495,1.25521,2138
2023-12-11 01:00:00,1.25525,1.25564,1.25447,1.25458,2661
2023-12-11 02:00:00,1.25458,1.25464,1.25406,1.2543199999999999,1658
2023-12-11 03:00:00,1.2543199999999999,1.25444,1.25401,1.2541,1383
2023-12-11 04:00:00,1.25409,1.2541,1.2534399999999999,1.25366,1454
2023-12-11 05:00:00,1.25367,1.25428,1.25348,1.25411,1343
2023-12-11 06:00:00,1.25408,1.25449,1.25366,1.25414,1672
2023-12-11 07:00:00,1.2541,1.25471,1.25348,1.254,3443
2023-12-11 08:00:00,1.25403,1.2558799999999999,1.25385,1.25506,3366
2023-12-11 09:00:00,1.25505,1.25606,1.25464,1.2553,2944
2023-12-11 10:00:00,1.25532,1.25765,1.25532,1.25715,2795
2023-12-11 11:00:00,1.25714,1.25896,1.2570700000000001,1.25892,2724
2023-12-11 12:00:00,1.25894,1.25902,1.25728,1.2577,2683
2023-12-11 13:00:00,1.25773,1.25818,1.25641,1.25801,3346
2023-12-11 14:00:00,1.25803,1.25815,1.25611,1.2566899999999999,3986
2023-12-11 15:00:00,1.25668,1.2576100000000001,1.25479,1.25499,3932
2023-12-11 16:00:00,1.25501,1.25546,1.25424,1.2548,3059
2023-12-11 17:00:00,1.25476,1.25566,1.2539500000000001,1.2540200000000001,2378
2023-12-11 18:00:00,1.25399,1.2561499999999999,1.25378,1.2561,2490
2023-12-11 19:00:00,1.2561,1.2566899999999999,1.25531,1.2555,1877
2023-12-11 20:00:00,1.25549,1.25577,1.25522,1.25567,1566
2023-12-11 21:00:00,1.25567,1.2559,1.2552400000000001,1.2553,961
2023-12-11 22:00:00,1.25534,1.25552,1.25479,1.25515,684
2023-12-11 23:00:00,1.2555399999999999,1.2555399999999999,1.25513,1.2552699999999999,637
2023-12-12 00:00:00,1.25529,1.25636,1.2552400000000001,1.2561200000000001,1367
2023-12-12 01:00:00,1.25614,1.25692,1.25606,1.25648,2022
2023-12-12 02:00:00,1.25648,1.25691,1.25632,1.25638,1695
2023-12-12 03:00:00,1.25638,1.25753,1.25625,1.25743,1616
2023-12-12 04:00:00,1.25744,1.25758,1.25711,1.25748,1407
2023-12-12 05:00:00,1.25748,1.25839,1.25744,1.25758,1819
2023-12-12 06:00:00,1.25758,1.25828,1.25728,1.25786,1844
2023-12-12 07:00:00,1.25789,1.25836,1.25606,1.25637,3304
2023-12-12 08:00:00,1.2563900000000001,1.25732,1.25467,1.25489,3759
2023-12-12 09:00:00,1.25488,1.25664,1.25421,1.25644,2874
2023-12-12 10:00:00,1.25643,1.25811,1.25622,1.25742,2607
2023-12-12 11:00:00,1.25742,1.25767,1.25595,1.25702,2548
2023-12-12 12:00:00,1.2570299999999999,1.25755,1.25635,1.25687,2535
2023-12-12 13:00:00,1.25687,1.26146,1.25388,1.2542900000000001,8955
2023-12-12 14:00:00,1.25427,1.25664,1.25138,1.25258,7243
2023-12-12 15:00:00,1.25259,1.25602,1.25198,1.25599,5607
2023-12-12 16:00:00,1.25598,1.25711,1.25426,1.25478,3709
2023-12-12 17:00:00,1.25479,1.2561,1.25413,1.25452,2988
2023-12-12 18:00:00,1.25452,1.25665,1.25426,1.25617,3348
2023-12-12 19:00:00,1.25618,1.25654,1.25583,1.25625,2042
2023-12-12 20:00:00,1.25627,1.25716,1.25613,1.25689,2341
2023-12-12 21:00:00,1.25685,1.25698,1.25616,1.25618,997
2023-12-12 22:00:00,1.25616,1.25643,1.25497,1.25591,931
2023-12-12 23:00:00,1.25648,1.25702,1.25632,1.25675,902
2023-12-13 00:00:00,1.25682,1.25705,1.25564,1.25579,1328
2023-12-13 01:00:00,1.2558,1.25626,1.2554400000000001,1.25583,1868
2023-12-13 02:00:00,1.25582,1.25597,1.25511,1.25532,1606
2023-12-13 03:00:00,1.25532,1.25552,1.25479,1.2551999999999999,1435
2023-12-13 04:00:00,1.2551700000000001,1.25525,1.25477,1.25487,1183
2023-12-13 05:00:00,1.25487,1.25597,1.25487,1.25564,1609
2023-12-13 06:00:00,1.25568,1.25583,1.25455,1.2554400000000001,1928
2023-12-13 07:00:00,1.2554,1.2554,1.2517800000000001,1.25205,3369
2023-12-13 08:00:00,1.25208,1.25366,1.25164,1.25317,3381
2023-12-13 09:00:00,1.25314,1.25317,1.25183,1.25256,2742
2023-12-13 10:00:00,1.25261,1.2529,1.25087,1.2515800000000001,2892
2023-12-13 11:00:00,1.25157,1.25282,1.2512699999999999,1.25268,2343
2023-12-13 12:00:00,1.25272,1.25299,1.2515,1.2518099999999999,2493
2023-12-13 13:00:00,1.2518099999999999,1.25473,1.2517,1.25388,4512
2023-12-13 14:00:00,1.25386,1.25473,1.25092,1.25129,4697
2023-12-13 15:00:00,1.2513,1.2530700000000001,1.25044,1.25252,3819
2023-12-13 16:00:00,1.25252,1.2534100000000001,1.25176,1.25243,2893
2023-12-13 17:00:00,1.25243,1.2534,1.25062,1.25076,2323
2023-12-13 18:00:00,1.25075,1.2515800000000001,1.24996,1.25105,2315
2023-12-13 19:00:00,1.25102,1.26311,1.25102,1.2626,14212
2023-12-13 20:00:00,1.26265,1.26345,1.26087,1.26275,7288
2023-12-13 21:00:00,1.2627,1.26287,1.26142,1.26174,2519
2023-12-13 22:00:00,1.2616,1.26189,1.2612700000000001,1.2616399999999999,633
2023-12-13 23:00:00,1.2624,1.26258,1.26153,1.26205,1442
2023-12-14 00:00:00,1.26208,1.2637,1.26189,1.2635399999999999,2696
2023-12-14 01:00:00,1.26357,1.2641499999999999,1.26278,1.26399,3451
2023-12-14 02:00:00,1.26398,1.2650299999999999,1.26362,1.26465,2886
2023-12-14 03:00:00,1.2646600000000001,1.26523,1.26433,1.26453,2707
2023-12-14 04:00:00,1.26453,1.26464,1.26356,1.2637,2416
2023-12-14 05:00:00,1.26369,1.26393,1.26288,1.26357,2577
2023-12-14 06:00:00,1.2636,1.26428,1.26333,1.26422,2853
2023-12-14 07:00:00,1.26419,1.26462,1.26117,1.2619799999999999,4264
2023-12-14 08:00:00,1.26199,1.26409,1.2615,1.26385,5394
2023-12-14 09:00:00,1.26389,1.26706,1.26365,1.26671,5080
2023-12-14 10:00:00,1.26672,1.26699,1.26519,1.26599,3879
2023-12-14 11:00:00,1.26596,1.26797,1.2657,1.2662900000000001,3539
2023-12-14 12:00:00,1.26635,1.27249,1.2662499999999999,1.27151,6686
2023-12-14 13:00:00,1.27153,1.27324,1.26786,1.2726600000000001,10955
2023-12-14 14:00:00,1.27267,1.27539,1.27026,1.27447,9375
2023-12-14 15:00:00,1.27453,1.27631,1.27218,1.27583,7339
2023-12-14 16:00:00,1.27588,1.2779099999999999,1.27525,1.2765900000000001,5206
2023-12-14 17:00:00,1.2766,1.2793999999999999,1.27567,1.27838,3928
2023-12-14 18:00:00,1.27833,1.27838,1.27478,1.27521,3208
2023-12-14 19:00:00,1.27521,1.27615,1.27478,1.27568,2975
2023-12-14 20:00:00,1.27575,1.27716,1.2753700000000001,1.27716,2847
2023-12-14 21:00:00,1.27711,1.27712,1.2760799999999999,1.2764,1376
2023-12-14 22:00:00,1.27629,1.27634,1.27518,1.27518,772
2023-12-14 23:00:00,1.27607,1.27712,1.27607,1.27695,1358
2023-12-15 00:00:00,1.27697,1.27704,1.2747,1.27532,1954
2023-12-15 01:00:00,1.27535,1.27595,1.27506,1.27542,2755
2023-12-15 02:00:00,1.27543,1.27676,1.27541,1.27648,2331
2023-12-15 03:00:00,1.27651,1.27685,1.2759,1.27661,2012
2023-12-15 04:00:00,1.2766,1.27734,1.27636,1.27686,1840
2023-12-15 05:00:00,1.27683,1.27695,1.2758099999999999,1.27592,2289
2023-12-15 06:00:00,1.27589,1.27646,1.27521,1.2763900000000001,2528
2023-12-15 07:00:00,1.27634,1.27701,1.27568,1.27678,3369
2023-12-15 08:00:00,1.27672,1.27745,1.2741799999999999,1.2747899999999999,5578
2023-12-15 09:00:00,1.27474,1.27755,1.27398,1.27737,4113
2023-12-15 10:00:00,1.27742,1.27901,1.27737,1.27805,3500
2023-12-15 11:00:00,1.27805,1.27824,1.27633,1.27709,3253
2023-12-15 12:00:00,1.27711,1.27744,1.27453,1.27484,2971
2023-12-15 13:00:00,1.27485,1.27583,1.2699,1.27103,7170
2023-12-15 14:00:00,1.27101,1.2729300000000001,1.27038,1.27104,7477
2023-12-15 15:00:00,1.27105,1.27197,1.26948,1.26984,5908
2023-12-15 16:00:00,1.26986,1.27096,1.26848,1.27066,3936
2023-12-15 17:00:00,1.27066,1.27155,1.27024,1.27051,3040
2023-12-15 18:00:00,1.2704900000000001,1.27054,1.26676,1.26733,3116
2023-12-15 19:00:00,1.26731,1.26902,1.26701,1.26895,3094
2023-12-15 20:00:00,1.26891,1.2696,1.26735,1.26735,2950
2023-12-15 21:00:00,1.26736,1.26817,1.26697,1.26817,2116
2023-12-17 22:00:00,1.26667,1.2671700000000001,1.26539,1.26695,642
2023-12-17 23:00:00,1.26738,1.26752,1.26662,1.26706,877
2023-12-18 00:00:00,1.2671299999999999,1.26819,1.26707,1.26817,1991
2023-12-18 01:00:00,1.2682,1.26834,1.26741,1.2680799999999999,2475
2023-12-18 02:00:00,1.2681,1.2689300000000001,1.26809,1.26872,2063
2023-12-18 03:00:00,1.26872,1.26993,1.2686,1.26936,1893
2023-12-18 04:00:00,1.26936,1.26953,1.2690299999999999,1.26948,1786
2023-12-18 05:00:00,1.26948,1.26994,1.2689300000000001,1.26932,2087
2023-12-18 06:00:00,1.2693400000000001,1.2693400000000001,1.26865,1.26888,1808
2023-12-18 07:00:00,1.26888,1.27034,1.26848,1.26904,2610
2023-12-18 08:00:00,1.26909,1.26949,1.26838,1.26859,3530
2023-12-18 09:00:00,1.26857,1.26942,1.26651,1.26666,3558
2023-12-18 10:00:00,1.26668,1.26782,1.2663,1.26663,3190
2023-12-18 11:00:00,1.26662,1.26673,1.26453,1.26539,2813
2023-12-18 12:00:00,1.26543,1.26677,1.26508,1.26582,2607
2023-12-18 13:00:00,1.26581,1.2671999999999999,1.26535,1.26667,4344
2023-12-18 14:00:00,1.2667,1.267,1.26584,1.26658,4210
2023-12-18 15:00:00,1.26662,1.26675,1.26353,1.26432,4826
2023-12-18 16:00:00,1.26437,1.2655699999999999,1.2629299999999999,1.2631000000000001,3486
2023-12-18 17:00:00,1.2631000000000001,1.26529,1.26282,1.2652,2765
2023-12-18 18:00:00,1.2652,1.2652700000000001,1.26395,1.26409,2345
2023-12-18 19:00:00,1.26409,1.26419,1.26327,1.26394,2348
2023-12-18 20:00:00,1.26394,1.2647300000000001,1.26372,1.26463,2383
2023-12-18 21:00:00,1.26459,1.26524,1.2640500000000001,1.26455,1462
2023-12-18 22:00:00,1.26446,1.26475,1.26311,1.2642,768
2023-12-18 23:00:00,1.2648,1.26517,1.26445,1.26515,868
2023-12-19 00:00:00,1.26524,1.26565,1.26486,1.2652999999999999,1618
2023-12-19 01:00:00,1.26533,1.2662499999999999,1.26513,1.2652700000000001,2059
2023-12-19 02:00:00,1.2652700000000001,1.2658,1.26497,1.26558,2848
2023-12-19 03:00:00,1.2655699999999999,1.26639,1.26535,1.2659500000000001,2186
2023-12-19 04:00:00,1.26593,1.26623,1.26543,1.26617,1671
2023-12-19 05:00:00,1.26613,1.2664,1.26554,1.2658,1766
2023-12-19 06:00:00,1.26577,1.26645,1.26526,1.26589,2924
2023-12-19 07:00:00,1.26586,1.2677100000000001,1.26508,1.26665,3691
2023-12-19 08:00:00,1.26672,1.26827,1.26638,1.26783,3610
2023-12-19 09:00:00,1.26783,1.27013,1.26758,1.26984,3221
2023-12-19 10:00:00,1.26982,1.2713,1.26932,1.2702200000000001,3372
2023-12-19 11:00:00,1.27021,1.27099,1.26972,1.27019,3268
2023-12-19 12:00:00,1.2701799999999999,1.27378,1.27012,1.2735,3084
2023-12-19 13:00:00,1.27355,1.2746,1.27284,1.27426,4376
2023-12-19 14:00:00,1.27426,1.27573,1.27333,1.27446,4955
2023-12-19 15:00:00,1.27446,1.27501,1.27252,1.2738399999999999,5091
2023-12-19 16:00:00,1.27385,1.27618,1.27341,1.27495,3912
2023-12-19 17:00:00,1.27494,1.27509,1.27335,1.27355,2521
2023-12-19 18:00:00,1.27355,1.2738399999999999,1.2727,1.2729300000000001,2491
2023-12-19 19:00:00,1.27294,1.27325,1.27196,1.27224,2251
2023-12-19 20:00:00,1.27224,1.27252,1.27157,1.27238,2257
2023-12-19 21:00:00,1.27238,1.27318,1.27196,1.27312,1263
2023-12-19 22:00:00,1.27312,1.27312,1.27222,1.27224,807
2023-12-19 23:00:00,1.27283,1.27322,1.27248,1.27297,1183
2023-12-20 00:00:00,1.27299,1.27299,1.272,1.27241,1547
2023-12-20 01:00:00,1.2724199999999999,1.2726,1.27154,1.27191,2058
2023-12-20 02:00:00,1.27191,1.2723,1.27167,1.27198,1533
2023-12-20 03:00:00,1.27199,1.27209,1.27173,1.27195,1329
2023-12-20 04:00:00,1.27195,1.27253,1.27187,1.27238,1397
2023-12-20 05:00:00,1.27238,1.27246,1.2719,1.27218,1637
2023-12-20 06:00:00,1.27217,1.27218,1.27097,1.27097,1688
2023-12-20 07:00:00,1.27092,1.27102,1.2647,1.26628,5299
2023-12-20 08:00:00,1.2663,1.26684,1.26541,1.2662900000000001,4555
2023-12-20 09:00:00,1.26633,1.26788,1.26545,1.26776,3390
2023-12-20 10:00:00,1.2677800000000001,1.26792,1.2649,1.26545,3075
2023-12-20 11:00:00,1.26548,1.26635,1.26484,1.26508,2821
2023-12-20 12:00:00,1.26508,1.26589,1.2629299999999999,1.26379,3046
2023-12-20 13:00:00,1.26377,1.26631,1.26362,1.26606,4306
2023-12-20 14:00:00,1.26608,1.26802,1.26574,1.26796,4583
2023-12-20 15:00:00,1.26799,1.26819,1.26569,1.26678,5429
2023-12-20 16:00:00,1.26677,1.26749,1.26571,1.2658,3414
2023-12-20 17:00:00,1.26576,1.26738,1.26522,1.26696,2790
2023-12-20 18:00:00,1.26696,1.26732,1.2661,1.26635,2545
2023-12-20 19:00:00,1.26631,1.26661,1.26397,1.2642,2716
2023-12-20 20:00:00,1.26416,1.26455,1.26254,1.26262,4301
2023-12-20 21:00:00,1.2625899999999999,1.26402,1.26243,1.2635,2135
2023-12-20 22:00:00,1.26357,1.26389,1.26223,1.26349,883
2023-12-20 23:00:00,1.264,1.2641499999999999,1.26349,1.26395,1349
2023-12-21 00:00:00,1.26396,1.26462,1.26352,1.26451,1615
2023-12-21 01:00:00,1.2645,1.26498,1.26398,1.26423,2313
2023-12-21 02:00:00,1.26424,1.2644,1.2631700000000001,1.26331,2148
2023-12-21 03:00:00,1.26332,1.26369,1.263,1.26341,1822
2023-12-21 04:00:00,1.26341,1.2641,1.26319,1.26399,1961
2023-12-21 05:00:00,1.26399,1.26508,1.26395,1.26489,1811
2023-12-21 06:00:00,1.26485,1.26494,1.26336,1.2636,2361
2023-12-21 07:00:00,1.26362,1.26471,1.26316,1.2637,2815
2023-12-21 08:00:00,1.26367,1.26431,1.2616800000000001,1.26211,3378
2023-12-21 09:00:00,1.2621,1.26336,1.26119,1.26308,2928
2023-12-21 10:00:00,1.26308,1.2641,1.26209,1.264,2964
2023-12-21 11:00:00,1.26407,1.26741,1.26399,1.2665199999999999,3355
2023-12-21 12:00:00,1.26655,1.26726,1.26546,1.26569,2713
2023-12-21 13:00:00,1.26566,1.26956,1.26434,1.26806,5609
2023-12-21 14:00:00,1.2681,1.26899,1.26643,1.26681,6355
2023-12-21 15:00:00,1.26688,1.2671700000000001,1.26447,1.26555,6648
2023-12-21 16:00:00,1.2655699999999999,1.26697,1.26421,1.26668,4698
2023-12-21 17:00:00,1.26673,1.26737,1.26578,1.2664,4275
2023-12-21 18:00:00,1.26639,1.2676,1.26586,1.26733,3557
2023-12-21 19:00:00,1.26737,1.26921,1.26718,1.26845,2884
2023-12-21 20:00:00,1.26846,1.26888,1.2678,1.26868,2762
2023-12-21 21:00:00,1.26863,1.26922,1.2684,1.26889,1170
2023-12-21 22:00:00,1.26881,1.26888,1.2662900000000001,1.26643,662
2023-12-21 23:00:00,1.26775,1.26917,1.26775,1.26824,1320
2023-12-22 00:00:00,1.26825,1.2690000000000001,1.26816,1.2689,1742
2023-12-22 01:00:00,1.26888,1.2691,1.26784,1.26809,2469
2023-12-22 02:00:00,1.26809,1.2688,1.26791,1.2686600000000001,2035
2023-12-22 03:00:00,1.26862,1.2691,1.26796,1.26831,1802
2023-12-22 04:00:00,1.26831,1.2689300000000001,1.26826,1.26878,1713
2023-12-22 05:00:00,1.26878,1.26878,1.2680799999999999,1.26848,2125
2023-12-22 06:00:00,1.26851,1.26913,1.26843,1.26843,1927
2023-12-22 07:00:00,1.26831,1.27148,1.26817,1.26943,3861
2023-12-22 08:00:00,1.26945,1.2704900000000001,1.26888,1.27013,4004
2023-12-22 09:00:00,1.27012,1.27065,1.26822,1.2686600000000001,2807
2023-12-22 10:00:00,1.26864,1.27209,1.26857,1.27187,2631
2023-12-22 11:00:00,1.27184,1.27429,1.2717100000000001,1.27335,3537
2023-12-22 12:00:00,1.27335,1.27412,1.27101,1.27177,3035
2023-12-22 13:00:00,1.2717800000000001,1.27369,1.26928,1.27345,6232
2023-12-22 14:00:00,1.27344,1.27439,1.27161,1.27311,5004
2023-12-22 15:00:00,1.27307,1.2736,1.2711000000000001,1.27156,4981
2023-12-22 16:00:00,1.27157,1.27281,1.2709,1.27186,4569
2023-12-22 17:00:00,1.27184,1.27216,1.26976,1.2708599999999999,3673
2023-12-22 18:00:00,1.2708599999999999,1.27099,1.2701,1.27033,2751
2023-12-22 19:00:00,1.27033,1.27033,1.26894,1.2702499999999999,3197
2023-12-22 20:00:00,1.27028,1.27047,1.2695400000000001,1.27027,2378
2023-12-22 21:00:00,1.2702200000000001,1.27032,1.26959,1.26982,1367
2023-12-25 22:00:00,1.2693699999999999,1.2698800000000001,1.26514,1.26719,318
2023-12-25 23:00:00,1.2675,1.2699799999999999,1.26736,1.2693400000000001,1280
2023-12-26 00:00:00,1.26932,1.27006,1.26879,1.26933,1305
2023-12-26 01:00:00,1.2693400000000001,1.2703,1.2688,1.2697,1713
2023-12-26 02:00:00,1.26973,1.27027,1.26901,1.27003,1583
2023-12-26 03:00:00,1.27003,1.27066,1.26963,1.27034,1362
2023-12-26 04:00:00,1.27031,1.27071,1.26951,1.26982,1225
2023-12-26 05:00:00,1.26983,1.27053,1.26923,1.27006,1369
2023-12-26 06:00:00,1.27006,1.27039,1.2689300000000001,1.26895,1447
2023-12-26 07:00:00,1.26897,1.26971,1.2683900000000001,1.26892,1694
2023-12-26 08:00:00,1.26891,1.26978,1.26773,1.26855,1797
2023-12-26 09:00:00,1.26855,1.26898,1.26742,1.26854,1533
2023-12-26 10:00:00,1.26859,1.2692999999999999,1.26783,1.26928,1665
2023-12-26 11:00:00,1.26924,1.26924,1.26799,1.26895,2093
2023-12-26 12:00:00,1.26888,1.2693699999999999,1.26829,1.26897,1892
2023-12-26 13:00:00,1.2690000000000001,1.2711299999999999,1.26898,1.27039,2479
2023-12-26 14:00:00,1.27038,1.27182,1.27003,1.2707600000000001,2667
2023-12-26 15:00:00,1.2707600000000001,1.27192,1.27017,1.27043,2384
2023-12-26 16:00:00,1.27045,1.27122,1.27016,1.2707,2137
2023-12-26 17:00:00,1.27066,1.27092,1.27013,1.27061,1859
2023-12-26 18:00:00,1.27061,1.27107,1.27047,1.27078,1963
2023-12-26 19:00:00,1.27078,1.27234,1.27072,1.2722,1893
2023-12-26 20:00:00,1.27222,1.27299,1.2721,1.27256,1804
2023-12-26 21:00:00,1.27257,1.27294,1.27218,1.27237,862
2023-12-26 22:00:00,1.27237,1.2724,1.27124,1.27184,466
2023-12-26 23:00:00,1.27214,1.27287,1.27207,1.27245,623
2023-12-27 00:00:00,1.27252,1.27264,1.27162,1.2720799999999999,1480
2023-12-27 01:00:00,1.27209,1.27248,1.2716,1.2724199999999999,2002
2023-12-27 02:00:00,1.27243,1.27278,1.27197,1.27256,1754
2023-12-27 03:00:00,1.27255,1.2726899999999999,1.27219,1.2724,1428
2023-12-27 04:00:00,1.2724,1.27309,1.27234,1.27302,1062
2023-12-27 05:00:00,1.2730000000000001,1.27322,1.27254,1.27314,1384
2023-12-27 06:00:00,1.27315,1.27331,1.27275,1.27298,1726
2023-12-27 07:00:00,1.27295,1.27351,1.2723900000000001,1.27254,2460
2023-12-27 08:00:00,1.27252,1.27278,1.26983,1.27002,3287
2023-12-27 09:00:00,1.27005,1.27284,1.27001,1.272,2764
2023-12-27 10:00:00,1.272,1.27329,1.27098,1.27315,2188
2023-12-27 11:00:00,1.27317,1.27381,1.27218,1.2735,2381
2023-12-27 12:00:00,1.27342,1.27451,1.27307,1.27421,2518
2023-12-27 13:00:00,1.27421,1.2759,1.27398,1.27543,3251
2023-12-27 14:00:00,1.2754400000000001,1.27778,1.27433,1.27716,3757
2023-12-27 15:00:00,1.27716,1.27881,1.2763,1.27881,4189
2023-12-27 16:00:00,1.2787600000000001,1.28022,1.27874,1.27957,3436
2023-12-27 17:00:00,1.27956,1.2799,1.27863,1.27892,2330
2023-12-27 18:00:00,1.2789,1.27979,1.27859,1.27925,2463
2023-12-27 19:00:00,1.27925,1.28014,1.27829,1.27933,2644
2023-12-27 20:00:00,1.27938,1.27994,1.27902,1.27992,2195
2023-12-27 21:00:00,1.27993,1.28013,1.27953,1.27958,1056
2023-12-27 22:00:00,1.27963,1.27966,1.27856,1.27887,781
2023-12-27 23:00:00,1.27999,1.28019,1.27981,1.27993,690
2023-12-28 00:00:00,1.27997,1.28041,1.27983,1.28025,1203
2023-12-28 01:00:00,1.28025,1.28134,1.28016,1.2812299999999999,1721
2023-12-28 02:00:00,1.2812299999999999,1.28126,1.28007,1.28082,1565
2023-12-28 03:00:00,1.28078,1.28141,1.28068,1.28122,1528
2023-12-28 04:00:00,1.28122,1.28122,1.28041,1.2806600000000001,1342
2023-12-28 05:00:00,1.28065,1.28159,1.28063,1.28084,1380
2023-12-28 06:00:00,1.28084,1.2812999999999999,1.28048,1.2806600000000001,1722
2023-12-28 07:00:00,1.28065,1.28272,1.28055,1.28178,2653
2023-12-28 08:00:00,1.28183,1.28185,1.27978,1.28042,3398
2023-12-28 09:00:00,1.28043,1.28119,1.27904,1.27938,2765
2023-12-28 10:00:00,1.27938,1.28049,1.2788599999999999,1.27966,2333
2023-12-28 11:00:00,1.27966,1.27997,1.27872,1.2791299999999999,2187
2023-12-28 12:00:00,1.27914,1.27914,1.27645,1.27647,2355
2023-12-28 13:00:00,1.27649,1.27753,1.27377,1.27412,4302
2023-12-28 14:00:00,1.2741500000000001,1.27738,1.27367,1.27716,4227
2023-12-28 15:00:00,1.27716,1.27747,1.27548,1.27704,3939
2023-12-28 16:00:00,1.27704,1.27705,1.27383,1.27406,3438
2023-12-28 17:00:00,1.27408,1.27434,1.27279,1.27386,2336
2023-12-28 18:00:00,1.2738800000000001,1.27394,1.27119,1.27249,2698
2023-12-28 19:00:00,1.2725,1.27284,1.27151,1.2726199999999999,2031
2023-12-28 20:00:00,1.2726199999999999,1.27375,1.27252,1.27325,1941
2023-12-28 21:00:00,1.2732700000000001,1.2735400000000001,1.27241,1.27286,1119
2023-12-28 22:00:00,1.2728,1.2729,1.27165,1.27199,893
2023-12-28 23:00:00,1.27319,1.27345,1.2728,1.27337,761
2023-12-29 00:00:00,1.27339,1.27396,1.27287,1.2739099999999999,1517
2023-12-29 01:00:00,1.27392,1.27466,1.27352,1.2736399999999999,1991
2023-12-29 02:00:00,1.2736100000000001,1.27393,1.27339,1.27352,1425
2023-12-29 03:00:00,1.27351,1.27383,1.27319,1.27371,1215
2023-12-29 04:00:00,1.2737,1.27466,1.2736100000000001,1.27461,1218
2023-12-29 05:00:00,1.27462,1.27634,1.27445,1.27622,1766
2023-12-29 06:00:00,1.27625,1.27722,1.276,1.2770299999999999,1900
2023-12-29 07:00:00,1.27701,1.27701,1.27443,1.27463,2004
2023-12-29 08:00:00,1.27465,1.27566,1.2738,1.27382,2670
2023-12-29 09:00:00,1.27387,1.27402,1.26999,1.27051,2509
2023-12-29 10:00:00,1.27051,1.2733400000000001,1.27034,1.27325,2654
2023-12-29 11:00:00,1.27325,1.27455,1.27222,1.2745199999999999,2882
2023-12-29 12:00:00,1.2745199999999999,1.27493,1.27139,1.27188,2818
2023-12-29 13:00:00,1.2719,1.27313,1.27071,1.272,3744
2023-12-29 14:00:00,1.27203,1.27369,1.27004,1.2732700000000001,3868
2023-12-29 15:00:00,1.2732999999999999,1.27592,1.27229,1.2747,6087
2023-12-29 16:00:00,1.27472,1.27606,1.27301,1.27403,5156
2023-12-29 17:00:00,1.27403,1.27665,1.27394,1.27618,3525
2023-12-29 18:00:00,1.27622,1.27622,1.27412,1.27475,3960
2023-12-29 19:00:00,1.27477,1.27493,1.27332,1.27457,2491
2023-12-29 20:00:00,1.2746,1.27555,1.27445,1.27477,2447
2023-12-29 21:00:00,1.2747600000000001,1.27482,1.27298,1.27308,1344
2024-01-01 22:00:00,1.27402,1.27444,1.26765,1.27061,465
2024-01-01 23:00:00,1.2717100000000001,1.27243,1.2713999999999999,1.27189,1231
2024-01-02 00:00:00,1.27194,1.27217,1.27133,1.27176,1221
2024-01-02 01:00:00,1.27176,1.27282,1.27119,1.27125,1968
2024-01-02 02:00:00,1.27125,1.27173,1.27017,1.27026,1487
2024-01-02 03:00:00,1.27026,1.27119,1.27016,1.27105,1275
2024-01-02 04:00:00,1.27105,1.27109,1.27027,1.27062,867
2024-01-02 05:00:00,1.2706,1.27328,1.2705899999999999,1.27287,1496
2024-01-02 06:00:00,1.27288,1.2729,1.27207,1.27229,1402
2024-01-02 07:00:00,1.27231,1.27355,1.27187,1.27237,2140
2024-01-02 08:00:00,1.27238,1.27515,1.27212,1.27413,2541
2024-01-02 09:00:00,1.27408,1.27523,1.27165,1.27169,2756
2024-01-02 10:00:00,1.27167,1.2718099999999999,1.26919,1.26948,3770
2024-01-02 11:00:00,1.26944,1.26944,1.2653400000000001,1.26616,4639
2024-01-02 12:00:00,1.26619,1.2662499999999999,1.26389,1.26431,3720
2024-01-02 13:00:00,1.26431,1.26479,1.26208,1.26292,4347
2024-01-02 14:00:00,1.2628599999999999,1.2644199999999999,1.26194,1.26278,6300
2024-01-02 15:00:00,1.26276,1.2637,1.26146,1.26246,6904
2024-01-02 16:00:00,1.26247,1.2635100000000001,1.26102,1.26292,4241
2024-01-02 17:00:00,1.26295,1.26366,1.26216,1.26323,3254
2024-01-02 18:00:00,1.26324,1.26345,1.2623199999999999,1.26255,2803
2024-01-02 19:00:00,1.26255,1.26264,1.26193,1.2619500000000001,2234
2024-01-02 20:00:00,1.26197,1.26262,1.26155,1.26174,2487
2024-01-02 21:00:00,1.26175,1.26216,1.26152,1.26166,1067
2024-01-02 22:00:00,1.26169,1.26185,1.2612700000000001,1.26155,761
2024-01-02 23:00:00,1.2619500000000001,1.26234,1.26181,1.2622,523
2024-01-03 00:00:00,1.26224,1.2631700000000001,1.26194,1.26305,1217
2024-01-03 01:00:00,1.26305,1.26331,1.26246,1.26287,2106
2024-01-03 02:00:00,1.26287,1.26308,1.2625899999999999,1.2628599999999999,1577
2024-01-03 03:00:00,1.2628599999999999,1.2640500000000001,1.26282,1.264,1671
2024-01-03 04:00:00,1.264,1.26413,1.26375,1.2640799999999999,1255
2024-01-03 05:00:00,1.26409,1.2641,1.26295,1.26299,1551
2024-01-03 06:00:00,1.26298,1.26459,1.26298,1.2643,1653
2024-01-03 07:00:00,1.26428,1.26465,1.26237,1.26432,3568
2024-01-03 08:00:00,1.2643,1.26521,1.2635,1.2641,4084
2024-01-03 09:00:00,1.2640799999999999,1.26464,1.26248,1.26274,3432
2024-01-03 10:00:00,1.26271,1.26311,1.26196,1.26257,2602
2024-01-03 11:00:00,1.26258,1.2631000000000001,1.2618,1.26264,3196
2024-01-03 12:00:00,1.26267,1.26417,1.2619799999999999,1.2624,2961
2024-01-03 13:00:00,1.26239,1.26427,1.26179,1.26295,4763
2024-01-03 14:00:00,1.26294,1.26414,1.26173,1.2631999999999999,5478
2024-01-03 15:00:00,1.26303,1.26562,1.26151,1.26274,8429
2024-01-03 16:00:00,1.26271,1.2650299999999999,1.26266,1.26403,5180
2024-01-03 17:00:00,1.26403,1.2647300000000001,1.26365,1.2644199999999999,3448
2024-01-03 18:00:00,1.26445,1.26541,1.26403,1.2647599999999999,3173
2024-01-03 19:00:00,1.26481,1.26763,1.26306,1.26637,6942
2024-01-03 20:00:00,1.2664,1.26665,1.26539,1.26634,4084
2024-01-03 21:00:00,1.26631,1.2668300000000001,1.26611,1.26627,1302
2024-01-03 22:00:00,1.26624,1.2664900000000001,1.26563,1.26604,794
2024-01-03 23:00:00,1.26645,1.26732,1.26645,1.26724,984
2024-01-04 00:00:00,1.26727,1.26727,1.26654,1.26687,1579
2024-01-04 01:00:00,1.2668599999999999,1.26698,1.26596,1.26618,2147
2024-01-04 02:00:00,1.26617,1.26635,1.26565,1.2659500000000001,1678
2024-01-04 03:00:00,1.26594,1.26731,1.26586,1.2673,1710
2024-01-04 04:00:00,1.26729,1.26756,1.26694,1.26699,1482
2024-01-04 05:00:00,1.26699,1.2671700000000001,1.26626,1.2664900000000001,1987
2024-01-04 06:00:00,1.26647,1.26788,1.26647,1.26786,2346
2024-01-04 07:00:00,1.26786,1.2693400000000001,1.26769,1.2692700000000001,3389
2024-01-04 08:00:00,1.26929,1.27078,1.26814,1.27013,4788
2024-01-04 09:00:00,1.27011,1.2724,1.26887,1.27197,4012
2024-01-04 10:00:00,1.27197,1.27292,1.27036,1.27068,3727
2024-01-04 11:00:00,1.27067,1.27073,1.2686,1.26898,2691
2024-01-04 12:00:00,1.26895,1.2695400000000001,1.26856,1.26921,2787
2024-01-04 13:00:00,1.26919,1.26956,1.26699,1.26726,4980
2024-01-04 14:00:00,1.26723,1.26847,1.26641,1.2678,5152
2024-01-04 15:00:00,1.2678099999999999,1.27101,1.26776,1.26987,5347
2024-01-04 16:00:00,1.2698800000000001,1.27038,1.26885,1.2689,3598
2024-01-04 17:00:00,1.2689300000000001,1.26951,1.2671999999999999,1.26828,3251
2024-01-04 18:00:00,1.26826,1.26862,1.2677399999999999,1.26814,2547
2024-01-04 19:00:00,1.26816,1.26852,1.26735,1.26825,2123
2024-01-04 20:00:00,1.26825,1.26849,1.26767,1.26836,2097
2024-01-04 21:00:00,1.2683900000000001,1.26868,1.26792,1.26803,966
2024-01-04 22:00:00,1.2680500000000001,1.26814,1.26711,1.26711,764
2024-01-04 23:00:00,1.26837,1.26855,1.26789,1.26803,776
2024-01-05 00:00:00,1.2680500000000001,1.26918,1.26791,1.2690299999999999,1350
2024-01-05 01:00:00,1.26904,1.2695,1.26874,1.2692999999999999,2220
2024-01-05 02:00:00,1.26929,1.26958,1.26851,1.2686,1702
2024-01-05 03:00:00,1.26861,1.26875,1.26785,1.26807,1631
2024-01-05 04:00:00,1.26807,1.26858,1.26779,1.26785,1455
2024-01-05 05:00:00,1.26784,1.268,1.26735,1.26738,1840
2024-01-05 06:00:00,1.26739,1.26753,1.26644,1.26698,2144
2024-01-05 07:00:00,1.26696,1.26821,1.26685,1.26782,2702
2024-01-05 08:00:00,1.26784,1.26885,1.26604,1.26616,3590
2024-01-05 09:00:00,1.26616,1.26706,1.26566,1.26596,3279
2024-01-05 10:00:00,1.2659099999999999,1.26608,1.26507,1.2656,2774
2024-01-05 11:00:00,1.2656,1.26615,1.26498,1.26529,2296
2024-01-05 12:00:00,1.26533,1.26691,1.26515,1.26614,2750
2024-01-05 13:00:00,1.26615,1.26708,1.26102,1.26572,10091
2024-01-05 14:00:00,1.26574,1.27058,1.26546,1.27012,8479
2024-01-05 15:00:00,1.27014,1.27705,1.27014,1.27512,10851
2024-01-05 16:00:00,1.27514,1.27548,1.27314,1.27376,5439
2024-01-05 17:00:00,1.27378,1.27378,1.27156,1.27229,4441
2024-01-05 18:00:00,1.27229,1.27345,1.27097,1.27319,3559
2024-01-05 19:00:00,1.27321,1.2739099999999999,1.27186,1.27231,3310
2024-01-05 20:00:00,1.27229,1.2723499999999999,1.27153,1.27195,3038
2024-01-05 21:00:00,1.27197,1.27198,1.27153,1.27187,1153
2024-01-07 22:00:00,1.27098,1.2713999999999999,1.27013,1.27138,431
2024-01-07 23:00:00,1.27141,1.2718099999999999,1.27068,1.27152,815
2024-01-08 00:00:00,1.27166,1.2723499999999999,1.27123,1.27227,1125
2024-01-08 01:00:00,1.27226,1.27295,1.27193,1.27206,2136
2024-01-08 02:00:00,1.27204,1.27204,1.27096,1.27107,1690
2024-01-08 03:00:00,1.27105,1.2713,1.26985,1.27014,1583
2024-01-08 04:00:00,1.2701,1.27047,1.26974,1.27016,1332
2024-01-08 05:00:00,1.2701500000000001,1.27045,1.26978,1.27031,1405
2024-01-08 06:00:00,1.27031,1.27149,1.27016,1.2714699999999999,1604
2024-01-08 07:00:00,1.27145,1.27196,1.27005,1.2707899999999999,2874
2024-01-08 08:00:00,1.2708,1.27105,1.26872,1.26907,3844
2024-01-08 09:00:00,1.26907,1.26976,1.26728,1.26944,3196
2024-01-08 10:00:00,1.26948,1.271,1.2692700000000001,1.27051,2896
2024-01-08 11:00:00,1.27051,1.27129,1.26946,1.26976,2694
2024-01-08 12:00:00,1.26977,1.27203,1.26976,1.27084,2603
2024-01-08 13:00:00,1.27087,1.27204,1.27014,1.27114,3857
2024-01-08 14:00:00,1.27114,1.27299,1.27084,1.27284,4655
2024-01-08 15:00:00,1.27282,1.27553,1.27207,1.27497,4199
2024-01-08 16:00:00,1.27499,1.27652,1.2745600000000001,1.27623,3486
2024-01-08 17:00:00,1.27623,1.2766600000000001,1.27519,1.27545,2247
2024-01-08 18:00:00,1.2754400000000001,1.2757800000000001,1.2739500000000001,1.27493,1850
2024-01-08 19:00:00,1.27494,1.276,1.27463,1.27587,1962
2024-01-08 20:00:00,1.27583,1.27583,1.27458,1.2751299999999999,2095
2024-01-08 21:00:00,1.27512,1.2755,1.27457,1.27466,929
2024-01-08 22:00:00,1.27463,1.27472,1.27423,1.27444,965
2024-01-08 23:00:00,1.2747,1.27497,1.27396,1.27405,711
2024-01-09 00:00:00,1.27406,1.2759,1.274,1.27551,1788
2024-01-09 01:00:00,1.27553,1.27602,1.27492,1.2759800000000001,2254
2024-01-09 02:00:00,1.27599,1.27647,1.27565,1.27572,1774
2024-01-09 03:00:00,1.27576,1.27621,1.27536,1.27556,1644
2024-01-09 04:00:00,1.27558,1.27558,1.27447,1.27475,1445
2024-01-09 05:00:00,1.2747600000000001,1.27488,1.27373,1.27431,1611
2024-01-09 06:00:00,1.27431,1.2745600000000001,1.27337,1.27346,1823
2024-01-09 07:00:00,1.27349,1.27503,1.27336,1.27465,2545
2024-01-09 08:00:00,1.27464,1.27464,1.27273,1.2736399999999999,3270
2024-01-09 09:00:00,1.27366,1.27383,1.27237,1.27338,2724
2024-01-09 10:00:00,1.27339,1.27376,1.2721,1.2724,2819
2024-01-09 11:00:00,1.27238,1.27246,1.27066,1.27126,2474
2024-01-09 12:00:00,1.27125,1.27291,1.27092,1.27276,2671
2024-01-09 13:00:00,1.27277,1.27351,1.27159,1.27248,4026
2024-01-09 14:00:00,1.27249,1.27311,1.27151,1.2719,4588
2024-01-09 15:00:00,1.27193,1.27209,1.27006,1.27029,4189
2024-01-09 16:00:00,1.27031,1.2717399999999999,1.2689,1.2717,3344
2024-01-09 17:00:00,1.27172,1.27182,1.27064,1.271,2779
2024-01-09 18:00:00,1.271,1.27173,1.2693699999999999,1.2697,2949
2024-01-09 19:00:00,1.2697,1.27012,1.26914,1.2699,2197
2024-01-09 20:00:00,1.2699,1.27066,1.2699,1.27034,2338
2024-01-09 21:00:00,1.27038,1.27106,1.27032,1.27093,698
2024-01-09 22:00:00,1.27091,1.27091,1.27009,1.27009,767
2024-01-09 23:00:00,1.27071,1.27109,1.27048,1.27101,600
2024-01-10 00:00:00,1.27104,1.27175,1.27084,1.27114,1453
2024-01-10 01:00:00,1.27111,1.27153,1.27067,1.27104,1908
2024-01-10 02:00:00,1.27104,1.27123,1.27012,1.2703,1581
2024-01-10 03:00:00,1.2703,1.27072,1.26979,1.26987,1420
2024-01-10 04:00:00,1.2698800000000001,1.27041,1.26965,1.27019,939
2024-01-10 05:00:00,1.2702,1.27044,1.27008,1.27012,1220
2024-01-10 06:00:00,1.2701,1.2701,1.26858,1.26871,1744
2024-01-10 07:00:00,1.26874,1.2705199999999999,1.26872,1.26971,3083
2024-01-10 08:00:00,1.2697,1.27158,1.26962,1.27139,3420
2024-01-10 09:00:00,1.27141,1.27284,1.27126,1.27249,2728
2024-01-10 10:00:00,1.27249,1.27341,1.27189,1.27256,2514
2024-01-10 11:00:00,1.27256,1.27304,1.27173,1.2725,2051
2024-01-10 12:00:00,1.2725,1.27314,1.27213,1.27217,2408
2024-01-10 13:00:00,1.27216,1.27359,1.27196,1.2723499999999999,3362
2024-01-10 14:00:00,1.27238,1.27258,1.27128,1.27211,3289
2024-01-10 15:00:00,1.27212,1.27405,1.27145,1.27356,3698
2024-01-10 16:00:00,1.27358,1.2739,1.2717800000000001,1.27271,2939
2024-01-10 17:00:00,1.27275,1.27368,1.27204,1.27332,2328
2024-01-10 18:00:00,1.2732999999999999,1.27423,1.2727,1.27389,2162
2024-01-10 19:00:00,1.2738800000000001,1.2742200000000001,1.27377,1.2741799999999999,1692
2024-01-10 20:00:00,1.27419,1.27437,1.27297,1.27338,2863
2024-01-10 21:00:00,1.2733400000000001,1.2742,1.27325,1.27408,896
2024-01-10 22:00:00,1.27405,1.27412,1.27236,1.27302,802
2024-01-10 23:00:00,1.27392,1.2744,1.27374,1.27436,430
2024-01-11 00:00:00,1.27439,1.27514,1.27436,1.27493,1324
2024-01-11 01:00:00,1.27493,1.2761,1.27492,1.276,2019
2024-01-11 02:00:00,1.27602,1.2769300000000001,1.27573,1.2763,1962
2024-01-11 03:00:00,1.27631,1.27678,1.27627,1.2766199999999999,1412
2024-01-11 04:00:00,1.27661,1.27707,1.27619,1.27643,1249
2024-01-11 05:00:00,1.27643,1.2769300000000001,1.27615,1.2763,1528
2024-01-11 06:00:00,1.27629,1.27738,1.27591,1.2769599999999999,1656
2024-01-11 07:00:00,1.27695,1.2772700000000001,1.27615,1.27641,2147
2024-01-11 08:00:00,1.27645,1.27671,1.2756,1.27616,2764
2024-01-11 09:00:00,1.27619,1.27619,1.27379,1.2739,2760
2024-01-11 10:00:00,1.27392,1.27463,1.27332,1.2746,2281
2024-01-11 11:00:00,1.2746,1.27677,1.27455,1.27651,2565
2024-01-11 12:00:00,1.27655,1.2770000000000001,1.27573,1.27611,2397
2024-01-11 13:00:00,1.27611,1.27824,1.2701500000000001,1.27104,10585
2024-01-11 14:00:00,1.27106,1.27536,1.26996,1.2724199999999999,9197
2024-01-11 15:00:00,1.27241,1.27288,1.2689599999999999,1.27135,7888
2024-01-11 16:00:00,1.27133,1.27253,1.2699099999999999,1.2708599999999999,5966
2024-01-11 17:00:00,1.2708599999999999,1.2723200000000001,1.2707,1.27199,4420
2024-01-11 18:00:00,1.27196,1.27481,1.27183,1.27474,3538
2024-01-11 19:00:00,1.27477,1.2765,1.27475,1.27621,3574
2024-01-11 20:00:00,1.27619,1.27633,1.27412,1.27588,3479
2024-01-11 21:00:00,1.27588,1.27661,1.27585,1.27616,1525
2024-01-11 22:00:00,1.2762,1.2762,1.2745,1.2753,838
2024-01-11 23:00:00,1.27588,1.2778399999999999,1.27585,1.27777,1142
2024-01-12 00:00:00,1.27782,1.27799,1.27656,1.27697,1807
2024-01-12 01:00:00,1.27692,1.27811,1.27652,1.278,2168
2024-01-12 02:00:00,1.27802,1.27844,1.27749,1.27762,2091
2024-01-12 03:00:00,1.27763,1.27811,1.27737,1.2775699999999999,1641
2024-01-12 04:00:00,1.2775699999999999,1.2775699999999999,1.2770000000000001,1.2772000000000001,1528
2024-01-12 05:00:00,1.2772000000000001,1.27762,1.27676,1.2772000000000001,1801
2024-01-12 06:00:00,1.2772000000000001,1.27779,1.2770299999999999,1.2772299999999999,1803
2024-01-12 07:00:00,1.2772700000000001,1.27775,1.27538,1.27557,2966
2024-01-12 08:00:00,1.27552,1.2779,1.27529,1.27672,3570
2024-01-12 09:00:00,1.2767,1.27751,1.27491,1.27518,2729
2024-01-12 10:00:00,1.27518,1.27565,1.27465,1.27543,2509
2024-01-12 11:00:00,1.27542,1.2757800000000001,1.27245,1.27249,2434
2024-01-12 12:00:00,1.27249,1.27304,1.27189,1.27268,2778
2024-01-12 13:00:00,1.27268,1.27679,1.27246,1.2754699999999999,7063
2024-01-12 14:00:00,1.27549,1.27811,1.27468,1.27681,5835
2024-01-12 15:00:00,1.27683,1.2785199999999999,1.27575,1.27612,5292
2024-01-12 16:00:00,1.27611,1.27683,1.2742,1.27433,4130
2024-01-12 17:00:00,1.27433,1.27442,1.27319,1.27387,3036
2024-01-12 18:00:00,1.2739,1.27495,1.27348,1.27484,2342
2024-01-12 19:00:00,1.27481,1.27559,1.27439,1.27471,2096
2024-01-12 20:00:00,1.27469,1.27491,1.2742200000000001,1.27442,2053
2024-01-12 21:00:00,1.27445,1.27539,1.27431,1.27532,2786
2024-01-14 22:00:00,1.27328,1.27467,1.27313,1.27435,475
2024-01-14 23:00:00,1.27468,1.2748599999999999,1.2732999999999999,1.27337,887
2024-01-15 00:00:00,1.27352,1.2739,1.2728,1.27383,1997
2024-01-15 01:00:00,1.27383,1.27436,1.27311,1.27414,2380
2024-01-15 02:00:00,1.27416,1.2763200000000001,1.27416,1.27616,1856
2024-01-15 03:00:00,1.2762,1.2765,1.27559,1.2758099999999999,1777
2024-01-15 04:00:00,1.2758099999999999,1.27586,1.27505,1.27545,1261
2024-01-15 05:00:00,1.27546,1.27556,1.2752,1.27523,1120
2024-01-15 06:00:00,1.27523,1.27595,1.27504,1.27552,1452
2024-01-15 07:00:00,1.27551,1.2757,1.27405,1.2743,2467
2024-01-15 08:00:00,1.27426,1.27586,1.2738399999999999,1.27386,3186
2024-01-15 09:00:00,1.2738399999999999,1.27414,1.2718,1.27255,2809
2024-01-15 10:00:00,1.27257,1.27313,1.27124,1.27302,2787
2024-01-15 11:00:00,1.2730000000000001,1.27365,1.27254,1.27309,2375
2024-01-15 12:00:00,1.27306,1.27389,1.27203,1.2724,2829
2024-01-15 13:00:00,1.27238,1.27287,1.2713,1.27272,2859
2024-01-15 14:00:00,1.27275,1.27306,1.27126,1.2717,2738
2024-01-15 15:00:00,1.27168,1.27319,1.27132,1.27302,2733
2024-01-15 16:00:00,1.27306,1.27382,1.27265,1.27284,1899
2024-01-15 17:00:00,1.27281,1.27352,1.2726,1.27287,1113
2024-01-15 18:00:00,1.27288,1.27311,1.27263,1.27311,501
2024-01-15 19:00:00,1.27311,1.27312,1.27245,1.27249,493
2024-01-15 20:00:00,1.27249,1.27271,1.27245,1.27263,368
2024-01-15 21:00:00,1.27263,1.27284,1.27236,1.27241,415
2024-01-15 22:00:00,1.27244,1.2726,1.272,1.27224,544
2024-01-15 23:00:00,1.27264,1.27273,1.2713700000000001,1.27145,865
2024-01-16 00:00:00,1.27149,1.27163,1.26916,1.26918,1849
2024-01-16 01:00:00,1.26918,1.26984,1.26785,1.26943,2865
2024-01-16 02:00:00,1.26943,1.26943,1.26821,1.26845,2010
2024-01-16 03:00:00,1.26845,1.26888,1.26782,1.26818,1945
2024-01-16 04:00:00,1.26816,1.26829,1.26763,1.268,1285
2024-01-16 05:00:00,1.268,1.26827,1.2676,1.26799,1631
2024-01-16 06:00:00,1.268,1.26864,1.2677,1.26836,1773
2024-01-16 07:00:00,1.26833,1.26857,1.26609,1.26723,3604
2024-01-16 08:00:00,1.26722,1.2676,1.26465,1.26623,5279
2024-01-16 09:00:00,1.26624,1.26674,1.26346,1.2640500000000001,4332
2024-01-16 10:00:00,1.2640500000000001,1.26454,1.26254,1.26288,3622
2024-01-16 11:00:00,1.26288,1.26464,1.26197,1.26456,3405
2024-01-16 12:00:00,1.26456,1.26499,1.26385,1.26463,3155
2024-01-16 13:00:00,1.26463,1.26722,1.26368,1.26421,6732
2024-01-16 14:00:00,1.26416,1.26627,1.26376,1.26483,6469
2024-01-16 15:00:00,1.26485,1.26671,1.26416,1.26648,4768
2024-01-16 16:00:00,1.26653,1.26787,1.26362,1.26547,9941
2024-01-16 17:00:00,1.2655,1.26558,1.2624,1.26241,4362
2024-01-16 18:00:00,1.26242,1.26399,1.26224,1.26282,2877
2024-01-16 19:00:00,1.2628300000000001,1.26331,1.26189,1.26311,2296
2024-01-16 20:00:00,1.26311,1.2635,1.26272,1.26301,2401
2024-01-16 21:00:00,1.26304,1.26367,1.263,1.26338,1135
2024-01-16 22:00:00,1.26335,1.26356,1.26291,1.26298,913
2024-01-16 23:00:00,1.26382,1.26382,1.26327,1.26369,460
2024-01-17 00:00:00,1.26373,1.2640500000000001,1.26325,1.26395,1593
2024-01-17 01:00:00,1.26395,1.26429,1.26318,1.2635100000000001,2360
2024-01-17 02:00:00,1.2635100000000001,1.26434,1.26312,1.26342,1934
2024-01-17 03:00:00,1.26343,1.2635,1.26159,1.26187,1763
2024-01-17 04:00:00,1.26185,1.2625600000000001,1.2617099999999999,1.26231,1224
2024-01-17 05:00:00,1.26227,1.26239,1.26055,1.26094,2042
2024-01-17 06:00:00,1.26095,1.2613400000000001,1.25959,1.26104,2485
2024-01-17 07:00:00,1.26105,1.26566,1.26105,1.26562,5698
2024-01-17 08:00:00,1.2655699999999999,1.26758,1.26509,1.26513,5517
2024-01-17 09:00:00,1.26511,1.26831,1.26432,1.26799,3920
2024-01-17 10:00:00,1.26797,1.26959,1.26701,1.26767,3555
2024-01-17 11:00:00,1.26768,1.26933,1.26756,1.26913,3064
2024-01-17 12:00:00,1.26913,1.2692,1.26748,1.26753,2766
2024-01-17 13:00:00,1.2675100000000001,1.26752,1.26417,1.2650299999999999,5847
2024-01-17 14:00:00,1.26501,1.26541,1.26384,1.26411,4830
2024-01-17 15:00:00,1.26409,1.2666,1.26377,1.26567,5524
2024-01-17 16:00:00,1.26565,1.2671700000000001,1.26554,1.26642,4138
2024-01-17 17:00:00,1.26642,1.26818,1.26624,1.2678099999999999,3024
2024-01-17 18:00:00,1.2678,1.2678,1.26621,1.26741,3012
2024-01-17 19:00:00,1.26741,1.26852,1.2674,1.26773,2495
2024-01-17 20:00:00,1.26773,1.26864,1.26749,1.26841,2143
2024-01-17 21:00:00,1.26836,1.26843,1.26731,1.26731,1247
2024-01-17 22:00:00,1.26729,1.26757,1.26679,1.26679,713
2024-01-17 23:00:00,1.2674400000000001,1.26786,1.26733,1.26758,870
2024-01-18 00:00:00,1.26766,1.26816,1.26708,1.26816,1641
2024-01-18 01:00:00,1.26816,1.26912,1.26803,1.26885,2795
2024-01-18 02:00:00,1.26885,1.26951,1.26843,1.26859,2113
2024-01-18 03:00:00,1.26858,1.26902,1.26811,1.26816,2176
2024-01-18 04:00:00,1.26814,1.26834,1.26789,1.26821,1659
2024-01-18 05:00:00,1.2682,1.26877,1.26772,1.2686600000000001,1810
2024-01-18 06:00:00,1.26867,1.27035,1.26863,1.26975,2450
2024-01-18 07:00:00,1.26973,1.2699500000000001,1.26846,1.26973,3239
2024-01-18 08:00:00,1.26975,1.2698,1.2683,1.2688,3874
2024-01-18 09:00:00,1.26878,1.26965,1.26732,1.26735,3796
2024-01-18 10:00:00,1.26733,1.26923,1.26721,1.26912,3658
2024-01-18 11:00:00,1.26913,1.26951,1.26819,1.26844,2652
2024-01-18 12:00:00,1.26847,1.26908,1.26729,1.26799,3013
2024-01-18 13:00:00,1.26801,1.26859,1.26498,1.26519,6389
2024-01-18 14:00:00,1.26518,1.26738,1.2647599999999999,1.26714,6598
2024-01-18 15:00:00,1.2671299999999999,1.26889,1.2665199999999999,1.26726,5871
2024-01-18 16:00:00,1.26727,1.26914,1.26695,1.26854,3968
2024-01-18 17:00:00,1.26855,1.2687,1.26726,1.26806,3611
2024-01-18 18:00:00,1.26806,1.26987,1.26761,1.2695699999999999,3182
2024-01-18 19:00:00,1.2695699999999999,1.27012,1.2685,1.26857,2657
2024-01-18 20:00:00,1.26857,1.26992,1.2684,1.26984,2434
2024-01-18 21:00:00,1.26981,1.27078,1.26973,1.27035,854
2024-01-18 22:00:00,1.27033,1.27055,1.26977,1.26977,732
2024-01-18 23:00:00,1.27039,1.27112,1.27034,1.27102,889
2024-01-19 00:00:00,1.27105,1.27118,1.27054,1.2708,1590
2024-01-19 01:00:00,1.2708300000000001,1.27096,1.2699500000000001,1.27068,2130
2024-01-19 02:00:00,1.27066,1.27139,1.2701,1.27105,1787
2024-01-19 03:00:00,1.27107,1.2713999999999999,1.27074,1.27124,1451
2024-01-19 04:00:00,1.27124,1.27127,1.27061,1.27065,998
2024-01-19 05:00:00,1.27065,1.27075,1.2695699999999999,1.26984,1572
2024-01-19 06:00:00,1.26983,1.27003,1.26904,1.2696100000000001,1746
2024-01-19 07:00:00,1.2696399999999999,1.26965,1.26714,1.26857,4074
2024-01-19 08:00:00,1.26855,1.26855,1.26651,1.26795,3677
2024-01-19 09:00:00,1.26793,1.26879,1.26716,1.2683200000000001,3425
2024-01-19 10:00:00,1.26833,1.26872,1.26695,1.26803,3011
2024-01-19 11:00:00,1.26807,1.26904,1.26775,1.26807,2656
2024-01-19 12:00:00,1.26806,1.26837,1.26752,1.26783,2689
2024-01-19 13:00:00,1.26784,1.26861,1.26705,1.26739,3879
2024-01-19 14:00:00,1.26737,1.26772,1.26609,1.26729,4052
2024-01-19 15:00:00,1.26735,1.26857,1.26608,1.26793,6035
2024-01-19 16:00:00,1.26792,1.26817,1.26647,1.2674400000000001,3541
2024-01-19 17:00:00,1.2674699999999999,1.2688,1.26674,1.2687599999999999,2975
2024-01-19 18:00:00,1.2687599999999999,1.26953,1.26817,1.26874,2246
2024-01-19 19:00:00,1.26875,1.2698800000000001,1.2686600000000001,1.2696399999999999,2275
2024-01-19 20:00:00,1.26963,1.2702200000000001,1.2694,1.27016,2106
2024-01-19 21:00:00,1.27012,1.2705899999999999,1.27002,1.27037,1160
2024-01-21 22:00:00,1.26765,1.26949,1.26765,1.26882,674
2024-01-21 23:00:00,1.2695400000000001,1.27065,1.26942,1.26976,1147
2024-01-22 00:00:00,1.26986,1.27092,1.26956,1.2708300000000001,1748
2024-01-22 01:00:00,1.27082,1.27127,1.2702200000000001,1.27082,2270
2024-01-22 02:00:00,1.27082,1.27177,1.27061,1.27164,1838
2024-01-22 03:00:00,1.27167,1.2717100000000001,1.27102,1.27125,1656
2024-01-22 04:00:00,1.27125,1.27167,1.2711299999999999,1.27164,1002
2024-01-22 05:00:00,1.27163,1.27187,1.2711299999999999,1.27183,1573
2024-01-22 06:00:00,1.27183,1.2724,1.27128,1.27133,1989
2024-01-22 07:00:00,1.27131,1.27157,1.26974,1.27028,2915
2024-01-22 08:00:00,1.27028,1.27058,1.26862,1.2692700000000001,3458
2024-01-22 09:00:00,1.26924,1.27106,1.26908,1.27042,2611
2024-01-22 10:00:00,1.27036,1.27082,1.26979,1.27073,2408
2024-01-22 11:00:00,1.27072,1.27141,1.27046,1.27135,2349
2024-01-22 12:00:00,1.2713700000000001,1.2730299999999999,1.27114,1.27251,2879
2024-01-22 13:00:00,1.2725,1.27311,1.27163,1.27261,3627
2024-01-22 14:00:00,1.27263,1.27265,1.27094,1.27215,3583
2024-01-22 15:00:00,1.27212,1.27312,1.27162,1.27199,3708
2024-01-22 16:00:00,1.272,1.2726600000000001,1.27085,1.27253,2827
2024-01-22 17:00:00,1.27255,1.27325,1.2720799999999999,1.27209,2287
2024-01-22 18:00:00,1.27209,1.27214,1.27055,1.27122,2373
2024-01-22 19:00:00,1.2711999999999999,1.27126,1.26975,1.27045,2175
2024-01-22 20:00:00,1.27046,1.27087,1.26994,1.27078,1841
2024-01-22 21:00:00,1.27078,1.27107,1.27051,1.27071,1107
2024-01-22 22:00:00,1.27064,1.2709,1.26996,1.27038,674
2024-01-22 23:00:00,1.27096,1.27096,1.27035,1.27053,869
2024-01-23 00:00:00,1.27058,1.27143,1.27055,1.27136,1135
2024-01-23 01:00:00,1.27133,1.27207,1.27078,1.27198,1870
2024-01-23 02:00:00,1.27198,1.27272,1.27162,1.27193,2106
2024-01-23 03:00:00,1.27194,1.2728,1.27151,1.27245,2370
2024-01-23 04:00:00,1.27246,1.27308,1.27227,1.27275,1512
2024-01-23 05:00:00,1.27275,1.27382,1.27255,1.2736399999999999,1593
2024-01-23 06:00:00,1.27367,1.27461,1.27337,1.27453,2419
2024-01-23 07:00:00,1.2745,1.27468,1.27348,1.27417,3012
2024-01-23 08:00:00,1.27417,1.27435,1.27268,1.27309,3176
2024-01-23 09:00:00,1.27307,1.27316,1.27198,1.27279,2911
2024-01-23 10:00:00,1.27278,1.27281,1.27101,1.27119,2691
2024-01-23 11:00:00,1.27119,1.27146,1.26994,1.2705899999999999,2703
2024-01-23 12:00:00,1.27057,1.27131,1.27011,1.271,2771
2024-01-23 13:00:00,1.27103,1.27179,1.27048,1.27077,3114
2024-01-23 14:00:00,1.27078,1.27078,1.2679,1.2681,3794
2024-01-23 15:00:00,1.26811,1.26912,1.26577,1.26651,4174
2024-01-23 16:00:00,1.26651,1.26742,1.26529,1.26571,3230
2024-01-23 17:00:00,1.26571,1.266,1.26485,1.26572,2330
2024-01-23 18:00:00,1.26571,1.26688,1.26565,1.26651,2249
2024-01-23 19:00:00,1.26651,1.26819,1.26647,1.26798,1833
2024-01-23 20:00:00,1.26797,1.26872,1.26777,1.26851,1631
2024-01-23 21:00:00,1.26852,1.26912,1.26847,1.26855,966
2024-01-23 22:00:00,1.26847,1.26855,1.26761,1.26761,841
2024-01-23 23:00:00,1.26834,1.26932,1.26823,1.26902,794
2024-01-24 00:00:00,1.26906,1.26979,1.26885,1.2693400000000001,1358
2024-01-24 01:00:00,1.2693400000000001,1.26967,1.2688,1.26918,2226
2024-01-24 02:00:00,1.26918,1.26923,1.26852,1.26898,1573
2024-01-24 03:00:00,1.26898,1.26997,1.26891,1.26956,1416
2024-01-24 04:00:00,1.26958,1.27038,1.26952,1.2702,1242
2024-01-24 05:00:00,1.2702,1.27037,1.2695400000000001,1.27017,1464
2024-01-24 06:00:00,1.27016,1.2707600000000001,1.26992,1.2702499999999999,1618
2024-01-24 07:00:00,1.27021,1.27123,1.26993,1.27037,2980
2024-01-24 08:00:00,1.27039,1.27182,1.27034,1.27088,4143
2024-01-24 09:00:00,1.2709,1.2772999999999999,1.2708599999999999,1.27645,4035
2024-01-24 10:00:00,1.27641,1.27692,1.27491,1.27528,3080
2024-01-24 11:00:00,1.27529,1.27549,1.27378,1.27401,2481
2024-01-24 12:00:00,1.27399,1.2742499999999999,1.27276,1.27377,2528
2024-01-24 13:00:00,1.27377,1.27704,1.2737,1.2766199999999999,4000
2024-01-24 14:00:00,1.27657,1.27741,1.27376,1.27436,5374
2024-01-24 15:00:00,1.27439,1.27565,1.2732999999999999,1.27519,5570
2024-01-24 16:00:00,1.27524,1.27541,1.27392,1.27511,3817
2024-01-24 17:00:00,1.27509,1.27539,1.27411,1.2747600000000001,2934
2024-01-24 18:00:00,1.27471,1.27498,1.27258,1.27291,3422
2024-01-24 19:00:00,1.27289,1.27295,1.2713,1.27251,2551
2024-01-24 20:00:00,1.27247,1.27306,1.27148,1.2716,2344
2024-01-24 21:00:00,1.27157,1.27251,1.2713999999999999,1.2723,917
2024-01-24 22:00:00,1.27227,1.27231,1.2717800000000001,1.2717800000000001,584
2024-01-24 23:00:00,1.27243,1.27256,1.27162,1.27185,989
2024-01-25 00:00:00,1.27179,1.27191,1.27044,1.27057,1638
2024-01-25 01:00:00,1.2705600000000001,1.27134,1.27029,1.27109,2274
2024-01-25 02:00:00,1.27112,1.2713999999999999,1.27081,1.27114,2066
2024-01-25 03:00:00,1.27114,1.27165,1.27109,1.27127,1630
2024-01-25 04:00:00,1.27126,1.27163,1.2708300000000001,1.27097,1636
2024-01-25 05:00:00,1.27096,1.2711000000000001,1.27066,1.27099,1545
2024-01-25 06:00:00,1.271,1.27245,1.27082,1.27236,1735
2024-01-25 07:00:00,1.27234,1.2733400000000001,1.27182,1.27311,2437
2024-01-25 08:00:00,1.27315,1.27363,1.27198,1.2727,3408
2024-01-25 09:00:00,1.27274,1.2735,1.27207,1.27258,3078
2024-01-25 10:00:00,1.27261,1.2742200000000001,1.27252,1.27348,2751
2024-01-25 11:00:00,1.27351,1.27353,1.27221,1.27319,2522
2024-01-25 12:00:00,1.27325,1.27352,1.27199,1.27241,2678
2024-01-25 13:00:00,1.27243,1.274,1.26968,1.27355,8035
2024-01-25 14:00:00,1.2735699999999999,1.2735699999999999,1.27026,1.27228,7416
2024-01-25 15:00:00,1.27228,1.2726600000000001,1.26945,1.26992,5811
2024-01-25 16:00:00,1.2699,1.27024,1.2690000000000001,1.2696100000000001,3562
2024-01-25 17:00:00,1.26963,1.27064,1.2681,1.26897,3357
2024-01-25 18:00:00,1.26899,1.27036,1.26879,1.26955,3436
2024-01-25 19:00:00,1.26953,1.27017,1.26856,1.27002,2650
2024-01-25 20:00:00,1.27002,1.2705899999999999,1.26952,1.27054,2156
2024-01-25 21:00:00,1.2705600000000001,1.27112,1.27038,1.27057,973
2024-01-25 22:00:00,1.2705899999999999,1.27067,1.26974,1.27004,769
2024-01-25 23:00:00,1.27084,1.27091,1.27032,1.27058,759
2024-01-26 00:00:00,1.27054,1.2708300000000001,1.27003,1.27028,1548
2024-01-26 01:00:00,1.27028,1.27115,1.27012,1.2707899999999999,1638
2024-01-26 02:00:00,1.27077,1.27155,1.27065,1.27102,1448
2024-01-26 03:00:00,1.27105,1.27154,1.27091,1.271,1147
2024-01-26 04:00:00,1.271,1.27111,1.27021,1.27033,1029
2024-01-26 05:00:00,1.27033,1.27082,1.27017,1.27051,1573
2024-01-26 06:00:00,1.2705199999999999,1.27054,1.26936,1.26965,2006
2024-01-26 07:00:00,1.26967,1.2698,1.2675100000000001,1.26816,3073
2024-01-26 08:00:00,1.26817,1.2708,1.26806,1.27042,3103
2024-01-26 09:00:00,1.27042,1.27212,1.27019,1.27138,3177
2024-01-26 10:00:00,1.27141,1.27333,1.2713700000000001,1.27321,2541
2024-01-26 11:00:00,1.2732299999999999,1.27461,1.2732299999999999,1.27416,2731
2024-01-26 12:00:00,1.27416,1.2742499999999999,1.27273,1.27287,2368
2024-01-26 13:00:00,1.27288,1.2758,1.2723499999999999,1.27485,6179
2024-01-26 14:00:00,1.2748300000000001,1.2753999999999999,1.27317,1.27427,4856
2024-01-26 15:00:00,1.27427,1.27427,1.27197,1.27221,4236
2024-01-26 16:00:00,1.27219,1.27238,1.27133,1.27161,3055
2024-01-26 17:00:00,1.27161,1.27187,1.27055,1.27128,2611
2024-01-26 18:00:00,1.27127,1.27148,1.26984,1.2702200000000001,2258
2024-01-26 19:00:00,1.2702200000000001,1.2708300000000001,1.2699799999999999,1.27046,1725
2024-01-26 20:00:00,1.27048,1.27093,1.2699500000000001,1.2701500000000001,1656
2024-01-26 21:00:00,1.27013,1.27042,1.26996,1.2701799999999999,1106
2024-01-28 22:00:00,1.26851,1.26966,1.26819,1.26963,714
2024-01-28 23:00:00,1.27,1.27006,1.26894,1.2695400000000001,1269
2024-01-29 00:00:00,1.2696399999999999,1.26976,1.26908,1.26963,1638
2024-01-29 01:00:00,1.26963,1.27055,1.26958,1.2699799999999999,2189
2024-01-29 02:00:00,1.2699799999999999,1.27002,1.26943,1.26993,1613
2024-01-29 03:00:00,1.26997,1.27033,1.26963,1.27024,1519
2024-01-29 04:00:00,1.27026,1.27074,1.27023,1.27061,1280
2024-01-29 05:00:00,1.27058,1.27069,1.27,1.2701799999999999,1484
2024-01-29 06:00:00,1.27016,1.2709,1.27005,1.2707600000000001,1638
2024-01-29 07:00:00,1.27075,1.27182,1.27062,1.27104,2804
2024-01-29 08:00:00,1.27102,1.27141,1.27009,1.2701799999999999,3143
2024-01-29 09:00:00,1.27017,1.27104,1.26982,1.27032,2863
2024-01-29 10:00:00,1.27031,1.27055,1.26951,1.27043,2615
2024-01-29 11:00:00,1.27043,1.2711999999999999,1.26916,1.26948,2477
2024-01-29 12:00:00,1.26946,1.27122,1.26931,1.26977,2390
2024-01-29 13:00:00,1.26979,1.26979,1.26827,1.26928,3206
2024-01-29 14:00:00,1.2692999999999999,1.26956,1.2671299999999999,1.2676,3307
2024-01-29 15:00:00,1.26757,1.26796,1.26616,1.2677399999999999,3357
2024-01-29 16:00:00,1.26769,1.26848,1.26732,1.26794,2900
2024-01-29 17:00:00,1.26796,1.26897,1.26782,1.26829,2173
2024-01-29 18:00:00,1.26831,1.26836,1.26763,1.26824,1640
2024-01-29 19:00:00,1.26824,1.26926,1.26809,1.26914,1612
2024-01-29 20:00:00,1.26917,1.27167,1.26917,1.27098,3242
2024-01-29 21:00:00,1.27099,1.27101,1.27051,1.27084,1048
2024-01-29 22:00:00,1.2707899999999999,1.27085,1.27031,1.2705,1002
2024-01-29 23:00:00,1.2708300000000001,1.27118,1.27066,1.27109,658
2024-01-30 00:00:00,1.27114,1.27206,1.27109,1.2717399999999999,1526
2024-01-30 01:00:00,1.27172,1.27172,1.27051,1.27102,2087
2024-01-30 02:00:00,1.27102,1.27131,1.27062,1.27102,1548
2024-01-30 03:00:00,1.27101,1.27112,1.27068,1.2707600000000001,1350
2024-01-30 04:00:00,1.27077,1.27116,1.27031,1.27046,1334
2024-01-30 05:00:00,1.2704900000000001,1.27109,1.27034,1.2705199999999999,1572
2024-01-30 06:00:00,1.2705600000000001,1.27085,1.26919,1.26933,1992
2024-01-30 07:00:00,1.2692999999999999,1.26963,1.26831,1.26951,2737
2024-01-30 08:00:00,1.26953,1.26986,1.26823,1.26885,3613
2024-01-30 09:00:00,1.26883,1.26901,1.26707,1.26803,2705
2024-01-30 10:00:00,1.26803,1.26831,1.26721,1.26793,2629
2024-01-30 11:00:00,1.26795,1.26823,1.26724,1.26776,2311
2024-01-30 12:00:00,1.26776,1.26799,1.2665199999999999,1.26718,2285
2024-01-30 13:00:00,1.26718,1.26762,1.26619,1.26748,3351
2024-01-30 14:00:00,1.2674400000000001,1.26872,1.26718,1.26772,3875
2024-01-30 15:00:00,1.26769,1.26874,1.26395,1.2664900000000001,6155
2024-01-30 16:00:00,1.26646,1.26828,1.26587,1.2682,3279
2024-01-30 17:00:00,1.2682,1.26885,1.26782,1.26807,2344
2024-01-30 18:00:00,1.2680500000000001,1.26861,1.26732,1.26852,2101
2024-01-30 19:00:00,1.26852,1.26959,1.26837,1.2695,1966
2024-01-30 20:00:00,1.26951,1.2697,1.26887,1.26951,1817
2024-01-30 21:00:00,1.26953,1.27,1.26938,1.26982,1170
2024-01-30 22:00:00,1.26976,1.26984,1.26856,1.26914,1058
2024-01-30 23:00:00,1.2698,1.26986,1.26925,1.26935,706
2024-01-31 00:00:00,1.26942,1.27002,1.26895,1.2692700000000001,1664
2024-01-31 01:00:00,1.2692999999999999,1.26945,1.2684199999999999,1.2684199999999999,1944
2024-01-31 02:00:00,1.2684,1.2684199999999999,1.26723,1.26748,2089
2024-01-31 03:00:00,1.2674699999999999,1.2677399999999999,1.26727,1.26763,1276
2024-01-31 04:00:00,1.26761,1.26822,1.26753,1.26802,1033
2024-01-31 05:00:00,1.26802,1.2681200000000001,1.26738,1.26772,1314
2024-01-31 06:00:00,1.26772,1.26783,1.26692,1.267,1602
2024-01-31 07:00:00,1.26695,1.26788,1.26661,1.26741,2630
2024-01-31 08:00:00,1.26746,1.26968,1.26725,1.26909,3177
2024-01-31 09:00:00,1.26911,1.26962,1.26682,1.26696,3272
2024-01-31 10:00:00,1.26695,1.26738,1.26664,1.26702,2627
2024-01-31 11:00:00,1.26701,1.26856,1.26689,1.26834,2186
2024-01-31 12:00:00,1.26836,1.2687599999999999,1.2678099999999999,1.2683900000000001,2350
2024-01-31 13:00:00,1.26836,1.27119,1.26809,1.27048,5635
2024-01-31 14:00:00,1.2704900000000001,1.2744,1.26999,1.27381,5408
2024-01-31 15:00:00,1.27379,1.27502,1.27248,1.2732,6626
2024-01-31 16:00:00,1.27318,1.27379,1.27126,1.27309,4567
2024-01-31 17:00:00,1.27308,1.27313,1.2713,1.27179,2693
2024-01-31 18:00:00,1.27179,1.27197,1.27127,1.27188,2348
2024-01-31 19:00:00,1.27185,1.27385,1.26844,1.27111,16012
2024-01-31 20:00:00,1.27115,1.27127,1.26577,1.26733,12379
2024-01-31 21:00:00,1.26736,1.26883,1.26727,1.2684199999999999,2300
2024-01-31 22:00:00,1.2683900000000001,1.26849,1.26707,1.26759,965
2024-01-31 23:00:00,1.26848,1.26888,1.26765,1.26789,829
2024-02-01 00:00:00,1.26792,1.26871,1.26748,1.26829,1883
2024-02-01 01:00:00,1.26829,1.26829,1.26738,1.26791,2557
2024-02-01 02:00:00,1.26789,1.26978,1.26785,1.26919,2011
2024-02-01 03:00:00,1.26917,1.2693699999999999,1.26825,1.26846,1681
2024-02-01 04:00:00,1.26849,1.2686,1.26783,1.26801,1366
2024-02-01 05:00:00,1.268,1.26803,1.26674,1.26674,1779
2024-02-01 06:00:00,1.26676,1.26736,1.26601,1.26628,2025
2024-02-01 07:00:00,1.26627,1.26627,1.26417,1.26538,3366
2024-02-01 08:00:00,1.2653699999999999,1.26575,1.26455,1.26514,3881
2024-02-01 09:00:00,1.26511,1.26582,1.2642,1.26554,3119
2024-02-01 10:00:00,1.26556,1.26576,1.2629299999999999,1.26319,3063
2024-02-01 11:00:00,1.26318,1.26436,1.26247,1.2640799999999999,3277
2024-02-01 12:00:00,1.26411,1.2685,1.26343,1.26731,5185
2024-02-01 13:00:00,1.26729,1.26811,1.26585,1.26586,4847
2024-02-01 14:00:00,1.26586,1.26719,1.26529,1.2665899999999999,4360
2024-02-01 15:00:00,1.26646,1.26849,1.264,1.26814,7083
2024-02-01 16:00:00,1.26811,1.27261,1.26787,1.27238,5289
2024-02-01 17:00:00,1.27241,1.2739500000000001,1.2723,1.27355,3814
2024-02-01 18:00:00,1.27356,1.2742200000000001,1.27279,1.274,3467
2024-02-01 19:00:00,1.27402,1.27552,1.27402,1.27465,2753
2024-02-01 20:00:00,1.27466,1.27502,1.27423,1.27466,2299
2024-02-01 21:00:00,1.27461,1.27475,1.27414,1.2742499999999999,1392
2024-02-01 22:00:00,1.2742200000000001,1.27429,1.2739099999999999,1.27398,778
2024-02-01 23:00:00,1.27427,1.2748300000000001,1.27426,1.27451,520
2024-02-02 00:00:00,1.2745600000000001,1.27542,1.27426,1.27444,1383
2024-02-02 01:00:00,1.27444,1.27497,1.27417,1.27454,2125
2024-02-02 02:00:00,1.27459,1.27527,1.27446,1.27524,1537
2024-02-02 03:00:00,1.27524,1.27543,1.27427,1.2747600000000001,1335
2024-02-02 04:00:00,1.2747600000000001,1.27514,1.27431,1.27465,1189
2024-02-02 05:00:00,1.27463,1.27525,1.27442,1.27488,1640
2024-02-02 06:00:00,1.27488,1.27522,1.2743,1.27458,2019
2024-02-02 07:00:00,1.27457,1.27567,1.27429,1.275,2825
2024-02-02 08:00:00,1.275,1.27668,1.27416,1.27421,3317
2024-02-02 09:00:00,1.27421,1.27634,1.27421,1.2757399999999999,2624
2024-02-02 10:00:00,1.27573,1.27717,1.27555,1.27638,2417
2024-02-02 11:00:00,1.2763900000000001,1.27658,1.27531,1.27588,2212
2024-02-02 12:00:00,1.2759,1.27593,1.27508,1.27564,2311
2024-02-02 13:00:00,1.27562,1.27689,1.2668,1.2671000000000001,7795
2024-02-02 14:00:00,1.26708,1.26733,1.26513,1.26624,7011
2024-02-02 15:00:00,1.26628,1.2668,1.2631299999999999,1.2656399999999999,6013
2024-02-02 16:00:00,1.26565,1.26582,1.26211,1.26239,3736
2024-02-02 17:00:00,1.2624,1.26301,1.26133,1.2618,3131
2024-02-02 18:00:00,1.26179,1.26301,1.26152,1.26235,2989
2024-02-02 19:00:00,1.26238,1.26432,1.2623199999999999,1.26382,2339
2024-02-02 20:00:00,1.26382,1.26423,1.26346,1.26358,2124
2024-02-02 21:00:00,1.26362,1.26398,1.26294,1.26327,1240
2024-02-04 22:00:00,1.26231,1.26274,1.26052,1.2625199999999999,578
2024-02-04 23:00:00,1.26296,1.26318,1.2610000000000001,1.26204,1282
2024-02-05 00:00:00,1.26208,1.26258,1.26014,1.26088,2958
2024-02-05 01:00:00,1.26088,1.26124,1.25982,1.26106,2470
2024-02-05 02:00:00,1.26106,1.26129,1.25998,1.26019,2250
2024-02-05 03:00:00,1.26019,1.26132,1.25986,1.26111,1995
2024-02-05 04:00:00,1.2610700000000001,1.26115,1.2605,1.26079,1406
2024-02-05 05:00:00,1.26079,1.26122,1.26028,1.26111,2084
2024-02-05 06:00:00,1.26111,1.26157,1.26088,1.26116,2100
2024-02-05 07:00:00,1.26111,1.26231,1.26056,1.26162,2691
2024-02-05 08:00:00,1.26163,1.26289,1.26125,1.2618800000000001,3010
2024-02-05 09:00:00,1.2618800000000001,1.26268,1.25997,1.2601,2608
2024-02-05 10:00:00,1.26004,1.26031,1.25809,1.25941,2923
2024-02-05 11:00:00,1.2594400000000001,1.2595,1.25717,1.2573699999999999,2457
2024-02-05 12:00:00,1.25739,1.25755,1.2554699999999999,1.25548,2540
2024-02-05 13:00:00,1.25549,1.25582,1.2549299999999999,1.25522,2836
2024-02-05 14:00:00,1.25525,1.25614,1.25484,1.25537,2990
2024-02-05 15:00:00,1.25512,1.25541,1.25174,1.25196,5428
2024-02-05 16:00:00,1.25197,1.25306,1.25189,1.25288,2736
2024-02-05 17:00:00,1.25288,1.25397,1.25287,1.25356,2005
2024-02-05 18:00:00,1.25354,1.25435,1.25331,1.25393,1777
2024-02-05 19:00:00,1.25396,1.25414,1.25331,1.2534,1752
2024-02-05 20:00:00,1.2533699999999999,1.25376,1.25259,1.25367,1705
2024-02-05 21:00:00,1.2537,1.25374,1.25317,1.25347,860
2024-02-05 22:00:00,1.25346,1.25346,1.25224,1.25234,919
2024-02-05 23:00:00,1.25382,1.25382,1.25317,1.25326,467
2024-02-06 00:00:00,1.25333,1.25406,1.2533,1.2539500000000001,1255
2024-02-06 01:00:00,1.2539500000000001,1.25476,1.2539500000000001,1.25461,2071
2024-02-06 02:00:00,1.25462,1.2548599999999999,1.25437,1.25451,1658
2024-02-06 03:00:00,1.25451,1.25477,1.25389,1.25413,1884
2024-02-06 04:00:00,1.25412,1.25522,1.25411,1.25516,1899
2024-02-06 05:00:00,1.25519,1.25562,1.25507,1.2551999999999999,2184
2024-02-06 06:00:00,1.25519,1.2554,1.2546300000000001,1.2551,1987
2024-02-06 07:00:00,1.25513,1.25647,1.25505,1.2554400000000001,2871
2024-02-06 08:00:00,1.2554400000000001,1.25641,1.25501,1.25511,3147
2024-02-06 09:00:00,1.25513,1.25584,1.25397,1.25418,2858
2024-02-06 10:00:00,1.25416,1.2548,1.25358,1.25382,2549
2024-02-06 11:00:00,1.25382,1.25613,1.25358,1.25537,2677
2024-02-06 12:00:00,1.25534,1.2563900000000001,1.25404,1.25633,3015
2024-02-06 13:00:00,1.25632,1.25714,1.25553,1.25635,3810
2024-02-06 14:00:00,1.2563,1.25792,1.25576,1.25733,3834
2024-02-06 15:00:00,1.2573400000000001,1.25835,1.25681,1.25763,4680
2024-02-06 16:00:00,1.2576399999999999,1.25943,1.25724,1.25873,3451
2024-02-06 17:00:00,1.25871,1.25991,1.25852,1.25946,2785
2024-02-06 18:00:00,1.25946,1.25999,1.25868,1.2598799999999999,2784
2024-02-06 19:00:00,1.2599,1.25996,1.25869,1.25934,2474
2024-02-06 20:00:00,1.25936,1.26025,1.25931,1.25999,2085
2024-02-06 21:00:00,1.25997,1.26,1.25942,1.2595399999999999,1313
2024-02-06 22:00:00,1.25959,1.25964,1.25905,1.25927,1205
2024-02-06 23:00:00,1.25979,1.26047,1.2595399999999999,1.26023,650
2024-02-07 00:00:00,1.2603,1.26035,1.25966,1.25987,1068
2024-02-07 01:00:00,1.25987,1.26123,1.25986,1.2610000000000001,2044
2024-02-07 02:00:00,1.26099,1.26115,1.2605,1.26056,1707
2024-02-07 03:00:00,1.26056,1.26114,1.2600799999999999,1.2601200000000001,1530
2024-02-07 04:00:00,1.2601,1.26036,1.25977,1.26036,1240
2024-02-07 05:00:00,1.26035,1.2607300000000001,1.25983,1.2605,1611
2024-02-07 06:00:00,1.26047,1.2607599999999999,1.2598500000000001,1.26041,1702
2024-02-07 07:00:00,1.26041,1.26276,1.2604,1.26273,2801
2024-02-07 08:00:00,1.26271,1.26296,1.26175,1.2622200000000001,3126
2024-02-07 09:00:00,1.26221,1.26369,1.26158,1.26324,2784
2024-02-07 10:00:00,1.26324,1.26373,1.26255,1.26272,2158
2024-02-07 11:00:00,1.26273,1.26341,1.2622,1.26311,2059
2024-02-07 12:00:00,1.2631000000000001,1.26327,1.26216,1.26309,2284
2024-02-07 13:00:00,1.26309,1.26393,1.26201,1.2625,2925
2024-02-07 14:00:00,1.2624900000000001,1.2640799999999999,1.2622499999999999,1.26329,4452
2024-02-07 15:00:00,1.26331,1.26413,1.26193,1.26304,4851
2024-02-07 16:00:00,1.26304,1.26332,1.26192,1.26268,3360
2024-02-07 17:00:00,1.26267,1.26278,1.26159,1.26226,2501
2024-02-07 18:00:00,1.2622200000000001,1.2634,1.26197,1.2625199999999999,2996
2024-02-07 19:00:00,1.26254,1.26301,1.26215,1.26277,1812
2024-02-07 20:00:00,1.26275,1.2628,1.26217,1.26248,1899
2024-02-07 21:00:00,1.26248,1.26282,1.26241,1.26265,945
2024-02-07 22:00:00,1.2625899999999999,1.26266,1.26207,1.26231,793
2024-02-07 23:00:00,1.2627,1.26315,1.26241,1.26261,895
2024-02-08 00:00:00,1.26263,1.26321,1.26247,1.26316,1171
2024-02-08 01:00:00,1.26316,1.26359,1.26281,1.26325,2030
2024-02-08 02:00:00,1.26323,1.2638099999999999,1.26321,1.26332,1728
2024-02-08 03:00:00,1.26332,1.26352,1.26308,1.2631999999999999,1086
2024-02-08 04:00:00,1.2631999999999999,1.26372,1.26267,1.2628300000000001,1445
2024-02-08 05:00:00,1.26279,1.26331,1.26265,1.26299,1643
2024-02-08 06:00:00,1.26301,1.2635100000000001,1.26257,1.26326,1816
2024-02-08 07:00:00,1.26325,1.26365,1.26238,1.26274,2511
2024-02-08 08:00:00,1.26271,1.26338,1.26123,1.26216,3064
2024-02-08 09:00:00,1.26218,1.26341,1.26204,1.26297,2616
2024-02-08 10:00:00,1.26297,1.26342,1.26181,1.26202,2035
2024-02-08 11:00:00,1.26199,1.26206,1.25995,1.26056,2582
2024-02-08 12:00:00,1.26054,1.2607300000000001,1.25895,1.25976,2604
2024-02-08 13:00:00,1.2597800000000001,1.26029,1.25714,1.25805,3903
2024-02-08 14:00:00,1.25803,1.2610700000000001,1.25776,1.2607599999999999,3597
2024-02-08 15:00:00,1.26079,1.26111,1.25879,1.2603900000000001,3872
2024-02-08 16:00:00,1.26044,1.26192,1.26028,1.2618800000000001,2838
2024-02-08 17:00:00,1.2619,1.2622,1.26131,1.26166,2340
2024-02-08 18:00:00,1.26166,1.2629000000000001,1.26129,1.26186,2828
2024-02-08 19:00:00,1.26187,1.26221,1.26111,1.26146,2319
2024-02-08 20:00:00,1.26148,1.26202,1.26145,1.26178,1935
2024-02-08 21:00:00,1.2618,1.2619099999999999,1.26138,1.26138,736
2024-02-08 22:00:00,1.26144,1.26163,1.26087,1.26129,740
2024-02-08 23:00:00,1.26174,1.2619099999999999,1.26145,1.2619,600
2024-02-09 00:00:00,1.262,1.2621,1.26123,1.26135,1357
2024-02-09 01:00:00,1.2614,1.26201,1.26135,1.26178,1751
2024-02-09 02:00:00,1.26178,1.26217,1.26162,1.26199,1467
2024-02-09 03:00:00,1.26199,1.26201,1.26136,1.26149,1211
2024-02-09 04:00:00,1.26152,1.26163,1.2610999999999999,1.26158,1190
2024-02-09 05:00:00,1.26154,1.26192,1.26129,1.26138,920
2024-02-09 06:00:00,1.2614,1.26226,1.2612700000000001,1.26193,1181
2024-02-09 07:00:00,1.2619500000000001,1.26336,1.26192,1.2631700000000001,2250
2024-02-09 08:00:00,1.26316,1.26343,1.26169,1.26169,2877
2024-02-09 09:00:00,1.26169,1.26173,1.26059,1.26102,2960
2024-02-09 10:00:00,1.26099,1.26109,1.26031,1.26053,2285
2024-02-09 11:00:00,1.26055,1.26094,1.26007,1.26075,2054
2024-02-09 12:00:00,1.2607599999999999,1.2613400000000001,1.25986,1.26022,2524
2024-02-09 13:00:00,1.2602,1.26346,1.25999,1.26196,6383
2024-02-09 14:00:00,1.26194,1.26395,1.26152,1.26322,4711
2024-02-09 15:00:00,1.2631999999999999,1.26426,1.26288,1.26337,3537
2024-02-09 16:00:00,1.26338,1.26356,1.26247,1.26255,2782
2024-02-09 17:00:00,1.2625199999999999,1.26315,1.26205,1.26294,1968
2024-02-09 18:00:00,1.26294,1.2637,1.26279,1.26346,1517
2024-02-09 19:00:00,1.26343,1.26366,1.26268,1.26282,1362
2024-02-09 20:00:00,1.26282,1.26324,1.26246,1.263,1725
2024-02-09 21:00:00,1.26298,1.26353,1.26288,1.26298,1189
2024-02-11 22:00:00,1.2616399999999999,1.26255,1.26075,1.2624900000000001,547
2024-02-11 23:00:00,1.2625199999999999,1.2635100000000001,1.26246,1.26341,1305
2024-02-12 00:00:00,1.26358,1.26433,1.26355,1.2639,1393
2024-02-12 01:00:00,1.26391,1.26394,1.26336,1.26357,1357
2024-02-12 02:00:00,1.26358,1.26377,1.26316,1.26319,1013
2024-02-12 03:00:00,1.26319,1.26352,1.26261,1.26284,1058
2024-02-12 04:00:00,1.26284,1.26333,1.26267,1.26281,954
2024-02-12 05:00:00,1.26282,1.26324,1.26274,1.26291,863
2024-02-12 06:00:00,1.26289,1.2631999999999999,1.26266,1.26305,1043
2024-02-12 07:00:00,1.26305,1.26542,1.26301,1.26459,2715
2024-02-12 08:00:00,1.26459,1.26464,1.26201,1.26221,3465
2024-02-12 09:00:00,1.26223,1.26282,1.26173,1.26207,2620
2024-02-12 10:00:00,1.26207,1.2625199999999999,1.26156,1.2622200000000001,2356
2024-02-12 11:00:00,1.26223,1.26248,1.26096,1.26151,2398
2024-02-12 12:00:00,1.26153,1.2617,1.26083,1.26143,2259
2024-02-12 13:00:00,1.26146,1.26179,1.26057,1.2609,2694
2024-02-12 14:00:00,1.26087,1.26255,1.26087,1.26217,2895
2024-02-12 15:00:00,1.26218,1.2624,1.2610000000000001,1.26148,2843
2024-02-12 16:00:00,1.26148,1.26325,1.26125,1.26279,2509
2024-02-12 17:00:00,1.26279,1.26391,1.26269,1.26388,2042
2024-02-12 18:00:00,1.26388,1.26399,1.26315,1.26336,2126
2024-02-12 19:00:00,1.26334,1.26372,1.26207,1.26239,2003
2024-02-12 20:00:00,1.26239,1.26294,1.26235,1.26285,1938
2024-02-12 21:00:00,1.26284,1.26303,1.2624900000000001,1.26262,906
2024-02-12 22:00:00,1.2626,1.26272,1.2619500000000001,1.2622,884
2024-02-12 23:00:00,1.26258,1.26279,1.26228,1.2625600000000001,770
2024-02-13 00:00:00,1.26263,1.26276,1.2619099999999999,1.26244,1193
2024-02-13 01:00:00,1.26245,1.26263,1.2618,1.26204,1102
2024-02-13 02:00:00,1.26205,1.26205,1.26109,1.2614,1235
2024-02-13 03:00:00,1.26139,1.26148,1.26102,1.26105,1045
2024-02-13 04:00:00,1.26104,1.26139,1.26086,1.26116,855
2024-02-13 05:00:00,1.26116,1.26184,1.26113,1.26146,986
2024-02-13 06:00:00,1.26148,1.2623,1.2614,1.2618800000000001,1258
2024-02-13 07:00:00,1.2619,1.26551,1.2619,1.26514,3890
2024-02-13 08:00:00,1.26513,1.26538,1.26358,1.26418,3101
2024-02-13 09:00:00,1.26423,1.26544,1.26358,1.26539,2720
2024-02-13 10:00:00,1.26539,1.26687,1.26539,1.26674,2854
2024-02-13 11:00:00,1.26674,1.26757,1.26603,1.26668,2431
2024-02-13 12:00:00,1.26673,1.26768,1.26626,1.2675100000000001,2699
2024-02-13 13:00:00,1.26753,1.26925,1.25894,1.25927,8115
2024-02-13 14:00:00,1.25926,1.26057,1.25792,1.25885,6138
2024-02-13 15:00:00,1.25887,1.26054,1.2575,1.2600500000000001,4953
2024-02-13 16:00:00,1.2600500000000001,1.26078,1.25906,1.2603,3175
2024-02-13 17:00:00,1.26029,1.2607599999999999,1.25976,1.25993,2686
2024-02-13 18:00:00,1.25995,1.26027,1.25865,1.2589000000000001,2283
2024-02-13 19:00:00,1.25888,1.25888,1.25727,1.2574100000000001,2394
2024-02-13 20:00:00,1.25739,1.25927,1.25733,1.2588599999999999,2177
2024-02-13 21:00:00,1.25884,1.25927,1.25873,1.25904,1104
2024-02-13 22:00:00,1.25905,1.25915,1.2586,1.25875,912
2024-02-13 23:00:00,1.25932,1.25952,1.25876,1.25896,790
2024-02-14 00:00:00,1.25897,1.2597800000000001,1.25875,1.25899,1441
2024-02-14 01:00:00,1.25899,1.2598500000000001,1.2584,1.25964,2500
2024-02-14 02:00:00,1.25966,1.25991,1.25921,1.25948,1975
2024-02-14 03:00:00,1.25948,1.26018,1.25925,1.25992,1654
2024-02-14 04:00:00,1.25992,1.2604199999999999,1.25963,1.26036,1579
2024-02-14 05:00:00,1.2603900000000001,1.26047,1.25975,1.2602,1751
2024-02-14 06:00:00,1.26022,1.26105,1.25987,1.2603900000000001,1775
2024-02-14 07:00:00,1.2604199999999999,1.26062,1.25555,1.25638,4920
2024-02-14 08:00:00,1.2563900000000001,1.2563900000000001,1.25424,1.25559,3756
2024-02-14 09:00:00,1.25561,1.25573,1.25353,1.2539,3149
2024-02-14 10:00:00,1.2539,1.2548300000000001,1.25346,1.25478,2598
2024-02-14 11:00:00,1.2548,1.25558,1.25365,1.25518,2686
2024-02-14 12:00:00,1.25518,1.25583,1.25474,1.25521,2593
2024-02-14 13:00:00,1.25522,1.25675,1.25522,1.2557,3791
2024-02-14 14:00:00,1.2557,1.2563900000000001,1.25475,1.25508,4128
2024-02-14 15:00:00,1.2551,1.2554,1.25392,1.25485,3591
2024-02-14 16:00:00,1.25485,1.25607,1.25476,1.25587,3045
2024-02-14 17:00:00,1.25591,1.25648,1.2552699999999999,1.25635,2631
2024-02-14 18:00:00,1.25637,1.2570000000000001,1.25565,1.25623,2145
2024-02-14 19:00:00,1.25626,1.25655,1.25595,1.25605,2298
2024-02-14 20:00:00,1.25604,1.2563900000000001,1.25598,1.25624,2200
2024-02-14 21:00:00,1.25625,1.2566,1.2561,1.25644,891
2024-02-14 22:00:00,1.2564899999999999,1.25651,1.25586,1.25594,725
2024-02-14 23:00:00,1.25632,1.2567599999999999,1.25629,1.25661,526
2024-02-15 00:00:00,1.25667,1.2570999999999999,1.2563,1.25699,1168
2024-02-15 01:00:00,1.25697,1.25729,1.25617,1.25623,1655
2024-02-15 02:00:00,1.25623,1.2567599999999999,1.2558099999999999,1.25655,1230
2024-02-15 03:00:00,1.25657,1.25687,1.2561200000000001,1.25636,1226
2024-02-15 04:00:00,1.25636,1.25648,1.25606,1.25635,1245
2024-02-15 05:00:00,1.25635,1.25687,1.25629,1.25647,1202
2024-02-15 06:00:00,1.25647,1.25726,1.25629,1.25685,1504
2024-02-15 07:00:00,1.25689,1.25689,1.2542200000000001,1.25449,3428
2024-02-15 08:00:00,1.25447,1.25539,1.25415,1.25518,2960
2024-02-15 09:00:00,1.25516,1.2557800000000001,1.25446,1.25536,2527
2024-02-15 10:00:00,1.25536,1.256,1.25495,1.25557,2368
2024-02-15 11:00:00,1.25559,1.25586,1.25427,1.25489,1909
2024-02-15 12:00:00,1.25487,1.25568,1.25438,1.25499,2190
2024-02-15 13:00:00,1.25502,1.25745,1.2540499999999999,1.25693,5685
2024-02-15 14:00:00,1.2569,1.25916,1.25606,1.25818,4719
2024-02-15 15:00:00,1.25818,1.25959,1.25777,1.2583199999999999,3878
2024-02-15 16:00:00,1.2583,1.25865,1.2572999999999999,1.2577,3119
2024-02-15 17:00:00,1.25769,1.25869,1.25766,1.2585600000000001,2387
2024-02-15 18:00:00,1.25857,1.25936,1.25834,1.25916,2086
2024-02-15 19:00:00,1.2591700000000001,1.26001,1.25914,1.2595100000000001,1943
2024-02-15 20:00:00,1.2595399999999999,1.2598500000000001,1.25935,1.25962,2010
2024-02-15 21:00:00,1.25964,1.2601499999999999,1.2594699999999999,1.25975,903
2024-02-15 22:00:00,1.25966,1.25982,1.25861,1.25879,807
2024-02-15 23:00:00,1.2600500000000001,1.26041,1.25979,1.2598,736
2024-02-16 00:00:00,1.2597800000000001,1.26,1.25806,1.2584,1422
2024-02-16 01:00:00,1.25841,1.2588599999999999,1.25794,1.25874,2012
2024-02-16 02:00:00,1.25875,1.2588,1.2582900000000001,1.25836,1573
2024-02-16 03:00:00,1.25836,1.2586,1.25788,1.2581,1305
2024-02-16 04:00:00,1.25812,1.25831,1.25765,1.25818,1309
2024-02-16 05:00:00,1.25818,1.25851,1.25796,1.2582,1320
2024-02-16 06:00:00,1.2582200000000001,1.25839,1.25787,1.25834,1583
2024-02-16 07:00:00,1.2583,1.26056,1.25818,1.25898,3783
2024-02-16 08:00:00,1.25896,1.25914,1.25745,1.25762,3128
2024-02-16 09:00:00,1.2576100000000001,1.25882,1.25738,1.25852,2684
2024-02-16 10:00:00,1.25853,1.25903,1.2582,1.25884,2043
2024-02-16 11:00:00,1.2588300000000001,1.26004,1.25871,1.2598799999999999,2225
2024-02-16 12:00:00,1.2598500000000001,1.26002,1.25817,1.2582499999999999,2343
2024-02-16 13:00:00,1.25823,1.25855,1.25503,1.25662,5074
2024-02-16 14:00:00,1.25665,1.25719,1.25531,1.25609,4536
2024-02-16 15:00:00,1.2561200000000001,1.2585,1.256,1.25836,4621
2024-02-16 16:00:00,1.25839,1.25938,1.25827,1.25865,2882
2024-02-16 17:00:00,1.25867,1.2608,1.25826,1.2606899999999999,2238
2024-02-16 18:00:00,1.2606899999999999,1.26223,1.25987,1.26185,2360
2024-02-16 19:00:00,1.26187,1.2624,1.26035,1.26059,2251
2024-02-16 20:00:00,1.26058,1.2606,1.2597800000000001,1.25997,2297
2024-02-16 21:00:00,1.25996,1.26035,1.25969,1.25999,1266
2024-02-18 22:00:00,1.25915,1.25997,1.2586300000000001,1.25987,899
2024-02-18 23:00:00,1.26006,1.26085,1.2598799999999999,1.26077,1100
2024-02-19 00:00:00,1.26097,1.26217,1.26097,1.26205,1520
2024-02-19 01:00:00,1.26206,1.26267,1.26113,1.26136,2179
2024-02-19 02:00:00,1.26136,1.2616,1.26115,1.26151,1616
2024-02-19 03:00:00,1.26151,1.2618,1.26116,1.2612,1504
2024-02-19 04:00:00,1.2612,1.26153,1.26111,1.2615,1412
2024-02-19 05:00:00,1.26153,1.26207,1.26153,1.26184,1387
2024-02-19 06:00:00,1.26186,1.26238,1.26142,1.26234,1495
2024-02-19 07:00:00,1.26234,1.26292,1.26185,1.2619099999999999,2334
2024-02-19 08:00:00,1.2619500000000001,1.26272,1.2613699999999999,1.26156,2769
2024-02-19 09:00:00,1.26157,1.26227,1.2606600000000001,1.26143,2627
2024-02-19 10:00:00,1.26141,1.26181,1.2608,1.26162,2147
2024-02-19 11:00:00,1.26162,1.26213,1.26105,1.26106,2148
2024-02-19 12:00:00,1.26105,1.2615,1.26058,1.26071,1954
2024-02-19 13:00:00,1.26072,1.26124,1.25977,1.2599,2083
2024-02-19 14:00:00,1.25991,1.26,1.25909,1.25941,1859
2024-02-19 15:00:00,1.25939,1.25982,1.25839,1.25868,2108
2024-02-19 16:00:00,1.2587,1.25889,1.25831,1.25843,1215
2024-02-19 17:00:00,1.25843,1.25932,1.2583,1.25909,1060
2024-02-19 18:00:00,1.25911,1.25989,1.25891,1.25959,552
2024-02-19 19:00:00,1.25959,1.2598799999999999,1.25955,1.2597,415
2024-02-19 20:00:00,1.25968,1.25979,1.25949,1.25969,344
2024-02-19 21:00:00,1.25969,1.26004,1.25927,1.25927,416
2024-02-19 22:00:00,1.25932,1.25955,1.25901,1.25923,826
2024-02-19 23:00:00,1.25955,1.25961,1.25846,1.25871,877
2024-02-20 00:00:00,1.25873,1.25912,1.25845,1.25871,1408
2024-02-20 01:00:00,1.25871,1.25923,1.25807,1.25839,2201
2024-02-20 02:00:00,1.2584,1.25865,1.25799,1.25835,1678
2024-02-20 03:00:00,1.25836,1.2586300000000001,1.25819,1.25844,1299
2024-02-20 04:00:00,1.25844,1.25884,1.25839,1.25857,1067
2024-02-20 05:00:00,1.25857,1.25869,1.25785,1.25817,1285
2024-02-20 06:00:00,1.25814,1.25882,1.2580200000000001,1.25862,1388
2024-02-20 07:00:00,1.25862,1.25933,1.25831,1.25897,2509
2024-02-20 08:00:00,1.25895,1.2592400000000001,1.25809,1.25879,3044
2024-02-20 09:00:00,1.25877,1.26061,1.25851,1.2603,2862
2024-02-20 10:00:00,1.26026,1.26152,1.26019,1.26095,2703
2024-02-20 11:00:00,1.26098,1.26113,1.25866,1.25899,2801
2024-02-20 12:00:00,1.259,1.26057,1.25878,1.25987,2746
2024-02-20 13:00:00,1.25987,1.26453,1.25987,1.2642,3762
2024-02-20 14:00:00,1.26421,1.26633,1.2635,1.26493,3631
2024-02-20 15:00:00,1.26495,1.2668300000000001,1.26444,1.26615,4056
2024-02-20 16:00:00,1.26615,1.26621,1.26399,1.2641200000000001,2728
2024-02-20 17:00:00,1.2641200000000001,1.2642,1.26291,1.26341,2211
2024-02-20 18:00:00,1.26343,1.26345,1.2622,1.26244,1725
2024-02-20 19:00:00,1.26238,1.26238,1.2616,1.26183,1845
2024-02-20 20:00:00,1.26186,1.26255,1.2616100000000001,1.26241,1904
2024-02-20 21:00:00,1.26243,1.26245,1.26174,1.26204,976
2024-02-20 22:00:00,1.26202,1.26228,1.26136,1.26136,807
2024-02-20 23:00:00,1.26214,1.26261,1.262,1.2625600000000001,889
2024-02-21 00:00:00,1.26242,1.26263,1.26199,1.26239,1287
2024-02-21 01:00:00,1.26239,1.26276,1.26189,1.26269,1789
2024-02-21 02:00:00,1.26267,1.26339,1.26267,1.26297,1765
2024-02-21 03:00:00,1.26297,1.26369,1.26297,1.26364,1440
2024-02-21 04:00:00,1.26365,1.26368,1.26302,1.26321,1279
2024-02-21 05:00:00,1.26322,1.26356,1.26295,1.26329,1382
2024-02-21 06:00:00,1.26329,1.2634699999999999,1.26178,1.2622900000000001,1644
2024-02-21 07:00:00,1.26227,1.26322,1.26206,1.2629299999999999,2522
2024-02-21 08:00:00,1.2629299999999999,1.26325,1.26072,1.2608,2800
2024-02-21 09:00:00,1.2607599999999999,1.26114,1.2602,1.26114,2705
2024-02-21 10:00:00,1.26111,1.26241,1.26079,1.26207,2285
2024-02-21 11:00:00,1.26207,1.26207,1.2607599999999999,1.26153,2179
2024-02-21 12:00:00,1.26152,1.26204,1.26102,1.26166,2451
2024-02-21 13:00:00,1.26166,1.263,1.2616399999999999,1.26236,3081
2024-02-21 14:00:00,1.26231,1.26339,1.2616800000000001,1.2623,3068
2024-02-21 15:00:00,1.26227,1.26279,1.26093,1.2612,3065
2024-02-21 16:00:00,1.26117,1.26264,1.2604899999999999,1.26212,2694
2024-02-21 17:00:00,1.26213,1.26214,1.26116,1.26156,2334
2024-02-21 18:00:00,1.26157,1.26271,1.26053,1.26238,2455
2024-02-21 19:00:00,1.26236,1.26411,1.26169,1.26316,3914
2024-02-21 20:00:00,1.26315,1.26376,1.26243,1.26334,2444
2024-02-21 21:00:00,1.26334,1.26376,1.2628300000000001,1.26353,1721
2024-02-21 22:00:00,1.26356,1.26361,1.26294,1.26325,893
2024-02-21 23:00:00,1.26364,1.26401,1.26345,1.26371,961
2024-02-22 00:00:00,1.26377,1.26464,1.26368,1.2645,1286
2024-02-22 01:00:00,1.26451,1.26459,1.2637,1.26393,1684
2024-02-22 02:00:00,1.2639,1.26399,1.26307,1.26388,1594
2024-02-22 03:00:00,1.26388,1.26399,1.2634699999999999,1.26367,1085
2024-02-22 04:00:00,1.26364,1.2641,1.26338,1.26394,992
2024-02-22 05:00:00,1.26395,1.26481,1.26387,1.26443,1221
2024-02-22 06:00:00,1.26444,1.26507,1.2644,1.26477,1379
2024-02-22 07:00:00,1.26479,1.26752,1.26459,1.26733,2727
2024-02-22 08:00:00,1.26732,1.27091,1.26709,1.2701,5108
2024-02-22 09:00:00,1.27012,1.2701500000000001,1.267,1.26758,3743
2024-02-22 10:00:00,1.26752,1.26895,1.26709,1.26788,2236
2024-02-22 11:00:00,1.26787,1.26801,1.26667,1.26798,2225
2024-02-22 12:00:00,1.26797,1.26822,1.2665199999999999,1.26687,2374
2024-02-22 13:00:00,1.26689,1.26711,1.26258,1.26279,4184
2024-02-22 14:00:00,1.26277,1.26323,1.26113,1.26302,4906
2024-02-22 15:00:00,1.26299,1.26302,1.26108,1.26203,4392
2024-02-22 16:00:00,1.26207,1.26477,1.26202,1.26444,3136
2024-02-22 17:00:00,1.26448,1.26593,1.26391,1.26558,2272
2024-02-22 18:00:00,1.26559,1.2662200000000001,1.2643900000000001,1.26608,2216
2024-02-22 19:00:00,1.26606,1.2664,1.26555,1.26582,1856
2024-02-22 20:00:00,1.2658,1.26613,1.26542,1.26607,1869
2024-02-22 21:00:00,1.26605,1.26614,1.26578,1.26592,922
2024-02-22 22:00:00,1.26594,1.2659500000000001,1.26529,1.2652999999999999,776
2024-02-22 23:00:00,1.26573,1.26641,1.26573,1.26606,740
2024-02-23 00:00:00,1.2661,1.26658,1.26474,1.26567,1589
2024-02-23 01:00:00,1.26567,1.26657,1.26567,1.2662,1922
2024-02-23 02:00:00,1.26621,1.26653,1.26601,1.26618,1490
2024-02-23 03:00:00,1.26619,1.26636,1.26571,1.26635,1359
2024-02-23 04:00:00,1.26637,1.26655,1.26628,1.26642,907
2024-02-23 05:00:00,1.26643,1.26654,1.26584,1.26613,1007
2024-02-23 06:00:00,1.26613,1.26673,1.2658800000000001,1.26637,1362
2024-02-23 07:00:00,1.26634,1.26716,1.26606,1.2669000000000001,2472
2024-02-23 08:00:00,1.2669000000000001,1.26762,1.26632,1.26667,2823
2024-02-23 09:00:00,1.26668,1.26672,1.26484,1.26553,2685
2024-02-23 10:00:00,1.26556,1.2675,1.26554,1.26727,2199
2024-02-23 11:00:00,1.26727,1.26841,1.26714,1.26799,2538
2024-02-23 12:00:00,1.26798,1.27011,1.26791,1.26985,2550
2024-02-23 13:00:00,1.26984,1.26984,1.26816,1.26929,3120
2024-02-23 14:00:00,1.26929,1.26997,1.26828,1.26901,3031
2024-02-23 15:00:00,1.26901,1.26901,1.26667,1.26769,3478
2024-02-23 16:00:00,1.26768,1.26795,1.2665,1.26758,2986
2024-02-23 17:00:00,1.26756,1.26831,1.26738,1.26776,2220
2024-02-23 18:00:00,1.2677800000000001,1.26854,1.26758,1.268,1802
2024-02-23 19:00:00,1.268,1.26801,1.26709,1.26742,1718
2024-02-23 20:00:00,1.26743,1.26752,1.2666,1.26695,1966
2024-02-23 21:00:00,1.26693,1.26724,1.26664,1.26705,1087
2024-02-25 22:00:00,1.2656100000000001,1.26702,1.26556,1.26687,824
2024-02-25 23:00:00,1.26735,1.26735,1.26669,1.267,1039
2024-02-26 00:00:00,1.26695,1.26724,1.26616,1.26621,1438
2024-02-26 01:00:00,1.26621,1.26663,1.26605,1.26615,1576
2024-02-26 02:00:00,1.26617,1.2664,1.26574,1.26584,1259
2024-02-26 03:00:00,1.26584,1.26601,1.26563,1.26583,1007
2024-02-26 04:00:00,1.26582,1.26695,1.26569,1.26657,1003
2024-02-26 05:00:00,1.26657,1.26698,1.26635,1.26664,1238
2024-02-26 06:00:00,1.26663,1.26687,1.26623,1.2665600000000001,1464
2024-02-26 07:00:00,1.26655,1.26776,1.2665199999999999,1.26759,2133
2024-02-26 08:00:00,1.26761,1.26766,1.26662,1.26704,2551
2024-02-26 09:00:00,1.26707,1.2680500000000001,1.26661,1.26786,2450
2024-02-26 10:00:00,1.26786,1.26888,1.26765,1.26786,2073
2024-02-26 11:00:00,1.26782,1.26962,1.26727,1.26933,2277
2024-02-26 12:00:00,1.2693400000000001,1.2699,1.26829,1.2684,2458
2024-02-26 13:00:00,1.26837,1.26985,1.2683,1.26962,2664
2024-02-26 14:00:00,1.2696399999999999,1.2698,1.26784,1.26801,2781
2024-02-26 15:00:00,1.26799,1.26852,1.26716,1.26828,3138
2024-02-26 16:00:00,1.26829,1.26843,1.26736,1.26801,2588
2024-02-26 17:00:00,1.26801,1.2682,1.26723,1.26757,1807
2024-02-26 18:00:00,1.26755,1.26768,1.26703,1.26736,1513
2024-02-26 19:00:00,1.26735,1.26784,1.2673,1.2677399999999999,1485
2024-02-26 20:00:00,1.26773,1.26875,1.26766,1.26843,1590
2024-02-26 21:00:00,1.26843,1.26854,1.26809,1.26833,819
2024-02-26 22:00:00,1.26838,1.26845,1.26759,1.26796,656
2024-02-26 23:00:00,1.26836,1.26858,1.26791,1.26833,747
2024-02-27 00:00:00,1.26833,1.26847,1.26769,1.26783,1353
2024-02-27 01:00:00,1.26783,1.26799,1.26746,1.26785,1572
2024-02-27 02:00:00,1.26787,1.26823,1.26762,1.26768,1783
2024-02-27 03:00:00,1.26768,1.268,1.2674,1.26795,1391
2024-02-27 04:00:00,1.26796,1.26852,1.26794,1.26844,1285
2024-02-27 05:00:00,1.26845,1.26867,1.2677399999999999,1.26797,1559
2024-02-27 06:00:00,1.26798,1.26834,1.2677800000000001,1.26809,1583
2024-02-27 07:00:00,1.2680500000000001,1.26947,1.26804,1.26901,2330
2024-02-27 08:00:00,1.26901,1.26962,1.26851,1.2689,2598
2024-02-27 09:00:00,1.26891,1.26947,1.2680799999999999,1.26885,2385
2024-02-27 10:00:00,1.26881,1.26881,1.2671000000000001,1.26825,2298
2024-02-27 11:00:00,1.26825,1.26889,1.26755,1.26862,2073
2024-02-27 12:00:00,1.26863,1.26943,1.2676,1.26801,2463
2024-02-27 13:00:00,1.26799,1.26862,1.26707,1.2681200000000001,3253
2024-02-27 14:00:00,1.2681200000000001,1.26848,1.26666,1.26705,2827
2024-02-27 15:00:00,1.2671000000000001,1.26878,1.2659799999999999,1.26818,3543
2024-02-27 16:00:00,1.26816,1.26945,1.26804,1.26902,2816
2024-02-27 17:00:00,1.26902,1.26912,1.26813,1.26852,2362
2024-02-27 18:00:00,1.26852,1.26936,1.26833,1.26847,2447
2024-02-27 19:00:00,1.26848,1.2685,1.26779,1.26796,1743
2024-02-27 20:00:00,1.26796,1.26848,1.26777,1.26804,1704
2024-02-27 21:00:00,1.26806,1.26863,1.26803,1.2683499999999999,724
2024-02-27 22:00:00,1.26833,1.26853,1.26794,1.2681200000000001,742
2024-02-27 23:00:00,1.26851,1.26858,1.26797,1.26798,655
2024-02-28 00:00:00,1.268,1.2683499999999999,1.26757,1.26825,1278
2024-02-28 01:00:00,1.26826,1.26826,1.2671999999999999,1.2676,1738
2024-02-28 02:00:00,1.26756,1.2677399999999999,1.26688,1.26706,1529
2024-02-28 03:00:00,1.26705,1.2671000000000001,1.2665600000000001,1.26679,1245
2024-02-28 04:00:00,1.26679,1.26691,1.26637,1.26657,946
2024-02-28 05:00:00,1.26654,1.26664,1.2657,1.2659,1070
2024-02-28 06:00:00,1.26589,1.2662,1.26539,1.2655,1389
2024-02-28 07:00:00,1.26547,1.26604,1.26446,1.2659,2125
2024-02-28 08:00:00,1.2659099999999999,1.26607,1.26314,1.2635,2665
2024-02-28 09:00:00,1.2635,1.26385,1.2623,1.26245,2813
2024-02-28 10:00:00,1.26247,1.26512,1.26211,1.26488,2576
2024-02-28 11:00:00,1.26488,1.26567,1.26391,1.26517,2387
2024-02-28 12:00:00,1.2652,1.26571,1.26288,1.263,2862
2024-02-28 13:00:00,1.26302,1.2653400000000001,1.2629299999999999,1.26433,3890
2024-02-28 14:00:00,1.26431,1.26574,1.26357,1.26493,3925
2024-02-28 15:00:00,1.26493,1.26566,1.2643900000000001,1.26522,3108
2024-02-28 16:00:00,1.2652,1.26674,1.26498,1.26673,2370
2024-02-28 17:00:00,1.26672,1.26729,1.26529,1.2659099999999999,2152
2024-02-28 18:00:00,1.26589,1.26613,1.26544,1.26558,1787
2024-02-28 19:00:00,1.2655699999999999,1.26576,1.26506,1.2652999999999999,1515
2024-02-28 20:00:00,1.26532,1.26632,1.26513,1.26603,1597
2024-02-28 21:00:00,1.26601,1.26626,1.2658,1.26606,820
2024-02-28 22:00:00,1.26609,1.26609,1.26551,1.26551,1115
2024-02-28 23:00:00,1.26601,1.26613,1.26575,1.26594,771
2024-02-29 00:00:00,1.26607,1.26619,1.26565,1.26603,1180
2024-02-29 01:00:00,1.26603,1.26661,1.2656399999999999,1.26586,2040
2024-02-29 02:00:00,1.26587,1.2668,1.26576,1.26675,1814
2024-02-29 03:00:00,1.26676,1.2669000000000001,1.26645,1.26671,1440
2024-02-29 04:00:00,1.26671,1.26708,1.26644,1.26668,1289
2024-02-29 05:00:00,1.26671,1.26688,1.26619,1.2666,1374
2024-02-29 06:00:00,1.2665600000000001,1.2668,1.26609,1.26632,1504
2024-02-29 07:00:00,1.26632,1.26676,1.2652,1.26535,2971
2024-02-29 08:00:00,1.26533,1.26689,1.2652999999999999,1.26635,3255
2024-02-29 09:00:00,1.2664,1.26734,1.26555,1.26654,3178
2024-02-29 10:00:00,1.2665600000000001,1.26738,1.26571,1.26575,2811
2024-02-29 11:00:00,1.26575,1.26648,1.2646899999999999,1.26504,2580
2024-02-29 12:00:00,1.26502,1.2652999999999999,1.2637399999999999,1.26422,2701
2024-02-29 13:00:00,1.2642,1.26574,1.26346,1.26516,4841
2024-02-29 14:00:00,1.26513,1.26677,1.26505,1.26666,3564
2024-02-29 15:00:00,1.26665,1.26813,1.26433,1.26495,4379
2024-02-29 16:00:00,1.2649599999999999,1.26509,1.26304,1.26312,3328
2024-02-29 17:00:00,1.26312,1.26316,1.26145,1.26169,2430
2024-02-29 18:00:00,1.2617,1.26251,1.26136,1.26241,1784
2024-02-29 19:00:00,1.26241,1.26271,1.26122,1.26128,1861
2024-02-29 20:00:00,1.26128,1.26245,1.26128,1.2623,1725
2024-02-29 21:00:00,1.2623,1.2625199999999999,1.262,1.26212,1009
2024-02-29 22:00:00,1.26209,1.26235,1.26189,1.26189,1080
2024-02-29 23:00:00,1.26231,1.2625,1.26209,1.26248,985
2024-03-01 00:00:00,1.26262,1.26276,1.26228,1.2625899999999999,1162
2024-03-01 01:00:00,1.2626,1.2634,1.26243,1.2634,1867
2024-03-01 02:00:00,1.26339,1.26348,1.26282,1.26316,1376
2024-03-01 03:00:00,1.26316,1.26338,1.26301,1.26312,1316
2024-03-01 04:00:00,1.2631299999999999,1.26325,1.26267,1.26277,1225
2024-03-01 05:00:00,1.26277,1.26298,1.26238,1.26257,1182
2024-03-01 06:00:00,1.26257,1.2629000000000001,1.2625,1.26277,1152
2024-03-01 07:00:00,1.26275,1.26359,1.26261,1.26309,2153
2024-03-01 08:00:00,1.26312,1.2640799999999999,1.26276,1.26301,2809
2024-03-01 09:00:00,1.263,1.26363,1.26244,1.263,2816
2024-03-01 10:00:00,1.26301,1.2634,1.2617,1.26291,3187
2024-03-01 11:00:00,1.26291,1.26457,1.2628599999999999,1.26423,2432
2024-03-01 12:00:00,1.2642,1.26464,1.26268,1.26296,2158
2024-03-01 13:00:00,1.26298,1.26359,1.2622900000000001,1.263,3625
2024-03-01 14:00:00,1.26299,1.26361,1.25993,1.26004,3480
2024-03-01 15:00:00,1.2601,1.26556,1.2600799999999999,1.26521,6078
2024-03-01 16:00:00,1.26524,1.26545,1.26348,1.26492,2990
2024-03-01 17:00:00,1.26494,1.2659099999999999,1.26467,1.26553,2207
2024-03-01 18:00:00,1.26552,1.26606,1.2648,1.2656800000000001,2314
2024-03-01 19:00:00,1.26571,1.26635,1.2656800000000001,1.26618,1862
2024-03-01 20:00:00,1.26617,1.2662,1.26535,1.26554,1685
2024-03-01 21:00:00,1.26551,1.26565,1.26511,1.26525,1204
2024-03-03 22:00:00,1.26414,1.26513,1.26336,1.26491,780
2024-03-03 23:00:00,1.26524,1.266,1.26519,1.26585,914
2024-03-04 00:00:00,1.26601,1.26658,1.26586,1.26645,1296
2024-03-04 01:00:00,1.26645,1.2665,1.26558,1.2659099999999999,1328
2024-03-04 02:00:00,1.2659,1.26653,1.26556,1.2664900000000001,1099
2024-03-04 03:00:00,1.2664900000000001,1.26658,1.26614,1.26639,894
2024-03-04 04:00:00,1.26639,1.26665,1.26616,1.2662499999999999,652
2024-03-04 05:00:00,1.26624,1.2666,1.26607,1.26617,893
2024-03-04 06:00:00,1.26617,1.26667,1.26603,1.26654,1270
2024-03-04 07:00:00,1.26653,1.26777,1.26626,1.26776,2150
2024-03-04 08:00:00,1.26777,1.26792,1.2665,1.26694,2708
2024-03-04 09:00:00,1.26695,1.26791,1.26655,1.2677,2253
2024-03-04 10:00:00,1.2677,1.26791,1.26724,1.2674699999999999,1998
2024-03-04 11:00:00,1.26748,1.26787,1.26707,1.26768,1712
2024-03-04 12:00:00,1.26768,1.2683,1.26716,1.26741,1972
2024-03-04 13:00:00,1.26742,1.2677800000000001,1.26654,1.26768,2755
2024-03-04 14:00:00,1.2677,1.26924,1.26719,1.26915,2903
2024-03-04 15:00:00,1.26917,1.26994,1.26859,1.26971,2723
2024-03-04 16:00:00,1.26971,1.2705899999999999,1.26918,1.26976,2395
2024-03-04 17:00:00,1.26976,1.27008,1.26905,1.26956,1938
2024-03-04 18:00:00,1.26956,1.2697,1.26907,1.26912,1462
2024-03-04 19:00:00,1.26911,1.26941,1.26894,1.26904,1299
2024-03-04 20:00:00,1.2690299999999999,1.26935,1.26886,1.26898,1481
2024-03-04 21:00:00,1.2690000000000001,1.26912,1.26853,1.26901,725
2024-03-04 22:00:00,1.26904,1.26913,1.26847,1.26878,689
2024-03-04 23:00:00,1.26905,1.26926,1.26886,1.26887,656
2024-03-05 00:00:00,1.26889,1.26941,1.26883,1.26924,921
2024-03-05 01:00:00,1.26924,1.26928,1.26868,1.26898,1508
2024-03-05 02:00:00,1.26898,1.2690299999999999,1.26821,1.26849,1367
2024-03-05 03:00:00,1.26849,1.26902,1.26837,1.26891,1003
2024-03-05 04:00:00,1.26892,1.26902,1.26837,1.26838,871
2024-03-05 05:00:00,1.26837,1.26871,1.26807,1.26828,1185
2024-03-05 06:00:00,1.26828,1.2685,1.2674400000000001,1.26768,1477
2024-03-05 07:00:00,1.26767,1.2680500000000001,1.2671000000000001,1.26762,2106
2024-03-05 08:00:00,1.26765,1.26814,1.26708,1.26741,2665
2024-03-05 09:00:00,1.2674,1.26879,1.26725,1.26849,2177
2024-03-05 10:00:00,1.26848,1.26891,1.26803,1.26849,2053
2024-03-05 11:00:00,1.26847,1.26864,1.26768,1.26775,1991
2024-03-05 12:00:00,1.26777,1.26821,1.26737,1.26795,2100
2024-03-05 13:00:00,1.26795,1.26921,1.26786,1.26906,3011
2024-03-05 14:00:00,1.26908,1.27037,1.26865,1.26962,3591
2024-03-05 15:00:00,1.2696100000000001,1.27344,1.2696100000000001,1.27316,5405
2024-03-05 16:00:00,1.27315,1.27325,1.2705899999999999,1.27095,2954
2024-03-05 17:00:00,1.27092,1.27189,1.27074,1.27107,1981
2024-03-05 18:00:00,1.27107,1.27107,1.27024,1.27047,2036
2024-03-05 19:00:00,1.27046,1.27081,1.26992,1.27017,2031
2024-03-05 20:00:00,1.2701799999999999,1.27062,1.26955,1.27047,1986
2024-03-05 21:00:00,1.27051,1.27071,1.27026,1.2704,987
2024-03-05 22:00:00,1.27043,1.27043,1.2697,1.2699799999999999,1035
2024-03-05 23:00:00,1.27043,1.27073,1.27023,1.27038,671
2024-03-06 00:00:00,1.27041,1.27042,1.26931,1.26966,1207
2024-03-06 01:00:00,1.2696399999999999,1.26975,1.26895,1.26924,1531
2024-03-06 02:00:00,1.26924,1.27005,1.26913,1.26994,1380
2024-03-06 03:00:00,1.26996,1.27004,1.26972,1.26985,1079
2024-03-06 04:00:00,1.26986,1.2702,1.26971,1.27011,934
2024-03-06 05:00:00,1.27014,1.27063,1.27009,1.27029,976
2024-03-06 06:00:00,1.27028,1.27067,1.2702,1.27045,1231
2024-03-06 07:00:00,1.27047,1.27149,1.27027,1.27099,2575
2024-03-06 08:00:00,1.27096,1.27249,1.27082,1.27247,2486
2024-03-06 09:00:00,1.2725,1.27309,1.27197,1.27299,2527
2024-03-06 10:00:00,1.27299,1.27301,1.27156,1.2720500000000001,2294
2024-03-06 11:00:00,1.27203,1.27267,1.27198,1.27225,1908
2024-03-06 12:00:00,1.27226,1.27299,1.27051,1.27069,2449
2024-03-06 13:00:00,1.27071,1.27265,1.27063,1.27238,4713
2024-03-06 14:00:00,1.2723499999999999,1.27278,1.27169,1.27236,3132
2024-03-06 15:00:00,1.27234,1.27472,1.27168,1.27419,4589
2024-03-06 16:00:00,1.2741799999999999,1.27613,1.27377,1.27554,2824
2024-03-06 17:00:00,1.27554,1.27603,1.27383,1.27439,2782
2024-03-06 18:00:00,1.27437,1.2753,1.2742,1.27465,2623
2024-03-06 19:00:00,1.27462,1.27462,1.27359,1.27409,2796
2024-03-06 20:00:00,1.27404,1.27407,1.2732700000000001,1.2738,2094
2024-03-06 21:00:00,1.27379,1.27398,1.27253,1.27304,1206
2024-03-06 22:00:00,1.27304,1.27313,1.27169,1.27169,997
2024-03-06 23:00:00,1.2726600000000001,1.27343,1.2726600000000001,1.2733400000000001,816
2024-03-07 00:00:00,1.27353,1.27392,1.2732700000000001,1.27374,1635
2024-03-07 01:00:00,1.27375,1.27382,1.27276,1.2730000000000001,2485
2024-03-07 02:00:00,1.27298,1.27316,1.27226,1.27297,1748
2024-03-07 03:00:00,1.27292,1.27352,1.27271,1.2733400000000001,1281
2024-03-07 04:00:00,1.27331,1.27399,1.27329,1.27393,1495
2024-03-07 05:00:00,1.27392,1.274,1.27321,1.2733400000000001,1377
2024-03-07 06:00:00,1.27332,1.27404,1.27311,1.2739500000000001,1705
2024-03-07 07:00:00,1.27399,1.27436,1.2732299999999999,1.2735699999999999,2626
2024-03-07 08:00:00,1.2735400000000001,1.27407,1.27315,1.2736399999999999,2890
2024-03-07 09:00:00,1.27369,1.27507,1.27287,1.27494,2547
2024-03-07 10:00:00,1.27493,1.27593,1.27475,1.2759,1932
2024-03-07 11:00:00,1.2759,1.27623,1.27484,1.27539,2258
2024-03-07 12:00:00,1.27539,1.27582,1.27478,1.27501,2159
2024-03-07 13:00:00,1.27504,1.27615,1.27445,1.27515,5021
2024-03-07 14:00:00,1.2751299999999999,1.27722,1.2748300000000001,1.27674,4633
2024-03-07 15:00:00,1.27674,1.27902,1.27626,1.27884,3669
2024-03-07 16:00:00,1.27884,1.27976,1.27832,1.2793,3399
2024-03-07 17:00:00,1.27928,1.2793999999999999,1.27837,1.27914,2127
2024-03-07 18:00:00,1.2791299999999999,1.2808,1.27909,1.28043,2048
2024-03-07 19:00:00,1.28038,1.28071,1.27995,1.28044,2074
2024-03-07 20:00:00,1.28044,1.28106,1.27997,1.28079,1935
2024-03-07 21:00:00,1.28077,1.28101,1.28038,1.28063,977
2024-03-07 22:00:00,1.28063,1.28079,1.2801,1.28039,903
2024-03-07 23:00:00,1.28037,1.28126,1.28037,1.28125,754
2024-03-08 00:00:00,1.28128,1.28196,1.28118,1.28137,1318
2024-03-08 01:00:00,1.28136,1.28159,1.28055,1.28084,1741
2024-03-08 02:00:00,1.28081,1.28118,1.28047,1.28061,1422
2024-03-08 03:00:00,1.28061,1.2808,1.28036,1.28072,1244
2024-03-08 04:00:00,1.28072,1.2812000000000001,1.28055,1.2807,1111
2024-03-08 05:00:00,1.2807,1.2810000000000001,1.28058,1.2808899999999999,1289
2024-03-08 06:00:00,1.2808899999999999,1.28105,1.28038,1.28088,1279
2024-03-08 07:00:00,1.28091,1.28132,1.2800500000000001,1.2803200000000001,2719
2024-03-08 08:00:00,1.2803200000000001,1.282,1.28004,1.28193,2623
2024-03-08 09:00:00,1.28194,1.28289,1.28124,1.28269,2662
2024-03-08 10:00:00,1.28268,1.28397,1.28225,1.28366,2597
2024-03-08 11:00:00,1.28369,1.28369,1.2824200000000001,1.28295,2143
2024-03-08 12:00:00,1.28294,1.28393,1.2825,1.28378,2200
2024-03-08 13:00:00,1.28383,1.28932,1.2825199999999999,1.28634,7658
2024-03-08 14:00:00,1.28633,1.28849,1.28616,1.28782,6164
2024-03-08 15:00:00,1.28785,1.28858,1.28653,1.28799,4022
2024-03-08 16:00:00,1.288,1.28808,1.28429,1.28492,3860
2024-03-08 17:00:00,1.2849599999999999,1.28566,1.28449,1.2848600000000001,3512
2024-03-08 18:00:00,1.2848600000000001,1.28488,1.28407,1.2842500000000001,2514
2024-03-08 19:00:00,1.28424,1.2857,1.28395,1.28562,2199
2024-03-08 20:00:00,1.2856,1.28583,1.2848,1.28504,2129
2024-03-08 21:00:00,1.28502,1.28586,1.28499,1.28586,1294
2024-03-10 21:00:00,1.28551,1.28577,1.28446,1.2851,507
2024-03-10 22:00:00,1.28559,1.28559,1.28452,1.28463,799
2024-03-10 23:00:00,1.28479,1.28558,1.28479,1.28551,1338
2024-03-11 00:00:00,1.28548,1.28601,1.28498,1.28558,1769
2024-03-11 01:00:00,1.28556,1.28616,1.2852999999999999,1.28544,1949
2024-03-11 02:00:00,1.28543,1.28553,1.28472,1.2848,1538
2024-03-11 03:00:00,1.2848,1.28535,1.2845,1.285,1225
2024-03-11 04:00:00,1.28498,1.2852299999999999,1.2847,1.28507,879
2024-03-11 05:00:00,1.28508,1.2852999999999999,1.28468,1.2848600000000001,1275
2024-03-11 06:00:00,1.2848600000000001,1.2854999999999999,1.28472,1.28536,1646
2024-03-11 07:00:00,1.2854,1.28573,1.28426,1.28449,2635
2024-03-11 08:00:00,1.28449,1.2848600000000001,1.28311,1.28361,3073
2024-03-11 09:00:00,1.28363,1.28464,1.2832,1.28415,2300
2024-03-11 10:00:00,1.28414,1.28522,1.28387,1.28461,2100
2024-03-11 11:00:00,1.28465,1.28532,1.28412,1.28502,1884
2024-03-11 12:00:00,1.28502,1.28504,1.28237,1.28237,2568
2024-03-11 13:00:00,1.28236,1.28298,1.28192,1.28237,2855
2024-03-11 14:00:00,1.28237,1.28255,1.28078,1.28153,3120
2024-03-11 15:00:00,1.28152,1.2815699999999999,1.27945,1.28047,3165
2024-03-11 16:00:00,1.28047,1.28107,1.27979,1.28065,2345
2024-03-11 17:00:00,1.2806600000000001,1.2812700000000001,1.28055,1.28081,2323
2024-03-11 18:00:00,1.28081,1.28082,1.27993,1.28063,1846
2024-03-11 19:00:00,1.28063,1.2809599999999999,1.28041,1.28085,1728
2024-03-11 20:00:00,1.28087,1.28135,1.2808,1.28119,787
2024-03-11 21:00:00,1.28108,1.28124,1.28078,1.28087,973
2024-03-11 22:00:00,1.28122,1.28122,1.28092,1.28109,615
2024-03-11 23:00:00,1.28114,1.28189,1.28109,1.28185,762
2024-03-12 00:00:00,1.28174,1.28213,1.28152,1.2815699999999999,1352
2024-03-12 01:00:00,1.2815699999999999,1.28217,1.28131,1.28202,1617
2024-03-12 02:00:00,1.28203,1.2822200000000001,1.2816,1.28211,1770
2024-03-12 03:00:00,1.28208,1.2822,1.2817,1.2818,1245
2024-03-12 04:00:00,1.28182,1.28195,1.28138,1.28185,1146
2024-03-12 05:00:00,1.28186,1.2823,1.28163,1.28199,1431
2024-03-12 06:00:00,1.282,1.28206,1.28134,1.28164,1803
2024-03-12 07:00:00,1.28166,1.28194,1.27888,1.27901,2951
2024-03-12 08:00:00,1.27901,1.27969,1.27758,1.27853,2911
2024-03-12 09:00:00,1.27855,1.27915,1.27796,1.27898,2132
2024-03-12 10:00:00,1.27899,1.27976,1.2784,1.27964,1889
2024-03-12 11:00:00,1.27962,1.27984,1.27887,1.27911,2075
2024-03-12 12:00:00,1.2791000000000001,1.28075,1.27545,1.27713,8020
2024-03-12 13:00:00,1.27714,1.2778399999999999,1.27455,1.27602,6330
2024-03-12 14:00:00,1.27604,1.27771,1.27496,1.27715,3751
2024-03-12 15:00:00,1.27719,1.27887,1.2764199999999999,1.27833,3073
2024-03-12 16:00:00,1.27833,1.27853,1.27758,1.2778100000000001,2529
2024-03-12 17:00:00,1.2778100000000001,1.27848,1.27701,1.27833,2548
2024-03-12 18:00:00,1.27834,1.2791299999999999,1.27817,1.27902,1952
2024-03-12 19:00:00,1.27902,1.27933,1.27853,1.27933,1563
2024-03-12 20:00:00,1.27933,1.27945,1.27912,1.27914,677
2024-03-12 21:00:00,1.27905,1.27917,1.2783,1.2786,867
2024-03-12 22:00:00,1.27924,1.2794699999999999,1.27902,1.27914,460
2024-03-12 23:00:00,1.27919,1.27954,1.27919,1.27946,606
2024-03-13 00:00:00,1.27942,1.27976,1.27922,1.2793700000000001,1270
2024-03-13 01:00:00,1.2793700000000001,1.2796699999999999,1.27914,1.27924,1525
2024-03-13 02:00:00,1.27925,1.27945,1.27908,1.27939,1112
2024-03-13 03:00:00,1.27938,1.27985,1.27918,1.27939,1043
2024-03-13 04:00:00,1.27938,1.27945,1.27891,1.279,1084
2024-03-13 05:00:00,1.27899,1.27933,1.27867,1.27927,1312
2024-03-13 06:00:00,1.27928,1.2795,1.27873,1.27932,1608
2024-03-13 07:00:00,1.27934,1.27961,1.27753,1.27851,2602
2024-03-13 08:00:00,1.2784900000000001,1.28004,1.2784900000000001,1.27925,2302
2024-03-13 09:00:00,1.27922,1.27943,1.27748,1.2775699999999999,2515
2024-03-13 10:00:00,1.27755,1.27909,1.2774,1.27904,2209
2024-03-13 11:00:00,1.27904,1.28086,1.27878,1.28073,2293
2024-03-13 12:00:00,1.28075,1.28086,1.27927,1.27994,2786
2024-03-13 13:00:00,1.27995,1.28052,1.27866,1.27907,2892
2024-03-13 14:00:00,1.27908,1.28055,1.27892,1.28013,3061
2024-03-13 15:00:00,1.28013,1.28029,1.27905,1.27962,2998
2024-03-13 16:00:00,1.27964,1.2799800000000001,1.27905,1.27966,2375
2024-03-13 17:00:00,1.27965,1.28108,1.27959,1.2806600000000001,2613
2024-03-13 18:00:00,1.28064,1.28083,1.27939,1.27939,1558
2024-03-13 19:00:00,1.27939,1.27963,1.27901,1.27957,1466
2024-03-13 20:00:00,1.27957,1.27993,1.2793700000000001,1.27956,803
2024-03-13 21:00:00,1.27952,1.27978,1.27885,1.27885,1002
2024-03-13 22:00:00,1.27988,1.27996,1.2797399999999999,1.2798,620
2024-03-13 23:00:00,1.27985,1.28021,1.27978,1.28007,584
2024-03-14 00:00:00,1.2801,1.2804,1.27949,1.27992,1317
2024-03-14 01:00:00,1.27992,1.28039,1.27956,1.27993,1566
2024-03-14 02:00:00,1.27993,1.2800799999999999,1.2791000000000001,1.27923,1269
2024-03-14 03:00:00,1.27924,1.27962,1.27887,1.27894,1308
2024-03-14 04:00:00,1.27894,1.2791299999999999,1.27863,1.27911,1109
2024-03-14 05:00:00,1.27911,1.27939,1.27878,1.27888,1363
2024-03-14 06:00:00,1.2789,1.27955,1.27881,1.27938,1458
2024-03-14 07:00:00,1.2793700000000001,1.28051,1.2790300000000001,1.28025,2364
2024-03-14 08:00:00,1.2802799999999999,1.2816100000000001,1.28015,1.28068,2467
2024-03-14 09:00:00,1.28071,1.28187,1.2805900000000001,1.28152,1901
2024-03-14 10:00:00,1.28153,1.28224,1.2809300000000001,1.28106,1987
2024-03-14 11:00:00,1.28105,1.28138,1.28065,1.2809599999999999,1757
2024-03-14 12:00:00,1.28099,1.28131,1.27819,1.27946,5601
2024-03-14 13:00:00,1.2794400000000001,1.27963,1.2766899999999999,1.27742,4590
2024-03-14 14:00:00,1.27744,1.2778100000000001,1.27487,1.27546,3865
2024-03-14 15:00:00,1.27541,1.27541,1.27301,1.27461,3533
2024-03-14 16:00:00,1.27464,1.27567,1.27434,1.2748300000000001,2605
2024-03-14 17:00:00,1.2748,1.2754400000000001,1.27423,1.275,2208
2024-03-14 18:00:00,1.27501,1.2753700000000001,1.27447,1.27492,1803
2024-03-14 19:00:00,1.27494,1.27551,1.27432,1.27551,1881
2024-03-14 20:00:00,1.27553,1.2757100000000001,1.27487,1.27497,1058
2024-03-14 21:00:00,1.27494,1.27524,1.27467,1.27467,988
2024-03-14 22:00:00,1.27531,1.27541,1.27489,1.27489,508
2024-03-14 23:00:00,1.27497,1.27503,1.27429,1.27448,775
2024-03-15 00:00:00,1.27448,1.27468,1.27337,1.27363,1553
2024-03-15 01:00:00,1.27362,1.2741500000000001,1.27347,1.2736399999999999,1512
2024-03-15 02:00:00,1.2736399999999999,1.2736399999999999,1.27295,1.27299,1341
2024-03-15 03:00:00,1.27299,1.27372,1.27297,1.27363,1050
2024-03-15 04:00:00,1.27363,1.2738399999999999,1.27356,1.2738,808
2024-03-15 05:00:00,1.27381,1.27402,1.27333,1.27377,836
2024-03-15 06:00:00,1.27378,1.2741500000000001,1.27353,1.27393,1532
2024-03-15 07:00:00,1.27394,1.27448,1.27325,1.27352,2259
2024-03-15 08:00:00,1.27349,1.27441,1.2732700000000001,1.27381,2570
2024-03-15 09:00:00,1.27382,1.27532,1.27363,1.2751299999999999,2185
2024-03-15 10:00:00,1.27516,1.27568,1.27499,1.27511,1808
2024-03-15 11:00:00,1.27511,1.2758,1.2747,1.27539,1720
2024-03-15 12:00:00,1.2753700000000001,1.27567,1.27417,1.27478,2931
2024-03-15 13:00:00,1.27478,1.27568,1.2742499999999999,1.27444,3115
2024-03-15 14:00:00,1.27446,1.2753,1.27396,1.27426,3354
2024-03-15 15:00:00,1.27428,1.27432,1.27313,1.27387,2621
2024-03-15 16:00:00,1.27387,1.27394,1.2729,1.27301,2365
2024-03-15 17:00:00,1.2730000000000001,1.27324,1.27246,1.27288,1782
2024-03-15 18:00:00,1.27289,1.27392,1.27287,1.27383,1582
2024-03-15 19:00:00,1.2738399999999999,1.27402,1.27333,1.2738,1435
2024-03-15 20:00:00,1.2738,1.27389,1.27337,1.27342,919
2024-03-17 21:00:00,1.27198,1.2728,1.27152,1.27273,540
2024-03-17 22:00:00,1.27332,1.2736100000000001,1.2730299999999999,1.27335,704
2024-03-17 23:00:00,1.27337,1.27341,1.2729,1.27307,865
2024-03-18 00:00:00,1.27307,1.27338,1.2726600000000001,1.27306,1219
2024-03-18 01:00:00,1.27306,1.27337,1.27259,1.27331,1390
2024-03-18 02:00:00,1.2733400000000001,1.27373,1.27315,1.27341,1150
2024-03-18 03:00:00,1.2734,1.27362,1.27257,1.27263,915
2024-03-18 04:00:00,1.27263,1.27316,1.2726199999999999,1.27306,830
2024-03-18 05:00:00,1.27309,1.27337,1.27283,1.27324,947
2024-03-18 06:00:00,1.27324,1.27355,1.27312,1.27336,1158
2024-03-18 07:00:00,1.27339,1.27417,1.27331,1.27406,1572
2024-03-18 08:00:00,1.27406,1.27461,1.27373,1.27444,2052
2024-03-18 09:00:00,1.27446,1.27459,1.27344,1.27347,1752
2024-03-18 10:00:00,1.27345,1.27377,1.2726899999999999,1.2736100000000001,1663
2024-03-18 11:00:00,1.2736,1.27439,1.27356,1.2742,1585
2024-03-18 12:00:00,1.2742,1.2745199999999999,1.27306,1.27353,2193
2024-03-18 13:00:00,1.27352,1.27374,1.27306,1.27328,2217
2024-03-18 14:00:00,1.27328,1.27375,1.27236,1.27247,2632
2024-03-18 15:00:00,1.27247,1.27342,1.27216,1.27318,2434
2024-03-18 16:00:00,1.27317,1.2732700000000001,1.27187,1.27253,2216
2024-03-18 17:00:00,1.27255,1.27281,1.27172,1.2724,1708
2024-03-18 18:00:00,1.2724199999999999,1.27289,1.27214,1.27288,1209
2024-03-18 19:00:00,1.27289,1.27311,1.2723499999999999,1.2726199999999999,1232
2024-03-18 20:00:00,1.27265,1.2729,1.27245,1.2726,840
2024-03-18 21:00:00,1.27261,1.27282,1.27229,1.27229,928
2024-03-18 22:00:00,1.27277,1.27286,1.27247,1.2725,829
2024-03-18 23:00:00,1.27255,1.2727,1.27236,1.27259,695
2024-03-19 00:00:00,1.2726,1.27274,1.27189,1.27195,1245
2024-03-19 01:00:00,1.27195,1.27217,1.27131,1.2717800000000001,1530
2024-03-19 02:00:00,1.27177,1.27259,1.27176,1.27225,1203
2024-03-19 03:00:00,1.27225,1.27282,1.27177,1.27217,2428
2024-03-19 04:00:00,1.27219,1.27249,1.2711999999999999,1.27173,1900
2024-03-19 05:00:00,1.27173,1.27186,1.27068,1.2707899999999999,1654
2024-03-19 06:00:00,1.27084,1.27115,1.27013,1.27095,2179
2024-03-19 07:00:00,1.27096,1.27096,1.26943,1.26984,2473
2024-03-19 08:00:00,1.26986,1.27012,1.26833,1.26891,2705
2024-03-19 09:00:00,1.26892,1.26918,1.26669,1.2671000000000001,2465
2024-03-19 10:00:00,1.26712,1.2684,1.26701,1.26809,2266
2024-03-19 11:00:00,1.26806,1.26942,1.26802,1.26916,1668
2024-03-19 12:00:00,1.26918,1.27084,1.26895,1.26992,2533
2024-03-19 13:00:00,1.26989,1.27071,1.26933,1.26983,2459
2024-03-19 14:00:00,1.26982,1.27158,1.26959,1.27143,2306
2024-03-19 15:00:00,1.27145,1.27145,1.27019,1.27101,2071
2024-03-19 16:00:00,1.27099,1.27255,1.27078,1.27247,2006
2024-03-19 17:00:00,1.2725,1.27324,1.27214,1.27289,1837
2024-03-19 18:00:00,1.27289,1.27295,1.2720500000000001,1.27218,1297
2024-03-19 19:00:00,1.27218,1.27265,1.27199,1.27211,1317
2024-03-19 20:00:00,1.27207,1.27218,1.27185,1.27202,914
2024-03-19 21:00:00,1.27202,1.27214,1.27168,1.27168,751
2024-03-19 22:00:00,1.27206,1.27222,1.27191,1.27204,593
2024-03-19 23:00:00,1.2721,1.27225,1.2717399999999999,1.2717399999999999,804
2024-03-20 00:00:00,1.2717399999999999,1.27185,1.27099,1.27168,1161
2024-03-20 01:00:00,1.2717,1.27184,1.27133,1.27158,1431
2024-03-20 02:00:00,1.27158,1.27203,1.27133,1.272,1121
2024-03-20 03:00:00,1.27202,1.27238,1.2718,1.2723,1237
2024-03-20 04:00:00,1.2723200000000001,1.2724199999999999,1.27175,1.27184,1139
2024-03-20 05:00:00,1.27184,1.27215,1.27166,1.27185,1363
2024-03-20 06:00:00,1.27182,1.2724,1.27115,1.27141,1424
2024-03-20 07:00:00,1.2713700000000001,1.2729300000000001,1.2699,1.27135,2698
2024-03-20 08:00:00,1.27134,1.27139,1.26955,1.27032,2204
2024-03-20 09:00:00,1.27032,1.2704,1.26864,1.26921,2131
2024-03-20 10:00:00,1.26921,1.26981,1.26899,1.26946,1873
2024-03-20 11:00:00,1.26944,1.26984,1.26911,1.2692999999999999,1633
2024-03-20 12:00:00,1.26929,1.26949,1.26837,1.2692999999999999,2046
2024-03-20 13:00:00,1.26931,1.27002,1.26861,1.26996,2071
2024-03-20 14:00:00,1.26996,1.27092,1.26972,1.27045,2273
2024-03-20 15:00:00,1.27044,1.27125,1.27041,1.27099,1850
2024-03-20 16:00:00,1.27098,1.27187,1.27085,1.27173,1723
2024-03-20 17:00:00,1.2717399999999999,1.27209,1.27122,1.2718,1712
2024-03-20 18:00:00,1.27179,1.27795,1.27153,1.2779099999999999,13316
2024-03-20 19:00:00,1.27792,1.27861,1.2765900000000001,1.2782200000000001,5017
2024-03-20 20:00:00,1.27821,1.27866,1.27801,1.2784900000000001,1469
2024-03-20 21:00:00,1.27846,1.27847,1.27803,1.27808,694
2024-03-20 22:00:00,1.27837,1.2792,1.27833,1.27917,898
2024-03-20 23:00:00,1.27922,1.27976,1.27908,1.27976,1000
2024-03-21 00:00:00,1.27972,1.27973,1.27882,1.2793700000000001,2074
2024-03-21 01:00:00,1.2793700000000001,1.28021,1.27932,1.2795,2035
2024-03-21 02:00:00,1.27948,1.27984,1.2792,1.2795,1557
2024-03-21 03:00:00,1.27951,1.27979,1.27933,1.27955,1521
2024-03-21 04:00:00,1.27955,1.27963,1.27888,1.27891,1207
2024-03-21 05:00:00,1.27891,1.27963,1.27877,1.27887,1359
2024-03-21 06:00:00,1.27888,1.27958,1.27885,1.2793700000000001,1754
2024-03-21 07:00:00,1.27935,1.2802799999999999,1.27829,1.27846,2257
2024-03-21 08:00:00,1.2784200000000001,1.279,1.27616,1.27646,4170
2024-03-21 09:00:00,1.27648,1.27838,1.27618,1.27712,2985
2024-03-21 10:00:00,1.27712,1.2784200000000001,1.27646,1.2766,2230
2024-03-21 11:00:00,1.27657,1.27678,1.27434,1.27471,2212
2024-03-21 12:00:00,1.27474,1.27493,1.27233,1.2735,4378
2024-03-21 13:00:00,1.27351,1.2736100000000001,1.27062,1.27091,3758
2024-03-21 14:00:00,1.27089,1.27099,1.2689300000000001,1.2701799999999999,4195
2024-03-21 15:00:00,1.27017,1.27017,1.2658,1.26669,3502
2024-03-21 16:00:00,1.26667,1.26727,1.26617,1.26643,2346
2024-03-21 17:00:00,1.26643,1.26702,1.2652700000000001,1.26552,2220
2024-03-21 18:00:00,1.26554,1.2663,1.26546,1.26577,1723
2024-03-21 19:00:00,1.26575,1.26583,1.26497,1.26506,1560
2024-03-21 20:00:00,1.26505,1.26575,1.2650000000000001,1.2656100000000001,968
2024-03-21 21:00:00,1.26556,1.26566,1.2650299999999999,1.2650299999999999,918
2024-03-21 22:00:00,1.26552,1.26559,1.26521,1.26549,350
2024-03-21 23:00:00,1.26571,1.26627,1.26548,1.26602,672
2024-03-22 00:00:00,1.26601,1.2674,1.2659500000000001,1.26726,1417
2024-03-22 01:00:00,1.26726,1.26745,1.2650299999999999,1.26515,2018
2024-03-22 02:00:00,1.26515,1.26539,1.2638,1.26393,2009
2024-03-22 03:00:00,1.26392,1.26447,1.26338,1.26421,1598
2024-03-22 04:00:00,1.2642,1.2643,1.26392,1.26413,1305
2024-03-22 05:00:00,1.26413,1.26449,1.26337,1.26421,1528
2024-03-22 06:00:00,1.26421,1.26421,1.26219,1.2625,1938
2024-03-22 07:00:00,1.26247,1.26295,1.25982,1.2606600000000001,2867
2024-03-22 08:00:00,1.26064,1.26085,1.25845,1.25972,2652
2024-03-22 09:00:00,1.25975,1.26021,1.25836,1.25869,2440
2024-03-22 10:00:00,1.25868,1.25871,1.25746,1.25831,2147
2024-03-22 11:00:00,1.25831,1.25881,1.25762,1.2583199999999999,1911
2024-03-22 12:00:00,1.2582900000000001,1.26203,1.25812,1.26189,3050
2024-03-22 13:00:00,1.26189,1.2622,1.2606899999999999,1.26199,2750
2024-03-22 14:00:00,1.26202,1.26235,1.26004,1.2606,2710
2024-03-22 15:00:00,1.26058,1.26072,1.25943,1.26,2395
2024-03-22 16:00:00,1.25998,1.26058,1.25931,1.25946,2186
2024-03-22 17:00:00,1.2594400000000001,1.25989,1.25868,1.25918,1649
2024-03-22 18:00:00,1.25915,1.25952,1.25892,1.2591,1256
2024-03-22 19:00:00,1.25906,1.25942,1.25852,1.25938,1364
2024-03-22 20:00:00,1.2594,1.26007,1.25915,1.25996,1092
2024-03-24 21:00:00,1.25813,1.2593,1.25801,1.25925,931
2024-03-24 22:00:00,1.25993,1.25993,1.25912,1.2596,481
2024-03-24 23:00:00,1.25968,1.25995,1.25952,1.25979,803
2024-03-25 00:00:00,1.2597,1.26014,1.25911,1.2594,1171
2024-03-25 01:00:00,1.2594,1.26135,1.2594,1.26126,2177
2024-03-25 02:00:00,1.26128,1.26166,1.26098,1.26147,1122
2024-03-25 03:00:00,1.2615,1.26153,1.2603900000000001,1.26059,1130
2024-03-25 04:00:00,1.2606,1.26068,1.26035,1.26052,754
2024-03-25 05:00:00,1.26052,1.2613699999999999,1.26048,1.26131,1167
2024-03-25 06:00:00,1.2612999999999999,1.2613400000000001,1.26044,1.26065,1194
2024-03-25 07:00:00,1.2606,1.26097,1.25989,1.26021,1809
2024-03-25 08:00:00,1.2602,1.26163,1.25945,1.2608,2342
2024-03-25 09:00:00,1.2608,1.26169,1.25994,1.26139,1937
2024-03-25 10:00:00,1.2613699999999999,1.26262,1.26126,1.2624900000000001,1804
2024-03-25 11:00:00,1.26246,1.26392,1.2622200000000001,1.26357,1761
2024-03-25 12:00:00,1.26357,1.26461,1.2635399999999999,1.26375,2077
2024-03-25 13:00:00,1.26373,1.26484,1.26357,1.26445,2084
2024-03-25 14:00:00,1.26443,1.26517,1.26404,1.26461,2020
2024-03-25 15:00:00,1.26463,1.26477,1.26361,1.2643499999999999,1757
2024-03-25 16:00:00,1.2643499999999999,1.26446,1.26364,1.26385,1376
2024-03-25 17:00:00,1.26385,1.26417,1.2634699999999999,1.26391,1185
2024-03-25 18:00:00,1.26393,1.26403,1.26355,1.2637399999999999,929
2024-03-25 19:00:00,1.26377,1.26396,1.26348,1.26379,931
2024-03-25 20:00:00,1.2637800000000001,1.26384,1.2635,1.2635100000000001,664
2024-03-25 21:00:00,1.26348,1.26365,1.2631000000000001,1.26325,951
2024-03-25 22:00:00,1.26361,1.2638099999999999,1.26356,1.26359,482
2024-03-25 23:00:00,1.26362,1.26384,1.26357,1.2636,451
2024-03-26 00:00:00,1.2636,1.26427,1.26336,1.26417,985
2024-03-26 01:00:00,1.2641499999999999,1.2646600000000001,1.2638,1.26416,1729
2024-03-26 02:00:00,1.26416,1.26462,1.26397,1.2641,1274
2024-03-26 03:00:00,1.2641,1.26441,1.26355,1.26368,1080
2024-03-26 04:00:00,1.26369,1.26427,1.26363,1.26413,943
2024-03-26 05:00:00,1.2641200000000001,1.2647300000000001,1.26396,1.26455,1081
2024-03-26 06:00:00,1.26453,1.26585,1.26444,1.2653699999999999,1304
2024-03-26 07:00:00,1.26536,1.26554,1.26477,1.2650000000000001,1681
2024-03-26 08:00:00,1.26498,1.26548,1.26429,1.26488,1935
2024-03-26 09:00:00,1.26489,1.26631,1.26395,1.26538,2569
2024-03-26 10:00:00,1.2653699999999999,1.26674,1.26531,1.2656100000000001,1835
2024-03-26 11:00:00,1.2656,1.2662200000000001,1.26505,1.26528,1835
2024-03-26 12:00:00,1.2652999999999999,1.2656,1.26376,1.26397,2436
2024-03-26 13:00:00,1.26396,1.26489,1.26345,1.26421,2312
2024-03-26 14:00:00,1.26416,1.2645,1.26234,1.26326,2724
2024-03-26 15:00:00,1.26329,1.26382,1.26228,1.26278,2397
2024-03-26 16:00:00,1.26278,1.26342,1.26213,1.2629000000000001,2053
2024-03-26 17:00:00,1.26288,1.26349,1.26263,1.26263,1547
2024-03-26 18:00:00,1.26264,1.26318,1.2624900000000001,1.26271,1068
2024-03-26 19:00:00,1.26271,1.2631999999999999,1.2623,1.2623199999999999,1118
2024-03-26 20:00:00,1.2623199999999999,1.2628,1.26224,1.26267,934
2024-03-26 21:00:00,1.2627,1.2628599999999999,1.26211,1.2625600000000001,1147
2024-03-26 22:00:00,1.26291,1.26298,1.26267,1.26273,537
2024-03-26 23:00:00,1.26276,1.2628599999999999,1.26255,1.26273,472
2024-03-27 00:00:00,1.26274,1.26274,1.26177,1.26209,1158
2024-03-27 01:00:00,1.26206,1.2622499999999999,1.26113,1.26159,1593
2024-03-27 02:00:00,1.2616100000000001,1.26172,1.2610999999999999,1.26133,1104
2024-03-27 03:00:00,1.26133,1.2617099999999999,1.26082,1.2613400000000001,1249
2024-03-27 04:00:00,1.26135,1.26179,1.2612999999999999,1.2617099999999999,819
2024-03-27 05:00:00,1.2617099999999999,1.2617099999999999,1.26125,1.26136,890
2024-03-27 06:00:00,1.26133,1.26206,1.26125,1.26199,1512
2024-03-27 07:00:00,1.26196,1.2631299999999999,1.26157,1.2629299999999999,2217
2024-03-27 08:00:00,1.26295,1.26312,1.26158,1.26214,1786
2024-03-27 09:00:00,1.26214,1.26371,1.26187,1.26257,2725
2024-03-27 10:00:00,1.26258,1.26359,1.26236,1.26325,1957
2024-03-27 11:00:00,1.26323,1.26379,1.2610299999999999,1.26152,1999
2024-03-27 12:00:00,1.2615,1.26207,1.26075,1.26157,2194
2024-03-27 13:00:00,1.26157,1.26184,1.2604899999999999,1.2617099999999999,2458
2024-03-27 14:00:00,1.26174,1.26291,1.26131,1.26216,2317
2024-03-27 15:00:00,1.26213,1.26295,1.26197,1.2628300000000001,2186
2024-03-27 16:00:00,1.26281,1.26326,1.26224,1.26304,1824
2024-03-27 17:00:00,1.26303,1.2634,1.2624,1.26278,1657
2024-03-27 18:00:00,1.26277,1.26331,1.26263,1.26319,1185
2024-03-27 19:00:00,1.26321,1.26376,1.26301,1.26368,1064
2024-03-27 20:00:00,1.26368,1.2640500000000001,1.26364,1.26376,631
2024-03-27 21:00:00,1.26384,1.26384,1.26314,1.26314,759
2024-03-27 22:00:00,1.26365,1.26366,1.2613699999999999,1.2616100000000001,1058
2024-03-27 23:00:00,1.26167,1.26211,1.2614,1.26163,838
2024-03-28 00:00:00,1.26165,1.26262,1.26104,1.2625199999999999,1455
2024-03-28 01:00:00,1.2625199999999999,1.26266,1.2619799999999999,1.2625,1559
2024-03-28 02:00:00,1.2625,1.26343,1.26245,1.2629000000000001,1367
2024-03-28 03:00:00,1.26288,1.26336,1.26264,1.26269,1091
2024-03-28 04:00:00,1.26269,1.26314,1.26263,1.26302,772
2024-03-28 05:00:00,1.26303,1.26366,1.26292,1.26307,987
2024-03-28 06:00:00,1.26309,1.26311,1.26231,1.2628,1215
2024-03-28 07:00:00,1.26282,1.26285,1.26109,1.26157,1978
2024-03-28 08:00:00,1.26159,1.2616399999999999,1.26023,1.26057,1872
2024-03-28 09:00:00,1.26062,1.2606899999999999,1.25854,1.25926,1911
2024-03-28 10:00:00,1.2592400000000001,1.26208,1.25906,1.26141,2131
2024-03-28 11:00:00,1.2614,1.26254,1.2610700000000001,1.26116,1680
2024-03-28 12:00:00,1.26116,1.2642,1.26105,1.264,3002
2024-03-28 13:00:00,1.26399,1.26514,1.26301,1.26456,3285
2024-03-28 14:00:00,1.26462,1.26539,1.26315,1.26349,3433
2024-03-28 15:00:00,1.2634699999999999,1.26383,1.26212,1.26309,3116
2024-03-28 16:00:00,1.26312,1.26446,1.26262,1.26338,2457
2024-03-28 17:00:00,1.26339,1.26371,1.26231,1.26248,1749
2024-03-28 18:00:00,1.26248,1.2628300000000001,1.26151,1.26217,1420
2024-03-28 19:00:00,1.26215,1.26233,1.2618800000000001,1.26203,1375
2024-03-28 20:00:00,1.26203,1.26242,1.26173,1.26228,894
2024-03-28 21:00:00,1.26231,1.26231,1.2616,1.26176,1219
2024-03-28 22:00:00,1.26209,1.2626,1.26204,1.26237,652
2024-03-28 23:00:00,1.26241,1.26267,1.26212,1.26217,1495
2024-03-29 00:00:00,1.26213,1.26268,1.26184,1.26251,609
2024-03-29 01:00:00,1.2625,1.26304,1.26234,1.2624,469
2024-03-29 02:00:00,1.2624,1.26241,1.26154,1.2619,1199
2024-03-29 03:00:00,1.2619,1.26236,1.26186,1.2622,386
2024-03-29 04:00:00,1.2622,1.26242,1.26214,1.2622,435
2024-03-29 05:00:00,1.2622,1.26224,1.2617,1.2618800000000001,407
2024-03-29 06:00:00,1.2618800000000001,1.26223,1.26178,1.26181,423
2024-03-29 07:00:00,1.26181,1.2626,1.26167,1.26178,501
2024-03-29 08:00:00,1.26178,1.26254,1.26174,1.26253,482
2024-03-29 09:00:00,1.26253,1.26263,1.26112,1.26123,446
2024-03-29 10:00:00,1.26119,1.2616100000000001,1.26079,1.26105,971
2024-03-29 11:00:00,1.26105,1.26175,1.26043,1.26095,839
2024-03-29 12:00:00,1.26095,1.26296,1.26058,1.2626,869
2024-03-29 13:00:00,1.2626,1.264,1.26258,1.26373,627
2024-03-29 14:00:00,1.2637399999999999,1.2637399999999999,1.26261,1.2631999999999999,781
2024-03-29 15:00:00,1.26322,1.26338,1.2626,1.26312,774
2024-03-29 16:00:00,1.26312,1.26312,1.26226,1.26226,527
2024-03-29 17:00:00,1.26233,1.26243,1.26113,1.26154,322
2024-03-29 18:00:00,1.26153,1.26153,1.26106,1.26131,241
2024-03-29 19:00:00,1.26131,1.2617099999999999,1.2610999999999999,1.26126,434
2024-03-29 20:00:00,1.26126,1.262,1.26101,1.26151,802
2024-03-31 21:00:00,1.26062,1.26265,1.26062,1.2623199999999999,782
2024-03-31 22:00:00,1.26281,1.26406,1.26241,1.26254,1144
2024-03-31 23:00:00,1.26254,1.2638099999999999,1.26243,1.2635399999999999,1177
2024-04-01 00:00:00,1.2637,1.2641499999999999,1.26334,1.26346,1890
2024-04-01 01:00:00,1.26346,1.26388,1.2626,1.2627,1534
2024-04-01 02:00:00,1.26267,1.2631999999999999,1.26253,1.26294,1055
2024-04-01 03:00:00,1.26295,1.2634400000000001,1.2624900000000001,1.26335,1049
2024-04-01 04:00:00,1.26335,1.26349,1.26269,1.26292,1017
2024-04-01 05:00:00,1.26291,1.26301,1.2622499999999999,1.26277,1053
2024-04-01 06:00:00,1.26275,1.26287,1.26217,1.26264,1515
2024-04-01 07:00:00,1.26265,1.2631299999999999,1.2617099999999999,1.26201,1345
2024-04-01 08:00:00,1.26201,1.26272,1.26158,1.26217,1457
2024-04-01 09:00:00,1.26216,1.26239,1.26183,1.26196,1141
2024-04-01 10:00:00,1.26196,1.26202,1.26085,1.26112,1256
2024-04-01 11:00:00,1.26112,1.2616399999999999,1.26082,1.2614,1241
2024-04-01 12:00:00,1.26138,1.2616,1.26023,1.26114,1968
2024-04-01 13:00:00,1.26115,1.26131,1.25957,1.26016,2449
2024-04-01 14:00:00,1.2598799999999999,1.26007,1.25577,1.25623,3777
2024-04-01 15:00:00,1.25624,1.25635,1.25391,1.2542,2156
2024-04-01 16:00:00,1.2542,1.25474,1.25404,1.25449,1262
2024-04-01 17:00:00,1.25448,1.25497,1.25448,1.25484,1163
2024-04-01 18:00:00,1.25488,1.25492,1.25412,1.25421,1142
2024-04-01 19:00:00,1.25423,1.25476,1.25416,1.2547,1264
2024-04-01 20:00:00,1.2547,1.25511,1.25455,1.25495,657
2024-04-01 21:00:00,1.2549299999999999,1.25506,1.25384,1.25384,779
2024-04-01 22:00:00,1.2549299999999999,1.25539,1.25473,1.25473,457
2024-04-01 23:00:00,1.25477,1.25491,1.2542499999999999,1.25454,826
2024-04-02 00:00:00,1.25455,1.25479,1.25408,1.25467,1569
2024-04-02 01:00:00,1.25467,1.25489,1.25403,1.2545,1703
2024-04-02 02:00:00,1.25449,1.25464,1.25404,1.2546,1097
2024-04-02 03:00:00,1.2546,1.25472,1.25404,1.25409,839
2024-04-02 04:00:00,1.25412,1.25455,1.2540200000000001,1.25441,664
2024-04-02 05:00:00,1.25441,1.25477,1.25404,1.25414,1105
2024-04-02 06:00:00,1.25414,1.25489,1.25389,1.25489,1942
2024-04-02 07:00:00,1.25489,1.25567,1.25468,1.25535,2409
2024-04-02 08:00:00,1.25534,1.25641,1.25475,1.2561200000000001,2299
2024-04-02 09:00:00,1.2561200000000001,1.25732,1.25607,1.25683,1944
2024-04-02 10:00:00,1.25683,1.25691,1.2558799999999999,1.25668,1855
2024-04-02 11:00:00,1.25666,1.25754,1.25605,1.25726,1962
2024-04-02 12:00:00,1.25725,1.25762,1.2554,1.25566,2517
2024-04-02 13:00:00,1.25565,1.25627,1.25518,1.25609,2958
2024-04-02 14:00:00,1.25613,1.25759,1.2555399999999999,1.25653,4076
2024-04-02 15:00:00,1.25656,1.2577099999999999,1.25635,1.25733,2478
2024-04-02 16:00:00,1.25731,1.25765,1.25688,1.2570999999999999,1520
2024-04-02 17:00:00,1.2570999999999999,1.25735,1.25657,1.25732,1297
2024-04-02 18:00:00,1.25732,1.25746,1.25667,1.25686,1071
2024-04-02 19:00:00,1.25686,1.25767,1.25663,1.25763,991
2024-04-02 20:00:00,1.25762,1.25778,1.25739,1.2577,607
2024-04-02 21:00:00,1.25757,1.25765,1.2572,1.2572,493
2024-04-02 22:00:00,1.25788,1.25803,1.25732,1.25739,660
2024-04-02 23:00:00,1.25743,1.2576100000000001,1.25721,1.2576,682
2024-04-03 00:00:00,1.25754,1.25762,1.25695,1.25725,1306
2024-04-03 01:00:00,1.25724,1.25744,1.25665,1.25727,1427
2024-04-03 02:00:00,1.25726,1.2576399999999999,1.25706,1.25725,1096
2024-04-03 03:00:00,1.25725,1.258,1.25723,1.25784,978
2024-04-03 04:00:00,1.25784,1.25824,1.25774,1.25783,843
2024-04-03 05:00:00,1.25783,1.25811,1.25754,1.25774,1130
2024-04-03 06:00:00,1.25773,1.25788,1.25696,1.25739,1731
2024-04-03 07:00:00,1.25739,1.25746,1.25621,1.25652,2171
2024-04-03 08:00:00,1.2565,1.25823,1.25638,1.25766,1811
2024-04-03 09:00:00,1.25767,1.25878,1.25719,1.25724,1937
2024-04-03 10:00:00,1.25722,1.25794,1.25668,1.2576100000000001,1886
2024-04-03 11:00:00,1.2576399999999999,1.25836,1.25736,1.25774,1861
2024-04-03 12:00:00,1.25772,1.25824,1.25674,1.25724,3055
2024-04-03 13:00:00,1.25726,1.25787,1.2566899999999999,1.25732,2981
2024-04-03 14:00:00,1.25742,1.26242,1.25736,1.26183,5496
2024-04-03 15:00:00,1.26184,1.26352,1.26151,1.2631999999999999,2500
2024-04-03 16:00:00,1.26324,1.26504,1.26247,1.26451,2882
2024-04-03 17:00:00,1.26451,1.26509,1.26394,1.26472,1856
2024-04-03 18:00:00,1.2647,1.26553,1.26459,1.26526,1345
2024-04-03 19:00:00,1.26526,1.26539,1.26446,1.26487,1404
2024-04-03 20:00:00,1.26489,1.26529,1.26475,1.26507,701
2024-04-03 21:00:00,1.26505,1.26508,1.26451,1.26451,818
2024-04-03 22:00:00,1.26495,1.26535,1.2649,1.26521,483
2024-04-03 23:00:00,1.26526,1.26556,1.26502,1.26511,691
2024-04-04 00:00:00,1.26506,1.26542,1.2644,1.26519,1441
2024-04-04 01:00:00,1.2652,1.26531,1.26481,1.26485,1151
2024-04-04 02:00:00,1.26485,1.2652,1.26462,1.2649599999999999,1010
2024-04-04 03:00:00,1.2649599999999999,1.26536,1.26481,1.26518,853
2024-04-04 04:00:00,1.26518,1.26552,1.26515,1.26518,982
2024-04-04 05:00:00,1.26519,1.26596,1.2650299999999999,1.26516,1098
2024-04-04 06:00:00,1.26518,1.26606,1.26507,1.26526,1714
2024-04-04 07:00:00,1.26528,1.26692,1.26506,1.2662200000000001,2390
2024-04-04 08:00:00,1.2662200000000001,1.2665,1.26549,1.2662900000000001,2186
2024-04-04 09:00:00,1.2662499999999999,1.26685,1.26556,1.26637,1782
2024-04-04 10:00:00,1.26638,1.26647,1.26574,1.26603,1542
2024-04-04 11:00:00,1.26602,1.2662,1.2647300000000001,1.26501,1770
2024-04-04 12:00:00,1.26501,1.26691,1.26474,1.2668,2551
2024-04-04 13:00:00,1.26681,1.26831,1.26611,1.26718,2701
2024-04-04 14:00:00,1.2671700000000001,1.26811,1.26655,1.26682,2513
2024-04-04 15:00:00,1.26678,1.26703,1.2662,1.2665899999999999,1646
2024-04-04 16:00:00,1.26662,1.26727,1.26648,1.26654,1177
2024-04-04 17:00:00,1.26654,1.26695,1.26631,1.26639,1190
2024-04-04 18:00:00,1.26639,1.2664,1.26444,1.26504,2792
2024-04-04 19:00:00,1.26504,1.26514,1.2634699999999999,1.26377,3389
2024-04-04 20:00:00,1.2638,1.26436,1.26345,1.26402,935
2024-04-04 21:00:00,1.26401,1.26409,1.26366,1.2638099999999999,820
2024-04-04 22:00:00,1.2641,1.2644199999999999,1.26388,1.26399,783
2024-04-04 23:00:00,1.26402,1.26447,1.26384,1.26391,916
2024-04-05 00:00:00,1.26387,1.2648,1.26356,1.26464,1852
2024-04-05 01:00:00,1.26462,1.2646899999999999,1.2624900000000001,1.26266,1930
2024-04-05 02:00:00,1.26267,1.26279,1.26209,1.26241,1348
2024-04-05 03:00:00,1.26242,1.2626,1.26223,1.26254,1070
2024-04-05 04:00:00,1.26254,1.26262,1.26236,1.2625,827
2024-04-05 05:00:00,1.2625,1.26276,1.262,1.26241,1120
2024-04-05 06:00:00,1.26238,1.2627,1.2613699999999999,1.26209,2074
2024-04-05 07:00:00,1.26207,1.2631000000000001,1.26186,1.26263,2363
2024-04-05 08:00:00,1.26262,1.264,1.26208,1.2636,2278
2024-04-05 09:00:00,1.26362,1.26402,1.26324,1.2634,1946
2024-04-05 10:00:00,1.26336,1.26371,1.2629299999999999,1.2633,1529
2024-04-05 11:00:00,1.26329,1.26361,1.26258,1.26318,1682
2024-04-05 12:00:00,1.26316,1.26444,1.25819,1.25941,6031
2024-04-05 13:00:00,1.25941,1.25998,1.25738,1.2594699999999999,5004
2024-04-05 14:00:00,1.2594699999999999,1.26205,1.25858,1.26144,4517
2024-04-05 15:00:00,1.26145,1.26336,1.26089,1.263,2882
2024-04-05 16:00:00,1.26299,1.26349,1.2625600000000001,1.2634,1957
2024-04-05 17:00:00,1.26342,1.2638099999999999,1.26307,1.26343,1748
2024-04-05 18:00:00,1.26343,1.26401,1.26315,1.26338,1711
2024-04-05 19:00:00,1.26338,1.2638099999999999,1.2631000000000001,1.26341,1643
2024-04-05 20:00:00,1.26343,1.26379,1.26325,1.26373,783
2024-04-07 21:00:00,1.26133,1.26305,1.26133,1.26266,817
2024-04-07 22:00:00,1.26295,1.26331,1.2619500000000001,1.26218,819
2024-04-07 23:00:00,1.26217,1.2627,1.26209,1.26234,959
2024-04-08 00:00:00,1.26236,1.26236,1.26141,1.2616100000000001,2164
2024-04-08 01:00:00,1.26157,1.26285,1.26151,1.26268,2339
2024-04-08 02:00:00,1.26269,1.26391,1.26257,1.26369,2115
2024-04-08 03:00:00,1.26369,1.26391,1.26278,1.26301,1690
2024-04-08 04:00:00,1.26301,1.26323,1.26271,1.26289,1264
2024-04-08 05:00:00,1.2629000000000001,1.2634,1.26273,1.26296,1607
2024-04-08 06:00:00,1.26298,1.26342,1.2624,1.2631299999999999,2390
2024-04-08 07:00:00,1.26314,1.26314,1.26202,1.26267,2555
2024-04-08 08:00:00,1.26267,1.26319,1.2618,1.26215,2517
2024-04-08 09:00:00,1.26213,1.26282,1.26149,1.26257,2022
2024-04-08 10:00:00,1.2625600000000001,1.26358,1.26228,1.26331,1794
2024-04-08 11:00:00,1.2633,1.26334,1.26176,1.2618800000000001,1916
2024-04-08 12:00:00,1.26187,1.26278,1.2612700000000001,1.26255,2545
2024-04-08 13:00:00,1.2625600000000001,1.26494,1.2625600000000001,1.26452,3184
2024-04-08 14:00:00,1.26451,1.26512,1.26349,1.26459,3515
2024-04-08 15:00:00,1.26459,1.26556,1.26418,1.26525,2553
2024-04-08 16:00:00,1.26526,1.26526,1.26428,1.2647599999999999,1915
2024-04-08 17:00:00,1.26478,1.26628,1.26467,1.26586,1704
2024-04-08 18:00:00,1.26586,1.26635,1.26547,1.26571,1560
2024-04-08 19:00:00,1.2656800000000001,1.2659099999999999,1.26531,1.26543,1443
2024-04-08 20:00:00,1.26545,1.2656,1.26524,1.26535,555
2024-04-08 21:00:00,1.26538,1.26538,1.26495,1.26502,929
2024-04-08 22:00:00,1.26526,1.26565,1.26526,1.26559,393
2024-04-08 23:00:00,1.26558,1.26592,1.26555,1.26566,685
2024-04-09 00:00:00,1.2656800000000001,1.26589,1.26525,1.26535,1394
2024-04-09 01:00:00,1.26535,1.26586,1.26518,1.26541,1716
2024-04-09 02:00:00,1.26541,1.2661,1.26523,1.26552,1321
2024-04-09 03:00:00,1.26551,1.26571,1.26522,1.2654,1031
2024-04-09 04:00:00,1.2654,1.26577,1.26529,1.26558,903
2024-04-09 05:00:00,1.26559,1.26594,1.26547,1.26566,974
2024-04-09 06:00:00,1.26569,1.26641,1.26521,1.26538,1910
2024-04-09 07:00:00,1.26536,1.26567,1.26481,1.26533,2126
2024-04-09 08:00:00,1.2653400000000001,1.2662200000000001,1.26488,1.2659799999999999,1916
2024-04-09 09:00:00,1.2659799999999999,1.2680500000000001,1.26565,1.26792,2115
2024-04-09 10:00:00,1.26794,1.26902,1.26791,1.26849,1839
2024-04-09 11:00:00,1.26853,1.26891,1.2675,1.26797,1817
2024-04-09 12:00:00,1.26798,1.2703,1.26772,1.26965,2803
2024-04-09 13:00:00,1.26965,1.2709,1.26922,1.26971,3204
2024-04-09 14:00:00,1.26972,1.27024,1.26728,1.26743,3619
2024-04-09 15:00:00,1.26741,1.2678,1.26664,1.26715,3005
2024-04-09 16:00:00,1.26715,1.26739,1.26681,1.26695,1716
2024-04-09 17:00:00,1.26692,1.26705,1.26632,1.2666,1559
2024-04-09 18:00:00,1.2666,1.26712,1.26632,1.26698,1306
2024-04-09 19:00:00,1.26696,1.26749,1.26626,1.2674699999999999,1766
2024-04-09 20:00:00,1.26748,1.26793,1.26739,1.26754,679
2024-04-09 21:00:00,1.26756,1.26766,1.26715,1.26739,1345
2024-04-09 22:00:00,1.26761,1.2677100000000001,1.26748,1.26752,336
2024-04-09 23:00:00,1.26756,1.26773,1.26746,1.26763,416
2024-04-10 00:00:00,1.26766,1.2677399999999999,1.26727,1.26746,1282
2024-04-10 01:00:00,1.26746,1.26775,1.26685,1.26743,1617
2024-04-10 02:00:00,1.26741,1.26782,1.26711,1.26765,1532
2024-04-10 03:00:00,1.26764,1.2678099999999999,1.26743,1.26755,1032
2024-04-10 04:00:00,1.26755,1.26773,1.26735,1.2677100000000001,901
2024-04-10 05:00:00,1.26769,1.26796,1.26732,1.26743,1184
2024-04-10 06:00:00,1.26742,1.26827,1.26722,1.2681499999999999,1825
2024-04-10 07:00:00,1.26813,1.26886,1.26758,1.26877,1934
2024-04-10 08:00:00,1.26877,1.2693400000000001,1.26829,1.26921,1934
2024-04-10 09:00:00,1.26921,1.26972,1.26875,1.2695699999999999,1731
2024-04-10 10:00:00,1.2695400000000001,1.27041,1.26942,1.26983,1489
2024-04-10 11:00:00,1.26983,1.27004,1.26922,1.2693400000000001,1583
2024-04-10 12:00:00,1.2693400000000001,1.27068,1.2594400000000001,1.26113,9124
2024-04-10 13:00:00,1.26112,1.26121,1.2563,1.2564600000000001,8425
2024-04-10 14:00:00,1.2564600000000001,1.25817,1.25586,1.25656,5641
2024-04-10 15:00:00,1.25655,1.25663,1.25335,1.25417,3770
2024-04-10 16:00:00,1.25419,1.25435,1.25197,1.2533400000000001,2737
2024-04-10 17:00:00,1.25335,1.25536,1.25211,1.25479,4953
2024-04-10 18:00:00,1.25473,1.2551999999999999,1.25253,1.25268,3584
2024-04-10 19:00:00,1.25264,1.25427,1.25257,1.25408,2601
2024-04-10 20:00:00,1.25408,1.25424,1.25376,1.25387,919
2024-04-10 21:00:00,1.25383,1.254,1.2525,1.2525,1057
2024-04-10 22:00:00,1.25357,1.25386,1.25335,1.25375,502
2024-04-10 23:00:00,1.25379,1.2539799999999999,1.2534100000000001,1.2536,834
2024-04-11 00:00:00,1.25362,1.25413,1.25317,1.2537,2008
2024-04-11 01:00:00,1.2537099999999999,1.25442,1.25356,1.2542499999999999,2153
2024-04-11 02:00:00,1.25426,1.2545899999999999,1.25414,1.25447,1613
2024-04-11 03:00:00,1.25444,1.25489,1.25431,1.25446,994
2024-04-11 04:00:00,1.25446,1.25479,1.25434,1.25468,1037
2024-04-11 05:00:00,1.25469,1.2548300000000001,1.2542499999999999,1.2542499999999999,1228
2024-04-11 06:00:00,1.2542499999999999,1.25428,1.25319,1.25342,2224
2024-04-11 07:00:00,1.25345,1.25619,1.2533699999999999,1.25602,3071
2024-04-11 08:00:00,1.25603,1.25691,1.25495,1.255,2561
2024-04-11 09:00:00,1.25499,1.25529,1.25323,1.25348,2281
2024-04-11 10:00:00,1.25346,1.25408,1.25274,1.2539500000000001,2263
2024-04-11 11:00:00,1.25392,1.25414,1.25345,1.25385,2073
2024-04-11 12:00:00,1.25385,1.2572,1.25287,1.25665,7341
2024-04-11 13:00:00,1.25665,1.25778,1.2548599999999999,1.25498,5980
2024-04-11 14:00:00,1.25496,1.25496,1.2512400000000001,1.25191,4426
2024-04-11 15:00:00,1.25192,1.2534399999999999,1.25101,1.25338,3272
2024-04-11 16:00:00,1.2534,1.25413,1.25285,1.2536399999999999,2692
2024-04-11 17:00:00,1.2536399999999999,1.25552,1.25328,1.25533,2751
2024-04-11 18:00:00,1.25534,1.25634,1.25508,1.2552400000000001,1937
2024-04-11 19:00:00,1.25521,1.2561200000000001,1.25519,1.25589,1752
2024-04-11 20:00:00,1.25589,1.25591,1.25513,1.25515,710
2024-04-11 21:00:00,1.25511,1.2554,1.25472,1.25515,807
2024-04-11 22:00:00,1.25543,1.25566,1.2552699999999999,1.25541,532
2024-04-11 23:00:00,1.25545,1.25552,1.25522,1.2554,612
2024-04-12 00:00:00,1.25543,1.25558,1.2549000000000001,1.25548,1514
2024-04-12 01:00:00,1.25549,1.2558500000000001,1.25523,1.25565,1816
2024-04-12 02:00:00,1.25565,1.25573,1.25537,1.25565,1490
2024-04-12 03:00:00,1.25565,1.25567,1.25435,1.25446,1361
2024-04-12 04:00:00,1.25445,1.25455,1.25365,1.25375,890
2024-04-12 05:00:00,1.25375,1.25441,1.25372,1.25397,1234
2024-04-12 06:00:00,1.25394,1.25411,1.25121,1.25157,2872
2024-04-12 07:00:00,1.2515800000000001,1.25199,1.2505,1.25186,3239
2024-04-12 08:00:00,1.25191,1.2522,1.25067,1.25076,2319
2024-04-12 09:00:00,1.25076,1.25113,1.24882,1.24974,2628
2024-04-12 10:00:00,1.24975,1.24981,1.24681,1.24696,2636
2024-04-12 11:00:00,1.24695,1.24772,1.24622,1.24709,2565
2024-04-12 12:00:00,1.24711,1.2475100000000001,1.24506,1.24541,3919
2024-04-12 13:00:00,1.2454399999999999,1.2466,1.24469,1.24533,4907
2024-04-12 14:00:00,1.24528,1.24552,1.2426,1.24344,5104
2024-04-12 15:00:00,1.24344,1.24581,1.2433,1.24553,3976
2024-04-12 16:00:00,1.24552,1.24559,1.24436,1.24485,3064
2024-04-12 17:00:00,1.24486,1.24593,1.24457,1.24554,2976
2024-04-12 18:00:00,1.24551,1.24616,1.24438,1.24441,2664
2024-04-12 19:00:00,1.24441,1.24497,1.2442199999999999,1.24458,2337
2024-04-12 20:00:00,1.24457,1.24519,1.24455,1.2448299999999999,884
2024-04-14 21:00:00,1.24341,1.2443,1.24155,1.24424,853
2024-04-14 22:00:00,1.24472,1.24613,1.24452,1.24572,1419
2024-04-14 23:00:00,1.2459,1.24617,1.24519,1.246,1260
2024-04-15 00:00:00,1.24589,1.2461,1.24499,1.24519,2180
2024-04-15 01:00:00,1.24519,1.24582,1.24402,1.24575,2494
2024-04-15 02:00:00,1.24574,1.24643,1.24563,1.24597,1848
2024-04-15 03:00:00,1.24597,1.2463899999999999,1.24551,1.24601,1569
2024-04-15 04:00:00,1.24601,1.24615,1.24542,1.24601,1359
2024-04-15 05:00:00,1.24601,1.24682,1.24575,1.24657,1840
2024-04-15 06:00:00,1.24657,1.2477,1.24601,1.24722,3060
2024-04-15 07:00:00,1.2472,1.2475,1.2461,1.2475,3158
2024-04-15 08:00:00,1.24752,1.24869,1.24749,1.24813,2930
2024-04-15 09:00:00,1.24813,1.24931,1.24807,1.24844,2811
2024-04-15 10:00:00,1.24846,1.24958,1.24818,1.24916,2211
2024-04-15 11:00:00,1.24915,1.2498,1.24742,1.2477800000000001,2273
2024-04-15 12:00:00,1.24779,1.2481,1.24502,1.24785,4791
2024-04-15 13:00:00,1.2478799999999999,1.24958,1.24664,1.24693,4542
2024-04-15 14:00:00,1.24694,1.24705,1.24444,1.24502,5080
2024-04-15 15:00:00,1.24503,1.24665,1.2445599999999999,1.24634,3325
2024-04-15 16:00:00,1.24634,1.2468,1.24553,1.24569,2621
2024-04-15 17:00:00,1.2456800000000001,1.24619,1.24379,1.24461,2974
2024-04-15 18:00:00,1.24459,1.24477,1.24397,1.24427,2484
2024-04-15 19:00:00,1.24427,1.24482,1.24352,1.24478,2331
2024-04-15 20:00:00,1.24475,1.2448299999999999,1.24424,1.24444,754
2024-04-15 21:00:00,1.24447,1.24449,1.24365,1.24365,862
2024-04-15 22:00:00,1.24461,1.24488,1.2443,1.24475,775
2024-04-15 23:00:00,1.2448,1.24491,1.24454,1.24457,873
2024-04-16 00:00:00,1.2446,1.2448,1.24369,1.24371,2096
2024-04-16 01:00:00,1.2437,1.24387,1.24228,1.24332,2592
2024-04-16 02:00:00,1.24332,1.24353,1.24197,1.24244,2288
2024-04-16 03:00:00,1.24245,1.24287,1.24211,1.24279,1515
2024-04-16 04:00:00,1.24278,1.24339,1.24251,1.2432400000000001,1607
2024-04-16 05:00:00,1.2432400000000001,1.244,1.24314,1.24358,1860
2024-04-16 06:00:00,1.24355,1.2447,1.24081,1.24305,3644
2024-04-16 07:00:00,1.24306,1.24445,1.24303,1.24373,3265
2024-04-16 08:00:00,1.24375,1.24482,1.2434,1.24365,2627
2024-04-16 09:00:00,1.24367,1.24549,1.24359,1.24511,2761
2024-04-16 10:00:00,1.24512,1.24552,1.24413,1.24458,2482
2024-04-16 11:00:00,1.24455,1.24598,1.24438,1.24574,2259
2024-04-16 12:00:00,1.24572,1.24713,1.24486,1.246,3408
2024-04-16 13:00:00,1.24599,1.2467,1.24493,1.24505,5454
2024-04-16 14:00:00,1.24503,1.24625,1.24371,1.24415,4803
2024-04-16 15:00:00,1.24418,1.2447300000000001,1.24286,1.24348,3746
2024-04-16 16:00:00,1.24346,1.24378,1.24268,1.24347,2814
2024-04-16 17:00:00,1.24347,1.24358,1.24051,1.2428,5103
2024-04-16 18:00:00,1.24278,1.24505,1.24252,1.24388,5269
2024-04-16 19:00:00,1.24391,1.24411,1.24259,1.2431,2874
2024-04-16 20:00:00,1.24309,1.24329,1.24234,1.24258,1023
2024-04-16 21:00:00,1.2426,1.24265,1.2421,1.24244,1039
2024-04-16 22:00:00,1.24268,1.2429999999999999,1.24224,1.24287,888
2024-04-16 23:00:00,1.24292,1.24323,1.24262,1.24293,933
2024-04-17 00:00:00,1.24301,1.24322,1.24246,1.24289,2016
2024-04-17 01:00:00,1.24288,1.24346,1.24245,1.24311,2428
2024-04-17 02:00:00,1.24312,1.24392,1.24293,1.24367,1825
2024-04-17 03:00:00,1.24367,1.24379,1.24294,1.24298,1303
2024-04-17 04:00:00,1.24298,1.24331,1.24256,1.2429000000000001,1099
2024-04-17 05:00:00,1.2429000000000001,1.2429000000000001,1.24165,1.24223,1805
2024-04-17 06:00:00,1.24222,1.24783,1.24192,1.2473,4133
2024-04-17 07:00:00,1.24729,1.24729,1.24499,1.24547,3169
2024-04-17 08:00:00,1.24547,1.24814,1.24532,1.24705,3021
2024-04-17 09:00:00,1.24707,1.24765,1.2464,1.24661,2797
2024-04-17 10:00:00,1.2466,1.24714,1.24533,1.24538,2171
2024-04-17 11:00:00,1.24537,1.24649,1.2453400000000001,1.24567,2308
2024-04-17 12:00:00,1.2457,1.24626,1.24455,1.24503,3396
2024-04-17 13:00:00,1.245,1.24689,1.24494,1.24606,3767
2024-04-17 14:00:00,1.24601,1.2463,1.24466,1.24495,3839
2024-04-17 15:00:00,1.24498,1.24613,1.24389,1.24413,3815
2024-04-17 16:00:00,1.2441,1.24434,1.24236,1.24285,4187
2024-04-17 17:00:00,1.24284,1.24466,1.24262,1.24448,3689
2024-04-17 18:00:00,1.2445,1.24648,1.24439,1.24515,3378
2024-04-17 19:00:00,1.24513,1.24542,1.24452,1.24524,3268
2024-04-17 20:00:00,1.24521,1.2455,1.24512,1.24527,813
2024-04-17 21:00:00,1.24519,1.24549,1.24493,1.24505,992
2024-04-17 22:00:00,1.2454,1.24558,1.24531,1.24545,723
2024-04-17 23:00:00,1.24549,1.24577,1.24518,1.24524,838
2024-04-18 00:00:00,1.24528,1.24533,1.24466,1.24523,1456
2024-04-18 01:00:00,1.24528,1.24586,1.24489,1.24551,2091
2024-04-18 02:00:00,1.24554,1.24693,1.2455,1.24664,1922
2024-04-18 03:00:00,1.24664,1.24695,1.2463,1.24689,1078
2024-04-18 04:00:00,1.24689,1.24708,1.24667,1.24703,946
2024-04-18 05:00:00,1.24702,1.2474,1.24658,1.24714,1291
2024-04-18 06:00:00,1.24716,1.24838,1.24691,1.24714,2319
2024-04-18 07:00:00,1.2471700000000001,1.24781,1.2462,1.2471700000000001,2860
2024-04-18 08:00:00,1.24714,1.24793,1.24671,1.24737,2511
2024-04-18 09:00:00,1.24741,1.2475,1.24661,1.2471700000000001,2090
2024-04-18 10:00:00,1.24715,1.24795,1.24667,1.24772,2054
2024-04-18 11:00:00,1.24771,1.24816,1.24648,1.2471,2235
2024-04-18 12:00:00,1.24715,1.24736,1.24468,1.24583,4190
2024-04-18 13:00:00,1.24586,1.24678,1.24357,1.2448299999999999,5070
2024-04-18 14:00:00,1.2448,1.2457,1.24425,1.24429,3895
2024-04-18 15:00:00,1.24431,1.24664,1.24427,1.24621,2939
2024-04-18 16:00:00,1.24623,1.24654,1.24472,1.2448299999999999,2491
2024-04-18 17:00:00,1.24482,1.24498,1.2433,1.24419,2707
2024-04-18 18:00:00,1.24418,1.24421,1.24333,1.2436099999999999,2444
2024-04-18 19:00:00,1.2436099999999999,1.24424,1.24354,1.24371,1964
2024-04-18 20:00:00,1.24371,1.24386,1.24345,1.24354,732
2024-04-18 21:00:00,1.24357,1.24372,1.24325,1.24332,860
2024-04-18 22:00:00,1.2438500000000001,1.2438500000000001,1.24322,1.2432699999999999,415
2024-04-18 23:00:00,1.2433,1.2437,1.24313,1.2435,712
2024-04-19 00:00:00,1.24344,1.2436,1.24255,1.24271,2099
2024-04-19 01:00:00,1.2427,1.24295,1.23976,1.2401,5266
2024-04-19 02:00:00,1.24013,1.24025,1.23882,1.23954,4870
2024-04-19 03:00:00,1.23955,1.24215,1.23928,1.2417,3968
2024-04-19 04:00:00,1.24167,1.24259,1.24166,1.2419,2148
2024-04-19 05:00:00,1.24191,1.24238,1.24101,1.24116,2026
2024-04-19 06:00:00,1.24129,1.24334,1.2403,1.24302,4016
2024-04-19 07:00:00,1.2429999999999999,1.24511,1.2429999999999999,1.24487,3846
2024-04-19 08:00:00,1.24487,1.24487,1.24337,1.24396,3013
2024-04-19 09:00:00,1.24398,1.24552,1.24387,1.24519,2558
2024-04-19 10:00:00,1.2452,1.2452,1.24346,1.24355,2571
2024-04-19 11:00:00,1.24353,1.24411,1.24291,1.24396,2577
2024-04-19 12:00:00,1.24399,1.24632,1.24372,1.2448299999999999,3363
2024-04-19 13:00:00,1.24481,1.24678,1.24426,1.24574,4057
2024-04-19 14:00:00,1.24572,1.24674,1.24316,1.24338,4672
2024-04-19 15:00:00,1.24335,1.24378,1.2396,1.23964,3368
2024-04-19 16:00:00,1.23965,1.24013,1.23721,1.23891,3218
2024-04-19 17:00:00,1.23891,1.23931,1.23724,1.2375,2808
2024-04-19 18:00:00,1.23749,1.23799,1.23664,1.23688,2674
2024-04-19 19:00:00,1.23686,1.23748,1.23667,1.23715,2659
2024-04-19 20:00:00,1.2371699999999999,1.23733,1.23677,1.23703,1162
2024-04-21 21:00:00,1.23557,1.2370700000000001,1.23557,1.2364,995
2024-04-21 22:00:00,1.23692,1.23752,1.23638,1.23718,871
2024-04-21 23:00:00,1.23718,1.2378,1.23713,1.2375,876
2024-04-22 00:00:00,1.2375,1.23843,1.23716,1.2372,2289
2024-04-22 01:00:00,1.2372,1.23893,1.2372,1.23878,2431
2024-04-22 02:00:00,1.23877,1.23918,1.2382900000000001,1.23831,1308
2024-04-22 03:00:00,1.23832,1.23844,1.23774,1.23813,1086
2024-04-22 04:00:00,1.23813,1.23895,1.23805,1.23857,958
2024-04-22 05:00:00,1.23857,1.23862,1.23799,1.23831,1228
2024-04-22 06:00:00,1.23827,1.23871,1.23743,1.23779,2457
2024-04-22 07:00:00,1.2377799999999999,1.23845,1.23504,1.23675,3088
2024-04-22 08:00:00,1.23676,1.2372,1.23574,1.23653,2596
2024-04-22 09:00:00,1.23654,1.23671,1.23422,1.2345,2430
2024-04-22 10:00:00,1.23451,1.23453,1.23226,1.23244,2564
2024-04-22 11:00:00,1.23242,1.23269,1.23084,1.23146,2702
2024-04-22 12:00:00,1.23146,1.23268,1.23105,1.23109,2883
2024-04-22 13:00:00,1.23108,1.23172,1.22988,1.23098,3289
2024-04-22 14:00:00,1.23098,1.2334,1.23085,1.23303,3081
2024-04-22 15:00:00,1.23305,1.23398,1.23249,1.23382,2287
2024-04-22 16:00:00,1.23382,1.2346300000000001,1.23382,1.2346300000000001,1651
2024-04-22 17:00:00,1.2346300000000001,1.23555,1.23444,1.23538,1486
2024-04-22 18:00:00,1.2354,1.23611,1.23515,1.23588,1493
2024-04-22 19:00:00,1.23587,1.2359,1.23496,1.23519,1658
2024-04-22 20:00:00,1.23522,1.23538,1.23475,1.23482,743
2024-04-22 21:00:00,1.23478,1.23502,1.23457,1.23481,692
2024-04-22 22:00:00,1.2349999999999999,1.23518,1.23486,1.23503,394
2024-04-22 23:00:00,1.23505,1.23516,1.2347,1.23493,574
2024-04-23 00:00:00,1.23493,1.23554,1.23492,1.23537,1264
2024-04-23 01:00:00,1.23539,1.23581,1.23471,1.23477,1799
2024-04-23 02:00:00,1.23478,1.23566,1.2347,1.2354,1627
2024-04-23 03:00:00,1.23539,1.23552,1.23487,1.2352,1225
2024-04-23 04:00:00,1.2352,1.23545,1.23492,1.2351,835
2024-04-23 05:00:00,1.2351,1.23512,1.23407,1.23433,1435
2024-04-23 06:00:00,1.23431,1.2346300000000001,1.23313,1.23427,2251
2024-04-23 07:00:00,1.23428,1.2372,1.23358,1.23641,4521
2024-04-23 08:00:00,1.2364,1.2388,1.2355,1.23698,3330
2024-04-23 09:00:00,1.23696,1.23696,1.2352400000000001,1.23599,2589
2024-04-23 10:00:00,1.23598,1.23635,1.23453,1.23504,1926
2024-04-23 11:00:00,1.23504,1.24007,1.23488,1.24001,3615
2024-04-23 12:00:00,1.24,1.24058,1.23842,1.23908,3339
2024-04-23 13:00:00,1.23905,1.24459,1.23806,1.24382,4720
2024-04-23 14:00:00,1.24386,1.24579,1.24294,1.2432699999999999,6432
2024-04-23 15:00:00,1.24331,1.24428,1.24228,1.24311,3338
2024-04-23 16:00:00,1.24314,1.2447,1.24281,1.24439,2347
2024-04-23 17:00:00,1.24439,1.24569,1.24438,1.2453400000000001,2134
2024-04-23 18:00:00,1.24535,1.24581,1.24485,1.24501,1303
2024-04-23 19:00:00,1.24502,1.24521,1.24468,1.24496,1452
2024-04-23 20:00:00,1.24492,1.24508,1.24454,1.24462,788
2024-04-23 21:00:00,1.24452,1.24496,1.24366,1.24383,777
2024-04-23 22:00:00,1.24471,1.2451699999999999,1.24471,1.24489,583
2024-04-23 23:00:00,1.24496,1.2454,1.24472,1.24533,715
2024-04-24 00:00:00,1.24535,1.24599,1.24484,1.2457799999999999,1536
2024-04-24 01:00:00,1.2457799999999999,1.24638,1.24559,1.2461,1903
2024-04-24 02:00:00,1.2461,1.24643,1.24566,1.2457799999999999,1467
2024-04-24 03:00:00,1.24579,1.24591,1.24536,1.24558,1030
2024-04-24 04:00:00,1.24558,1.24576,1.24523,1.2454399999999999,778
2024-04-24 05:00:00,1.24543,1.24562,1.24511,1.24525,1034
2024-04-24 06:00:00,1.24527,1.24569,1.24415,1.24436,1994
2024-04-24 07:00:00,1.24431,1.24439,1.2427,1.24293,2432
2024-04-24 08:00:00,1.24296,1.2435100000000001,1.24222,1.24258,1936
2024-04-24 09:00:00,1.24261,1.24353,1.24257,1.2426599999999999,1597
2024-04-24 10:00:00,1.24264,1.24433,1.24246,1.24382,1585
2024-04-24 11:00:00,1.24379,1.24404,1.24291,1.24348,1705
2024-04-24 12:00:00,1.24348,1.2447300000000001,1.24272,1.2441200000000001,3722
2024-04-24 13:00:00,1.24411,1.24548,1.24357,1.24418,3582
2024-04-24 14:00:00,1.24418,1.24472,1.2429000000000001,1.24316,3492
2024-04-24 15:00:00,1.24315,1.2439,1.24259,1.24313,2778
2024-04-24 16:00:00,1.2431,1.24469,1.24299,1.24458,2080
2024-04-24 17:00:00,1.24459,1.24584,1.24458,1.24545,1982
2024-04-24 18:00:00,1.24546,1.24549,1.24452,1.24526,1799
2024-04-24 19:00:00,1.24526,1.24693,1.2451699999999999,1.2462900000000001,1537
2024-04-24 20:00:00,1.24631,1.24634,1.24584,1.24617,876
2024-04-24 21:00:00,1.24619,1.24624,1.2452,1.24583,950
2024-04-24 22:00:00,1.24615,1.24628,1.24565,1.24584,565
2024-04-24 23:00:00,1.24587,1.246,1.24569,1.24588,600
2024-04-25 00:00:00,1.24591,1.24641,1.24588,1.24611,1548
2024-04-25 01:00:00,1.24613,1.24659,1.24539,1.24618,1991
2024-04-25 02:00:00,1.24614,1.24679,1.2459500000000001,1.24661,1656
2024-04-25 03:00:00,1.24661,1.24672,1.24591,1.24631,1323
2024-04-25 04:00:00,1.24631,1.24681,1.2462,1.24668,950
2024-04-25 05:00:00,1.24668,1.24743,1.24659,1.24714,1229
2024-04-25 06:00:00,1.24712,1.25052,1.24705,1.24996,2688
2024-04-25 07:00:00,1.24996,1.25095,1.24881,1.25053,2877
2024-04-25 08:00:00,1.25055,1.25226,1.25053,1.25205,2388
2024-04-25 09:00:00,1.25202,1.25214,1.25121,1.25134,2192
2024-04-25 10:00:00,1.25133,1.25207,1.2505600000000001,1.25074,2203
2024-04-25 11:00:00,1.25072,1.25137,1.2503600000000001,1.25118,2033
2024-04-25 12:00:00,1.25118,1.25262,1.24663,1.24774,7219
2024-04-25 13:00:00,1.24777,1.24859,1.24567,1.24724,6510
2024-04-25 14:00:00,1.24728,1.2504,1.24563,1.2489,5226
2024-04-25 15:00:00,1.24888,1.24969,1.24793,1.24917,3319
2024-04-25 16:00:00,1.24917,1.25167,1.24868,1.25139,2740
2024-04-25 17:00:00,1.2514,1.2522199999999999,1.25119,1.2513,2985
2024-04-25 18:00:00,1.2513,1.25146,1.25033,1.25086,2808
2024-04-25 19:00:00,1.25087,1.25209,1.25086,1.2513,2073
2024-04-25 20:00:00,1.25128,1.25153,1.25091,1.25121,1261
2024-04-25 21:00:00,1.25119,1.25122,1.25037,1.25037,1294
2024-04-25 22:00:00,1.25138,1.25138,1.25078,1.25106,605
2024-04-25 23:00:00,1.25106,1.25118,1.25061,1.2506599999999999,756
2024-04-26 00:00:00,1.2506599999999999,1.2506599999999999,1.24993,1.25044,1592
2024-04-26 01:00:00,1.25044,1.25079,1.24993,1.25051,1653
2024-04-26 02:00:00,1.2505,1.25082,1.24956,1.2500499999999999,1379
2024-04-26 03:00:00,1.25003,1.2505,1.24936,1.24992,1994
2024-04-26 04:00:00,1.24992,1.25015,1.2497099999999999,1.25003,1209
2024-04-26 05:00:00,1.25001,1.25088,1.24986,1.2505,1384
2024-04-26 06:00:00,1.25047,1.2515100000000001,1.25038,1.2511,2449
2024-04-26 07:00:00,1.25112,1.25134,1.24962,1.25049,2992
2024-04-26 08:00:00,1.25047,1.25403,1.2502499999999999,1.25268,4027
2024-04-26 09:00:00,1.25268,1.25268,1.25082,1.25166,2601
2024-04-26 10:00:00,1.25167,1.25207,1.25068,1.25111,2366
2024-04-26 11:00:00,1.25109,1.2518500000000001,1.2509299999999999,1.25105,2594
2024-04-26 12:00:00,1.25106,1.25403,1.24963,1.25074,6263
2024-04-26 13:00:00,1.25077,1.25175,1.24997,1.25034,4571
2024-04-26 14:00:00,1.2502900000000001,1.2508,1.24577,1.24617,4339
2024-04-26 15:00:00,1.24613,1.24723,1.24488,1.24709,3349
2024-04-26 16:00:00,1.24712,1.24882,1.24696,1.24867,2164
2024-04-26 17:00:00,1.24866,1.24928,1.24844,1.24909,1536
2024-04-26 18:00:00,1.2490999999999999,1.2502900000000001,1.24903,1.25017,1499
2024-04-26 19:00:00,1.25018,1.25035,1.24902,1.24972,1601
2024-04-26 20:00:00,1.2497099999999999,1.24999,1.24915,1.2493400000000001,1237
2024-04-28 21:00:00,1.24741,1.24834,1.24662,1.2478,681
2024-04-28 22:00:00,1.24922,1.24999,1.24895,1.24999,823
2024-04-28 23:00:00,1.2500200000000001,1.2509700000000001,1.24985,1.25088,981
2024-04-29 00:00:00,1.25089,1.25162,1.25065,1.25146,1508
2024-04-29 01:00:00,1.25148,1.2523,1.25115,1.25218,2541
2024-04-29 02:00:00,1.25221,1.25278,1.25196,1.25259,1659
2024-04-29 03:00:00,1.25259,1.2527,1.25205,1.2521900000000001,969
2024-04-29 04:00:00,1.2521900000000001,1.25478,1.252,1.25417,3709
2024-04-29 05:00:00,1.25414,1.25473,1.25345,1.25355,2720
2024-04-29 06:00:00,1.25352,1.25393,1.2521900000000001,1.25224,2556
2024-04-29 07:00:00,1.25223,1.25329,1.25139,1.25297,4446
2024-04-29 08:00:00,1.25294,1.25397,1.25119,1.2518099999999999,3450
2024-04-29 09:00:00,1.25182,1.25358,1.25071,1.2530700000000001,2684
2024-04-29 10:00:00,1.2530700000000001,1.25356,1.25256,1.25294,1971
2024-04-29 11:00:00,1.25295,1.2540200000000001,1.25265,1.25316,2289
2024-04-29 12:00:00,1.25317,1.2543,1.25263,1.2529,2940
2024-04-29 13:00:00,1.25291,1.25318,1.25141,1.252,3718
2024-04-29 14:00:00,1.25203,1.25487,1.25203,1.25475,3191
2024-04-29 15:00:00,1.25472,1.2554400000000001,1.2542499999999999,1.25501,2327
2024-04-29 16:00:00,1.25502,1.25687,1.25498,1.25627,2479
2024-04-29 17:00:00,1.25629,1.25689,1.2558799999999999,1.2561499999999999,1976
2024-04-29 18:00:00,1.25613,1.25643,1.25557,1.25629,1704
2024-04-29 19:00:00,1.25627,1.25627,1.25514,1.25606,2040
2024-04-29 20:00:00,1.25606,1.2563900000000001,1.25597,1.25603,840
2024-04-29 21:00:00,1.25601,1.2561499999999999,1.25564,1.2557800000000001,724
2024-04-29 22:00:00,1.25606,1.25636,1.25591,1.25594,664
2024-04-29 23:00:00,1.25599,1.2563,1.25583,1.2559,727
2024-04-30 00:00:00,1.25589,1.2560799999999999,1.2552400000000001,1.25546,1632
2024-04-30 01:00:00,1.25548,1.2558,1.2548,1.2549000000000001,1676
2024-04-30 02:00:00,1.2549000000000001,1.25498,1.25446,1.2548300000000001,1228
2024-04-30 03:00:00,1.2548300000000001,1.2549000000000001,1.25417,1.2545,1174
2024-04-30 04:00:00,1.2545,1.25461,1.25417,1.25449,855
2024-04-30 05:00:00,1.2545,1.2546,1.2530299999999999,1.2534399999999999,1485
2024-04-30 06:00:00,1.25346,1.25377,1.25238,1.25321,2572
2024-04-30 07:00:00,1.25325,1.25413,1.2528299999999999,1.25413,2418
2024-04-30 08:00:00,1.25411,1.25411,1.25264,1.25387,1905
2024-04-30 09:00:00,1.25393,1.25542,1.25386,1.25434,2657
2024-04-30 10:00:00,1.25437,1.25515,1.25403,1.25419,2157
2024-04-30 11:00:00,1.25417,1.2548300000000001,1.25356,1.2539799999999999,2291
2024-04-30 12:00:00,1.2539799999999999,1.2545600000000001,1.25021,1.2517800000000001,5606
2024-04-30 13:00:00,1.2518,1.2537099999999999,1.25099,1.25201,5464
2024-04-30 14:00:00,1.25204,1.25397,1.2515100000000001,1.25192,5621
2024-04-30 15:00:00,1.25194,1.25286,1.25109,1.25109,3872
2024-04-30 16:00:00,1.2511,1.25148,1.25007,1.25065,2731
2024-04-30 17:00:00,1.25069,1.25094,1.24974,1.25092,2077
2024-04-30 18:00:00,1.25092,1.2511700000000001,1.24981,1.2503,1691
2024-04-30 19:00:00,1.25031,1.25071,1.24927,1.24952,1976
2024-04-30 20:00:00,1.24951,1.24975,1.24898,1.24911,1537
2024-04-30 21:00:00,1.24905,1.24935,1.24843,1.24892,715
2024-04-30 22:00:00,1.24947,1.24947,1.24875,1.24909,872
2024-04-30 23:00:00,1.24911,1.24914,1.24875,1.24886,1004
2024-05-01 00:00:00,1.24886,1.24911,1.24809,1.24854,1524
2024-05-01 01:00:00,1.24854,1.2489,1.24813,1.24833,1134
2024-05-01 02:00:00,1.24832,1.24835,1.2478,1.24821,896
2024-05-01 03:00:00,1.24821,1.24823,1.24716,1.24732,785
2024-05-01 04:00:00,1.24732,1.24784,1.2471700000000001,1.24769,800
2024-05-01 05:00:00,1.24766,1.24802,1.24736,1.24762,1003
2024-05-01 06:00:00,1.2476,1.24785,1.24659,1.24677,1921
2024-05-01 07:00:00,1.24674,1.24859,1.24673,1.24842,1995
2024-05-01 08:00:00,1.24841,1.24977,1.24827,1.24972,1918
2024-05-01 09:00:00,1.24974,1.24978,1.2487300000000001,1.24899,1911
2024-05-01 10:00:00,1.24905,1.24905,1.24814,1.24851,1873
2024-05-01 11:00:00,1.2485,1.2486,1.24757,1.24843,1531
2024-05-01 12:00:00,1.24843,1.2493,1.24804,1.24872,3191
2024-05-01 13:00:00,1.24872,1.24942,1.24765,1.24847,3015
2024-05-01 14:00:00,1.24845,1.24999,1.24772,1.24916,5461
2024-05-01 15:00:00,1.24916,1.24929,1.24839,1.24868,2640
2024-05-01 16:00:00,1.24869,1.24878,1.24775,1.24801,2100
2024-05-01 17:00:00,1.24805,1.24923,1.24782,1.24884,2139
2024-05-01 18:00:00,1.24885,1.25496,1.2484,1.2545899999999999,13662
2024-05-01 19:00:00,1.25461,1.2548599999999999,1.24928,1.24928,7278
2024-05-01 20:00:00,1.24927,1.25374,1.2489,1.25278,3389
2024-05-01 21:00:00,1.25269,1.25269,1.25115,1.25194,1078
2024-05-01 22:00:00,1.25231,1.25366,1.25231,1.25322,1114
2024-05-01 23:00:00,1.25325,1.25399,1.25297,1.25357,1448
2024-05-02 00:00:00,1.25357,1.25359,1.25257,1.25267,2297
2024-05-02 01:00:00,1.25264,1.25318,1.25201,1.25309,1724
2024-05-02 02:00:00,1.25308,1.25389,1.25308,1.25366,1761
2024-05-02 03:00:00,1.2536800000000001,1.2537099999999999,1.25287,1.25301,1637
2024-05-02 04:00:00,1.25301,1.25363,1.25298,1.25333,1404
2024-05-02 05:00:00,1.25332,1.25372,1.25299,1.2534,1728
2024-05-02 06:00:00,1.2534399999999999,1.2543,1.25167,1.25223,3521
2024-05-02 07:00:00,1.25225,1.25441,1.25198,1.2528000000000001,3592
2024-05-02 08:00:00,1.25281,1.25325,1.25112,1.25204,3118
2024-05-02 09:00:00,1.25205,1.25296,1.2507,1.2515,2646
2024-05-02 10:00:00,1.25153,1.25162,1.25087,1.25115,2711
2024-05-02 11:00:00,1.25118,1.2515,1.25044,1.25145,2553
2024-05-02 12:00:00,1.25147,1.25325,1.25054,1.25147,4167
2024-05-02 13:00:00,1.25149,1.2517800000000001,1.24861,1.24935,5214
2024-05-02 14:00:00,1.24935,1.24935,1.24714,1.24844,5154
2024-05-02 15:00:00,1.24843,1.25072,1.24823,1.25058,3782
2024-05-02 16:00:00,1.25058,1.2521200000000001,1.25013,1.25157,2835
2024-05-02 17:00:00,1.2515800000000001,1.25287,1.25134,1.2521499999999999,2593
2024-05-02 18:00:00,1.25216,1.25383,1.25197,1.25374,2390
2024-05-02 19:00:00,1.25376,1.25382,1.25313,1.25358,2364
2024-05-02 20:00:00,1.25357,1.25383,1.25328,1.25328,1170
2024-05-02 21:00:00,1.25322,1.25335,1.2525,1.25255,841
2024-05-02 22:00:00,1.2532,1.25396,1.2532,1.25376,603
2024-05-02 23:00:00,1.25381,1.25412,1.2536399999999999,1.25388,1241
2024-05-03 00:00:00,1.25387,1.25449,1.25306,1.25431,1798
2024-05-03 01:00:00,1.2543199999999999,1.2556,1.25414,1.25553,2047
2024-05-03 02:00:00,1.25553,1.25564,1.25473,1.25499,1574
2024-05-03 03:00:00,1.255,1.2552699999999999,1.2545,1.25522,1327
2024-05-03 04:00:00,1.25519,1.25534,1.25455,1.25472,953
2024-05-03 05:00:00,1.25471,1.2554400000000001,1.25467,1.25497,1335
2024-05-03 06:00:00,1.25499,1.25506,1.2542200000000001,1.25436,2433
2024-05-03 07:00:00,1.25435,1.25507,1.25388,1.25474,2773
2024-05-03 08:00:00,1.25471,1.25625,1.25455,1.2558799999999999,2604
2024-05-03 09:00:00,1.2558799999999999,1.25667,1.2553,1.25592,2230
2024-05-03 10:00:00,1.25591,1.256,1.25508,1.25579,2239
2024-05-03 11:00:00,1.25579,1.25614,1.25519,1.25543,2347
2024-05-03 12:00:00,1.25541,1.26304,1.25534,1.26056,7936
2024-05-03 13:00:00,1.26051,1.26096,1.25634,1.25714,8658
2024-05-03 14:00:00,1.2574,1.26031,1.25289,1.2545,10131
2024-05-03 15:00:00,1.25452,1.25614,1.25434,1.2547,4259
2024-05-03 16:00:00,1.25471,1.25496,1.25385,1.25424,3027
2024-05-03 17:00:00,1.2542499999999999,1.25492,1.25386,1.25449,2160
2024-05-03 18:00:00,1.25449,1.25515,1.2543199999999999,1.2551,1908
2024-05-03 19:00:00,1.25507,1.25541,1.25455,1.25488,2107
2024-05-03 20:00:00,1.25488,1.25504,1.25458,1.25462,989
2024-05-05 21:00:00,1.25392,1.25484,1.2530700000000001,1.25439,652
2024-05-05 22:00:00,1.25468,1.25494,1.25443,1.25474,489
2024-05-05 23:00:00,1.2548300000000001,1.25528,1.25399,1.25404,1155
2024-05-06 00:00:00,1.25404,1.2552400000000001,1.25378,1.25502,1850
2024-05-06 01:00:00,1.25501,1.25564,1.2546,1.25519,2268
2024-05-06 02:00:00,1.25521,1.25543,1.2547,1.25478,1640
2024-05-06 03:00:00,1.25478,1.25491,1.25431,1.2546599999999999,1528
2024-05-06 04:00:00,1.25461,1.25475,1.25427,1.2542900000000001,1214
2024-05-06 05:00:00,1.25428,1.25467,1.25415,1.2545,1325
2024-05-06 06:00:00,1.2545,1.25583,1.25424,1.2555,2260
2024-05-06 07:00:00,1.2555,1.25731,1.25548,1.25675,2269
2024-05-06 08:00:00,1.2567300000000001,1.25812,1.25633,1.25804,2321
2024-05-06 09:00:00,1.25803,1.25838,1.25754,1.25785,1818
2024-05-06 10:00:00,1.25783,1.2583,1.25713,1.25745,1877
2024-05-06 11:00:00,1.25746,1.25785,1.25724,1.25759,1835
2024-05-06 12:00:00,1.25759,1.25939,1.25744,1.25901,2605
2024-05-06 13:00:00,1.25901,1.2591700000000001,1.25793,1.2584,2594
2024-05-06 14:00:00,1.2584,1.25867,1.25758,1.25777,2249
2024-05-06 15:00:00,1.25774,1.25782,1.25677,1.25726,1971
2024-05-06 16:00:00,1.25724,1.2573400000000001,1.25576,1.25632,1892
2024-05-06 17:00:00,1.25632,1.25688,1.25629,1.2564600000000001,1613
2024-05-06 18:00:00,1.25647,1.2569,1.25636,1.25672,1699
2024-05-06 19:00:00,1.25674,1.2569,1.25574,1.25599,1974
2024-05-06 20:00:00,1.256,1.25629,1.2558500000000001,1.25609,620
2024-05-06 21:00:00,1.25606,1.25618,1.25576,1.2557800000000001,803
2024-05-06 22:00:00,1.25627,1.25633,1.25598,1.25604,579
2024-05-06 23:00:00,1.2560799999999999,1.25609,1.25566,1.25587,731
2024-05-07 00:00:00,1.25587,1.25685,1.25563,1.25682,1951
2024-05-07 01:00:00,1.2568,1.25702,1.25556,1.25568,1929
2024-05-07 02:00:00,1.25567,1.2558099999999999,1.25508,1.25538,1675
2024-05-07 03:00:00,1.25537,1.2557800000000001,1.2552699999999999,1.25568,1212
2024-05-07 04:00:00,1.25569,1.25571,1.25485,1.2552699999999999,1638
2024-05-07 05:00:00,1.25525,1.25558,1.25391,1.2540200000000001,1636
2024-05-07 06:00:00,1.2539799999999999,1.2546599999999999,1.25353,1.2545899999999999,2622
2024-05-07 07:00:00,1.25462,1.25462,1.25338,1.25372,2988
2024-05-07 08:00:00,1.2537,1.2539799999999999,1.25313,1.25393,2198
2024-05-07 09:00:00,1.25393,1.2543199999999999,1.25351,1.25365,2193
2024-05-07 10:00:00,1.2536399999999999,1.25419,1.25288,1.25416,2044
2024-05-07 11:00:00,1.25417,1.25471,1.25396,1.25439,1891
2024-05-07 12:00:00,1.25442,1.2554,1.25413,1.2552699999999999,2302
2024-05-07 13:00:00,1.25528,1.25643,1.25515,1.25573,2821
2024-05-07 14:00:00,1.25577,1.25599,1.25494,1.25532,2466
2024-05-07 15:00:00,1.2553,1.25546,1.25312,1.25319,2520
2024-05-07 16:00:00,1.25321,1.25375,1.25253,1.25263,1875
2024-05-07 17:00:00,1.25266,1.2527,1.25094,1.25102,2120
2024-05-07 18:00:00,1.251,1.25108,1.25003,1.25064,1972
2024-05-07 19:00:00,1.25061,1.25106,1.25048,1.25087,1609
2024-05-07 20:00:00,1.25086,1.25102,1.2506599999999999,1.25071,704
2024-05-07 21:00:00,1.25071,1.25085,1.25,1.25,984
2024-05-07 22:00:00,1.2496800000000001,1.25082,1.2496800000000001,1.25015,490
2024-05-07 23:00:00,1.25022,1.25027,1.24981,1.25014,570
2024-05-08 00:00:00,1.25011,1.25028,1.24942,1.24955,1878
2024-05-08 01:00:00,1.24958,1.2497,1.24878,1.24879,1859
2024-05-08 02:00:00,1.24879,1.24895,1.24838,1.2488299999999999,1703
2024-05-08 03:00:00,1.2488299999999999,1.2490700000000001,1.24853,1.24864,1501
2024-05-08 04:00:00,1.24864,1.24889,1.24834,1.24864,1327
2024-05-08 05:00:00,1.24865,1.24885,1.24831,1.24879,1263
2024-05-08 06:00:00,1.24879,1.24927,1.24847,1.24886,2037
2024-05-08 07:00:00,1.2488299999999999,1.24889,1.24708,1.24721,2694
2024-05-08 08:00:00,1.2472,1.24775,1.24671,1.24748,2310
2024-05-08 09:00:00,1.24749,1.24921,1.24733,1.24917,2273
2024-05-08 10:00:00,1.24919,1.24959,1.24859,1.24949,1973
2024-05-08 11:00:00,1.24951,1.25003,1.24825,1.24839,2160
2024-05-08 12:00:00,1.2484,1.2485,1.24734,1.24796,2447
2024-05-08 13:00:00,1.24793,1.24839,1.24725,1.24769,2936
2024-05-08 14:00:00,1.2477,1.24965,1.24755,1.24922,2884
2024-05-08 15:00:00,1.24921,1.25044,1.2486,1.25016,2380
2024-05-08 16:00:00,1.25016,1.25022,1.24901,1.24969,1914
2024-05-08 17:00:00,1.2497,1.25012,1.2492,1.24953,1805
2024-05-08 18:00:00,1.24951,1.24987,1.24926,1.2494399999999999,1509
2024-05-08 19:00:00,1.24949,1.24969,1.24929,1.24962,1332
2024-05-08 20:00:00,1.24962,1.24974,1.24929,1.24963,565
2024-05-08 21:00:00,1.24961,1.24965,1.24893,1.24893,778
2024-05-08 22:00:00,1.2495,1.2499,1.2495,1.24959,546
2024-05-08 23:00:00,1.2496800000000001,1.24975,1.24916,1.24926,589
2024-05-09 00:00:00,1.24926,1.24931,1.24869,1.24894,1468
2024-05-09 01:00:00,1.24895,1.2497,1.24875,1.24953,1514
2024-05-09 02:00:00,1.24953,1.24959,1.24918,1.24941,1336
2024-05-09 03:00:00,1.24943,1.25011,1.24935,1.24961,1323
2024-05-09 04:00:00,1.2496,1.24982,1.249,1.24911,1086
2024-05-09 05:00:00,1.24913,1.2493,1.24879,1.24894,1005
2024-05-09 06:00:00,1.24894,1.2490999999999999,1.24771,1.24796,1585
2024-05-09 07:00:00,1.24795,1.24848,1.24705,1.24767,2285
2024-05-09 08:00:00,1.24766,1.2478,1.24696,1.24728,1902
2024-05-09 09:00:00,1.24728,1.24892,1.24694,1.24865,1776
2024-05-09 10:00:00,1.24867,1.24967,1.24843,1.24868,1939
2024-05-09 11:00:00,1.24866,1.24866,1.24418,1.24694,7333
2024-05-09 12:00:00,1.24687,1.25106,1.2468,1.25018,5029
2024-05-09 13:00:00,1.25019,1.25047,1.24877,1.24972,4007
2024-05-09 14:00:00,1.24973,1.2518500000000001,1.24951,1.25114,3686
2024-05-09 15:00:00,1.25115,1.2521900000000001,1.24994,1.25028,2648
2024-05-09 16:00:00,1.2502900000000001,1.2515399999999999,1.2502900000000001,1.25134,1916
2024-05-09 17:00:00,1.25134,1.25233,1.25107,1.2514,2010
2024-05-09 18:00:00,1.25137,1.25243,1.25118,1.25231,1777
2024-05-09 19:00:00,1.25231,1.25264,1.25208,1.25221,1685
2024-05-09 20:00:00,1.25217,1.25248,1.25206,1.2521499999999999,725
2024-05-09 21:00:00,1.2521900000000001,1.25231,1.25195,1.25195,696
2024-05-09 22:00:00,1.25226,1.25285,1.2522199999999999,1.25271,596
2024-05-09 23:00:00,1.25274,1.25285,1.2523,1.2524,664
2024-05-10 00:00:00,1.25241,1.25257,1.25162,1.25195,1540
2024-05-10 01:00:00,1.25195,1.25244,1.25162,1.25165,1713
2024-05-10 02:00:00,1.25165,1.25179,1.25118,1.25162,1516
2024-05-10 03:00:00,1.25163,1.25175,1.25137,1.25166,1085
2024-05-10 04:00:00,1.25167,1.2517800000000001,1.25139,1.25144,1056
2024-05-10 05:00:00,1.25144,1.25207,1.25139,1.25194,1283
2024-05-10 06:00:00,1.25194,1.2540200000000001,1.25143,1.25374,3036
2024-05-10 07:00:00,1.25377,1.25409,1.2527,1.2530000000000001,2988
2024-05-10 08:00:00,1.2530000000000001,1.25354,1.25241,1.2532,2682
2024-05-10 09:00:00,1.25322,1.25356,1.25274,1.25294,2186
2024-05-10 10:00:00,1.2529,1.25327,1.25238,1.2532,2005
2024-05-10 11:00:00,1.2532,1.25329,1.25224,1.25277,1789
2024-05-10 12:00:00,1.25274,1.25323,1.25155,1.25218,2567
2024-05-10 13:00:00,1.25221,1.2536800000000001,1.252,1.25355,2536
2024-05-10 14:00:00,1.25351,1.2536100000000001,1.2503,1.25072,3740
2024-05-10 15:00:00,1.25069,1.25259,1.25021,1.2525,2528
2024-05-10 16:00:00,1.25255,1.25366,1.25217,1.25338,2198
2024-05-10 17:00:00,1.25338,1.25352,1.25271,1.25274,1645
2024-05-10 18:00:00,1.25274,1.25288,1.2523900000000001,1.25267,1319
2024-05-10 19:00:00,1.2527,1.2530999999999999,1.25255,1.25265,1303
2024-05-10 20:00:00,1.25265,1.25302,1.25224,1.2523900000000001,884
2024-05-12 21:00:00,1.25069,1.25194,1.25012,1.2518500000000001,618
2024-05-12 22:00:00,1.25207,1.25243,1.25193,1.25235,697
2024-05-12 23:00:00,1.2524600000000001,1.2527,1.2521200000000001,1.25213,715
2024-05-13 00:00:00,1.2521,1.25231,1.25177,1.2521,1959
2024-05-13 01:00:00,1.2521,1.25245,1.2517800000000001,1.25197,2169
2024-05-13 02:00:00,1.25196,1.25261,1.25172,1.25243,1807
2024-05-13 03:00:00,1.25243,1.25272,1.25228,1.25264,1621
2024-05-13 04:00:00,1.25264,1.25284,1.25238,1.25243,1233
2024-05-13 05:00:00,1.2524199999999999,1.25311,1.25241,1.25277,1338
2024-05-13 06:00:00,1.25277,1.2535,1.25233,1.25248,1782
2024-05-13 07:00:00,1.25251,1.25277,1.25172,1.2523,2268
2024-05-13 08:00:00,1.25229,1.25331,1.25187,1.25322,2055
2024-05-13 09:00:00,1.25325,1.25356,1.25253,1.2527,1657
2024-05-13 10:00:00,1.25269,1.2537099999999999,1.25254,1.25326,1667
2024-05-13 11:00:00,1.25328,1.25533,1.25317,1.25455,1907
2024-05-13 12:00:00,1.25455,1.25571,1.25445,1.2555100000000001,2268
2024-05-13 13:00:00,1.2555100000000001,1.25657,1.25533,1.25636,2555
2024-05-13 14:00:00,1.2563900000000001,1.25681,1.25539,1.25619,2375
2024-05-13 15:00:00,1.2562,1.25621,1.25464,1.25598,2726
2024-05-13 16:00:00,1.256,1.25664,1.25589,1.25605,1608
2024-05-13 17:00:00,1.25605,1.25632,1.2552699999999999,1.25592,1595
2024-05-13 18:00:00,1.25592,1.25609,1.2554,1.25573,1955
2024-05-13 19:00:00,1.25571,1.25573,1.25525,1.25548,1174
2024-05-13 20:00:00,1.2555,1.25598,1.2553,1.25573,668
2024-05-13 21:00:00,1.25575,1.2558099999999999,1.25531,1.25541,1047
2024-05-13 22:00:00,1.25582,1.25598,1.2556,1.2557,341
2024-05-13 23:00:00,1.25574,1.25617,1.25562,1.25592,398
2024-05-14 00:00:00,1.25592,1.25603,1.25529,1.25566,1388
2024-05-14 01:00:00,1.25566,1.25592,1.25523,1.25555,1759
2024-05-14 02:00:00,1.25555,1.25566,1.25531,1.25561,1427
2024-05-14 03:00:00,1.25563,1.25589,1.2554400000000001,1.25584,1538
2024-05-14 04:00:00,1.2558500000000001,1.25591,1.2552400000000001,1.25538,1195
2024-05-14 05:00:00,1.25538,1.25571,1.25514,1.25531,1307
2024-05-14 06:00:00,1.25535,1.25629,1.25464,1.2557800000000001,2335
2024-05-14 07:00:00,1.2557800000000001,1.25592,1.2545600000000001,1.25515,2264
2024-05-14 08:00:00,1.25514,1.25531,1.25089,1.2528000000000001,3528
2024-05-14 09:00:00,1.25279,1.25438,1.25255,1.2542900000000001,2314
2024-05-14 10:00:00,1.25428,1.25573,1.25426,1.25533,1770
2024-05-14 11:00:00,1.25536,1.25586,1.25506,1.25513,1843
2024-05-14 12:00:00,1.25512,1.25645,1.25197,1.25526,6133
2024-05-14 13:00:00,1.25525,1.25837,1.25481,1.25831,4743
2024-05-14 14:00:00,1.2583,1.25911,1.25677,1.25876,3480
2024-05-14 15:00:00,1.25875,1.25922,1.25792,1.25874,2779
2024-05-14 16:00:00,1.25875,1.2588599999999999,1.25803,1.25845,2079
2024-05-14 17:00:00,1.25847,1.25866,1.25807,1.25843,1458
2024-05-14 18:00:00,1.25841,1.2591,1.2584,1.25882,1468
2024-05-14 19:00:00,1.2588300000000001,1.25919,1.25881,1.25895,1428
2024-05-14 20:00:00,1.25895,1.25918,1.25881,1.25896,707
2024-05-14 21:00:00,1.25901,1.25908,1.2583,1.25843,796
2024-05-14 22:00:00,1.25894,1.25897,1.2586300000000001,1.25878,485
2024-05-14 23:00:00,1.25882,1.25882,1.25835,1.25838,749
2024-05-15 00:00:00,1.25837,1.25897,1.2582900000000001,1.25877,1442
2024-05-15 01:00:00,1.25878,1.25922,1.25869,1.25919,1311
2024-05-15 02:00:00,1.2591999999999999,1.25958,1.25884,1.25945,1197
2024-05-15 03:00:00,1.25945,1.25989,1.25939,1.25975,1074
2024-05-15 04:00:00,1.25975,1.2597800000000001,1.25914,1.2593,951
2024-05-15 05:00:00,1.25929,1.2598,1.25913,1.25977,1304
2024-05-15 06:00:00,1.2597800000000001,1.25997,1.25864,1.25931,1893
2024-05-15 07:00:00,1.25932,1.25997,1.25911,1.25939,2276
2024-05-15 08:00:00,1.25936,1.2613400000000001,1.25936,1.26117,2325
2024-05-15 09:00:00,1.26117,1.26243,1.26086,1.26235,2194
2024-05-15 10:00:00,1.26238,1.26238,1.2604,1.2606,1718
2024-05-15 11:00:00,1.26059,1.26148,1.26026,1.26126,2184
2024-05-15 12:00:00,1.26126,1.26691,1.26114,1.26443,7064
2024-05-15 13:00:00,1.26444,1.26597,1.2613400000000001,1.26187,5264
2024-05-15 14:00:00,1.26187,1.26482,1.26146,1.2647599999999999,3785
2024-05-15 15:00:00,1.26475,1.26725,1.26464,1.26553,3091
2024-05-15 16:00:00,1.26555,1.26763,1.26489,1.26733,2505
2024-05-15 17:00:00,1.26735,1.26827,1.2671299999999999,1.26817,2049
2024-05-15 18:00:00,1.26817,1.2683200000000001,1.26718,1.26797,1743
2024-05-15 19:00:00,1.26792,1.2683200000000001,1.26756,1.26817,1418
2024-05-15 20:00:00,1.26816,1.26856,1.26809,1.26837,827
2024-05-15 21:00:00,1.26837,1.26846,1.26764,1.26796,875
2024-05-15 22:00:00,1.2683200000000001,1.26887,1.26818,1.26874,525
2024-05-15 23:00:00,1.26879,1.26936,1.26851,1.26878,868
2024-05-16 00:00:00,1.26883,1.26985,1.26846,1.26973,2048
2024-05-16 01:00:00,1.2697,1.26982,1.26855,1.26878,2288
2024-05-16 02:00:00,1.26875,1.26929,1.26826,1.2689599999999999,1928
2024-05-16 03:00:00,1.26898,1.26943,1.2686600000000001,1.26911,1641
2024-05-16 04:00:00,1.26911,1.26915,1.2686600000000001,1.2687,1429
2024-05-16 05:00:00,1.2687,1.26883,1.2681,1.26817,1358
2024-05-16 06:00:00,1.26822,1.26837,1.26737,1.26766,2076
2024-05-16 07:00:00,1.26768,1.26857,1.26745,1.26796,2396
2024-05-16 08:00:00,1.26795,1.26827,1.26688,1.26737,2191
2024-05-16 09:00:00,1.26737,1.2675100000000001,1.26657,1.2668,1645
2024-05-16 10:00:00,1.26678,1.26735,1.2665600000000001,1.26691,1346
2024-05-16 11:00:00,1.26691,1.2675,1.26539,1.26559,2090
2024-05-16 12:00:00,1.26562,1.26693,1.26519,1.2654,3607
2024-05-16 13:00:00,1.2653699999999999,1.2659799999999999,1.26438,1.26478,3339
2024-05-16 14:00:00,1.26479,1.2668300000000001,1.2643,1.26672,2981
2024-05-16 15:00:00,1.26671,1.26794,1.26655,1.26789,1922
2024-05-16 16:00:00,1.26787,1.26791,1.26711,1.26724,1633
2024-05-16 17:00:00,1.26724,1.26765,1.26688,1.26741,1592
2024-05-16 18:00:00,1.26741,1.2676,1.26668,1.26754,1637
2024-05-16 19:00:00,1.2675,1.2675,1.26678,1.26687,1273
2024-05-16 20:00:00,1.2668599999999999,1.26702,1.26675,1.26694,559
2024-05-16 21:00:00,1.26691,1.26695,1.26658,1.26668,579
2024-05-16 22:00:00,1.26699,1.26719,1.26682,1.26702,369
2024-05-16 23:00:00,1.26702,1.26719,1.26687,1.26709,533
2024-05-17 00:00:00,1.26709,1.26722,1.26608,1.26642,1521
2024-05-17 01:00:00,1.26642,1.26646,1.26539,1.26577,1970
2024-05-17 02:00:00,1.2658,1.26589,1.26515,1.26558,1693
2024-05-17 03:00:00,1.2655699999999999,1.2659099999999999,1.26547,1.26576,1092
2024-05-17 04:00:00,1.26576,1.26587,1.2653699999999999,1.26548,1030
2024-05-17 05:00:00,1.26548,1.2662200000000001,1.2653699999999999,1.26611,1342
2024-05-17 06:00:00,1.26606,1.26661,1.26573,1.2662200000000001,1887
2024-05-17 07:00:00,1.26621,1.26692,1.26558,1.2656100000000001,1885
2024-05-17 08:00:00,1.2656100000000001,1.26582,1.26444,1.26486,2048
2024-05-17 09:00:00,1.26486,1.2655699999999999,1.2646899999999999,1.26545,1490
2024-05-17 10:00:00,1.26544,1.26565,1.26467,1.2650000000000001,1681
2024-05-17 11:00:00,1.2650000000000001,1.2655699999999999,1.26449,1.26531,1360
2024-05-17 12:00:00,1.26531,1.26612,1.26506,1.26593,1971
2024-05-17 13:00:00,1.26593,1.26758,1.2659099999999999,1.2675100000000001,2615
2024-05-17 14:00:00,1.26753,1.2698800000000001,1.26731,1.26974,2575
2024-05-17 15:00:00,1.26977,1.27051,1.26923,1.27008,2692
2024-05-17 16:00:00,1.27008,1.2708300000000001,1.26984,1.27004,1821
2024-05-17 17:00:00,1.27003,1.2711299999999999,1.27002,1.27053,1620
2024-05-17 18:00:00,1.2705600000000001,1.27096,1.27008,1.2707600000000001,1350
2024-05-17 19:00:00,1.27074,1.27082,1.27026,1.2706,1109
2024-05-17 20:00:00,1.27062,1.27062,1.2699500000000001,1.27005,757
2024-05-19 21:00:00,1.26843,1.26951,1.26775,1.26942,681
2024-05-19 22:00:00,1.26968,1.27026,1.26965,1.26981,517
2024-05-19 23:00:00,1.26999,1.27074,1.26999,1.27051,583
2024-05-20 00:00:00,1.27051,1.27081,1.2696399999999999,1.27044,1644
2024-05-20 01:00:00,1.27042,1.27071,1.26999,1.2705600000000001,2160
2024-05-20 02:00:00,1.27054,1.27055,1.27002,1.27033,1429
2024-05-20 03:00:00,1.27033,1.27064,1.27001,1.27039,1056
2024-05-20 04:00:00,1.27039,1.27107,1.27032,1.27074,988
2024-05-20 05:00:00,1.27073,1.2707899999999999,1.27037,1.27054,1264
2024-05-20 06:00:00,1.2705600000000001,1.27087,1.26981,1.2699799999999999,2016
2024-05-20 07:00:00,1.2699799999999999,1.27058,1.26887,1.26938,2286
2024-05-20 08:00:00,1.26935,1.27064,1.26921,1.27042,1837
2024-05-20 09:00:00,1.27042,1.27046,1.26983,1.27035,1618
2024-05-20 10:00:00,1.27035,1.2705600000000001,1.26986,1.27014,1544
2024-05-20 11:00:00,1.27014,1.27037,1.26939,1.26949,1759
2024-05-20 12:00:00,1.26949,1.2701500000000001,1.26917,1.26956,2760
2024-05-20 13:00:00,1.26953,1.27062,1.26953,1.27033,2787
2024-05-20 14:00:00,1.27031,1.27115,1.26996,1.27072,2446
2024-05-20 15:00:00,1.27072,1.27077,1.27009,1.2704,2085
2024-05-20 16:00:00,1.27042,1.27179,1.27039,1.27173,1562
2024-05-20 17:00:00,1.27173,1.27249,1.27084,1.27106,1644
2024-05-20 18:00:00,1.27106,1.27122,1.27042,1.27107,1260
2024-05-20 19:00:00,1.27107,1.27111,1.27047,1.27071,903
2024-05-20 20:00:00,1.27069,1.27075,1.27031,1.27034,509
2024-05-20 21:00:00,1.27038,1.2704900000000001,1.2699,1.2699,760
2024-05-20 22:00:00,1.2704900000000001,1.27084,1.2704900000000001,1.27081,336
2024-05-20 23:00:00,1.2708300000000001,1.27104,1.27066,1.2709,507
2024-05-21 00:00:00,1.27091,1.2711000000000001,1.2705600000000001,1.27087,1263
2024-05-21 01:00:00,1.2708599999999999,1.27104,1.27019,1.27026,1666
2024-05-21 02:00:00,1.27023,1.2704900000000001,1.26967,1.27043,1803
2024-05-21 03:00:00,1.27042,1.27065,1.27031,1.27058,1137
2024-05-21 04:00:00,1.27058,1.27114,1.27048,1.27093,893
2024-05-21 05:00:00,1.27093,1.2711700000000001,1.27069,1.27093,903
2024-05-21 06:00:00,1.27095,1.27175,1.27078,1.27098,1951
2024-05-21 07:00:00,1.27098,1.27202,1.2708599999999999,1.27121,2184
2024-05-21 08:00:00,1.27121,1.27146,1.27029,1.27103,2108
2024-05-21 09:00:00,1.27104,1.27231,1.27104,1.27216,1705
2024-05-21 10:00:00,1.27214,1.27221,1.2714699999999999,1.27161,1616
2024-05-21 11:00:00,1.2716,1.27216,1.27109,1.27197,1535
2024-05-21 12:00:00,1.27198,1.27212,1.27054,1.27074,2426
2024-05-21 13:00:00,1.27072,1.2715,1.2686,1.27108,4959
2024-05-21 14:00:00,1.2711000000000001,1.27264,1.27069,1.27217,2981
2024-05-21 15:00:00,1.27217,1.27225,1.27062,1.2707899999999999,2525
2024-05-21 16:00:00,1.2707899999999999,1.27115,1.27027,1.2707,1902
2024-05-21 17:00:00,1.2707,1.27102,1.27012,1.27095,1604
2024-05-21 18:00:00,1.27095,1.27123,1.27063,1.27111,1511
2024-05-21 19:00:00,1.2711000000000001,1.27152,1.2708599999999999,1.27126,1306
2024-05-21 20:00:00,1.27125,1.27126,1.27066,1.27075,667
2024-05-21 21:00:00,1.27077,1.27096,1.27023,1.27066,896
2024-05-21 22:00:00,1.27109,1.27109,1.27087,1.27099,559
2024-05-21 23:00:00,1.27103,1.27134,1.27084,1.27092,524
2024-05-22 00:00:00,1.27093,1.27155,1.2709,1.27127,1429
2024-05-22 01:00:00,1.27125,1.27182,1.27102,1.27165,1641
2024-05-22 02:00:00,1.27165,1.27223,1.27142,1.27162,2034
2024-05-22 03:00:00,1.27162,1.27166,1.27104,1.27123,1406
2024-05-22 04:00:00,1.27122,1.27131,1.27065,1.27095,1146
2024-05-22 05:00:00,1.27095,1.27142,1.27075,1.27102,1415
2024-05-22 06:00:00,1.27107,1.27607,1.27102,1.27563,3762
2024-05-22 07:00:00,1.27558,1.2757399999999999,1.27337,1.27466,2736
2024-05-22 08:00:00,1.27468,1.27478,1.27246,1.2728,2395
2024-05-22 09:00:00,1.27282,1.27294,1.2719,1.27271,1844
2024-05-22 10:00:00,1.27274,1.27335,1.2720099999999999,1.27227,1844
2024-05-22 11:00:00,1.27231,1.27273,1.26997,1.27089,2451
2024-05-22 12:00:00,1.2709,1.27285,1.27081,1.27256,3035
2024-05-22 13:00:00,1.27255,1.27471,1.27255,1.27401,2859
2024-05-22 14:00:00,1.27398,1.27444,1.27217,1.27246,3213
2024-05-22 15:00:00,1.27247,1.2735699999999999,1.27203,1.27341,2603
2024-05-22 16:00:00,1.27341,1.27471,1.27317,1.27432,2216
2024-05-22 17:00:00,1.27431,1.27498,1.27283,1.27325,2112
2024-05-22 18:00:00,1.27328,1.27338,1.27106,1.27139,3594
2024-05-22 19:00:00,1.2713700000000001,1.27182,1.27099,1.27161,2109
2024-05-22 20:00:00,1.27164,1.27182,1.27133,1.27156,1068
2024-05-22 21:00:00,1.27156,1.27169,1.27131,1.27143,844
2024-05-22 22:00:00,1.27141,1.27204,1.27141,1.272,629
2024-05-22 23:00:00,1.27203,1.2720799999999999,1.2717800000000001,1.27195,701
2024-05-23 00:00:00,1.27195,1.2723499999999999,1.2717800000000001,1.27191,1790
2024-05-23 01:00:00,1.27192,1.27254,1.2717100000000001,1.27223,1899
2024-05-23 02:00:00,1.27223,1.27252,1.27164,1.27238,1408
2024-05-23 03:00:00,1.2724,1.27284,1.27221,1.27282,1229
2024-05-23 04:00:00,1.27282,1.27313,1.27249,1.2725,1166
2024-05-23 05:00:00,1.2725,1.27277,1.27202,1.27224,1289
2024-05-23 06:00:00,1.27228,1.2730000000000001,1.27195,1.27248,2259
2024-05-23 07:00:00,1.27252,1.2732999999999999,1.27138,1.27237,3536
2024-05-23 08:00:00,1.2723499999999999,1.27381,1.27189,1.272,3033
2024-05-23 09:00:00,1.272,1.2726,1.27047,1.27238,2612
2024-05-23 10:00:00,1.2723499999999999,1.27282,1.27195,1.2724,1797
2024-05-23 11:00:00,1.2724,1.27413,1.27234,1.27396,2103
2024-05-23 12:00:00,1.27399,1.27441,1.2727,1.27317,2893
2024-05-23 13:00:00,1.27315,1.27461,1.2705199999999999,1.27128,4937
2024-05-23 14:00:00,1.2713,1.27258,1.27074,1.2711299999999999,5520
2024-05-23 15:00:00,1.2711299999999999,1.27175,1.27067,1.27161,2788
2024-05-23 16:00:00,1.2716,1.27221,1.27099,1.27116,2423
2024-05-23 17:00:00,1.27116,1.2711999999999999,1.26913,1.26952,2649
2024-05-23 18:00:00,1.2695400000000001,1.26999,1.2685,1.26859,2758
2024-05-23 19:00:00,1.26858,1.26938,1.26849,1.26932,2211
2024-05-23 20:00:00,1.26932,1.26983,1.26918,1.26967,692
2024-05-23 21:00:00,1.2696399999999999,1.26971,1.26904,1.26922,1048
2024-05-23 22:00:00,1.26985,1.26985,1.26943,1.26956,380
2024-05-23 23:00:00,1.26958,1.26966,1.26928,1.26928,642
2024-05-24 00:00:00,1.26926,1.26963,1.26891,1.26936,1713
2024-05-24 01:00:00,1.26935,1.26975,1.26889,1.26945,1752
2024-05-24 02:00:00,1.26945,1.26946,1.2689300000000001,1.26901,1239
2024-05-24 03:00:00,1.26901,1.26915,1.2686600000000001,1.26881,1066
2024-05-24 04:00:00,1.26881,1.26936,1.26872,1.2691,870
2024-05-24 05:00:00,1.2691,1.26921,1.26867,1.2689300000000001,1237
2024-05-24 06:00:00,1.26909,1.26976,1.26755,1.26935,2847
2024-05-24 07:00:00,1.2693699999999999,1.27046,1.2693400000000001,1.2698,2680
2024-05-24 08:00:00,1.2698,1.27067,1.26943,1.27039,2057
2024-05-24 09:00:00,1.2704,1.27114,1.27027,1.27089,1742
2024-05-24 10:00:00,1.27087,1.27248,1.2708,1.27214,1685
2024-05-24 11:00:00,1.27214,1.27224,1.27133,1.2717100000000001,1561
2024-05-24 12:00:00,1.2717100000000001,1.27243,1.271,1.272,3099
2024-05-24 13:00:00,1.27203,1.27301,1.27169,1.27227,3088
2024-05-24 14:00:00,1.2723200000000001,1.2738399999999999,1.27203,1.27372,3310
2024-05-24 15:00:00,1.27376,1.27503,1.27351,1.27435,2563
2024-05-24 16:00:00,1.27434,1.275,1.2732299999999999,1.27336,2180
2024-05-24 17:00:00,1.27336,1.27431,1.27317,1.2742,1879
2024-05-24 18:00:00,1.27421,1.27457,1.27363,1.27368,1548
2024-05-24 19:00:00,1.27367,1.27397,1.27343,1.2739500000000001,1369
2024-05-24 20:00:00,1.2739099999999999,1.27399,1.27348,1.27371,718
2024-05-26 21:00:00,1.27311,1.27362,1.27244,1.27342,453
2024-05-26 22:00:00,1.27363,1.2741799999999999,1.27363,1.27405,556
2024-05-26 23:00:00,1.27406,1.27409,1.27336,1.27336,696
2024-05-27 00:00:00,1.27336,1.2739099999999999,1.27331,1.2738,1183
2024-05-27 01:00:00,1.27379,1.2741500000000001,1.27372,1.27407,1298
2024-05-27 02:00:00,1.27408,1.27431,1.27381,1.27407,784
2024-05-27 03:00:00,1.27405,1.27421,1.27381,1.27417,862
2024-05-27 04:00:00,1.27417,1.27419,1.2739099999999999,1.2741799999999999,607
2024-05-27 05:00:00,1.2741799999999999,1.27421,1.2739,1.27406,971
2024-05-27 06:00:00,1.27409,1.27439,1.27352,1.2742499999999999,1497
2024-05-27 07:00:00,1.27424,1.27463,1.27394,1.27411,1497
2024-05-27 08:00:00,1.27413,1.27467,1.2733400000000001,1.27412,1533
2024-05-27 09:00:00,1.27413,1.2755,1.27411,1.2755,1348
2024-05-27 10:00:00,1.27551,1.2757,1.27484,1.2754699999999999,1442
2024-05-27 11:00:00,1.2755,1.27563,1.27503,1.27515,1106
2024-05-27 12:00:00,1.27515,1.27579,1.27428,1.2756,2389
2024-05-27 13:00:00,1.27562,1.27737,1.2753999999999999,1.27688,2199
2024-05-27 14:00:00,1.27687,1.27771,1.27633,1.27762,1720
2024-05-27 15:00:00,1.2776399999999999,1.27769,1.27695,1.27716,1175
2024-05-27 16:00:00,1.27716,1.27736,1.2769,1.2769300000000001,625
2024-05-27 17:00:00,1.2769300000000001,1.2771,1.2767,1.27694,1037
2024-05-27 18:00:00,1.27694,1.27707,1.27678,1.27683,260
2024-05-27 19:00:00,1.27683,1.27715,1.27675,1.27704,337
2024-05-27 20:00:00,1.27705,1.2771,1.27677,1.27688,298
2024-05-27 21:00:00,1.27685,1.27689,1.2764,1.2764,988
2024-05-27 22:00:00,1.27678,1.2770000000000001,1.27678,1.27698,292
2024-05-27 23:00:00,1.2770299999999999,1.27719,1.2769,1.27714,330
2024-05-28 00:00:00,1.27714,1.27758,1.27701,1.2771,1746
2024-05-28 01:00:00,1.27704,1.27799,1.27697,1.27765,1878
2024-05-28 02:00:00,1.2776399999999999,1.2781500000000001,1.27762,1.27811,1326
2024-05-28 03:00:00,1.27814,1.2783,1.2778,1.27803,1327
2024-05-28 04:00:00,1.27804,1.2781799999999999,1.27741,1.27744,1195
2024-05-28 05:00:00,1.27745,1.27794,1.27735,1.27758,1249
2024-05-28 06:00:00,1.27756,1.27808,1.27686,1.27688,2080
2024-05-28 07:00:00,1.27685,1.2778399999999999,1.27683,1.2772700000000001,2197
2024-05-28 08:00:00,1.27725,1.27763,1.27619,1.27682,2150
2024-05-28 09:00:00,1.27682,1.27745,1.2763,1.27741,1795
2024-05-28 10:00:00,1.27742,1.27803,1.27718,1.2778399999999999,1701
2024-05-28 11:00:00,1.27785,1.27882,1.27774,1.2785,1907
2024-05-28 12:00:00,1.2785199999999999,1.2793999999999999,1.27841,1.27914,2352
2024-05-28 13:00:00,1.2791299999999999,1.2800500000000001,1.27803,1.27816,3188
2024-05-28 14:00:00,1.2782,1.27867,1.27718,1.27773,3562
2024-05-28 15:00:00,1.27775,1.27846,1.27737,1.27836,2599
2024-05-28 16:00:00,1.27833,1.2784499999999999,1.2770299999999999,1.27763,2001
2024-05-28 17:00:00,1.27763,1.27777,1.27603,1.27645,2610
2024-05-28 18:00:00,1.27643,1.2766899999999999,1.27536,1.2758,2343
2024-05-28 19:00:00,1.27579,1.2764,1.27553,1.27631,2074
2024-05-28 20:00:00,1.2763,1.27634,1.27599,1.2760799999999999,508
2024-05-28 21:00:00,1.2761,1.27619,1.27561,1.2758,1140
2024-05-28 22:00:00,1.2762,1.27636,1.2757100000000001,1.27593,486
2024-05-28 23:00:00,1.27595,1.27607,1.27564,1.27576,735
2024-05-29 00:00:00,1.27576,1.2758,1.2751700000000001,1.27536,1495
2024-05-29 01:00:00,1.2753700000000001,1.27591,1.2751299999999999,1.27556,2033
2024-05-29 02:00:00,1.27556,1.27585,1.27489,1.27489,1623
2024-05-29 03:00:00,1.27487,1.27524,1.27466,1.27502,1310
2024-05-29 04:00:00,1.27501,1.27525,1.27459,1.27518,1158
2024-05-29 05:00:00,1.27518,1.27542,1.2748300000000001,1.27495,1687
2024-05-29 06:00:00,1.27495,1.2763900000000001,1.2748300000000001,1.276,2552
2024-05-29 07:00:00,1.27597,1.27712,1.27584,1.2763200000000001,2611
2024-05-29 08:00:00,1.27627,1.27653,1.27543,1.27554,3243
2024-05-29 09:00:00,1.27555,1.27645,1.27549,1.276,2093
2024-05-29 10:00:00,1.27596,1.27614,1.27441,1.2745199999999999,2120
2024-05-29 11:00:00,1.27453,1.27523,1.27351,1.2748,2600
2024-05-29 12:00:00,1.2748,1.27552,1.27401,1.27439,3055
2024-05-29 13:00:00,1.27443,1.27457,1.27294,1.27345,3345
2024-05-29 14:00:00,1.27346,1.27399,1.27104,1.2714699999999999,3839
2024-05-29 15:00:00,1.2714699999999999,1.27168,1.27046,1.2711700000000001,3259
2024-05-29 16:00:00,1.27115,1.2718,1.27055,1.27163,2699
2024-05-29 17:00:00,1.27159,1.27167,1.27044,1.27134,2502
2024-05-29 18:00:00,1.27133,1.27159,1.26987,1.2703,1833
2024-05-29 19:00:00,1.27028,1.27041,1.2698800000000001,1.2701799999999999,1785
2024-05-29 20:00:00,1.2702,1.27021,1.26985,1.26994,559
2024-05-29 21:00:00,1.2699,1.27017,1.26965,1.2698,1066
2024-05-29 22:00:00,1.27031,1.27035,1.2695400000000001,1.26969,432
2024-05-29 23:00:00,1.2697,1.2699099999999999,1.26956,1.26973,792
2024-05-30 00:00:00,1.26972,1.26973,1.26899,1.26929,1920
2024-05-30 01:00:00,1.26931,1.27024,1.26923,1.26963,2140
2024-05-30 02:00:00,1.26959,1.27003,1.2690000000000001,1.2694,1711
2024-05-30 03:00:00,1.26941,1.26959,1.26914,1.26946,1478
2024-05-30 04:00:00,1.26948,1.26966,1.26895,1.26949,1298
2024-05-30 05:00:00,1.2695,1.26952,1.26834,1.26867,1678
2024-05-30 06:00:00,1.2686600000000001,1.26921,1.26804,1.26851,2550
2024-05-30 07:00:00,1.26851,1.2708599999999999,1.26851,1.2707899999999999,2906
2024-05-30 08:00:00,1.27074,1.2714400000000001,1.2695400000000001,1.27115,2613
2024-05-30 09:00:00,1.27118,1.27184,1.27088,1.27108,2313
2024-05-30 10:00:00,1.27108,1.27219,1.27028,1.27132,2218
2024-05-30 11:00:00,1.27128,1.2718,1.27077,1.27094,2129
2024-05-30 12:00:00,1.27095,1.27274,1.2704900000000001,1.27237,3404
2024-05-30 13:00:00,1.2723900000000001,1.27342,1.2717100000000001,1.2729599999999999,3799
2024-05-30 14:00:00,1.27298,1.27438,1.27204,1.27376,3331
2024-05-30 15:00:00,1.27377,1.27466,1.2732700000000001,1.27366,2724
2024-05-30 16:00:00,1.27367,1.27431,1.27344,1.27411,1945
2024-05-30 17:00:00,1.2741,1.27435,1.27377,1.2739500000000001,1495
2024-05-30 18:00:00,1.27392,1.27398,1.2734,1.2737,1583
2024-05-30 19:00:00,1.2737,1.27371,1.27258,1.27305,2131
2024-05-30 20:00:00,1.27305,1.2732999999999999,1.27283,1.27316,575
2024-05-30 21:00:00,1.27318,1.27318,1.27267,1.27268,1174
2024-05-30 22:00:00,1.2732,1.27329,1.27307,1.27317,505
2024-05-30 23:00:00,1.27319,1.27319,1.27275,1.27283,672
2024-05-31 00:00:00,1.27283,1.27337,1.27275,1.2730000000000001,1733
2024-05-31 01:00:00,1.27301,1.2732,1.2721,1.27212,1996
2024-05-31 02:00:00,1.2721,1.27254,1.27148,1.27165,1582
2024-05-31 03:00:00,1.27163,1.27226,1.27158,1.27223,1581
2024-05-31 04:00:00,1.27223,1.27233,1.27155,1.27206,1248
2024-05-31 05:00:00,1.27206,1.27231,1.27183,1.27184,1402
2024-05-31 06:00:00,1.27186,1.27225,1.27124,1.2713700000000001,2319
2024-05-31 07:00:00,1.2713700000000001,1.2715,1.2699500000000001,1.27061,2828
2024-05-31 08:00:00,1.2705899999999999,1.2719,1.2705,1.27093,2425
2024-05-31 09:00:00,1.27095,1.27252,1.2708300000000001,1.2723,2596
2024-05-31 10:00:00,1.27234,1.2727,1.2717,1.27215,1920
2024-05-31 11:00:00,1.27215,1.27261,1.27089,1.27139,2102
2024-05-31 12:00:00,1.27139,1.275,1.27065,1.2746,4392
2024-05-31 13:00:00,1.27457,1.2760099999999999,1.27408,1.2757100000000001,3461
2024-05-31 14:00:00,1.2757100000000001,1.27654,1.27305,1.27305,4182
2024-05-31 15:00:00,1.27309,1.274,1.27172,1.2734,3771
2024-05-31 16:00:00,1.27339,1.27359,1.2720500000000001,1.27294,2510
2024-05-31 17:00:00,1.27294,1.27343,1.2723900000000001,1.27267,1769
2024-05-31 18:00:00,1.2726600000000001,1.27324,1.27257,1.27305,1560
2024-05-31 19:00:00,1.27309,1.27464,1.27285,1.27442,2074
2024-05-31 20:00:00,1.27444,1.27451,1.27404,1.2741500000000001,1202
2024-06-02 21:00:00,1.27295,1.27371,1.2721,1.27362,632
2024-06-02 22:00:00,1.27386,1.2743,1.27351,1.27408,837
2024-06-02 23:00:00,1.27426,1.27448,1.27411,1.27433,703
2024-06-03 00:00:00,1.27434,1.2755,1.27413,1.27527,1734
2024-06-03 01:00:00,1.27527,1.27553,1.2748,1.27496,1762
2024-06-03 02:00:00,1.27498,1.27507,1.2744900000000001,1.27455,1303
2024-06-03 03:00:00,1.27457,1.2748300000000001,1.27374,1.27389,1460
2024-06-03 04:00:00,1.2739,1.2744900000000001,1.27385,1.27424,1213
2024-06-03 05:00:00,1.2742499999999999,1.27434,1.27353,1.27368,1696
2024-06-03 06:00:00,1.27363,1.27397,1.27306,1.27336,2192
2024-06-03 07:00:00,1.27336,1.2739500000000001,1.27132,1.2713999999999999,2528
2024-06-03 08:00:00,1.2713700000000001,1.27182,1.27036,1.27042,2734
2024-06-03 09:00:00,1.27044,1.27084,1.26936,1.27041,2620
2024-06-03 10:00:00,1.27044,1.27177,1.26984,1.27127,2209
2024-06-03 11:00:00,1.27125,1.27324,1.27123,1.2728,2482
2024-06-03 12:00:00,1.27283,1.27352,1.27257,1.27305,2753
2024-06-03 13:00:00,1.27306,1.2742499999999999,1.27295,1.27409,2756
2024-06-03 14:00:00,1.27421,1.27839,1.27411,1.2771,5053
2024-06-03 15:00:00,1.2771,1.2793700000000001,1.27706,1.27921,2831
2024-06-03 16:00:00,1.27921,1.27929,1.27769,1.27787,2701
2024-06-03 17:00:00,1.27787,1.27873,1.27749,1.27863,2239
2024-06-03 18:00:00,1.27863,1.2797,1.27836,1.27962,2115
2024-06-03 19:00:00,1.27966,1.28002,1.27959,1.27995,1479
2024-06-03 20:00:00,1.27994,1.28086,1.27994,1.28061,652
2024-06-03 21:00:00,1.28065,1.28065,1.27994,1.27994,752
2024-06-03 22:00:00,1.28051,1.28117,1.28036,1.28087,715
2024-06-03 23:00:00,1.28092,1.28112,1.28084,1.2809,577
2024-06-04 00:00:00,1.2809,1.28171,1.2809,1.28114,1633
2024-06-04 01:00:00,1.28115,1.2812299999999999,1.28042,1.28053,1614
2024-06-04 02:00:00,1.28054,1.2808899999999999,1.2803200000000001,1.28075,1300
2024-06-04 03:00:00,1.28074,1.2811,1.28064,1.28088,1049
2024-06-04 04:00:00,1.28086,1.28122,1.28076,1.2808899999999999,885
2024-06-04 05:00:00,1.28088,1.2812000000000001,1.28003,1.28006,1247
2024-06-04 06:00:00,1.28004,1.2803200000000001,1.2793700000000001,1.27985,2312
2024-06-04 07:00:00,1.27985,1.28015,1.27855,1.27904,2815
2024-06-04 08:00:00,1.27907,1.27921,1.27732,1.27762,3111
2024-06-04 09:00:00,1.27765,1.2778399999999999,1.27584,1.27633,3200
2024-06-04 10:00:00,1.27629,1.27631,1.27421,1.27549,2840
2024-06-04 11:00:00,1.27549,1.27624,1.27453,1.27604,2547
2024-06-04 12:00:00,1.27607,1.27683,1.27573,1.27648,2831
2024-06-04 13:00:00,1.2765,1.27751,1.27582,1.27668,2863
2024-06-04 14:00:00,1.27673,1.27858,1.27597,1.27789,5275
2024-06-04 15:00:00,1.2779099999999999,1.2789,1.27776,1.2782,3202
2024-06-04 16:00:00,1.2782200000000001,1.27911,1.27816,1.27858,2620
2024-06-04 17:00:00,1.27856,1.27966,1.27813,1.27904,2306
2024-06-04 18:00:00,1.27901,1.27928,1.27795,1.27804,2197
2024-06-04 19:00:00,1.27805,1.27812,1.27708,1.27712,2120
2024-06-04 20:00:00,1.27714,1.2772999999999999,1.2766899999999999,1.27689,691
2024-06-04 21:00:00,1.2769,1.2769,1.27577,1.27577,714
2024-06-04 22:00:00,1.2770000000000001,1.27714,1.27677,1.27712,471
2024-06-04 23:00:00,1.27714,1.27726,1.27701,1.27721,527
2024-06-05 00:00:00,1.27722,1.27769,1.27678,1.27746,1646
2024-06-05 01:00:00,1.27747,1.2778399999999999,1.27709,1.27775,1581
2024-06-05 02:00:00,1.27774,1.27802,1.2775400000000001,1.2776100000000001,1220
2024-06-05 03:00:00,1.2776,1.27783,1.27691,1.27711,1283
2024-06-05 04:00:00,1.27707,1.27743,1.27694,1.27734,1063
2024-06-05 05:00:00,1.27734,1.27759,1.2766899999999999,1.27708,1515
2024-06-05 06:00:00,1.27706,1.27735,1.2764,1.27697,1911
2024-06-05 07:00:00,1.2770000000000001,1.27824,1.2766600000000001,1.27719,2637
2024-06-05 08:00:00,1.27718,1.27776,1.27701,1.27742,2023
2024-06-05 09:00:00,1.27741,1.2778399999999999,1.27672,1.2776100000000001,1975
2024-06-05 10:00:00,1.2776100000000001,1.2776100000000001,1.2766600000000001,1.27709,1714
2024-06-05 11:00:00,1.27709,1.2778800000000001,1.2766,1.27778,1777
2024-06-05 12:00:00,1.2778,1.27941,1.2776399999999999,1.27917,2996
2024-06-05 13:00:00,1.27916,1.27948,1.2778399999999999,1.27925,3892
2024-06-05 14:00:00,1.27929,1.27929,1.27548,1.27589,5460
2024-06-05 15:00:00,1.27592,1.27778,1.2757,1.27692,2939
2024-06-05 16:00:00,1.27686,1.27814,1.27623,1.27774,2247
2024-06-05 17:00:00,1.27774,1.2784,1.27739,1.27826,1803
2024-06-05 18:00:00,1.27826,1.27943,1.2781500000000001,1.27917,1694
2024-06-05 19:00:00,1.27917,1.2793700000000001,1.27884,1.27909,1360
2024-06-05 20:00:00,1.27909,1.2792,1.27855,1.27855,564
2024-06-05 21:00:00,1.27853,1.27869,1.27796,1.27809,1020
2024-06-05 22:00:00,1.27859,1.27899,1.27859,1.27898,414
2024-06-05 23:00:00,1.27901,1.27935,1.27896,1.27929,490
2024-06-06 00:00:00,1.2793,1.2802799999999999,1.27925,1.28016,1166
2024-06-06 01:00:00,1.28016,1.28085,1.28014,1.28071,1825
2024-06-06 02:00:00,1.28073,1.28075,1.28006,1.2802,1317
2024-06-06 03:00:00,1.28019,1.28026,1.2796699999999999,1.27983,995
2024-06-06 04:00:00,1.27983,1.2799,1.27939,1.27951,1047
2024-06-06 05:00:00,1.2795,1.27954,1.27911,1.27932,1259
2024-06-06 06:00:00,1.27933,1.27979,1.2787600000000001,1.2797100000000001,1912
2024-06-06 07:00:00,1.27975,1.27997,1.27857,1.27915,2300
2024-06-06 08:00:00,1.27917,1.27919,1.2775,1.27863,1984
2024-06-06 09:00:00,1.27865,1.27909,1.2779099999999999,1.27844,1784
2024-06-06 10:00:00,1.27844,1.27878,1.2777,1.27803,1767
2024-06-06 11:00:00,1.27802,1.27811,1.2766899999999999,1.27702,1771
2024-06-06 12:00:00,1.27702,1.27911,1.27654,1.2778100000000001,4806
2024-06-06 13:00:00,1.27778,1.27863,1.2762,1.27836,4488
2024-06-06 14:00:00,1.27841,1.27885,1.2768,1.2772299999999999,3008
2024-06-06 15:00:00,1.27721,1.27865,1.27715,1.27827,2192
2024-06-06 16:00:00,1.27828,1.27869,1.2775699999999999,1.27779,1734
2024-06-06 17:00:00,1.2778,1.2794699999999999,1.27772,1.27932,1449
2024-06-06 18:00:00,1.2793,1.27951,1.27823,1.27935,1588
2024-06-06 19:00:00,1.27935,1.27952,1.27863,1.27888,1666
2024-06-06 20:00:00,1.27889,1.27942,1.27888,1.27904,665
2024-06-06 21:00:00,1.27907,1.27907,1.2784900000000001,1.27873,705
2024-06-06 22:00:00,1.27908,1.27932,1.27904,1.27915,279
2024-06-06 23:00:00,1.27923,1.27932,1.27888,1.2792,453
2024-06-07 00:00:00,1.2792,1.2792,1.27853,1.27878,1287
2024-06-07 01:00:00,1.2788,1.27912,1.27832,1.27904,1741
2024-06-07 02:00:00,1.27905,1.27908,1.27862,1.2788599999999999,1281
2024-06-07 03:00:00,1.27885,1.2790599999999999,1.27868,1.2788300000000001,1280
2024-06-07 04:00:00,1.2788300000000001,1.27914,1.27873,1.279,1098
2024-06-07 05:00:00,1.27901,1.27908,1.27832,1.27839,1370
2024-06-07 06:00:00,1.2784,1.27954,1.27812,1.27941,1879
2024-06-07 07:00:00,1.2793999999999999,1.28015,1.27895,1.27996,2330
2024-06-07 08:00:00,1.27999,1.28006,1.2782,1.2787899999999999,2143
2024-06-07 09:00:00,1.27878,1.27993,1.27857,1.27956,2044
2024-06-07 10:00:00,1.27953,1.27973,1.27902,1.27914,1551
2024-06-07 11:00:00,1.27914,1.28082,1.2790300000000001,1.28067,1964
2024-06-07 12:00:00,1.28067,1.28167,1.27246,1.27375,6915
2024-06-07 13:00:00,1.27373,1.27394,1.27177,1.27254,5543
2024-06-07 14:00:00,1.27258,1.27403,1.27161,1.27223,4433
2024-06-07 15:00:00,1.27218,1.27271,1.27152,1.27238,3046
2024-06-07 16:00:00,1.2724,1.27294,1.27189,1.2723499999999999,2597
2024-06-07 17:00:00,1.27233,1.27264,1.27176,1.27251,1938
2024-06-07 18:00:00,1.27249,1.2726,1.27173,1.27233,1989
2024-06-07 19:00:00,1.27234,1.27247,1.2718099999999999,1.27203,1972
2024-06-07 20:00:00,1.2720099999999999,1.27229,1.2718099999999999,1.27182,736
2024-06-09 21:00:00,1.27114,1.27227,1.27042,1.27224,1062
2024-06-09 22:00:00,1.27241,1.27275,1.27129,1.27238,1096
2024-06-09 23:00:00,1.27248,1.2729,1.27244,1.27276,953
2024-06-10 00:00:00,1.27275,1.27305,1.27207,1.2724,1451
2024-06-10 01:00:00,1.27241,1.27263,1.2720799999999999,1.2724199999999999,1346
2024-06-10 02:00:00,1.27241,1.27248,1.27187,1.27206,776
2024-06-10 03:00:00,1.27206,1.27211,1.27134,1.27138,1104
2024-06-10 04:00:00,1.27139,1.27173,1.27101,1.2716,1125
2024-06-10 05:00:00,1.2716,1.272,1.27119,1.2717800000000001,1184
2024-06-10 06:00:00,1.27176,1.2717800000000001,1.27066,1.27107,2295
2024-06-10 07:00:00,1.2711000000000001,1.27236,1.27065,1.27223,2833
2024-06-10 08:00:00,1.27225,1.27245,1.27051,1.27074,2264
2024-06-10 09:00:00,1.27071,1.2711000000000001,1.26945,1.26973,2196
2024-06-10 10:00:00,1.26972,1.26985,1.2687300000000001,1.2695699999999999,2212
2024-06-10 11:00:00,1.2695699999999999,1.2718099999999999,1.26952,1.27135,1768
2024-06-10 12:00:00,1.27139,1.2729,1.27111,1.27121,2501
2024-06-10 13:00:00,1.27122,1.27157,1.27042,1.27084,2811
2024-06-10 14:00:00,1.27087,1.27211,1.27033,1.27161,2381
2024-06-10 15:00:00,1.27161,1.2730299999999999,1.27148,1.27301,2107
2024-06-10 16:00:00,1.27301,1.27365,1.27276,1.27281,2028
2024-06-10 17:00:00,1.27281,1.27366,1.27238,1.27331,1868
2024-06-10 18:00:00,1.27331,1.27345,1.27275,1.27321,1803
2024-06-10 19:00:00,1.2732299999999999,1.2735,1.27288,1.27302,1365
2024-06-10 20:00:00,1.27304,1.27319,1.27284,1.27295,417
2024-06-10 21:00:00,1.27297,1.2730299999999999,1.27213,1.27217,955
2024-06-10 22:00:00,1.2727,1.27332,1.27263,1.27297,517
2024-06-10 23:00:00,1.2730299999999999,1.2730299999999999,1.2724199999999999,1.27253,672
2024-06-11 00:00:00,1.27252,1.27287,1.2723900000000001,1.27273,1401
2024-06-11 01:00:00,1.27273,1.27312,1.27241,1.27294,1621
2024-06-11 02:00:00,1.27294,1.27338,1.27268,1.27316,1179
2024-06-11 03:00:00,1.27317,1.2736,1.27308,1.2735400000000001,1008
2024-06-11 04:00:00,1.27353,1.2738399999999999,1.27338,1.2734,873
2024-06-11 05:00:00,1.2734,1.2738,1.2732299999999999,1.27356,1181
2024-06-11 06:00:00,1.27352,1.27399,1.27148,1.27197,2673
2024-06-11 07:00:00,1.27194,1.27229,1.27133,1.27224,2209
2024-06-11 08:00:00,1.27225,1.27314,1.27199,1.27238,2317
2024-06-11 09:00:00,1.2724199999999999,1.27351,1.27223,1.27329,2650
2024-06-11 10:00:00,1.27331,1.27489,1.27321,1.2742,2574
2024-06-11 11:00:00,1.2742,1.27427,1.27335,1.27377,2575
2024-06-11 12:00:00,1.27378,1.27464,1.2732,1.27438,2588
2024-06-11 13:00:00,1.27438,1.27472,1.2708599999999999,1.27132,3412
2024-06-11 14:00:00,1.27128,1.2720799999999999,1.2705199999999999,1.2711700000000001,3322
2024-06-11 15:00:00,1.27116,1.27257,1.27106,1.2721,2589
2024-06-11 16:00:00,1.27211,1.27298,1.2717,1.27283,1620
2024-06-11 17:00:00,1.27283,1.27351,1.27263,1.2731,1897
2024-06-11 18:00:00,1.27309,1.27457,1.27306,1.27457,1563
2024-06-11 19:00:00,1.27455,1.27509,1.2739500000000001,1.2741,1509
2024-06-11 20:00:00,1.27411,1.27424,1.27353,1.2735699999999999,605
2024-06-11 21:00:00,1.27355,1.27392,1.27348,1.27368,636
2024-06-11 22:00:00,1.27399,1.27409,1.27373,1.27376,359
2024-06-11 23:00:00,1.27381,1.27398,1.27365,1.27389,392
2024-06-12 00:00:00,1.27389,1.27389,1.27325,1.27332,1183
2024-06-12 01:00:00,1.27332,1.27412,1.27322,1.27393,1660
2024-06-12 02:00:00,1.27393,1.27424,1.27379,1.27412,1116
2024-06-12 03:00:00,1.2741,1.27445,1.27402,1.27427,916
2024-06-12 04:00:00,1.27427,1.27427,1.27378,1.27387,744
2024-06-12 05:00:00,1.27387,1.2748,1.2737,1.27475,1173
2024-06-12 06:00:00,1.2749,1.27506,1.2736399999999999,1.2738,1996
2024-06-12 07:00:00,1.27382,1.27522,1.27365,1.27498,1842
2024-06-12 08:00:00,1.275,1.27593,1.27492,1.27568,1786
2024-06-12 09:00:00,1.27569,1.2757,1.27482,1.27555,1710
2024-06-12 10:00:00,1.27555,1.27617,1.2751299999999999,1.27606,1524
2024-06-12 11:00:00,1.2760799999999999,1.2766899999999999,1.2754699999999999,1.27595,1863
2024-06-12 12:00:00,1.27594,1.28577,1.27559,1.28524,6241
2024-06-12 13:00:00,1.28524,1.28598,1.28311,1.28354,4935
2024-06-12 14:00:00,1.28357,1.28555,1.28255,1.2842,3847
2024-06-12 15:00:00,1.2842,1.28505,1.2833999999999999,1.28399,3040
2024-06-12 16:00:00,1.28399,1.28497,1.2838,1.2845,2368
2024-06-12 17:00:00,1.28452,1.28481,1.28332,1.28377,2097
2024-06-12 18:00:00,1.28382,1.28413,1.27994,1.28114,14363
2024-06-12 19:00:00,1.28112,1.28171,1.27907,1.2796699999999999,4708
2024-06-12 20:00:00,1.27969,1.28009,1.27935,1.27966,779
2024-06-12 21:00:00,1.27965,1.2798,1.27889,1.27889,826
2024-06-12 22:00:00,1.27991,1.2800500000000001,1.27929,1.27938,568
2024-06-12 23:00:00,1.27942,1.27981,1.27932,1.27959,687
2024-06-13 00:00:00,1.27959,1.27988,1.27918,1.27948,1558
2024-06-13 01:00:00,1.27948,1.2799,1.27836,1.27847,1950
2024-06-13 02:00:00,1.27848,1.27891,1.27846,1.27873,1450
2024-06-13 03:00:00,1.27873,1.27899,1.27833,1.27846,1197
2024-06-13 04:00:00,1.2784499999999999,1.27847,1.27796,1.27799,880
2024-06-13 05:00:00,1.278,1.27807,1.27722,1.27795,1346
2024-06-13 06:00:00,1.2779099999999999,1.27828,1.27748,1.2776,1792
2024-06-13 07:00:00,1.2776,1.27907,1.27755,1.2787899999999999,2323
2024-06-13 08:00:00,1.2788,1.27985,1.27857,1.27979,2053
2024-06-13 09:00:00,1.27981,1.28,1.2783,1.2783,1972
2024-06-13 10:00:00,1.27829,1.27856,1.27706,1.27747,1840
2024-06-13 11:00:00,1.27747,1.27805,1.27633,1.27641,2107
2024-06-13 12:00:00,1.27641,1.2807,1.27613,1.2784200000000001,4864
2024-06-13 13:00:00,1.27844,1.27922,1.27688,1.2775400000000001,4080
2024-06-13 14:00:00,1.27753,1.2781,1.27585,1.2766199999999999,3408
2024-06-13 15:00:00,1.2766,1.27682,1.27514,1.27622,2943
2024-06-13 16:00:00,1.27623,1.27623,1.27377,1.2745199999999999,2934
2024-06-13 17:00:00,1.2745,1.2761,1.27444,1.27596,2665
2024-06-13 18:00:00,1.27595,1.27648,1.2756,1.27637,1814
2024-06-13 19:00:00,1.2763499999999999,1.2766600000000001,1.27615,1.27648,1585
2024-06-13 20:00:00,1.27647,1.27658,1.2759,1.27604,732
2024-06-13 21:00:00,1.27602,1.27618,1.27552,1.27552,750
2024-06-13 22:00:00,1.27595,1.27615,1.2758,1.27582,570
2024-06-13 23:00:00,1.27585,1.2759800000000001,1.27531,1.27533,613
2024-06-14 00:00:00,1.27534,1.27572,1.27501,1.27503,1260
2024-06-14 01:00:00,1.27504,1.27582,1.27493,1.27579,1258
2024-06-14 02:00:00,1.27577,1.27615,1.27561,1.27606,1277
2024-06-14 03:00:00,1.27606,1.2763,1.27495,1.27522,1825
2024-06-14 04:00:00,1.27522,1.27539,1.2748300000000001,1.2748599999999999,956
2024-06-14 05:00:00,1.27487,1.27526,1.27423,1.27426,1302
2024-06-14 06:00:00,1.27426,1.27446,1.27282,1.27345,2578
2024-06-14 07:00:00,1.27343,1.2736,1.27215,1.27297,2937
2024-06-14 08:00:00,1.27298,1.27319,1.27193,1.27213,2930
2024-06-14 09:00:00,1.27215,1.27225,1.26928,1.27055,3590
2024-06-14 10:00:00,1.2705600000000001,1.27145,1.2698,1.27057,3279
2024-06-14 11:00:00,1.27054,1.27167,1.27002,1.27035,2846
2024-06-14 12:00:00,1.2704,1.27053,1.26696,1.26899,3882
2024-06-14 13:00:00,1.2690000000000001,1.26953,1.26562,1.2663,3873
2024-06-14 14:00:00,1.26628,1.26705,1.26566,1.26664,4133
2024-06-14 15:00:00,1.26663,1.2686,1.26645,1.26822,2850
2024-06-14 16:00:00,1.26825,1.26889,1.26758,1.26858,2149
2024-06-14 17:00:00,1.26858,1.26922,1.26797,1.2684,1877
2024-06-14 18:00:00,1.26841,1.26852,1.26779,1.26806,1800
2024-06-14 19:00:00,1.26803,1.26892,1.26787,1.26892,1292
2024-06-14 20:00:00,1.26895,1.26901,1.26831,1.26861,943
2024-06-16 21:00:00,1.2675,1.26817,1.26642,1.268,851
2024-06-16 22:00:00,1.26831,1.26865,1.26804,1.26855,713
2024-06-16 23:00:00,1.2686600000000001,1.26871,1.26779,1.2683,725
2024-06-17 00:00:00,1.26829,1.26882,1.26807,1.26838,1538
2024-06-17 01:00:00,1.26838,1.26841,1.26761,1.26821,1549
2024-06-17 02:00:00,1.26819,1.26861,1.26803,1.26838,1272
2024-06-17 03:00:00,1.2683900000000001,1.26845,1.26783,1.26818,1112
2024-06-17 04:00:00,1.26819,1.26845,1.26795,1.2683,918
2024-06-17 05:00:00,1.2683,1.2683900000000001,1.26754,1.26765,1274
2024-06-17 06:00:00,1.26763,1.26763,1.26635,1.26677,2823
2024-06-17 07:00:00,1.26678,1.26769,1.26608,1.26678,2822
2024-06-17 08:00:00,1.26676,1.26779,1.26654,1.26734,2489
2024-06-17 09:00:00,1.26738,1.2677100000000001,1.26646,1.26669,2220
2024-06-17 10:00:00,1.2667,1.2669000000000001,1.26581,1.2668599999999999,1896
2024-06-17 11:00:00,1.2668599999999999,1.26738,1.26617,1.26624,1936
2024-06-17 12:00:00,1.26624,1.26692,1.26613,1.26668,2248
2024-06-17 13:00:00,1.26669,1.2675100000000001,1.26636,1.26738,2705
2024-06-17 14:00:00,1.26739,1.2680500000000001,1.26706,1.26789,2424
2024-06-17 15:00:00,1.26791,1.26891,1.26755,1.26864,2193
2024-06-17 16:00:00,1.26865,1.26974,1.26865,1.26956,2055
2024-06-17 17:00:00,1.26955,1.27023,1.26946,1.2701799999999999,1532
2024-06-17 18:00:00,1.2701799999999999,1.2709,1.2701799999999999,1.2705600000000001,1587
2024-06-17 19:00:00,1.27057,1.27064,1.26989,1.27026,1499
2024-06-17 20:00:00,1.27026,1.27057,1.27013,1.2702,597
2024-06-17 21:00:00,1.27023,1.2702499999999999,1.26939,1.2695699999999999,638
2024-06-17 22:00:00,1.27006,1.27085,1.27006,1.27074,457
2024-06-17 23:00:00,1.2708,1.2713700000000001,1.27039,1.27128,703
2024-06-18 00:00:00,1.27128,1.27145,1.27071,1.27091,1516
2024-06-18 01:00:00,1.27092,1.27107,1.26978,1.26986,1535
2024-06-18 02:00:00,1.26984,1.2701,1.26945,1.26971,1247
2024-06-18 03:00:00,1.2697,1.2698800000000001,1.2692999999999999,1.26967,988
2024-06-18 04:00:00,1.26968,1.26986,1.26922,1.26935,1292
2024-06-18 05:00:00,1.2693400000000001,1.26959,1.26912,1.2693699999999999,1537
2024-06-18 06:00:00,1.2693699999999999,1.27017,1.2688,1.27012,2103
2024-06-18 07:00:00,1.2701500000000001,1.2701500000000001,1.26757,1.26788,2506
2024-06-18 08:00:00,1.26788,1.2683499999999999,1.26724,1.26798,2325
2024-06-18 09:00:00,1.26795,1.26884,1.2678099999999999,1.2684199999999999,2422
2024-06-18 10:00:00,1.2684,1.26889,1.26799,1.26878,2096
2024-06-18 11:00:00,1.26881,1.26894,1.26706,1.26738,2015
2024-06-18 12:00:00,1.26741,1.26938,1.26682,1.26905,4165
2024-06-18 13:00:00,1.26907,1.2713999999999999,1.26892,1.27132,3231
2024-06-18 14:00:00,1.27136,1.27203,1.26881,1.26883,3533
2024-06-18 15:00:00,1.26884,1.26963,1.26851,1.26946,2779
2024-06-18 16:00:00,1.26949,1.27019,1.26913,1.27016,2045
2024-06-18 17:00:00,1.27016,1.27085,1.26974,1.27029,2310
2024-06-18 18:00:00,1.27027,1.2709,1.2699500000000001,1.2708,1784
2024-06-18 19:00:00,1.2707899999999999,1.27088,1.27041,1.27075,1554
2024-06-18 20:00:00,1.27073,1.27096,1.2704900000000001,1.2704900000000001,500
2024-06-18 21:00:00,1.27047,1.27081,1.2701,1.27027,1038
2024-06-18 22:00:00,1.27093,1.2711000000000001,1.2707,1.27088,327
2024-06-18 23:00:00,1.27094,1.27096,1.27058,1.27063,448
2024-06-19 00:00:00,1.27063,1.27074,1.2702200000000001,1.27032,976
2024-06-19 01:00:00,1.27032,1.27114,1.2702499999999999,1.27103,1197
2024-06-19 02:00:00,1.27103,1.27129,1.2708300000000001,1.27104,963
2024-06-19 03:00:00,1.27104,1.27121,1.27069,1.27077,849
2024-06-19 04:00:00,1.27075,1.2707600000000001,1.27043,1.2705600000000001,1077
2024-06-19 05:00:00,1.27057,1.27099,1.26996,1.27035,1366
2024-06-19 06:00:00,1.27024,1.2729300000000001,1.27024,1.2725,3092
2024-06-19 07:00:00,1.27249,1.27321,1.27151,1.27267,2627
2024-06-19 08:00:00,1.2727,1.2732299999999999,1.27243,1.27318,2011
2024-06-19 09:00:00,1.27318,1.27366,1.2726600000000001,1.2730000000000001,1909
2024-06-19 10:00:00,1.2730000000000001,1.2739500000000001,1.2727,1.27343,1906
2024-06-19 11:00:00,1.27345,1.27352,1.27279,1.27325,1972
2024-06-19 12:00:00,1.2732700000000001,1.27337,1.27151,1.27196,1963
2024-06-19 13:00:00,1.27196,1.27221,1.2716,1.27212,1749
2024-06-19 14:00:00,1.27213,1.2733400000000001,1.27204,1.27295,1713
2024-06-19 15:00:00,1.27295,1.27312,1.2720099999999999,1.27237,1313
2024-06-19 16:00:00,1.2723499999999999,1.27253,1.27198,1.27199,884
2024-06-19 17:00:00,1.272,1.27216,1.27158,1.27162,454
2024-06-19 18:00:00,1.27162,1.27176,1.27134,1.27176,343
2024-06-19 19:00:00,1.27176,1.27188,1.27158,1.2717800000000001,375
2024-06-19 20:00:00,1.27179,1.27202,1.27169,1.27195,368
2024-06-19 21:00:00,1.27198,1.27202,1.2715,1.27158,700
2024-06-19 22:00:00,1.27215,1.27229,1.27167,1.27186,654
2024-06-19 23:00:00,1.2719,1.27212,1.2719,1.27193,517
2024-06-20 00:00:00,1.27193,1.2720099999999999,1.27135,1.2715,1205
2024-06-20 01:00:00,1.2715,1.27187,1.271,1.27153,1420
2024-06-20 02:00:00,1.27154,1.27156,1.27095,1.2711999999999999,1040
2024-06-20 03:00:00,1.2711999999999999,1.27153,1.2711999999999999,1.27146,766
2024-06-20 04:00:00,1.27148,1.2717399999999999,1.2711700000000001,1.27131,832
2024-06-20 05:00:00,1.27131,1.27145,1.27071,1.27095,1088
2024-06-20 06:00:00,1.27094,1.2711299999999999,1.2702,1.27066,1725
2024-06-20 07:00:00,1.27066,1.27145,1.27053,1.27065,2121
2024-06-20 08:00:00,1.27063,1.27082,1.2695,1.2697,2053
2024-06-20 09:00:00,1.26966,1.27066,1.26944,1.27054,2195
2024-06-20 10:00:00,1.27053,1.2707,1.2699799999999999,1.27033,1591
2024-06-20 11:00:00,1.27043,1.2705600000000001,1.26757,1.26806,3537
2024-06-20 12:00:00,1.26807,1.26941,1.26746,1.26776,3349
2024-06-20 13:00:00,1.26779,1.26841,1.26748,1.26769,2880
2024-06-20 14:00:00,1.26767,1.2686600000000001,1.2675100000000001,1.26844,2471
2024-06-20 15:00:00,1.26843,1.2687,1.2666,1.26675,2379
2024-06-20 16:00:00,1.26675,1.26676,1.26586,1.26631,2313
2024-06-20 17:00:00,1.26632,1.2665199999999999,1.26586,1.26643,1991
2024-06-20 18:00:00,1.26644,1.26817,1.26644,1.26704,1760
2024-06-20 19:00:00,1.26702,1.26716,1.26609,1.2662900000000001,1866
2024-06-20 20:00:00,1.26628,1.26648,1.26539,1.26554,886
2024-06-20 21:00:00,1.2655699999999999,1.26584,1.26512,1.26556,912
2024-06-20 22:00:00,1.2658800000000001,1.2658800000000001,1.26566,1.26575,608
2024-06-20 23:00:00,1.26577,1.26616,1.2656399999999999,1.26594,678
2024-06-21 00:00:00,1.26596,1.26613,1.26545,1.26559,1204
2024-06-21 01:00:00,1.26559,1.26594,1.26545,1.26584,1427
2024-06-21 02:00:00,1.26586,1.2664900000000001,1.26576,1.26613,1203
2024-06-21 03:00:00,1.26615,1.26617,1.26589,1.26604,743
2024-06-21 04:00:00,1.26604,1.26616,1.26589,1.26615,538
2024-06-21 05:00:00,1.26615,1.26646,1.26593,1.26635,930
2024-06-21 06:00:00,1.26637,1.26748,1.26553,1.26553,2229
2024-06-21 07:00:00,1.26552,1.26571,1.26364,1.26424,3269
2024-06-21 08:00:00,1.26429,1.26611,1.26316,1.26538,3157
2024-06-21 09:00:00,1.26539,1.26602,1.26464,1.26526,2249
2024-06-21 10:00:00,1.26528,1.26528,1.26304,1.26321,2149
2024-06-21 11:00:00,1.2631999999999999,1.26453,1.2631000000000001,1.26426,2119
2024-06-21 12:00:00,1.26424,1.26491,1.26388,1.26479,2420
2024-06-21 13:00:00,1.26477,1.26504,1.26218,1.26314,3633
2024-06-21 14:00:00,1.26314,1.26418,1.26248,1.26248,3763
2024-06-21 15:00:00,1.26251,1.26421,1.26239,1.26419,2581
2024-06-21 16:00:00,1.26421,1.26464,1.26352,1.26386,2106
2024-06-21 17:00:00,1.26385,1.26427,1.2635,1.2640799999999999,1539
2024-06-21 18:00:00,1.2641,1.26477,1.26393,1.26465,1440
2024-06-21 19:00:00,1.2646600000000001,1.26502,1.26444,1.26475,1483
2024-06-21 20:00:00,1.26474,1.26507,1.26387,1.26431,1059
2024-06-23 21:00:00,1.26355,1.26403,1.2625,1.26392,786
2024-06-23 22:00:00,1.264,1.26432,1.26356,1.26427,676
2024-06-23 23:00:00,1.26437,1.26453,1.26365,1.2637399999999999,812
2024-06-24 00:00:00,1.26375,1.2643900000000001,1.26361,1.264,1217
2024-06-24 01:00:00,1.264,1.26407,1.26323,1.2637,1892
2024-06-24 02:00:00,1.2637,1.26395,1.26324,1.2637800000000001,1322
2024-06-24 03:00:00,1.2637800000000001,1.2644199999999999,1.2637399999999999,1.2641499999999999,1110
2024-06-24 04:00:00,1.2641499999999999,1.2645,1.2640799999999999,1.26446,958
2024-06-24 05:00:00,1.26449,1.26493,1.2643900000000001,1.26474,1326
2024-06-24 06:00:00,1.2647300000000001,1.26519,1.26454,1.26504,1779
2024-06-24 07:00:00,1.26506,1.26558,1.26444,1.26538,1927
2024-06-24 08:00:00,1.26539,1.2665199999999999,1.2653400000000001,1.2656800000000001,1998
2024-06-24 09:00:00,1.26565,1.26684,1.2656399999999999,1.26684,2081
2024-06-24 10:00:00,1.2668300000000001,1.26712,1.26618,1.26634,2150
2024-06-24 11:00:00,1.26631,1.26655,1.2659,1.26626,1683
2024-06-24 12:00:00,1.26623,1.26681,1.26599,1.2665,2076
2024-06-24 13:00:00,1.2664900000000001,1.26905,1.2664900000000001,1.26871,2627
2024-06-24 14:00:00,1.2687,1.26974,1.26837,1.26868,2629
2024-06-24 15:00:00,1.26867,1.26922,1.2681,1.26814,2125
2024-06-24 16:00:00,1.2681200000000001,1.26844,1.2678099999999999,1.26793,1541
2024-06-24 17:00:00,1.26791,1.26793,1.26728,1.26785,1894
2024-06-24 18:00:00,1.2678099999999999,1.26931,1.26767,1.26904,1647
2024-06-24 19:00:00,1.26904,1.26917,1.26848,1.26852,1537
2024-06-24 20:00:00,1.26855,1.26887,1.26829,1.26849,846
2024-06-24 21:00:00,1.26845,1.26861,1.26809,1.26824,840
2024-06-24 22:00:00,1.26858,1.26864,1.2681499999999999,1.26816,488
2024-06-24 23:00:00,1.26819,1.26823,1.26796,1.2681200000000001,546
2024-06-25 00:00:00,1.26813,1.26886,1.2681200000000001,1.26859,1172
2024-06-25 01:00:00,1.26859,1.2688,1.2683,1.26858,1532
2024-06-25 02:00:00,1.26855,1.26908,1.26853,1.26889,1070
2024-06-25 03:00:00,1.26889,1.26959,1.26887,1.26956,1027
2024-06-25 04:00:00,1.2695699999999999,1.26959,1.26901,1.26939,850
2024-06-25 05:00:00,1.2694,1.26985,1.26924,1.26926,1216
2024-06-25 06:00:00,1.26925,1.26925,1.26844,1.26881,1608
2024-06-25 07:00:00,1.26882,1.26933,1.26824,1.26886,2185
2024-06-25 08:00:00,1.26886,1.27019,1.2687300000000001,1.27005,1770
2024-06-25 09:00:00,1.27005,1.2702,1.2689,1.26904,1637
2024-06-25 10:00:00,1.26904,1.26955,1.2685,1.26882,1851
2024-06-25 11:00:00,1.26883,1.26913,1.26753,1.26819,2092
2024-06-25 12:00:00,1.26819,1.26852,1.2674400000000001,1.26796,2224
2024-06-25 13:00:00,1.26798,1.2685,1.2674,1.26841,2611
2024-06-25 14:00:00,1.26843,1.2687,1.26694,1.26714,3112
2024-06-25 15:00:00,1.26714,1.2680500000000001,1.26701,1.26741,2186
2024-06-25 16:00:00,1.26742,1.26816,1.26732,1.2677800000000001,1864
2024-06-25 17:00:00,1.26779,1.26905,1.26762,1.2687300000000001,1630
2024-06-25 18:00:00,1.2687300000000001,1.26951,1.26867,1.26928,1388
2024-06-25 19:00:00,1.26928,1.2695400000000001,1.26882,1.26892,1054
2024-06-25 20:00:00,1.26887,1.26894,1.26831,1.26847,602
2024-06-25 21:00:00,1.2685,1.26853,1.2680500000000001,1.26828,706
2024-06-25 22:00:00,1.26859,1.26875,1.2683900000000001,1.2684199999999999,498
2024-06-25 23:00:00,1.26845,1.26845,1.26827,1.2683499999999999,436
2024-06-26 00:00:00,1.2683499999999999,1.26855,1.26788,1.26841,1081
2024-06-26 01:00:00,1.2684,1.2692999999999999,1.26838,1.2688,1815
2024-06-26 02:00:00,1.26879,1.2690000000000001,1.26833,1.26858,1192
2024-06-26 03:00:00,1.26857,1.2689,1.26845,1.2686600000000001,1093
2024-06-26 04:00:00,1.2686600000000001,1.26879,1.2684,1.26854,1124
2024-06-26 05:00:00,1.26854,1.26879,1.26834,1.26854,1434
2024-06-26 06:00:00,1.26855,1.2686899999999999,1.26736,1.26754,1986
2024-06-26 07:00:00,1.26753,1.2676,1.26669,1.26701,2111
2024-06-26 08:00:00,1.26702,1.26709,1.26612,1.26653,1934
2024-06-26 09:00:00,1.26653,1.26734,1.26631,1.26678,1925
2024-06-26 10:00:00,1.26678,1.26687,1.26556,1.2656,1978
2024-06-26 11:00:00,1.26554,1.26593,1.2639,1.2659,2326
2024-06-26 12:00:00,1.2659099999999999,1.26623,1.26421,1.26446,2537
2024-06-26 13:00:00,1.26446,1.26508,1.26269,1.26365,3302
2024-06-26 14:00:00,1.26366,1.26493,1.26217,1.26219,3528
2024-06-26 15:00:00,1.2622200000000001,1.26292,1.26174,1.26231,2785
2024-06-26 16:00:00,1.2623,1.26332,1.26189,1.26255,2119
2024-06-26 17:00:00,1.26255,1.2637399999999999,1.2622499999999999,1.26315,2195
2024-06-26 18:00:00,1.26315,1.26315,1.26206,1.26211,1443
2024-06-26 19:00:00,1.26211,1.26254,1.2615,1.26244,1489
2024-06-26 20:00:00,1.26242,1.26253,1.26185,1.2619500000000001,761
2024-06-26 21:00:00,1.26199,1.26221,1.26186,1.2619099999999999,802
2024-06-26 22:00:00,1.2623199999999999,1.2623199999999999,1.26199,1.26202,462
2024-06-26 23:00:00,1.26203,1.26231,1.2618800000000001,1.26207,577
2024-06-27 00:00:00,1.26205,1.26209,1.26123,1.26138,1429
2024-06-27 01:00:00,1.26138,1.26278,1.26138,1.26276,1411
2024-06-27 02:00:00,1.26276,1.26301,1.26257,1.26273,1082
2024-06-27 03:00:00,1.26273,1.26321,1.26258,1.26295,920
2024-06-27 04:00:00,1.26294,1.26357,1.26287,1.2635399999999999,933
2024-06-27 05:00:00,1.2635399999999999,1.26386,1.26303,1.2637800000000001,1243
2024-06-27 06:00:00,1.2637399999999999,1.2643900000000001,1.26342,1.26428,1714
2024-06-27 07:00:00,1.26429,1.26467,1.26316,1.26329,2544
2024-06-27 08:00:00,1.26326,1.26367,1.2625899999999999,1.26343,2021
2024-06-27 09:00:00,1.26346,1.26492,1.26336,1.26465,2057
2024-06-27 10:00:00,1.26464,1.26535,1.26433,1.26511,1826
2024-06-27 11:00:00,1.26512,1.26516,1.26384,1.2640799999999999,1981
2024-06-27 12:00:00,1.2641,1.26605,1.26406,1.2655,3714
2024-06-27 13:00:00,1.26546,1.26669,1.26477,1.2662200000000001,3215
2024-06-27 14:00:00,1.26624,1.267,1.26472,1.26495,3358
2024-06-27 15:00:00,1.2649599999999999,1.26533,1.26432,1.26506,2643
2024-06-27 16:00:00,1.2650299999999999,1.26554,1.26474,1.26504,1930
2024-06-27 17:00:00,1.26505,1.2652999999999999,1.26436,1.26447,1551
2024-06-27 18:00:00,1.26447,1.2647,1.26403,1.26449,1778
2024-06-27 19:00:00,1.26449,1.26463,1.26372,1.2638,1328
2024-06-27 20:00:00,1.26384,1.26421,1.2638099999999999,1.26393,484
2024-06-27 21:00:00,1.26385,1.26404,1.26343,1.2637399999999999,991
2024-06-27 22:00:00,1.2641,1.2641,1.26371,1.26386,430
2024-06-27 23:00:00,1.26388,1.26452,1.26377,1.2643499999999999,572
2024-06-28 00:00:00,1.2643499999999999,1.26463,1.26282,1.26282,1314
2024-06-28 01:00:00,1.26284,1.2631299999999999,1.2622200000000001,1.26276,2001
2024-06-28 02:00:00,1.26276,1.2637399999999999,1.2624900000000001,1.26342,1596
2024-06-28 03:00:00,1.26343,1.2634400000000001,1.26278,1.26294,1197
2024-06-28 04:00:00,1.26295,1.26296,1.26213,1.2622900000000001,953
2024-06-28 05:00:00,1.26228,1.26332,1.26223,1.26312,1208
2024-06-28 06:00:00,1.26311,1.26407,1.26296,1.26402,1928
2024-06-28 07:00:00,1.2640500000000001,1.26495,1.26343,1.26426,2329
2024-06-28 08:00:00,1.2643,1.26444,1.26324,1.26349,2095
2024-06-28 09:00:00,1.2635,1.26505,1.26305,1.26483,2303
2024-06-28 10:00:00,1.26484,1.26553,1.2643499999999999,1.26546,2041
2024-06-28 11:00:00,1.26544,1.26578,1.2638,1.26417,1967
2024-06-28 12:00:00,1.26416,1.2665899999999999,1.26363,1.26499,4105
2024-06-28 13:00:00,1.26497,1.26509,1.26333,1.26342,3758
2024-06-28 14:00:00,1.26346,1.26437,1.2619099999999999,1.26421,4674
2024-06-28 15:00:00,1.26421,1.2643499999999999,1.26326,1.26362,3535
2024-06-28 16:00:00,1.26361,1.26468,1.2634699999999999,1.26414,2532
2024-06-28 17:00:00,1.26413,1.26535,1.26393,1.264,1753
2024-06-28 18:00:00,1.26399,1.26456,1.26364,1.26407,1823
2024-06-28 19:00:00,1.2641,1.2641,1.26303,1.2640500000000001,1872
2024-06-28 20:00:00,1.26407,1.26456,1.26383,1.26443,1349
2024-06-30 21:00:00,1.26332,1.26445,1.26267,1.26437,949
2024-06-30 22:00:00,1.26471,1.26504,1.26443,1.26492,919
2024-06-30 23:00:00,1.26494,1.26506,1.2647,1.26479,727
2024-07-01 00:00:00,1.26479,1.26555,1.26461,1.26522,1820
2024-07-01 01:00:00,1.26523,1.2665199999999999,1.26493,1.26579,1829
2024-07-01 02:00:00,1.26577,1.26611,1.2655699999999999,1.26602,1196
2024-07-01 03:00:00,1.26602,1.26606,1.26541,1.26556,839
2024-07-01 04:00:00,1.26555,1.26589,1.26539,1.26565,868
2024-07-01 05:00:00,1.26562,1.26661,1.26559,1.26654,1371
2024-07-01 06:00:00,1.26651,1.26887,1.2664900000000001,1.26836,2884
2024-07-01 07:00:00,1.26836,1.26857,1.26618,1.26632,2930
2024-07-01 08:00:00,1.26631,1.26795,1.2661,1.26731,2424
2024-07-01 09:00:00,1.26729,1.26773,1.26667,1.2671000000000001,1899
2024-07-01 10:00:00,1.2671000000000001,1.26732,1.26648,1.26718,2062
2024-07-01 11:00:00,1.2671700000000001,1.26795,1.26676,1.26763,1901
2024-07-01 12:00:00,1.26764,1.26768,1.26575,1.26646,2493
2024-07-01 13:00:00,1.2664900000000001,1.26834,1.26603,1.2681499999999999,2917
2024-07-01 14:00:00,1.26831,1.27105,1.26413,1.26461,4938
2024-07-01 15:00:00,1.26457,1.2646899999999999,1.26358,1.26459,3290
2024-07-01 16:00:00,1.26459,1.26573,1.26425,1.26479,2178
2024-07-01 17:00:00,1.26479,1.2649,1.26393,1.26393,1536
2024-07-01 18:00:00,1.26393,1.2641200000000001,1.26328,1.26403,1486
2024-07-01 19:00:00,1.26402,1.26456,1.26402,1.2643,1375
2024-07-01 20:00:00,1.26429,1.26512,1.26418,1.26486,828
2024-07-01 21:00:00,1.26483,1.26491,1.26416,1.26443,737
2024-07-01 22:00:00,1.2647599999999999,1.26502,1.26444,1.26456,387
2024-07-01 23:00:00,1.26458,1.26463,1.26434,1.26447,462
2024-07-02 00:00:00,1.26447,1.26471,1.26383,1.2640799999999999,1386
2024-07-02 01:00:00,1.2640799999999999,1.26421,1.26343,1.26399,1165
2024-07-02 02:00:00,1.26399,1.26409,1.26349,1.26364,874
2024-07-02 03:00:00,1.26364,1.26373,1.26316,1.26338,743
2024-07-02 04:00:00,1.26338,1.26356,1.26314,1.26324,678
2024-07-02 05:00:00,1.26325,1.26372,1.26306,1.26368,942
2024-07-02 06:00:00,1.2637,1.26392,1.26308,1.26322,1951
2024-07-02 07:00:00,1.2631999999999999,1.2635100000000001,1.26151,1.26242,2883
2024-07-02 08:00:00,1.26242,1.26319,1.26214,1.26284,2264
2024-07-02 09:00:00,1.26281,1.2634,1.26262,1.26322,1939
2024-07-02 10:00:00,1.26323,1.26449,1.26292,1.2641499999999999,1761
2024-07-02 11:00:00,1.26416,1.2652999999999999,1.26404,1.2652700000000001,1733
2024-07-02 12:00:00,1.26531,1.26689,1.2652999999999999,1.26638,2566
2024-07-02 13:00:00,1.26639,1.26844,1.2663,1.26782,3367
2024-07-02 14:00:00,1.26789,1.26829,1.26612,1.26753,4384
2024-07-02 15:00:00,1.26752,1.26809,1.26724,1.26748,2365
2024-07-02 16:00:00,1.2674699999999999,1.2675100000000001,1.26647,1.26681,1629
2024-07-02 17:00:00,1.26682,1.26783,1.26666,1.26766,1222
2024-07-02 18:00:00,1.26766,1.26841,1.26753,1.26833,1205
2024-07-02 19:00:00,1.26828,1.26872,1.26816,1.2687,1176
2024-07-02 20:00:00,1.26868,1.26871,1.2683499999999999,1.2684,497
2024-07-02 21:00:00,1.2683900000000001,1.26845,1.26748,1.26753,842
2024-07-02 22:00:00,1.26834,1.2690299999999999,1.26834,1.26901,415
2024-07-02 23:00:00,1.26906,1.26906,1.26864,1.26867,426
2024-07-03 00:00:00,1.26867,1.2692999999999999,1.26867,1.26879,1171
2024-07-03 01:00:00,1.26877,1.26879,1.2681,1.26827,1155
2024-07-03 02:00:00,1.26828,1.26872,1.26825,1.2683499999999999,864
2024-07-03 03:00:00,1.26831,1.2686899999999999,1.26831,1.26858,848
2024-07-03 04:00:00,1.26858,1.26883,1.26855,1.2686,615
2024-07-03 05:00:00,1.2686,1.26862,1.2677800000000001,1.26807,1024
2024-07-03 06:00:00,1.26809,1.26885,1.26786,1.26865,1676
2024-07-03 07:00:00,1.26868,1.26973,1.26856,1.2692999999999999,2168
2024-07-03 08:00:00,1.2692700000000001,1.2701,1.26875,1.26948,1900
2024-07-03 09:00:00,1.26949,1.2699500000000001,1.26914,1.2696100000000001,1581
2024-07-03 10:00:00,1.2696100000000001,1.27077,1.26938,1.2699,1743
2024-07-03 11:00:00,1.26989,1.27058,1.26958,1.2705600000000001,1512
2024-07-03 12:00:00,1.27057,1.27218,1.27016,1.27182,2648
2024-07-03 13:00:00,1.2718,1.27443,1.2717399999999999,1.27398,2299
2024-07-03 14:00:00,1.27412,1.27769,1.27399,1.27613,4804
2024-07-03 15:00:00,1.27612,1.27704,1.27561,1.27629,2900
2024-07-03 16:00:00,1.27634,1.27653,1.27508,1.2753700000000001,1945
2024-07-03 17:00:00,1.27538,1.27538,1.27345,1.2738,1230
2024-07-03 18:00:00,1.27379,1.27417,1.27333,1.27362,1427
2024-07-03 19:00:00,1.27358,1.27423,1.2735,1.2739500000000001,870
2024-07-03 20:00:00,1.2739500000000001,1.27427,1.27389,1.27419,406
2024-07-03 21:00:00,1.27417,1.27431,1.27365,1.27399,733
2024-07-03 22:00:00,1.2743,1.2746,1.27411,1.27453,522
2024-07-03 23:00:00,1.2745600000000001,1.2747600000000001,1.27439,1.27469,534
2024-07-04 00:00:00,1.27469,1.27508,1.27448,1.27502,986
2024-07-04 01:00:00,1.27503,1.27531,1.27466,1.275,1289
2024-07-04 02:00:00,1.275,1.27509,1.27445,1.2745600000000001,908
2024-07-04 03:00:00,1.27453,1.27464,1.27407,1.27416,805
2024-07-04 04:00:00,1.27417,1.27442,1.27414,1.27432,669
2024-07-04 05:00:00,1.2743,1.27482,1.27404,1.27475,902
2024-07-04 06:00:00,1.27472,1.27493,1.2742200000000001,1.27493,1661
2024-07-04 07:00:00,1.27491,1.27531,1.27406,1.27528,2234
2024-07-04 08:00:00,1.27529,1.2762,1.27501,1.2755,2006
2024-07-04 09:00:00,1.2755,1.27564,1.27463,1.27492,1743
2024-07-04 10:00:00,1.27494,1.27631,1.27481,1.27559,1592
2024-07-04 11:00:00,1.27558,1.27592,1.27516,1.27522,1439
2024-07-04 12:00:00,1.27522,1.27586,1.27467,1.2749,1532
2024-07-04 13:00:00,1.27489,1.27562,1.27467,1.27559,1457
2024-07-04 14:00:00,1.2756,1.27634,1.27551,1.27615,1823
2024-07-04 15:00:00,1.27617,1.27673,1.27593,1.27597,1289
2024-07-04 16:00:00,1.27596,1.27623,1.2758099999999999,1.27607,835
2024-07-04 17:00:00,1.27607,1.27616,1.27587,1.2759800000000001,385
2024-07-04 18:00:00,1.2759800000000001,1.27619,1.27582,1.27619,307
2024-07-04 19:00:00,1.27614,1.27625,1.27594,1.27607,367
2024-07-04 20:00:00,1.2760799999999999,1.27611,1.2757100000000001,1.27577,368
2024-07-04 21:00:00,1.2757399999999999,1.27591,1.27528,1.27557,764
2024-07-04 22:00:00,1.27597,1.27602,1.27554,1.27563,435
2024-07-04 23:00:00,1.27566,1.27573,1.27536,1.27546,471
2024-07-05 00:00:00,1.27546,1.27668,1.27543,1.27634,1527
2024-07-05 01:00:00,1.27633,1.27679,1.27609,1.27645,1217
2024-07-05 02:00:00,1.27645,1.27664,1.27619,1.27633,1051
2024-07-05 03:00:00,1.2763200000000001,1.2771,1.27621,1.27706,1254
2024-07-05 04:00:00,1.27706,1.27721,1.27686,1.27698,881
2024-07-05 05:00:00,1.27698,1.27698,1.27646,1.27689,989
2024-07-05 06:00:00,1.27689,1.2776100000000001,1.27686,1.27691,1677
2024-07-05 07:00:00,1.27691,1.278,1.27625,1.27796,2145
2024-07-05 08:00:00,1.27798,1.2781,1.27731,1.27789,1775
2024-07-05 09:00:00,1.2778800000000001,1.27887,1.2775400000000001,1.27869,1486
2024-07-05 10:00:00,1.27867,1.2790599999999999,1.2782499999999999,1.27874,1497
2024-07-05 11:00:00,1.27872,1.27882,1.2782499999999999,1.27838,1346
2024-07-05 12:00:00,1.27839,1.2810000000000001,1.27617,1.28021,5800
2024-07-05 13:00:00,1.28021,1.28134,1.27902,1.27983,4715
2024-07-05 14:00:00,1.27981,1.28015,1.27864,1.27976,3900
2024-07-05 15:00:00,1.27977,1.28114,1.27951,1.2806,2762
2024-07-05 16:00:00,1.28061,1.28081,1.27956,1.27981,1802
2024-07-05 17:00:00,1.27979,1.28045,1.2797100000000001,1.28026,1515
2024-07-05 18:00:00,1.28026,1.28165,1.28026,1.28158,1329
2024-07-05 19:00:00,1.28155,1.28168,1.2812000000000001,1.2815400000000001,1312
2024-07-05 20:00:00,1.28159,1.28159,1.28133,1.28142,759
2024-07-07 21:00:00,1.27794,1.2800500000000001,1.27786,1.27981,987
2024-07-07 22:00:00,1.2806600000000001,1.28137,1.28041,1.28063,786
2024-07-07 23:00:00,1.2806899999999999,1.28097,1.28045,1.28051,895
2024-07-08 00:00:00,1.28047,1.28091,1.28019,1.28042,1500
2024-07-08 01:00:00,1.28043,1.28112,1.28018,1.28107,1401
2024-07-08 02:00:00,1.28107,1.28109,1.28071,1.28086,934
2024-07-08 03:00:00,1.28086,1.28183,1.28076,1.28137,1220
2024-07-08 04:00:00,1.28137,1.28143,1.28105,1.28138,920
2024-07-08 05:00:00,1.28138,1.2816,1.28065,1.28087,1151
2024-07-08 06:00:00,1.2808899999999999,1.28102,1.28014,1.28019,2226
2024-07-08 07:00:00,1.28019,1.28146,1.27992,1.28135,2680
2024-07-08 08:00:00,1.28135,1.28209,1.28119,1.28185,2562
2024-07-08 09:00:00,1.28183,1.2821500000000001,1.28125,1.2818399999999999,1949
2024-07-08 10:00:00,1.28185,1.28299,1.28152,1.28164,2155
2024-07-08 11:00:00,1.28164,1.28322,1.28139,1.28318,2181
2024-07-08 12:00:00,1.2832,1.28397,1.28314,1.2837399999999999,2232
2024-07-08 13:00:00,1.28375,1.2844,1.2835,1.28404,2272
2024-07-08 14:00:00,1.2840099999999999,1.2845,1.28285,1.28329,2344
2024-07-08 15:00:00,1.2833,1.28331,1.28238,1.28254,1970
2024-07-08 16:00:00,1.2825,1.28262,1.28196,1.28209,1404
2024-07-08 17:00:00,1.28209,1.28224,1.28141,1.28174,1184
2024-07-08 18:00:00,1.28174,1.28174,1.28075,1.28117,1028
2024-07-08 19:00:00,1.28115,1.28119,1.28071,1.28094,956
2024-07-08 20:00:00,1.28094,1.28099,1.28054,1.2806,415
2024-07-08 21:00:00,1.28057,1.2807,1.28011,1.28034,930
2024-07-08 22:00:00,1.2806899999999999,1.2808899999999999,1.28064,1.28088,349
2024-07-08 23:00:00,1.2809,1.28152,1.28078,1.28149,581
2024-07-09 00:00:00,1.28149,1.28164,1.2806600000000001,1.28075,995
2024-07-09 01:00:00,1.28075,1.2808899999999999,1.28004,1.28031,1291
2024-07-09 02:00:00,1.2803,1.28055,1.27981,1.28037,1154
2024-07-09 03:00:00,1.28037,1.28067,1.28027,1.28044,1008
2024-07-09 04:00:00,1.28045,1.28086,1.2803499999999999,1.2808,955
2024-07-09 05:00:00,1.28078,1.28106,1.28045,1.28092,1022
2024-07-09 06:00:00,1.2809599999999999,1.28121,1.28025,1.28064,1712
2024-07-09 07:00:00,1.28065,1.2812000000000001,1.27957,1.27973,2182
2024-07-09 08:00:00,1.27973,1.28057,1.27954,1.28049,1914
2024-07-09 09:00:00,1.28049,1.28139,1.28031,1.28075,1678
2024-07-09 10:00:00,1.28074,1.2824499999999999,1.28051,1.28142,1946
2024-07-09 11:00:00,1.28142,1.28145,1.27933,1.27991,1967
2024-07-09 12:00:00,1.27993,1.28067,1.2796699999999999,1.2806,2360
2024-07-09 13:00:00,1.28063,1.28208,1.2803499999999999,1.28148,2444
2024-07-09 14:00:00,1.28149,1.28209,1.27905,1.27965,4383
2024-07-09 15:00:00,1.27963,1.28018,1.27771,1.27841,2877
2024-07-09 16:00:00,1.27841,1.27866,1.27776,1.27828,2075
2024-07-09 17:00:00,1.27831,1.279,1.27817,1.27821,1895
2024-07-09 18:00:00,1.2782200000000001,1.27875,1.27808,1.27862,1182
2024-07-09 19:00:00,1.27861,1.27895,1.27835,1.27891,1275
2024-07-09 20:00:00,1.27892,1.27893,1.27854,1.27857,496
2024-07-09 21:00:00,1.27859,1.27861,1.27812,1.27836,955
2024-07-09 22:00:00,1.27869,1.2787600000000001,1.27856,1.27864,298
2024-07-09 23:00:00,1.2787,1.2788599999999999,1.27857,1.27873,444
2024-07-10 00:00:00,1.27873,1.2791000000000001,1.27839,1.27854,1081
2024-07-10 01:00:00,1.27854,1.27891,1.27847,1.27873,1071
2024-07-10 02:00:00,1.27872,1.27893,1.27837,1.2789,1419
2024-07-10 03:00:00,1.27889,1.27941,1.2788,1.27921,766
2024-07-10 04:00:00,1.2792,1.27941,1.27905,1.2793999999999999,770
2024-07-10 05:00:00,1.27941,1.27958,1.27878,1.279,846
2024-07-10 06:00:00,1.27902,1.2797100000000001,1.2788300000000001,1.27961,1594
2024-07-10 07:00:00,1.27959,1.28014,1.27896,1.27921,1966
2024-07-10 08:00:00,1.27919,1.27984,1.27888,1.2796,1956
2024-07-10 09:00:00,1.27962,1.28115,1.27959,1.28081,1768
2024-07-10 10:00:00,1.2808,1.28113,1.28017,1.28078,1722
2024-07-10 11:00:00,1.28078,1.28122,1.28053,1.28058,1823
2024-07-10 12:00:00,1.28057,1.28111,1.28044,1.2808,1741
2024-07-10 13:00:00,1.2808,1.28362,1.28055,1.2828,2961
2024-07-10 14:00:00,1.2827899999999999,1.28445,1.28251,1.28293,2846
2024-07-10 15:00:00,1.28292,1.28465,1.28289,1.28403,2247
2024-07-10 16:00:00,1.2840500000000001,1.28465,1.28391,1.28455,1704
2024-07-10 17:00:00,1.28456,1.2846199999999999,1.28341,1.28389,1474
2024-07-10 18:00:00,1.28389,1.28454,1.28353,1.28449,1073
2024-07-10 19:00:00,1.28448,1.2846,1.28399,1.28452,1171
2024-07-10 20:00:00,1.28451,1.28484,1.28442,1.28472,595
2024-07-10 21:00:00,1.2847,1.2848,1.2844,1.28444,344
2024-07-10 22:00:00,1.28478,1.28492,1.28475,1.28482,371
2024-07-10 23:00:00,1.2848899999999999,1.28537,1.28487,1.28533,477
2024-07-11 00:00:00,1.28534,1.2858399999999999,1.28518,1.28542,1087
2024-07-11 01:00:00,1.28539,1.28564,1.28488,1.28558,1006
2024-07-11 02:00:00,1.28559,1.28639,1.2855400000000001,1.28606,1066
2024-07-11 03:00:00,1.28606,1.28622,1.28582,1.28603,916
2024-07-11 04:00:00,1.28604,1.2861,1.2856,1.28571,828
2024-07-11 05:00:00,1.28572,1.286,1.28543,1.28551,867
2024-07-11 06:00:00,1.28555,1.28674,1.28551,1.28583,2300
2024-07-11 07:00:00,1.28585,1.2870300000000001,1.28564,1.28656,2069
2024-07-11 08:00:00,1.28656,1.28748,1.28655,1.28745,1927
2024-07-11 09:00:00,1.28744,1.28789,1.28721,1.28756,1941
2024-07-11 10:00:00,1.28757,1.28815,1.28736,1.2876400000000001,1607
2024-07-11 11:00:00,1.28765,1.2879,1.2870599999999999,1.28763,1480
2024-07-11 12:00:00,1.28762,1.2949,1.28685,1.2931300000000001,6904
2024-07-11 13:00:00,1.2931,1.2948,1.29034,1.29266,6560
2024-07-11 14:00:00,1.2927,1.29359,1.2910300000000001,1.29239,4291
2024-07-11 15:00:00,1.29241,1.29279,1.29098,1.29159,3264
2024-07-11 16:00:00,1.29159,1.29179,1.29044,1.2910300000000001,2693
2024-07-11 17:00:00,1.29105,1.29108,1.2898399999999999,1.2901500000000001,2511
2024-07-11 18:00:00,1.29014,1.29146,1.2901099999999999,1.29126,2046
2024-07-11 19:00:00,1.29126,1.29145,1.29077,1.29111,1816
2024-07-11 20:00:00,1.29109,1.29139,1.29099,1.29124,547
2024-07-11 21:00:00,1.29121,1.29126,1.29065,1.29075,895
2024-07-11 22:00:00,1.29117,1.29157,1.29086,1.29118,594
2024-07-11 23:00:00,1.29126,1.2923499999999999,1.29102,1.29229,1551
2024-07-12 00:00:00,1.2923,1.29237,1.29084,1.29088,2000
2024-07-12 01:00:00,1.29087,1.29118,1.29027,1.29033,1539
2024-07-12 02:00:00,1.29034,1.2907,1.29017,1.2904499999999999,1515
2024-07-12 03:00:00,1.2904499999999999,1.29087,1.29028,1.2907,1052
2024-07-12 04:00:00,1.2907,1.29121,1.2907,1.29108,1026
2024-07-12 05:00:00,1.29111,1.29158,1.29088,1.29119,1276
2024-07-12 06:00:00,1.29121,1.29166,1.2902,1.29057,2046
2024-07-12 07:00:00,1.29058,1.29297,1.2904499999999999,1.2927,2170
2024-07-12 08:00:00,1.29273,1.29453,1.2927,1.29453,2150
2024-07-12 09:00:00,1.29455,1.29496,1.29412,1.29489,1853
2024-07-12 10:00:00,1.29489,1.29611,1.29484,1.29609,2109
2024-07-12 11:00:00,1.2961,1.29658,1.29579,1.2960099999999999,1849
2024-07-12 12:00:00,1.29604,1.2968199999999999,1.29311,1.29644,5151
2024-07-12 13:00:00,1.29646,1.29789,1.29575,1.29789,4340
2024-07-12 14:00:00,1.298,1.29898,1.29708,1.29886,4234
2024-07-12 15:00:00,1.29888,1.29901,1.29824,1.29839,2636
2024-07-12 16:00:00,1.2983799999999999,1.29885,1.29828,1.29864,1972
2024-07-12 17:00:00,1.29866,1.29895,1.29801,1.29877,1471
2024-07-12 18:00:00,1.29877,1.2989600000000001,1.29836,1.29884,1264
2024-07-12 19:00:00,1.29884,1.299,1.2982,1.29855,1503
2024-07-12 20:00:00,1.29857,1.29888,1.29841,1.29884,597
2024-07-14 21:00:00,1.29578,1.2974700000000001,1.29541,1.2972299999999999,941
2024-07-14 22:00:00,1.29768,1.29776,1.29614,1.29684,1147
2024-07-14 23:00:00,1.2968600000000001,1.29692,1.2964,1.29667,926
2024-07-15 00:00:00,1.29667,1.29678,1.29617,1.2965499999999999,1501
2024-07-15 01:00:00,1.29654,1.29672,1.29611,1.29656,1205
2024-07-15 02:00:00,1.29656,1.29707,1.29624,1.29696,958
2024-07-15 03:00:00,1.29696,1.29746,1.2968600000000001,1.29736,832
2024-07-15 04:00:00,1.29736,1.29749,1.29715,1.29744,970
2024-07-15 05:00:00,1.29744,1.29779,1.29729,1.29743,1088
2024-07-15 06:00:00,1.29745,1.29768,1.29633,1.29694,2139
2024-07-15 07:00:00,1.29696,1.29825,1.2962799999999999,1.29816,2538
2024-07-15 08:00:00,1.2981500000000001,1.29889,1.2981,1.2988,1991
2024-07-15 09:00:00,1.2988,1.29909,1.29802,1.29822,2095
2024-07-15 10:00:00,1.29823,1.29837,1.29687,1.29782,2204
2024-07-15 11:00:00,1.29783,1.29816,1.29704,1.2973,2040
2024-07-15 12:00:00,1.29732,1.29782,1.29669,1.29766,2404
2024-07-15 13:00:00,1.29768,1.29939,1.29756,1.29927,2733
2024-07-15 14:00:00,1.29927,1.29943,1.29793,1.29827,2980
2024-07-15 15:00:00,1.29826,1.2990300000000001,1.29796,1.29818,2489
2024-07-15 16:00:00,1.29818,1.29887,1.29671,1.29768,3389
2024-07-15 17:00:00,1.29768,1.29768,1.29615,1.29654,2852
2024-07-15 18:00:00,1.29656,1.29732,1.29634,1.2972000000000001,1835
2024-07-15 19:00:00,1.29717,1.29726,1.29654,1.29676,1650
2024-07-15 20:00:00,1.29677,1.2968899999999999,1.29661,1.29673,487
2024-07-15 21:00:00,1.2967,1.29672,1.29552,1.29552,996
2024-07-15 22:00:00,1.29643,1.2968,1.29643,1.29663,523
2024-07-15 23:00:00,1.29666,1.29692,1.2966199999999999,1.29688,730
2024-07-16 00:00:00,1.29688,1.29694,1.29633,1.29644,1256
2024-07-16 01:00:00,1.29643,1.29657,1.2961,1.29656,1391
2024-07-16 02:00:00,1.29657,1.29664,1.29611,1.29624,1137
2024-07-16 03:00:00,1.29622,1.29647,1.29619,1.29633,950
2024-07-16 04:00:00,1.29633,1.2965,1.29612,1.29626,973
2024-07-16 05:00:00,1.29626,1.29626,1.29558,1.29572,1340
2024-07-16 06:00:00,1.29572,1.29608,1.29509,1.29545,2246
2024-07-16 07:00:00,1.29548,1.2972299999999999,1.29534,1.29683,2069
2024-07-16 08:00:00,1.29684,1.29709,1.29546,1.29632,2448
2024-07-16 09:00:00,1.2963,1.29702,1.29575,1.29674,2448
2024-07-16 10:00:00,1.29674,1.29718,1.29602,1.29653,1975
2024-07-16 11:00:00,1.29656,1.29696,1.29604,1.29683,2015
2024-07-16 12:00:00,1.29683,1.29793,1.29378,1.29465,3671
2024-07-16 13:00:00,1.29464,1.2957,1.29402,1.29534,2822
2024-07-16 14:00:00,1.29534,1.29562,1.29413,1.29468,2803
2024-07-16 15:00:00,1.2947,1.29578,1.29466,1.29549,2495
2024-07-16 16:00:00,1.29554,1.2956699999999999,1.2948,1.29539,1957
2024-07-16 17:00:00,1.29538,1.29611,1.29523,1.29586,1524
2024-07-16 18:00:00,1.29585,1.2968,1.29568,1.29677,1553
2024-07-16 19:00:00,1.29681,1.29762,1.29664,1.2974,1259
2024-07-16 20:00:00,1.2974,1.29758,1.29707,1.29715,669
2024-07-16 21:00:00,1.29712,1.29728,1.29671,1.29677,868
2024-07-16 22:00:00,1.2972000000000001,1.29751,1.2968899999999999,1.2974700000000001,676
2024-07-16 23:00:00,1.29751,1.29775,1.29717,1.29769,918
2024-07-17 00:00:00,1.29771,1.29779,1.29672,1.29692,1573
2024-07-17 01:00:00,1.2969,1.29745,1.29663,1.29736,1362
2024-07-17 02:00:00,1.29736,1.2978100000000001,1.29714,1.29742,1130
2024-07-17 03:00:00,1.29742,1.2974999999999999,1.29695,1.29748,1021
2024-07-17 04:00:00,1.29748,1.29762,1.29676,1.29681,902
2024-07-17 05:00:00,1.29679,1.29744,1.29656,1.29737,1292
2024-07-17 06:00:00,1.29733,1.29897,1.29701,1.29859,3357
2024-07-17 07:00:00,1.2986,1.30128,1.29829,1.30073,3309
2024-07-17 08:00:00,1.30076,1.3029899999999999,1.30065,1.30277,3391
2024-07-17 09:00:00,1.30278,1.30434,1.30258,1.30424,3020
2024-07-17 10:00:00,1.30424,1.3044,1.30284,1.30323,2021
2024-07-17 11:00:00,1.30323,1.30407,1.3030599999999999,1.30325,2288
2024-07-17 12:00:00,1.30325,1.30344,1.30213,1.30319,2753
2024-07-17 13:00:00,1.30316,1.3035700000000001,1.30221,1.30314,3450
2024-07-17 14:00:00,1.30314,1.30314,1.30103,1.30129,3423
2024-07-17 15:00:00,1.30124,1.3014000000000001,1.29986,1.30053,2730
2024-07-17 16:00:00,1.30048,1.30075,1.29984,1.30039,2390
2024-07-17 17:00:00,1.30036,1.3009,1.3000099999999999,1.3004,2205
2024-07-17 18:00:00,1.30041,1.3011599999999999,1.30031,1.3005200000000001,1771
2024-07-17 19:00:00,1.30051,1.3011599999999999,1.30051,1.30076,1635
2024-07-17 20:00:00,1.30075,1.30115,1.30051,1.30078,806
2024-07-17 21:00:00,1.3008,1.3008,1.2998,1.3005200000000001,896
2024-07-17 22:00:00,1.30083,1.3009,1.30061,1.30084,619
2024-07-17 23:00:00,1.30084,1.30106,1.30037,1.30077,979
2024-07-18 00:00:00,1.30075,1.30103,1.30017,1.30034,1311
2024-07-18 01:00:00,1.30034,1.30069,1.29995,1.3002799999999999,1800
2024-07-18 02:00:00,1.30029,1.30037,1.29986,1.3002099999999999,1259
2024-07-18 03:00:00,1.30023,1.3005,1.30011,1.3001800000000001,1046
2024-07-18 04:00:00,1.3001800000000001,1.30045,1.2999100000000001,1.30011,953
2024-07-18 05:00:00,1.30011,1.30124,1.30005,1.30084,1340
2024-07-18 06:00:00,1.30087,1.301,1.2983799999999999,1.29914,2696
2024-07-18 07:00:00,1.29912,1.30023,1.29895,1.29996,2905
2024-07-18 08:00:00,1.2999800000000001,1.30032,1.29823,1.29858,2374
2024-07-18 09:00:00,1.29857,1.2991,1.29814,1.29883,2038
2024-07-18 10:00:00,1.29884,1.29962,1.2984200000000001,1.29907,1842
2024-07-18 11:00:00,1.29907,1.29911,1.29771,1.29809,1747
2024-07-18 12:00:00,1.2981099999999999,1.29897,1.29741,1.2981099999999999,3132
2024-07-18 13:00:00,1.2980800000000001,1.2984200000000001,1.29746,1.2976,3306
2024-07-18 14:00:00,1.29759,1.2984499999999999,1.29688,1.2977400000000001,3229
2024-07-18 15:00:00,1.2977400000000001,1.29794,1.29681,1.2972000000000001,2853
2024-07-18 16:00:00,1.29718,1.29766,1.29677,1.2971300000000001,2379
2024-07-18 17:00:00,1.2971300000000001,1.2971599999999999,1.29607,1.29612,1938
2024-07-18 18:00:00,1.29612,1.29615,1.29433,1.29481,2084
2024-07-18 19:00:00,1.2948,1.29492,1.294,1.29451,2025
2024-07-18 20:00:00,1.29453,1.29466,1.29416,1.2942,652
2024-07-18 21:00:00,1.29423,1.29436,1.2936,1.29363,1119
2024-07-18 22:00:00,1.2941799999999999,1.29462,1.2941799999999999,1.2943799999999999,690
2024-07-18 23:00:00,1.29439,1.29505,1.2943,1.29488,647
2024-07-19 00:00:00,1.29489,1.2949,1.29409,1.29444,1673
2024-07-19 01:00:00,1.29444,1.29467,1.29339,1.2934700000000001,1556
2024-07-19 02:00:00,1.2934700000000001,1.29441,1.29342,1.29433,1318
2024-07-19 03:00:00,1.29433,1.2944200000000001,1.29389,1.294,860
2024-07-19 04:00:00,1.29401,1.29426,1.2937,1.29383,699
2024-07-19 05:00:00,1.29383,1.29412,1.29343,1.2940800000000001,1108
2024-07-19 06:00:00,1.29406,1.29406,1.2926199999999999,1.29342,2532
2024-07-19 07:00:00,1.2934700000000001,1.2941500000000001,1.29238,1.29285,2817
2024-07-19 08:00:00,1.29287,1.2929300000000001,1.2913999999999999,1.29169,2563
2024-07-19 09:00:00,1.2916699999999999,1.29181,1.29059,1.2907199999999999,1970
2024-07-19 10:00:00,1.2907,1.29211,1.29004,1.29187,2343
2024-07-19 11:00:00,1.29189,1.29271,1.2917100000000001,1.29265,1941
2024-07-19 12:00:00,1.29267,1.29284,1.29146,1.29197,2238
2024-07-19 13:00:00,1.29199,1.29263,1.29144,1.29206,2940
2024-07-19 14:00:00,1.29205,1.2925200000000001,1.29134,1.29159,3061
2024-07-19 15:00:00,1.2916,1.29224,1.2911000000000001,1.29202,2198
2024-07-19 16:00:00,1.29202,1.29243,1.29134,1.2913999999999999,1573
2024-07-19 17:00:00,1.2913999999999999,1.29179,1.2907899999999999,1.2917100000000001,1814
2024-07-19 18:00:00,1.2917100000000001,1.29173,1.29061,1.29092,1543
2024-07-19 19:00:00,1.29092,1.29146,1.29087,1.29104,1678
2024-07-19 20:00:00,1.29105,1.29136,1.29084,1.29124,900
2024-07-21 21:00:00,1.28975,1.29123,1.28968,1.29085,853
2024-07-21 22:00:00,1.29159,1.29337,1.29158,1.29331,881
2024-07-21 23:00:00,1.29331,1.29386,1.29309,1.29317,990
2024-07-22 00:00:00,1.29318,1.29329,1.29244,1.29283,1387
2024-07-22 01:00:00,1.29283,1.29298,1.29143,1.29152,1263
2024-07-22 02:00:00,1.2915,1.2922500000000001,1.29117,1.2921,1302
2024-07-22 03:00:00,1.2921,1.29246,1.2919,1.29222,971
2024-07-22 04:00:00,1.29222,1.29238,1.2917100000000001,1.29173,922
2024-07-22 05:00:00,1.29172,1.29172,1.29109,1.29124,1190
2024-07-22 06:00:00,1.29123,1.292,1.29093,1.29176,2962
2024-07-22 07:00:00,1.29178,1.29308,1.29178,1.29236,3036
2024-07-22 08:00:00,1.2923499999999999,1.29318,1.29209,1.29272,2099
2024-07-22 09:00:00,1.29271,1.29336,1.29243,1.29299,1888
2024-07-22 10:00:00,1.29299,1.29409,1.29238,1.29373,2167
2024-07-22 11:00:00,1.2937400000000001,1.2941799999999999,1.2923200000000001,1.29242,1718
2024-07-22 12:00:00,1.29241,1.2929,1.2913299999999999,1.29158,2332
2024-07-22 13:00:00,1.29161,1.2919399999999999,1.29131,1.29173,2485
2024-07-22 14:00:00,1.29172,1.29176,1.29067,1.29124,2485
2024-07-22 15:00:00,1.29124,1.29183,1.29044,1.29081,2386
2024-07-22 16:00:00,1.29081,1.29182,1.29054,1.2917399999999999,1918
2024-07-22 17:00:00,1.29175,1.2925200000000001,1.29172,1.29212,1647
2024-07-22 18:00:00,1.29211,1.29241,1.29183,1.2924,1286
2024-07-22 19:00:00,1.29241,1.29288,1.29215,1.29284,1139
2024-07-22 20:00:00,1.29285,1.2933,1.29278,1.29322,467
2024-07-22 21:00:00,1.29315,1.29315,1.29211,1.29239,1261
2024-07-22 22:00:00,1.2928899999999999,1.29342,1.2928899999999999,1.2932299999999999,334
2024-07-22 23:00:00,1.2932299999999999,1.29325,1.29301,1.29302,459
2024-07-23 00:00:00,1.29302,1.29344,1.29246,1.29279,1438
2024-07-23 01:00:00,1.29279,1.29334,1.29256,1.29292,1332
2024-07-23 02:00:00,1.29292,1.29311,1.29241,1.29273,1202
2024-07-23 03:00:00,1.29274,1.29322,1.29266,1.29299,1046
2024-07-23 04:00:00,1.293,1.29318,1.29266,1.29275,989
2024-07-23 05:00:00,1.29275,1.29282,1.2924,1.2926199999999999,1037
2024-07-23 06:00:00,1.29261,1.29268,1.29119,1.29177,1924
2024-07-23 07:00:00,1.29177,1.29253,1.29107,1.29162,2298
2024-07-23 08:00:00,1.29157,1.29283,1.29088,1.29227,2371
2024-07-23 09:00:00,1.2922799999999999,1.29248,1.29101,1.29111,2000
2024-07-23 10:00:00,1.29111,1.29116,1.28871,1.2902,2543
2024-07-23 11:00:00,1.29022,1.29144,1.2898,1.29114,2164
2024-07-23 12:00:00,1.29112,1.29192,1.29035,1.29054,2475
2024-07-23 13:00:00,1.29052,1.2917,1.29035,1.29116,2649
2024-07-23 14:00:00,1.29119,1.2917399999999999,1.29062,1.2907600000000001,2695
2024-07-23 15:00:00,1.29074,1.29165,1.29062,1.29134,2166
2024-07-23 16:00:00,1.29135,1.29161,1.2907600000000001,1.29095,1623
2024-07-23 17:00:00,1.29096,1.29129,1.29033,1.29065,1664
2024-07-23 18:00:00,1.29065,1.29081,1.29022,1.29037,1095
2024-07-23 19:00:00,1.29037,1.29037,1.28997,1.29026,977
2024-07-23 20:00:00,1.29027,1.2907199999999999,1.29025,1.29043,772
2024-07-23 21:00:00,1.29041,1.29068,1.29016,1.29031,567
2024-07-23 22:00:00,1.2907199999999999,1.29074,1.29038,1.2904,599
2024-07-23 23:00:00,1.2904,1.29044,1.28992,1.29003,595
2024-07-24 00:00:00,1.29003,1.2901500000000001,1.28952,1.28966,1388
2024-07-24 01:00:00,1.28967,1.28997,1.28934,1.2895400000000001,1475
2024-07-24 02:00:00,1.2895400000000001,1.2895400000000001,1.28876,1.2889300000000001,1041
2024-07-24 03:00:00,1.2889300000000001,1.28907,1.28861,1.2888899999999999,1229
2024-07-24 04:00:00,1.28888,1.28899,1.28833,1.28869,1407
2024-07-24 05:00:00,1.2887,1.28953,1.28869,1.28948,1373
2024-07-24 06:00:00,1.28946,1.28948,1.28819,1.2885900000000001,2009
2024-07-24 07:00:00,1.28858,1.29012,1.28843,1.28864,2688
2024-07-24 08:00:00,1.2886199999999999,1.28997,1.28772,1.28959,2861
2024-07-24 09:00:00,1.28958,1.2909,1.28882,1.29086,2178
2024-07-24 10:00:00,1.29086,1.29095,1.29004,1.29062,1876
2024-07-24 11:00:00,1.2906,1.29192,1.28996,1.29176,1911
2024-07-24 12:00:00,1.29178,1.29295,1.29142,1.29275,2340
2024-07-24 13:00:00,1.29277,1.29371,1.29197,1.2924,3373
2024-07-24 14:00:00,1.29237,1.29324,1.29143,1.2918,3280
2024-07-24 15:00:00,1.29177,1.29269,1.29168,1.2922,2265
2024-07-24 16:00:00,1.29222,1.29267,1.2918,1.2925499999999999,1809
2024-07-24 17:00:00,1.2925499999999999,1.2927,1.29173,1.29179,1684
2024-07-24 18:00:00,1.29179,1.29179,1.29003,1.2904,2175
2024-07-24 19:00:00,1.2904200000000001,1.29095,1.28989,1.29025,1874
2024-07-24 20:00:00,1.29023,1.29068,1.2901799999999999,1.29064,515
2024-07-24 21:00:00,1.29057,1.29062,1.29007,1.29007,1087
2024-07-24 22:00:00,1.29083,1.29089,1.29014,1.29016,537
2024-07-24 23:00:00,1.2902,1.2903,1.28966,1.28974,719
2024-07-25 00:00:00,1.28976,1.2898399999999999,1.28915,1.28958,1873
2024-07-25 01:00:00,1.2895699999999999,1.28982,1.2888,1.2889,1812
2024-07-25 02:00:00,1.2889,1.2891599999999999,1.28857,1.28884,1537
2024-07-25 03:00:00,1.28883,1.2895699999999999,1.28883,1.2892700000000001,1424
2024-07-25 04:00:00,1.2892700000000001,1.28942,1.2885499999999999,1.28885,1146
2024-07-25 05:00:00,1.28887,1.28956,1.2885900000000001,1.28951,1430
2024-07-25 06:00:00,1.28949,1.28949,1.28788,1.28836,2316
2024-07-25 07:00:00,1.28839,1.28962,1.28736,1.28926,3328
2024-07-25 08:00:00,1.28925,1.2913000000000001,1.28823,1.28858,3401
2024-07-25 09:00:00,1.28858,1.28914,1.28797,1.28847,2460
2024-07-25 10:00:00,1.28849,1.28939,1.28697,1.28752,2153
2024-07-25 11:00:00,1.2875,1.28775,1.28698,1.28718,1814
2024-07-25 12:00:00,1.28718,1.28781,1.28594,1.28744,4602
2024-07-25 13:00:00,1.28745,1.28809,1.28627,1.28751,4543
2024-07-25 14:00:00,1.28753,1.28914,1.287,1.2876400000000001,4089
2024-07-25 15:00:00,1.28762,1.28872,1.28756,1.28804,2735
2024-07-25 16:00:00,1.28809,1.2886199999999999,1.28741,1.28824,2371
2024-07-25 17:00:00,1.2882799999999999,1.2889300000000001,1.28684,1.28701,2192
2024-07-25 18:00:00,1.28696,1.28705,1.28585,1.28586,1801
2024-07-25 19:00:00,1.28586,1.28646,1.28519,1.28525,1884
2024-07-25 20:00:00,1.28525,1.2852999999999999,1.28473,1.28476,634
2024-07-25 21:00:00,1.28474,1.2852299999999999,1.2842799999999999,1.28465,928
2024-07-25 22:00:00,1.28543,1.2855400000000001,1.28497,1.28529,623
2024-07-25 23:00:00,1.28529,1.28567,1.28525,1.2854700000000001,748
2024-07-26 00:00:00,1.28551,1.28602,1.28545,1.28563,1372
2024-07-26 01:00:00,1.28561,1.28628,1.28535,1.28622,1329
2024-07-26 02:00:00,1.28625,1.28648,1.28594,1.28596,1158
2024-07-26 03:00:00,1.28596,1.28639,1.28574,1.28639,879
2024-07-26 04:00:00,1.28638,1.28655,1.2861,1.28631,871
2024-07-26 05:00:00,1.28631,1.2865,1.28601,1.28626,965
2024-07-26 06:00:00,1.28622,1.28622,1.28562,1.2858100000000001,1681
2024-07-26 07:00:00,1.2858,1.28723,1.28576,1.28627,2319
2024-07-26 08:00:00,1.28631,1.28709,1.28603,1.28653,2262
2024-07-26 09:00:00,1.2865,1.28704,1.2864200000000001,1.28682,1834
2024-07-26 10:00:00,1.28681,1.2873299999999999,1.2859,1.28722,1804
2024-07-26 11:00:00,1.28719,1.28735,1.28634,1.2871000000000001,1733
2024-07-26 12:00:00,1.28711,1.28729,1.2855400000000001,1.28662,3233
2024-07-26 13:00:00,1.28662,1.28712,1.2861500000000001,1.2867,2542
2024-07-26 14:00:00,1.28667,1.28681,1.28495,1.28528,3152
2024-07-26 15:00:00,1.2852700000000001,1.28621,1.2851,1.28613,2221
2024-07-26 16:00:00,1.28612,1.28747,1.28607,1.2873700000000001,1753
2024-07-26 17:00:00,1.2873700000000001,1.28748,1.2865,1.28726,1662
2024-07-26 18:00:00,1.28726,1.28775,1.28704,1.28715,1515
2024-07-26 19:00:00,1.2871000000000001,1.28755,1.28692,1.2873299999999999,1576
2024-07-26 20:00:00,1.2873299999999999,1.28744,1.28643,1.28658,800
2024-07-28 21:00:00,1.28535,1.28666,1.28456,1.28597,762
2024-07-28 22:00:00,1.28668,1.2871000000000001,1.2864200000000001,1.2867199999999999,897
2024-07-28 23:00:00,1.2867199999999999,1.2870599999999999,1.28656,1.2866,818
2024-07-29 00:00:00,1.2866,1.28874,1.28624,1.28841,1607
2024-07-29 01:00:00,1.28843,1.28852,1.2877100000000001,1.28813,1679
2024-07-29 02:00:00,1.28812,1.28878,1.28812,1.28827,1440
2024-07-29 03:00:00,1.28827,1.28853,1.288,1.28802,852
2024-07-29 04:00:00,1.28802,1.28811,1.28734,1.28746,1101
2024-07-29 05:00:00,1.28749,1.28778,1.28694,1.28714,1134
2024-07-29 06:00:00,1.2871299999999999,1.28762,1.28638,1.28675,1653
2024-07-29 07:00:00,1.28674,1.2868,1.28294,1.28325,2770
2024-07-29 08:00:00,1.28323,1.28323,1.28072,1.2812700000000001,3141
2024-07-29 09:00:00,1.28124,1.28342,1.28061,1.28335,2050
2024-07-29 10:00:00,1.28336,1.28458,1.28281,1.28442,2359
2024-07-29 11:00:00,1.28441,1.28448,1.28238,1.28266,1928
2024-07-29 12:00:00,1.28266,1.284,1.28217,1.28375,2353
2024-07-29 13:00:00,1.28375,1.28536,1.28332,1.28399,2376
2024-07-29 14:00:00,1.28399,1.28471,1.28225,1.2845900000000001,2747
2024-07-29 15:00:00,1.2845900000000001,1.2856,1.28438,1.28492,2273
2024-07-29 16:00:00,1.28492,1.2859099999999999,1.28454,1.28539,1628
2024-07-29 17:00:00,1.28543,1.28643,1.28532,1.28636,1704
2024-07-29 18:00:00,1.28636,1.28639,1.28556,1.28634,1439
2024-07-29 19:00:00,1.28634,1.2867199999999999,1.28621,1.28646,1547
2024-07-29 20:00:00,1.2864499999999999,1.28651,1.2859,1.28606,510
2024-07-29 21:00:00,1.28603,1.28607,1.28566,1.28568,791
2024-07-29 22:00:00,1.28607,1.28657,1.286,1.28655,571
2024-07-29 23:00:00,1.28654,1.28654,1.28582,1.28592,629
2024-07-30 00:00:00,1.28592,1.28592,1.28505,1.28528,1220
2024-07-30 01:00:00,1.28528,1.28542,1.28452,1.28467,1374
2024-07-30 02:00:00,1.2846899999999999,1.28516,1.28448,1.28508,942
2024-07-30 03:00:00,1.28508,1.28549,1.28495,1.28545,829
2024-07-30 04:00:00,1.28545,1.2859,1.28544,1.28572,886
2024-07-30 05:00:00,1.2857,1.28579,1.28461,1.2848600000000001,1125
2024-07-30 06:00:00,1.28482,1.28542,1.28426,1.28538,1750
2024-07-30 07:00:00,1.28536,1.28596,1.2848,1.28509,2181
2024-07-30 08:00:00,1.28507,1.28635,1.28485,1.2858800000000001,2246
2024-07-30 09:00:00,1.28592,1.28641,1.28555,1.28614,1593
2024-07-30 10:00:00,1.28614,1.28638,1.28543,1.28544,1354
2024-07-30 11:00:00,1.28544,1.28552,1.28431,1.28445,1526
2024-07-30 12:00:00,1.28444,1.2846600000000001,1.2828,1.28286,2015
2024-07-30 13:00:00,1.28284,1.28438,1.28246,1.28434,2604
2024-07-30 14:00:00,1.28438,1.28438,1.28195,1.28265,3457
2024-07-30 15:00:00,1.28265,1.28326,1.28231,1.28277,2885
2024-07-30 16:00:00,1.28277,1.28375,1.2825199999999999,1.28333,2295
2024-07-30 17:00:00,1.28331,1.28388,1.28262,1.28324,2301
2024-07-30 18:00:00,1.28324,1.28361,1.28291,1.28327,1653
2024-07-30 19:00:00,1.28327,1.2833700000000001,1.28284,1.28315,1117
2024-07-30 20:00:00,1.28317,1.28377,1.28288,1.28345,881
2024-07-30 21:00:00,1.28348,1.28349,1.28234,1.28234,1173
2024-07-30 22:00:00,1.28324,1.28366,1.28304,1.28351,920
2024-07-30 23:00:00,1.28355,1.28413,1.28343,1.28372,903
2024-07-31 00:00:00,1.28372,1.28419,1.2831299999999999,1.28399,1668
2024-07-31 01:00:00,1.28399,1.28455,1.2835,1.2840500000000001,2457
2024-07-31 02:00:00,1.28404,1.28484,1.28387,1.28471,1702
2024-07-31 03:00:00,1.28467,1.2852000000000001,1.28395,1.28402,1657
2024-07-31 04:00:00,1.284,1.28457,1.28385,1.28454,1886
2024-07-31 05:00:00,1.28457,1.28468,1.28348,1.2843499999999999,1559
2024-07-31 06:00:00,1.2843200000000001,1.28448,1.28328,1.28404,2583
2024-07-31 07:00:00,1.28404,1.2846600000000001,1.28262,1.28389,3137
2024-07-31 08:00:00,1.28384,1.28397,1.28206,1.28296,3087
2024-07-31 09:00:00,1.28298,1.2837399999999999,1.28202,1.28314,2489
2024-07-31 10:00:00,1.28314,1.28409,1.28295,1.284,1964
2024-07-31 11:00:00,1.2840099999999999,1.28481,1.2831299999999999,1.28345,2162
2024-07-31 12:00:00,1.28345,1.28545,1.28296,1.28472,3651
2024-07-31 13:00:00,1.28475,1.2854,1.28383,1.28399,2975
2024-07-31 14:00:00,1.28399,1.28473,1.28294,1.2843,4005
2024-07-31 15:00:00,1.28427,1.28501,1.28377,1.28391,3302
2024-07-31 16:00:00,1.28389,1.28391,1.28219,1.28357,2338
2024-07-31 17:00:00,1.28357,1.2839,1.28326,1.28348,2027
2024-07-31 18:00:00,1.28338,1.28602,1.28206,1.2854700000000001,5286
2024-07-31 19:00:00,1.28545,1.28637,1.28471,1.28532,3909
2024-07-31 20:00:00,1.28534,1.2862,1.28498,1.2854,1417
2024-07-31 21:00:00,1.28537,1.28556,1.28498,1.28522,1088
2024-07-31 22:00:00,1.28569,1.28625,1.28549,1.28563,602
2024-07-31 23:00:00,1.28568,1.28572,1.28499,1.2852299999999999,701
2024-08-01 00:00:00,1.2852000000000001,1.28559,1.28479,1.2852700000000001,1865
2024-08-01 01:00:00,1.28525,1.286,1.28519,1.28534,2144
2024-08-01 02:00:00,1.2852999999999999,1.28575,1.28472,1.28516,1883
2024-08-01 03:00:00,1.28516,1.28569,1.28508,1.28524,1342
2024-08-01 04:00:00,1.28524,1.2858800000000001,1.28492,1.28498,1193
2024-08-01 05:00:00,1.28499,1.28532,1.28449,1.28485,1424
2024-08-01 06:00:00,1.28484,1.28484,1.28026,1.2806199999999999,3135
2024-08-01 07:00:00,1.28064,1.28082,1.27889,1.27918,3141
2024-08-01 08:00:00,1.2792,1.27921,1.2775699999999999,1.2778800000000001,3129
2024-08-01 09:00:00,1.2778800000000001,1.2778800000000001,1.27545,1.2754699999999999,2684
2024-08-01 10:00:00,1.27549,1.27865,1.27549,1.27792,2695
2024-08-01 11:00:00,1.27794,1.27992,1.27512,1.27922,4258
2024-08-01 12:00:00,1.27927,1.28228,1.27855,1.28097,4399
2024-08-01 13:00:00,1.2809599999999999,1.28228,1.27857,1.28199,3393
2024-08-01 14:00:00,1.28196,1.28391,1.27911,1.27922,4504
2024-08-01 15:00:00,1.27921,1.27933,1.27658,1.2767,3282
2024-08-01 16:00:00,1.27673,1.2776399999999999,1.27511,1.27538,3179
2024-08-01 17:00:00,1.27538,1.27579,1.27375,1.27474,2462
2024-08-01 18:00:00,1.27475,1.27499,1.27261,1.27271,2248
2024-08-01 19:00:00,1.27271,1.2745600000000001,1.27267,1.2741799999999999,2139
2024-08-01 20:00:00,1.27416,1.27417,1.27322,1.27378,1091
2024-08-01 21:00:00,1.27381,1.27383,1.27346,1.27351,1154
2024-08-01 22:00:00,1.27383,1.27383,1.27304,1.27345,1302
2024-08-01 23:00:00,1.27345,1.27356,1.27272,1.27274,1158
2024-08-02 00:00:00,1.27272,1.27286,1.27203,1.2723200000000001,1925
2024-08-02 01:00:00,1.2723200000000001,1.27267,1.27152,1.27231,1806
2024-08-02 02:00:00,1.27234,1.2724199999999999,1.2711999999999999,1.27211,1931
2024-08-02 03:00:00,1.27212,1.27247,1.27177,1.27204,1377
2024-08-02 04:00:00,1.27204,1.2729300000000001,1.27194,1.27246,1324
2024-08-02 05:00:00,1.27248,1.27344,1.27224,1.27342,1553
2024-08-02 06:00:00,1.27342,1.2739099999999999,1.27249,1.27258,2822
2024-08-02 07:00:00,1.27259,1.27263,1.27065,1.27128,3657
2024-08-02 08:00:00,1.27131,1.27372,1.2713,1.27345,2971
2024-08-02 09:00:00,1.27347,1.27404,1.2732299999999999,1.27386,2456
2024-08-02 10:00:00,1.27387,1.27451,1.27346,1.2736,2434
2024-08-02 11:00:00,1.27358,1.27503,1.27358,1.27409,2375
2024-08-02 12:00:00,1.27411,1.28076,1.27403,1.28018,6475
2024-08-02 13:00:00,1.28014,1.28318,1.27916,1.2831000000000001,5784
2024-08-02 14:00:00,1.2830599999999999,1.28397,1.2804,1.28058,5773
2024-08-02 15:00:00,1.2806199999999999,1.2812000000000001,1.27926,1.27968,4365
2024-08-02 16:00:00,1.2796699999999999,1.28013,1.27835,1.2788300000000001,3691
2024-08-02 17:00:00,1.27884,1.2800099999999999,1.2788,1.27969,2717
2024-08-02 18:00:00,1.27968,1.2812000000000001,1.27956,1.28045,2306
2024-08-02 19:00:00,1.28043,1.28109,1.2800799999999999,1.28085,2234
2024-08-02 20:00:00,1.28083,1.28105,1.27995,1.28043,1111
2024-08-04 21:00:00,1.2788,1.28049,1.2787899999999999,1.28039,937
2024-08-04 22:00:00,1.28085,1.28085,1.27899,1.27932,1405
2024-08-04 23:00:00,1.2793,1.27958,1.27811,1.27867,1908
2024-08-05 00:00:00,1.27867,1.2793999999999999,1.27793,1.27838,3447
2024-08-05 01:00:00,1.27838,1.27931,1.27775,1.279,3582
2024-08-05 02:00:00,1.27901,1.27981,1.27819,1.27966,2499
2024-08-05 03:00:00,1.27965,1.2802,1.27938,1.27996,2485
2024-08-05 04:00:00,1.27996,1.28045,1.27935,1.28002,3253
2024-08-05 05:00:00,1.28002,1.2802799999999999,1.27451,1.2745600000000001,4262
2024-08-05 06:00:00,1.2746,1.27604,1.271,1.27399,11113
2024-08-05 07:00:00,1.27397,1.28122,1.27397,1.27938,8534
2024-08-05 08:00:00,1.27939,1.28164,1.27561,1.27624,5658
2024-08-05 09:00:00,1.2762,1.27756,1.27428,1.27435,5718
2024-08-05 10:00:00,1.27435,1.2766,1.2726899999999999,1.27573,4827
2024-08-05 11:00:00,1.2757399999999999,1.27661,1.2742200000000001,1.27651,3724
2024-08-05 12:00:00,1.27657,1.27772,1.27457,1.27522,8089
2024-08-05 13:00:00,1.27519,1.27953,1.27507,1.27751,9684
2024-08-05 14:00:00,1.27705,1.27837,1.27478,1.2758,10925
2024-08-05 15:00:00,1.27576,1.27712,1.27493,1.2763499999999999,6832
2024-08-05 16:00:00,1.2763200000000001,1.2785,1.2761,1.27661,5303
2024-08-05 17:00:00,1.27656,1.2778100000000001,1.27436,1.27566,4060
2024-08-05 18:00:00,1.27567,1.27694,1.2749,1.27566,3135
2024-08-05 19:00:00,1.27568,1.27736,1.27566,1.27736,2618
2024-08-05 20:00:00,1.27734,1.27779,1.2769599999999999,1.27742,1207
2024-08-05 21:00:00,1.27747,1.27762,1.27636,1.2767,1320
2024-08-05 22:00:00,1.2775400000000001,1.27816,1.27716,1.27801,2217
2024-08-05 23:00:00,1.27798,1.27927,1.2778399999999999,1.27871,2451
2024-08-06 00:00:00,1.27875,1.28023,1.27773,1.2802,3810
2024-08-06 01:00:00,1.28021,1.28027,1.27793,1.27854,3460
2024-08-06 02:00:00,1.27854,1.27922,1.27806,1.2782499999999999,2890
2024-08-06 03:00:00,1.27826,1.27863,1.27778,1.27787,2166
2024-08-06 04:00:00,1.27787,1.27799,1.27716,1.27724,2315
2024-08-06 05:00:00,1.27722,1.2778100000000001,1.27652,1.27705,2756
2024-08-06 06:00:00,1.27702,1.27714,1.2747899999999999,1.27549,4271
2024-08-06 07:00:00,1.27546,1.27599,1.2733400000000001,1.27396,5925
2024-08-06 08:00:00,1.2739099999999999,1.2747,1.27294,1.27318,4313
2024-08-06 09:00:00,1.27314,1.27314,1.2698800000000001,1.27097,4300
2024-08-06 10:00:00,1.27096,1.27109,1.26792,1.26875,3906
2024-08-06 11:00:00,1.26878,1.27037,1.26857,1.26924,3259
2024-08-06 12:00:00,1.26929,1.26978,1.26723,1.26787,4454
2024-08-06 13:00:00,1.26789,1.26981,1.2678099999999999,1.26978,5141
2024-08-06 14:00:00,1.26974,1.27257,1.26951,1.2705899999999999,4908
2024-08-06 15:00:00,1.27062,1.27148,1.2683900000000001,1.2693699999999999,4488
2024-08-06 16:00:00,1.26938,1.27118,1.26875,1.27044,3152
2024-08-06 17:00:00,1.27044,1.2705899999999999,1.26855,1.26929,2917
2024-08-06 18:00:00,1.2692999999999999,1.27089,1.26915,1.26969,2187
2024-08-06 19:00:00,1.26971,1.26979,1.2684199999999999,1.26908,3209
2024-08-06 20:00:00,1.2691,1.26931,1.26858,1.26899,1141
2024-08-06 21:00:00,1.26885,1.26907,1.26746,1.26746,1127
2024-08-06 22:00:00,1.2687300000000001,1.26981,1.2687300000000001,1.2692,1632
2024-08-06 23:00:00,1.26921,1.26923,1.26803,1.26841,1393
2024-08-07 00:00:00,1.2683900000000001,1.27029,1.26811,1.27019,2420
2024-08-07 01:00:00,1.2702,1.27037,1.26929,1.27002,3117
2024-08-07 02:00:00,1.27004,1.2711999999999999,1.26985,1.27068,2860
2024-08-07 03:00:00,1.27068,1.27139,1.27046,1.27138,2010
2024-08-07 04:00:00,1.2713999999999999,1.27176,1.27034,1.27034,1943
2024-08-07 05:00:00,1.27034,1.27064,1.27001,1.27026,2015
2024-08-07 06:00:00,1.27024,1.27157,1.26975,1.27129,3391
2024-08-07 07:00:00,1.27131,1.27134,1.26867,1.26979,4823
2024-08-07 08:00:00,1.2698,1.2713999999999999,1.2692999999999999,1.27014,3375
2024-08-07 09:00:00,1.27014,1.27122,1.26966,1.2708599999999999,2883
2024-08-07 10:00:00,1.2709,1.27207,1.27007,1.2715,2543
2024-08-07 11:00:00,1.2714699999999999,1.27353,1.27146,1.27261,2681
2024-08-07 12:00:00,1.27265,1.27301,1.2720500000000001,1.27223,3104
2024-08-07 13:00:00,1.27218,1.27257,1.27116,1.27161,3409
2024-08-07 14:00:00,1.27161,1.27226,1.27068,1.2720099999999999,3457
2024-08-07 15:00:00,1.27203,1.2723900000000001,1.27116,1.27152,2967
2024-08-07 16:00:00,1.27152,1.27152,1.27041,1.27072,2437
2024-08-07 17:00:00,1.27073,1.27091,1.26924,1.26953,3049
2024-08-07 18:00:00,1.26951,1.26983,1.26828,1.2683499999999999,2870
2024-08-07 19:00:00,1.26834,1.26975,1.26834,1.2689300000000001,2464
2024-08-07 20:00:00,1.26892,1.26938,1.26852,1.26912,1096
2024-08-07 21:00:00,1.26909,1.26924,1.26862,1.26875,901
2024-08-07 22:00:00,1.26929,1.26936,1.26821,1.26848,1345
2024-08-07 23:00:00,1.26852,1.26871,1.26779,1.26821,1193
2024-08-08 00:00:00,1.2682,1.26901,1.2678,1.26807,2249
2024-08-08 01:00:00,1.26807,1.26874,1.26803,1.26844,2122
2024-08-08 02:00:00,1.26844,1.2695,1.2684,1.26924,1837
2024-08-08 03:00:00,1.26925,1.27,1.26906,1.26987,1620
2024-08-08 04:00:00,1.26989,1.27019,1.26929,1.26947,1948
2024-08-08 05:00:00,1.26947,1.26978,1.26909,1.26943,1746
2024-08-08 06:00:00,1.26938,1.27128,1.26923,1.27114,2740
2024-08-08 07:00:00,1.2711700000000001,1.2713,1.26894,1.2699799999999999,3636
2024-08-08 08:00:00,1.27,1.27093,1.26962,1.27,2683
2024-08-08 09:00:00,1.27,1.2704,1.26693,1.26715,2753
2024-08-08 10:00:00,1.26715,1.2696100000000001,1.26643,1.26895,2838
2024-08-08 11:00:00,1.26894,1.27017,1.26862,1.26949,2855
2024-08-08 12:00:00,1.2695,1.2699500000000001,1.2664900000000001,1.2674699999999999,4910
2024-08-08 13:00:00,1.2675,1.27036,1.26748,1.27036,4872
2024-08-08 14:00:00,1.27038,1.27217,1.26987,1.27133,4584
2024-08-08 15:00:00,1.27132,1.27424,1.27128,1.27403,3529
2024-08-08 16:00:00,1.27403,1.27432,1.2730299999999999,1.2741500000000001,2795
2024-08-08 17:00:00,1.27416,1.27478,1.27341,1.27434,2581
2024-08-08 18:00:00,1.27434,1.27518,1.27408,1.27493,1775
2024-08-08 19:00:00,1.27491,1.27497,1.2742200000000001,1.27444,2480
2024-08-08 20:00:00,1.27444,1.27503,1.27435,1.27478,808
2024-08-08 21:00:00,1.27482,1.27482,1.27376,1.27414,1096
2024-08-08 22:00:00,1.2745600000000001,1.2748,1.27417,1.27427,1002
2024-08-08 23:00:00,1.27427,1.27488,1.2742200000000001,1.2744900000000001,940
2024-08-09 00:00:00,1.2744900000000001,1.27453,1.27375,1.274,1676
2024-08-09 01:00:00,1.27401,1.27508,1.274,1.27481,1596
2024-08-09 02:00:00,1.27481,1.27573,1.27451,1.27545,1662
2024-08-09 03:00:00,1.27542,1.2758099999999999,1.27535,1.27576,1208
2024-08-09 04:00:00,1.27576,1.2759800000000001,1.2748300000000001,1.27495,1351
2024-08-09 05:00:00,1.27493,1.27559,1.27475,1.27531,1608
2024-08-09 06:00:00,1.27531,1.2771,1.27522,1.27702,2314
2024-08-09 07:00:00,1.2770000000000001,1.27718,1.27612,1.27627,2589
2024-08-09 08:00:00,1.27627,1.27713,1.27573,1.27648,2208
2024-08-09 09:00:00,1.27648,1.27677,1.27573,1.2759800000000001,1886
2024-08-09 10:00:00,1.2759800000000001,1.2759800000000001,1.27443,1.27443,2002
2024-08-09 11:00:00,1.27442,1.2751000000000001,1.27289,1.27403,2201
2024-08-09 12:00:00,1.27405,1.27416,1.27255,1.2736399999999999,2452
2024-08-09 13:00:00,1.27363,1.2746,1.27305,1.2745199999999999,3079
2024-08-09 14:00:00,1.2745,1.27718,1.27429,1.27628,3462
2024-08-09 15:00:00,1.27627,1.27733,1.27572,1.27641,2787
2024-08-09 16:00:00,1.2764,1.2764,1.27534,1.27576,2021
2024-08-09 17:00:00,1.27575,1.27694,1.2754400000000001,1.2760799999999999,1801
2024-08-09 18:00:00,1.2760799999999999,1.27625,1.27535,1.27568,1786
2024-08-09 19:00:00,1.27567,1.27604,1.27548,1.27595,1505
2024-08-09 20:00:00,1.27593,1.27618,1.27548,1.2757399999999999,928
2024-08-11 21:00:00,1.27509,1.27566,1.27439,1.2751000000000001,705
2024-08-11 22:00:00,1.27558,1.27606,1.27494,1.27509,966
2024-08-11 23:00:00,1.2751000000000001,1.27534,1.2747899999999999,1.2748300000000001,618
2024-08-12 00:00:00,1.27482,1.27586,1.27464,1.2756,1085
2024-08-12 01:00:00,1.27558,1.2761,1.27556,1.2758099999999999,1103
2024-08-12 02:00:00,1.27582,1.2763,1.27576,1.27614,1052
2024-08-12 03:00:00,1.27614,1.27619,1.27563,1.2757800000000001,1093
2024-08-12 04:00:00,1.2757800000000001,1.27631,1.27575,1.27627,858
2024-08-12 05:00:00,1.27627,1.27681,1.27626,1.2766,1044
2024-08-12 06:00:00,1.2766,1.27819,1.27654,1.27656,1941
2024-08-12 07:00:00,1.27658,1.2769300000000001,1.27593,1.27685,2565
2024-08-12 08:00:00,1.27687,1.2772299999999999,1.27596,1.2763200000000001,2194
2024-08-12 09:00:00,1.27633,1.27645,1.27527,1.27596,1906
2024-08-12 10:00:00,1.27597,1.27628,1.27523,1.27596,1860
2024-08-12 11:00:00,1.27596,1.27697,1.2757,1.27691,1731
2024-08-12 12:00:00,1.27691,1.27747,1.27584,1.2763200000000001,2294
2024-08-12 13:00:00,1.2763499999999999,1.27738,1.2763499999999999,1.27648,2983
2024-08-12 14:00:00,1.27649,1.27882,1.2757800000000001,1.27835,3437
2024-08-12 15:00:00,1.27834,1.27933,1.27684,1.2772000000000001,3045
2024-08-12 16:00:00,1.2772000000000001,1.2772000000000001,1.27566,1.27577,2316
2024-08-12 17:00:00,1.27576,1.27684,1.27549,1.27657,2265
2024-08-12 18:00:00,1.27658,1.27691,1.27614,1.27687,1673
2024-08-12 19:00:00,1.27684,1.27705,1.27636,1.2768,1354
2024-08-12 20:00:00,1.27682,1.2769,1.27622,1.27645,572
2024-08-12 21:00:00,1.27647,1.27656,1.27498,1.27498,932
2024-08-12 22:00:00,1.27613,1.27684,1.27613,1.2767,872
2024-08-12 23:00:00,1.2767,1.27705,1.27653,1.2770000000000001,482
2024-08-13 00:00:00,1.2770000000000001,1.2770000000000001,1.27629,1.27661,1036
2024-08-13 01:00:00,1.27661,1.2772999999999999,1.27636,1.27718,1160
2024-08-13 02:00:00,1.27719,1.27731,1.27695,1.27712,910
2024-08-13 03:00:00,1.27712,1.27773,1.27699,1.27733,882
2024-08-13 04:00:00,1.27733,1.27785,1.27733,1.27783,788
2024-08-13 05:00:00,1.2778399999999999,1.27814,1.27756,1.27797,986
2024-08-13 06:00:00,1.278,1.28092,1.278,1.28037,3163
2024-08-13 07:00:00,1.2803499999999999,1.28124,1.27964,1.28085,2651
2024-08-13 08:00:00,1.28083,1.28086,1.2794699999999999,1.27973,2176
2024-08-13 09:00:00,1.27969,1.28034,1.27875,1.2791000000000001,2142
2024-08-13 10:00:00,1.2791000000000001,1.27945,1.27789,1.27838,2019
2024-08-13 11:00:00,1.27838,1.2792,1.27836,1.27916,2249
2024-08-13 12:00:00,1.27917,1.28121,1.27792,1.28063,4014
2024-08-13 13:00:00,1.28063,1.28244,1.27993,1.28172,3801
2024-08-13 14:00:00,1.28171,1.2837,1.28092,1.2824,3308
2024-08-13 15:00:00,1.28243,1.28287,1.28195,1.28264,2633
2024-08-13 16:00:00,1.28265,1.2846600000000001,1.2825,1.28445,2087
2024-08-13 17:00:00,1.28446,1.28562,1.28429,1.28524,2200
2024-08-13 18:00:00,1.28526,1.28725,1.28513,1.28675,1672
2024-08-13 19:00:00,1.28671,1.2870599999999999,1.28623,1.28654,1295
2024-08-13 20:00:00,1.28657,1.28681,1.28595,1.28603,454
2024-08-13 21:00:00,1.28605,1.28616,1.28476,1.28476,1014
2024-08-13 22:00:00,1.28582,1.28664,1.28582,1.28644,245
2024-08-13 23:00:00,1.28647,1.28666,1.28622,1.28646,215
2024-08-14 00:00:00,1.2864499999999999,1.2867,1.28622,1.28628,597
2024-08-14 01:00:00,1.28625,1.2868,1.28599,1.28629,653
2024-08-14 02:00:00,1.28627,1.28631,1.2855699999999999,1.28576,1161
2024-08-14 03:00:00,1.28577,1.28592,1.28533,1.2855400000000001,673
2024-08-14 04:00:00,1.28556,1.2861099999999999,1.28544,1.2858,469
2024-08-14 05:00:00,1.28582,1.2861,1.28561,1.28604,491
2024-08-14 06:00:00,1.28606,1.28626,1.2817,1.2834400000000001,4159
2024-08-14 07:00:00,1.28345,1.28467,1.28288,1.28383,2034
2024-08-14 08:00:00,1.28381,1.28446,1.28226,1.28407,1956
2024-08-14 09:00:00,1.284,1.2852999999999999,1.28375,1.28504,1421
2024-08-14 10:00:00,1.28502,1.28515,1.28372,1.2842799999999999,1020
2024-08-14 11:00:00,1.28431,1.28484,1.28404,1.28478,779
2024-08-14 12:00:00,1.2848,1.28605,1.28262,1.28393,4562
2024-08-14 13:00:00,1.28391,1.2854,1.2836400000000001,1.28515,3608
2024-08-14 14:00:00,1.28517,1.28635,1.28445,1.28553,2818
2024-08-14 15:00:00,1.28551,1.28552,1.28403,1.28473,1471
2024-08-14 16:00:00,1.28475,1.28482,1.28328,1.28372,1214
2024-08-14 17:00:00,1.2837399999999999,1.2837399999999999,1.28255,1.28274,1025
2024-08-14 18:00:00,1.2827600000000001,1.28318,1.28204,1.28297,757
2024-08-14 19:00:00,1.28293,1.28312,1.28256,1.28268,788
2024-08-14 20:00:00,1.28267,1.28302,1.28246,1.28265,599
2024-08-14 21:00:00,1.28268,1.28285,1.28228,1.2826,774
2024-08-14 22:00:00,1.28286,1.28312,1.28261,1.2827600000000001,188
2024-08-14 23:00:00,1.28272,1.28275,1.28225,1.2824,206
2024-08-15 00:00:00,1.28243,1.28289,1.28229,1.28265,438
2024-08-15 01:00:00,1.28267,1.28272,1.28192,1.28271,976
2024-08-15 02:00:00,1.28272,1.28329,1.28257,1.28294,577
2024-08-15 03:00:00,1.28295,1.28336,1.28284,1.28334,337
2024-08-15 04:00:00,1.2833,1.28402,1.28328,1.28393,311
2024-08-15 05:00:00,1.28395,1.2845,1.2837100000000001,1.28424,391
2024-08-15 06:00:00,1.2842500000000001,1.28528,1.28388,1.28519,1280
2024-08-15 07:00:00,1.28521,1.28573,1.28449,1.28499,1634
2024-08-15 08:00:00,1.28497,1.28512,1.28404,1.2843499999999999,1074
2024-08-15 09:00:00,1.28431,1.28558,1.284,1.28533,905
2024-08-15 10:00:00,1.28534,1.28605,1.28519,1.28529,725
2024-08-15 11:00:00,1.2852700000000001,1.28634,1.28519,1.2860800000000001,912
2024-08-15 12:00:00,1.28609,1.28695,1.28097,1.2817,4728
2024-08-15 13:00:00,1.28175,1.28369,1.27984,1.28351,4304
2024-08-15 14:00:00,1.28352,1.2856,1.2831000000000001,1.2852000000000001,3095
2024-08-15 15:00:00,1.2852299999999999,1.28714,1.28521,1.28619,2110
2024-08-15 16:00:00,1.28621,1.28708,1.28511,1.28514,1345
2024-08-15 17:00:00,1.2851,1.28593,1.28477,1.28565,944
2024-08-15 18:00:00,1.28567,1.28625,1.28541,1.28617,1035
2024-08-15 19:00:00,1.28619,1.2864200000000001,1.2851,1.28546,882
2024-08-15 20:00:00,1.2854700000000001,1.28567,1.2851,1.28533,422
2024-08-15 21:00:00,1.28534,1.28534,1.28499,1.285,697
2024-08-15 22:00:00,1.28545,1.28563,1.28507,1.28532,289
2024-08-15 23:00:00,1.28537,1.28596,1.28534,1.2858399999999999,341
2024-08-16 00:00:00,1.28585,1.28635,1.28568,1.28619,887
2024-08-16 01:00:00,1.28624,1.28721,1.28595,1.28714,727
2024-08-16 02:00:00,1.2871000000000001,1.28747,1.2867600000000001,1.28731,498
2024-08-16 03:00:00,1.2873299999999999,1.28745,1.2867,1.28675,506
2024-08-16 04:00:00,1.2867199999999999,1.28734,1.28658,1.28722,434
2024-08-16 05:00:00,1.2872,1.28789,1.2870300000000001,1.2876,605
2024-08-16 06:00:00,1.28765,1.2885900000000001,1.28738,1.28739,1500
2024-08-16 07:00:00,1.28741,1.2882500000000001,1.28696,1.28792,1329
2024-08-16 08:00:00,1.28793,1.28906,1.28793,1.28849,1171
2024-08-16 09:00:00,1.28847,1.29057,1.28842,1.2904499999999999,1166
2024-08-16 10:00:00,1.29047,1.29099,1.28998,1.2908,1171
2024-08-16 11:00:00,1.29078,1.291,1.2901,1.29082,1174
2024-08-16 12:00:00,1.29086,1.29139,1.28912,1.28972,1584
2024-08-16 13:00:00,1.28969,1.29075,1.2891,1.29037,2009
2024-08-16 14:00:00,1.29029,1.29031,1.2881,1.28907,2223
2024-08-16 15:00:00,1.28909,1.29052,1.28899,1.29046,1385
2024-08-16 16:00:00,1.29044,1.29211,1.2904,1.29203,1089
2024-08-16 17:00:00,1.292,1.29305,1.292,1.29298,1030
2024-08-16 18:00:00,1.29302,1.29454,1.29279,1.29431,945
2024-08-16 19:00:00,1.29428,1.29447,1.29378,1.29441,779
2024-08-16 20:00:00,1.2944,1.29456,1.29407,1.29441,432
2024-08-18 21:00:00,1.29276,1.29387,1.2925900000000001,1.29376,438
2024-08-18 22:00:00,1.29413,1.29504,1.29393,1.29414,618
2024-08-18 23:00:00,1.2941500000000001,1.29465,1.29396,1.29458,333
2024-08-19 00:00:00,1.29457,1.29525,1.29421,1.29447,959
2024-08-19 01:00:00,1.29449,1.29517,1.29431,1.29513,796
2024-08-19 02:00:00,1.29514,1.29549,1.29475,1.29535,511
2024-08-19 03:00:00,1.29536,1.296,1.29526,1.2953700000000001,828
2024-08-19 04:00:00,1.29534,1.29566,1.29514,1.29525,674
2024-08-19 05:00:00,1.29523,1.29642,1.29518,1.29634,964
2024-08-19 06:00:00,1.29632,1.29684,1.2956400000000001,1.29616,1844
2024-08-19 07:00:00,1.29614,1.2968199999999999,1.29558,1.29645,1762
2024-08-19 08:00:00,1.29644,1.2974999999999999,1.29629,1.29711,1373
2024-08-19 09:00:00,1.2971300000000001,1.29717,1.29602,1.29623,1296
2024-08-19 10:00:00,1.29622,1.29638,1.29463,1.29491,1303
2024-08-19 11:00:00,1.29495,1.29578,1.29419,1.2956699999999999,1523
2024-08-19 12:00:00,1.29568,1.29568,1.29427,1.29498,1232
2024-08-19 13:00:00,1.295,1.29624,1.29395,1.29615,1904
2024-08-19 14:00:00,1.29614,1.2996699999999999,1.29604,1.29861,3046
2024-08-19 15:00:00,1.29857,1.2990599999999999,1.29743,1.29793,2176
2024-08-19 16:00:00,1.29791,1.29831,1.29727,1.2981500000000001,1266
2024-08-19 17:00:00,1.29813,1.29897,1.2978100000000001,1.29895,947
2024-08-19 18:00:00,1.29897,1.2995700000000001,1.29882,1.29914,1126
2024-08-19 19:00:00,1.29913,1.29942,1.2986,1.29894,988
2024-08-19 20:00:00,1.29897,1.29913,1.2987,1.29887,554
2024-08-19 21:00:00,1.29888,1.29908,1.29833,1.29833,730
2024-08-19 22:00:00,1.2988,1.29935,1.2986900000000001,1.29888,184
2024-08-19 23:00:00,1.29893,1.29904,1.2987600000000001,1.29887,390
2024-08-20 00:00:00,1.29889,1.29915,1.29826,1.29852,852
2024-08-20 01:00:00,1.29855,1.29928,1.29837,1.29847,989
2024-08-20 02:00:00,1.2984499999999999,1.29856,1.29765,1.29786,741
2024-08-20 03:00:00,1.29788,1.2984,1.29772,1.2978,643
2024-08-20 04:00:00,1.2978100000000001,1.2981099999999999,1.29767,1.2979,541
2024-08-20 05:00:00,1.29788,1.29805,1.29738,1.29791,732
2024-08-20 06:00:00,1.2979,1.3002,1.29772,1.29942,1415
2024-08-20 07:00:00,1.2993700000000001,1.30036,1.29873,1.3002099999999999,1816
2024-08-20 08:00:00,1.30024,1.3012299999999999,1.3,1.30002,2106
2024-08-20 09:00:00,1.3,1.30093,1.29912,1.30036,1762
2024-08-20 10:00:00,1.30033,1.3006,1.29982,1.30034,1246
2024-08-20 11:00:00,1.30036,1.30153,1.29925,1.30073,1589
2024-08-20 12:00:00,1.30071,1.30292,1.30061,1.3026499999999999,2127
2024-08-20 13:00:00,1.30261,1.30297,1.30149,1.30261,2929
2024-08-20 14:00:00,1.3026,1.30519,1.30141,1.30291,3723
2024-08-20 15:00:00,1.3029,1.30311,1.3012000000000001,1.30253,2370
2024-08-20 16:00:00,1.30254,1.3034,1.3021,1.30246,1854
2024-08-20 17:00:00,1.3024499999999999,1.3028,1.3017,1.30212,1291
2024-08-20 18:00:00,1.30216,1.30324,1.30192,1.3029600000000001,972
2024-08-20 19:00:00,1.30292,1.30351,1.30282,1.30322,886
2024-08-20 20:00:00,1.30321,1.30351,1.3030300000000001,1.30324,502
2024-08-20 21:00:00,1.3032599999999999,1.3032599999999999,1.30256,1.30292,1579
2024-08-20 22:00:00,1.30321,1.3032599999999999,1.30285,1.30313,394
2024-08-20 23:00:00,1.30311,1.30354,1.30301,1.30334,422
2024-08-21 00:00:00,1.3033299999999999,1.30378,1.30305,1.30338,960
2024-08-21 01:00:00,1.30339,1.30355,1.30241,1.30253,1093
2024-08-21 02:00:00,1.30254,1.30282,1.30228,1.30275,702
2024-08-21 03:00:00,1.30276,1.3029,1.30239,1.30267,614
2024-08-21 04:00:00,1.30266,1.3027199999999999,1.30221,1.30261,565
2024-08-21 05:00:00,1.30259,1.30287,1.3019,1.3020399999999999,819
2024-08-21 06:00:00,1.3020100000000001,1.30254,1.30162,1.30182,1554
2024-08-21 07:00:00,1.30185,1.30309,1.301,1.3014700000000001,2023
2024-08-21 08:00:00,1.30152,1.30207,1.3012299999999999,1.30125,1346
2024-08-21 09:00:00,1.30124,1.30288,1.30121,1.30263,1213
2024-08-21 10:00:00,1.30261,1.30431,1.30243,1.30402,1125
2024-08-21 11:00:00,1.30399,1.30399,1.3027199999999999,1.30314,1214
2024-08-21 12:00:00,1.30316,1.30477,1.30266,1.30445,1646
2024-08-21 13:00:00,1.30447,1.3052000000000001,1.3039100000000001,1.30483,2326
2024-08-21 14:00:00,1.30481,1.3068,1.30339,1.30591,8568
2024-08-21 15:00:00,1.3059,1.30793,1.30558,1.30755,3025
2024-08-21 16:00:00,1.30753,1.30911,1.30713,1.3088199999999999,1897
2024-08-21 17:00:00,1.30888,1.30991,1.30871,1.30958,1340
2024-08-21 18:00:00,1.3094999999999999,1.31193,1.3094999999999999,1.31059,2438
2024-08-21 19:00:00,1.31054,1.31054,1.30863,1.30896,1211
2024-08-21 20:00:00,1.30898,1.3092,1.30843,1.30871,549
2024-08-21 21:00:00,1.30869,1.309,1.30803,1.30803,996
2024-08-21 22:00:00,1.30917,1.30938,1.30883,1.30928,300
2024-08-21 23:00:00,1.30932,1.30954,1.30888,1.30922,337
2024-08-22 00:00:00,1.3092,1.30966,1.30871,1.30891,899
2024-08-22 01:00:00,1.30894,1.3090600000000001,1.30839,1.30853,758
2024-08-22 02:00:00,1.30856,1.30858,1.30819,1.3084799999999999,761
2024-08-22 03:00:00,1.30849,1.30876,1.30842,1.30863,318
2024-08-22 04:00:00,1.30862,1.30865,1.3081,1.30836,458
2024-08-22 05:00:00,1.30835,1.30861,1.30808,1.30832,495
2024-08-22 06:00:00,1.30829,1.3094999999999999,1.30805,1.30919,1076
2024-08-22 07:00:00,1.30921,1.31057,1.30846,1.30969,2326
2024-08-22 08:00:00,1.30971,1.31281,1.30927,1.31132,2509
2024-08-22 09:00:00,1.31131,1.31249,1.31082,1.3124500000000001,1934
2024-08-22 10:00:00,1.31244,1.3127499999999999,1.31088,1.31202,1843
2024-08-22 11:00:00,1.31201,1.3121399999999999,1.31037,1.31112,1527
2024-08-22 12:00:00,1.31113,1.31247,1.3094999999999999,1.3118,2762
2024-08-22 13:00:00,1.31183,1.313,1.3094999999999999,1.31055,3283
2024-08-22 14:00:00,1.3105,1.3107199999999999,1.30814,1.31017,3209
2024-08-22 15:00:00,1.31018,1.31023,1.30824,1.30934,2220
2024-08-22 16:00:00,1.30935,1.31017,1.3084,1.30859,1786
2024-08-22 17:00:00,1.3086,1.30875,1.30758,1.30779,1557
2024-08-22 18:00:00,1.30781,1.30944,1.30778,1.3090899999999999,1307
2024-08-22 19:00:00,1.30912,1.30936,1.30807,1.30843,1187
2024-08-22 20:00:00,1.30841,1.30923,1.30839,1.30896,509
2024-08-22 21:00:00,1.30892,1.30902,1.30839,1.30871,862
2024-08-22 22:00:00,1.30896,1.30944,1.30876,1.3092,337
2024-08-22 23:00:00,1.30921,1.30975,1.30921,1.30964,263
2024-08-23 00:00:00,1.30961,1.3100800000000001,1.30912,1.30978,1030
2024-08-23 01:00:00,1.3097400000000001,1.31066,1.30962,1.31043,806
2024-08-23 02:00:00,1.31045,1.31051,1.30994,1.31022,753
2024-08-23 03:00:00,1.31019,1.31071,1.30996,1.31022,577
2024-08-23 04:00:00,1.3102,1.31094,1.3102,1.31087,528
2024-08-23 05:00:00,1.31086,1.31127,1.31074,1.31104,536
2024-08-23 06:00:00,1.31103,1.31251,1.31063,1.31211,1121
2024-08-23 07:00:00,1.3121399999999999,1.31242,1.311,1.31168,1925
2024-08-23 08:00:00,1.31169,1.31307,1.31166,1.31307,1514
2024-08-23 09:00:00,1.3130600000000001,1.31366,1.31253,1.3127,1558
2024-08-23 10:00:00,1.31271,1.31283,1.31105,1.3121,1298
2024-08-23 11:00:00,1.31206,1.31304,1.3119399999999999,1.31213,1308
2024-08-23 12:00:00,1.31209,1.31262,1.3115,1.31189,1774
2024-08-23 13:00:00,1.3118699999999999,1.31233,1.31081,1.31231,1947
2024-08-23 14:00:00,1.3122500000000001,1.32111,1.31222,1.31878,11241
2024-08-23 15:00:00,1.31876,1.32301,1.3183500000000001,1.31939,4611
2024-08-23 16:00:00,1.3194,1.31996,1.31742,1.31902,3465
2024-08-23 17:00:00,1.31897,1.32177,1.31885,1.3212,2242
2024-08-23 18:00:00,1.32118,1.32205,1.3202099999999999,1.32028,1798
2024-08-23 19:00:00,1.32024,1.3213599999999999,1.31993,1.32095,1249
2024-08-23 20:00:00,1.32092,1.32188,1.32057,1.32163,1236
2024-08-25 21:00:00,1.32039,1.32118,1.31985,1.32047,344
2024-08-25 22:00:00,1.32093,1.32151,1.32038,1.3210899999999999,730
2024-08-25 23:00:00,1.32111,1.32139,1.32056,1.32139,870
2024-08-26 00:00:00,1.3214000000000001,1.32192,1.32074,1.32139,1378
2024-08-26 01:00:00,1.32137,1.3222,1.32093,1.3211,1115
2024-08-26 02:00:00,1.3211300000000001,1.32141,1.32059,1.32065,658
2024-08-26 03:00:00,1.32064,1.32102,1.32015,1.32023,576
2024-08-26 04:00:00,1.32025,1.32054,1.3198400000000001,1.32006,524
2024-08-26 05:00:00,1.32004,1.3202,1.31963,1.32003,655
2024-08-26 06:00:00,1.32005,1.32095,1.31949,1.31995,1555
2024-08-26 07:00:00,1.31994,1.32042,1.31893,1.31944,1786
2024-08-26 08:00:00,1.31947,1.3202,1.31916,1.31976,1578
2024-08-26 09:00:00,1.31971,1.31996,1.3187,1.31882,1065
2024-08-26 10:00:00,1.31883,1.31994,1.31839,1.31982,1183
2024-08-26 11:00:00,1.31985,1.32053,1.3179400000000001,1.3189,1799
2024-08-26 12:00:00,1.31887,1.32046,1.31847,1.32009,2636
2024-08-26 13:00:00,1.32008,1.32027,1.31847,1.31867,3316
2024-08-26 14:00:00,1.31866,1.32089,1.31799,1.32038,3126
2024-08-26 15:00:00,1.32036,1.32042,1.3183,1.31844,2016
2024-08-26 16:00:00,1.31841,1.3198699999999999,1.3180100000000001,1.3197999999999999,1388
2024-08-26 17:00:00,1.31976,1.32069,1.31882,1.31937,1505
2024-08-26 18:00:00,1.31939,1.31965,1.31861,1.31897,1254
2024-08-26 19:00:00,1.31895,1.31925,1.31816,1.31847,886
2024-08-26 20:00:00,1.31849,1.31874,1.31816,1.3186,383
2024-08-26 21:00:00,1.31856,1.3186499999999999,1.31802,1.31827,1015
2024-08-26 22:00:00,1.31877,1.3189899999999999,1.31847,1.31875,456
2024-08-26 23:00:00,1.31877,1.3192599999999999,1.31876,1.31913,304
2024-08-27 00:00:00,1.31915,1.31915,1.3179400000000001,1.31812,770
2024-08-27 01:00:00,1.31811,1.31947,1.31807,1.31933,834
2024-08-27 02:00:00,1.31935,1.31948,1.31851,1.3189600000000001,551
2024-08-27 03:00:00,1.31893,1.31909,1.31853,1.31903,448
2024-08-27 04:00:00,1.319,1.31934,1.31893,1.31927,522
2024-08-27 05:00:00,1.3193,1.3201800000000001,1.31911,1.31958,808
2024-08-27 06:00:00,1.31955,1.3205,1.31927,1.31935,1452
2024-08-27 07:00:00,1.31934,1.32154,1.31931,1.31998,2658
2024-08-27 08:00:00,1.31994,1.3223,1.31979,1.32169,1918
2024-08-27 09:00:00,1.3216700000000001,1.32465,1.32165,1.32345,2119
2024-08-27 10:00:00,1.32341,1.32341,1.3213300000000001,1.32158,1837
2024-08-27 11:00:00,1.32157,1.3226,1.32131,1.32202,1906
2024-08-27 12:00:00,1.3220399999999999,1.32221,1.32031,1.32122,2676
2024-08-27 13:00:00,1.32123,1.32312,1.3212,1.32293,2685
2024-08-27 14:00:00,1.32298,1.32419,1.32224,1.3234,3835
2024-08-27 15:00:00,1.32343,1.3237999999999999,1.32229,1.32336,2235
2024-08-27 16:00:00,1.32337,1.32365,1.3226200000000001,1.32322,1493
2024-08-27 17:00:00,1.32324,1.32489,1.32311,1.32485,1474
2024-08-27 18:00:00,1.32484,1.32649,1.32465,1.32588,1732
2024-08-27 19:00:00,1.32585,1.3262,1.32517,1.3262,983
2024-08-27 20:00:00,1.32618,1.32659,1.32591,1.32595,679
2024-08-27 21:00:00,1.32585,1.32598,1.32519,1.32534,1521
2024-08-27 22:00:00,1.3258,1.32619,1.32573,1.32586,292
2024-08-27 23:00:00,1.32584,1.32595,1.32544,1.32549,309
2024-08-28 00:00:00,1.3255,1.3259400000000001,1.32529,1.3259,761
2024-08-28 01:00:00,1.32589,1.32602,1.32478,1.325,1247
2024-08-28 02:00:00,1.3249900000000001,1.3254000000000001,1.32442,1.32442,773
2024-08-28 03:00:00,1.32447,1.32481,1.32419,1.32477,539
2024-08-28 04:00:00,1.32476,1.32491,1.32396,1.32413,619
2024-08-28 05:00:00,1.32415,1.32427,1.32229,1.32283,1347
2024-08-28 06:00:00,1.32279,1.32302,1.32166,1.32294,1526
2024-08-28 07:00:00,1.3229,1.32436,1.32287,1.32312,1793
2024-08-28 08:00:00,1.32314,1.32431,1.32223,1.32297,1942
2024-08-28 09:00:00,1.32298,1.3239,1.32141,1.32227,2082
2024-08-28 10:00:00,1.3223,1.32251,1.32127,1.3216999999999999,1959
2024-08-28 11:00:00,1.3217400000000001,1.32259,1.32061,1.32093,1998
2024-08-28 12:00:00,1.32095,1.32127,1.31985,1.32094,2525
2024-08-28 13:00:00,1.32093,1.32119,1.31894,1.31951,3275
2024-08-28 14:00:00,1.3195299999999999,1.323,1.31935,1.3213599999999999,3676
2024-08-28 15:00:00,1.32138,1.32156,1.31963,1.31998,2951
2024-08-28 16:00:00,1.31993,1.31993,1.3173599999999999,1.31854,2093
2024-08-28 17:00:00,1.31852,1.31909,1.31677,1.31699,1895
2024-08-28 18:00:00,1.31697,1.31866,1.31671,1.31859,1492
2024-08-28 19:00:00,1.3186200000000001,1.31886,1.31827,1.31839,961
2024-08-28 20:00:00,1.3184,1.31906,1.3182800000000001,1.31902,739
2024-08-28 21:00:00,1.31901,1.31903,1.31864,1.31871,671
2024-08-28 22:00:00,1.31918,1.31939,1.31903,1.31921,463
2024-08-28 23:00:00,1.31924,1.3194,1.31894,1.31925,372
2024-08-29 00:00:00,1.3192599999999999,1.32077,1.31925,1.3206,957
2024-08-29 01:00:00,1.32063,1.32115,1.3201800000000001,1.32023,922
2024-08-29 02:00:00,1.32024,1.32046,1.31965,1.32025,635
2024-08-29 03:00:00,1.32023,1.32069,1.31998,1.32068,645
2024-08-29 04:00:00,1.3207,1.3212,1.32051,1.32118,678
2024-08-29 05:00:00,1.32116,1.32173,1.32083,1.32152,924
2024-08-29 06:00:00,1.32149,1.32264,1.32135,1.32185,1674
2024-08-29 07:00:00,1.32188,1.32267,1.32097,1.3219699999999999,2456
2024-08-29 08:00:00,1.32196,1.32196,1.31681,1.31877,4673
2024-08-29 09:00:00,1.31879,1.3202,1.31836,1.31931,2490
2024-08-29 10:00:00,1.31932,1.31993,1.31811,1.31929,1946
2024-08-29 11:00:00,1.31933,1.31982,1.31795,1.31845,2049
2024-08-29 12:00:00,1.31843,1.31848,1.31531,1.31605,4627
2024-08-29 13:00:00,1.31608,1.31702,1.31447,1.31601,4248
2024-08-29 14:00:00,1.31603,1.31662,1.31455,1.3155299999999999,4180
2024-08-29 15:00:00,1.31555,1.31848,1.31516,1.31842,2674
2024-08-29 16:00:00,1.31843,1.319,1.3176700000000001,1.31824,2069
2024-08-29 17:00:00,1.31822,1.3188900000000001,1.31765,1.31846,1814
2024-08-29 18:00:00,1.3185,1.31855,1.3163,1.31708,2669
2024-08-29 19:00:00,1.3170600000000001,1.31749,1.3164799999999999,1.31654,1854
2024-08-29 20:00:00,1.31659,1.3171,1.31653,1.31671,1045
2024-08-29 21:00:00,1.31668,1.31676,1.3158400000000001,1.3159100000000001,976
2024-08-29 22:00:00,1.31647,1.31692,1.31641,1.3165499999999999,556
2024-08-29 23:00:00,1.31656,1.31667,1.3163,1.31646,587
2024-08-30 00:00:00,1.3165,1.31708,1.31632,1.31676,1247
2024-08-30 01:00:00,1.31676,1.3171300000000001,1.3164500000000001,1.31651,1604
2024-08-30 02:00:00,1.3165200000000001,1.31663,1.31615,1.31624,1089
2024-08-30 03:00:00,1.31624,1.31666,1.31615,1.3163,884
2024-08-30 04:00:00,1.3163,1.31663,1.31596,1.31641,1062
2024-08-30 05:00:00,1.31643,1.3171599999999999,1.31635,1.31691,1258
2024-08-30 06:00:00,1.31688,1.31766,1.31674,1.31759,1939
2024-08-30 07:00:00,1.31758,1.31982,1.31698,1.31901,2756
2024-08-30 08:00:00,1.31901,1.31997,1.31818,1.31823,2339
2024-08-30 09:00:00,1.31824,1.3188900000000001,1.3176999999999999,1.31844,2368
2024-08-30 10:00:00,1.31842,1.31855,1.31685,1.3171599999999999,2174
2024-08-30 11:00:00,1.31715,1.31821,1.31705,1.31786,1857
2024-08-30 12:00:00,1.31788,1.3186499999999999,1.31433,1.31548,4108
2024-08-30 13:00:00,1.31547,1.31563,1.31293,1.31437,5055
2024-08-30 14:00:00,1.31434,1.31637,1.31395,1.31424,5926
2024-08-30 15:00:00,1.31421,1.3146499999999999,1.31247,1.31305,4138
2024-08-30 16:00:00,1.31305,1.3131300000000001,1.3109199999999999,1.31189,3122
2024-08-30 17:00:00,1.31189,1.31236,1.31118,1.31152,2558
2024-08-30 18:00:00,1.31154,1.31258,1.31135,1.31211,1908
2024-08-30 19:00:00,1.31209,1.31338,1.3117,1.3131599999999999,2080
2024-08-30 20:00:00,1.31312,1.31357,1.3125200000000001,1.3127,1566
2024-09-01 21:00:00,1.31234,1.3125499999999999,1.31132,1.31243,522
2024-09-01 22:00:00,1.313,1.31328,1.31251,1.31305,649
2024-09-01 23:00:00,1.3130600000000001,1.31331,1.31274,1.31294,841
2024-09-02 00:00:00,1.31294,1.31376,1.3125200000000001,1.31334,1373
2024-09-02 01:00:00,1.31334,1.31372,1.3125,1.31256,1270
2024-09-02 02:00:00,1.31256,1.31281,1.3119399999999999,1.31259,1306
2024-09-02 03:00:00,1.31259,1.3133,1.31246,1.31276,991
2024-09-02 04:00:00,1.3127499999999999,1.31277,1.31226,1.3125499999999999,1024
2024-09-02 05:00:00,1.31256,1.31345,1.31219,1.31307,979
2024-09-02 06:00:00,1.31307,1.31452,1.31288,1.31394,1606
2024-09-02 07:00:00,1.31394,1.3142800000000001,1.31308,1.31341,2449
2024-09-02 08:00:00,1.31341,1.31459,1.31304,1.31344,2550
2024-09-02 09:00:00,1.3134299999999999,1.31423,1.31296,1.31362,2027
2024-09-02 10:00:00,1.31362,1.31394,1.31292,1.31352,1584
2024-09-02 11:00:00,1.31354,1.31389,1.31268,1.31292,1684
2024-09-02 12:00:00,1.3129,1.31475,1.31288,1.31418,1877
2024-09-02 13:00:00,1.31419,1.31485,1.31383,1.31402,2127
2024-09-02 14:00:00,1.3140399999999999,1.31549,1.31354,1.3151,2030
2024-09-02 15:00:00,1.31508,1.31536,1.31436,1.31446,1230
2024-09-02 16:00:00,1.31447,1.31448,1.31355,1.31417,963
2024-09-02 17:00:00,1.31416,1.31439,1.31414,1.31432,295
2024-09-02 18:00:00,1.31432,1.31461,1.3143099999999999,1.31451,234
2024-09-02 19:00:00,1.31451,1.31468,1.31445,1.31455,262
2024-09-02 20:00:00,1.31455,1.31475,1.31445,1.3146200000000001,320
2024-09-02 21:00:00,1.31457,1.3146,1.31397,1.31399,735
2024-09-02 22:00:00,1.31446,1.31491,1.31393,1.31393,406
2024-09-02 23:00:00,1.31395,1.3142,1.31373,1.31395,590
2024-09-03 00:00:00,1.31395,1.31452,1.31334,1.3136700000000001,1701
2024-09-03 01:00:00,1.31369,1.31439,1.31351,1.31419,1555
2024-09-03 02:00:00,1.31421,1.3146900000000001,1.31356,1.31369,1259
2024-09-03 03:00:00,1.3136700000000001,1.3136700000000001,1.31272,1.3128600000000001,1477
2024-09-03 04:00:00,1.31287,1.31305,1.3122500000000001,1.31244,1415
2024-09-03 05:00:00,1.31241,1.31262,1.31164,1.3123,1512
2024-09-03 06:00:00,1.3123,1.3123,1.31083,1.31181,2594
2024-09-03 07:00:00,1.31182,1.31393,1.31182,1.3121800000000001,3281
2024-09-03 08:00:00,1.31215,1.31273,1.31164,1.31217,3259
2024-09-03 09:00:00,1.31217,1.31239,1.31091,1.31138,2838
2024-09-03 10:00:00,1.31138,1.31231,1.31108,1.31156,2550
2024-09-03 11:00:00,1.31154,1.3128,1.3112599999999999,1.31215,2539
2024-09-03 12:00:00,1.31216,1.31392,1.31211,1.31301,3102
2024-09-03 13:00:00,1.3130600000000001,1.31458,1.3115999999999999,1.31253,4446
2024-09-03 14:00:00,1.31256,1.3132,1.30878,1.30942,7137
2024-09-03 15:00:00,1.30941,1.3103799999999999,1.30877,1.31022,3582
2024-09-03 16:00:00,1.3102,1.31077,1.30973,1.31027,2622
2024-09-03 17:00:00,1.3103,1.31037,1.30892,1.3091300000000001,2130
2024-09-03 18:00:00,1.3090899999999999,1.31002,1.3087,1.30998,1959
2024-09-03 19:00:00,1.30999,1.31076,1.30989,1.3106900000000001,1906
2024-09-03 20:00:00,1.31073,1.31164,1.31043,1.31121,1058
2024-09-03 21:00:00,1.31118,1.31124,1.3104,1.3104,845
2024-09-03 22:00:00,1.31095,1.31131,1.3105,1.31105,870
2024-09-03 23:00:00,1.31103,1.31147,1.31085,1.31121,1013
2024-09-04 00:00:00,1.31119,1.31142,1.31021,1.3104,2058
2024-09-04 01:00:00,1.31039,1.31148,1.3101099999999999,1.31074,1911
2024-09-04 02:00:00,1.31076,1.31141,1.31036,1.31075,1382
2024-09-04 03:00:00,1.31075,1.31119,1.31044,1.31107,1122
2024-09-04 04:00:00,1.31103,1.31183,1.31095,1.31173,1002
2024-09-04 05:00:00,1.31173,1.31188,1.31095,1.31119,1486
2024-09-04 06:00:00,1.31116,1.31143,1.31044,1.31079,2302
2024-09-04 07:00:00,1.31079,1.31203,1.31002,1.31151,3348
2024-09-04 08:00:00,1.31148,1.31271,1.31112,1.312,2579
2024-09-04 09:00:00,1.31201,1.31267,1.3115700000000001,1.31167,2239
2024-09-04 10:00:00,1.31167,1.31203,1.31087,1.31121,2064
2024-09-04 11:00:00,1.31121,1.31193,1.3109600000000001,1.31192,2093
2024-09-04 12:00:00,1.31192,1.31242,1.3106,1.31232,2613
2024-09-04 13:00:00,1.31234,1.31383,1.31205,1.31364,3301
2024-09-04 14:00:00,1.31362,1.31747,1.31362,1.31598,6631
2024-09-04 15:00:00,1.31599,1.3161800000000001,1.31389,1.31411,3347
2024-09-04 16:00:00,1.3140800000000001,1.31527,1.31362,1.31495,2632
2024-09-04 17:00:00,1.31493,1.31524,1.3127900000000001,1.31297,2304
2024-09-04 18:00:00,1.31293,1.31416,1.31266,1.31402,2371
2024-09-04 19:00:00,1.31402,1.31485,1.31378,1.3143500000000001,1979
2024-09-04 20:00:00,1.3143500000000001,1.3148900000000001,1.3140800000000001,1.3148,1249
2024-09-04 21:00:00,1.31477,1.31478,1.31415,1.31415,2164
2024-09-04 22:00:00,1.31459,1.3149,1.31443,1.31456,530
2024-09-04 23:00:00,1.31459,1.31473,1.31422,1.31434,952
2024-09-05 00:00:00,1.31437,1.31458,1.31405,1.3143099999999999,1514
2024-09-05 01:00:00,1.3143099999999999,1.31562,1.3143099999999999,1.3149,1738
2024-09-05 02:00:00,1.3149,1.31549,1.31474,1.3149899999999999,1041
2024-09-05 03:00:00,1.3149899999999999,1.31509,1.31453,1.31468,1111
2024-09-05 04:00:00,1.31468,1.31475,1.3143099999999999,1.31466,968
2024-09-05 05:00:00,1.31467,1.31511,1.31461,1.31493,1049
2024-09-05 06:00:00,1.3149199999999999,1.31565,1.3140399999999999,1.3143,2075
2024-09-05 07:00:00,1.3143,1.3149,1.31364,1.31474,3132
2024-09-05 08:00:00,1.31473,1.31711,1.3144,1.31687,3091
2024-09-05 09:00:00,1.31686,1.3171599999999999,1.31556,1.31585,2244
2024-09-05 10:00:00,1.31585,1.31681,1.31543,1.31664,1836
2024-09-05 11:00:00,1.31663,1.31732,1.3158,1.3159399999999999,2003
2024-09-05 12:00:00,1.31596,1.31798,1.31528,1.31604,4710
2024-09-05 13:00:00,1.31607,1.3178,1.31607,1.31746,4451
2024-09-05 14:00:00,1.31742,1.31742,1.31509,1.31567,5561
2024-09-05 15:00:00,1.31567,1.3164799999999999,1.3153299999999999,1.31638,3515
2024-09-05 16:00:00,1.31636,1.31761,1.3163,1.31728,2618
2024-09-05 17:00:00,1.31725,1.31795,1.31638,1.3179,2302
2024-09-05 18:00:00,1.3179,1.31851,1.31694,1.31718,2204
2024-09-05 19:00:00,1.3171599999999999,1.31764,1.31677,1.31708,2345
2024-09-05 20:00:00,1.3170600000000001,1.31817,1.31701,1.31783,1748
2024-09-05 21:00:00,1.31785,1.31791,1.3173599999999999,1.31739,664
2024-09-05 22:00:00,1.3179699999999999,1.31799,1.31749,1.31761,459
2024-09-05 23:00:00,1.31763,1.31784,1.31749,1.31753,628
2024-09-06 00:00:00,1.31753,1.31815,1.3174000000000001,1.31776,1267
2024-09-06 01:00:00,1.31776,1.31785,1.31724,1.31765,1361
2024-09-06 02:00:00,1.31765,1.31786,1.3173599999999999,1.31766,1033
2024-09-06 03:00:00,1.31766,1.31795,1.31748,1.3176700000000001,910
2024-09-06 04:00:00,1.3176700000000001,1.31786,1.31745,1.31779,1112
2024-09-06 05:00:00,1.31779,1.3182,1.3171300000000001,1.31776,1482
2024-09-06 06:00:00,1.31776,1.31882,1.31755,1.31875,2298
2024-09-06 07:00:00,1.31875,1.31928,1.31781,1.31813,2695
2024-09-06 08:00:00,1.31813,1.3183799999999999,1.31657,1.3167200000000001,2227
2024-09-06 09:00:00,1.31671,1.31747,1.3159399999999999,1.31741,2185
2024-09-06 10:00:00,1.31741,1.31761,1.31668,1.3167499999999999,1911
2024-09-06 11:00:00,1.31677,1.3177400000000001,1.31661,1.31763,2232
2024-09-06 12:00:00,1.31764,1.3237700000000001,1.31509,1.32097,8648
2024-09-06 13:00:00,1.32098,1.32165,1.3151,1.3167200000000001,8173
2024-09-06 14:00:00,1.3167,1.3182,1.31478,1.31588,8050
2024-09-06 15:00:00,1.31586,1.31999,1.31264,1.31317,11690
2024-09-06 16:00:00,1.31314,1.31324,1.3109199999999999,1.31197,4473
2024-09-06 17:00:00,1.312,1.31389,1.31125,1.31319,3488
2024-09-06 18:00:00,1.31319,1.31348,1.31217,1.31335,3072
2024-09-06 19:00:00,1.31334,1.3135,1.3128600000000001,1.31328,2492
2024-09-06 20:00:00,1.3133,1.31339,1.3128199999999999,1.3129,2307
2024-09-08 21:00:00,1.31135,1.31265,1.3113000000000001,1.31264,583
2024-09-08 22:00:00,1.31287,1.31378,1.31271,1.31341,1038
2024-09-08 23:00:00,1.3134299999999999,1.31376,1.31305,1.3131,1117
2024-09-09 00:00:00,1.3131300000000001,1.31409,1.31288,1.31296,1992
2024-09-09 01:00:00,1.31296,1.3142800000000001,1.31296,1.31354,1792
2024-09-09 02:00:00,1.31354,1.31357,1.3130899999999999,1.31319,1264
2024-09-09 03:00:00,1.31319,1.31344,1.31287,1.31302,1269
2024-09-09 04:00:00,1.31302,1.31326,1.3119,1.31192,1241
2024-09-09 05:00:00,1.31192,1.31196,1.31131,1.31148,1462
2024-09-09 06:00:00,1.31149,1.31182,1.3101,1.31019,2298
2024-09-09 07:00:00,1.31021,1.31085,1.30905,1.31048,3245
2024-09-09 08:00:00,1.31048,1.31078,1.30823,1.30877,2621
2024-09-09 09:00:00,1.30877,1.30997,1.3084799999999999,1.3089,2354
2024-09-09 10:00:00,1.30891,1.30895,1.3072300000000001,1.3079100000000001,2132
2024-09-09 11:00:00,1.30793,1.30902,1.30783,1.30869,2010
2024-09-09 12:00:00,1.3087,1.30963,1.30814,1.30831,2457
2024-09-09 13:00:00,1.30829,1.3100399999999999,1.30805,1.30934,3093
2024-09-09 14:00:00,1.30936,1.30946,1.30671,1.30778,3507
2024-09-09 15:00:00,1.30776,1.30858,1.3069,1.3081800000000001,3009
2024-09-09 16:00:00,1.3081800000000001,1.3097400000000001,1.30814,1.3096700000000001,2210
2024-09-09 17:00:00,1.30971,1.31017,1.30829,1.30832,2086
2024-09-09 18:00:00,1.30833,1.30859,1.30765,1.30779,1997
2024-09-09 19:00:00,1.30778,1.3079,1.30719,1.30732,2090
2024-09-09 20:00:00,1.30728,1.30763,1.30697,1.3072300000000001,1630
2024-09-09 21:00:00,1.3072,1.30729,1.30695,1.30705,511
2024-09-09 22:00:00,1.30736,1.30766,1.30717,1.3072,559
2024-09-09 23:00:00,1.3072,1.30741,1.30688,1.30705,575
2024-09-10 00:00:00,1.3070300000000001,1.3070300000000001,1.3057400000000001,1.3062,1547
2024-09-10 01:00:00,1.3062,1.30673,1.30618,1.3067199999999999,1377
2024-09-10 02:00:00,1.3067199999999999,1.30676,1.30614,1.30659,1000
2024-09-10 03:00:00,1.30659,1.30738,1.30659,1.30721,763
2024-09-10 04:00:00,1.30721,1.30773,1.30709,1.30763,793
2024-09-10 05:00:00,1.30763,1.30783,1.30727,1.30746,1136
2024-09-10 06:00:00,1.30749,1.3100800000000001,1.30736,1.3100800000000001,2747
2024-09-10 07:00:00,1.31005,1.31074,1.30892,1.30892,2867
2024-09-10 08:00:00,1.30893,1.30926,1.30799,1.30849,2160
2024-09-10 09:00:00,1.30851,1.31022,1.30781,1.30972,2336
2024-09-10 10:00:00,1.3097400000000001,1.31014,1.3090600000000001,1.30982,1927
2024-09-10 11:00:00,1.30985,1.31042,1.3084799999999999,1.30891,2051
2024-09-10 12:00:00,1.30891,1.30944,1.3068,1.30701,2869
2024-09-10 13:00:00,1.30698,1.30753,1.30528,1.30561,3494
2024-09-10 14:00:00,1.30557,1.30594,1.3048899999999999,1.30555,3855
2024-09-10 15:00:00,1.30559,1.30671,1.30529,1.30641,2896
2024-09-10 16:00:00,1.30641,1.3071,1.30556,1.3068,2602
2024-09-10 17:00:00,1.30677,1.30758,1.30651,1.30716,2287
2024-09-10 18:00:00,1.30716,1.30826,1.30694,1.30811,2036
2024-09-10 19:00:00,1.3081,1.30863,1.30788,1.3085,2053
2024-09-10 20:00:00,1.30849,1.3085499999999999,1.30759,1.3076400000000001,1655
2024-09-10 21:00:00,1.30766,1.308,1.3070599999999999,1.30707,1345
2024-09-10 22:00:00,1.30773,1.3082500000000001,1.30773,1.30804,491
2024-09-10 23:00:00,1.30804,1.30843,1.30788,1.3079100000000001,575
2024-09-11 00:00:00,1.3079,1.30812,1.30711,1.3072,1570
2024-09-11 01:00:00,1.30722,1.30915,1.30697,1.30891,2137
2024-09-11 02:00:00,1.30892,1.3097400000000001,1.30872,1.3088,1766
2024-09-11 03:00:00,1.3088,1.30968,1.30844,1.30935,1270
2024-09-11 04:00:00,1.30933,1.31018,1.30921,1.31014,1523
2024-09-11 05:00:00,1.31014,1.31113,1.30999,1.31064,1870
2024-09-11 06:00:00,1.3106,1.3106,1.30809,1.30862,2662
2024-09-11 07:00:00,1.30859,1.30957,1.30771,1.30823,2812
2024-09-11 08:00:00,1.30824,1.30877,1.30772,1.30824,2435
2024-09-11 09:00:00,1.30824,1.30975,1.30824,1.30856,2162
2024-09-11 10:00:00,1.30856,1.30883,1.30743,1.3088199999999999,2063
2024-09-11 11:00:00,1.30883,1.30942,1.30853,1.30911,2070
2024-09-11 12:00:00,1.30912,1.3093,1.30464,1.3061099999999999,7335
2024-09-11 13:00:00,1.30614,1.30725,1.3032599999999999,1.3032599999999999,5428
2024-09-11 14:00:00,1.30324,1.30352,1.30015,1.30142,5365
2024-09-11 15:00:00,1.30144,1.30297,1.30133,1.3023,3744
2024-09-11 16:00:00,1.30227,1.30378,1.30198,1.30359,2765
2024-09-11 17:00:00,1.30361,1.30474,1.30347,1.30445,2469
2024-09-11 18:00:00,1.30444,1.30494,1.3042,1.30431,2002
2024-09-11 19:00:00,1.30436,1.30491,1.30388,1.3043,2152
2024-09-11 20:00:00,1.30433,1.30449,1.30401,1.30414,1809
2024-09-11 21:00:00,1.30416,1.30432,1.30385,1.30407,600
2024-09-11 22:00:00,1.3044,1.30453,1.30409,1.30429,442
2024-09-11 23:00:00,1.30434,1.30436,1.30374,1.30374,565
2024-09-12 00:00:00,1.30374,1.3039100000000001,1.30336,1.30337,1418
2024-09-12 01:00:00,1.30337,1.30396,1.30324,1.3036400000000001,1421
2024-09-12 02:00:00,1.30365,1.30401,1.30315,1.30365,1253
2024-09-12 03:00:00,1.30365,1.30429,1.30365,1.30426,977
2024-09-12 04:00:00,1.30426,1.30487,1.3042099999999999,1.30484,892
2024-09-12 05:00:00,1.30483,1.3054000000000001,1.30464,1.30536,1012
2024-09-12 06:00:00,1.30536,1.30562,1.30423,1.30432,1607
2024-09-12 07:00:00,1.30431,1.30527,1.30369,1.30386,2757
2024-09-12 08:00:00,1.30383,1.3050899999999999,1.3032,1.30467,2674
2024-09-12 09:00:00,1.30469,1.30576,1.30463,1.30505,2077
2024-09-12 10:00:00,1.30505,1.306,1.3049,1.30506,1994
2024-09-12 11:00:00,1.3050899999999999,1.30526,1.30377,1.3038,2026
2024-09-12 12:00:00,1.3038,1.30621,1.3037,1.30536,5054
2024-09-12 13:00:00,1.3054000000000001,1.30671,1.30499,1.30568,4947
2024-09-12 14:00:00,1.30565,1.30841,1.30515,1.30783,4168
2024-09-12 15:00:00,1.30786,1.30833,1.30724,1.30798,2865
2024-09-12 16:00:00,1.30798,1.30945,1.3079399999999999,1.3091599999999999,2644
2024-09-12 17:00:00,1.30917,1.3101099999999999,1.3085,1.30993,2900
2024-09-12 18:00:00,1.30994,1.31079,1.30944,1.3102800000000001,2940
2024-09-12 19:00:00,1.3102800000000001,1.31195,1.31016,1.31181,2506
2024-09-12 20:00:00,1.31179,1.31266,1.31144,1.31227,1777
2024-09-12 21:00:00,1.3122500000000001,1.31237,1.312,1.31212,624
2024-09-12 22:00:00,1.31236,1.31264,1.31236,1.31242,544
2024-09-12 23:00:00,1.31242,1.31321,1.31241,1.31319,675
2024-09-13 00:00:00,1.31319,1.31457,1.31305,1.31449,1634
2024-09-13 01:00:00,1.31448,1.31487,1.31372,1.31397,1806
2024-09-13 02:00:00,1.31397,1.31486,1.31375,1.31433,1761
2024-09-13 03:00:00,1.3143,1.3149600000000001,1.3141,1.31483,1218
2024-09-13 04:00:00,1.31486,1.31503,1.31448,1.31467,1213
2024-09-13 05:00:00,1.31466,1.3148,1.31399,1.31434,1292
2024-09-13 06:00:00,1.3143099999999999,1.31484,1.31273,1.31332,2498
2024-09-13 07:00:00,1.31335,1.31493,1.31241,1.31456,2809
2024-09-13 08:00:00,1.31455,1.3148,1.3134000000000001,1.3142800000000001,2568
2024-09-13 09:00:00,1.31427,1.3152,1.31341,1.3135,2533
2024-09-13 10:00:00,1.3134700000000001,1.31372,1.31217,1.31261,2350
2024-09-13 11:00:00,1.31263,1.31284,1.3115700000000001,1.31216,2640
2024-09-13 12:00:00,1.31215,1.31386,1.31143,1.3136700000000001,3260
2024-09-13 13:00:00,1.31369,1.31535,1.31361,1.31497,3729
2024-09-13 14:00:00,1.31494,1.31576,1.3133,1.31535,4560
2024-09-13 15:00:00,1.31536,1.3154,1.31352,1.31392,2927
2024-09-13 16:00:00,1.3139,1.31393,1.31227,1.31308,2361
2024-09-13 17:00:00,1.3130899999999999,1.31341,1.31234,1.31249,1892
2024-09-13 18:00:00,1.31249,1.3128,1.31178,1.312,1949
2024-09-13 19:00:00,1.312,1.31261,1.31174,1.31235,1734
2024-09-13 20:00:00,1.31233,1.31267,1.31217,1.3124,2072
2024-09-15 21:00:00,1.31152,1.31203,1.31106,1.3118,529
2024-09-15 22:00:00,1.3122500000000001,1.31327,1.31215,1.31327,1016
2024-09-15 23:00:00,1.31326,1.31365,1.31302,1.31345,740
2024-09-16 00:00:00,1.31345,1.3143,1.31345,1.31405,1146
2024-09-16 01:00:00,1.31402,1.31441,1.31381,1.31396,1269
2024-09-16 02:00:00,1.31394,1.31473,1.31375,1.31444,946
2024-09-16 03:00:00,1.31445,1.31628,1.3142800000000001,1.3159399999999999,1434
2024-09-16 04:00:00,1.3159100000000001,1.31607,1.31522,1.31529,1034
2024-09-16 05:00:00,1.31529,1.31579,1.31519,1.31547,928
2024-09-16 06:00:00,1.3155000000000001,1.31704,1.31541,1.31686,2144
2024-09-16 07:00:00,1.3168199999999999,1.31735,1.3158400000000001,1.31702,2506
2024-09-16 08:00:00,1.31705,1.31925,1.3169,1.31878,2681
2024-09-16 09:00:00,1.31879,1.31946,1.3182,1.31891,2666
2024-09-16 10:00:00,1.3189199999999999,1.32037,1.3188900000000001,1.31931,2169
2024-09-16 11:00:00,1.3193,1.32005,1.31906,1.31995,1964
2024-09-16 12:00:00,1.31996,1.32088,1.31871,1.31977,3009
2024-09-16 13:00:00,1.31979,1.32138,1.31958,1.32043,3344
2024-09-16 14:00:00,1.32047,1.32073,1.31948,1.31989,3110
2024-09-16 15:00:00,1.31989,1.32084,1.31909,1.32005,2554
2024-09-16 16:00:00,1.32005,1.32088,1.31941,1.32065,1905
2024-09-16 17:00:00,1.32063,1.3207499999999999,1.31969,1.32065,1780
2024-09-16 18:00:00,1.32064,1.32101,1.32012,1.32064,1649
2024-09-16 19:00:00,1.32063,1.32134,1.32027,1.32121,1478
2024-09-16 20:00:00,1.32122,1.3218,1.32111,1.32129,1211
2024-09-16 21:00:00,1.32131,1.32148,1.32117,1.3213300000000001,700
2024-09-16 22:00:00,1.32162,1.32166,1.32077,1.3208199999999999,620
2024-09-16 23:00:00,1.3208199999999999,1.32104,1.3204500000000001,1.32095,780
2024-09-17 00:00:00,1.32096,1.3211,1.31998,1.32013,1332
2024-09-17 01:00:00,1.32013,1.32104,1.32006,1.32097,1327
2024-09-17 02:00:00,1.32098,1.3211300000000001,1.32042,1.32054,1094
2024-09-17 03:00:00,1.32054,1.3208199999999999,1.3201800000000001,1.3202,968
2024-09-17 04:00:00,1.32019,1.32031,1.31995,1.32026,863
2024-09-17 05:00:00,1.32026,1.32098,1.31995,1.3204099999999999,1082
2024-09-17 06:00:00,1.32046,1.32154,1.32028,1.3204799999999999,1933
2024-09-17 07:00:00,1.32047,1.32185,1.3197999999999999,1.3216999999999999,2641
2024-09-17 08:00:00,1.32168,1.32294,1.3208199999999999,1.32273,2688
2024-09-17 09:00:00,1.32272,1.32288,1.32168,1.32208,2518
2024-09-17 10:00:00,1.32209,1.32246,1.32088,1.32111,2017
2024-09-17 11:00:00,1.32111,1.3224,1.32064,1.3220100000000001,1859
2024-09-17 12:00:00,1.3220100000000001,1.32245,1.31988,1.32096,5236
2024-09-17 13:00:00,1.32099,1.32125,1.31837,1.31877,4831
2024-09-17 14:00:00,1.31878,1.32038,1.3179,1.31859,4808
2024-09-17 15:00:00,1.31863,1.31872,1.31579,1.3163,3215
2024-09-17 16:00:00,1.31627,1.31647,1.31518,1.31577,2744
2024-09-17 17:00:00,1.31577,1.31602,1.31454,1.31572,2643
2024-09-17 18:00:00,1.31572,1.31666,1.31543,1.31653,2246
2024-09-17 19:00:00,1.31653,1.31687,1.31539,1.31622,2109
2024-09-17 20:00:00,1.31624,1.3164,1.3155299999999999,1.31573,1554
2024-09-17 21:00:00,1.31574,1.31599,1.31521,1.31566,787
2024-09-17 22:00:00,1.316,1.31622,1.31568,1.3161399999999999,551
2024-09-17 23:00:00,1.3161399999999999,1.31678,1.31608,1.31669,523
2024-09-18 00:00:00,1.31666,1.3171,1.31631,1.31685,1552
2024-09-18 01:00:00,1.31686,1.31718,1.31642,1.31673,1652
2024-09-18 02:00:00,1.31673,1.31687,1.31609,1.31657,1174
2024-09-18 03:00:00,1.31657,1.31673,1.3162099999999999,1.31646,987
2024-09-18 04:00:00,1.3164799999999999,1.3165,1.31574,1.3158400000000001,1018
2024-09-18 05:00:00,1.31581,1.31607,1.31559,1.31578,1205
2024-09-18 06:00:00,1.31579,1.31829,1.31579,1.31824,2992
2024-09-18 07:00:00,1.31821,1.31992,1.31807,1.31977,2901
2024-09-18 08:00:00,1.3197999999999999,1.3211300000000001,1.31943,1.32053,2643
2024-09-18 09:00:00,1.32051,1.32266,1.32039,1.32244,2467
2024-09-18 10:00:00,1.32243,1.32268,1.3210600000000001,1.3211300000000001,2400
2024-09-18 11:00:00,1.3211,1.3215,1.32085,1.32101,1991
2024-09-18 12:00:00,1.32102,1.32181,1.32051,1.32178,2197
2024-09-18 13:00:00,1.32177,1.32537,1.32176,1.32364,3896
2024-09-18 14:00:00,1.32366,1.3241399999999999,1.32056,1.3211300000000001,3788
2024-09-18 15:00:00,1.32112,1.3216999999999999,1.31944,1.31978,3072
2024-09-18 16:00:00,1.31973,1.32098,1.31965,1.32097,2119
2024-09-18 17:00:00,1.321,1.32141,1.31981,1.3210899999999999,2631
2024-09-18 18:00:00,1.32105,1.32973,1.32078,1.32471,21573
2024-09-18 19:00:00,1.3247499999999999,1.32477,1.31748,1.31873,15621
2024-09-18 20:00:00,1.31869,1.32132,1.31854,1.3210600000000001,6813
2024-09-18 21:00:00,1.32104,1.32107,1.32044,1.32073,969
2024-09-18 22:00:00,1.32104,1.32178,1.32034,1.32154,1309
2024-09-18 23:00:00,1.32155,1.32162,1.31954,1.32027,1590
2024-09-19 00:00:00,1.32029,1.32078,1.3168,1.3170899999999999,3733
2024-09-19 01:00:00,1.3170600000000001,1.31755,1.31528,1.31718,3229
2024-09-19 02:00:00,1.3172,1.31961,1.3172,1.31918,2917
2024-09-19 03:00:00,1.3191899999999999,1.32132,1.31882,1.32102,2369
2024-09-19 04:00:00,1.32104,1.32111,1.32002,1.32084,1652
2024-09-19 05:00:00,1.32089,1.32246,1.3208,1.32243,2358
2024-09-19 06:00:00,1.32245,1.32554,1.32227,1.32552,3927
2024-09-19 07:00:00,1.32554,1.3258,1.32402,1.32467,4452
2024-09-19 08:00:00,1.32465,1.32645,1.32443,1.32627,3544
2024-09-19 09:00:00,1.32629,1.3287200000000001,1.3262800000000001,1.32829,3733
2024-09-19 10:00:00,1.32828,1.32842,1.3259699999999999,1.32649,3059
2024-09-19 11:00:00,1.32647,1.33141,1.32609,1.32846,5993
2024-09-19 12:00:00,1.32849,1.3290600000000001,1.32396,1.32398,5857
2024-09-19 13:00:00,1.32396,1.32613,1.32192,1.32332,5626
2024-09-19 14:00:00,1.32328,1.32531,1.32219,1.32491,5712
2024-09-19 15:00:00,1.32493,1.32789,1.32452,1.3278400000000001,3923
2024-09-19 16:00:00,1.32786,1.32891,1.32765,1.32804,3053
2024-09-19 17:00:00,1.32805,1.32861,1.32754,1.32839,2539
2024-09-19 18:00:00,1.32844,1.32889,1.32793,1.32817,2338
2024-09-19 19:00:00,1.3281800000000001,1.32828,1.32733,1.32815,2703
2024-09-19 20:00:00,1.32813,1.3286,1.32782,1.3281399999999999,1446
2024-09-19 21:00:00,1.32816,1.32836,1.32781,1.32782,691
2024-09-19 22:00:00,1.32832,1.32849,1.3277700000000001,1.32786,593
2024-09-19 23:00:00,1.32786,1.32813,1.32759,1.32806,764
2024-09-20 00:00:00,1.32805,1.32826,1.32715,1.32772,1960
2024-09-20 01:00:00,1.32775,1.32835,1.32736,1.32804,1859
2024-09-20 02:00:00,1.32803,1.32873,1.3278400000000001,1.32862,1725
2024-09-20 03:00:00,1.32861,1.33012,1.32861,1.32938,1873
2024-09-20 04:00:00,1.3294000000000001,1.32979,1.32904,1.32925,1387
2024-09-20 05:00:00,1.32926,1.32969,1.32863,1.3293300000000001,1774
2024-09-20 06:00:00,1.32938,1.33305,1.32938,1.33251,4057
2024-09-20 07:00:00,1.33253,1.33398,1.3308,1.33121,4561
2024-09-20 08:00:00,1.3311899999999999,1.33167,1.32897,1.33006,3759
2024-09-20 09:00:00,1.33008,1.3305799999999999,1.3284799999999999,1.32934,2568
2024-09-20 10:00:00,1.32934,1.32966,1.32812,1.3283800000000001,2158
2024-09-20 11:00:00,1.3284099999999999,1.3299699999999999,1.32803,1.32995,2564
2024-09-20 12:00:00,1.3299400000000001,1.33227,1.3299400000000001,1.332,3184
2024-09-20 13:00:00,1.332,1.33228,1.32805,1.32827,4525
2024-09-20 14:00:00,1.32827,1.32941,1.32725,1.32803,4340
2024-09-20 15:00:00,1.32805,1.33066,1.32677,1.33038,5663
2024-09-20 16:00:00,1.3304,1.3331,1.33018,1.33261,4140
2024-09-20 17:00:00,1.33256,1.3327200000000001,1.3309,1.33121,2855
2024-09-20 18:00:00,1.33122,1.33196,1.3306,1.33173,2669
2024-09-20 19:00:00,1.33175,1.33192,1.33122,1.33155,2205
2024-09-20 20:00:00,1.33158,1.33232,1.33129,1.33224,3101
2024-09-22 21:00:00,1.33009,1.33157,1.33007,1.33152,862
2024-09-22 22:00:00,1.33186,1.33225,1.33137,1.33178,923
2024-09-22 23:00:00,1.3317999999999999,1.33193,1.33117,1.33118,757
2024-09-23 00:00:00,1.33117,1.33147,1.33084,1.33106,1264
2024-09-23 01:00:00,1.33105,1.33168,1.33075,1.3311600000000001,1701
2024-09-23 02:00:00,1.33115,1.33138,1.33074,1.33128,1245
2024-09-23 03:00:00,1.33129,1.33196,1.33084,1.33091,969
2024-09-23 04:00:00,1.3309,1.33182,1.3306200000000001,1.33157,873
2024-09-23 05:00:00,1.33157,1.33197,1.33132,1.33168,1057
2024-09-23 06:00:00,1.33172,1.33201,1.33056,1.33066,2449
2024-09-23 07:00:00,1.33068,1.33088,1.32599,1.32619,5787
2024-09-23 08:00:00,1.32617,1.32737,1.32481,1.32706,4386
2024-09-23 09:00:00,1.32709,1.32903,1.32706,1.32865,2821
2024-09-23 10:00:00,1.32864,1.33052,1.32858,1.3299,2526
2024-09-23 11:00:00,1.3299400000000001,1.3318400000000001,1.32991,1.33121,2636
2024-09-23 12:00:00,1.33121,1.3329,1.32993,1.33264,3582
2024-09-23 13:00:00,1.33266,1.33359,1.33125,1.33342,4779
2024-09-23 14:00:00,1.3334,1.33555,1.33264,1.33497,5384
2024-09-23 15:00:00,1.33502,1.3359,1.3338999999999999,1.33501,3647
2024-09-23 16:00:00,1.33503,1.33503,1.33374,1.3343,3558
2024-09-23 17:00:00,1.33432,1.33538,1.3336700000000001,1.3346,2286
2024-09-23 18:00:00,1.33459,1.33518,1.33429,1.33468,2125
2024-09-23 19:00:00,1.33468,1.3348200000000001,1.33425,1.33465,1834
2024-09-23 20:00:00,1.33469,1.33502,1.33417,1.33443,1602
2024-09-23 21:00:00,1.3344,1.33456,1.3336299999999999,1.3336299999999999,827
2024-09-23 22:00:00,1.33481,1.33497,1.33444,1.33459,574
2024-09-23 23:00:00,1.33459,1.3349199999999999,1.3342399999999999,1.3348200000000001,592
2024-09-24 00:00:00,1.3348200000000001,1.3354,1.3342100000000001,1.33439,2203
2024-09-24 01:00:00,1.33439,1.33568,1.33432,1.3348,2437
2024-09-24 02:00:00,1.33481,1.33483,1.33396,1.33454,1487
2024-09-24 03:00:00,1.3345500000000001,1.33552,1.3345500000000001,1.33524,1673
2024-09-24 04:00:00,1.33524,1.3357999999999999,1.33475,1.33574,1635
2024-09-24 05:00:00,1.3357700000000001,1.3366,1.33527,1.33537,2471
2024-09-24 06:00:00,1.33533,1.33651,1.33315,1.33509,4257
2024-09-24 07:00:00,1.3351,1.33601,1.33415,1.33488,3909
2024-09-24 08:00:00,1.33488,1.33808,1.33484,1.33764,3577
2024-09-24 09:00:00,1.33764,1.3382800000000001,1.33694,1.33761,2624
2024-09-24 10:00:00,1.3376000000000001,1.3381,1.33664,1.33666,2709
2024-09-24 11:00:00,1.33664,1.33708,1.33582,1.33698,2504
2024-09-24 12:00:00,1.337,1.33897,1.33698,1.33863,3351
2024-09-24 13:00:00,1.33861,1.33936,1.33721,1.33798,3853
2024-09-24 14:00:00,1.33791,1.33983,1.33788,1.33887,5195
2024-09-24 15:00:00,1.3389,1.33944,1.33673,1.33749,3816
2024-09-24 16:00:00,1.33751,1.33966,1.33749,1.33899,2804
2024-09-24 17:00:00,1.33897,1.33983,1.33874,1.33959,2411
2024-09-24 18:00:00,1.33961,1.34003,1.33926,1.34001,2047
2024-09-24 19:00:00,1.33998,1.3415,1.33978,1.34145,2126
2024-09-24 20:00:00,1.34146,1.34154,1.341,1.34124,1710
2024-09-24 21:00:00,1.34122,1.34122,1.34088,1.34091,477
2024-09-24 22:00:00,1.34118,1.34214,1.34105,1.3421,696
2024-09-24 23:00:00,1.34212,1.34275,1.3417,1.34265,908
2024-09-25 00:00:00,1.3426,1.34295,1.34167,1.34229,2105
2024-09-25 01:00:00,1.34231,1.34247,1.3410199999999999,1.34143,2459
2024-09-25 02:00:00,1.34139,1.34212,1.34123,1.34178,1708
2024-09-25 03:00:00,1.34178,1.34244,1.34134,1.34223,1410
2024-09-25 04:00:00,1.3422399999999999,1.34232,1.34131,1.34172,1261
2024-09-25 05:00:00,1.34172,1.34182,1.3406,1.3409,1579
2024-09-25 06:00:00,1.3409200000000001,1.34135,1.33914,1.33983,2992
2024-09-25 07:00:00,1.33985,1.34058,1.3382100000000001,1.3388900000000001,4160
2024-09-25 08:00:00,1.33887,1.33936,1.33751,1.33788,3680
2024-09-25 09:00:00,1.33788,1.33826,1.33691,1.33714,3017
2024-09-25 10:00:00,1.33712,1.3377,1.33633,1.33674,2762
2024-09-25 11:00:00,1.3367499999999999,1.33757,1.33655,1.33753,2919
2024-09-25 12:00:00,1.33751,1.33957,1.3375,1.33948,4067
2024-09-25 13:00:00,1.3395000000000001,1.3412,1.3394,1.33965,4876
2024-09-25 14:00:00,1.33965,1.3402,1.33652,1.3374,5304
2024-09-25 15:00:00,1.33741,1.33779,1.33344,1.33374,5030
2024-09-25 16:00:00,1.33373,1.33417,1.33269,1.33323,3552
2024-09-25 17:00:00,1.3332600000000001,1.3332600000000001,1.33142,1.33297,3439
2024-09-25 18:00:00,1.33297,1.33324,1.33189,1.33203,3099
2024-09-25 19:00:00,1.33202,1.33231,1.33122,1.33156,2788
2024-09-25 20:00:00,1.33154,1.33225,1.3312,1.33213,1982
2024-09-25 21:00:00,1.3320400000000001,1.33215,1.33155,1.33161,863
2024-09-25 22:00:00,1.33213,1.33231,1.3318400000000001,1.33205,641
2024-09-25 23:00:00,1.33203,1.3322,1.33127,1.33134,833
2024-09-26 00:00:00,1.33132,1.33281,1.3312,1.33274,1723
2024-09-26 01:00:00,1.33274,1.33366,1.3320699999999999,1.3333300000000001,1787
2024-09-26 02:00:00,1.33335,1.33362,1.33267,1.33354,1489
2024-09-26 03:00:00,1.33354,1.33402,1.33344,1.33385,1322
2024-09-26 04:00:00,1.33385,1.33426,1.33338,1.33392,1073
2024-09-26 05:00:00,1.33391,1.33488,1.33368,1.33473,1771
2024-09-26 06:00:00,1.33471,1.33491,1.3342100000000001,1.3345500000000001,2390
2024-09-26 07:00:00,1.3345500000000001,1.33576,1.33407,1.33436,3842
2024-09-26 08:00:00,1.33433,1.33556,1.3333599999999999,1.33508,3940
2024-09-26 09:00:00,1.33511,1.33664,1.33488,1.33568,2757
2024-09-26 10:00:00,1.33568,1.33792,1.33499,1.33786,3252
2024-09-26 11:00:00,1.33786,1.33887,1.33707,1.33737,2961
2024-09-26 12:00:00,1.33737,1.33827,1.33526,1.33718,5447
2024-09-26 13:00:00,1.3372,1.33761,1.33504,1.33656,6864
2024-09-26 14:00:00,1.33657,1.33994,1.33507,1.33941,7292
2024-09-26 15:00:00,1.3394,1.3433899999999999,1.33904,1.34279,4956
2024-09-26 16:00:00,1.34277,1.34277,1.34045,1.34094,4373
2024-09-26 17:00:00,1.34091,1.3421,1.34081,1.34176,3525
2024-09-26 18:00:00,1.3418,1.34246,1.3409499999999999,1.34189,2806
2024-09-26 19:00:00,1.3419400000000001,1.34252,1.34107,1.34143,2222
2024-09-26 20:00:00,1.34143,1.34155,1.341,1.34142,2579
2024-09-26 21:00:00,1.3414,1.34142,1.34053,1.34105,986
2024-09-26 22:00:00,1.3413300000000001,1.34147,1.34108,1.34121,501
2024-09-26 23:00:00,1.34122,1.34124,1.3406,1.34104,686
2024-09-27 00:00:00,1.34103,1.34105,1.3397000000000001,1.33982,1952
2024-09-27 01:00:00,1.33982,1.34015,1.3385500000000001,1.3389199999999999,2392
2024-09-27 02:00:00,1.3389199999999999,1.33945,1.33845,1.3393,1762
2024-09-27 03:00:00,1.3393,1.33978,1.33913,1.33925,1340
2024-09-27 04:00:00,1.33925,1.33932,1.33796,1.33849,1521
2024-09-27 05:00:00,1.3385099999999999,1.3389,1.33747,1.33822,2514
2024-09-27 06:00:00,1.3382100000000001,1.33962,1.33777,1.33888,5074
2024-09-27 07:00:00,1.33886,1.33897,1.33602,1.33667,4938
2024-09-27 08:00:00,1.3367,1.33766,1.33593,1.33735,3429
2024-09-27 09:00:00,1.3373599999999999,1.33856,1.3369900000000001,1.33826,2575
2024-09-27 10:00:00,1.33829,1.33972,1.33782,1.3388,2709
2024-09-27 11:00:00,1.33878,1.33956,1.33856,1.33877,2745
2024-09-27 12:00:00,1.33876,1.3426,1.33798,1.3424,5132
2024-09-27 13:00:00,1.34237,1.34271,1.33975,1.34044,5541
2024-09-27 14:00:00,1.34037,1.3422100000000001,1.33959,1.3407,5534
2024-09-27 15:00:00,1.3407200000000001,1.34089,1.33901,1.33933,4456
2024-09-27 16:00:00,1.33933,1.33959,1.33796,1.3383099999999999,3960
2024-09-27 17:00:00,1.3383099999999999,1.33879,1.33751,1.33812,3302
2024-09-27 18:00:00,1.33811,1.3386,1.3372,1.33859,2683
2024-09-27 19:00:00,1.33861,1.33861,1.33747,1.33762,2644
2024-09-27 20:00:00,1.33758,1.33768,1.33688,1.33721,2578
2024-09-29 21:00:00,1.33678,1.33734,1.33652,1.33723,434
2024-09-29 22:00:00,1.33739,1.33834,1.33712,1.3379699999999999,927
2024-09-29 23:00:00,1.33799,1.33836,1.33784,1.3382,801
2024-09-30 00:00:00,1.3382,1.33844,1.33789,1.33822,1867
2024-09-30 01:00:00,1.3382399999999999,1.33891,1.33758,1.33805,2370
2024-09-30 02:00:00,1.338,1.33815,1.33731,1.33803,1934
2024-09-30 03:00:00,1.33805,1.33838,1.33771,1.33837,1502
2024-09-30 04:00:00,1.33837,1.33888,1.33837,1.33881,1134
2024-09-30 05:00:00,1.33883,1.33962,1.33874,1.33891,2050
2024-09-30 06:00:00,1.33895,1.3392,1.33791,1.33842,2807
2024-09-30 07:00:00,1.33839,1.33987,1.33737,1.33981,3758
2024-09-30 08:00:00,1.33984,1.34225,1.33905,1.34174,4097
2024-09-30 09:00:00,1.34171,1.34174,1.33935,1.3394,3446
2024-09-30 10:00:00,1.33938,1.34063,1.33854,1.34061,2759
2024-09-30 11:00:00,1.34063,1.34168,1.33997,1.34022,2620
2024-09-30 12:00:00,1.3402,1.34055,1.3381,1.33859,3274
2024-09-30 13:00:00,1.33863,1.33962,1.33762,1.33838,4907
2024-09-30 14:00:00,1.33836,1.34152,1.33598,1.34121,6633
2024-09-30 15:00:00,1.34118,1.34164,1.33866,1.33969,4896
2024-09-30 16:00:00,1.33969,1.34073,1.33901,1.3401,3745
2024-09-30 17:00:00,1.34013,1.34077,1.33955,1.33961,2675
2024-09-30 18:00:00,1.33956,1.3397700000000001,1.33496,1.33743,7528
2024-09-30 19:00:00,1.33748,1.33769,1.33551,1.33707,3246
2024-09-30 20:00:00,1.33709,1.33764,1.3366799999999999,1.33732,1849
2024-09-30 21:00:00,1.33718,1.33739,1.33662,1.33713,728
2024-09-30 22:00:00,1.33737,1.33801,1.33701,1.3379699999999999,685
2024-09-30 23:00:00,1.338,1.3382100000000001,1.33735,1.33768,848
2024-10-01 00:00:00,1.3377,1.33784,1.33686,1.33744,2590
2024-10-01 01:00:00,1.33745,1.33893,1.33719,1.33884,2183
2024-10-01 02:00:00,1.33884,1.33887,1.33779,1.33792,1742
2024-10-01 03:00:00,1.33793,1.33812,1.33701,1.3370199999999999,1752
2024-10-01 04:00:00,1.3370199999999999,1.33803,1.33678,1.33801,1660
2024-10-01 05:00:00,1.33802,1.33847,1.3370600000000001,1.3372600000000001,1994
2024-10-01 06:00:00,1.33723,1.33846,1.33619,1.33673,3092
2024-10-01 07:00:00,1.33669,1.33769,1.33339,1.33382,6141
2024-10-01 08:00:00,1.33384,1.33488,1.33253,1.3332,4479
2024-10-01 09:00:00,1.33318,1.33386,1.33219,1.33249,3425
2024-10-01 10:00:00,1.33252,1.33262,1.33104,1.33232,3076
2024-10-01 11:00:00,1.33232,1.3332,1.33109,1.33199,3677
2024-10-01 12:00:00,1.33199,1.33278,1.33159,1.33181,4025
2024-10-01 13:00:00,1.3317700000000001,1.33274,1.32919,1.33048,7516
2024-10-01 14:00:00,1.3305,1.33219,1.32852,1.32885,10352
2024-10-01 15:00:00,1.32884,1.3290199999999999,1.32632,1.32789,5622
2024-10-01 16:00:00,1.3278699999999999,1.32824,1.3245,1.3254299999999999,4902
2024-10-01 17:00:00,1.32542,1.32682,1.32367,1.32682,5097
2024-10-01 18:00:00,1.32684,1.32859,1.3268,1.32837,4043
2024-10-01 19:00:00,1.32839,1.3289900000000001,1.32771,1.32802,3101
2024-10-01 20:00:00,1.32806,1.32864,1.3277700000000001,1.32821,2923
2024-10-01 21:00:00,1.3281800000000001,1.32847,1.32789,1.32789,665
2024-10-01 22:00:00,1.3283800000000001,1.32853,1.32781,1.3278400000000001,599
2024-10-01 23:00:00,1.32785,1.32797,1.32715,1.32734,788
2024-10-02 00:00:00,1.32738,1.32852,1.32737,1.32764,1824
2024-10-02 01:00:00,1.32766,1.32954,1.32766,1.32922,2117
2024-10-02 02:00:00,1.32923,1.32955,1.32805,1.32837,1572
2024-10-02 03:00:00,1.32837,1.3287499999999999,1.32805,1.32852,1707
2024-10-02 04:00:00,1.32853,1.32908,1.32672,1.3269199999999999,1849
2024-10-02 05:00:00,1.3269199999999999,1.32747,1.32599,1.32718,2883
2024-10-02 06:00:00,1.32717,1.3287,1.32672,1.32829,3234
2024-10-02 07:00:00,1.32831,1.33003,1.32828,1.32873,3928
2024-10-02 08:00:00,1.3287,1.3305,1.32832,1.3296700000000001,2945
2024-10-02 09:00:00,1.32968,1.32974,1.3282,1.3292,2731
2024-10-02 10:00:00,1.3292,1.32957,1.32763,1.32769,3162
2024-10-02 11:00:00,1.3277,1.3295,1.32745,1.32928,2639
2024-10-02 12:00:00,1.32931,1.32958,1.3272599999999999,1.32735,3873
2024-10-02 13:00:00,1.32737,1.32831,1.32527,1.32638,4186
2024-10-02 14:00:00,1.32634,1.32742,1.3248199999999999,1.32498,5244
2024-10-02 15:00:00,1.3250199999999999,1.32731,1.3245,1.32698,3815
2024-10-02 16:00:00,1.327,1.32779,1.32664,1.32709,2936
2024-10-02 17:00:00,1.3271,1.3275000000000001,1.32633,1.32701,2582
2024-10-02 18:00:00,1.32699,1.32724,1.3259400000000001,1.32608,2354
2024-10-02 19:00:00,1.32608,1.3273,1.32579,1.32707,2102
2024-10-02 20:00:00,1.32705,1.32725,1.32641,1.32652,1609
2024-10-02 21:00:00,1.32647,1.32681,1.32589,1.32598,957
2024-10-02 22:00:00,1.3268,1.32768,1.3264,1.32646,804
2024-10-02 23:00:00,1.32647,1.3268,1.32611,1.32622,933
2024-10-03 00:00:00,1.3262,1.32649,1.32531,1.32613,2318
2024-10-03 01:00:00,1.3261,1.32629,1.32504,1.3256700000000001,2697
2024-10-03 02:00:00,1.32568,1.32579,1.32497,1.32519,1879
2024-10-03 03:00:00,1.32518,1.3254000000000001,1.32457,1.32501,1571
2024-10-03 04:00:00,1.3250199999999999,1.3252,1.32428,1.32434,1564
2024-10-03 05:00:00,1.32434,1.3246,1.3168,1.3183099999999999,6430
2024-10-03 06:00:00,1.3182800000000001,1.3193,1.31651,1.31697,4859
2024-10-03 07:00:00,1.31692,1.31759,1.3148,1.31542,5628
2024-10-03 08:00:00,1.31544,1.3155700000000001,1.3105,1.31159,5487
2024-10-03 09:00:00,1.31159,1.3128199999999999,1.31093,1.31159,4028
2024-10-03 10:00:00,1.31158,1.31211,1.3106900000000001,1.31174,3250
2024-10-03 11:00:00,1.31173,1.31182,1.30921,1.31125,3672
2024-10-03 12:00:00,1.3112300000000001,1.31223,1.30959,1.31132,5853
2024-10-03 13:00:00,1.3113000000000001,1.31263,1.31071,1.31152,5294
2024-10-03 14:00:00,1.31138,1.31188,1.30914,1.3107,10151
2024-10-03 15:00:00,1.3107,1.31216,1.31027,1.31113,5090
2024-10-03 16:00:00,1.31113,1.31311,1.311,1.31246,3330
2024-10-03 17:00:00,1.3124799999999999,1.31315,1.3121399999999999,1.31231,2849
2024-10-03 18:00:00,1.31235,1.31254,1.31125,1.3113299999999999,2337
2024-10-03 19:00:00,1.31132,1.3124799999999999,1.31117,1.31208,1947
2024-10-03 20:00:00,1.31206,1.31259,1.3119399999999999,1.31222,1632
2024-10-03 21:00:00,1.31209,1.31223,1.3118,1.31183,896
2024-10-03 22:00:00,1.31259,1.31293,1.31219,1.31268,650
2024-10-03 23:00:00,1.31269,1.31315,1.31254,1.3128,667
2024-10-04 00:00:00,1.3127900000000001,1.31335,1.31264,1.3130600000000001,1846
2024-10-04 01:00:00,1.31307,1.31321,1.31229,1.31292,2348
2024-10-04 02:00:00,1.31295,1.31352,1.3127900000000001,1.31294,1994
2024-10-04 03:00:00,1.31296,1.3130600000000001,1.31229,1.31278,1680
2024-10-04 04:00:00,1.31278,1.31323,1.3123,1.31271,1442
2024-10-04 05:00:00,1.3127,1.31407,1.31261,1.31372,2024
2024-10-04 06:00:00,1.31372,1.31554,1.31297,1.3148,3069
2024-10-04 07:00:00,1.31478,1.3167,1.31397,1.31581,4881
2024-10-04 08:00:00,1.31583,1.31653,1.31448,1.3155999999999999,4095
2024-10-04 09:00:00,1.31561,1.31697,1.31442,1.31661,2978
2024-10-04 10:00:00,1.31659,1.31738,1.31635,1.31644,2596
2024-10-04 11:00:00,1.31643,1.31728,1.31637,1.31691,2570
2024-10-04 12:00:00,1.31691,1.31745,1.30748,1.30785,8800
2024-10-04 13:00:00,1.30783,1.31026,1.30694,1.30987,8489
2024-10-04 14:00:00,1.30992,1.3119100000000001,1.30989,1.31124,6091
2024-10-04 15:00:00,1.31122,1.31152,1.3093,1.31056,4769
2024-10-04 16:00:00,1.31056,1.31169,1.30952,1.31147,3450
2024-10-04 17:00:00,1.31144,1.31281,1.3114,1.31213,2832
2024-10-04 18:00:00,1.31215,1.31243,1.31139,1.3121800000000001,2272
2024-10-04 19:00:00,1.31219,1.31281,1.31185,1.31261,2430
2024-10-04 20:00:00,1.31263,1.31292,1.31171,1.31251,3468
2024-10-06 21:00:00,1.31013,1.31134,1.31007,1.31051,1057
2024-10-06 22:00:00,1.31139,1.31198,1.3109199999999999,1.3117,1171
2024-10-06 23:00:00,1.31175,1.31246,1.3115700000000001,1.3122500000000001,1146
2024-10-07 00:00:00,1.3122500000000001,1.31278,1.31181,1.31219,2277
2024-10-07 01:00:00,1.3121800000000001,1.31344,1.3121800000000001,1.31258,2755
2024-10-07 02:00:00,1.3126,1.31312,1.31244,1.31257,2248
2024-10-07 03:00:00,1.3125499999999999,1.31299,1.31235,1.31288,1607
2024-10-07 04:00:00,1.31292,1.31307,1.31162,1.31163,1084
2024-10-07 05:00:00,1.31162,1.31182,1.31039,1.31077,1603
2024-10-07 06:00:00,1.31076,1.31223,1.31042,1.31142,3710
2024-10-07 07:00:00,1.31143,1.31199,1.3099,1.31116,4824
2024-10-07 08:00:00,1.31119,1.31164,1.30856,1.30885,3806
2024-10-07 09:00:00,1.3088199999999999,1.3088199999999999,1.30655,1.30709,3661
2024-10-07 10:00:00,1.30711,1.30768,1.30621,1.3064,3616
2024-10-07 11:00:00,1.30641,1.30894,1.30589,1.30815,3280
2024-10-07 12:00:00,1.3081800000000001,1.30892,1.30658,1.30779,3768
2024-10-07 13:00:00,1.30777,1.30938,1.30711,1.3072300000000001,5046
2024-10-07 14:00:00,1.30722,1.3085200000000001,1.30676,1.3078,4940
2024-10-07 15:00:00,1.30776,1.30868,1.3074,1.3079399999999999,3604
2024-10-07 16:00:00,1.3079100000000001,1.30919,1.3076699999999999,1.3088899999999999,2362
2024-10-07 17:00:00,1.30893,1.30962,1.30864,1.30881,1935
2024-10-07 18:00:00,1.3087900000000001,1.30884,1.30704,1.30708,2146
2024-10-07 19:00:00,1.30712,1.30836,1.30685,1.3082,2566
2024-10-07 20:00:00,1.30822,1.3084799999999999,1.308,1.30815,1474
2024-10-07 21:00:00,1.30806,1.3082099999999999,1.30779,1.30797,863
2024-10-07 22:00:00,1.30829,1.30864,1.30804,1.30856,904
2024-10-07 23:00:00,1.3086,1.3087900000000001,1.30824,1.30838,950
2024-10-08 00:00:00,1.30837,1.30998,1.30837,1.30996,2029
2024-10-08 01:00:00,1.30996,1.31032,1.30946,1.30979,2334
2024-10-08 02:00:00,1.30978,1.30991,1.30844,1.30912,3162
2024-10-08 03:00:00,1.30911,1.30987,1.30899,1.30923,2435
2024-10-08 04:00:00,1.30924,1.3094999999999999,1.30897,1.30897,1245
2024-10-08 05:00:00,1.30897,1.30961,1.30869,1.30902,2447
2024-10-08 06:00:00,1.30902,1.30948,1.30738,1.30753,3109
2024-10-08 07:00:00,1.30756,1.3102800000000001,1.30634,1.3101099999999999,4688
2024-10-08 08:00:00,1.31014,1.3104,1.30857,1.30989,3381
2024-10-08 09:00:00,1.30991,1.31012,1.30895,1.3094299999999999,2845
2024-10-08 10:00:00,1.30941,1.3106900000000001,1.3090600000000001,1.3100100000000001,2671
2024-10-08 11:00:00,1.31,1.3106200000000001,1.30911,1.31048,2811
2024-10-08 12:00:00,1.31048,1.31131,1.30939,1.31002,3293
2024-10-08 13:00:00,1.31005,1.31119,1.30992,1.31034,4366
2024-10-08 14:00:00,1.31033,1.31056,1.30875,1.30924,3985
2024-10-08 15:00:00,1.30926,1.30984,1.30805,1.3092,3173
2024-10-08 16:00:00,1.30918,1.30957,1.30843,1.3088,2542
2024-10-08 17:00:00,1.30878,1.30904,1.30755,1.30898,2691
2024-10-08 18:00:00,1.309,1.30933,1.30865,1.30905,2161
2024-10-08 19:00:00,1.30905,1.3100399999999999,1.30869,1.30995,1944
2024-10-08 20:00:00,1.30994,1.31051,1.30971,1.31014,2564
2024-10-08 21:00:00,1.3101099999999999,1.31032,1.30978,1.31018,758
2024-10-08 22:00:00,1.31043,1.31047,1.30996,1.3103799999999999,502
2024-10-08 23:00:00,1.3103799999999999,1.3104,1.30927,1.30929,651
2024-10-09 00:00:00,1.30927,1.3102800000000001,1.3092,1.30998,1215
2024-10-09 01:00:00,1.30996,1.31018,1.30921,1.30964,2766
2024-10-09 02:00:00,1.30963,1.30991,1.3088199999999999,1.30898,2229
2024-10-09 03:00:00,1.30895,1.3090600000000001,1.3082500000000001,1.30849,2076
2024-10-09 04:00:00,1.30849,1.30877,1.30809,1.30837,1289
2024-10-09 05:00:00,1.30838,1.31014,1.30838,1.30926,4467
2024-10-09 06:00:00,1.30931,1.30957,1.30724,1.30734,3413
2024-10-09 07:00:00,1.3073299999999999,1.30827,1.30552,1.30824,4083
2024-10-09 08:00:00,1.30822,1.30894,1.30676,1.30772,3170
2024-10-09 09:00:00,1.30775,1.30888,1.3075700000000001,1.30867,2835
2024-10-09 10:00:00,1.30864,1.30949,1.3084500000000001,1.30915,2474
2024-10-09 11:00:00,1.30914,1.30953,1.30809,1.30838,2331
2024-10-09 12:00:00,1.30841,1.30888,1.3078,1.30824,2737
2024-10-09 13:00:00,1.30823,1.3084,1.30704,1.3075,3319
2024-10-09 14:00:00,1.30747,1.3082,1.3065,1.30736,3964
2024-10-09 15:00:00,1.30736,1.30883,1.3072300000000001,1.3078400000000001,3422
2024-10-09 16:00:00,1.30781,1.30781,1.30652,1.30681,2461
2024-10-09 17:00:00,1.30681,1.3070599999999999,1.30617,1.30663,2152
2024-10-09 18:00:00,1.3066499999999999,1.3075700000000001,1.3064,1.30648,2445
2024-10-09 19:00:00,1.30649,1.30719,1.30636,1.30639,1860
2024-10-09 20:00:00,1.3064,1.30749,1.30593,1.30679,1407
2024-10-09 21:00:00,1.30682,1.3069,1.30651,1.30655,996
2024-10-09 22:00:00,1.30702,1.30713,1.30621,1.30636,804
2024-10-09 23:00:00,1.3063799999999999,1.3070599999999999,1.30628,1.3066200000000001,804
2024-10-10 00:00:00,1.30663,1.30721,1.3064200000000001,1.30684,1697
2024-10-10 01:00:00,1.30685,1.30766,1.30668,1.3072300000000001,2127
2024-10-10 02:00:00,1.30722,1.30775,1.3066900000000001,1.30712,2256
2024-10-10 03:00:00,1.30713,1.30772,1.30705,1.30753,1393
2024-10-10 04:00:00,1.30753,1.30777,1.3071,1.30715,1073
2024-10-10 05:00:00,1.30715,1.30761,1.30676,1.30717,1818
2024-10-10 06:00:00,1.30715,1.30813,1.30674,1.30776,2648
2024-10-10 07:00:00,1.30773,1.3088600000000001,1.30724,1.30829,3087
2024-10-10 08:00:00,1.30832,1.30834,1.30673,1.30737,2894
2024-10-10 09:00:00,1.30739,1.30783,1.30675,1.3076400000000001,2257
2024-10-10 10:00:00,1.30762,1.3091599999999999,1.30704,1.30914,2240
2024-10-10 11:00:00,1.30911,1.30934,1.30659,1.30663,3235
2024-10-10 12:00:00,1.3066499999999999,1.30891,1.30217,1.30754,9805
2024-10-10 13:00:00,1.30758,1.30847,1.30401,1.30576,7580
2024-10-10 14:00:00,1.30578,1.3064200000000001,1.3025,1.30485,6988
2024-10-10 15:00:00,1.30484,1.30545,1.3039399999999999,1.30517,3994
2024-10-10 16:00:00,1.30521,1.30591,1.3031,1.3035,3848
2024-10-10 17:00:00,1.30353,1.30523,1.30215,1.30464,3979
2024-10-10 18:00:00,1.30465,1.30518,1.30441,1.30465,2375
2024-10-10 19:00:00,1.30464,1.30576,1.30432,1.30548,2254
2024-10-10 20:00:00,1.30553,1.3064,1.3054700000000001,1.3057699999999999,1385
2024-10-10 21:00:00,1.30575,1.30584,1.30521,1.30521,997
2024-10-10 22:00:00,1.3058100000000001,1.30595,1.3054299999999999,1.30564,683
2024-10-10 23:00:00,1.30564,1.3061099999999999,1.3054999999999999,1.3061,562
2024-10-11 00:00:00,1.30609,1.30636,1.30572,1.30633,1506
2024-10-11 01:00:00,1.30637,1.3066200000000001,1.3054700000000001,1.3058,1399
2024-10-11 02:00:00,1.30579,1.30629,1.30552,1.30614,1434
2024-10-11 03:00:00,1.30615,1.30626,1.30514,1.30545,1372
2024-10-11 04:00:00,1.30544,1.30549,1.3047900000000001,1.30493,1101
2024-10-11 05:00:00,1.30493,1.3052000000000001,1.30457,1.30508,1337
2024-10-11 06:00:00,1.30505,1.30556,1.30411,1.30507,2517
2024-10-11 07:00:00,1.30505,1.30745,1.30465,1.30742,3083
2024-10-11 08:00:00,1.30743,1.3081,1.30663,1.30728,2638
2024-10-11 09:00:00,1.30728,1.30765,1.30681,1.307,2067
2024-10-11 10:00:00,1.3069899999999999,1.30705,1.30571,1.3061099999999999,1935
2024-10-11 11:00:00,1.3061099999999999,1.30657,1.30511,1.30605,2316
2024-10-11 12:00:00,1.30607,1.30813,1.30544,1.30644,4327
2024-10-11 13:00:00,1.30646,1.30762,1.30563,1.3071,4038
2024-10-11 14:00:00,1.30715,1.30798,1.3066,1.30731,4657
2024-10-11 15:00:00,1.30736,1.3082799999999999,1.30683,1.3069,3010
2024-10-11 16:00:00,1.30688,1.30749,1.30655,1.30719,2305
2024-10-11 17:00:00,1.30721,1.30777,1.30682,1.30758,1744
2024-10-11 18:00:00,1.30756,1.30778,1.30705,1.3072,1467
2024-10-11 19:00:00,1.30718,1.30727,1.30637,1.30641,964
2024-10-11 20:00:00,1.30646,1.30714,1.30623,1.30679,2644
2024-10-13 21:00:00,1.30575,1.30621,1.30508,1.3061099999999999,792
2024-10-13 22:00:00,1.30658,1.30658,1.3048,1.3051300000000001,842
2024-10-13 23:00:00,1.30524,1.3054299999999999,1.30461,1.3048,811
2024-10-14 00:00:00,1.3048,1.30529,1.30398,1.30505,1610
2024-10-14 01:00:00,1.30506,1.3054000000000001,1.30439,1.30497,2696
2024-10-14 02:00:00,1.30495,1.30541,1.3042,1.30525,2293
2024-10-14 03:00:00,1.30525,1.30622,1.3051300000000001,1.30588,1408
2024-10-14 04:00:00,1.30587,1.30602,1.30567,1.30588,682
2024-10-14 05:00:00,1.30588,1.30641,1.30556,1.30636,1571
2024-10-14 06:00:00,1.30637,1.30714,1.30632,1.30641,2306
2024-10-14 07:00:00,1.30644,1.30694,1.3056,1.30613,2995
2024-10-14 08:00:00,1.30613,1.30677,1.30572,1.30659,2761
2024-10-14 09:00:00,1.30656,1.30675,1.3051599999999999,1.30536,2085
2024-10-14 10:00:00,1.30535,1.30614,1.30433,1.30569,2512
2024-10-14 11:00:00,1.30568,1.30623,1.30368,1.30383,3211
2024-10-14 12:00:00,1.30381,1.30468,1.30304,1.30336,3003
2024-10-14 13:00:00,1.30334,1.3058100000000001,1.30294,1.30495,4430
2024-10-14 14:00:00,1.30497,1.30579,1.30417,1.30565,4145
2024-10-14 15:00:00,1.30566,1.30597,1.30478,1.3049,2675
2024-10-14 16:00:00,1.30488,1.30534,1.30427,1.30511,1887
2024-10-14 17:00:00,1.30512,1.30583,1.30492,1.30562,1490
2024-10-14 18:00:00,1.30566,1.30591,1.3048600000000001,1.3050899999999999,1560
2024-10-14 19:00:00,1.3050899999999999,1.30609,1.30414,1.3054700000000001,2744
2024-10-14 20:00:00,1.30545,1.3061,1.30535,1.30571,1413
2024-10-14 21:00:00,1.30576,1.30593,1.30551,1.30553,695
2024-10-14 22:00:00,1.30582,1.30667,1.30567,1.30634,579
2024-10-14 23:00:00,1.3063500000000001,1.3067199999999999,1.3060399999999999,1.3066499999999999,875
2024-10-15 00:00:00,1.3066499999999999,1.3067,1.3060800000000001,1.30651,1602
2024-10-15 01:00:00,1.3065,1.30684,1.3062,1.30645,1529
2024-10-15 02:00:00,1.30646,1.3068,1.306,1.30644,1750
2024-10-15 03:00:00,1.30644,1.3066900000000001,1.30534,1.3054000000000001,1594
2024-10-15 04:00:00,1.3054000000000001,1.3054000000000001,1.30472,1.30498,1419
2024-10-15 05:00:00,1.30497,1.30497,1.30393,1.30451,2140
2024-10-15 06:00:00,1.3045499999999999,1.3056,1.30351,1.30487,3819
2024-10-15 07:00:00,1.30485,1.30735,1.30436,1.30728,3616
2024-10-15 08:00:00,1.30728,1.30864,1.30668,1.3075999999999999,2889
2024-10-15 09:00:00,1.30762,1.30824,1.30681,1.3082,2396
2024-10-15 10:00:00,1.3082099999999999,1.30964,1.30797,1.30817,2485
2024-10-15 11:00:00,1.30813,1.30939,1.3075,1.30756,2697
2024-10-15 12:00:00,1.30761,1.30892,1.30735,1.30877,3769
2024-10-15 13:00:00,1.30877,1.31023,1.30857,1.30893,3687
2024-10-15 14:00:00,1.30891,1.30981,1.30763,1.30925,4312
2024-10-15 15:00:00,1.30924,1.30971,1.30811,1.3081800000000001,3412
2024-10-15 16:00:00,1.30822,1.3084799999999999,1.30681,1.30695,2136
2024-10-15 17:00:00,1.3069600000000001,1.30718,1.306,1.30626,2149
2024-10-15 18:00:00,1.30628,1.3069899999999999,1.3061099999999999,1.3068,1448
2024-10-15 19:00:00,1.30676,1.3072599999999999,1.30656,1.3067199999999999,1919
2024-10-15 20:00:00,1.30667,1.30754,1.30625,1.30722,1607
2024-10-15 21:00:00,1.30719,1.3072599999999999,1.30644,1.30692,1060
2024-10-15 22:00:00,1.3072300000000001,1.3073000000000001,1.30654,1.30685,898
2024-10-15 23:00:00,1.30685,1.30716,1.30629,1.30645,963
2024-10-16 00:00:00,1.30645,1.3068,1.30594,1.30644,1710
2024-10-16 01:00:00,1.30644,1.30732,1.30633,1.30731,1979
2024-10-16 02:00:00,1.3073000000000001,1.30749,1.30685,1.3073299999999999,1543
2024-10-16 03:00:00,1.30732,1.30769,1.307,1.30705,1440
2024-10-16 04:00:00,1.30704,1.30742,1.30692,1.30735,947
2024-10-16 05:00:00,1.30735,1.3076400000000001,1.30682,1.30729,1570
2024-10-16 06:00:00,1.30743,1.30756,1.29859,1.29892,7330
2024-10-16 07:00:00,1.29891,1.30091,1.29818,1.30005,4456
2024-10-16 08:00:00,1.30005,1.3005499999999999,1.29911,1.3003,3568
2024-10-16 09:00:00,1.30032,1.30199,1.30002,1.30158,3268
2024-10-16 10:00:00,1.3016,1.30268,1.3012000000000001,1.3014999999999999,2660
2024-10-16 11:00:00,1.30148,1.3032,1.30115,1.30304,2482
2024-10-16 12:00:00,1.3030599999999999,1.30371,1.30135,1.3014700000000001,3041
2024-10-16 13:00:00,1.3014700000000001,1.30309,1.30098,1.30248,3251
2024-10-16 14:00:00,1.30248,1.30259,1.3002,1.3008899999999999,3420
2024-10-16 15:00:00,1.30091,1.30101,1.29953,1.29989,2756
2024-10-16 16:00:00,1.2999,1.30044,1.29946,1.30037,1781
2024-10-16 17:00:00,1.30041,1.30053,1.29919,1.29954,1740
2024-10-16 18:00:00,1.29952,1.29972,1.29832,1.29839,1911
2024-10-16 19:00:00,1.2983799999999999,1.2984,1.29764,1.29816,1707
2024-10-16 20:00:00,1.29817,1.29909,1.29809,1.29873,1344
2024-10-16 21:00:00,1.29875,1.2989600000000001,1.29851,1.29862,918
2024-10-16 22:00:00,1.299,1.2991,1.29859,1.2988,627
2024-10-16 23:00:00,1.2988,1.2991,1.29851,1.29909,750
2024-10-17 00:00:00,1.29907,1.29969,1.29866,1.29873,2038
2024-10-17 01:00:00,1.2986900000000001,1.29963,1.29857,1.29953,2270
2024-10-17 02:00:00,1.2995700000000001,1.3001,1.29864,1.29925,2406
2024-10-17 03:00:00,1.29925,1.29939,1.29802,1.29861,1899
2024-10-17 04:00:00,1.29863,1.29879,1.29802,1.2983500000000001,1550
2024-10-17 05:00:00,1.29832,1.2988,1.29821,1.29864,1829
2024-10-17 06:00:00,1.29862,1.29926,1.29806,1.29816,2530
2024-10-17 07:00:00,1.29816,1.2990599999999999,1.29732,1.29837,3289
2024-10-17 08:00:00,1.29836,1.29958,1.29746,1.29775,2847
2024-10-17 09:00:00,1.29776,1.2993999999999999,1.2975400000000001,1.29928,2469
2024-10-17 10:00:00,1.2993000000000001,1.30102,1.29919,1.30069,2681
2024-10-17 11:00:00,1.30069,1.3017,1.30068,1.3014999999999999,2237
2024-10-17 12:00:00,1.30151,1.30228,1.29884,1.3007900000000001,5879
2024-10-17 13:00:00,1.3008,1.30099,1.29792,1.29968,6671
2024-10-17 14:00:00,1.2997,1.30039,1.2986900000000001,1.29974,5883
2024-10-17 15:00:00,1.29971,1.3018399999999999,1.29922,1.30071,3963
2024-10-17 16:00:00,1.30072,1.3011599999999999,1.29983,1.30097,2842
2024-10-17 17:00:00,1.30099,1.30149,1.30048,1.30103,1851
2024-10-17 18:00:00,1.30102,1.3011300000000001,1.30042,1.30078,2155
2024-10-17 19:00:00,1.30076,1.30138,1.3006199999999999,1.30124,1823
2024-10-17 20:00:00,1.30124,1.30139,1.30084,1.30093,1240
2024-10-17 21:00:00,1.30094,1.30103,1.30058,1.30058,844
2024-10-17 22:00:00,1.30124,1.30158,1.30108,1.30125,595
2024-10-17 23:00:00,1.30127,1.30164,1.30075,1.3014000000000001,581
2024-10-18 00:00:00,1.30141,1.30191,1.30104,1.30134,2074
2024-10-18 01:00:00,1.30134,1.30212,1.30133,1.30161,2160
2024-10-18 02:00:00,1.30163,1.30261,1.30153,1.30222,2189
2024-10-18 03:00:00,1.30218,1.30239,1.30175,1.30205,1665
2024-10-18 04:00:00,1.30203,1.30231,1.30191,1.3021,1267
2024-10-18 05:00:00,1.3021,1.30301,1.30192,1.30246,1964
2024-10-18 06:00:00,1.3024,1.3070599999999999,1.30234,1.30602,4282
2024-10-18 07:00:00,1.30602,1.30644,1.30518,1.30518,2985
2024-10-18 08:00:00,1.3052000000000001,1.30531,1.3034,1.30409,3035
2024-10-18 09:00:00,1.30409,1.30491,1.30338,1.30345,3158
2024-10-18 10:00:00,1.30347,1.30491,1.30341,1.30462,2705
2024-10-18 11:00:00,1.30458,1.3048899999999999,1.30405,1.3044799999999999,2511
2024-10-18 12:00:00,1.3045,1.30545,1.30415,1.30488,2924
2024-10-18 13:00:00,1.30483,1.30663,1.30431,1.30491,3614
2024-10-18 14:00:00,1.3049,1.30538,1.30321,1.3035999999999999,3798
2024-10-18 15:00:00,1.3035700000000001,1.30416,1.30194,1.3021099999999999,2982
2024-10-18 16:00:00,1.3021099999999999,1.30442,1.30196,1.30433,2124
2024-10-18 17:00:00,1.30435,1.30445,1.30375,1.3043,1739
2024-10-18 18:00:00,1.30427,1.3045499999999999,1.30381,1.30451,2043
2024-10-18 19:00:00,1.30451,1.30451,1.30404,1.30422,2305
2024-10-18 20:00:00,1.3042,1.30512,1.30409,1.30511,1739
2024-10-20 21:00:00,1.30378,1.30435,1.3030300000000001,1.30434,920
2024-10-20 22:00:00,1.30446,1.30555,1.30446,1.30521,809
2024-10-20 23:00:00,1.30526,1.3054999999999999,1.3047,1.30512,895
2024-10-21 00:00:00,1.30514,1.30531,1.30426,1.30429,2139
2024-10-21 01:00:00,1.30426,1.30526,1.3041800000000001,1.30465,2300
2024-10-21 02:00:00,1.30462,1.30524,1.3044799999999999,1.30498,1879
2024-10-21 03:00:00,1.30494,1.30524,1.30485,1.30498,1396
2024-10-21 04:00:00,1.30497,1.30498,1.30381,1.30402,1326
2024-10-21 05:00:00,1.30405,1.30444,1.30386,1.3042,1940
2024-10-21 06:00:00,1.3041800000000001,1.3041800000000001,1.30254,1.30281,2335
2024-10-21 07:00:00,1.30279,1.30322,1.30193,1.30217,2685
2024-10-21 08:00:00,1.30216,1.30273,1.30115,1.30261,2410
2024-10-21 09:00:00,1.30261,1.3033299999999999,1.30173,1.30186,2345
2024-10-21 10:00:00,1.30183,1.30234,1.30126,1.30215,2364
2024-10-21 11:00:00,1.30218,1.30288,1.30182,1.30187,2119
2024-10-21 12:00:00,1.30185,1.3033000000000001,1.30169,1.30289,2912
2024-10-21 13:00:00,1.30287,1.30315,1.3018100000000001,1.30229,3299
2024-10-21 14:00:00,1.30232,1.30232,1.29965,1.30011,3390
2024-10-21 15:00:00,1.3001,1.3001,1.29792,1.29794,3109
2024-10-21 16:00:00,1.29792,1.29871,1.2978,1.29863,2067
2024-10-21 17:00:00,1.29862,1.2991,1.29839,1.2987199999999999,1776
2024-10-21 18:00:00,1.2986900000000001,1.29885,1.29764,1.29785,1947
2024-10-21 19:00:00,1.29786,1.29839,1.29765,1.29836,1597
2024-10-21 20:00:00,1.2983799999999999,1.29853,1.29807,1.29831,1359
2024-10-21 21:00:00,1.29833,1.29849,1.29779,1.29779,946
2024-10-21 22:00:00,1.29854,1.29854,1.2981,1.2981500000000001,526
2024-10-21 23:00:00,1.29812,1.2983799999999999,1.29799,1.29822,634
2024-10-22 00:00:00,1.29823,1.29873,1.29793,1.29805,1745
2024-10-22 01:00:00,1.29804,1.29913,1.29797,1.29895,2095
2024-10-22 02:00:00,1.29895,1.29927,1.29851,1.29863,1899
2024-10-22 03:00:00,1.29862,1.2995,1.29858,1.29946,1565
2024-10-22 04:00:00,1.29947,1.29996,1.2993000000000001,1.2999100000000001,1239
2024-10-22 05:00:00,1.2999,1.30058,1.29965,1.29965,1729
2024-10-22 06:00:00,1.29965,1.30144,1.29944,1.30069,2454
2024-10-22 07:00:00,1.30065,1.30134,1.30009,1.3008899999999999,3053
2024-10-22 08:00:00,1.3008600000000001,1.30101,1.29859,1.29888,2397
2024-10-22 09:00:00,1.29886,1.29919,1.2968,1.29709,2503
2024-10-22 10:00:00,1.29706,1.2984499999999999,1.2965200000000001,1.29766,2796
2024-10-22 11:00:00,1.29768,1.29814,1.29717,1.29786,2252
2024-10-22 12:00:00,1.29787,1.29847,1.29555,1.29559,2827
2024-10-22 13:00:00,1.29557,1.2965900000000001,1.29441,1.29607,4280
2024-10-22 14:00:00,1.29609,1.298,1.2953700000000001,1.29744,4269
2024-10-22 15:00:00,1.29745,1.29824,1.29671,1.29679,2944
2024-10-22 16:00:00,1.29676,1.2978100000000001,1.29653,1.29745,2100
2024-10-22 17:00:00,1.2974700000000001,1.29834,1.2972299999999999,1.2981099999999999,1927
2024-10-22 18:00:00,1.29813,1.29837,1.2976,1.29779,1628
2024-10-22 19:00:00,1.29779,1.2984,1.2974999999999999,1.29826,1717
2024-10-22 20:00:00,1.29824,1.2986,1.29786,1.2984,1597
2024-10-22 21:00:00,1.2983799999999999,1.29844,1.29775,1.29789,703
2024-10-22 22:00:00,1.2981500000000001,1.29878,1.29807,1.2983,688
2024-10-22 23:00:00,1.29829,1.29834,1.29803,1.29803,486
2024-10-23 00:00:00,1.298,1.2981500000000001,1.29715,1.29762,1840
2024-10-23 01:00:00,1.29765,1.2978,1.29707,1.29766,2262
2024-10-23 02:00:00,1.29764,1.29902,1.2976,1.29882,1962
2024-10-23 03:00:00,1.29884,1.29912,1.29817,1.29849,1782
2024-10-23 04:00:00,1.29849,1.29887,1.29796,1.29887,1522
2024-10-23 05:00:00,1.29886,1.29945,1.2988,1.29942,1813
2024-10-23 06:00:00,1.29939,1.29939,1.2968600000000001,1.29697,2391
2024-10-23 07:00:00,1.29699,1.29732,1.2962099999999999,1.29635,2879
2024-10-23 08:00:00,1.29633,1.29884,1.29614,1.29836,2527
2024-10-23 09:00:00,1.2983500000000001,1.2987,1.2974700000000001,1.29763,2260
2024-10-23 10:00:00,1.29763,1.29827,1.29698,1.29744,1947
2024-10-23 11:00:00,1.29744,1.29768,1.29496,1.29507,2206
2024-10-23 12:00:00,1.29508,1.29572,1.29446,1.29525,3260
2024-10-23 13:00:00,1.29525,1.29613,1.29477,1.2951,2885
2024-10-23 14:00:00,1.29515,1.29593,1.29425,1.2947199999999999,3774
2024-10-23 15:00:00,1.2946900000000001,1.2950300000000001,1.29345,1.2943500000000001,2788
2024-10-23 16:00:00,1.29434,1.2947600000000001,1.29222,1.29283,2353
2024-10-23 17:00:00,1.2928,1.2928600000000001,1.29121,1.29127,2075
2024-10-23 18:00:00,1.29125,1.2926,1.2906900000000001,1.29221,2508
2024-10-23 19:00:00,1.29221,1.29332,1.29214,1.29322,1797
2024-10-23 20:00:00,1.29322,1.2933,1.2919399999999999,1.2919399999999999,1376
2024-10-23 21:00:00,1.29197,1.29199,1.29068,1.2907199999999999,743
2024-10-23 22:00:00,1.2917,1.29197,1.29099,1.2911000000000001,738
2024-10-23 23:00:00,1.2911299999999999,1.29153,1.29086,1.2915,702
2024-10-24 00:00:00,1.29153,1.29265,1.2911299999999999,1.2925200000000001,1971
2024-10-24 01:00:00,1.2925200000000001,1.29264,1.29175,1.29226,1973
2024-10-24 02:00:00,1.29226,1.2927,1.29189,1.29245,1821
2024-10-24 03:00:00,1.29246,1.29281,1.29238,1.29248,1233
2024-10-24 04:00:00,1.29247,1.29301,1.29236,1.29299,1455
2024-10-24 05:00:00,1.29299,1.2932299999999999,1.29251,1.29292,1349
2024-10-24 06:00:00,1.29288,1.29426,1.29263,1.29402,2807
2024-10-24 07:00:00,1.29405,1.29681,1.29393,1.29615,4563
2024-10-24 08:00:00,1.29617,1.29722,1.2948,1.29607,3682
2024-10-24 09:00:00,1.29602,1.29702,1.29542,1.2962500000000001,2550
2024-10-24 10:00:00,1.2962500000000001,1.2974999999999999,1.2959800000000001,1.29685,2278
2024-10-24 11:00:00,1.29685,1.2980800000000001,1.29683,1.2972299999999999,2570
2024-10-24 12:00:00,1.29727,1.29819,1.29667,1.29737,3413
2024-10-24 13:00:00,1.29735,1.2983,1.29674,1.29779,3977
2024-10-24 14:00:00,1.2978100000000001,1.29878,1.2956400000000001,1.2959800000000001,3953
2024-10-24 15:00:00,1.2960099999999999,1.29673,1.2953299999999999,1.29629,3026
2024-10-24 16:00:00,1.29627,1.29646,1.2947600000000001,1.29592,2439
2024-10-24 17:00:00,1.2959100000000001,1.29775,1.29584,1.29681,1956
2024-10-24 18:00:00,1.29681,1.29753,1.29654,1.2972299999999999,1890
2024-10-24 19:00:00,1.29721,1.29761,1.29687,1.29749,1795
2024-10-24 20:00:00,1.29752,1.29771,1.2968899999999999,1.29758,1417
2024-10-24 21:00:00,1.29751,1.29751,1.29669,1.29678,688
2024-10-24 22:00:00,1.29735,1.29756,1.2971,1.29718,437
2024-10-24 23:00:00,1.29719,1.29727,1.29694,1.2971,505
2024-10-25 00:00:00,1.29714,1.29734,1.29648,1.29683,2024
2024-10-25 01:00:00,1.29683,1.2971599999999999,1.29647,1.29683,1817
2024-10-25 02:00:00,1.29678,1.29728,1.29664,1.29708,1789
2024-10-25 03:00:00,1.29708,1.29708,1.29605,1.29627,1537
2024-10-25 04:00:00,1.29627,1.29646,1.29593,1.29643,1403
2024-10-25 05:00:00,1.29643,1.297,1.2963,1.29661,1664
2024-10-25 06:00:00,1.2966199999999999,1.2968600000000001,1.29582,1.2961,1985
2024-10-25 07:00:00,1.29611,1.29765,1.29553,1.29701,2859
2024-10-25 08:00:00,1.29697,1.29795,1.29678,1.2974999999999999,2521
2024-10-25 09:00:00,1.2974999999999999,1.2983799999999999,1.29737,1.298,1851
2024-10-25 10:00:00,1.29799,1.29868,1.2977699999999999,1.29865,1614
2024-10-25 11:00:00,1.29863,1.2992,1.2979,1.29861,1895
2024-10-25 12:00:00,1.29862,1.29962,1.2978100000000001,1.29917,2183
2024-10-25 13:00:00,1.29916,1.29982,1.29874,1.29897,2761
2024-10-25 14:00:00,1.2989600000000001,1.29979,1.29836,1.2990300000000001,3488
2024-10-25 15:00:00,1.29902,1.29942,1.29763,1.2977,2712
2024-10-25 16:00:00,1.2977,1.29796,1.29712,1.29763,2046
2024-10-25 17:00:00,1.29766,1.29771,1.29677,1.29683,1873
2024-10-25 18:00:00,1.29683,1.29706,1.29609,1.29681,2029
2024-10-25 19:00:00,1.29677,1.2968899999999999,1.29579,1.29593,2108
2024-10-25 20:00:00,1.29593,1.29624,1.29578,1.29613,2320
2024-10-27 21:00:00,1.29494,1.2959399999999999,1.29494,1.29572,544
2024-10-27 22:00:00,1.29606,1.29634,1.2955999999999999,1.29575,1176
2024-10-27 23:00:00,1.29585,1.29632,1.29558,1.29573,983
2024-10-28 00:00:00,1.2957,1.29632,1.29521,1.2953000000000001,2012
2024-10-28 01:00:00,1.29527,1.29587,1.29495,1.29541,2534
2024-10-28 02:00:00,1.29538,1.29585,1.29495,1.29517,2028
2024-10-28 03:00:00,1.2952,1.29543,1.29421,1.29425,1927
2024-10-28 04:00:00,1.29424,1.295,1.29413,1.29461,1574
2024-10-28 05:00:00,1.29458,1.29496,1.2939,1.29483,1825
2024-10-28 06:00:00,1.2947899999999999,1.29596,1.29461,1.29571,1998
2024-10-28 07:00:00,1.29573,1.2971599999999999,1.29566,1.29698,2344
2024-10-28 08:00:00,1.29697,1.29776,1.2959800000000001,1.29752,3027
2024-10-28 09:00:00,1.29752,1.29782,1.29661,1.29722,2464
2024-10-28 10:00:00,1.2972000000000001,1.29849,1.2965499999999999,1.29816,2483
2024-10-28 11:00:00,1.29814,1.29938,1.29745,1.29909,2222
2024-10-28 12:00:00,1.29907,1.2997,1.2984,1.2987199999999999,2836
2024-10-28 13:00:00,1.29871,1.29911,1.29809,1.29867,2918
2024-10-28 14:00:00,1.29867,1.30014,1.29776,1.29949,2909
2024-10-28 15:00:00,1.29951,1.29976,1.29792,1.29798,3046
2024-10-28 16:00:00,1.29797,1.29882,1.29783,1.29795,2761
2024-10-28 17:00:00,1.29792,1.29823,1.29727,1.29745,2281
2024-10-28 18:00:00,1.29743,1.29752,1.29675,1.29681,2036
2024-10-28 19:00:00,1.29679,1.29785,1.29673,1.29733,1945
2024-10-28 20:00:00,1.29735,1.29755,1.29683,1.2968899999999999,1356
2024-10-28 21:00:00,1.29687,1.29697,1.29658,1.29666,569
2024-10-28 22:00:00,1.29696,1.29707,1.29642,1.2965,587
2024-10-28 23:00:00,1.29651,1.29741,1.29651,1.29741,592
2024-10-29 00:00:00,1.29741,1.29768,1.29688,1.2972299999999999,1515
2024-10-29 01:00:00,1.29722,1.2974700000000001,1.29679,1.29731,2346
2024-10-29 02:00:00,1.29735,1.29744,1.29676,1.29696,1848
2024-10-29 03:00:00,1.29694,1.29705,1.29575,1.296,1860
2024-10-29 04:00:00,1.2960099999999999,1.29618,1.29577,1.29612,1482
2024-10-29 05:00:00,1.29615,1.29666,1.296,1.29633,2045
2024-10-29 06:00:00,1.29634,1.29705,1.2962,1.29695,1752
2024-10-29 07:00:00,1.29692,1.29737,1.29642,1.29704,2082
2024-10-29 08:00:00,1.29702,1.2989600000000001,1.29692,1.29839,3338
2024-10-29 09:00:00,1.29837,1.29868,1.29734,1.2979,2484
2024-10-29 10:00:00,1.29792,1.29865,1.29737,1.29855,2359
2024-10-29 11:00:00,1.29857,1.29924,1.2977699999999999,1.29853,2606
2024-10-29 12:00:00,1.29853,1.29856,1.2969,1.2977,3217
2024-10-29 13:00:00,1.29771,1.298,1.29666,1.2978399999999999,3722
2024-10-29 14:00:00,1.29786,1.30049,1.29786,1.29966,6371
2024-10-29 15:00:00,1.2996699999999999,1.30069,1.29788,1.30036,4565
2024-10-29 16:00:00,1.30039,1.3011300000000001,1.29893,1.29989,3105
2024-10-29 17:00:00,1.29988,1.30091,1.29928,1.29979,2879
2024-10-29 18:00:00,1.29983,1.30091,1.29921,1.30044,2196
2024-10-29 19:00:00,1.30046,1.30075,1.3002099999999999,1.30054,2103
2024-10-29 20:00:00,1.30053,1.30146,1.30036,1.30119,1369
2024-10-29 21:00:00,1.30122,1.3012299999999999,1.30005,1.30005,831
2024-10-29 22:00:00,1.30075,1.30144,1.3007,1.30137,876
2024-10-29 23:00:00,1.3014000000000001,1.30165,1.30076,1.30108,883
2024-10-30 00:00:00,1.30107,1.30166,1.30085,1.30125,1933
2024-10-30 01:00:00,1.30125,1.30199,1.30098,1.30105,2259
2024-10-30 02:00:00,1.30103,1.30108,1.30051,1.3005900000000001,1709
2024-10-30 03:00:00,1.3006,1.3006,1.2995999999999999,1.29986,1699
2024-10-30 04:00:00,1.29986,1.30026,1.2995700000000001,1.29982,1377
2024-10-30 05:00:00,1.29982,1.30005,1.29951,1.30005,1472
2024-10-30 06:00:00,1.30004,1.30132,1.30003,1.30093,2087
2024-10-30 07:00:00,1.30095,1.30104,1.29997,1.30081,2515
2024-10-30 08:00:00,1.30078,1.30244,1.30035,1.30173,3850
2024-10-30 09:00:00,1.3017,1.3026499999999999,1.29922,1.30005,4010
2024-10-30 10:00:00,1.30007,1.3002,1.29708,1.29753,2997
2024-10-30 11:00:00,1.29755,1.29766,1.2962099999999999,1.29705,3046
2024-10-30 12:00:00,1.29703,1.29718,1.29364,1.29485,4866
2024-10-30 13:00:00,1.29485,1.29978,1.29459,1.29956,5391
2024-10-30 14:00:00,1.2995700000000001,1.30431,1.29935,1.29951,7943
2024-10-30 15:00:00,1.2995,1.3019,1.2986,1.30112,5506
2024-10-30 16:00:00,1.30109,1.30179,1.29955,1.29983,3562
2024-10-30 17:00:00,1.29981,1.29997,1.2973,1.2977699999999999,3110
2024-10-30 18:00:00,1.29779,1.29868,1.29734,1.29833,2283
2024-10-30 19:00:00,1.29826,1.29826,1.29667,1.29699,2499
2024-10-30 20:00:00,1.29695,1.29702,1.2959399999999999,1.29616,2043
2024-10-30 21:00:00,1.29614,1.29637,1.2956699999999999,1.29597,1055
2024-10-30 22:00:00,1.29648,1.29653,1.2953700000000001,1.29572,1054
2024-10-30 23:00:00,1.29573,1.29609,1.29569,1.29579,664
2024-10-31 00:00:00,1.29579,1.29596,1.29488,1.29492,1312
2024-10-31 01:00:00,1.29491,1.29586,1.29433,1.29446,2056
2024-10-31 02:00:00,1.2944499999999999,1.29493,1.29423,1.29453,2075
2024-10-31 03:00:00,1.29453,1.29515,1.29453,1.29493,1734
2024-10-31 04:00:00,1.29492,1.29536,1.29459,1.2949899999999999,1505
2024-10-31 05:00:00,1.29496,1.29565,1.29471,1.29555,1545
2024-10-31 06:00:00,1.29556,1.29772,1.29524,1.29736,1951
2024-10-31 07:00:00,1.29733,1.2999,1.29648,1.29948,3110
2024-10-31 08:00:00,1.29952,1.29969,1.29776,1.29798,3463
2024-10-31 09:00:00,1.29798,1.29823,1.29577,1.2981500000000001,2795
2024-10-31 10:00:00,1.29818,1.29995,1.2977699999999999,1.2984499999999999,2866
2024-10-31 11:00:00,1.2984200000000001,1.29916,1.29695,1.29779,2789
2024-10-31 12:00:00,1.29779,1.29878,1.29654,1.29779,5020
2024-10-31 13:00:00,1.29782,1.29976,1.29236,1.29351,5883
2024-10-31 14:00:00,1.29355,1.29355,1.28847,1.28903,8864
2024-10-31 15:00:00,1.28902,1.28902,1.2843,1.28553,9817
2024-10-31 16:00:00,1.28549,1.2888600000000001,1.28544,1.28635,5226
2024-10-31 17:00:00,1.28636,1.28692,1.2854700000000001,1.28596,3546
2024-10-31 18:00:00,1.286,1.28831,1.28578,1.28809,3424
2024-10-31 19:00:00,1.28812,1.28936,1.288,1.28913,2978
2024-10-31 20:00:00,1.28917,1.28996,1.28911,1.28973,1802
2024-10-31 21:00:00,1.28976,1.28987,1.28849,1.28849,654
2024-10-31 22:00:00,1.28934,1.29024,1.28904,1.2901799999999999,644
2024-10-31 23:00:00,1.29019,1.29023,1.28953,1.28963,684
2024-11-01 00:00:00,1.28963,1.28992,1.28885,1.28945,1711
2024-11-01 01:00:00,1.28944,1.29002,1.28883,1.2896,2259
2024-11-01 02:00:00,1.28962,1.28962,1.28882,1.28931,1902
2024-11-01 03:00:00,1.28932,1.2902,1.28882,1.2898100000000001,1519
2024-11-01 04:00:00,1.2898100000000001,1.29007,1.28956,1.28976,1180
2024-11-01 05:00:00,1.28979,1.28989,1.2884,1.28884,1793
2024-11-01 06:00:00,1.28883,1.29005,1.28874,1.28962,2003
2024-11-01 07:00:00,1.28965,1.29025,1.28912,1.28976,2358
2024-11-01 08:00:00,1.28973,1.29177,1.28874,1.29039,3641
2024-11-01 09:00:00,1.29041,1.29172,1.29038,1.29096,2472
2024-11-01 10:00:00,1.29091,1.2915,1.2904200000000001,1.29131,2181
2024-11-01 11:00:00,1.29129,1.2922500000000001,1.29084,1.2919399999999999,2330
2024-11-01 12:00:00,1.29192,1.29668,1.2916,1.29531,6078
2024-11-01 13:00:00,1.29529,1.29798,1.29433,1.29673,5683
2024-11-01 14:00:00,1.29683,1.29768,1.29572,1.29663,5927
2024-11-01 15:00:00,1.29661,1.29674,1.29521,1.2959,4184
2024-11-01 16:00:00,1.29586,1.2962500000000001,1.29462,1.29557,3020
2024-11-01 17:00:00,1.29555,1.29569,1.29264,1.29273,2673
2024-11-01 18:00:00,1.29271,1.29345,1.29215,1.29263,2679
2024-11-01 19:00:00,1.2926199999999999,1.29304,1.29196,1.29202,2294
2024-11-01 20:00:00,1.29202,1.29224,1.29156,1.29195,2334
2024-11-03 22:00:00,1.29667,1.29668,1.29484,1.29608,984
2024-11-03 23:00:00,1.29648,1.29649,1.29488,1.29517,1781
2024-11-04 00:00:00,1.29519,1.29658,1.29508,1.29616,1716
2024-11-04 01:00:00,1.29616,1.29792,1.2959800000000001,1.29746,2392
2024-11-04 02:00:00,1.29746,1.2981500000000001,1.29712,1.29799,2150
2024-11-04 03:00:00,1.29799,1.29983,1.29799,1.29927,2394
2024-11-04 04:00:00,1.29926,1.29968,1.29884,1.29885,1402
2024-11-04 05:00:00,1.29886,1.29932,1.29849,1.29924,1772
2024-11-04 06:00:00,1.29926,1.29958,1.29846,1.29877,2069
2024-11-04 07:00:00,1.29874,1.29914,1.29687,1.29694,2655
2024-11-04 08:00:00,1.29699,1.29827,1.29599,1.2962099999999999,3362
2024-11-04 09:00:00,1.29622,1.29717,1.29449,1.29711,3325
2024-11-04 10:00:00,1.2971300000000001,1.29757,1.29603,1.29623,2663
2024-11-04 11:00:00,1.2962,1.29823,1.2951,1.29764,2907
2024-11-04 12:00:00,1.29763,1.29782,1.29588,1.2969,2855
2024-11-04 13:00:00,1.2969,1.29798,1.2962500000000001,1.2969,3388
2024-11-04 14:00:00,1.2969300000000001,1.2978,1.29624,1.29758,4060
2024-11-04 15:00:00,1.29758,1.2993000000000001,1.29744,1.29803,4651
2024-11-04 16:00:00,1.29804,1.2981099999999999,1.29345,1.29413,3898
2024-11-04 17:00:00,1.2941,1.29561,1.29338,1.29557,3076
2024-11-04 18:00:00,1.29557,1.29614,1.2941099999999999,1.29542,2791
2024-11-04 19:00:00,1.29544,1.29588,1.29493,1.29534,2214
2024-11-04 20:00:00,1.29532,1.29568,1.29492,1.2952,1954
2024-11-04 21:00:00,1.29523,1.29565,1.29514,1.29548,1064
2024-11-04 22:00:00,1.29556,1.2956400000000001,1.29489,1.29491,820
2024-11-04 23:00:00,1.29547,1.29586,1.29525,1.2953700000000001,556
2024-11-05 00:00:00,1.2953700000000001,1.29562,1.29484,1.2953999999999999,936
2024-11-05 01:00:00,1.2953999999999999,1.29575,1.29474,1.29551,2052
2024-11-05 02:00:00,1.2955,1.29615,1.2953999999999999,1.29565,1606
2024-11-05 03:00:00,1.29565,1.29602,1.29526,1.29532,1731
2024-11-05 04:00:00,1.29531,1.29611,1.29523,1.29559,1605
2024-11-05 05:00:00,1.29555,1.29634,1.29555,1.29597,1472
2024-11-05 06:00:00,1.2959399999999999,1.29668,1.29571,1.29658,1565
2024-11-05 07:00:00,1.29656,1.29813,1.29647,1.29764,2114
2024-11-05 08:00:00,1.29766,1.29846,1.29706,1.29803,2401
2024-11-05 09:00:00,1.29802,1.29843,1.29746,1.29816,2032
2024-11-05 10:00:00,1.2982,1.29858,1.29795,1.29817,1779
2024-11-05 11:00:00,1.29817,1.29941,1.29794,1.29904,2012
2024-11-05 12:00:00,1.29908,1.29943,1.29833,1.29856,1992
2024-11-05 13:00:00,1.29856,1.29891,1.29783,1.29821,2563
2024-11-05 14:00:00,1.29821,1.30205,1.29805,1.30101,3773
2024-11-05 15:00:00,1.30065,1.30183,1.2984499999999999,1.30014,5142
2024-11-05 16:00:00,1.30014,1.3017400000000001,1.29999,1.30138,3008
2024-11-05 17:00:00,1.30141,1.30341,1.30122,1.30329,2454
2024-11-05 18:00:00,1.30332,1.30371,1.30226,1.30251,2355
2024-11-05 19:00:00,1.30248,1.3030300000000001,1.3019,1.3020800000000001,2098
2024-11-05 20:00:00,1.30206,1.30273,1.30157,1.30273,1808
2024-11-05 21:00:00,1.3027199999999999,1.3042099999999999,1.30248,1.30408,1340
2024-11-05 22:00:00,1.30402,1.30402,1.30194,1.3027,904
2024-11-05 23:00:00,1.30312,1.30474,1.30175,1.3042,2118
2024-11-06 00:00:00,1.3042099999999999,1.30434,1.2957,1.2959100000000001,8370
2024-11-06 01:00:00,1.2959399999999999,1.29819,1.29488,1.29667,9327
2024-11-06 02:00:00,1.29665,1.29694,1.29047,1.2906,10166
2024-11-06 03:00:00,1.29061,1.29186,1.28632,1.28878,11980
2024-11-06 04:00:00,1.28876,1.29208,1.28789,1.29114,8009
2024-11-06 05:00:00,1.29117,1.29274,1.28808,1.28883,9442
2024-11-06 06:00:00,1.28881,1.28915,1.28457,1.28627,8162
2024-11-06 07:00:00,1.28629,1.28781,1.28556,1.28657,10822
2024-11-06 08:00:00,1.28654,1.29226,1.28601,1.29187,8485
2024-11-06 09:00:00,1.2919,1.2923200000000001,1.28956,1.29005,6730
2024-11-06 10:00:00,1.29001,1.29093,1.28873,1.28892,5170
2024-11-06 11:00:00,1.28891,1.28901,1.28507,1.28565,6042
2024-11-06 12:00:00,1.28564,1.2867899999999999,1.28404,1.28535,7189
2024-11-06 13:00:00,1.28535,1.28716,1.28413,1.28638,7543
2024-11-06 14:00:00,1.28637,1.28689,1.28336,1.28569,7228
2024-11-06 15:00:00,1.28573,1.28892,1.28571,1.28891,9303
2024-11-06 16:00:00,1.28891,1.28983,1.287,1.28952,6566
2024-11-06 17:00:00,1.2895400000000001,1.29082,1.2885900000000001,1.2889300000000001,4943
2024-11-06 18:00:00,1.28891,1.2919,1.28874,1.29061,5428
2024-11-06 19:00:00,1.29059,1.29068,1.2886600000000001,1.289,4093
2024-11-06 20:00:00,1.28901,1.28979,1.28867,1.28873,3102
2024-11-06 21:00:00,1.28869,1.28875,1.28783,1.28783,1163
2024-11-06 22:00:00,1.2878,1.28795,1.28638,1.28674,665
2024-11-06 23:00:00,1.28732,1.28848,1.28732,1.28822,896
2024-11-07 00:00:00,1.2882,1.2891599999999999,1.28777,1.28808,1877
2024-11-07 01:00:00,1.28804,1.28905,1.28754,1.2889,2856
2024-11-07 02:00:00,1.28891,1.29124,1.2888,1.29105,2446
2024-11-07 03:00:00,1.29105,1.29233,1.29083,1.29217,1843
2024-11-07 04:00:00,1.29218,1.29253,1.2913999999999999,1.292,1593
2024-11-07 05:00:00,1.29199,1.29342,1.29196,1.293,1599
2024-11-07 06:00:00,1.29298,1.29343,1.29253,1.29318,1996
2024-11-07 07:00:00,1.29315,1.29468,1.29238,1.2929599999999999,3954
2024-11-07 08:00:00,1.29298,1.29389,1.2923,1.29264,4586
2024-11-07 09:00:00,1.2926199999999999,1.29272,1.29067,1.2906900000000001,3606
2024-11-07 10:00:00,1.29071,1.2917399999999999,1.28987,1.29048,3160
2024-11-07 11:00:00,1.29046,1.29118,1.29001,1.29056,2741
2024-11-07 12:00:00,1.29066,1.2955999999999999,1.28989,1.29554,7002
2024-11-07 13:00:00,1.29555,1.29748,1.29526,1.29715,6817
2024-11-07 14:00:00,1.29717,1.2996699999999999,1.29639,1.29913,5153
2024-11-07 15:00:00,1.29911,1.30088,1.29846,1.29954,5385
2024-11-07 16:00:00,1.29953,1.30005,1.29796,1.2983500000000001,4474
2024-11-07 17:00:00,1.29833,1.29902,1.29752,1.29892,3065
2024-11-07 18:00:00,1.29892,1.29898,1.29706,1.2971599999999999,2644
2024-11-07 19:00:00,1.29719,1.29836,1.29481,1.29651,11100
2024-11-07 20:00:00,1.2965200000000001,1.29912,1.29604,1.29824,5821
2024-11-07 21:00:00,1.29823,1.2987199999999999,1.29791,1.2985,1498
2024-11-07 22:00:00,1.29847,1.2987199999999999,1.2981500000000001,1.2981500000000001,517
2024-11-07 23:00:00,1.29866,1.29886,1.29805,1.29823,1069
2024-11-08 00:00:00,1.29823,1.29839,1.2974999999999999,1.29775,1593
2024-11-08 01:00:00,1.29775,1.29787,1.2964,1.29727,2634
2024-11-08 02:00:00,1.29729,1.2976,1.29623,1.29648,2157
2024-11-08 03:00:00,1.29649,1.2975400000000001,1.2963,1.29644,1807
2024-11-08 04:00:00,1.29643,1.29687,1.29611,1.29673,1632
2024-11-08 05:00:00,1.29673,1.29732,1.29653,1.29696,1725
2024-11-08 06:00:00,1.29698,1.29733,1.29609,1.29684,2143
2024-11-08 07:00:00,1.2968199999999999,1.2974,1.2962099999999999,1.29645,2783
2024-11-08 08:00:00,1.29642,1.2967,1.2934999999999999,1.29566,6049
2024-11-08 09:00:00,1.29565,1.2971,1.29548,1.2959800000000001,3569
2024-11-08 10:00:00,1.296,1.2962,1.29489,1.2962,2636
2024-11-08 11:00:00,1.29624,1.29763,1.29615,1.29675,2808
2024-11-08 12:00:00,1.29677,1.29683,1.29379,1.29439,3568
2024-11-08 13:00:00,1.29441,1.2949899999999999,1.29274,1.29407,4176
2024-11-08 14:00:00,1.2940800000000001,1.29481,1.29324,1.29375,4138
2024-11-08 15:00:00,1.29373,1.29457,1.29219,1.2938100000000001,5009
2024-11-08 16:00:00,1.29378,1.29444,1.29009,1.29019,4004
2024-11-08 17:00:00,1.29021,1.29044,1.2882799999999999,1.28964,4593
2024-11-08 18:00:00,1.28968,1.29114,1.2895699999999999,1.29053,2897
2024-11-08 19:00:00,1.29051,1.2913999999999999,1.29022,1.29119,2371
2024-11-08 20:00:00,1.29118,1.2923,1.29087,1.292,2201
2024-11-08 21:00:00,1.29202,1.29245,1.29125,1.29199,1787
2024-11-10 22:00:00,1.28956,1.29064,1.28935,1.29063,1032
2024-11-10 23:00:00,1.29095,1.29173,1.29084,1.29149,1126
2024-11-11 00:00:00,1.29148,1.29197,1.29091,1.2913700000000001,1718
2024-11-11 01:00:00,1.29135,1.29254,1.2913299999999999,1.29177,2378
2024-11-11 02:00:00,1.29178,1.2923,1.29129,1.29177,1993
2024-11-11 03:00:00,1.29177,1.29222,1.29123,1.29138,1404
2024-11-11 04:00:00,1.29138,1.2913999999999999,1.29006,1.29123,1371
2024-11-11 05:00:00,1.29123,1.29163,1.29068,1.29148,1579
2024-11-11 06:00:00,1.2915,1.29183,1.2910300000000001,1.29166,1555
2024-11-11 07:00:00,1.29168,1.29219,1.28907,1.28949,3451
2024-11-11 08:00:00,1.2894700000000001,1.29036,1.28874,1.28994,3672
2024-11-11 09:00:00,1.28995,1.29022,1.28824,1.28998,3433
2024-11-11 10:00:00,1.28997,1.29063,1.28823,1.2883,2695
2024-11-11 11:00:00,1.28829,1.28883,1.2876400000000001,1.28847,2972
2024-11-11 12:00:00,1.28851,1.28897,1.28759,1.28811,2562
2024-11-11 13:00:00,1.2881,1.2885,1.28556,1.28664,3395
2024-11-11 14:00:00,1.28666,1.28768,1.28596,1.28668,3714
2024-11-11 15:00:00,1.2867199999999999,1.28751,1.28573,1.28691,3773
2024-11-11 16:00:00,1.28693,1.28777,1.2864,1.28697,2809
2024-11-11 17:00:00,1.28697,1.28722,1.2859,1.28637,2173
2024-11-11 18:00:00,1.28635,1.28662,1.28566,1.28648,2042
2024-11-11 19:00:00,1.28648,1.28668,1.28606,1.28617,1788
2024-11-11 20:00:00,1.2862,1.28667,1.28617,1.28659,1599
2024-11-11 21:00:00,1.28662,1.287,1.2864900000000001,1.28656,837
2024-11-11 22:00:00,1.28663,1.28691,1.2864900000000001,1.28655,626
2024-11-11 23:00:00,1.28694,1.28734,1.28625,1.28734,966
2024-11-12 00:00:00,1.2873,1.2873,1.28626,1.28663,1520
2024-11-12 01:00:00,1.28663,1.28711,1.28573,1.28606,2483
2024-11-12 02:00:00,1.2860800000000001,1.2860800000000001,1.28478,1.28495,2598
2024-11-12 03:00:00,1.2849599999999999,1.28542,1.2840099999999999,1.28412,1935
2024-11-12 04:00:00,1.2841,1.28445,1.28354,1.28436,1959
2024-11-12 05:00:00,1.28439,1.28468,1.28291,1.28329,2342
2024-11-12 06:00:00,1.28329,1.28329,1.28144,1.28244,2773
2024-11-12 07:00:00,1.28246,1.2831299999999999,1.2800099999999999,1.28138,4501
2024-11-12 08:00:00,1.28135,1.28254,1.27918,1.28244,4436
2024-11-12 09:00:00,1.28241,1.28273,1.28124,1.2823,3222
2024-11-12 10:00:00,1.28229,1.28251,1.2805,1.2818,3265
2024-11-12 11:00:00,1.28182,1.28309,1.28171,1.28206,2675
2024-11-12 12:00:00,1.28205,1.28285,1.2809300000000001,1.28206,3455
2024-11-12 13:00:00,1.28207,1.28235,1.2804,1.28097,4193
2024-11-12 14:00:00,1.2809599999999999,1.28108,1.27833,1.279,3998
2024-11-12 15:00:00,1.27899,1.2791299999999999,1.27555,1.27625,4965
2024-11-12 16:00:00,1.27629,1.27654,1.27316,1.27322,4636
2024-11-12 17:00:00,1.27317,1.27348,1.27185,1.27329,4560
2024-11-12 18:00:00,1.27331,1.27444,1.27319,1.27433,2910
2024-11-12 19:00:00,1.2743,1.27458,1.27356,1.2736,2209
2024-11-12 20:00:00,1.27358,1.27462,1.2735,1.2745199999999999,2423
2024-11-12 21:00:00,1.27451,1.27505,1.27443,1.27447,1331
2024-11-12 22:00:00,1.27444,1.27467,1.27401,1.27439,970
2024-11-12 23:00:00,1.27485,1.2748599999999999,1.2736,1.27362,1156
2024-11-13 00:00:00,1.27363,1.27398,1.27307,1.2735699999999999,1687
2024-11-13 01:00:00,1.27356,1.27529,1.27344,1.27498,2853
2024-11-13 02:00:00,1.275,1.27536,1.2745199999999999,1.27525,2041
2024-11-13 03:00:00,1.27527,1.2754400000000001,1.27409,1.27437,1648
2024-11-13 04:00:00,1.27438,1.27472,1.27396,1.2745,1441
2024-11-13 05:00:00,1.2745,1.2747600000000001,1.27368,1.27429,1718
2024-11-13 06:00:00,1.27429,1.27475,1.2734,1.2742499999999999,2262
2024-11-13 07:00:00,1.27423,1.27454,1.27294,1.27352,2519
2024-11-13 08:00:00,1.2735,1.27454,1.27292,1.27446,3259
2024-11-13 09:00:00,1.27448,1.27557,1.27338,1.27508,3449
2024-11-13 10:00:00,1.27506,1.2751299999999999,1.27366,1.27399,2466
2024-11-13 11:00:00,1.27401,1.27546,1.27362,1.27539,2459
2024-11-13 12:00:00,1.27541,1.27584,1.2742200000000001,1.2744900000000001,2997
2024-11-13 13:00:00,1.27448,1.27686,1.27359,1.2753700000000001,7273
2024-11-13 14:00:00,1.27536,1.2756,1.2698,1.27091,7904
2024-11-13 15:00:00,1.27088,1.2725,1.2686,1.27236,8300
2024-11-13 16:00:00,1.2723200000000001,1.27261,1.27048,1.27077,5351
2024-11-13 17:00:00,1.2708,1.27202,1.2699500000000001,1.27097,3633
2024-11-13 18:00:00,1.27101,1.27118,1.2699500000000001,1.2704900000000001,2997
2024-11-13 19:00:00,1.2704900000000001,1.27196,1.27031,1.27047,2787
2024-11-13 20:00:00,1.2705,1.27091,1.26999,1.27037,2232
2024-11-13 21:00:00,1.27039,1.27114,1.27033,1.27066,1536
2024-11-13 22:00:00,1.27064,1.27071,1.26938,1.2695400000000001,1061
2024-11-13 23:00:00,1.27095,1.27109,1.27043,1.27066,944
2024-11-14 00:00:00,1.27067,1.27103,1.27035,1.2705,1555
2024-11-14 01:00:00,1.2705199999999999,1.2705199999999999,1.26915,1.2693699999999999,2443
2024-11-14 02:00:00,1.2693400000000001,1.26938,1.26825,1.2683900000000001,2355
2024-11-14 03:00:00,1.26837,1.26929,1.26824,1.2683499999999999,1901
2024-11-14 04:00:00,1.2683499999999999,1.26852,1.26791,1.26828,1410
2024-11-14 05:00:00,1.26828,1.26908,1.26724,1.2687,2180
2024-11-14 06:00:00,1.26868,1.26951,1.26828,1.26845,2359
2024-11-14 07:00:00,1.26847,1.26941,1.26792,1.26867,2784
2024-11-14 08:00:00,1.2686899999999999,1.2692700000000001,1.26681,1.26694,3606
2024-11-14 09:00:00,1.26694,1.26749,1.26547,1.26566,3526
2024-11-14 10:00:00,1.26569,1.26587,1.2629299999999999,1.26416,3627
2024-11-14 11:00:00,1.26414,1.2659099999999999,1.26291,1.26581,3808
2024-11-14 12:00:00,1.26579,1.26712,1.26506,1.26643,3466
2024-11-14 13:00:00,1.26647,1.26792,1.26451,1.26566,6628
2024-11-14 14:00:00,1.2656399999999999,1.2704,1.26554,1.26899,6324
2024-11-14 15:00:00,1.26899,1.27114,1.26855,1.27074,6152
2024-11-14 16:00:00,1.27071,1.27197,1.2698800000000001,1.27045,3947
2024-11-14 17:00:00,1.27043,1.27077,1.26966,1.27029,3460
2024-11-14 18:00:00,1.27031,1.27043,1.26851,1.26859,2524
2024-11-14 19:00:00,1.26855,1.26929,1.26825,1.26868,2209
2024-11-14 20:00:00,1.2686600000000001,1.26877,1.26467,1.26566,7552
2024-11-14 21:00:00,1.2656800000000001,1.26675,1.26536,1.26645,2176
2024-11-14 22:00:00,1.26645,1.26651,1.26592,1.26611,927
2024-11-14 23:00:00,1.2664900000000001,1.26711,1.26573,1.26665,1295
2024-11-15 00:00:00,1.26666,1.26672,1.26563,1.26614,1925
2024-11-15 01:00:00,1.26615,1.2671700000000001,1.26579,1.26647,2828
2024-11-15 02:00:00,1.2665,1.26776,1.26645,1.26752,2508
2024-11-15 03:00:00,1.26752,1.2682,1.2674400000000001,1.26752,2211
2024-11-15 04:00:00,1.26748,1.26802,1.26731,1.26767,1592
2024-11-15 05:00:00,1.26768,1.26784,1.2671299999999999,1.26745,1989
2024-11-15 06:00:00,1.26741,1.26899,1.26662,1.26829,2650
2024-11-15 07:00:00,1.26827,1.26878,1.26658,1.26663,3547
2024-11-15 08:00:00,1.26661,1.26706,1.26562,1.26623,3952
2024-11-15 09:00:00,1.2662200000000001,1.2675100000000001,1.26484,1.26521,3505
2024-11-15 10:00:00,1.26518,1.26811,1.26495,1.26743,3462
2024-11-15 11:00:00,1.26741,1.26966,1.26681,1.2689,2846
2024-11-15 12:00:00,1.26891,1.26921,1.26668,1.26769,2073
2024-11-15 13:00:00,1.2677399999999999,1.26872,1.26401,1.26499,7609
2024-11-15 14:00:00,1.26495,1.26538,1.2625,1.26345,6625
2024-11-15 15:00:00,1.26343,1.26368,1.26135,1.26278,6382
2024-11-15 16:00:00,1.2628,1.2642,1.26175,1.26268,5181
2024-11-15 17:00:00,1.26268,1.26376,1.26233,1.26267,3837
2024-11-15 18:00:00,1.2627,1.2631700000000001,1.26153,1.26299,3182
2024-11-15 19:00:00,1.263,1.26307,1.26108,1.26112,2840
2024-11-15 20:00:00,1.26113,1.2612999999999999,1.25966,1.26059,2925
2024-11-15 21:00:00,1.26058,1.26211,1.26034,1.26189,2220
2024-11-17 22:00:00,1.26101,1.26115,1.25969,1.2610700000000001,1124
2024-11-17 23:00:00,1.2615,1.26216,1.26087,1.26189,1267
2024-11-18 00:00:00,1.2619,1.26387,1.26147,1.26386,2073
2024-11-18 01:00:00,1.26386,1.26419,1.26302,1.2634699999999999,3369
2024-11-18 02:00:00,1.2634699999999999,1.26401,1.26291,1.26345,2230
2024-11-18 03:00:00,1.26346,1.26372,1.26202,1.26248,1863
2024-11-18 04:00:00,1.2625,1.26343,1.26226,1.26329,1489
2024-11-18 05:00:00,1.26329,1.26332,1.26247,1.26298,1771
2024-11-18 06:00:00,1.26297,1.26404,1.26279,1.2637800000000001,2216
2024-11-18 07:00:00,1.2637800000000001,1.26386,1.26187,1.26255,2490
2024-11-18 08:00:00,1.26257,1.26303,1.26145,1.26186,3465
2024-11-18 09:00:00,1.26179,1.2636,1.26124,1.2629299999999999,3884
2024-11-18 10:00:00,1.26292,1.263,1.26143,1.26289,3202
2024-11-18 11:00:00,1.26287,1.26296,1.2612999999999999,1.26179,2794
2024-11-18 12:00:00,1.26179,1.26287,1.2616,1.26247,2652
2024-11-18 13:00:00,1.26248,1.26321,1.26197,1.2625,3473
2024-11-18 14:00:00,1.2624900000000001,1.26361,1.26182,1.2631000000000001,3836
2024-11-18 15:00:00,1.26309,1.26433,1.26213,1.26393,3642
2024-11-18 16:00:00,1.26391,1.2662200000000001,1.26386,1.26607,3087
2024-11-18 17:00:00,1.26609,1.26682,1.2653699999999999,1.2665199999999999,2851
2024-11-18 18:00:00,1.26651,1.2680799999999999,1.26637,1.26796,2257
2024-11-18 19:00:00,1.26796,1.26864,1.26688,1.26709,2547
2024-11-18 20:00:00,1.26706,1.26779,1.26704,1.26752,2114
2024-11-18 21:00:00,1.2675,1.2681200000000001,1.26734,1.2674699999999999,1175
2024-11-18 22:00:00,1.26748,1.26784,1.26721,1.2674699999999999,739
2024-11-18 23:00:00,1.26788,1.26792,1.26716,1.2678099999999999,773
2024-11-19 00:00:00,1.2678,1.26783,1.26666,1.26676,1498
2024-11-19 01:00:00,1.26677,1.26782,1.26654,1.26766,2089
2024-11-19 02:00:00,1.26766,1.26797,1.26715,1.26766,1830
2024-11-19 03:00:00,1.26767,1.26888,1.26765,1.26848,1725
2024-11-19 04:00:00,1.2685,1.26892,1.26726,1.2674,1625
2024-11-19 05:00:00,1.2674,1.2674,1.26668,1.26689,1490
2024-11-19 06:00:00,1.2669000000000001,1.26794,1.26673,1.26765,1791
2024-11-19 07:00:00,1.26764,1.26789,1.2662499999999999,1.26724,2777
2024-11-19 08:00:00,1.26722,1.26794,1.26499,1.26553,4855
2024-11-19 09:00:00,1.26553,1.26606,1.26125,1.2627,7059
2024-11-19 10:00:00,1.2627,1.26481,1.26246,1.26355,4579
2024-11-19 11:00:00,1.26356,1.26429,1.2625899999999999,1.2634400000000001,3215
2024-11-19 12:00:00,1.2634699999999999,1.26436,1.26291,1.26436,2882
2024-11-19 13:00:00,1.2643499999999999,1.26531,1.2631999999999999,1.26353,4416
2024-11-19 14:00:00,1.2635100000000001,1.26545,1.26269,1.26386,6066
2024-11-19 15:00:00,1.26384,1.26703,1.26314,1.26637,4413
2024-11-19 16:00:00,1.26638,1.26789,1.26616,1.2665600000000001,3822
2024-11-19 17:00:00,1.26653,1.26818,1.26645,1.26707,3009
2024-11-19 18:00:00,1.26705,1.26782,1.2661,1.26773,2390
2024-11-19 19:00:00,1.26775,1.26809,1.26684,1.26755,2402
2024-11-19 20:00:00,1.26754,1.26848,1.26736,1.2677100000000001,2071
2024-11-19 21:00:00,1.26769,1.26848,1.26756,1.26802,1112
2024-11-19 22:00:00,1.26804,1.26814,1.26728,1.26728,866
2024-11-19 23:00:00,1.2678,1.2693699999999999,1.26763,1.2693699999999999,1048
2024-11-20 00:00:00,1.26936,1.26952,1.26853,1.26865,1268
2024-11-20 01:00:00,1.2686899999999999,1.26908,1.26834,1.26894,1875
2024-11-20 02:00:00,1.26895,1.26933,1.26871,1.26887,1732
2024-11-20 03:00:00,1.26886,1.2691,1.26796,1.26816,1351
2024-11-20 04:00:00,1.26816,1.26877,1.26792,1.26865,985
2024-11-20 05:00:00,1.26867,1.26899,1.26828,1.2683499999999999,1272
2024-11-20 06:00:00,1.26834,1.26923,1.26797,1.26857,1997
2024-11-20 07:00:00,1.26855,1.27143,1.26785,1.26949,4444
2024-11-20 08:00:00,1.2695400000000001,1.26965,1.2673,1.26763,3513
2024-11-20 09:00:00,1.2676,1.26825,1.26638,1.26689,3275
2024-11-20 10:00:00,1.26688,1.26746,1.26563,1.2659500000000001,2945
2024-11-20 11:00:00,1.26597,1.2662499999999999,1.26485,1.26623,2703
2024-11-20 12:00:00,1.26627,1.26729,1.26618,1.26666,3036
2024-11-20 13:00:00,1.26665,1.26752,1.26618,1.26738,3380
2024-11-20 14:00:00,1.26739,1.2674699999999999,1.26376,1.26418,4415
2024-11-20 15:00:00,1.26422,1.26624,1.264,1.26529,4779
2024-11-20 16:00:00,1.26529,1.2656,1.26304,1.26368,3954
2024-11-20 17:00:00,1.2637,1.26615,1.26303,1.26541,2637
2024-11-20 18:00:00,1.26539,1.26547,1.26411,1.26489,2507
2024-11-20 19:00:00,1.26491,1.26517,1.26448,1.26471,1860
2024-11-20 20:00:00,1.2646899999999999,1.2646899999999999,1.26425,1.26463,1886
2024-11-20 21:00:00,1.26465,1.2652999999999999,1.26448,1.26514,1315
2024-11-20 22:00:00,1.26512,1.26517,1.2645,1.26464,765
2024-11-20 23:00:00,1.26518,1.2655,1.26502,1.26549,607
2024-11-21 00:00:00,1.26548,1.26569,1.26508,1.26541,1144
2024-11-21 01:00:00,1.26542,1.2658800000000001,1.26531,1.26544,1858
2024-11-21 02:00:00,1.26546,1.26583,1.26497,1.26541,1496
2024-11-21 03:00:00,1.2654,1.2659099999999999,1.26516,1.26584,1295
2024-11-21 04:00:00,1.26584,1.26599,1.2652,1.26541,1056
2024-11-21 05:00:00,1.26541,1.26548,1.26488,1.26495,1345
2024-11-21 06:00:00,1.26497,1.26576,1.26456,1.2652700000000001,2202
2024-11-21 07:00:00,1.26525,1.26529,1.26363,1.2648,3565
2024-11-21 08:00:00,1.26482,1.2649599999999999,1.2631299999999999,1.26404,3676
2024-11-21 09:00:00,1.264,1.26402,1.2622499999999999,1.26322,4177
2024-11-21 10:00:00,1.26321,1.2635399999999999,1.2625199999999999,1.26316,2552
2024-11-21 11:00:00,1.26315,1.26512,1.26296,1.26379,2860
2024-11-21 12:00:00,1.2638099999999999,1.2644199999999999,1.26304,1.26392,2639
2024-11-21 13:00:00,1.26393,1.26573,1.26319,1.26467,4439
2024-11-21 14:00:00,1.2647,1.26499,1.26189,1.26365,4825
2024-11-21 15:00:00,1.26362,1.26523,1.26165,1.26176,4774
2024-11-21 16:00:00,1.26172,1.2622,1.25847,1.25853,6471
2024-11-21 17:00:00,1.25853,1.2602,1.25756,1.25997,4003
2024-11-21 18:00:00,1.25997,1.2604199999999999,1.25912,1.26011,2502
2024-11-21 19:00:00,1.2601,1.26043,1.25902,1.26011,2128
2024-11-21 20:00:00,1.2600799999999999,1.2604899999999999,1.2594699999999999,1.25958,1810
2024-11-21 21:00:00,1.25958,1.25967,1.25861,1.25881,1132
2024-11-21 22:00:00,1.25878,1.25903,1.25834,1.2586300000000001,872
2024-11-21 23:00:00,1.25897,1.25911,1.2582900000000001,1.25845,1078
2024-11-22 00:00:00,1.25844,1.25907,1.25837,1.25897,1908
2024-11-22 01:00:00,1.25899,1.25937,1.25847,1.2588,2026
2024-11-22 02:00:00,1.25879,1.259,1.25801,1.25865,2049
2024-11-22 03:00:00,1.25865,1.25938,1.2582900000000001,1.25836,1828
2024-11-22 04:00:00,1.25833,1.25872,1.2580200000000001,1.25846,1589
2024-11-22 05:00:00,1.25846,1.25846,1.25657,1.25687,2322
2024-11-22 06:00:00,1.25682,1.25738,1.2564199999999999,1.25711,2309
2024-11-22 07:00:00,1.2570700000000001,1.25746,1.25512,1.25717,3785
2024-11-22 08:00:00,1.25718,1.25812,1.25522,1.25534,5356
2024-11-22 09:00:00,1.25533,1.2554,1.24922,1.2511700000000001,12220
2024-11-22 10:00:00,1.25114,1.2539799999999999,1.24867,1.2533699999999999,6395
2024-11-22 11:00:00,1.25335,1.25339,1.25054,1.25125,3956
2024-11-22 12:00:00,1.25129,1.25159,1.25015,1.25114,3790
2024-11-22 13:00:00,1.25116,1.2524899999999999,1.25081,1.25197,4703
2024-11-22 14:00:00,1.25199,1.25317,1.2513,1.25171,5613
2024-11-22 15:00:00,1.25175,1.25372,1.25116,1.25264,6788
2024-11-22 16:00:00,1.25265,1.2528000000000001,1.25069,1.25148,4056
2024-11-22 17:00:00,1.25149,1.2530999999999999,1.25142,1.25294,3060
2024-11-22 18:00:00,1.25294,1.25347,1.25244,1.25255,2551
2024-11-22 19:00:00,1.25254,1.25292,1.2522,1.25253,2114
2024-11-22 20:00:00,1.2524899999999999,1.25318,1.25216,1.2530299999999999,2324
2024-11-22 21:00:00,1.25305,1.25338,1.25285,1.25321,2837
2024-11-24 22:00:00,1.2582200000000001,1.25841,1.25675,1.258,981
2024-11-24 23:00:00,1.25862,1.25964,1.25739,1.2592400000000001,2505
2024-11-25 00:00:00,1.2592400000000001,1.25976,1.25869,1.25941,2244
2024-11-25 01:00:00,1.25939,1.2604600000000001,1.25911,1.25939,2654
2024-11-25 02:00:00,1.25935,1.26065,1.25911,1.2600500000000001,2229
2024-11-25 03:00:00,1.2600500000000001,1.26024,1.25922,1.25927,2049
2024-11-25 04:00:00,1.25925,1.25964,1.25905,1.2594699999999999,1595
2024-11-25 05:00:00,1.2594699999999999,1.26003,1.25879,1.2594,1848
2024-11-25 06:00:00,1.25938,1.2604899999999999,1.25892,1.26,2295
2024-11-25 07:00:00,1.25996,1.25997,1.25706,1.25715,3085
2024-11-25 08:00:00,1.2570999999999999,1.25731,1.25477,1.25607,4808
2024-11-25 09:00:00,1.25606,1.25785,1.25584,1.2572999999999999,4246
2024-11-25 10:00:00,1.25733,1.25827,1.25704,1.2578,3197
2024-11-25 11:00:00,1.25778,1.25819,1.25627,1.25648,2580
2024-11-25 12:00:00,1.25648,1.2574100000000001,1.2551,1.2570999999999999,3238
2024-11-25 13:00:00,1.25709,1.26132,1.2569,1.26106,5140
2024-11-25 14:00:00,1.26109,1.2612999999999999,1.25826,1.25853,5623
2024-11-25 15:00:00,1.25853,1.2593,1.2547,1.25505,4939
2024-11-25 16:00:00,1.25504,1.25651,1.25411,1.25503,4483
2024-11-25 17:00:00,1.25502,1.25552,1.25418,1.2554,3196
2024-11-25 18:00:00,1.25539,1.25754,1.25532,1.25743,2972
2024-11-25 19:00:00,1.25746,1.25767,1.25696,1.25743,2143
2024-11-25 20:00:00,1.25742,1.2578,1.25654,1.25668,2094
2024-11-25 21:00:00,1.2566899999999999,1.25709,1.25629,1.25658,1243
2024-11-25 22:00:00,1.25654,1.25688,1.2562,1.25633,774
2024-11-25 23:00:00,1.25684,1.25726,1.25292,1.25321,3239
2024-11-26 00:00:00,1.25323,1.2539,1.2511,1.2513,5949
2024-11-26 01:00:00,1.25126,1.25367,1.25069,1.25266,4795
2024-11-26 02:00:00,1.25266,1.25351,1.25237,1.25314,3051
2024-11-26 03:00:00,1.25314,1.25489,1.25291,1.2548300000000001,2344
2024-11-26 04:00:00,1.2548300000000001,1.25621,1.2548300000000001,1.25519,2187
2024-11-26 05:00:00,1.25518,1.25546,1.2546300000000001,1.2548,2023
2024-11-26 06:00:00,1.25479,1.25557,1.25444,1.2545600000000001,2708
2024-11-26 07:00:00,1.2545600000000001,1.25539,1.25421,1.2543,3917
2024-11-26 08:00:00,1.2542900000000001,1.25543,1.25373,1.25521,4295
2024-11-26 09:00:00,1.2552400000000001,1.25782,1.2552400000000001,1.25709,4424
2024-11-26 10:00:00,1.25706,1.2592400000000001,1.2570299999999999,1.25885,3374
2024-11-26 11:00:00,1.2588300000000001,1.25908,1.25733,1.25835,2705
2024-11-26 12:00:00,1.25831,1.26159,1.2576800000000001,1.2606,4611
2024-11-26 13:00:00,1.26057,1.2609,1.25789,1.25817,5522
2024-11-26 14:00:00,1.25818,1.25879,1.25687,1.25743,5031
2024-11-26 15:00:00,1.25745,1.25781,1.25545,1.25628,5814
2024-11-26 16:00:00,1.25624,1.25666,1.25324,1.25435,5696
2024-11-26 17:00:00,1.25436,1.25446,1.2530299999999999,1.25369,3735
2024-11-26 18:00:00,1.2536800000000001,1.2540200000000001,1.25243,1.2535,2925
2024-11-26 19:00:00,1.25363,1.2549299999999999,1.25301,1.25453,4064
2024-11-26 20:00:00,1.25454,1.2558500000000001,1.25442,1.25576,2659
2024-11-26 21:00:00,1.25575,1.25691,1.2557,1.25658,1459
2024-11-26 22:00:00,1.25661,1.2568,1.25624,1.25624,1762
2024-11-26 23:00:00,1.25662,1.25738,1.25662,1.25731,871
2024-11-27 00:00:00,1.25731,1.25773,1.25705,1.25727,2038
2024-11-27 01:00:00,1.25726,1.2579500000000001,1.25704,1.25744,2885
2024-11-27 02:00:00,1.25744,1.25754,1.25689,1.25742,2219
2024-11-27 03:00:00,1.25744,1.25748,1.25686,1.25714,1768
2024-11-27 04:00:00,1.25713,1.25754,1.25675,1.25719,1461
2024-11-27 05:00:00,1.2572,1.2572999999999999,1.2566,1.25678,1624
2024-11-27 06:00:00,1.2567599999999999,1.25796,1.25664,1.2573699999999999,2083
2024-11-27 07:00:00,1.25735,1.25977,1.25735,1.25918,3215
2024-11-27 08:00:00,1.25918,1.2616,1.25887,1.25986,5690
2024-11-27 09:00:00,1.25987,1.2610700000000001,1.2591999999999999,1.26036,3968
2024-11-27 10:00:00,1.26037,1.2618800000000001,1.25974,1.26133,3314
2024-11-27 11:00:00,1.26135,1.26189,1.25994,1.26098,2704
2024-11-27 12:00:00,1.26096,1.26309,1.2606899999999999,1.26271,3228
2024-11-27 13:00:00,1.26273,1.2662499999999999,1.2623,1.26621,5060
2024-11-27 14:00:00,1.26623,1.26675,1.26399,1.2652700000000001,5764
2024-11-27 15:00:00,1.26532,1.26875,1.26328,1.26764,6148
2024-11-27 16:00:00,1.26764,1.26942,1.26645,1.2676,4733
2024-11-27 17:00:00,1.26756,1.26936,1.26687,1.26741,3748
2024-11-27 18:00:00,1.26745,1.2682,1.2671700000000001,1.26759,2348
2024-11-27 19:00:00,1.26756,1.26803,1.26705,1.26727,2120
2024-11-27 20:00:00,1.26724,1.26795,1.26689,1.26783,2355
2024-11-27 21:00:00,1.2678,1.26818,1.26762,1.26775,1256
2024-11-27 22:00:00,1.26777,1.26786,1.26732,1.26746,828
2024-11-27 23:00:00,1.26798,1.26825,1.2676,1.26766,843
2024-11-28 00:00:00,1.26766,1.26773,1.26692,1.26698,1639
2024-11-28 01:00:00,1.26698,1.2677800000000001,1.26647,1.26721,2798
2024-11-28 02:00:00,1.26722,1.26752,1.26638,1.26693,2023
2024-11-28 03:00:00,1.26693,1.26701,1.26606,1.26624,1733
2024-11-28 04:00:00,1.26627,1.2667,1.2658,1.26664,1616
2024-11-28 05:00:00,1.26668,1.26691,1.26631,1.26635,1689
2024-11-28 06:00:00,1.26637,1.26664,1.26571,1.26604,2044
2024-11-28 07:00:00,1.26604,1.26681,1.26452,1.26512,3017
2024-11-28 08:00:00,1.2651,1.26567,1.26446,1.26495,4203
2024-11-28 09:00:00,1.26494,1.26582,1.26444,1.26508,4249
2024-11-28 10:00:00,1.26508,1.26676,1.26472,1.26653,2480
2024-11-28 11:00:00,1.26653,1.26736,1.26617,1.26663,2476
2024-11-28 12:00:00,1.26664,1.26688,1.2659500000000001,1.26658,2254
2024-11-28 13:00:00,1.2665600000000001,1.26705,1.2659,1.26634,3068
2024-11-28 14:00:00,1.26637,1.26758,1.26605,1.26758,2960
2024-11-28 15:00:00,1.26758,1.26825,1.26704,1.26816,3057
2024-11-28 16:00:00,1.26811,1.2689599999999999,1.26756,1.26868,1988
2024-11-28 17:00:00,1.2686899999999999,1.26891,1.26829,1.2687,1299
2024-11-28 18:00:00,1.26872,1.26895,1.26838,1.2686899999999999,487
2024-11-28 19:00:00,1.2686899999999999,1.2689300000000001,1.26855,1.26892,417
2024-11-28 20:00:00,1.26892,1.26908,1.2686,1.2687,426
2024-11-28 21:00:00,1.2687,1.26899,1.26837,1.26838,450
2024-11-28 22:00:00,1.2684,1.26879,1.26823,1.26825,678
2024-11-28 23:00:00,1.26874,1.2695699999999999,1.2684199999999999,1.26949,1250
2024-11-29 00:00:00,1.26948,1.27041,1.26923,1.27016,1740
2024-11-29 01:00:00,1.27017,1.27111,1.26975,1.2701500000000001,3197
2024-11-29 02:00:00,1.2701500000000001,1.27114,1.27009,1.27081,2351
2024-11-29 03:00:00,1.27082,1.27148,1.27051,1.27124,1907
2024-11-29 04:00:00,1.27124,1.27166,1.27081,1.27093,1714
2024-11-29 05:00:00,1.27091,1.27126,1.27054,1.2706,1904
2024-11-29 06:00:00,1.27058,1.27257,1.2704900000000001,1.27234,2150
2024-11-29 07:00:00,1.2723200000000001,1.27499,1.27207,1.27225,4681
2024-11-29 08:00:00,1.27224,1.27259,1.26963,1.27038,3957
2024-11-29 09:00:00,1.27037,1.27135,1.26894,1.26928,3669
2024-11-29 10:00:00,1.26924,1.2695400000000001,1.26817,1.26946,3520
2024-11-29 11:00:00,1.26945,1.26978,1.2687599999999999,1.26971,2786
2024-11-29 12:00:00,1.26975,1.27014,1.26809,1.26975,3375
2024-11-29 13:00:00,1.26974,1.27029,1.26767,1.26851,3463
2024-11-29 14:00:00,1.26853,1.26935,1.26715,1.26882,3893
2024-11-29 15:00:00,1.26879,1.27138,1.26852,1.27084,5273
2024-11-29 16:00:00,1.27087,1.27104,1.26907,1.2696100000000001,4527
2024-11-29 17:00:00,1.2696100000000001,1.27244,1.26914,1.2724,3214
2024-11-29 18:00:00,1.27244,1.27349,1.27233,1.27264,2123
2024-11-29 19:00:00,1.27263,1.27385,1.2723499999999999,1.27378,1562
2024-11-29 20:00:00,1.27379,1.2744900000000001,1.27339,1.27436,1815
2024-11-29 21:00:00,1.27436,1.27448,1.27336,1.27344,2664
2024-12-01 22:00:00,1.27175,1.27283,1.27156,1.27252,1072
2024-12-01 23:00:00,1.27306,1.27319,1.26952,1.27011,2068
2024-12-02 00:00:00,1.27011,1.2705600000000001,1.26864,1.2693400000000001,2396
2024-12-02 01:00:00,1.26931,1.26968,1.26857,1.26902,3067
2024-12-02 02:00:00,1.2690299999999999,1.26922,1.26797,1.26878,2837
2024-12-02 03:00:00,1.2687599999999999,1.2692700000000001,1.2683900000000001,1.26887,2253
2024-12-02 04:00:00,1.26887,1.26946,1.26858,1.26908,1792
2024-12-02 05:00:00,1.2691,1.26942,1.26807,1.26861,2354
2024-12-02 06:00:00,1.26858,1.27072,1.26855,1.27039,3001
2024-12-02 07:00:00,1.27041,1.27084,1.26792,1.26823,4698
2024-12-02 08:00:00,1.26819,1.26973,1.2678099999999999,1.26941,4574
2024-12-02 09:00:00,1.26944,1.27075,1.26926,1.27027,4038
2024-12-02 10:00:00,1.27029,1.27134,1.26967,1.27047,3868
2024-12-02 11:00:00,1.2704900000000001,1.27221,1.27024,1.27107,2985
2024-12-02 12:00:00,1.27108,1.27133,1.26619,1.2665199999999999,4409
2024-12-02 13:00:00,1.26651,1.26849,1.26651,1.26843,4573
2024-12-02 14:00:00,1.2684199999999999,1.26917,1.26341,1.2637,5355
2024-12-02 15:00:00,1.26368,1.26424,1.2616399999999999,1.26275,6765
2024-12-02 16:00:00,1.26278,1.26525,1.2616800000000001,1.26355,5435
2024-12-02 17:00:00,1.26357,1.26541,1.2631999999999999,1.26437,3440
2024-12-02 18:00:00,1.26441,1.26488,1.26401,1.26448,2725
2024-12-02 19:00:00,1.2645,1.26522,1.2642,1.2649,2415
2024-12-02 20:00:00,1.26491,1.26701,1.2646600000000001,1.2654,4466
2024-12-02 21:00:00,1.26542,1.26571,1.2651,1.26517,1411
2024-12-02 22:00:00,1.26521,1.26536,1.2647,1.2647,734
2024-12-02 23:00:00,1.2652700000000001,1.2658800000000001,1.26513,1.26581,963
2024-12-03 00:00:00,1.2658,1.2659799999999999,1.26474,1.2650299999999999,1662
2024-12-03 01:00:00,1.26505,1.26563,1.26422,1.26458,2893
2024-12-03 02:00:00,1.26461,1.2646899999999999,1.26379,1.26423,2519
2024-12-03 03:00:00,1.26422,1.26487,1.26398,1.26458,1964
2024-12-03 04:00:00,1.26458,1.26486,1.26426,1.2643900000000001,1575
2024-12-03 05:00:00,1.26437,1.26498,1.26391,1.2646899999999999,1739
2024-12-03 06:00:00,1.26471,1.26544,1.26425,1.2649,2318
2024-12-03 07:00:00,1.2649,1.26722,1.26465,1.2662499999999999,3315
2024-12-03 08:00:00,1.2662200000000001,1.26936,1.26608,1.26895,4677
2024-12-03 09:00:00,1.26898,1.2696399999999999,1.26727,1.26773,3646
2024-12-03 10:00:00,1.26775,1.26828,1.2663,1.26657,2957
2024-12-03 11:00:00,1.26655,1.26696,1.2659799999999999,1.26624,2935
2024-12-03 12:00:00,1.26624,1.26651,1.26433,1.26451,3210
2024-12-03 13:00:00,1.26452,1.26727,1.2643,1.26692,3711
2024-12-03 14:00:00,1.26694,1.26734,1.26577,1.26647,4728
2024-12-03 15:00:00,1.26662,1.26698,1.26363,1.26615,6485
2024-12-03 16:00:00,1.26611,1.26746,1.26507,1.2674,3930
2024-12-03 17:00:00,1.26743,1.26923,1.26648,1.26909,3503
2024-12-03 18:00:00,1.26908,1.26994,1.26894,1.26967,3031
2024-12-03 19:00:00,1.26969,1.26979,1.26654,1.26675,2499
2024-12-03 20:00:00,1.26677,1.26769,1.26651,1.26715,2414
2024-12-03 21:00:00,1.2671000000000001,1.2674400000000001,1.26695,1.26698,1312
2024-12-03 22:00:00,1.267,1.26712,1.2666,1.2666,503
2024-12-03 23:00:00,1.26718,1.26745,1.26675,1.26736,746
2024-12-04 00:00:00,1.26735,1.2678,1.26621,1.26633,1724
2024-12-04 01:00:00,1.26634,1.26732,1.26594,1.2667,2576
2024-12-04 02:00:00,1.26668,1.26714,1.26614,1.26634,2464
2024-12-04 03:00:00,1.26634,1.26637,1.26513,1.26553,2185
2024-12-04 04:00:00,1.26553,1.26798,1.26513,1.2679,2190
2024-12-04 05:00:00,1.2679,1.26945,1.2677100000000001,1.26902,1939
2024-12-04 06:00:00,1.2690299999999999,1.27012,1.2681200000000001,1.26969,2207
2024-12-04 07:00:00,1.26966,1.26982,1.2675,1.2681,3289
2024-12-04 08:00:00,1.2680799999999999,1.26946,1.26667,1.26715,4603
2024-12-04 09:00:00,1.26715,1.26814,1.26297,1.26759,7700
2024-12-04 10:00:00,1.26761,1.2683,1.26641,1.2665899999999999,3576
2024-12-04 11:00:00,1.26658,1.26858,1.26614,1.26792,3438
2024-12-04 12:00:00,1.2679,1.2681499999999999,1.26611,1.26655,3059
2024-12-04 13:00:00,1.26651,1.2680799999999999,1.26599,1.26699,5171
2024-12-04 14:00:00,1.26697,1.26834,1.26621,1.26738,4592
2024-12-04 15:00:00,1.26788,1.2711700000000001,1.26788,1.2707600000000001,8723
2024-12-04 16:00:00,1.27078,1.2717,1.27001,1.27092,4238
2024-12-04 17:00:00,1.27094,1.27211,1.2707,1.27158,2895
2024-12-04 18:00:00,1.27158,1.27188,1.26912,1.2692999999999999,2439
2024-12-04 19:00:00,1.26925,1.2711000000000001,1.26867,1.27,4650
2024-12-04 20:00:00,1.27003,1.27046,1.2693400000000001,1.27026,2514
2024-12-04 21:00:00,1.27026,1.27037,1.2696100000000001,1.26984,1128
2024-12-04 22:00:00,1.2698,1.2702200000000001,1.26922,1.26967,544
2024-12-04 23:00:00,1.27017,1.27072,1.2699099999999999,1.27006,958
2024-12-05 00:00:00,1.27007,1.2701,1.26925,1.26972,1541
2024-12-05 01:00:00,1.26971,1.27004,1.26947,1.2696399999999999,2174
2024-12-05 02:00:00,1.26966,1.27093,1.26939,1.2705199999999999,1914
2024-12-05 03:00:00,1.2705199999999999,1.2709,1.2701500000000001,1.2708599999999999,1515
2024-12-05 04:00:00,1.27087,1.27112,1.27002,1.27023,1279
2024-12-05 05:00:00,1.27023,1.27164,1.2702,1.2713700000000001,1822
2024-12-05 06:00:00,1.2713700000000001,1.27189,1.27116,1.27154,1938
2024-12-05 07:00:00,1.27157,1.2731,1.27157,1.27291,2927
2024-12-05 08:00:00,1.27288,1.27399,1.2726,1.27277,3273
2024-12-05 09:00:00,1.2728,1.27302,1.27136,1.27212,2796
2024-12-05 10:00:00,1.2721,1.27254,1.27145,1.27187,2745
2024-12-05 11:00:00,1.27186,1.27347,1.2714699999999999,1.27314,2542
2024-12-05 12:00:00,1.27313,1.27328,1.27135,1.27263,3180
2024-12-05 13:00:00,1.2726199999999999,1.27515,1.2723,1.27508,5138
2024-12-05 14:00:00,1.27511,1.27702,1.2748300000000001,1.27591,4963
2024-12-05 15:00:00,1.27592,1.27638,1.27329,1.27565,4739
2024-12-05 16:00:00,1.27564,1.2762,1.27467,1.27534,3658
2024-12-05 17:00:00,1.2753700000000001,1.2759,1.2737,1.2745600000000001,2956
2024-12-05 18:00:00,1.27454,1.27474,1.27313,1.27405,2564
2024-12-05 19:00:00,1.27408,1.27592,1.27408,1.27562,2486
2024-12-05 20:00:00,1.27562,1.27572,1.27496,1.27505,1700
2024-12-05 21:00:00,1.27503,1.27609,1.2749,1.27603,1082
2024-12-05 22:00:00,1.2760099999999999,1.2760099999999999,1.27535,1.27556,974
2024-12-05 23:00:00,1.27587,1.27612,1.27557,1.27597,791
2024-12-06 00:00:00,1.276,1.2760099999999999,1.27505,1.27515,1364
2024-12-06 01:00:00,1.2751700000000001,1.2753,1.2739500000000001,1.27437,2053
2024-12-06 02:00:00,1.2744,1.27521,1.27433,1.27492,1847
2024-12-06 03:00:00,1.27493,1.27536,1.27458,1.27503,1661
2024-12-06 04:00:00,1.27504,1.27509,1.27453,1.27475,1232
2024-12-06 05:00:00,1.27474,1.2747600000000001,1.2742,1.27447,1400
2024-12-06 06:00:00,1.27444,1.2749,1.27408,1.27454,1694
2024-12-06 07:00:00,1.27455,1.27648,1.27402,1.27631,2798
2024-12-06 08:00:00,1.27633,1.27737,1.27569,1.2760799999999999,3061
2024-12-06 09:00:00,1.27609,1.27646,1.27549,1.27586,2550
2024-12-06 10:00:00,1.27587,1.27646,1.27491,1.27612,2350
2024-12-06 11:00:00,1.27617,1.27715,1.27551,1.2769599999999999,2139
2024-12-06 12:00:00,1.27695,1.2778,1.2765900000000001,1.27685,2772
2024-12-06 13:00:00,1.27688,1.28109,1.27674,1.27941,7198
2024-12-06 14:00:00,1.2794400000000001,1.27985,1.27539,1.2760099999999999,8317
2024-12-06 15:00:00,1.27592,1.27592,1.27274,1.27432,6132
2024-12-06 16:00:00,1.27434,1.27554,1.27292,1.27412,4267
2024-12-06 17:00:00,1.27409,1.27412,1.27209,1.27272,3558
2024-12-06 18:00:00,1.2727,1.27412,1.27259,1.27294,2249
2024-12-06 19:00:00,1.27297,1.27359,1.2723,1.27346,1777
2024-12-06 20:00:00,1.2735,1.27399,1.27337,1.2738800000000001,1771
2024-12-06 21:00:00,1.27386,1.2743,1.27365,1.27413,1144
2024-12-08 22:00:00,1.27255,1.27436,1.27238,1.27356,953
2024-12-08 23:00:00,1.27423,1.27481,1.27408,1.27453,914
2024-12-09 02:00:00,1.27369,1.274,1.27369,1.27394,456
2024-12-09 03:00:00,1.2739500000000001,1.27414,1.27225,1.2723200000000001,1589
2024-12-09 04:00:00,1.2723200000000001,1.27249,1.27169,1.27185,1430
2024-12-09 05:00:00,1.27186,1.27234,1.27163,1.272,1543
2024-12-09 06:00:00,1.27202,1.27312,1.27198,1.27304,1776
2024-12-09 07:00:00,1.27308,1.27628,1.27271,1.2762,3572
2024-12-09 08:00:00,1.27618,1.27717,1.27551,1.27681,3637
2024-12-09 09:00:00,1.27683,1.2778100000000001,1.27646,1.27681,2954
2024-12-09 10:00:00,1.27682,1.27829,1.27681,1.2772999999999999,2816
2024-12-09 11:00:00,1.2772700000000001,1.2782499999999999,1.27638,1.27649,2315
2024-12-09 12:00:00,1.27645,1.27687,1.27509,1.2757800000000001,2682
2024-12-09 13:00:00,1.2757800000000001,1.27844,1.27543,1.2778100000000001,3841
2024-12-09 14:00:00,1.27783,1.27834,1.27631,1.27771,4000
2024-12-09 15:00:00,1.27773,1.2798,1.27734,1.27946,4180
2024-12-09 16:00:00,1.27945,1.27985,1.27766,1.27797,3167
2024-12-09 17:00:00,1.27795,1.27824,1.27694,1.2770299999999999,2298
2024-12-09 18:00:00,1.27699,1.27716,1.27616,1.2766199999999999,2053
2024-12-09 19:00:00,1.27661,1.27661,1.27481,1.27534,2058
2024-12-09 20:00:00,1.27535,1.2756,1.27426,1.27487,1965
2024-12-09 21:00:00,1.2748300000000001,1.27528,1.27429,1.27503,1151
2024-12-09 22:00:00,1.27505,1.27505,1.27413,1.27424,811
2024-12-09 23:00:00,1.27481,1.27503,1.27448,1.27481,792
2024-12-10 00:00:00,1.27481,1.27502,1.27441,1.27489,1310
2024-12-10 01:00:00,1.27489,1.27489,1.27387,1.27469,2040
2024-12-10 02:00:00,1.27472,1.27534,1.2741500000000001,1.27437,2081
2024-12-10 03:00:00,1.27433,1.2747899999999999,1.27348,1.27471,2273
2024-12-10 04:00:00,1.27471,1.27523,1.27461,1.27474,1696
2024-12-10 05:00:00,1.27475,1.27545,1.27439,1.27538,1718
2024-12-10 06:00:00,1.27539,1.27628,1.27529,1.27591,1934
2024-12-10 07:00:00,1.27592,1.27607,1.27397,1.2741,2453
2024-12-10 08:00:00,1.27412,1.27515,1.27366,1.27403,3030
2024-12-10 09:00:00,1.27401,1.27546,1.27365,1.2753700000000001,3513
2024-12-10 10:00:00,1.27535,1.27656,1.27525,1.27582,2958
2024-12-10 11:00:00,1.2758099999999999,1.27646,1.27534,1.27585,2599
2024-12-10 12:00:00,1.27588,1.27604,1.2743,1.27546,2799
2024-12-10 13:00:00,1.27546,1.27606,1.27443,1.27505,3145
2024-12-10 14:00:00,1.27507,1.27624,1.27423,1.27428,3823
2024-12-10 15:00:00,1.27432,1.27471,1.2723499999999999,1.27375,4732
2024-12-10 16:00:00,1.27378,1.27558,1.27358,1.27545,3439
2024-12-10 17:00:00,1.2754699999999999,1.27611,1.2744900000000001,1.27454,2567
2024-12-10 18:00:00,1.27451,1.27674,1.27441,1.27644,2567
2024-12-10 19:00:00,1.27644,1.27775,1.27607,1.27732,2064
2024-12-10 20:00:00,1.2772700000000001,1.2776,1.27682,1.27714,1985
2024-12-10 21:00:00,1.27714,1.27742,1.27692,1.2770000000000001,1169
2024-12-10 22:00:00,1.27691,1.27702,1.27636,1.27641,796
2024-12-10 23:00:00,1.2769300000000001,1.2779,1.27684,1.2779,922
2024-12-11 00:00:00,1.2779,1.27798,1.2771,1.27748,1293
2024-12-11 01:00:00,1.27748,1.2779,1.27717,1.27776,1981
2024-12-11 02:00:00,1.27775,1.27812,1.27734,1.27776,1759
2024-12-11 03:00:00,1.27778,1.27802,1.27721,1.27728,1491
2024-12-11 04:00:00,1.2772700000000001,1.27742,1.27649,1.2766899999999999,1271
2024-12-11 05:00:00,1.27668,1.27691,1.27624,1.27656,1367
2024-12-11 06:00:00,1.27655,1.2769300000000001,1.2764,1.27671,1517
2024-12-11 07:00:00,1.27673,1.27712,1.27302,1.27316,4997
2024-12-11 08:00:00,1.27397,1.27557,1.27393,1.2748300000000001,2549
2024-12-11 09:00:00,1.2748300000000001,1.27523,1.2726899999999999,1.27294,3799
2024-12-11 10:00:00,1.2729599999999999,1.2729599999999999,1.27127,1.2723,3326
2024-12-11 11:00:00,1.27231,1.27379,1.27152,1.2735400000000001,2789
2024-12-11 12:00:00,1.2735400000000001,1.2748300000000001,1.27322,1.274,3513
2024-12-11 13:00:00,1.27401,1.27812,1.27374,1.27697,6863
2024-12-11 14:00:00,1.2769599999999999,1.27756,1.27496,1.27556,6266
2024-12-11 15:00:00,1.27559,1.27672,1.27337,1.27431,6138
2024-12-11 16:00:00,1.27432,1.27657,1.27407,1.27607,3852
2024-12-11 17:00:00,1.27607,1.27649,1.27407,1.2743,2851
2024-12-11 18:00:00,1.2743,1.2757,1.2734,1.27349,3429
2024-12-11 19:00:00,1.27348,1.2748599999999999,1.27322,1.2745,2787
2024-12-11 20:00:00,1.2745199999999999,1.27494,1.27417,1.27458,2017
2024-12-11 21:00:00,1.27462,1.27511,1.2746,1.27492,1345
2024-12-11 22:00:00,1.27494,1.27503,1.27436,1.27436,708
2024-12-11 23:00:00,1.27505,1.27651,1.27484,1.27645,1077
2024-12-12 00:00:00,1.27645,1.27699,1.27597,1.27664,1937
2024-12-12 01:00:00,1.2766,1.27715,1.27648,1.27678,2141
2024-12-12 02:00:00,1.27678,1.27694,1.27607,1.27631,1629
2024-12-12 03:00:00,1.27631,1.27701,1.27616,1.27652,1542
2024-12-12 04:00:00,1.27655,1.27695,1.27633,1.2766,1092
2024-12-12 05:00:00,1.2766199999999999,1.2766899999999999,1.2760500000000001,1.27641,1470
2024-12-12 06:00:00,1.27641,1.27701,1.27624,1.27699,1428
2024-12-12 07:00:00,1.2770299999999999,1.27875,1.2762,1.27623,3120
2024-12-12 08:00:00,1.27622,1.27677,1.27561,1.27606,3762
2024-12-12 09:00:00,1.27609,1.27641,1.27539,1.27586,2883
2024-12-12 10:00:00,1.27584,1.27638,1.27407,1.27434,2456
2024-12-12 11:00:00,1.27435,1.27485,1.2735699999999999,1.27399,2974
2024-12-12 12:00:00,1.27398,1.27408,1.2726,1.2726899999999999,2893
2024-12-12 13:00:00,1.27267,1.27432,1.27189,1.27287,6689
2024-12-12 14:00:00,1.2729,1.2736399999999999,1.26989,1.27321,8174
2024-12-12 15:00:00,1.27324,1.27358,1.26706,1.26887,7386
2024-12-12 16:00:00,1.26885,1.2714699999999999,1.26865,1.27116,4316
2024-12-12 17:00:00,1.2711700000000001,1.27189,1.2695699999999999,1.27029,3573
2024-12-12 18:00:00,1.27031,1.27034,1.26856,1.26859,3250
2024-12-12 19:00:00,1.26855,1.26887,1.26697,1.26701,2832
2024-12-12 20:00:00,1.26701,1.26752,1.26668,1.26682,2316
2024-12-12 21:00:00,1.2668,1.26745,1.26661,1.26716,1565
2024-12-12 22:00:00,1.2671999999999999,1.2674699999999999,1.2664900000000001,1.2664900000000001,910
2024-12-12 23:00:00,1.26725,1.2678,1.2671999999999999,1.26766,919
2024-12-13 00:00:00,1.26763,1.26787,1.26722,1.2676,1654
2024-12-13 01:00:00,1.2676,1.2677800000000001,1.26633,1.26662,2412
2024-12-13 02:00:00,1.2666,1.26694,1.26614,1.26624,1781
2024-12-13 03:00:00,1.2662499999999999,1.26658,1.26592,1.2661,1548
2024-12-13 04:00:00,1.2661,1.26645,1.2656800000000001,1.26635,1376
2024-12-13 05:00:00,1.26634,1.26647,1.2656800000000001,1.26636,1445
2024-12-13 06:00:00,1.26639,1.26651,1.26533,1.26645,1872
2024-12-13 07:00:00,1.26641,1.26641,1.26179,1.26265,4240
2024-12-13 08:00:00,1.26264,1.26362,1.26202,1.26273,3499
2024-12-13 09:00:00,1.26269,1.2643499999999999,1.26246,1.26394,3025
2024-12-13 10:00:00,1.26396,1.26459,1.26329,1.26428,3125
2024-12-13 11:00:00,1.26429,1.26541,1.26425,1.26443,2342
2024-12-13 12:00:00,1.26441,1.26679,1.2640799999999999,1.26619,3147
2024-12-13 13:00:00,1.2662,1.2668,1.26517,1.26641,3523
2024-12-13 14:00:00,1.26643,1.26651,1.26363,1.26364,3429
2024-12-13 15:00:00,1.26365,1.26365,1.26078,1.26133,4236
2024-12-13 16:00:00,1.26136,1.26346,1.26117,1.26261,3766
2024-12-13 17:00:00,1.26264,1.26295,1.2618800000000001,1.26205,2857
2024-12-13 18:00:00,1.26205,1.26278,1.26128,1.2623199999999999,2525
2024-12-13 19:00:00,1.2623199999999999,1.26267,1.26138,1.26167,2116
2024-12-13 20:00:00,1.26169,1.26196,1.26128,1.26185,1859
2024-12-13 21:00:00,1.26187,1.2624,1.26172,1.2619500000000001,1818
2024-12-15 22:00:00,1.2602,1.26145,1.2597800000000001,1.26056,946
2024-12-15 23:00:00,1.26058,1.26271,1.26058,1.26261,1073
2024-12-16 00:00:00,1.2625899999999999,1.2631999999999999,1.2625600000000001,1.26272,1381
2024-12-16 01:00:00,1.26271,1.26355,1.26261,1.2635100000000001,1862
2024-12-16 02:00:00,1.26353,1.26389,1.26281,1.26304,1662
2024-12-16 03:00:00,1.26306,1.26335,1.26284,1.26322,1294
2024-12-16 04:00:00,1.26322,1.2637,1.26321,1.2635399999999999,1278
2024-12-16 05:00:00,1.2635399999999999,1.26386,1.26331,1.26357,1261
2024-12-16 06:00:00,1.26361,1.26379,1.26304,1.26336,1494
2024-12-16 07:00:00,1.26334,1.26413,1.26314,1.2631999999999999,2170
2024-12-16 08:00:00,1.26321,1.26498,1.26289,1.26388,3550
2024-12-16 09:00:00,1.26391,1.2671299999999999,1.26385,1.26536,3191
2024-12-16 10:00:00,1.2653699999999999,1.26572,1.26438,1.26447,2393
2024-12-16 11:00:00,1.26449,1.26511,1.26413,1.26481,2081
2024-12-16 12:00:00,1.26478,1.26579,1.26457,1.26511,2159
2024-12-16 13:00:00,1.26508,1.26641,1.26507,1.26633,2831
2024-12-16 14:00:00,1.26635,1.26665,1.2635,1.26485,3935
2024-12-16 15:00:00,1.26486,1.26918,1.26486,1.26897,4636
2024-12-16 16:00:00,1.2690000000000001,1.26981,1.26825,1.26878,3895
2024-12-16 17:00:00,1.2687599999999999,1.26941,1.26786,1.26821,2869
2024-12-16 18:00:00,1.26819,1.26983,1.2680799999999999,1.2696,1946
2024-12-16 19:00:00,1.2696,1.26981,1.26772,1.26834,1983
2024-12-16 20:00:00,1.2683499999999999,1.2686,1.2679,1.26825,1518
2024-12-16 21:00:00,1.26823,1.26865,1.26785,1.26817,1219
2024-12-16 22:00:00,1.26811,1.2682,1.2674699999999999,1.26783,993
2024-12-16 23:00:00,1.26814,1.26914,1.26786,1.2689599999999999,836
2024-12-17 00:00:00,1.26897,1.2698,1.26892,1.2693699999999999,1423
2024-12-17 01:00:00,1.2693699999999999,1.26956,1.2687,1.26891,1816
2024-12-17 02:00:00,1.26891,1.26974,1.26872,1.26884,1644
2024-12-17 03:00:00,1.26884,1.26909,1.2681499999999999,1.26828,1345
2024-12-17 04:00:00,1.26827,1.26843,1.2678099999999999,1.26783,978
2024-12-17 05:00:00,1.26782,1.26807,1.26719,1.26741,1464
2024-12-17 06:00:00,1.26741,1.26777,1.2665600000000001,1.26708,1918
2024-12-17 07:00:00,1.26714,1.27065,1.26711,1.26984,4077
2024-12-17 08:00:00,1.26987,1.27058,1.26827,1.26921,3529
2024-12-17 09:00:00,1.26919,1.26952,1.2684,1.26865,3104
2024-12-17 10:00:00,1.26868,1.26956,1.26702,1.26936,3353
2024-12-17 11:00:00,1.26938,1.27038,1.26911,1.2698800000000001,2536
2024-12-17 12:00:00,1.26985,1.2707899999999999,1.2692999999999999,1.2705899999999999,2605
2024-12-17 13:00:00,1.27055,1.27082,1.26915,1.27016,4003
2024-12-17 14:00:00,1.27017,1.27073,1.26836,1.26917,4142
2024-12-17 15:00:00,1.26918,1.27156,1.2684,1.27093,4545
2024-12-17 16:00:00,1.27094,1.27207,1.2701799999999999,1.27158,3142
2024-12-17 17:00:00,1.27155,1.27284,1.27098,1.27192,3032
2024-12-17 18:00:00,1.27191,1.27277,1.27136,1.27161,2596
2024-12-17 19:00:00,1.27161,1.2721,1.27091,1.27101,1888
2024-12-17 20:00:00,1.27099,1.27135,1.2702499999999999,1.2707899999999999,1761
2024-12-17 21:00:00,1.2708,1.27146,1.2706,1.27066,911
2024-12-17 22:00:00,1.27065,1.27112,1.2702,1.2707,779
2024-12-17 23:00:00,1.27112,1.27136,1.27089,1.27101,696
2024-12-18 00:00:00,1.27101,1.27132,1.27065,1.27107,1410
2024-12-18 01:00:00,1.27107,1.27131,1.27041,1.27102,2062
2024-12-18 02:00:00,1.27107,1.27118,1.27006,1.27033,1718
2024-12-18 03:00:00,1.27033,1.2704,1.2696100000000001,1.26969,1437
2024-12-18 04:00:00,1.26968,1.27041,1.26946,1.2701500000000001,1428
2024-12-18 05:00:00,1.2701500000000001,1.27037,1.26985,1.2702,1451
2024-12-18 06:00:00,1.2702,1.27155,1.27012,1.27139,1753
2024-12-18 07:00:00,1.27132,1.27275,1.26845,1.26909,3462
2024-12-18 08:00:00,1.26907,1.26911,1.26792,1.26867,3114
2024-12-18 09:00:00,1.2687,1.26913,1.26823,1.26874,2610
2024-12-18 10:00:00,1.2687599999999999,1.27215,1.26863,1.27169,3138
2024-12-18 11:00:00,1.27172,1.2722,1.2705199999999999,1.27068,2965
2024-12-18 12:00:00,1.27068,1.27197,1.27035,1.27064,3023
2024-12-18 13:00:00,1.27064,1.27203,1.26907,1.26908,3633
2024-12-18 14:00:00,1.26906,1.27058,1.26848,1.27,4032
2024-12-18 15:00:00,1.2699799999999999,1.27061,1.2687,1.26922,3875
2024-12-18 16:00:00,1.26925,1.26963,1.26831,1.2692700000000001,3029
2024-12-18 17:00:00,1.26929,1.27091,1.26912,1.2704900000000001,2493
2024-12-18 18:00:00,1.2705,1.2718,1.27005,1.2713,2440
2024-12-18 19:00:00,1.2713,1.2713,1.25918,1.25942,14670
2024-12-18 20:00:00,1.2594400000000001,1.2600500000000001,1.25618,1.25758,8579
2024-12-18 21:00:00,1.2576,1.25901,1.25668,1.25674,3723
2024-12-18 22:00:00,1.2567599999999999,1.25695,1.2562,1.25674,970
2024-12-18 23:00:00,1.25698,1.2579099999999999,1.2563,1.2567,2045
2024-12-19 00:00:00,1.25671,1.2587,1.25671,1.25814,3091
2024-12-19 01:00:00,1.25819,1.25899,1.25796,1.25891,3039
2024-12-19 02:00:00,1.2589000000000001,1.25953,1.25834,1.25949,2526
2024-12-19 03:00:00,1.2595100000000001,1.25961,1.2584,1.2587,1980
2024-12-19 04:00:00,1.2587,1.25877,1.2581,1.25848,1596
2024-12-19 05:00:00,1.2585,1.259,1.25819,1.2585,1742
2024-12-19 06:00:00,1.2585,1.2598799999999999,1.25824,1.25973,2532
2024-12-19 07:00:00,1.25973,1.26143,1.25963,1.26129,4188
2024-12-19 08:00:00,1.2612700000000001,1.26484,1.2605,1.2647300000000001,5172
2024-12-19 09:00:00,1.2647,1.26664,1.2645,1.26602,4682
2024-12-19 10:00:00,1.26602,1.26604,1.26364,1.2637800000000001,3621
2024-12-19 11:00:00,1.2638,1.26445,1.26241,1.26303,3185
2024-12-19 12:00:00,1.26309,1.26309,1.25838,1.26133,6389
2024-12-19 13:00:00,1.26132,1.26207,1.25906,1.25918,5938
2024-12-19 14:00:00,1.25916,1.26022,1.25739,1.25805,5842
2024-12-19 15:00:00,1.25806,1.25846,1.25446,1.25499,5586
2024-12-19 16:00:00,1.25494,1.25627,1.25271,1.2527300000000001,4888
2024-12-19 17:00:00,1.25277,1.2534399999999999,1.25069,1.25101,4749
2024-12-19 18:00:00,1.25101,1.25282,1.25043,1.25271,3553
2024-12-19 19:00:00,1.2527,1.25308,1.25027,1.25038,2942
2024-12-19 20:00:00,1.25042,1.25111,1.2500200000000001,1.2502499999999999,2597
2024-12-19 21:00:00,1.25023,1.25037,1.24945,1.25004,1459
2024-12-19 22:00:00,1.2500499999999999,1.25038,1.24946,1.25008,787
2024-12-19 23:00:00,1.2505,1.25058,1.24958,1.24966,1033
2024-12-20 00:00:00,1.24967,1.25016,1.24864,1.24898,1801
2024-12-20 01:00:00,1.24897,1.24973,1.24857,1.24895,2219
2024-12-20 02:00:00,1.24895,1.24906,1.24827,1.24865,2036
2024-12-20 03:00:00,1.24867,1.2489,1.24741,1.24799,1765
2024-12-20 04:00:00,1.24801,1.2483,1.24781,1.24819,1366
2024-12-20 05:00:00,1.24818,1.24868,1.24769,1.24865,1541
2024-12-20 06:00:00,1.24865,1.25064,1.2477,1.2505,3504
2024-12-20 07:00:00,1.2505600000000001,1.25108,1.24962,1.2502900000000001,3671
2024-12-20 08:00:00,1.25031,1.25171,1.24913,1.25055,3939
2024-12-20 09:00:00,1.25054,1.25105,1.24932,1.2502499999999999,3314
2024-12-20 10:00:00,1.25028,1.25202,1.25014,1.25088,2923
2024-12-20 11:00:00,1.25088,1.2509299999999999,1.24949,1.25054,2484
2024-12-20 12:00:00,1.2505600000000001,1.25228,1.25021,1.25074,2653
2024-12-20 13:00:00,1.25072,1.2559,1.25064,1.25538,5167
2024-12-20 14:00:00,1.25534,1.25594,1.2539799999999999,1.25474,4998
2024-12-20 15:00:00,1.25477,1.25604,1.25373,1.2540200000000001,5442
2024-12-20 16:00:00,1.25403,1.2591700000000001,1.2537099999999999,1.25845,5112
2024-12-20 17:00:00,1.25848,1.2613400000000001,1.25843,1.26026,4404
2024-12-20 18:00:00,1.26027,1.26041,1.2588,1.25938,2461
2024-12-20 19:00:00,1.25936,1.2608,1.25897,1.2598,2371
2024-12-20 20:00:00,1.2597800000000001,1.26031,1.2573699999999999,1.2573699999999999,2616
2024-12-20 21:00:00,1.25736,1.25787,1.25644,1.2567599999999999,1942
2024-12-22 22:00:00,1.2553,1.25616,1.25485,1.2561200000000001,966
2024-12-22 23:00:00,1.25677,1.2574,1.25629,1.2570000000000001,1309
2024-12-23 00:00:00,1.2570000000000001,1.2576100000000001,1.25696,1.25719,1321
2024-12-23 01:00:00,1.25719,1.2583,1.25702,1.25806,2005
2024-12-23 02:00:00,1.25807,1.25877,1.25796,1.25855,1704
2024-12-23 03:00:00,1.25855,1.25875,1.2576800000000001,1.25781,1297
2024-12-23 04:00:00,1.25779,1.2582900000000001,1.25754,1.25806,1308
2024-12-23 05:00:00,1.25807,1.25843,1.25763,1.25774,1378
2024-12-23 06:00:00,1.25774,1.25777,1.25657,1.25677,1740
2024-12-23 07:00:00,1.25679,1.2570999999999999,1.2555,1.25582,2216
2024-12-23 08:00:00,1.25584,1.25767,1.25568,1.25738,2707
2024-12-23 09:00:00,1.25736,1.25828,1.2566899999999999,1.25687,2771
2024-12-23 10:00:00,1.25688,1.2572,1.25394,1.25448,2393
2024-12-23 11:00:00,1.25447,1.25525,1.25288,1.25327,2439
2024-12-23 12:00:00,1.25325,1.25352,1.25121,1.2524,2553
2024-12-23 13:00:00,1.2524199999999999,1.25317,1.2517800000000001,1.2525,3232
2024-12-23 14:00:00,1.25251,1.25379,1.2521900000000001,1.25277,3570
2024-12-23 15:00:00,1.25281,1.25316,1.25161,1.25175,4359
2024-12-23 16:00:00,1.25175,1.25311,1.25096,1.25278,3084
2024-12-23 17:00:00,1.25279,1.25332,1.25153,1.25202,2740
2024-12-23 18:00:00,1.25206,1.25352,1.25203,1.25287,2558
2024-12-23 19:00:00,1.25286,1.25365,1.25205,1.25343,1992
2024-12-23 20:00:00,1.25343,1.25388,1.25282,1.25346,2147
2024-12-23 21:00:00,1.2534399999999999,1.25372,1.25302,1.25338,1139
2024-12-23 22:00:00,1.25333,1.2536100000000001,1.25295,1.25333,881
2024-12-23 23:00:00,1.25369,1.2537,1.25312,1.25322,1087
2024-12-24 00:00:00,1.25322,1.25349,1.25248,1.25282,1273
2024-12-24 01:00:00,1.25282,1.25332,1.25279,1.25315,1394
2024-12-24 02:00:00,1.25316,1.25417,1.25314,1.25336,1354
2024-12-24 03:00:00,1.2534,1.25346,1.25274,1.2530999999999999,1270
2024-12-24 04:00:00,1.25311,1.2539799999999999,1.2530700000000001,1.25387,1140
2024-12-24 05:00:00,1.25387,1.2540200000000001,1.25328,1.25373,1307
2024-12-24 06:00:00,1.25373,1.25392,1.25304,1.25345,1530
2024-12-24 07:00:00,1.25342,1.25379,1.25306,1.25317,1555
2024-12-24 08:00:00,1.25316,1.25449,1.25316,1.25351,1909
2024-12-24 09:00:00,1.25352,1.25406,1.25275,1.2533400000000001,2139
2024-12-24 10:00:00,1.25332,1.25394,1.2526,1.2536100000000001,2023
2024-12-24 11:00:00,1.25358,1.2541,1.2529,1.25331,1934
2024-12-24 12:00:00,1.25333,1.25607,1.25309,1.25502,2369
2024-12-24 13:00:00,1.25494,1.25677,1.25482,1.2565,2600
2024-12-24 14:00:00,1.25651,1.25743,1.25568,1.2563,2866
2024-12-24 15:00:00,1.25628,1.25656,1.25351,1.2539500000000001,3182
2024-12-24 16:00:00,1.2539500000000001,1.25435,1.25234,1.2523900000000001,2541
2024-12-24 17:00:00,1.25236,1.25297,1.2518099999999999,1.25186,2277
2024-12-24 18:00:00,1.25184,1.25327,1.2518,1.25308,984
2024-12-24 19:00:00,1.25312,1.25318,1.25285,1.25291,672
2024-12-24 20:00:00,1.25291,1.25407,1.25287,1.25385,761
2024-12-24 21:00:00,1.25387,1.25469,1.25305,1.2534399999999999,970
2024-12-25 22:00:00,1.25267,1.25399,1.25267,1.25393,660
2024-12-25 23:00:00,1.25468,1.2548,1.25373,1.25428,1124
2024-12-26 00:00:00,1.25427,1.25462,1.25373,1.25442,1050
2024-12-26 01:00:00,1.25442,1.25462,1.25373,1.25411,1517
2024-12-26 02:00:00,1.2541,1.25444,1.25399,1.25433,1044
2024-12-26 03:00:00,1.2543199999999999,1.2548,1.2542499999999999,1.25458,957
2024-12-26 04:00:00,1.2545600000000001,1.25474,1.25373,1.25374,1082
2024-12-26 05:00:00,1.25374,1.25473,1.25374,1.25444,949
2024-12-26 06:00:00,1.25444,1.25449,1.25388,1.2539500000000001,970
2024-12-26 07:00:00,1.25393,1.25403,1.25216,1.25301,1540
2024-12-26 08:00:00,1.2530299999999999,1.25323,1.25255,1.25275,1513
2024-12-26 09:00:00,1.25272,1.25324,1.25235,1.25305,1581
2024-12-26 10:00:00,1.25306,1.25346,1.2528299999999999,1.25326,1158
2024-12-26 11:00:00,1.25325,1.25329,1.25285,1.25301,971
2024-12-26 12:00:00,1.25299,1.25301,1.25142,1.25196,1755
2024-12-26 13:00:00,1.25196,1.25304,1.25173,1.25233,2451
2024-12-26 14:00:00,1.25233,1.25244,1.25015,1.2507,2935
2024-12-26 15:00:00,1.25071,1.25216,1.25007,1.25102,3247
2024-12-26 16:00:00,1.25102,1.25218,1.25083,1.2521,2135
2024-12-26 17:00:00,1.25206,1.2524600000000001,1.25113,1.2515,2189
2024-12-26 18:00:00,1.25149,1.2536,1.25149,1.25243,2622
2024-12-26 19:00:00,1.25243,1.25311,1.25186,1.25248,2318
2024-12-26 20:00:00,1.2524600000000001,1.25293,1.25233,1.2527599999999999,1919
2024-12-26 21:00:00,1.25278,1.25284,1.25233,1.25238,1343
2024-12-26 22:00:00,1.2524,1.25256,1.25183,1.25216,1022
2024-12-26 23:00:00,1.25255,1.25316,1.25233,1.25274,948
2024-12-27 00:00:00,1.25274,1.25302,1.25244,1.25281,1350
2024-12-27 01:00:00,1.25279,1.25289,1.2521900000000001,1.25228,1988
2024-12-27 02:00:00,1.25226,1.25243,1.25179,1.2521200000000001,1777
2024-12-27 03:00:00,1.25209,1.25263,1.2518,1.25259,1447
2024-12-27 04:00:00,1.25259,1.25284,1.25208,1.25227,1378
2024-12-27 05:00:00,1.25225,1.25267,1.25197,1.25201,1431
2024-12-27 06:00:00,1.252,1.2526,1.2517800000000001,1.2524,1285
2024-12-27 07:00:00,1.25238,1.25319,1.25197,1.25296,1970
2024-12-27 08:00:00,1.25298,1.25342,1.25195,1.25238,2529
2024-12-27 09:00:00,1.25238,1.25243,1.25046,1.25082,2346
2024-12-27 10:00:00,1.25082,1.25372,1.25081,1.25324,2435
2024-12-27 11:00:00,1.25327,1.25556,1.25228,1.25516,2827
2024-12-27 12:00:00,1.25518,1.2566899999999999,1.25481,1.25539,2779
2024-12-27 13:00:00,1.25537,1.25742,1.25523,1.25736,2934
2024-12-27 14:00:00,1.25738,1.25772,1.25571,1.2570000000000001,3634
2024-12-27 15:00:00,1.25698,1.25922,1.25533,1.25763,5047
2024-12-27 16:00:00,1.25765,1.25912,1.25698,1.2570000000000001,3406
2024-12-27 17:00:00,1.25697,1.25697,1.2554699999999999,1.25598,3082
2024-12-27 18:00:00,1.25595,1.25692,1.25594,1.25679,2353
2024-12-27 19:00:00,1.25675,1.2582900000000001,1.25636,1.25811,2293
2024-12-27 20:00:00,1.25808,1.25814,1.25727,1.258,2222
2024-12-27 21:00:00,1.258,1.25805,1.25736,1.25776,1565
2024-12-29 22:00:00,1.25666,1.25717,1.25561,1.25692,551
2024-12-29 23:00:00,1.25745,1.25871,1.25745,1.25772,1057
2024-12-30 00:00:00,1.25772,1.25815,1.25723,1.25785,1107
2024-12-30 01:00:00,1.25784,1.25836,1.2576100000000001,1.258,1345
2024-12-30 02:00:00,1.258,1.25814,1.25762,1.25783,1200
2024-12-30 03:00:00,1.25783,1.25796,1.25748,1.2579099999999999,1197
2024-12-30 04:00:00,1.2579099999999999,1.25808,1.2577,1.25805,1073
2024-12-30 05:00:00,1.25805,1.25847,1.2578,1.25814,1264
2024-12-30 06:00:00,1.25814,1.2588599999999999,1.2581,1.25852,1508
2024-12-30 07:00:00,1.25852,1.25862,1.25706,1.2579099999999999,2209
2024-12-30 08:00:00,1.2579500000000001,1.25836,1.25609,1.25645,2842
2024-12-30 09:00:00,1.25645,1.25819,1.25622,1.25767,2675
2024-12-30 10:00:00,1.2576399999999999,1.25971,1.2573400000000001,1.25901,2485
2024-12-30 11:00:00,1.25898,1.26068,1.2588300000000001,1.2597800000000001,2412
2024-12-30 12:00:00,1.25977,1.26058,1.25888,1.25958,2884
2024-12-30 13:00:00,1.25959,1.2598,1.2552699999999999,1.25539,3979
2024-12-30 14:00:00,1.25543,1.25675,1.2540200000000001,1.2554699999999999,5564
2024-12-30 15:00:00,1.25546,1.25569,1.25058,1.2511999999999999,5450
2024-12-30 16:00:00,1.25119,1.25319,1.25073,1.2518500000000001,4444
2024-12-30 17:00:00,1.25189,1.25444,1.25189,1.25437,3051
2024-12-30 18:00:00,1.2544,1.25584,1.25435,1.25543,2920
2024-12-30 19:00:00,1.2554400000000001,1.25567,1.2543,1.25435,2325
2024-12-30 20:00:00,1.25434,1.25537,1.25406,1.25457,2210
2024-12-30 21:00:00,1.25461,1.25513,1.25446,1.25491,1004
2024-12-30 22:00:00,1.2548599999999999,1.25504,1.25289,1.25289,986
2024-12-30 23:00:00,1.25414,1.25487,1.2540200000000001,1.25477,809
2024-12-31 00:00:00,1.25477,1.2548,1.25377,1.2546599999999999,791
2024-12-31 01:00:00,1.2546599999999999,1.25593,1.25437,1.25577,1688
2024-12-31 02:00:00,1.25577,1.25594,1.2554,1.2556,1284
2024-12-31 03:00:00,1.2556,1.25574,1.25498,1.25514,1043
2024-12-31 04:00:00,1.25514,1.25516,1.25445,1.25449,836
2024-12-31 05:00:00,1.25449,1.25536,1.2544,1.25507,789
2024-12-31 06:00:00,1.25507,1.25514,1.25412,1.25475,1460
2024-12-31 07:00:00,1.25477,1.25651,1.25447,1.25613,2128
2024-12-31 08:00:00,1.25614,1.25628,1.25418,1.25531,3038
2024-12-31 09:00:00,1.25531,1.2569,1.25462,1.25542,2772
2024-12-31 10:00:00,1.2554,1.2554,1.25317,1.25508,3298
2024-12-31 11:00:00,1.25509,1.2551999999999999,1.25328,1.25386,2595
2024-12-31 12:00:00,1.25386,1.25498,1.25289,1.25308,3142
2024-12-31 13:00:00,1.2530999999999999,1.25379,1.25195,1.25286,4021
2024-12-31 14:00:00,1.25288,1.25375,1.25214,1.25272,4364
2024-12-31 15:00:00,1.25271,1.2554,1.25186,1.2527300000000001,6441
2024-12-31 16:00:00,1.25274,1.25329,1.25121,1.252,5096
2024-12-31 17:00:00,1.25199,1.25233,1.25049,1.2518,3575
2024-12-31 18:00:00,1.2518500000000001,1.2518799999999999,1.25052,1.25099,3035
2024-12-31 19:00:00,1.2509700000000001,1.25201,1.25052,1.25094,2392
2024-12-31 20:00:00,1.25094,1.25271,1.25087,1.2518799999999999,2069
2024-12-31 21:00:00,1.2519,1.2521499999999999,1.25112,1.25122,987
2025-01-01 22:00:00,1.25048,1.25133,1.2499,1.25123,583
2025-01-01 23:00:00,1.2514,1.25194,1.25072,1.25191,1458
2025-01-02 00:00:00,1.2518799999999999,1.25201,1.25091,1.25161,1434
2025-01-02 01:00:00,1.25161,1.25221,1.25112,1.25198,2136
2025-01-02 02:00:00,1.25199,1.25331,1.25195,1.25329,1410
2025-01-02 03:00:00,1.25331,1.25363,1.25297,1.25358,1091
2025-01-02 04:00:00,1.25358,1.254,1.2530999999999999,1.2534,1065
2025-01-02 05:00:00,1.2534,1.25357,1.25291,1.25321,1045
2025-01-02 06:00:00,1.25322,1.25331,1.25275,1.2529,1356
2025-01-02 07:00:00,1.25288,1.25339,1.25196,1.2521499999999999,2217
2025-01-02 08:00:00,1.25214,1.2524,1.24905,1.2498,4082
2025-01-02 09:00:00,1.24977,1.25027,1.24794,1.24821,3101
2025-01-02 10:00:00,1.24821,1.24915,1.24458,1.24465,4424
2025-01-02 11:00:00,1.24462,1.24539,1.24346,1.24529,3461
2025-01-02 12:00:00,1.2453,1.24567,1.2415,1.24199,3375
2025-01-02 13:00:00,1.24198,1.2421,1.23973,1.24035,5353
2025-01-02 14:00:00,1.24036,1.2411,1.23885,1.23984,4637
2025-01-02 15:00:00,1.23981,1.23989,1.23696,1.23745,5800
2025-01-02 16:00:00,1.23749,1.23787,1.23519,1.2374100000000001,7564
2025-01-02 17:00:00,1.2374,1.23801,1.23608,1.23713,3864
2025-01-02 18:00:00,1.23716,1.23756,1.23655,1.23689,2967
2025-01-02 19:00:00,1.23692,1.23776,1.23633,1.23688,2544
2025-01-02 20:00:00,1.23685,1.23846,1.23685,1.23776,2109
2025-01-02 21:00:00,1.23776,1.23816,1.2377,1.23798,964
2025-01-02 22:00:00,1.23793,1.23809,1.2370700000000001,1.23769,1115
2025-01-02 23:00:00,1.23825,1.23825,1.23749,1.23795,1005
2025-01-03 00:00:00,1.23792,1.23872,1.23779,1.23862,1114
2025-01-03 01:00:00,1.2386300000000001,1.23898,1.23818,1.2385,1524
2025-01-03 02:00:00,1.23849,1.23915,1.23836,1.23907,1469
2025-01-03 03:00:00,1.23907,1.23955,1.23904,1.23933,946
2025-01-03 04:00:00,1.23933,1.23941,1.23898,1.23937,867
2025-01-03 05:00:00,1.23939,1.23972,1.23856,1.23948,1191
2025-01-03 06:00:00,1.23946,1.24036,1.23943,1.24035,1132
2025-01-03 07:00:00,1.24032,1.24062,1.23868,1.23993,3312
2025-01-03 08:00:00,1.2399499999999999,1.24068,1.23901,1.2393,3237
2025-01-03 09:00:00,1.23931,1.24162,1.2392400000000001,1.24055,2737
2025-01-03 10:00:00,1.24057,1.24079,1.23858,1.23923,2504
2025-01-03 11:00:00,1.2392400000000001,1.24161,1.23921,1.2412,1871
2025-01-03 12:00:00,1.24092,1.24124,1.24052,1.24058,461
2025-01-03 13:00:00,1.24061,1.2411699999999999,1.2398500000000001,1.24009,2712
2025-01-03 14:00:00,1.2401200000000001,1.24129,1.23932,1.24111,3252
2025-01-03 15:00:00,1.24106,1.24169,1.23875,1.2404,5468
2025-01-03 16:00:00,1.24038,1.24174,1.2402,1.24169,3337
2025-01-03 17:00:00,1.24171,1.24287,1.24153,1.24179,2787
2025-01-03 18:00:00,1.24183,1.24258,1.24151,1.24198,2065
2025-01-03 19:00:00,1.24196,1.24335,1.2417799999999999,1.24272,1880
2025-01-03 20:00:00,1.24269,1.24336,1.2424,1.24261,1798
2025-01-03 21:00:00,1.24259,1.24292,1.24195,1.24219,953
2025-01-05 22:00:00,1.24125,1.24164,1.24027,1.24089,1024
2025-01-05 23:00:00,1.24171,1.24335,1.24171,1.24242,1024
2025-01-06 00:00:00,1.24245,1.24315,1.24172,1.2429000000000001,1802
2025-01-06 01:00:00,1.24291,1.24383,1.24259,1.24347,2173
2025-01-06 02:00:00,1.24345,1.2442,1.2432400000000001,1.24387,1778
2025-01-06 03:00:00,1.24387,1.24403,1.24313,1.2435100000000001,1377
2025-01-06 04:00:00,1.2435,1.2439,1.24315,1.2437,997
2025-01-06 05:00:00,1.24369,1.24437,1.24354,1.24362,1233
2025-01-06 06:00:00,1.2436099999999999,1.24471,1.2435100000000001,1.24423,1594
2025-01-06 07:00:00,1.2442,1.24565,1.24376,1.24519,2219
2025-01-06 08:00:00,1.24518,1.24821,1.24513,1.24798,3688
2025-01-06 09:00:00,1.24797,1.24911,1.24705,1.24748,4336
2025-01-06 10:00:00,1.2475100000000001,1.24783,1.24627,1.24633,2891
2025-01-06 11:00:00,1.24633,1.25473,1.24551,1.2543,9724
2025-01-06 12:00:00,1.25428,1.25508,1.25255,1.25346,5231
2025-01-06 13:00:00,1.2535,1.25481,1.25201,1.25336,5792
2025-01-06 14:00:00,1.25338,1.2536800000000001,1.24679,1.25114,13799
2025-01-06 15:00:00,1.25112,1.25173,1.24933,1.25075,7827
2025-01-06 16:00:00,1.25078,1.25346,1.25039,1.25258,4474
2025-01-06 17:00:00,1.25259,1.25267,1.2501,1.25173,3108
2025-01-06 18:00:00,1.25177,1.25195,1.2505,1.25075,2584
2025-01-06 19:00:00,1.25076,1.25147,1.25021,1.25123,2072
2025-01-06 20:00:00,1.25123,1.25217,1.25107,1.25192,1658
2025-01-06 21:00:00,1.25194,1.25233,1.25169,1.2518,1168
2025-01-06 22:00:00,1.25177,1.25194,1.25091,1.2515,960
2025-01-06 23:00:00,1.2518500000000001,1.25194,1.25085,1.25092,853
2025-01-07 00:00:00,1.25096,1.25138,1.25034,1.25123,1603
2025-01-07 01:00:00,1.25125,1.25233,1.2506,1.25187,2111
2025-01-07 02:00:00,1.25184,1.25243,1.25162,1.25195,1564
2025-01-07 03:00:00,1.25195,1.25327,1.25164,1.25324,1242
2025-01-07 04:00:00,1.25323,1.25349,1.25286,1.25306,1141
2025-01-07 05:00:00,1.25306,1.25421,1.25291,1.25373,1553
2025-01-07 06:00:00,1.25373,1.25454,1.25347,1.2537,1752
2025-01-07 07:00:00,1.25373,1.25626,1.25366,1.2551700000000001,3461
2025-01-07 08:00:00,1.2551999999999999,1.25607,1.25314,1.25607,3555
2025-01-07 09:00:00,1.2560799999999999,1.25755,1.25594,1.25627,3244
2025-01-07 10:00:00,1.25625,1.25684,1.25545,1.25582,3077
2025-01-07 11:00:00,1.25582,1.25591,1.25339,1.25391,2740
2025-01-07 12:00:00,1.25391,1.25442,1.25234,1.25266,3348
2025-01-07 13:00:00,1.25267,1.25482,1.25236,1.25419,3432
2025-01-07 14:00:00,1.2542200000000001,1.25437,1.25268,1.25306,3737
2025-01-07 15:00:00,1.25354,1.25354,1.24792,1.2497,8497
2025-01-07 16:00:00,1.24972,1.25044,1.24829,1.24957,6562
2025-01-07 17:00:00,1.24959,1.25067,1.24885,1.24993,4434
2025-01-07 18:00:00,1.24992,1.25034,1.24839,1.24879,3179
2025-01-07 19:00:00,1.24879,1.24947,1.24856,1.249,2321
2025-01-07 20:00:00,1.24898,1.24903,1.24787,1.24797,1943
2025-01-07 21:00:00,1.24799,1.24799,1.24743,1.24749,769
2025-01-07 22:00:00,1.2475100000000001,1.2477,1.24735,1.24742,576
2025-01-07 23:00:00,1.24762,1.24779,1.24725,1.24755,803
2025-01-08 00:00:00,1.24756,1.24829,1.24755,1.2477800000000001,1561
2025-01-08 01:00:00,1.24779,1.2484899999999999,1.24756,1.24848,1699
2025-01-08 02:00:00,1.24848,1.24879,1.24832,1.24855,1187
2025-01-08 03:00:00,1.24855,1.2487,1.24779,1.24779,1197
2025-01-08 04:00:00,1.2477800000000001,1.2484,1.24774,1.24817,990
2025-01-08 05:00:00,1.24818,1.24889,1.24785,1.24879,1207
2025-01-08 06:00:00,1.24879,1.24936,1.24839,1.24898,1530
2025-01-08 07:00:00,1.24898,1.24898,1.2463,1.24677,3537
2025-01-08 08:00:00,1.24675,1.24714,1.24409,1.24411,4079
2025-01-08 09:00:00,1.2441,1.24535,1.24399,1.24499,3334
2025-01-08 10:00:00,1.245,1.2451699999999999,1.24409,1.24469,2809
2025-01-08 11:00:00,1.24469,1.24469,1.2324,1.23715,12849
2025-01-08 12:00:00,1.23713,1.23735,1.23202,1.23366,7468
2025-01-08 13:00:00,1.23366,1.2358500000000001,1.23225,1.2355800000000001,8754
2025-01-08 14:00:00,1.2356,1.23659,1.23234,1.23267,6290
2025-01-08 15:00:00,1.23265,1.23523,1.23261,1.23426,5796
2025-01-08 16:00:00,1.23427,1.23681,1.23336,1.2365,4492
2025-01-08 17:00:00,1.2365,1.23677,1.23376,1.23456,3484
2025-01-08 18:00:00,1.23456,1.23662,1.23453,1.2352,2896
2025-01-08 19:00:00,1.23576,1.23765,1.23541,1.23571,2597
2025-01-08 20:00:00,1.23572,1.2364,1.23511,1.23622,1966
2025-01-08 21:00:00,1.23622,1.23661,1.236,1.23616,960
2025-01-08 22:00:00,1.23617,1.23639,1.23564,1.23606,1099
2025-01-08 23:00:00,1.23633,1.23637,1.23574,1.23575,782
2025-01-09 00:00:00,1.23576,1.23609,1.2347299999999999,1.2355800000000001,1511
2025-01-09 01:00:00,1.2355800000000001,1.23634,1.23542,1.2359,1823
2025-01-09 02:00:00,1.2359,1.23649,1.23574,1.23599,1503
2025-01-09 03:00:00,1.23601,1.2363,1.23424,1.23438,1585
2025-01-09 04:00:00,1.23437,1.23446,1.23315,1.23342,1498
2025-01-09 05:00:00,1.23342,1.23408,1.23282,1.23315,1738
2025-01-09 06:00:00,1.23314,1.2332,1.22921,1.22946,3793
2025-01-09 07:00:00,1.22945,1.23082,1.2251400000000001,1.22587,6691
2025-01-09 08:00:00,1.22588,1.22938,1.22377,1.22874,6776
2025-01-09 09:00:00,1.22875,1.23041,1.22769,1.22814,4974
2025-01-09 10:00:00,1.22815,1.22908,1.2251,1.22846,5823
2025-01-09 11:00:00,1.22844,1.23004,1.22716,1.22887,4522
2025-01-09 12:00:00,1.22886,1.22939,1.22698,1.22925,3359
2025-01-09 13:00:00,1.22928,1.23228,1.22872,1.23005,4474
2025-01-09 14:00:00,1.23001,1.23142,1.22946,1.2313399999999999,3782
2025-01-09 15:00:00,1.23136,1.23167,1.22943,1.23022,4077
2025-01-09 16:00:00,1.23022,1.2303600000000001,1.22867,1.23005,3256
2025-01-09 17:00:00,1.23004,1.2312400000000001,1.22976,1.23011,2523
2025-01-09 18:00:00,1.23007,1.2309,1.22962,1.23057,1683
2025-01-09 19:00:00,1.23058,1.2313,1.23025,1.23084,1089
2025-01-09 20:00:00,1.23084,1.23148,1.23069,1.23101,1057
2025-01-09 21:00:00,1.23099,1.2310699999999999,1.23056,1.23065,901
2025-01-09 22:00:00,1.23064,1.23086,1.23015,1.2305,965
2025-01-09 23:00:00,1.23093,1.23102,1.22976,1.22981,842
2025-01-10 00:00:00,1.22981,1.2304599999999999,1.22938,1.22968,1553
2025-01-10 01:00:00,1.22964,1.23082,1.22947,1.23029,1963
2025-01-10 02:00:00,1.2303,1.23072,1.22997,1.23045,1455
2025-01-10 03:00:00,1.23047,1.23054,1.22993,1.23005,1102
2025-01-10 04:00:00,1.2300200000000001,1.23034,1.22909,1.22928,1163
2025-01-10 05:00:00,1.22929,1.22961,1.2274,1.22757,1643
2025-01-10 06:00:00,1.22754,1.22818,1.22659,1.22679,2096
2025-01-10 07:00:00,1.22681,1.22939,1.22679,1.22901,2693
2025-01-10 08:00:00,1.22897,1.23045,1.22832,1.22881,3834
2025-01-10 09:00:00,1.22878,1.23079,1.22836,1.23016,3507
2025-01-10 10:00:00,1.23019,1.2303,1.22889,1.22948,2865
2025-01-10 11:00:00,1.22945,1.2306300000000001,1.22859,1.23019,2681
2025-01-10 12:00:00,1.23021,1.23192,1.22989,1.23153,2884
2025-01-10 13:00:00,1.23155,1.23213,1.21908,1.22312,11913
2025-01-10 14:00:00,1.22309,1.22539,1.2219,1.22435,11050
2025-01-10 15:00:00,1.22427,1.22624,1.22224,1.22293,9838
2025-01-10 16:00:00,1.22296,1.22303,1.21943,1.22116,6666
2025-01-10 17:00:00,1.22118,1.22309,1.22038,1.22218,4249
2025-01-10 18:00:00,1.22213,1.22229,1.22056,1.22126,3296
2025-01-10 19:00:00,1.22128,1.22162,1.22031,1.22095,3303
2025-01-10 20:00:00,1.22094,1.22105,1.22017,1.22084,2378
2025-01-10 21:00:00,1.22084,1.22137,1.22044,1.22072,1483
2025-01-12 22:00:00,1.21891,1.21989,1.21878,1.21986,768
2025-01-12 23:00:00,1.22074,1.2209,1.21989,1.22038,1047
2025-01-13 00:00:00,1.22034,1.22064,1.21928,1.2201,1662
2025-01-13 01:00:00,1.22011,1.22072,1.21883,1.2190699999999999,2657
2025-01-13 02:00:00,1.21908,1.2193,1.21799,1.21808,2203
2025-01-13 03:00:00,1.21808,1.2181899999999999,1.21371,1.21434,2861
2025-01-13 04:00:00,1.21435,1.21563,1.21252,1.21384,2559
2025-01-13 05:00:00,1.21385,1.21496,1.21296,1.21465,2090
2025-01-13 06:00:00,1.21463,1.216,1.2141,1.21431,2299
2025-01-13 07:00:00,1.21429,1.21546,1.21227,1.21378,4766
2025-01-13 08:00:00,1.21376,1.21707,1.21353,1.21353,5875
2025-01-13 09:00:00,1.21352,1.21451,1.21011,1.21064,6633
2025-01-13 10:00:00,1.21061,1.21334,1.21057,1.21307,4251
2025-01-13 11:00:00,1.21306,1.2135799999999999,1.2109,1.21096,4169
2025-01-13 12:00:00,1.21096,1.2132100000000001,1.20991,1.21224,5223
2025-01-13 13:00:00,1.21228,1.2153,1.2111,1.21414,4877
2025-01-13 14:00:00,1.21411,1.21521,1.2132,1.21499,5583
2025-01-13 15:00:00,1.215,1.21594,1.21375,1.21509,5765
2025-01-13 16:00:00,1.21508,1.21692,1.21421,1.21549,4589
2025-01-13 17:00:00,1.21552,1.21744,1.21551,1.21735,3628
2025-01-13 18:00:00,1.21738,1.21828,1.2163,1.2179,2997
2025-01-13 19:00:00,1.21787,1.21799,1.21637,1.21667,2459
2025-01-13 20:00:00,1.21667,1.21786,1.21652,1.21757,1933
2025-01-13 21:00:00,1.2175799999999999,1.22041,1.21755,1.2201,2117
2025-01-13 22:00:00,1.22003,1.22182,1.21896,1.22182,1122
2025-01-13 23:00:00,1.22302,1.22497,1.2215799999999999,1.22309,3061
2025-01-14 00:00:00,1.22306,1.22313,1.22069,1.22103,2389
2025-01-14 01:00:00,1.22103,1.22141,1.22038,1.22108,2945
2025-01-14 02:00:00,1.22109,1.22119,1.21918,1.22019,2249
2025-01-14 03:00:00,1.22018,1.22173,1.21996,1.22086,1993
2025-01-14 04:00:00,1.2208700000000001,1.22155,1.22007,1.2209699999999999,1410
2025-01-14 05:00:00,1.22094,1.22122,1.2196799999999999,1.22024,1903
2025-01-14 06:00:00,1.2202600000000001,1.22133,1.22016,1.22133,2544
2025-01-14 07:00:00,1.22134,1.22284,1.22038,1.22094,4626
2025-01-14 08:00:00,1.22095,1.22457,1.22064,1.22129,5785
2025-01-14 09:00:00,1.2213,1.2213,1.21756,1.21778,4779
2025-01-14 10:00:00,1.21776,1.21891,1.21735,1.21867,4042
2025-01-14 11:00:00,1.21868,1.2193,1.2169699999999999,1.21761,2948
2025-01-14 12:00:00,1.21761,1.21787,1.21546,1.21632,3926
2025-01-14 13:00:00,1.2163,1.2181899999999999,1.21389,1.21527,9405
2025-01-14 14:00:00,1.2153100000000001,1.21773,1.21404,1.21559,6659
2025-01-14 15:00:00,1.21562,1.22018,1.21554,1.21994,6564
2025-01-14 16:00:00,1.21995,1.22121,1.2176,1.2185,6221
2025-01-14 17:00:00,1.21848,1.21862,1.21677,1.21849,3848
2025-01-14 18:00:00,1.21849,1.22086,1.2183,1.22061,2743
2025-01-14 19:00:00,1.2206,1.22106,1.21954,1.21987,2175
2025-01-14 20:00:00,1.21991,1.22082,1.21943,1.22042,2321
2025-01-14 21:00:00,1.22045,1.22164,1.22039,1.22138,1103
2025-01-14 22:00:00,1.22139,1.22139,1.22031,1.22098,964
2025-01-14 23:00:00,1.22129,1.22147,1.22047,1.22101,991
2025-01-15 00:00:00,1.221,1.22103,1.21995,1.2202,1608
2025-01-15 01:00:00,1.22019,1.22091,1.21985,1.21993,1982
2025-01-15 02:00:00,1.21993,1.21997,1.21921,1.21959,1615
2025-01-15 03:00:00,1.21959,1.22041,1.21946,1.22031,1347
2025-01-15 04:00:00,1.22032,1.22042,1.21987,1.22032,1262
2025-01-15 05:00:00,1.22029,1.22079,1.21976,1.21991,1689
2025-01-15 06:00:00,1.21991,1.22049,1.2193,1.2198,1825
2025-01-15 07:00:00,1.21982,1.22406,1.21599,1.22337,8520
2025-01-15 08:00:00,1.2234,1.22398,1.22025,1.22058,5269
2025-01-15 09:00:00,1.2206,1.22252,1.22001,1.22176,4150
2025-01-15 10:00:00,1.22174,1.22302,1.22154,1.22269,3026
2025-01-15 11:00:00,1.22264,1.22303,1.22193,1.22239,2771
2025-01-15 12:00:00,1.22238,1.2224599999999999,1.22009,1.22131,3081
2025-01-15 13:00:00,1.22133,1.23058,1.22045,1.22976,9867
2025-01-15 14:00:00,1.22978,1.23054,1.22623,1.22671,8769
2025-01-15 15:00:00,1.22669,1.22752,1.22445,1.22572,6541
2025-01-15 16:00:00,1.22571,1.2259,1.21928,1.22113,8070
2025-01-15 17:00:00,1.22113,1.22274,1.22095,1.22146,3661
2025-01-15 18:00:00,1.2214800000000001,1.22291,1.2212399999999999,1.2227999999999999,2659
2025-01-15 19:00:00,1.22277,1.22314,1.2223,1.223,2058
2025-01-15 20:00:00,1.22299,1.22444,1.22283,1.22426,1669
2025-01-15 21:00:00,1.22424,1.22443,1.2234,1.22386,1010
2025-01-15 22:00:00,1.22372,1.22395,1.22306,1.22313,1467
2025-01-15 23:00:00,1.22378,1.2242899999999999,1.22337,1.2242,1252
2025-01-16 00:00:00,1.2242,1.22475,1.22314,1.22452,2290
2025-01-16 01:00:00,1.2245300000000001,1.22457,1.22265,1.22289,2668
2025-01-16 02:00:00,1.2229,1.22335,1.22191,1.22226,2264
2025-01-16 03:00:00,1.22227,1.22263,1.22213,1.22258,1421
2025-01-16 04:00:00,1.22257,1.22308,1.22154,1.22178,1339
2025-01-16 05:00:00,1.22178,1.22186,1.2206299999999999,1.22088,1527
2025-01-16 06:00:00,1.22088,1.22207,1.22088,1.22204,2034
2025-01-16 07:00:00,1.22205,1.2226,1.21994,1.2218499999999999,4219
2025-01-16 08:00:00,1.22189,1.22229,1.21954,1.22051,3987
2025-01-16 09:00:00,1.2205,1.2212,1.21892,1.21974,3350
2025-01-16 10:00:00,1.21972,1.2209,1.2192,1.22021,2854
2025-01-16 11:00:00,1.22023,1.22126,1.22006,1.22095,2657
2025-01-16 12:00:00,1.22096,1.2211400000000001,1.21903,1.21967,3453
2025-01-16 13:00:00,1.2196799999999999,1.22001,1.21743,1.21966,6662
2025-01-16 14:00:00,1.21969,1.22024,1.2176,1.21967,5309
2025-01-16 15:00:00,1.2196799999999999,1.22384,1.21887,1.22337,9853
2025-01-16 16:00:00,1.22339,1.22481,1.22166,1.22423,6861
2025-01-16 17:00:00,1.22425,1.22599,1.22343,1.22363,4480
2025-01-16 18:00:00,1.2236,1.22459,1.22269,1.2232,2812
2025-01-16 19:00:00,1.22317,1.22407,1.22281,1.22347,2382
2025-01-16 20:00:00,1.22344,1.22359,1.2227000000000001,1.22304,1966
2025-01-16 21:00:00,1.22301,1.22388,1.2227000000000001,1.22372,1082
2025-01-16 22:00:00,1.22366,1.22389,1.22271,1.22293,1028
2025-01-16 23:00:00,1.2235800000000001,1.22372,1.22326,1.22339,832
2025-01-17 00:00:00,1.2234,1.22396,1.22305,1.22357,1310
2025-01-17 01:00:00,1.22357,1.22373,1.2229,1.2232,1651
2025-01-17 02:00:00,1.22323,1.22439,1.22319,1.22332,1842
2025-01-17 03:00:00,1.2233100000000001,1.22371,1.22285,1.22327,1273
2025-01-17 04:00:00,1.22327,1.2234099999999999,1.22178,1.22199,1357
2025-01-17 05:00:00,1.22199,1.22228,1.22119,1.22169,1518
2025-01-17 06:00:00,1.22168,1.22174,1.22057,1.22163,1828
2025-01-17 07:00:00,1.22159,1.22177,1.21599,1.21741,5944
2025-01-17 08:00:00,1.21743,1.21969,1.21743,1.21896,3780
2025-01-17 09:00:00,1.21892,1.21999,1.21832,1.21957,3642
2025-01-17 10:00:00,1.2196,1.22071,1.21954,1.21987,2681
2025-01-17 11:00:00,1.21989,1.22163,1.21924,1.21958,3481
2025-01-17 12:00:00,1.21956,1.21985,1.21806,1.21865,3648
2025-01-17 13:00:00,1.21868,1.21943,1.2175,1.21816,4407
2025-01-17 14:00:00,1.2181899999999999,1.21979,1.21606,1.21929,7400
2025-01-17 15:00:00,1.21932,1.22273,1.21895,1.21978,7831
2025-01-17 16:00:00,1.21975,1.21986,1.2175,1.21779,4291
2025-01-17 17:00:00,1.21777,1.21812,1.21676,1.21729,2963
2025-01-17 18:00:00,1.2173,1.21861,1.21654,1.21739,2383
2025-01-17 19:00:00,1.2174,1.21788,1.21643,1.21677,2181
2025-01-17 20:00:00,1.21677,1.21742,1.2165,1.21696,2299
2025-01-17 21:00:00,1.21696,1.21701,1.21651,1.21676,1530
2025-01-19 22:00:00,1.21585,1.21708,1.21578,1.21701,767
2025-01-19 23:00:00,1.2175799999999999,1.21764,1.21594,1.21744,1502
2025-01-20 00:00:00,1.21743,1.21853,1.21742,1.21848,1640
2025-01-20 01:00:00,1.21848,1.2194,1.21755,1.21915,2107
2025-01-20 02:00:00,1.21916,1.21937,1.21854,1.21925,1944
2025-01-20 03:00:00,1.21925,1.22052,1.21922,1.22043,1694
2025-01-20 04:00:00,1.22044,1.22069,1.21999,1.22067,1132
2025-01-20 05:00:00,1.22067,1.22146,1.22044,1.2209699999999999,1042
2025-01-20 06:00:00,1.22099,1.22214,1.22025,1.22154,2103
2025-01-20 07:00:00,1.22153,1.22184,1.22071,1.22146,2763
2025-01-20 08:00:00,1.2215,1.22193,1.21883,1.21932,4209
2025-01-20 09:00:00,1.21929,1.21962,1.21649,1.21778,4673
2025-01-20 10:00:00,1.21779,1.2194099999999999,1.21779,1.21897,2937
2025-01-20 11:00:00,1.21899,1.22066,1.21889,1.22054,2432
2025-01-20 12:00:00,1.22054,1.22065,1.21873,1.2198,2884
2025-01-20 13:00:00,1.21979,1.22988,1.21825,1.22981,20675
2025-01-20 14:00:00,1.22977,1.23262,1.22747,1.23061,12606
2025-01-20 15:00:00,1.2306,1.23175,1.2273399999999999,1.22915,8144
2025-01-20 16:00:00,1.22917,1.23031,1.22859,1.22948,3761
2025-01-20 17:00:00,1.22945,1.23029,1.22546,1.2281900000000001,7090
2025-01-20 18:00:00,1.2281900000000001,1.23051,1.22784,1.23045,1913
2025-01-20 19:00:00,1.23045,1.23381,1.22995,1.23349,2154
2025-01-20 20:00:00,1.23349,1.23446,1.23236,1.23278,2745
2025-01-20 21:00:00,1.23278,1.23303,1.2318500000000001,1.23258,1694
2025-01-20 22:00:00,1.23257,1.23257,1.23123,1.23163,1059
2025-01-20 23:00:00,1.23253,1.23384,1.23198,1.23312,2986
2025-01-21 00:00:00,1.23314,1.23447,1.22475,1.22589,11516
2025-01-21 01:00:00,1.22588,1.23049,1.22521,1.22751,11788
2025-01-21 02:00:00,1.22748,1.22945,1.2273100000000001,1.22899,4723
2025-01-21 03:00:00,1.22895,1.23115,1.22887,1.22946,3405
2025-01-21 04:00:00,1.22947,1.23083,1.2291,1.2298,2253
2025-01-21 05:00:00,1.22982,1.23013,1.22722,1.22762,1927
2025-01-21 06:00:00,1.2275800000000001,1.22791,1.22597,1.22629,2705
2025-01-21 07:00:00,1.22629,1.22861,1.22529,1.22668,4389
2025-01-21 08:00:00,1.22666,1.22693,1.22457,1.22571,4515
2025-01-21 09:00:00,1.22568,1.22598,1.22342,1.22479,4562
2025-01-21 10:00:00,1.22477,1.22569,1.2241900000000001,1.22483,4427
2025-01-21 11:00:00,1.2248,1.22499,1.22291,1.22357,3833
2025-01-21 12:00:00,1.22359,1.2251,1.22324,1.22441,4155
2025-01-21 13:00:00,1.22441,1.22812,1.22415,1.22782,4849
2025-01-21 14:00:00,1.22784,1.2295099999999999,1.22703,1.22798,6059
2025-01-21 15:00:00,1.22801,1.23128,1.22696,1.22992,7083
2025-01-21 16:00:00,1.22989,1.23314,1.2296,1.23296,4753
2025-01-21 17:00:00,1.23293,1.23349,1.23252,1.23257,3329
2025-01-21 18:00:00,1.23257,1.23397,1.23237,1.23353,2736
2025-01-21 19:00:00,1.23353,1.23367,1.23226,1.23272,2200
2025-01-21 20:00:00,1.23272,1.23394,1.23246,1.23391,2108
2025-01-21 21:00:00,1.23389,1.23601,1.23381,1.23529,1498
2025-01-21 22:00:00,1.23523,1.23523,1.23343,1.23459,1150
2025-01-21 23:00:00,1.2349999999999999,1.23515,1.23221,1.23377,4083
2025-01-22 00:00:00,1.23376,1.23535,1.23348,1.23501,2917
2025-01-22 01:00:00,1.2349999999999999,1.23508,1.23293,1.23325,2862
2025-01-22 02:00:00,1.23324,1.23392,1.23279,1.23361,1905
2025-01-22 03:00:00,1.23361,1.2337500000000001,1.23294,1.23318,1433
2025-01-22 04:00:00,1.23318,1.23462,1.2331,1.2343899999999999,1239
2025-01-22 05:00:00,1.2343899999999999,1.23476,1.23312,1.23435,1554
2025-01-22 06:00:00,1.23431,1.23435,1.23152,1.23213,2704
2025-01-22 07:00:00,1.23215,1.23274,1.23111,1.23188,4281
2025-01-22 08:00:00,1.23186,1.23388,1.2316,1.23385,4428
2025-01-22 09:00:00,1.23385,1.2364600000000001,1.23373,1.23637,5141
2025-01-22 10:00:00,1.23642,1.23757,1.2358,1.23674,3902
2025-01-22 11:00:00,1.23675,1.23728,1.23517,1.23561,3143
2025-01-22 12:00:00,1.2355800000000001,1.2359499999999999,1.23446,1.23557,3343
2025-01-22 13:00:00,1.2355800000000001,1.23686,1.23354,1.23445,4682
2025-01-22 14:00:00,1.23443,1.23483,1.23279,1.23356,5232
2025-01-22 15:00:00,1.23356,1.23361,1.23119,1.23184,5236
2025-01-22 16:00:00,1.2318,1.23254,1.23069,1.23216,4026
2025-01-22 17:00:00,1.23214,1.23216,1.23129,1.2321,2874
2025-01-22 18:00:00,1.23212,1.23292,1.23147,1.2324,2452
2025-01-22 19:00:00,1.23239,1.23308,1.23215,1.23254,2066
2025-01-22 20:00:00,1.23251,1.23289,1.2315,1.23165,1786
2025-01-22 21:00:00,1.23163,1.23183,1.23132,1.23141,987
2025-01-22 22:00:00,1.23136,1.23151,1.23057,1.23057,1051
2025-01-22 23:00:00,1.23118,1.23152,1.2307,1.23133,1473
2025-01-23 00:00:00,1.23133,1.23192,1.23114,1.23153,1846
2025-01-23 01:00:00,1.23153,1.2323,1.2308,1.23102,2406
2025-01-23 02:00:00,1.23101,1.23114,1.2301199999999999,1.2309,2134
2025-01-23 03:00:00,1.23086,1.23155,1.23071,1.23145,1550
2025-01-23 04:00:00,1.23144,1.23208,1.23142,1.2319499999999999,1117
2025-01-23 05:00:00,1.23196,1.23209,1.2310699999999999,1.23115,1662
2025-01-23 06:00:00,1.23114,1.23204,1.23077,1.23089,1898
2025-01-23 07:00:00,1.23085,1.2311,1.22948,1.23047,3891
2025-01-23 08:00:00,1.23048,1.23059,1.22926,1.22957,3459
2025-01-23 09:00:00,1.22954,1.23204,1.22948,1.23166,3507
2025-01-23 10:00:00,1.23169,1.23303,1.23137,1.23203,2940
2025-01-23 11:00:00,1.23206,1.23286,1.23054,1.23078,3072
2025-01-23 12:00:00,1.23075,1.23163,1.22992,1.23148,3154
2025-01-23 13:00:00,1.2315,1.23302,1.23079,1.23226,4638
2025-01-23 14:00:00,1.23225,1.23356,1.23166,1.23287,4753
2025-01-23 15:00:00,1.23289,1.23303,1.23104,1.23227,4704
2025-01-23 16:00:00,1.23231,1.23603,1.22995,1.23461,12599
2025-01-23 17:00:00,1.23458,1.2375099999999999,1.23419,1.23715,4302
2025-01-23 18:00:00,1.23718,1.23722,1.23556,1.2358,2978
2025-01-23 19:00:00,1.23583,1.23643,1.23546,1.23588,2718
2025-01-23 20:00:00,1.23588,1.23655,1.2352400000000001,1.2354,2782
2025-01-23 21:00:00,1.23542,1.23562,1.23462,1.23494,1216
2025-01-23 22:00:00,1.23492,1.23514,1.23466,1.23466,806
2025-01-23 23:00:00,1.23508,1.23543,1.23483,1.23532,1071
2025-01-24 00:00:00,1.23533,1.2358,1.2348,1.23554,1781
2025-01-24 01:00:00,1.23557,1.23576,1.23492,1.23542,1827
2025-01-24 02:00:00,1.23546,1.23987,1.23541,1.23975,4794
2025-01-24 03:00:00,1.23973,1.24037,1.23811,1.23926,3853
2025-01-24 04:00:00,1.2392400000000001,1.2399499999999999,1.23875,1.23926,2403
2025-01-24 05:00:00,1.23925,1.23997,1.23859,1.23992,2182
2025-01-24 06:00:00,1.23993,1.24184,1.23975,1.23988,4364
2025-01-24 07:00:00,1.23986,1.23997,1.23762,1.23866,4351
2025-01-24 08:00:00,1.2386300000000001,1.24121,1.23831,1.24041,5363
2025-01-24 09:00:00,1.24038,1.24475,1.24009,1.2427,5845
2025-01-24 10:00:00,1.24271,1.24356,1.24209,1.24296,3601
2025-01-24 11:00:00,1.24297,1.2432,1.24108,1.24148,2968
2025-01-24 12:00:00,1.24146,1.24221,1.24001,1.24089,3014
2025-01-24 13:00:00,1.24089,1.2420499999999999,1.24009,1.24136,3990
2025-01-24 14:00:00,1.24137,1.24486,1.24087,1.24376,5315
2025-01-24 15:00:00,1.24375,1.24854,1.24346,1.24827,6542
2025-01-24 16:00:00,1.24825,1.2497,1.24801,1.24936,4677
2025-01-24 17:00:00,1.2493400000000001,1.25014,1.24871,1.24875,2979
2025-01-24 18:00:00,1.24874,1.24951,1.24789,1.24807,2583
2025-01-24 19:00:00,1.24809,1.24854,1.24784,1.24824,1984
2025-01-24 20:00:00,1.2482199999999999,1.24867,1.24773,1.24851,2353
2025-01-24 21:00:00,1.24851,1.24892,1.24803,1.24809,1827
2025-01-26 22:00:00,1.24599,1.24676,1.24581,1.24657,892
2025-01-26 23:00:00,1.24708,1.2471700000000001,1.24557,1.2457799999999999,1861
2025-01-27 00:00:00,1.2457799999999999,1.24651,1.24524,1.24555,1931
2025-01-27 01:00:00,1.24553,1.24643,1.2447300000000001,1.24485,3174
2025-01-27 02:00:00,1.24486,1.24515,1.24416,1.24505,2292
2025-01-27 03:00:00,1.24504,1.24628,1.24462,1.24551,2628
2025-01-27 04:00:00,1.24551,1.24569,1.24471,1.24503,1808
2025-01-27 05:00:00,1.24504,1.24508,1.24417,1.24463,2079
2025-01-27 06:00:00,1.24461,1.24603,1.24461,1.24516,2545
2025-01-27 07:00:00,1.24516,1.24555,1.24289,1.24289,3800
2025-01-27 08:00:00,1.24286,1.2464,1.24257,1.24572,4486
2025-01-27 09:00:00,1.24569,1.2486,1.24501,1.24857,5290
2025-01-27 10:00:00,1.2486,1.25072,1.24851,1.24948,5008
2025-01-27 11:00:00,1.24945,1.25146,1.24903,1.24964,4488
2025-01-27 12:00:00,1.24961,1.25201,1.24941,1.25126,4089
2025-01-27 13:00:00,1.25125,1.25232,1.24996,1.25021,4836
2025-01-27 14:00:00,1.25019,1.25113,1.24958,1.25001,5307
2025-01-27 15:00:00,1.25001,1.2501,1.24689,1.24731,5375
2025-01-27 16:00:00,1.2473,1.24851,1.24681,1.24759,4716
2025-01-27 17:00:00,1.2476099999999999,1.24836,1.2466599999999999,1.24743,3540
2025-01-27 18:00:00,1.2474,1.24846,1.24691,1.24776,3330
2025-01-27 19:00:00,1.24773,1.24901,1.24735,1.24894,3015
2025-01-27 20:00:00,1.24894,1.24953,1.24843,1.24902,2553
2025-01-27 21:00:00,1.24902,1.25,1.24881,1.24982,1192
2025-01-27 22:00:00,1.24986,1.24987,1.24868,1.24887,1165
2025-01-27 23:00:00,1.24947,1.2496800000000001,1.24358,1.2451,5462
2025-01-28 00:00:00,1.24511,1.24627,1.2445599999999999,1.24565,4228
2025-01-28 01:00:00,1.24566,1.24651,1.24403,1.24501,3582
2025-01-28 02:00:00,1.24501,1.24547,1.2438500000000001,1.24449,4264
2025-01-28 03:00:00,1.24447,1.24497,1.24394,1.24401,2427
2025-01-28 04:00:00,1.24405,1.24449,1.2434,1.24445,1887
2025-01-28 05:00:00,1.2444600000000001,1.24494,1.24438,1.2444600000000001,1614
2025-01-28 06:00:00,1.24448,1.2453400000000001,1.24367,1.24409,2071
2025-01-28 07:00:00,1.24408,1.24478,1.24258,1.24365,3780
2025-01-28 08:00:00,1.24367,1.24426,1.24289,1.24323,4596
2025-01-28 09:00:00,1.24323,1.24553,1.24283,1.24477,4005
2025-01-28 10:00:00,1.24476,1.2451699999999999,1.2435,1.2435100000000001,2937
2025-01-28 11:00:00,1.24349,1.24403,1.24245,1.24258,2787
2025-01-28 12:00:00,1.2426,1.24343,1.24173,1.2426599999999999,3287
2025-01-28 13:00:00,1.24262,1.24336,1.2414,1.24231,3703
2025-01-28 14:00:00,1.24232,1.24431,1.24232,1.24288,4531
2025-01-28 15:00:00,1.24285,1.24466,1.24283,1.24316,4825
2025-01-28 16:00:00,1.24315,1.2445,1.24216,1.24292,4091
2025-01-28 17:00:00,1.24293,1.24366,1.24274,1.2428,2927
2025-01-28 18:00:00,1.24282,1.24392,1.24253,1.24295,3084
2025-01-28 19:00:00,1.24294,1.24444,1.24214,1.2443,2318
2025-01-28 20:00:00,1.24429,1.24453,1.2436099999999999,1.24406,2233
2025-01-28 21:00:00,1.24408,1.24428,1.24387,1.24401,1135
2025-01-28 22:00:00,1.24399,1.24423,1.24311,1.24311,840
2025-01-28 23:00:00,1.2437,1.24426,1.24356,1.24403,1108
2025-01-29 00:00:00,1.24403,1.24471,1.24353,1.24371,1984
2025-01-29 01:00:00,1.24373,1.24413,1.2435,1.24357,1647
2025-01-29 02:00:00,1.24357,1.2448299999999999,1.24338,1.24452,1912
2025-01-29 03:00:00,1.24452,1.24502,1.24414,1.24472,1837
2025-01-29 04:00:00,1.24474,1.24532,1.2447300000000001,1.24526,1499
2025-01-29 05:00:00,1.24526,1.24549,1.24472,1.24533,1488
2025-01-29 06:00:00,1.24536,1.24611,1.2451699999999999,1.24565,2611
2025-01-29 07:00:00,1.24561,1.2462900000000001,1.24454,1.24484,3884
2025-01-29 08:00:00,1.24487,1.24567,1.24333,1.2438500000000001,3945
2025-01-29 09:00:00,1.24382,1.24391,1.24156,1.24203,3725
2025-01-29 10:00:00,1.24204,1.24244,1.24098,1.24151,3620
2025-01-29 11:00:00,1.24153,1.24262,1.24124,1.24189,2854
2025-01-29 12:00:00,1.24192,1.24262,1.24085,1.24248,3293
2025-01-29 13:00:00,1.24248,1.24281,1.23928,1.23977,4810
2025-01-29 14:00:00,1.23976,1.24122,1.23962,1.24073,4328
2025-01-29 15:00:00,1.24075,1.2445599999999999,1.24009,1.24331,5637
2025-01-29 16:00:00,1.24334,1.24427,1.24234,1.24311,4725
2025-01-29 17:00:00,1.24311,1.24488,1.24301,1.2442,3889
2025-01-29 18:00:00,1.2442199999999999,1.24493,1.2434,1.24468,3093
2025-01-29 19:00:00,1.24465,1.24577,1.24116,1.24437,13739
2025-01-29 20:00:00,1.24435,1.24543,1.24302,1.24383,7358
2025-01-29 21:00:00,1.24381,1.24521,1.24368,1.24489,2277
2025-01-29 22:00:00,1.24496,1.24496,1.24386,1.24428,1554
2025-01-29 23:00:00,1.24494,1.24585,1.24468,1.24542,1405
2025-01-30 00:00:00,1.24542,1.24596,1.24511,1.24538,1442
2025-01-30 01:00:00,1.24537,1.24547,1.2444600000000001,1.24491,1692
2025-01-30 02:00:00,1.2449,1.24553,1.2447300000000001,1.24485,1796
2025-01-30 03:00:00,1.24488,1.2454,1.24476,1.24513,1583
2025-01-30 04:00:00,1.24511,1.24538,1.24428,1.24451,1560
2025-01-30 05:00:00,1.24451,1.24484,1.24415,1.24478,1513
2025-01-30 06:00:00,1.24478,1.2448299999999999,1.24341,1.24401,2001
2025-01-30 07:00:00,1.24403,1.24528,1.24313,1.24515,2823
2025-01-30 08:00:00,1.24516,1.24623,1.24449,1.24546,3444
2025-01-30 09:00:00,1.24551,1.2457,1.24339,1.2443,3871
2025-01-30 10:00:00,1.24427,1.24464,1.24253,1.24305,3289
2025-01-30 11:00:00,1.24301,1.24367,1.24245,1.24271,2842
2025-01-30 12:00:00,1.24269,1.24381,1.24238,1.24372,3130
2025-01-30 13:00:00,1.24373,1.24708,1.24298,1.24665,6595
2025-01-30 14:00:00,1.24663,1.24758,1.24552,1.2462900000000001,7725
2025-01-30 15:00:00,1.2463,1.24767,1.24609,1.24663,5474
2025-01-30 16:00:00,1.24661,1.24711,1.24482,1.24497,3612
2025-01-30 17:00:00,1.24498,1.2451699999999999,1.2435100000000001,1.24444,3068
2025-01-30 18:00:00,1.24441,1.24557,1.24417,1.24546,1942
2025-01-30 19:00:00,1.24546,1.2460499999999999,1.2452,1.24584,1718
2025-01-30 20:00:00,1.24587,1.24638,1.24074,1.24347,9253
2025-01-30 21:00:00,1.2435,1.2441,1.24139,1.2414,4561
2025-01-30 22:00:00,1.2414100000000001,1.24155,1.24049,1.24131,1191
2025-01-30 23:00:00,1.24151,1.24236,1.24118,1.24216,1944
2025-01-31 00:00:00,1.24215,1.24308,1.24125,1.2416800000000001,2048
2025-01-31 01:00:00,1.2417,1.24244,1.24066,1.24189,3490
2025-01-31 02:00:00,1.24191,1.24276,1.24159,1.24213,2252
2025-01-31 03:00:00,1.24213,1.2426,1.24156,1.2416800000000001,1788
2025-01-31 04:00:00,1.2417,1.2422,1.24134,1.24203,1679
2025-01-31 05:00:00,1.24203,1.24254,1.24165,1.2420499999999999,1823
2025-01-31 06:00:00,1.24206,1.24309,1.24185,1.24294,1802
2025-01-31 07:00:00,1.24296,1.24393,1.2423899999999999,1.24345,3849
2025-01-31 08:00:00,1.24342,1.24383,1.2411699999999999,1.24138,3400
2025-01-31 09:00:00,1.24135,1.24217,1.24004,1.24208,4238
2025-01-31 10:00:00,1.2421,1.2426,1.24138,1.24158,3070
2025-01-31 11:00:00,1.24158,1.24203,1.24053,1.24088,2620
2025-01-31 12:00:00,1.24089,1.24228,1.24086,1.24198,2578
2025-01-31 13:00:00,1.2420200000000001,1.24315,1.24084,1.24133,4771
2025-01-31 14:00:00,1.24136,1.24142,1.2387299999999999,1.2394,4833
2025-01-31 15:00:00,1.23938,1.24277,1.23895,1.24247,5517
2025-01-31 16:00:00,1.24245,1.24553,1.24142,1.24452,4401
2025-01-31 17:00:00,1.24453,1.24712,1.24307,1.24532,9155
2025-01-31 18:00:00,1.24536,1.24611,1.23902,1.2396,11679
2025-01-31 19:00:00,1.23958,1.24051,1.23854,1.23997,5238
2025-01-31 20:00:00,1.2399499999999999,1.24098,1.23878,1.23989,5788
2025-01-31 21:00:00,1.23993,1.24105,1.23867,1.23918,6507
2025-02-02 22:00:00,1.23039,1.23053,1.22928,1.22936,602
2025-02-02 23:00:00,1.23015,1.2322899999999999,1.22816,1.22894,3682
2025-02-03 00:00:00,1.229,1.2312400000000001,1.22644,1.2276799999999999,10624
2025-02-03 01:00:00,1.2276799999999999,1.23064,1.22649,1.22876,6995
2025-02-03 02:00:00,1.22876,1.22879,1.22592,1.22618,5391
2025-02-03 03:00:00,1.22618,1.22644,1.2248999999999999,1.22626,3489
2025-02-03 04:00:00,1.22626,1.22828,1.22489,1.22577,5560
2025-02-03 05:00:00,1.22577,1.22787,1.22553,1.22764,3402
2025-02-03 06:00:00,1.22766,1.2294100000000001,1.2276,1.22879,3536
2025-02-03 07:00:00,1.22875,1.22998,1.22759,1.22838,5823
2025-02-03 08:00:00,1.22835,1.23226,1.22724,1.23057,6598
2025-02-03 09:00:00,1.23054,1.23204,1.22882,1.22923,4705
2025-02-03 10:00:00,1.22923,1.23149,1.22917,1.23117,3898
2025-02-03 11:00:00,1.23116,1.23205,1.23006,1.23187,3352
2025-02-03 12:00:00,1.23187,1.2349700000000001,1.23162,1.23442,5494
2025-02-03 13:00:00,1.23442,1.23746,1.23434,1.2364600000000001,8105
2025-02-03 14:00:00,1.23644,1.2368999999999999,1.2345,1.23536,7069
2025-02-03 15:00:00,1.23527,1.24347,1.2335099999999999,1.24114,22182
2025-02-03 16:00:00,1.24112,1.24362,1.23827,1.23858,14536
2025-02-03 17:00:00,1.23859,1.24128,1.23801,1.2393399999999999,9716
2025-02-03 18:00:00,1.23932,1.24023,1.23813,1.23914,6393
2025-02-03 19:00:00,1.23912,1.24085,1.23912,1.23944,3000
2025-02-03 20:00:00,1.23947,1.24085,1.23922,1.24024,2731
2025-02-03 21:00:00,1.2402,1.24547,1.23968,1.24471,7125
2025-02-03 22:00:00,1.24469,1.24469,1.24269,1.24346,1619
2025-02-03 23:00:00,1.2438500000000001,1.24531,1.24301,1.2433,2665
2025-02-04 00:00:00,1.2433,1.24366,1.24212,1.24231,2318
2025-02-04 01:00:00,1.24231,1.2423899999999999,1.24088,1.24204,2960
2025-02-04 02:00:00,1.24207,1.2426599999999999,1.24172,1.24249,2593
2025-02-04 03:00:00,1.24249,1.24271,1.2411,1.24137,2096
2025-02-04 04:00:00,1.24138,1.2414399999999999,1.24057,1.24075,2137
2025-02-04 05:00:00,1.24075,1.24075,1.23787,1.23971,6076
2025-02-04 06:00:00,1.23973,1.24101,1.23928,1.24092,2936
2025-02-04 07:00:00,1.2409,1.2420499999999999,1.24038,1.24149,3405
2025-02-04 08:00:00,1.24145,1.24291,1.24043,1.242,5850
2025-02-04 09:00:00,1.24206,1.24366,1.24196,1.24244,4059
2025-02-04 10:00:00,1.24241,1.24342,1.24148,1.24252,3141
2025-02-04 11:00:00,1.2425,1.2426300000000001,1.24021,1.24041,3123
2025-02-04 12:00:00,1.24042,1.24155,1.23954,1.24137,3388
2025-02-04 13:00:00,1.24137,1.24292,1.24125,1.24283,3938
2025-02-04 14:00:00,1.24283,1.24523,1.24283,1.2448,5043
2025-02-04 15:00:00,1.24475,1.24856,1.2447300000000001,1.24756,7648
2025-02-04 16:00:00,1.24757,1.24929,1.24702,1.24828,4306
2025-02-04 17:00:00,1.24828,1.24862,1.2471,1.24817,4306
2025-02-04 18:00:00,1.24815,1.24892,1.24776,1.2483,2460
2025-02-04 19:00:00,1.24827,1.24862,1.24744,1.2482,2723
2025-02-04 20:00:00,1.2482199999999999,1.24887,1.24787,1.24878,2256
2025-02-04 21:00:00,1.24876,1.24903,1.24777,1.24804,1454
2025-02-04 22:00:00,1.24796,1.24796,1.24705,1.24763,804
2025-02-04 23:00:00,1.24787,1.24831,1.24745,1.24748,1439
2025-02-05 00:00:00,1.24752,1.24841,1.24738,1.24818,2133
2025-02-05 01:00:00,1.24821,1.24894,1.24699,1.2469999999999999,3033
2025-02-05 02:00:00,1.2469999999999999,1.24821,1.24684,1.24792,2446
2025-02-05 03:00:00,1.24793,1.24811,1.24736,1.2474,1775
2025-02-05 04:00:00,1.24741,1.24765,1.24696,1.24722,1441
2025-02-05 05:00:00,1.24721,1.24728,1.24627,1.24675,1808
2025-02-05 06:00:00,1.24673,1.2488,1.24654,1.2476099999999999,2498
2025-02-05 07:00:00,1.24759,1.2506,1.2471,1.25008,4329
2025-02-05 08:00:00,1.25004,1.25129,1.24875,1.25051,4354
2025-02-05 09:00:00,1.25049,1.25284,1.25045,1.25171,4048
2025-02-05 10:00:00,1.2517,1.25497,1.25122,1.2540200000000001,4000
2025-02-05 11:00:00,1.25401,1.2545,1.25309,1.25312,2892
2025-02-05 12:00:00,1.25309,1.25392,1.25253,1.25363,2937
2025-02-05 13:00:00,1.25367,1.25444,1.25116,1.25145,4636
2025-02-05 14:00:00,1.25148,1.25262,1.25052,1.25165,4352
2025-02-05 15:00:00,1.25176,1.2538,1.25013,1.25174,7116
2025-02-05 16:00:00,1.25171,1.25234,1.25064,1.2511999999999999,3750
2025-02-05 17:00:00,1.2511999999999999,1.25183,1.25027,1.25087,2689
2025-02-05 18:00:00,1.25083,1.25138,1.2504,1.25103,2218
2025-02-05 19:00:00,1.25103,1.25128,1.25027,1.25051,2253
2025-02-05 20:00:00,1.25048,1.25048,1.24976,1.25015,2103
2025-02-05 21:00:00,1.25013,1.25065,1.25007,1.25026,1357
2025-02-05 22:00:00,1.2502900000000001,1.25039,1.24977,1.2501,634
2025-02-05 23:00:00,1.25037,1.2506,1.24987,1.25011,1189
2025-02-06 00:00:00,1.25011,1.25074,1.24978,1.25024,1832
2025-02-06 01:00:00,1.25026,1.2509299999999999,1.25007,1.2507,2311
2025-02-06 02:00:00,1.25071,1.25089,1.24892,1.2493400000000001,1968
2025-02-06 03:00:00,1.24932,1.24953,1.24896,1.24939,1645
2025-02-06 04:00:00,1.24939,1.24965,1.24864,1.24881,1437
2025-02-06 05:00:00,1.24882,1.24912,1.24826,1.24836,1411
2025-02-06 06:00:00,1.24836,1.2490999999999999,1.2482199999999999,1.24856,1694
2025-02-06 07:00:00,1.24853,1.24855,1.24705,1.24732,2768
2025-02-06 08:00:00,1.24734,1.24748,1.24416,1.24465,3552
2025-02-06 09:00:00,1.24465,1.24547,1.24172,1.2425,3596
2025-02-06 10:00:00,1.24252,1.24311,1.24062,1.24172,3587
2025-02-06 11:00:00,1.24169,1.24292,1.2414100000000001,1.24222,3681
2025-02-06 12:00:00,1.2422,1.2429999999999999,1.23598,1.23738,9063
2025-02-06 13:00:00,1.23737,1.23975,1.23653,1.23828,6187
2025-02-06 14:00:00,1.23832,1.24151,1.2381,1.23922,4760
2025-02-06 15:00:00,1.23923,1.24203,1.23889,1.24137,5416
2025-02-06 16:00:00,1.24138,1.24449,1.24133,1.24314,3865
2025-02-06 17:00:00,1.24313,1.2442199999999999,1.24283,1.2441,2611
2025-02-06 18:00:00,1.2441200000000001,1.24551,1.24342,1.24488,3432
2025-02-06 19:00:00,1.24489,1.24502,1.2433,1.24353,2254
2025-02-06 20:00:00,1.24352,1.24409,1.2432400000000001,1.24393,1869
2025-02-06 21:00:00,1.24392,1.24407,1.24325,1.24339,1242
2025-02-06 22:00:00,1.24332,1.24339,1.24269,1.24269,976
2025-02-06 23:00:00,1.24314,1.24374,1.2431,1.24338,866
2025-02-07 00:00:00,1.24337,1.24428,1.24226,1.24238,1793
2025-02-07 01:00:00,1.2424,1.2435,1.2422,1.2431,2196
2025-02-07 02:00:00,1.2431,1.24391,1.24298,1.24388,1872
2025-02-07 03:00:00,1.24388,1.24396,1.24257,1.24279,1437
2025-02-07 04:00:00,1.24275,1.24293,1.24222,1.24279,1225
2025-02-07 05:00:00,1.2428,1.24291,1.24193,1.24213,1538
2025-02-07 06:00:00,1.24212,1.24289,1.24187,1.24261,1640
2025-02-07 07:00:00,1.24258,1.24454,1.24231,1.24411,2588
2025-02-07 08:00:00,1.2441,1.24665,1.24388,1.24648,3175
2025-02-07 09:00:00,1.24648,1.24682,1.24571,1.24588,2588
2025-02-07 10:00:00,1.24588,1.2465,1.24453,1.24492,2548
2025-02-07 11:00:00,1.24493,1.24583,1.2444600000000001,1.24528,2057
2025-02-07 12:00:00,1.24526,1.2453,1.2441,1.24467,2337
2025-02-07 13:00:00,1.24464,1.24928,1.24195,1.24298,8340
2025-02-07 14:00:00,1.24297,1.24663,1.24269,1.24602,5563
2025-02-07 15:00:00,1.24597,1.24613,1.23918,1.24241,10461
2025-02-07 16:00:00,1.24242,1.24251,1.23869,1.23926,11613
2025-02-07 17:00:00,1.23923,1.24195,1.23757,1.24019,10941
2025-02-07 18:00:00,1.2402,1.24217,1.24004,1.24045,3019
2025-02-07 19:00:00,1.24047,1.24167,1.24034,1.24132,2895
2025-02-07 20:00:00,1.24133,1.24165,1.23981,1.24066,2631
2025-02-07 21:00:00,1.24068,1.24123,1.23976,1.24014,2338
2025-02-09 22:00:00,1.23669,1.23753,1.23637,1.23727,1169
2025-02-09 23:00:00,1.23785,1.23939,1.23764,1.2389000000000001,2060
2025-02-10 00:00:00,1.2389000000000001,1.24002,1.23889,1.23913,2039
2025-02-10 01:00:00,1.23913,1.2395100000000001,1.23793,1.23828,2643
2025-02-10 02:00:00,1.23828,1.2389000000000001,1.23796,1.23809,2084
2025-02-10 03:00:00,1.23809,1.23964,1.23809,1.23962,1603
2025-02-10 04:00:00,1.23963,1.24004,1.23944,1.23974,1313
2025-02-10 05:00:00,1.23974,1.24084,1.23974,1.24007,1650
2025-02-10 06:00:00,1.24008,1.24103,1.23978,1.24091,1860
2025-02-10 07:00:00,1.24089,1.2414100000000001,1.24014,1.24041,3004
2025-02-10 08:00:00,1.24038,1.24072,1.23904,1.23972,3561
2025-02-10 09:00:00,1.23974,1.24204,1.23959,1.2408299999999999,3140
2025-02-10 10:00:00,1.24078,1.24157,1.24017,1.24115,2472
2025-02-10 11:00:00,1.24115,1.24219,1.23975,1.24019,2941
2025-02-10 12:00:00,1.24018,1.24036,1.23792,1.2388,3157
2025-02-10 13:00:00,1.23882,1.23994,1.23864,1.23903,2931
2025-02-10 14:00:00,1.23905,1.2391,1.23706,1.23794,3893
2025-02-10 15:00:00,1.23794,1.23941,1.23779,1.2389000000000001,3268
2025-02-10 16:00:00,1.23887,1.23936,1.2373,1.23809,2939
2025-02-10 17:00:00,1.2381199999999999,1.23853,1.2370700000000001,1.2380200000000001,2133
2025-02-10 18:00:00,1.2380200000000001,1.23809,1.2365599999999999,1.2366,2018
2025-02-10 19:00:00,1.23658,1.2372,1.23636,1.23665,1618
2025-02-10 20:00:00,1.23665,1.23692,1.23624,1.23658,1557
2025-02-10 21:00:00,1.2365599999999999,1.23676,1.23629,1.23657,861
2025-02-10 22:00:00,1.23659,1.23684,1.2361,1.23635,1030
2025-02-10 23:00:00,1.23691,1.23692,1.23539,1.23591,1770
2025-02-11 00:00:00,1.23594,1.23634,1.23533,1.23613,1190
2025-02-11 01:00:00,1.23616,1.23649,1.2357,1.23592,1812
2025-02-11 02:00:00,1.23593,1.23612,1.23448,1.23468,1897
2025-02-11 03:00:00,1.23468,1.23552,1.23458,1.23531,1550
2025-02-11 04:00:00,1.23531,1.23601,1.23519,1.23594,1250
2025-02-11 05:00:00,1.23596,1.23627,1.23577,1.23614,1158
2025-02-11 06:00:00,1.23614,1.23662,1.23574,1.23577,1525
2025-02-11 07:00:00,1.23577,1.23587,1.23382,1.23393,2672
2025-02-11 08:00:00,1.23391,1.23598,1.23318,1.2357,3418
2025-02-11 09:00:00,1.23568,1.23777,1.23561,1.23651,3016
2025-02-11 10:00:00,1.23649,1.23682,1.23555,1.236,2636
2025-02-11 11:00:00,1.236,1.2368999999999999,1.23591,1.23659,2007
2025-02-11 12:00:00,1.2366,1.23805,1.23582,1.23803,3064
2025-02-11 13:00:00,1.23803,1.23984,1.23744,1.23975,3410
2025-02-11 14:00:00,1.23973,1.24131,1.2396099999999999,1.24062,3499
2025-02-11 15:00:00,1.24066,1.2416800000000001,1.24028,1.24048,3678
2025-02-11 16:00:00,1.24047,1.24258,1.24036,1.2421,3051
2025-02-11 17:00:00,1.24207,1.24254,1.2417799999999999,1.2422900000000001,1979
2025-02-11 18:00:00,1.2422900000000001,1.24294,1.24206,1.2424,1844
2025-02-11 19:00:00,1.24236,1.24546,1.24204,1.24377,3209
2025-02-11 20:00:00,1.24375,1.24482,1.24356,1.24448,2179
2025-02-11 21:00:00,1.24443,1.24484,1.24428,1.24443,1091
2025-02-11 22:00:00,1.2444600000000001,1.2444600000000001,1.24333,1.24379,999
2025-02-11 23:00:00,1.24432,1.24516,1.24418,1.2450700000000001,1418
2025-02-12 00:00:00,1.2450700000000001,1.24533,1.24397,1.2445,1484
2025-02-12 01:00:00,1.24447,1.2453,1.24376,1.24496,2011
2025-02-12 02:00:00,1.24497,1.24582,1.24495,1.24504,1862
2025-02-12 03:00:00,1.24503,1.24551,1.24442,1.24506,1843
2025-02-12 04:00:00,1.24505,1.24505,1.24411,1.24411,1476
2025-02-12 05:00:00,1.24413,1.24464,1.24402,1.24449,1517
2025-02-12 06:00:00,1.24448,1.24479,1.24402,1.24424,1632
2025-02-12 07:00:00,1.24427,1.24603,1.24427,1.24569,2838
2025-02-12 08:00:00,1.24571,1.24649,1.24382,1.24418,3422
2025-02-12 09:00:00,1.24418,1.24467,1.24346,1.24459,2599
2025-02-12 10:00:00,1.24462,1.24481,1.24372,1.24414,2656
2025-02-12 11:00:00,1.2441200000000001,1.24616,1.24403,1.2456,2668
2025-02-12 12:00:00,1.24557,1.2459,1.24502,1.24512,2486
2025-02-12 13:00:00,1.24512,1.24521,1.23772,1.23883,8198
2025-02-12 14:00:00,1.23881,1.24059,1.23776,1.24038,5926
2025-02-12 15:00:00,1.24037,1.24481,1.23887,1.24337,9516
2025-02-12 16:00:00,1.24333,1.24457,1.2402,1.2443,4870
2025-02-12 17:00:00,1.24431,1.24832,1.24419,1.24768,6358
2025-02-12 18:00:00,1.24766,1.24824,1.24423,1.24445,4116
2025-02-12 19:00:00,1.24445,1.24496,1.24396,1.24459,2564
2025-02-12 20:00:00,1.2446,1.2452,1.24418,1.24443,2091
2025-02-12 21:00:00,1.24447,1.24497,1.24343,1.24423,1727
2025-02-12 22:00:00,1.24418,1.24426,1.2435,1.24391,1178
2025-02-12 23:00:00,1.24441,1.24501,1.24423,1.24501,930
2025-02-13 00:00:00,1.245,1.2456,1.2443,1.24448,1498
2025-02-13 01:00:00,1.24452,1.24574,1.24419,1.24561,2694
2025-02-13 02:00:00,1.24562,1.24631,1.24518,1.24617,2229
2025-02-13 03:00:00,1.24618,1.24796,1.24601,1.24765,2334
2025-02-13 04:00:00,1.24765,1.24918,1.24757,1.24877,2223
2025-02-13 05:00:00,1.24877,1.24957,1.24872,1.24905,2245
2025-02-13 06:00:00,1.24906,1.24987,1.24862,1.24876,2423
2025-02-13 07:00:00,1.2488,1.25169,1.2488,1.25089,4518
2025-02-13 08:00:00,1.2509000000000001,1.25106,1.24715,1.24754,4137
2025-02-13 09:00:00,1.24758,1.2497,1.2473,1.24906,3151
2025-02-13 10:00:00,1.24906,1.25048,1.24845,1.2493,2708
2025-02-13 11:00:00,1.24935,1.25043,1.24692,1.2475,4401
2025-02-13 12:00:00,1.24749,1.24752,1.24594,1.2466599999999999,3644
2025-02-13 13:00:00,1.24668,1.2476099999999999,1.24521,1.24704,5602
2025-02-13 14:00:00,1.24708,1.24827,1.24604,1.2482199999999999,4594
2025-02-13 15:00:00,1.24823,1.25257,1.24799,1.25226,8706
2025-02-13 16:00:00,1.25225,1.254,1.25191,1.25259,3974
2025-02-13 17:00:00,1.25257,1.2542499999999999,1.25207,1.25213,2824
2025-02-13 18:00:00,1.25216,1.25287,1.24767,1.2508,10761
2025-02-13 19:00:00,1.25078,1.2544,1.2506599999999999,1.25366,4553
2025-02-13 20:00:00,1.25366,1.2567,1.25339,1.25598,3107
2025-02-13 21:00:00,1.25602,1.2568,1.25557,1.25637,1570
2025-02-13 22:00:00,1.25634,1.25636,1.25467,1.256,949
2025-02-13 23:00:00,1.25652,1.25696,1.25575,1.2564,1700
2025-02-14 00:00:00,1.2564,1.25661,1.25567,1.2560799999999999,1909
2025-02-14 01:00:00,1.2560799999999999,1.25719,1.25593,1.25633,2596
2025-02-14 02:00:00,1.25632,1.25656,1.25574,1.25593,1790
2025-02-14 03:00:00,1.25594,1.25606,1.2555,1.25579,1514
2025-02-14 04:00:00,1.25579,1.25622,1.25545,1.25549,1242
2025-02-14 05:00:00,1.25549,1.25568,1.25489,1.25535,1610
2025-02-14 06:00:00,1.25535,1.25631,1.25518,1.25593,2075
2025-02-14 07:00:00,1.25594,1.25747,1.25579,1.2563,3296
2025-02-14 08:00:00,1.25627,1.25941,1.25627,1.25846,3885
2025-02-14 09:00:00,1.25843,1.25956,1.25816,1.25871,3192
2025-02-14 10:00:00,1.25871,1.2589299999999999,1.2574100000000001,1.25781,2809
2025-02-14 11:00:00,1.25784,1.25864,1.25732,1.25811,2603
2025-02-14 12:00:00,1.25811,1.2589000000000001,1.25713,1.25847,2869
2025-02-14 13:00:00,1.25851,1.26089,1.25827,1.26023,4714
2025-02-14 14:00:00,1.26027,1.26297,1.26003,1.2625899999999999,4435
2025-02-14 15:00:00,1.2625899999999999,1.26265,1.26019,1.26169,4404
2025-02-14 16:00:00,1.26166,1.26216,1.2604,1.26054,3201
2025-02-14 17:00:00,1.26054,1.26113,1.26009,1.26089,2154
2025-02-14 18:00:00,1.2609,1.26102,1.25948,1.2601200000000001,1771
2025-02-14 19:00:00,1.26014,1.26024,1.25928,1.2595,1982
2025-02-14 20:00:00,1.25948,1.25948,1.25851,1.2585899999999999,1717
2025-02-14 21:00:00,1.25862,1.25891,1.25833,1.25864,1192
2025-02-16 22:00:00,1.25752,1.25843,1.25717,1.2584,659
2025-02-16 23:00:00,1.25872,1.2588300000000001,1.25778,1.25834,1832
2025-02-17 00:00:00,1.25835,1.25878,1.25809,1.2585899999999999,1727
2025-02-17 01:00:00,1.25858,1.26,1.25787,1.25991,2477
2025-02-17 02:00:00,1.25992,1.25992,1.25897,1.25946,2203
2025-02-17 03:00:00,1.2594400000000001,1.25964,1.25865,1.2591,2010
2025-02-17 04:00:00,1.2591,1.25974,1.25871,1.2595,1420
2025-02-17 05:00:00,1.2595,1.25992,1.25827,1.25878,2289
2025-02-17 06:00:00,1.25876,1.25986,1.2585600000000001,1.2597,2321
2025-02-17 07:00:00,1.25972,1.25984,1.25848,1.2595,3151
2025-02-17 08:00:00,1.25949,1.25975,1.2582900000000001,1.25906,3242
2025-02-17 09:00:00,1.25906,1.26043,1.25878,1.25908,2573
2025-02-17 10:00:00,1.25905,1.26025,1.25874,1.2602,2577
2025-02-17 11:00:00,1.26019,1.26064,1.25919,1.2601499999999999,2263
2025-02-17 12:00:00,1.26014,1.26077,1.25907,1.25935,2485
2025-02-17 13:00:00,1.25934,1.26002,1.2591,1.2593,2202
2025-02-17 14:00:00,1.2593,1.25987,1.25848,1.2595,2312
2025-02-17 15:00:00,1.25948,1.26075,1.25909,1.26056,2553
2025-02-17 16:00:00,1.26053,1.26139,1.26026,1.26091,1759
2025-02-17 17:00:00,1.26091,1.26261,1.26089,1.26218,1322
2025-02-17 18:00:00,1.26218,1.26274,1.26178,1.26264,802
2025-02-17 19:00:00,1.26264,1.26343,1.26238,1.26273,1113
2025-02-17 20:00:00,1.26273,1.2629000000000001,1.26251,1.26267,706
2025-02-17 21:00:00,1.26268,1.26282,1.26223,1.26223,681
2025-02-17 22:00:00,1.26227,1.26235,1.26147,1.26169,1066
2025-02-17 23:00:00,1.26208,1.26226,1.26159,1.26203,921
2025-02-18 00:00:00,1.26203,1.26216,1.26093,1.26102,1368
2025-02-18 01:00:00,1.26102,1.2610299999999999,1.25995,1.26054,2197
2025-02-18 02:00:00,1.26055,1.26086,1.26024,1.26055,1719
2025-02-18 03:00:00,1.26056,1.26121,1.25996,1.26028,2249
2025-02-18 04:00:00,1.26026,1.26031,1.25938,1.25974,1971
2025-02-18 05:00:00,1.25975,1.25992,1.25925,1.25975,1666
2025-02-18 06:00:00,1.25973,1.26028,1.25925,1.26019,2027
2025-02-18 07:00:00,1.26021,1.26215,1.2598099999999999,1.2614,3164
2025-02-18 08:00:00,1.2613699999999999,1.26228,1.26064,1.26095,3448
2025-02-18 09:00:00,1.26092,1.26139,1.2601200000000001,1.26072,2644
2025-02-18 10:00:00,1.26071,1.26092,1.25906,1.2595100000000001,2549
2025-02-18 11:00:00,1.2595399999999999,1.26044,1.2595100000000001,1.25998,2339
2025-02-18 12:00:00,1.26001,1.26072,1.25852,1.25882,2678
2025-02-18 13:00:00,1.25882,1.25995,1.25821,1.25918,3049
2025-02-18 14:00:00,1.25919,1.26081,1.25887,1.26059,3502
2025-02-18 15:00:00,1.26062,1.26204,1.26043,1.26147,4010
2025-02-18 16:00:00,1.26146,1.2619,1.26036,1.2610999999999999,2866
2025-02-18 17:00:00,1.2610999999999999,1.26112,1.25992,1.26001,2134
2025-02-18 18:00:00,1.26003,1.26034,1.2591999999999999,1.26011,1995
2025-02-18 19:00:00,1.26011,1.2606,1.25946,1.25974,1839
2025-02-18 20:00:00,1.25971,1.2607300000000001,1.25934,1.26065,1460
2025-02-18 21:00:00,1.26062,1.26136,1.2603,1.26115,1289
2025-02-18 22:00:00,1.2610999999999999,1.2622900000000001,1.26029,1.2622900000000001,1597
2025-02-18 23:00:00,1.26324,1.26339,1.26211,1.26238,1259
2025-02-19 00:00:00,1.26238,1.26274,1.26158,1.26166,1683
2025-02-19 01:00:00,1.2616800000000001,1.2619500000000001,1.26071,1.26136,2586
2025-02-19 02:00:00,1.2613400000000001,1.26174,1.26089,1.26155,2231
2025-02-19 03:00:00,1.26158,1.26162,1.26081,1.26155,1525
2025-02-19 04:00:00,1.26155,1.26169,1.26096,1.2616100000000001,1192
2025-02-19 05:00:00,1.2616100000000001,1.26242,1.2612999999999999,1.26238,1368
2025-02-19 06:00:00,1.26237,1.26276,1.26162,1.26176,2005
2025-02-19 07:00:00,1.26179,1.2635399999999999,1.26121,1.26175,3514
2025-02-19 08:00:00,1.26173,1.26292,1.26072,1.26125,3254
2025-02-19 09:00:00,1.26125,1.26223,1.26029,1.2604199999999999,2656
2025-02-19 10:00:00,1.26045,1.26055,1.25837,1.2591700000000001,2565
2025-02-19 11:00:00,1.25918,1.25961,1.25747,1.25839,3361
2025-02-19 12:00:00,1.25838,1.25904,1.2577099999999999,1.2586,2778
2025-02-19 13:00:00,1.2585899999999999,1.25964,1.25842,1.25908,2933
2025-02-19 14:00:00,1.25907,1.25937,1.2581,1.25918,3555
2025-02-19 15:00:00,1.2591999999999999,1.26061,1.25857,1.25891,4360
2025-02-19 16:00:00,1.2589000000000001,1.25896,1.2569,1.2570999999999999,3582
2025-02-19 17:00:00,1.25706,1.2575,1.25628,1.25726,2499
2025-02-19 18:00:00,1.25725,1.25789,1.25659,1.25749,2252
2025-02-19 19:00:00,1.25744,1.25899,1.25715,1.25836,2747
2025-02-19 20:00:00,1.25834,1.25876,1.2580200000000001,1.2587,1979
2025-02-19 21:00:00,1.25871,1.25875,1.25827,1.25827,873
2025-02-19 22:00:00,1.25824,1.25853,1.25709,1.25718,1241
2025-02-19 23:00:00,1.25805,1.25858,1.25783,1.2582499999999999,941
2025-02-20 00:00:00,1.25824,1.25928,1.25805,1.25918,1769
2025-02-20 01:00:00,1.2591700000000001,1.25937,1.25799,1.25828,2325
2025-02-20 02:00:00,1.2582900000000001,1.25948,1.25805,1.25937,2962
2025-02-20 03:00:00,1.25938,1.25946,1.25871,1.25918,1841
2025-02-20 04:00:00,1.2591700000000001,1.25945,1.2588300000000001,1.25938,1424
2025-02-20 05:00:00,1.25938,1.25991,1.25914,1.25934,1534
2025-02-20 06:00:00,1.25934,1.26013,1.25894,1.25896,1904
2025-02-20 07:00:00,1.25898,1.26021,1.25884,1.25946,2597
2025-02-20 08:00:00,1.2594400000000001,1.26155,1.2594400000000001,1.26077,3250
2025-02-20 09:00:00,1.26077,1.26155,1.26026,1.26135,2549
2025-02-20 10:00:00,1.2613400000000001,1.26193,1.26094,1.26162,2499
2025-02-20 11:00:00,1.2616399999999999,1.26167,1.25998,1.26082,2396
2025-02-20 12:00:00,1.26085,1.2617099999999999,1.25967,1.2599,3262
2025-02-20 13:00:00,1.2599,1.2622499999999999,1.2597800000000001,1.2612700000000001,3499
2025-02-20 14:00:00,1.26124,1.26239,1.26063,1.26131,4368
2025-02-20 15:00:00,1.26133,1.26432,1.26047,1.26399,5094
2025-02-20 16:00:00,1.26401,1.26486,1.26315,1.26417,3425
2025-02-20 17:00:00,1.26414,1.26599,1.26364,1.26516,2945
2025-02-20 18:00:00,1.26514,1.2662900000000001,1.26481,1.26607,2364
2025-02-20 19:00:00,1.26607,1.26699,1.2652700000000001,1.26692,2081
2025-02-20 20:00:00,1.26688,1.26707,1.26632,1.26699,1536
2025-02-20 21:00:00,1.26695,1.26706,1.26664,1.26678,811
2025-02-20 22:00:00,1.2668,1.2668,1.26556,1.26612,1039
2025-02-20 23:00:00,1.26661,1.26739,1.26644,1.26688,1244
2025-02-21 00:00:00,1.26689,1.26696,1.26576,1.2658800000000001,1550
2025-02-21 01:00:00,1.2658800000000001,1.26624,1.26533,1.26552,2344
2025-02-21 02:00:00,1.26553,1.26739,1.26552,1.26724,2478
2025-02-21 03:00:00,1.26724,1.2673,1.26664,1.26695,1858
2025-02-21 04:00:00,1.26695,1.26701,1.2662900000000001,1.26641,1198
2025-02-21 05:00:00,1.26639,1.2665,1.26563,1.26597,1792
2025-02-21 06:00:00,1.26596,1.26646,1.26566,1.266,2159
2025-02-21 07:00:00,1.26605,1.26783,1.26605,1.26688,3168
2025-02-21 08:00:00,1.26691,1.26707,1.2649599999999999,1.26593,3886
2025-02-21 09:00:00,1.26596,1.26631,1.26417,1.26497,3017
2025-02-21 10:00:00,1.26498,1.26562,1.2643900000000001,1.26467,2323
2025-02-21 11:00:00,1.26468,1.26547,1.26427,1.26445,2071
2025-02-21 12:00:00,1.26448,1.2647300000000001,1.26364,1.2639,2252
2025-02-21 13:00:00,1.26391,1.26516,1.26388,1.26454,2659
2025-02-21 14:00:00,1.26455,1.26681,1.2639,1.26556,4393
2025-02-21 15:00:00,1.26554,1.2659799999999999,1.26296,1.26377,4939
2025-02-21 16:00:00,1.26377,1.2648,1.2635399999999999,1.26437,3114
2025-02-21 17:00:00,1.26437,1.26492,1.2637,1.26446,2952
2025-02-21 18:00:00,1.26447,1.26449,1.26244,1.26341,3334
2025-02-21 19:00:00,1.26338,1.26382,1.26282,1.26307,2621
2025-02-21 20:00:00,1.26304,1.26362,1.26279,1.26305,2138
2025-02-21 21:00:00,1.26304,1.26348,1.26266,1.26335,1376
2025-02-23 22:00:00,1.26196,1.26334,1.26196,1.26328,701
2025-02-23 23:00:00,1.26423,1.26575,1.26367,1.26483,1841
2025-02-24 00:00:00,1.26487,1.26723,1.26438,1.26662,2597
2025-02-24 01:00:00,1.2665899999999999,1.26793,1.26611,1.26777,3408
2025-02-24 02:00:00,1.26777,1.26901,1.26769,1.26845,2959
2025-02-24 03:00:00,1.26845,1.26875,1.26766,1.2680500000000001,2189
2025-02-24 04:00:00,1.2680500000000001,1.2682,1.26729,1.26773,1402
2025-02-24 05:00:00,1.2677100000000001,1.2677100000000001,1.26704,1.26742,2054
2025-02-24 06:00:00,1.26738,1.26745,1.26572,1.2664900000000001,2124
2025-02-24 07:00:00,1.26653,1.26702,1.2637800000000001,1.2644,3805
2025-02-24 08:00:00,1.26444,1.2653400000000001,1.2629000000000001,1.26481,4206
2025-02-24 09:00:00,1.26478,1.2657,1.26251,1.26375,3590
2025-02-24 10:00:00,1.26373,1.26438,1.26258,1.26424,3029
2025-02-24 11:00:00,1.26424,1.26445,1.26339,1.26395,2462
2025-02-24 12:00:00,1.26392,1.26443,1.26315,1.26377,2301
2025-02-24 13:00:00,1.26377,1.26501,1.2634400000000001,1.26447,2965
2025-02-24 14:00:00,1.26445,1.26493,1.26115,1.2618,4104
2025-02-24 15:00:00,1.26179,1.2631000000000001,1.26147,1.262,4772
2025-02-24 16:00:00,1.26199,1.26406,1.26173,1.26388,3457
2025-02-24 17:00:00,1.26389,1.26483,1.26297,1.26398,3112
2025-02-24 18:00:00,1.26397,1.26505,1.26383,1.26431,2207
2025-02-24 19:00:00,1.2643,1.26475,1.26301,1.26321,2137
2025-02-24 20:00:00,1.26324,1.26364,1.26209,1.26221,3121
2025-02-24 21:00:00,1.2622,1.2627,1.26176,1.26223,988
2025-02-24 22:00:00,1.2622499999999999,1.26248,1.26175,1.26204,927
2025-02-24 23:00:00,1.26287,1.26287,1.26151,1.26166,1130
2025-02-25 00:00:00,1.26166,1.26214,1.26163,1.2619,1236
2025-02-25 01:00:00,1.2619,1.2622900000000001,1.26167,1.26227,1934
2025-02-25 02:00:00,1.26227,1.26346,1.26206,1.2634,2062
2025-02-25 03:00:00,1.26341,1.26357,1.26295,1.2631700000000001,1480
2025-02-25 04:00:00,1.26318,1.26376,1.26312,1.26326,1215
2025-02-25 05:00:00,1.26326,1.26383,1.26324,1.26366,1271
2025-02-25 06:00:00,1.26366,1.26385,1.26263,1.2631000000000001,1586
2025-02-25 07:00:00,1.26309,1.26318,1.26108,1.26128,3296
2025-02-25 08:00:00,1.2612700000000001,1.263,1.26053,1.26196,3795
2025-02-25 09:00:00,1.26197,1.26294,1.2618,1.26234,2966
2025-02-25 10:00:00,1.26235,1.26279,1.26151,1.26253,2507
2025-02-25 11:00:00,1.26253,1.26531,1.26242,1.26528,2515
2025-02-25 12:00:00,1.26526,1.26616,1.26468,1.26567,3189
2025-02-25 13:00:00,1.26565,1.2677399999999999,1.26547,1.26704,3297
2025-02-25 14:00:00,1.26704,1.2673,1.26599,1.2662,3736
2025-02-25 15:00:00,1.26624,1.26769,1.26507,1.26539,5249
2025-02-25 16:00:00,1.26541,1.2658800000000001,1.26459,1.2650000000000001,3906
2025-02-25 17:00:00,1.26498,1.2662900000000001,1.26401,1.2662900000000001,2886
2025-02-25 18:00:00,1.2662900000000001,1.26745,1.2659799999999999,1.26655,2762
2025-02-25 19:00:00,1.26651,1.267,1.26593,1.2669000000000001,2553
2025-02-25 20:00:00,1.26689,1.2677,1.2665600000000001,1.26699,2289
2025-02-25 21:00:00,1.26699,1.26726,1.26647,1.26661,969
2025-02-25 22:00:00,1.26662,1.26662,1.26584,1.2658800000000001,696
2025-02-25 23:00:00,1.26669,1.26755,1.26662,1.26714,1302
2025-02-26 00:00:00,1.26715,1.26775,1.26703,1.26753,1414
2025-02-26 01:00:00,1.26752,1.26752,1.26634,1.26642,2367
2025-02-26 02:00:00,1.26643,1.26666,1.26519,1.2655,2173
2025-02-26 03:00:00,1.2655,1.26573,1.2647599999999999,1.26493,1771
2025-02-26 04:00:00,1.26494,1.2650000000000001,1.26404,1.26409,1296
2025-02-26 05:00:00,1.2640799999999999,1.26424,1.2634699999999999,1.26382,1739
2025-02-26 06:00:00,1.26383,1.26494,1.2635399999999999,1.26478,1927
2025-02-26 07:00:00,1.26477,1.26567,1.26447,1.26479,3290
2025-02-26 08:00:00,1.26479,1.26641,1.26413,1.26511,3375
2025-02-26 09:00:00,1.26509,1.2659099999999999,1.26481,1.26533,2950
2025-02-26 10:00:00,1.26533,1.26577,1.2640500000000001,1.26448,2629
2025-02-26 11:00:00,1.26447,1.26507,1.26392,1.26479,2439
2025-02-26 12:00:00,1.26482,1.2656100000000001,1.26406,1.26431,2609
2025-02-26 13:00:00,1.26433,1.26644,1.26418,1.2653400000000001,3298
2025-02-26 14:00:00,1.2653400000000001,1.2667,1.2651,1.26648,3838
2025-02-26 15:00:00,1.26648,1.26984,1.26575,1.26939,4930
2025-02-26 16:00:00,1.26942,1.2708,1.26878,1.26936,4065
2025-02-26 17:00:00,1.26932,1.27154,1.26773,1.26843,6585
2025-02-26 18:00:00,1.26843,1.2696100000000001,1.2677399999999999,1.26811,3918
2025-02-26 19:00:00,1.2680799999999999,1.26872,1.2671999999999999,1.26834,3023
2025-02-26 20:00:00,1.26836,1.26843,1.2671700000000001,1.26745,2010
2025-02-26 21:00:00,1.26743,1.26769,1.26694,1.26735,1509
2025-02-26 22:00:00,1.26733,1.2677,1.26695,1.2675100000000001,708
2025-02-26 23:00:00,1.26769,1.26836,1.26743,1.26802,1121
2025-02-27 00:00:00,1.26802,1.26802,1.26634,1.26654,1683
2025-02-27 01:00:00,1.26655,1.26696,1.26603,1.26642,2166
2025-02-27 02:00:00,1.26642,1.26664,1.2659,1.26606,2191
2025-02-27 03:00:00,1.26608,1.26655,1.26556,1.26562,1648
2025-02-27 04:00:00,1.26565,1.26586,1.26498,1.26538,1812
2025-02-27 05:00:00,1.26539,1.26565,1.26512,1.26546,1802
2025-02-27 06:00:00,1.26549,1.26633,1.2653699999999999,1.2662200000000001,2010
2025-02-27 07:00:00,1.2662499999999999,1.26706,1.26576,1.26657,2633
2025-02-27 08:00:00,1.26661,1.26768,1.26633,1.2671299999999999,3228
2025-02-27 09:00:00,1.26714,1.26785,1.26667,1.2678099999999999,2824
2025-02-27 10:00:00,1.2678099999999999,1.26794,1.26657,1.26789,2597
2025-02-27 11:00:00,1.26791,1.26884,1.26692,1.26721,2416
2025-02-27 12:00:00,1.2671999999999999,1.26872,1.2665600000000001,1.26666,3253
2025-02-27 13:00:00,1.26665,1.2688,1.26281,1.26319,7940
2025-02-27 14:00:00,1.26322,1.26446,1.26214,1.2628300000000001,6143
2025-02-27 15:00:00,1.2628,1.26377,1.26217,1.26275,5445
2025-02-27 16:00:00,1.26278,1.26336,1.2615,1.26262,3556
2025-02-27 17:00:00,1.26266,1.26295,1.26085,1.26122,3040
2025-02-27 18:00:00,1.26124,1.26288,1.26124,1.26277,2735
2025-02-27 19:00:00,1.26277,1.26292,1.26044,1.26078,2746
2025-02-27 20:00:00,1.26077,1.26119,1.26037,1.26116,2674
2025-02-27 21:00:00,1.26123,1.26126,1.25976,1.25987,1281
2025-02-27 22:00:00,1.25986,1.26016,1.2593,1.25982,806
2025-02-27 23:00:00,1.26014,1.26059,1.25957,1.25962,1153
2025-02-28 00:00:00,1.25966,1.26071,1.25963,1.2606,1761
2025-02-28 01:00:00,1.26059,1.26099,1.25934,1.25942,2797
2025-02-28 02:00:00,1.25943,1.26004,1.2583199999999999,1.25833,2681
2025-02-28 03:00:00,1.25836,1.25885,1.25816,1.25842,2074
2025-02-28 04:00:00,1.25843,1.25867,1.25813,1.25826,1437
2025-02-28 05:00:00,1.25826,1.25858,1.25801,1.2585600000000001,1596
2025-02-28 06:00:00,1.2585600000000001,1.25857,1.25726,1.25794,2151
2025-02-28 07:00:00,1.2579,1.25953,1.25773,1.2588,3277
2025-02-28 08:00:00,1.25879,1.26033,1.25852,1.25995,3406
2025-02-28 09:00:00,1.25998,1.26065,1.25941,1.2594699999999999,2678
2025-02-28 10:00:00,1.25945,1.26038,1.25906,1.25923,2235
2025-02-28 11:00:00,1.25925,1.2597800000000001,1.25831,1.2594699999999999,2211
2025-02-28 12:00:00,1.2594699999999999,1.26013,1.25932,1.26003,2539
2025-02-28 13:00:00,1.2600500000000001,1.26099,1.25958,1.2602,3726
2025-02-28 14:00:00,1.26022,1.26095,1.25926,1.26024,4042
2025-02-28 15:00:00,1.26026,1.26215,1.2582499999999999,1.2591700000000001,5185
2025-02-28 16:00:00,1.2591999999999999,1.2598500000000001,1.2580200000000001,1.25881,4549
2025-02-28 17:00:00,1.25885,1.26043,1.2586,1.25897,4058
2025-02-28 18:00:00,1.25897,1.25907,1.256,1.2561499999999999,6136
2025-02-28 19:00:00,1.25613,1.2576399999999999,1.25589,1.25715,3371
2025-02-28 20:00:00,1.25717,1.25833,1.25679,1.25812,3552
2025-02-28 21:00:00,1.25808,1.2582900000000001,1.25751,1.2576800000000001,2914
2025-03-02 22:00:00,1.25688,1.25804,1.25678,1.25765,780
2025-03-02 23:00:00,1.25891,1.2608,1.2588,1.26016,2465
2025-03-03 00:00:00,1.2601499999999999,1.2610299999999999,1.25937,1.26018,2995
2025-03-03 01:00:00,1.26019,1.26132,1.26,1.26082,3235
2025-03-03 02:00:00,1.2608,1.2613400000000001,1.26043,1.26068,2241
2025-03-03 03:00:00,1.2606600000000001,1.2607,1.25964,1.26018,2540
2025-03-03 04:00:00,1.26018,1.2606899999999999,1.26003,1.26027,1466
2025-03-03 05:00:00,1.26025,1.2607300000000001,1.25997,1.26048,1658
2025-03-03 06:00:00,1.26048,1.26061,1.25942,1.25965,2249
2025-03-03 07:00:00,1.25964,1.26026,1.25904,1.2600799999999999,3240
2025-03-03 08:00:00,1.26004,1.2604600000000001,1.25818,1.25903,3753
2025-03-03 09:00:00,1.25906,1.26296,1.25896,1.2628300000000001,3332
2025-03-03 10:00:00,1.26285,1.26481,1.26281,1.26458,4193
2025-03-03 11:00:00,1.26462,1.26623,1.26411,1.2659799999999999,3647
2025-03-03 12:00:00,1.26597,1.26886,1.26592,1.26868,4558
2025-03-03 13:00:00,1.2687,1.26881,1.26728,1.26791,4216
2025-03-03 14:00:00,1.26792,1.27013,1.26722,1.2690299999999999,5022
2025-03-03 15:00:00,1.26888,1.27139,1.2683499999999999,1.2698,7167
2025-03-03 16:00:00,1.26984,1.27108,1.26943,1.27081,4214
2025-03-03 17:00:00,1.2707899999999999,1.27175,1.27039,1.27156,2801
2025-03-03 18:00:00,1.27155,1.27245,1.27009,1.2705899999999999,4350
2025-03-03 19:00:00,1.27058,1.27097,1.26867,1.26905,5230
2025-03-03 20:00:00,1.26907,1.26983,1.26797,1.26968,5907
2025-03-03 21:00:00,1.26965,1.27069,1.2695699999999999,1.27003,1664
2025-03-03 22:00:00,1.26996,1.27007,1.26939,1.26946,853
2025-03-03 23:00:00,1.27028,1.27093,1.26975,1.2701,1559
2025-03-04 00:00:00,1.2701,1.27042,1.2687599999999999,1.26992,2752
2025-03-04 01:00:00,1.2698800000000001,1.27081,1.26926,1.2697,3536
2025-03-04 02:00:00,1.2697,1.26992,1.26883,1.26885,2632
2025-03-04 03:00:00,1.26885,1.26942,1.26844,1.26871,2218
2025-03-04 04:00:00,1.26871,1.26959,1.26783,1.26935,2059
2025-03-04 05:00:00,1.26933,1.2699,1.2683,1.26951,3210
2025-03-04 06:00:00,1.2695,1.27024,1.2688,1.26979,2440
2025-03-04 07:00:00,1.26982,1.27087,1.26908,1.27034,4006
2025-03-04 08:00:00,1.27032,1.2723499999999999,1.26922,1.27192,5210
2025-03-04 09:00:00,1.2719,1.27404,1.27097,1.27244,4038
2025-03-04 10:00:00,1.2724199999999999,1.27279,1.27041,1.27221,3502
2025-03-04 11:00:00,1.27218,1.27412,1.2708300000000001,1.27397,3845
2025-03-04 12:00:00,1.27399,1.27515,1.27325,1.27462,4435
2025-03-04 13:00:00,1.27462,1.27533,1.27199,1.27222,5427
2025-03-04 14:00:00,1.27219,1.27309,1.27067,1.27093,6604
2025-03-04 15:00:00,1.2709,1.27217,1.26993,1.27157,6260
2025-03-04 16:00:00,1.27155,1.27302,1.27037,1.27246,5110
2025-03-04 17:00:00,1.27249,1.27453,1.27247,1.27431,5217
2025-03-04 18:00:00,1.2743,1.27759,1.27407,1.27744,5805
2025-03-04 19:00:00,1.27742,1.2788300000000001,1.27742,1.27867,4446
2025-03-04 20:00:00,1.27868,1.27992,1.27829,1.27835,4568
2025-03-04 21:00:00,1.27838,1.27989,1.27831,1.27938,3718
2025-03-04 22:00:00,1.27936,1.27936,1.27841,1.27841,962
2025-03-04 23:00:00,1.2789,1.27966,1.27862,1.27948,1838
2025-03-05 00:00:00,1.2794699999999999,1.27949,1.27837,1.27878,2603
2025-03-05 01:00:00,1.27881,1.27956,1.27762,1.27767,4840
2025-03-05 02:00:00,1.27769,1.27824,1.2769,1.27702,3346
2025-03-05 03:00:00,1.27698,1.27866,1.27673,1.2786,3462
2025-03-05 04:00:00,1.2786,1.27945,1.27848,1.27866,2142
2025-03-05 05:00:00,1.27868,1.27965,1.27867,1.27949,2071
2025-03-05 06:00:00,1.2794699999999999,1.28022,1.27865,1.27965,2832
2025-03-05 07:00:00,1.2796699999999999,1.28212,1.2795,1.282,4935
2025-03-05 08:00:00,1.28198,1.2852299999999999,1.28143,1.2842799999999999,5856
2025-03-05 09:00:00,1.2842500000000001,1.28542,1.2834699999999999,1.28356,5153
2025-03-05 10:00:00,1.28353,1.28409,1.28169,1.2830599999999999,3756
2025-03-05 11:00:00,1.28308,1.28355,1.28169,1.28232,3370
2025-03-05 12:00:00,1.28233,1.28429,1.28105,1.28125,4256
2025-03-05 13:00:00,1.2812700000000001,1.28269,1.28036,1.2822200000000001,7228
2025-03-05 14:00:00,1.28219,1.28696,1.2818800000000001,1.28681,6993
2025-03-05 15:00:00,1.28674,1.28727,1.28521,1.28665,8608
2025-03-05 16:00:00,1.28662,1.28797,1.28543,1.28602,7443
2025-03-05 17:00:00,1.286,1.28807,1.28563,1.28789,5285
2025-03-05 18:00:00,1.2879,1.28887,1.28636,1.28875,6442
2025-03-05 19:00:00,1.28877,1.28972,1.28837,1.28963,3244
2025-03-05 20:00:00,1.2896,1.29003,1.2894999999999999,1.28996,2331
2025-03-05 21:00:00,1.28994,1.28994,1.28908,1.28924,1486
2025-03-05 22:00:00,1.28926,1.28936,1.2886600000000001,1.2886600000000001,1851
2025-03-05 23:00:00,1.28909,1.28946,1.28869,1.2889300000000001,1306
2025-03-06 00:00:00,1.28891,1.29,1.2886199999999999,1.28922,2335
2025-03-06 01:00:00,1.28918,1.29074,1.28892,1.29046,2981
2025-03-06 02:00:00,1.2904900000000001,1.29082,1.2891599999999999,1.28967,2896
2025-03-06 03:00:00,1.28969,1.2897,1.2885499999999999,1.2885900000000001,2238
2025-03-06 04:00:00,1.2885900000000001,1.2901099999999999,1.2882500000000001,1.29007,1720
2025-03-06 05:00:00,1.2900800000000001,1.29035,1.28945,1.2901500000000001,2189
2025-03-06 06:00:00,1.2901500000000001,1.29126,1.28946,1.28987,2743
2025-03-06 07:00:00,1.28987,1.2923200000000001,1.28901,1.29084,5045
2025-03-06 08:00:00,1.29085,1.29139,1.28908,1.28946,6487
2025-03-06 09:00:00,1.28944,1.2904900000000001,1.28687,1.28761,5365
2025-03-06 10:00:00,1.28761,1.2883200000000001,1.28656,1.28731,4280
2025-03-06 11:00:00,1.28729,1.28856,1.28685,1.28789,3630
2025-03-06 12:00:00,1.28786,1.28971,1.28746,1.28856,4002
2025-03-06 13:00:00,1.28854,1.28972,1.2878,1.28962,6542
2025-03-06 14:00:00,1.28964,1.29062,1.2879800000000001,1.2901799999999999,8351
2025-03-06 15:00:00,1.29016,1.29182,1.28815,1.289,7807
2025-03-06 16:00:00,1.28901,1.29136,1.28876,1.28936,6570
2025-03-06 17:00:00,1.28934,1.2901500000000001,1.2882,1.28875,4266
2025-03-06 18:00:00,1.28872,1.28999,1.2876400000000001,1.28853,3825
2025-03-06 19:00:00,1.28851,1.29027,1.28818,1.28933,3517
2025-03-06 20:00:00,1.28932,1.28951,1.2877,1.28776,3196
2025-03-06 21:00:00,1.28778,1.28837,1.28704,1.28793,1439
2025-03-06 22:00:00,1.28789,1.28808,1.28741,1.2879,736
2025-03-06 23:00:00,1.28805,1.28892,1.28803,1.28831,1205
2025-03-07 00:00:00,1.28827,1.2889,1.28797,1.28816,1878
2025-03-07 01:00:00,1.28818,1.2886199999999999,1.28756,1.28834,2301
2025-03-07 02:00:00,1.28833,1.28899,1.28766,1.2885499999999999,2186
2025-03-07 03:00:00,1.28853,1.28922,1.28829,1.28867,2189
2025-03-07 04:00:00,1.28867,1.28905,1.28823,1.28854,1460
2025-03-07 05:00:00,1.28854,1.28904,1.28814,1.2884,1923
2025-03-07 06:00:00,1.28841,1.28989,1.2879399999999999,1.28965,2570
2025-03-07 07:00:00,1.28966,1.2910599999999999,1.28909,1.29039,3343
2025-03-07 08:00:00,1.2904200000000001,1.29272,1.29012,1.2920099999999999,4016
2025-03-07 09:00:00,1.2920099999999999,1.29444,1.29144,1.29379,3607
2025-03-07 10:00:00,1.2937699999999999,1.29423,1.29168,1.29197,3079
2025-03-07 11:00:00,1.2919399999999999,1.29234,1.29104,1.2919399999999999,2807
2025-03-07 12:00:00,1.29193,1.29197,1.29025,1.291,3803
2025-03-07 13:00:00,1.2910300000000001,1.29395,1.29019,1.29021,8970
2025-03-07 14:00:00,1.29019,1.29311,1.29012,1.29195,7902
2025-03-07 15:00:00,1.2919800000000001,1.29368,1.29001,1.29222,8961
2025-03-07 16:00:00,1.2923,1.29292,1.29048,1.29145,5240
2025-03-07 17:00:00,1.29147,1.292,1.28942,1.29067,5652
2025-03-07 18:00:00,1.29068,1.2912,1.2896,1.29108,3991
2025-03-07 19:00:00,1.2910599999999999,1.2921,1.29054,1.29203,3424
2025-03-07 20:00:00,1.29205,1.2925900000000001,1.29181,1.2924,3006
2025-03-07 21:00:00,1.29238,1.29292,1.292,1.29213,2142
2025-03-09 21:00:00,1.29066,1.29156,1.28961,1.2913700000000001,826
2025-03-09 22:00:00,1.29177,1.29326,1.29162,1.29304,2512
2025-03-09 23:00:00,1.29308,1.29378,1.2925200000000001,1.29315,2484
2025-03-10 00:00:00,1.29315,1.29431,1.29302,1.29375,2868
2025-03-10 01:00:00,1.2937400000000001,1.29454,1.29268,1.29283,2682
2025-03-10 02:00:00,1.29282,1.29306,1.2910300000000001,1.29121,2175
2025-03-10 03:00:00,1.2912,1.29165,1.29093,1.29112,1980
2025-03-10 04:00:00,1.29112,1.29155,1.29068,1.2906900000000001,1438
2025-03-10 05:00:00,1.2906900000000001,1.29125,1.29048,1.29124,1883
2025-03-10 06:00:00,1.29125,1.29222,1.29104,1.29141,2544
2025-03-10 07:00:00,1.29141,1.292,1.28883,1.28951,4090
2025-03-10 08:00:00,1.2895400000000001,1.28971,1.28734,1.28777,5049
2025-03-10 09:00:00,1.28775,1.29126,1.2873700000000001,1.29086,4436
2025-03-10 10:00:00,1.29088,1.29302,1.29088,1.29208,4481
2025-03-10 11:00:00,1.29204,1.29334,1.29014,1.29223,6275
2025-03-10 12:00:00,1.2922500000000001,1.29452,1.292,1.29331,4036
2025-03-10 13:00:00,1.29334,1.29463,1.29211,1.2925,5065
2025-03-10 14:00:00,1.29248,1.29253,1.29068,1.2917,5485
2025-03-10 15:00:00,1.29172,1.292,1.2898100000000001,1.29046,4727
2025-03-10 16:00:00,1.29047,1.29095,1.28849,1.2894,3670
2025-03-10 17:00:00,1.28941,1.28945,1.2877100000000001,1.2877100000000001,3090
2025-03-10 18:00:00,1.28769,1.28807,1.28617,1.28693,3632
2025-03-10 19:00:00,1.28692,1.2877399999999999,1.28607,1.28765,2978
2025-03-10 20:00:00,1.28766,1.28792,1.28641,1.2876699999999999,1666
2025-03-10 21:00:00,1.2876,1.28781,1.28711,1.28727,811
2025-03-10 22:00:00,1.28769,1.28787,1.28715,1.28735,1367
2025-03-10 23:00:00,1.28735,1.28807,1.28718,1.28747,1869
2025-03-11 00:00:00,1.28748,1.28881,1.28738,1.28853,2718
2025-03-11 01:00:00,1.28854,1.28902,1.28757,1.28891,3112
2025-03-11 02:00:00,1.28892,1.28932,1.28824,1.2888600000000001,2788
2025-03-11 03:00:00,1.2888600000000001,1.2894700000000001,1.28854,1.28897,2547
2025-03-11 04:00:00,1.2889300000000001,1.28977,1.2885900000000001,1.28941,1848
2025-03-11 05:00:00,1.28941,1.28955,1.28728,1.2876,2258
2025-03-11 06:00:00,1.28762,1.2903,1.2873700000000001,1.28936,4097
2025-03-11 07:00:00,1.28939,1.29175,1.289,1.29085,4913
2025-03-11 08:00:00,1.29088,1.29368,1.29051,1.2929300000000001,4935
2025-03-11 09:00:00,1.2929300000000001,1.29412,1.29229,1.29343,3675
2025-03-11 10:00:00,1.29341,1.29341,1.2923200000000001,1.29265,3208
2025-03-11 11:00:00,1.29263,1.29367,1.29187,1.29243,3375
2025-03-11 12:00:00,1.29243,1.29517,1.29209,1.29444,4217
2025-03-11 13:00:00,1.2944499999999999,1.2946900000000001,1.29284,1.29322,4744
2025-03-11 14:00:00,1.29325,1.29344,1.29173,1.29305,7333
2025-03-11 15:00:00,1.29304,1.29563,1.29281,1.29454,5142
2025-03-11 16:00:00,1.29452,1.29452,1.29361,1.29369,3618
2025-03-11 17:00:00,1.29366,1.29494,1.29331,1.29493,3486
2025-03-11 18:00:00,1.29495,1.29654,1.29473,1.29595,4448
2025-03-11 19:00:00,1.29597,1.29651,1.2951,1.29519,3492
2025-03-11 20:00:00,1.29518,1.29522,1.29453,1.29493,1416
2025-03-11 21:00:00,1.29484,1.29496,1.29334,1.29436,1009
2025-03-11 22:00:00,1.29373,1.2947199999999999,1.29373,1.2945,969
2025-03-11 23:00:00,1.29482,1.295,1.29428,1.2943500000000001,1182
2025-03-12 00:00:00,1.2943799999999999,1.29459,1.29309,1.29356,1625
2025-03-12 01:00:00,1.29356,1.2943,1.29336,1.29367,2140
2025-03-12 02:00:00,1.29368,1.29423,1.2932299999999999,1.29332,1825
2025-03-12 03:00:00,1.2933,1.2934999999999999,1.29219,1.29222,1531
2025-03-12 04:00:00,1.29222,1.2926,1.2919,1.29234,1438
2025-03-12 05:00:00,1.29236,1.29311,1.29199,1.29306,1719
2025-03-12 06:00:00,1.29308,1.29325,1.29148,1.2916,2220
2025-03-12 07:00:00,1.29162,1.2932000000000001,1.2913000000000001,1.29281,3326
2025-03-12 08:00:00,1.29279,1.29417,1.29229,1.29416,4645
2025-03-12 09:00:00,1.2941500000000001,1.29453,1.29332,1.29341,3288
2025-03-12 10:00:00,1.29339,1.29436,1.2929,1.29334,2895
2025-03-12 11:00:00,1.29332,1.29607,1.29329,1.29439,3359
2025-03-12 12:00:00,1.29439,1.29881,1.2937699999999999,1.29426,8374
2025-03-12 13:00:00,1.29428,1.29551,1.29269,1.29345,6391
2025-03-12 14:00:00,1.29344,1.29478,1.2924,1.29458,4264
2025-03-12 15:00:00,1.29457,1.29679,1.2941099999999999,1.29677,4158
2025-03-12 16:00:00,1.29672,1.2982,1.2964,1.29722,3433
2025-03-12 17:00:00,1.2972299999999999,1.29803,1.2965200000000001,1.29667,2853
2025-03-12 18:00:00,1.29665,1.29729,1.29631,1.2967,2498
2025-03-12 19:00:00,1.29672,1.29722,1.2962500000000001,1.29668,2384
2025-03-12 20:00:00,1.29672,1.29702,1.29597,1.29614,1144
2025-03-12 21:00:00,1.29617,1.29623,1.2958,1.2959,781
2025-03-12 22:00:00,1.29623,1.29669,1.29623,1.29657,718
2025-03-12 23:00:00,1.29657,1.29672,1.29602,1.29639,910
2025-03-13 00:00:00,1.2964,1.2968199999999999,1.296,1.2967,1367
2025-03-13 01:00:00,1.29665,1.297,1.2962,1.2966199999999999,2104
2025-03-13 02:00:00,1.29664,1.29729,1.29658,1.29698,1544
2025-03-13 03:00:00,1.29698,1.29698,1.29572,1.29573,1541
2025-03-13 04:00:00,1.29571,1.29624,1.29539,1.29617,1338
2025-03-13 05:00:00,1.29618,1.2962099999999999,1.29519,1.29583,1721
2025-03-13 06:00:00,1.29583,1.2959800000000001,1.29461,1.29508,2520
2025-03-13 07:00:00,1.29505,1.29583,1.2941,1.29526,3224
2025-03-13 08:00:00,1.29529,1.29656,1.2940800000000001,1.29475,4449
2025-03-13 09:00:00,1.29473,1.2959800000000001,1.2943500000000001,1.29592,2975
2025-03-13 10:00:00,1.29593,1.29632,1.29478,1.29556,3085
2025-03-13 11:00:00,1.29559,1.29578,1.2926,1.29317,4359
2025-03-13 12:00:00,1.29315,1.29677,1.29273,1.2932299999999999,5458
2025-03-13 13:00:00,1.2932299999999999,1.29447,1.29203,1.29366,4497
2025-03-13 14:00:00,1.29364,1.29597,1.2935699999999999,1.2955999999999999,4708
2025-03-13 15:00:00,1.2956400000000001,1.2958,1.29349,1.29433,5128
2025-03-13 16:00:00,1.29431,1.29582,1.29363,1.29463,3441
2025-03-13 17:00:00,1.29465,1.29473,1.29356,1.29397,3177
2025-03-13 18:00:00,1.29395,1.2953299999999999,1.29387,1.29515,2267
2025-03-13 19:00:00,1.29512,1.2953299999999999,1.29413,1.29439,2364
2025-03-13 20:00:00,1.2944,1.29556,1.29423,1.29488,1168
2025-03-13 21:00:00,1.29485,1.29508,1.2941500000000001,1.2941500000000001,709
2025-03-13 22:00:00,1.29497,1.29572,1.29467,1.29512,882
2025-03-13 23:00:00,1.29512,1.29568,1.29481,1.29562,1165
2025-03-14 00:00:00,1.2955999999999999,1.29585,1.29444,1.29448,1899
2025-03-14 01:00:00,1.29448,1.29485,1.294,1.2941500000000001,2318
2025-03-14 02:00:00,1.29412,1.2944200000000001,1.29353,1.29397,2015
2025-03-14 03:00:00,1.29395,1.29467,1.29383,1.2943799999999999,2125
2025-03-14 04:00:00,1.2943799999999999,1.2945,1.29362,1.29407,1670
2025-03-14 05:00:00,1.29404,1.29492,1.29393,1.29486,1929
2025-03-14 06:00:00,1.29483,1.29484,1.29361,1.2939,2293
2025-03-14 07:00:00,1.2937699999999999,1.29392,1.29168,1.2925,4079
2025-03-14 08:00:00,1.29248,1.294,1.29208,1.29326,3540
2025-03-14 09:00:00,1.29327,1.29351,1.29195,1.29277,3571
2025-03-14 10:00:00,1.29275,1.29536,1.29238,1.29416,5231
2025-03-14 11:00:00,1.29412,1.29461,1.29312,1.29388,4714
2025-03-14 12:00:00,1.29385,1.29523,1.2937,1.2941500000000001,3712
2025-03-14 13:00:00,1.2941099999999999,1.29437,1.29331,1.29396,4079
2025-03-14 14:00:00,1.29392,1.29454,1.29229,1.29258,4958
2025-03-14 15:00:00,1.29257,1.29343,1.29102,1.29148,4187
2025-03-14 16:00:00,1.29146,1.29269,1.29119,1.29247,3144
2025-03-14 17:00:00,1.29244,1.2932299999999999,1.2924,1.29278,2237
2025-03-14 18:00:00,1.29277,1.2933,1.29277,1.2931300000000001,1755
2025-03-14 19:00:00,1.29312,1.29359,1.2927,1.2934999999999999,1506
2025-03-14 20:00:00,1.29345,1.2938399999999999,1.29308,1.29342,1665
2025-03-16 21:00:00,1.2925200000000001,1.29278,1.29115,1.29203,760
2025-03-16 22:00:00,1.29204,1.2935400000000001,1.29204,1.29304,1595
2025-03-16 23:00:00,1.29306,1.29345,1.29261,1.29268,1304
2025-03-17 00:00:00,1.2927,1.29334,1.29266,1.29291,1581
2025-03-17 01:00:00,1.29291,1.29439,1.29281,1.29379,2127
2025-03-17 02:00:00,1.29379,1.29404,1.29339,1.2934999999999999,1592
2025-03-17 03:00:00,1.29346,1.29379,1.29302,1.29356,1383
2025-03-17 04:00:00,1.29356,1.29448,1.29306,1.29345,1664
2025-03-17 05:00:00,1.29345,1.2935400000000001,1.29287,1.29343,1426
2025-03-17 06:00:00,1.29343,1.29373,1.29276,1.2929,1662
2025-03-17 07:00:00,1.2929,1.294,1.29283,1.29358,2932
2025-03-17 08:00:00,1.29355,1.29459,1.29299,1.29416,3158
2025-03-17 09:00:00,1.29417,1.29572,1.29402,1.29525,2588
2025-03-17 10:00:00,1.29528,1.29732,1.2950300000000001,1.29708,2483
2025-03-17 11:00:00,1.29708,1.29769,1.29643,1.29704,2319
2025-03-17 12:00:00,1.29705,1.29766,1.29586,1.2971,4000
2025-03-17 13:00:00,1.2971,1.29822,1.29679,1.2979,3553
2025-03-17 14:00:00,1.2979,1.2983,1.29672,1.29818,3227
2025-03-17 15:00:00,1.29814,1.29947,1.2978399999999999,1.2984,2905
2025-03-17 16:00:00,1.29841,1.2993000000000001,1.2981099999999999,1.299,2186
2025-03-17 17:00:00,1.29901,1.29935,1.29847,1.29904,1856
2025-03-17 18:00:00,1.29902,1.29986,1.29888,1.2995999999999999,2023
2025-03-17 19:00:00,1.29958,1.29961,1.29904,1.29911,1351
2025-03-17 20:00:00,1.29915,1.29976,1.2987,1.29892,1174
2025-03-17 21:00:00,1.29887,1.29898,1.29789,1.29789,733
2025-03-17 22:00:00,1.29879,1.2991,1.29859,1.29873,779
2025-03-17 23:00:00,1.29873,1.29885,1.29837,1.29837,754
2025-03-18 00:00:00,1.29837,1.29871,1.29818,1.2983,1268
2025-03-18 01:00:00,1.29829,1.29868,1.29807,1.29813,1615
2025-03-18 02:00:00,1.29813,1.29823,1.29736,1.29739,1404
2025-03-18 03:00:00,1.29739,1.29755,1.29704,1.29735,1062
2025-03-18 04:00:00,1.29735,1.29776,1.29732,1.29771,934
2025-03-18 05:00:00,1.29771,1.29796,1.29736,1.29738,1093
2025-03-18 06:00:00,1.29742,1.29803,1.29674,1.29796,1797
2025-03-18 07:00:00,1.29799,1.29886,1.29773,1.29863,2278
2025-03-18 08:00:00,1.29863,1.30044,1.29858,1.2995999999999999,2940
2025-03-18 09:00:00,1.29962,1.30033,1.29851,1.30007,2606
2025-03-18 10:00:00,1.30009,1.3002099999999999,1.2987,1.29898,2923
2025-03-18 11:00:00,1.299,1.29915,1.2964,1.29648,2656
2025-03-18 12:00:00,1.29649,1.29749,1.29511,1.2969300000000001,3380
2025-03-18 13:00:00,1.29694,1.29769,1.2953299999999999,1.29667,3842
2025-03-18 14:00:00,1.29671,1.2977400000000001,1.29618,1.2968600000000001,4178
2025-03-18 15:00:00,1.2968899999999999,1.29922,1.29556,1.2983500000000001,4458
2025-03-18 16:00:00,1.29837,1.29986,1.29768,1.29985,3298
2025-03-18 17:00:00,1.29983,1.3007,1.29966,1.30042,2846
2025-03-18 18:00:00,1.30046,1.30078,1.29992,1.30044,2077
2025-03-18 19:00:00,1.30039,1.30095,1.30013,1.3005499999999999,1701
2025-03-18 20:00:00,1.30053,1.30061,1.29999,1.3,939
2025-03-18 21:00:00,1.2999399999999999,1.3,1.29912,1.29912,571
2025-03-18 22:00:00,1.30009,1.30036,1.29984,1.3000099999999999,675
2025-03-18 23:00:00,1.30002,1.30031,1.29984,1.29997,716
2025-03-19 00:00:00,1.2999399999999999,1.30014,1.29938,1.29956,1381
2025-03-19 01:00:00,1.29959,1.2996699999999999,1.29917,1.2993700000000001,1371
2025-03-19 02:00:00,1.29935,1.30026,1.29925,1.29982,1237
2025-03-19 03:00:00,1.29982,1.3001,1.29885,1.2993999999999999,1175
2025-03-19 04:00:00,1.29938,1.29939,1.29856,1.2987199999999999,1052
2025-03-19 05:00:00,1.29873,1.29907,1.29812,1.29841,1320
2025-03-19 06:00:00,1.29839,1.29868,1.29766,1.29772,1772
2025-03-19 07:00:00,1.29771,1.29793,1.29569,1.29705,4226
2025-03-19 08:00:00,1.29706,1.29805,1.29648,1.29734,3607
2025-03-19 09:00:00,1.29735,1.29792,1.29636,1.29718,2676
2025-03-19 10:00:00,1.29719,1.29721,1.29568,1.29648,2528
2025-03-19 11:00:00,1.29648,1.29819,1.29596,1.29761,2983
2025-03-19 12:00:00,1.29763,1.29819,1.29643,1.2966,2909
2025-03-19 13:00:00,1.2966,1.29672,1.29545,1.2965499999999999,3334
2025-03-19 14:00:00,1.29657,1.29738,1.2962,1.29664,2971
2025-03-19 15:00:00,1.29663,1.29715,1.29614,1.29658,2789
2025-03-19 16:00:00,1.29658,1.29755,1.29656,1.29734,2161
2025-03-19 17:00:00,1.29736,1.2974,1.29554,1.29642,2532
2025-03-19 18:00:00,1.29664,1.301,1.29606,1.3006199999999999,6918
2025-03-19 19:00:00,1.3006,1.30108,1.29817,1.29965,4562
2025-03-19 20:00:00,1.2996400000000001,1.30049,1.29925,1.30014,1412
2025-03-19 21:00:00,1.30013,1.30027,1.2989600000000001,1.29916,998
2025-03-19 22:00:00,1.30041,1.3011300000000001,1.30007,1.3005499999999999,911
2025-03-19 23:00:00,1.3005499999999999,1.301,1.30026,1.30096,933
2025-03-20 00:00:00,1.30096,1.30145,1.29981,1.3008600000000001,1900
2025-03-20 01:00:00,1.3008600000000001,1.30093,1.3001,1.30024,1922
2025-03-20 02:00:00,1.30023,1.30128,1.30019,1.3005900000000001,1817
2025-03-20 03:00:00,1.3005900000000001,1.30106,1.30045,1.30071,1327
2025-03-20 04:00:00,1.30071,1.30081,1.29999,1.30016,1146
2025-03-20 05:00:00,1.30015,1.30016,1.29904,1.29944,1146
2025-03-20 06:00:00,1.29944,1.2995999999999999,1.29847,1.29863,1817
2025-03-20 07:00:00,1.29864,1.29908,1.2962099999999999,1.2971300000000001,3188
2025-03-20 08:00:00,1.29715,1.29792,1.29668,1.2971599999999999,3314
2025-03-20 09:00:00,1.29714,1.29719,1.29453,1.29547,3845
2025-03-20 10:00:00,1.29549,1.2957,1.2935699999999999,1.29527,4016
2025-03-20 11:00:00,1.2953000000000001,1.2964,1.29457,1.29542,3310
2025-03-20 12:00:00,1.29543,1.29788,1.29482,1.29507,4672
2025-03-20 13:00:00,1.2950599999999999,1.29578,1.29353,1.29523,4366
2025-03-20 14:00:00,1.29522,1.29667,1.29515,1.2965,3872
2025-03-20 15:00:00,1.29651,1.29735,1.29524,1.29722,3383
2025-03-20 16:00:00,1.29724,1.29729,1.29617,1.29647,2623
2025-03-20 17:00:00,1.29647,1.29697,1.2955999999999999,1.29609,2002
2025-03-20 18:00:00,1.29607,1.29623,1.2955999999999999,1.2959800000000001,1781
2025-03-20 19:00:00,1.29596,1.29665,1.29596,1.29654,1560
2025-03-20 20:00:00,1.29657,1.29688,1.29623,1.29661,901
2025-03-20 21:00:00,1.2966,1.29675,1.2956400000000001,1.29615,889
2025-03-20 22:00:00,1.29696,1.29701,1.29627,1.29657,922
2025-03-20 23:00:00,1.29656,1.29694,1.29637,1.29648,772
2025-03-21 00:00:00,1.29647,1.297,1.29603,1.29634,1349
2025-03-21 01:00:00,1.29634,1.29678,1.29589,1.29634,1622
2025-03-21 02:00:00,1.29633,1.29661,1.2956400000000001,1.29587,1637
2025-03-21 03:00:00,1.29589,1.29596,1.2944499999999999,1.29457,1407
2025-03-21 04:00:00,1.29457,1.2947,1.29373,1.29396,1320
2025-03-21 05:00:00,1.29395,1.29395,1.29249,1.29292,1877
2025-03-21 06:00:00,1.29294,1.29363,1.29243,1.2934700000000001,1963
2025-03-21 07:00:00,1.2934999999999999,1.29447,1.29294,1.29349,3027
2025-03-21 08:00:00,1.2934700000000001,1.2941,1.29217,1.29402,3381
2025-03-21 09:00:00,1.29399,1.29428,1.29318,1.29328,2269
2025-03-21 10:00:00,1.2933,1.29468,1.29325,1.29432,2440
2025-03-21 11:00:00,1.29432,1.29467,1.29376,1.29448,2539
2025-03-21 12:00:00,1.2945,1.29551,1.29325,1.29359,3186
2025-03-21 13:00:00,1.29358,1.29366,1.29227,1.29363,3730
2025-03-21 14:00:00,1.29366,1.29386,1.2925900000000001,1.29333,3580
2025-03-21 15:00:00,1.29334,1.2937400000000001,1.28931,1.28931,3971
2025-03-21 16:00:00,1.28931,1.29202,1.28873,1.292,4151
2025-03-21 17:00:00,1.29199,1.2928899999999999,1.29083,1.29222,2251
2025-03-21 18:00:00,1.29222,1.29291,1.29138,1.2926199999999999,1862
2025-03-21 19:00:00,1.2926,1.29287,1.29168,1.29185,1404
2025-03-21 20:00:00,1.29182,1.29205,1.29105,1.2917399999999999,1771
2025-03-23 21:00:00,1.28784,1.29013,1.28784,1.29,649
2025-03-23 22:00:00,1.29067,1.29226,1.29064,1.29138,1480
2025-03-23 23:00:00,1.29141,1.29256,1.29111,1.29246,1408
2025-03-24 00:00:00,1.29244,1.29338,1.29214,1.29329,1830
2025-03-24 01:00:00,1.29328,1.29344,1.29195,1.29237,2190
2025-03-24 02:00:00,1.29238,1.29299,1.29227,1.29237,1736
2025-03-24 03:00:00,1.29236,1.29288,1.29122,1.29134,1639
2025-03-24 04:00:00,1.29135,1.2919,1.29108,1.29163,1536
2025-03-24 05:00:00,1.29162,1.2924,1.29123,1.29227,1798
2025-03-24 06:00:00,1.29224,1.29489,1.29218,1.29427,2219
2025-03-24 07:00:00,1.29427,1.29518,1.29385,1.29471,2958
2025-03-24 08:00:00,1.2947199999999999,1.2957,1.29437,1.29521,3529
2025-03-24 09:00:00,1.29523,1.29645,1.29392,1.2960099999999999,3580
2025-03-24 10:00:00,1.2960099999999999,1.29739,1.29571,1.2965499999999999,3130
2025-03-24 11:00:00,1.2965900000000001,1.29666,1.29427,1.29444,2622
2025-03-24 12:00:00,1.29441,1.2949899999999999,1.29399,1.29432,3210
2025-03-24 13:00:00,1.29433,1.29446,1.2917399999999999,1.29179,3817
2025-03-24 14:00:00,1.29176,1.29494,1.29132,1.29271,4880
2025-03-24 15:00:00,1.29273,1.29275,1.29075,1.29115,3831
2025-03-24 16:00:00,1.29114,1.29238,1.28952,1.29031,3506
2025-03-24 17:00:00,1.2903,1.2912,1.28999,1.2910300000000001,2504
2025-03-24 18:00:00,1.29098,1.293,1.29046,1.29253,3016
2025-03-24 19:00:00,1.29256,1.29283,1.29179,1.29214,1925
2025-03-24 20:00:00,1.29209,1.29271,1.2919100000000001,1.29218,1027
2025-03-24 21:00:00,1.29221,1.29221,1.29163,1.29181,819
2025-03-24 22:00:00,1.29223,1.29241,1.2916400000000001,1.29202,766
2025-03-24 23:00:00,1.2920099999999999,1.2923499999999999,1.29184,1.29226,718
2025-03-25 00:00:00,1.29226,1.29226,1.29155,1.2917,1285
2025-03-25 01:00:00,1.2916699999999999,1.29253,1.29158,1.29209,1696
2025-03-25 02:00:00,1.29207,1.29236,1.29114,1.29134,1607
2025-03-25 03:00:00,1.2913299999999999,1.29246,1.29122,1.29242,1465
2025-03-25 04:00:00,1.29244,1.29283,1.29211,1.2923,1454
2025-03-25 05:00:00,1.2922799999999999,1.29278,1.2921,1.29223,1080
2025-03-25 06:00:00,1.29222,1.29229,1.29138,1.29146,1591
2025-03-25 07:00:00,1.29143,1.29229,1.29024,1.29056,2649
2025-03-25 08:00:00,1.29059,1.29149,1.29013,1.29121,3368
2025-03-25 09:00:00,1.29118,1.29308,1.29102,1.293,2912
2025-03-25 10:00:00,1.29304,1.29512,1.29273,1.2950599999999999,3049
2025-03-25 11:00:00,1.2950599999999999,1.29572,1.29416,1.29424,2700
2025-03-25 12:00:00,1.29426,1.2960099999999999,1.2941799999999999,1.29542,2477
2025-03-25 13:00:00,1.2953999999999999,1.29605,1.2944,1.29459,3312
2025-03-25 14:00:00,1.29454,1.29518,1.29328,1.29477,3857
2025-03-25 15:00:00,1.29478,1.29526,1.29434,1.2947,3122
2025-03-25 16:00:00,1.2947199999999999,1.29593,1.2945,1.29565,2686
2025-03-25 17:00:00,1.29568,1.29663,1.29556,1.29584,1997
2025-03-25 18:00:00,1.29582,1.29583,1.2944,1.29456,1813
2025-03-25 19:00:00,1.29454,1.29478,1.29392,1.2946900000000001,1939
2025-03-25 20:00:00,1.29462,1.29473,1.29405,1.29433,1003
2025-03-25 21:00:00,1.29431,1.2943500000000001,1.29378,1.29379,763
2025-03-25 22:00:00,1.29451,1.29483,1.29424,1.29426,817
2025-03-25 23:00:00,1.29426,1.29453,1.29402,1.29446,816
2025-03-26 00:00:00,1.29443,1.29453,1.2933,1.29334,1580
2025-03-26 01:00:00,1.29334,1.2944499999999999,1.29267,1.29431,2126
2025-03-26 02:00:00,1.29431,1.29457,1.2938100000000001,1.29433,1486
2025-03-26 03:00:00,1.2943500000000001,1.29444,1.29328,1.29356,1554
2025-03-26 04:00:00,1.29356,1.29368,1.29305,1.29349,1324
2025-03-26 05:00:00,1.2934700000000001,1.29353,1.2929,1.29311,1436
2025-03-26 06:00:00,1.2931,1.29429,1.29274,1.29413,1743
2025-03-26 07:00:00,1.29407,1.29407,1.29025,1.29109,4422
2025-03-26 08:00:00,1.2911000000000001,1.29134,1.28858,1.29065,4132
2025-03-26 09:00:00,1.29061,1.2912,1.28955,1.29089,3283
2025-03-26 10:00:00,1.29092,1.29129,1.2901,1.2906900000000001,2643
2025-03-26 11:00:00,1.2907,1.29117,1.2895400000000001,1.28964,2505
2025-03-26 12:00:00,1.28965,1.2906900000000001,1.28823,1.2892700000000001,4531
2025-03-26 13:00:00,1.28929,1.29088,1.28739,1.28829,5424
2025-03-26 14:00:00,1.28827,1.29012,1.28811,1.28965,4204
2025-03-26 15:00:00,1.28966,1.29031,1.28759,1.28853,3471
2025-03-26 16:00:00,1.28858,1.2902,1.28816,1.28951,2924
2025-03-26 17:00:00,1.28953,1.2897,1.2879800000000001,1.2883499999999999,3612
2025-03-26 18:00:00,1.2883499999999999,1.28891,1.28831,1.28844,1980
2025-03-26 19:00:00,1.28842,1.28892,1.28789,1.28875,1596
2025-03-26 20:00:00,1.28877,1.28931,1.2885,1.28854,1022
2025-03-26 21:00:00,1.28856,1.28864,1.28664,1.28664,1069
2025-03-26 22:00:00,1.28751,1.28819,1.2870599999999999,1.28749,1818
2025-03-26 23:00:00,1.28745,1.288,1.28716,1.28769,1417
2025-03-27 00:00:00,1.28769,1.28903,1.2876,1.2888600000000001,1812
2025-03-27 01:00:00,1.28887,1.2901799999999999,1.28884,1.29,2117
2025-03-27 02:00:00,1.28998,1.29162,1.28996,1.29115,1781
2025-03-27 03:00:00,1.29116,1.29141,1.29056,1.29105,1492
2025-03-27 04:00:00,1.2910599999999999,1.2925200000000001,1.29105,1.29205,1503
2025-03-27 05:00:00,1.29205,1.29239,1.29087,1.29122,1761
2025-03-27 06:00:00,1.2912,1.29287,1.29114,1.29206,2313
2025-03-27 07:00:00,1.29209,1.29209,1.29025,1.29118,3483
2025-03-27 08:00:00,1.29121,1.29233,1.2901,1.29226,4384
2025-03-27 09:00:00,1.29224,1.29269,1.2911000000000001,1.29197,3166
2025-03-27 10:00:00,1.2919800000000001,1.29327,1.29141,1.2932000000000001,2840
2025-03-27 11:00:00,1.29318,1.29416,1.2927,1.29304,2831
2025-03-27 12:00:00,1.29306,1.29701,1.29272,1.29444,3855
2025-03-27 13:00:00,1.29447,1.29522,1.2927,1.29277,4031
2025-03-27 14:00:00,1.2928,1.29478,1.29222,1.29459,3795
2025-03-27 15:00:00,1.2946,1.29916,1.29428,1.29624,5586
2025-03-27 16:00:00,1.29623,1.2972299999999999,1.29527,1.2956699999999999,3607
2025-03-27 17:00:00,1.29569,1.29663,1.29475,1.29493,2535
2025-03-27 18:00:00,1.29491,1.29578,1.29473,1.29493,1912
2025-03-27 19:00:00,1.29494,1.2956400000000001,1.29452,1.29488,1664
2025-03-27 20:00:00,1.2949,1.29507,1.29466,1.2947899999999999,672
2025-03-27 21:00:00,1.29482,1.29502,1.2937400000000001,1.29446,756
2025-03-27 22:00:00,1.29514,1.29518,1.29433,1.29453,700
2025-03-27 23:00:00,1.29453,1.29513,1.29448,1.2951,787
2025-03-28 00:00:00,1.29508,1.29508,1.29404,1.2947899999999999,1618
2025-03-28 01:00:00,1.2947600000000001,1.29515,1.29448,1.29457,1736
2025-03-28 02:00:00,1.29456,1.29528,1.29444,1.2948,1615
2025-03-28 03:00:00,1.29481,1.29514,1.29443,1.29449,1220
2025-03-28 04:00:00,1.2945,1.29459,1.29402,1.2940800000000001,1059
2025-03-28 05:00:00,1.2940800000000001,1.29434,1.2937,1.29409,1152
2025-03-28 06:00:00,1.29409,1.29459,1.29379,1.29417,1508
2025-03-28 07:00:00,1.2941500000000001,1.29677,1.29399,1.29504,3267
2025-03-28 08:00:00,1.29507,1.29593,1.29405,1.29463,3638
2025-03-28 09:00:00,1.29466,1.29562,1.29405,1.2951,2717
2025-03-28 10:00:00,1.29509,1.29526,1.29355,1.29356,2392
2025-03-28 11:00:00,1.29355,1.2938,1.29218,1.2929,2531
2025-03-28 12:00:00,1.29288,1.29517,1.2923200000000001,1.29433,3357
2025-03-28 13:00:00,1.2943500000000001,1.29636,1.29387,1.29549,4690
2025-03-28 14:00:00,1.29552,1.29677,1.29455,1.2947600000000001,4432
2025-03-28 15:00:00,1.29475,1.29636,1.29335,1.29409,4192
2025-03-28 16:00:00,1.2941099999999999,1.29493,1.29394,1.29433,2765
2025-03-28 17:00:00,1.2943500000000001,1.29448,1.2929,1.29401,2436
2025-03-28 18:00:00,1.294,1.29434,1.29335,1.29392,2078
2025-03-28 19:00:00,1.29395,1.29463,1.2938100000000001,1.29444,1638
2025-03-28 20:00:00,1.2944200000000001,1.29474,1.29375,1.29394,1350
2025-03-30 21:00:00,1.29305,1.29378,1.29163,1.29238,771
2025-03-30 22:00:00,1.29299,1.29349,1.29213,1.29314,1855
2025-03-30 23:00:00,1.29317,1.29402,1.29271,1.29372,2170
2025-03-31 00:00:00,1.29368,1.29592,1.29364,1.2959,2573
2025-03-31 01:00:00,1.2959100000000001,1.29664,1.29585,1.29595,2705
2025-03-31 02:00:00,1.29597,1.29714,1.29549,1.29634,2348
2025-03-31 03:00:00,1.29635,1.29642,1.29561,1.29566,1714
2025-03-31 04:00:00,1.29568,1.2961,1.29545,1.2956400000000001,1559
2025-03-31 05:00:00,1.29565,1.29618,1.29541,1.29555,1857
2025-03-31 06:00:00,1.29558,1.2967,1.29483,1.2966,3563
2025-03-31 07:00:00,1.29657,1.29726,1.29549,1.29561,4660
2025-03-31 08:00:00,1.29558,1.29607,1.29346,1.29441,3681
2025-03-31 09:00:00,1.2943799999999999,1.29444,1.29236,1.29273,2737
2025-03-31 10:00:00,1.2927,1.29432,1.29178,1.29382,2753
2025-03-31 11:00:00,1.2938100000000001,1.29589,1.29364,1.29518,2776
2025-03-31 12:00:00,1.29518,1.29582,1.29304,1.29324,3177
2025-03-31 13:00:00,1.29324,1.2940800000000001,1.29256,1.29297,3773
2025-03-31 14:00:00,1.29297,1.29314,1.29024,1.29093,5792
2025-03-31 15:00:00,1.29091,1.29206,1.28895,1.28906,5344
2025-03-31 16:00:00,1.28908,1.29144,1.28858,1.29061,3715
2025-03-31 17:00:00,1.29059,1.29154,1.29057,1.2907,2056
2025-03-31 18:00:00,1.2906900000000001,1.29138,1.29043,1.29104,2009
2025-03-31 19:00:00,1.29104,1.29238,1.29086,1.29182,1927
2025-03-31 20:00:00,1.29184,1.29207,1.29125,1.29143,1422
2025-03-31 21:00:00,1.2913700000000001,1.2916,1.2910599999999999,1.29119,682
2025-03-31 22:00:00,1.2916,1.29209,1.29146,1.2919,862
2025-03-31 23:00:00,1.2919,1.29207,1.29155,1.29188,955
2025-04-01 00:00:00,1.2919100000000001,1.29267,1.29175,1.29256,1841
2025-04-01 01:00:00,1.29253,1.29269,1.2917399999999999,1.29212,2082
2025-04-01 02:00:00,1.29213,1.29344,1.292,1.29304,1907
2025-04-01 03:00:00,1.29303,1.29358,1.2928,1.29325,1757
2025-04-01 04:00:00,1.29326,1.29403,1.29324,1.2937,1560
2025-04-01 05:00:00,1.29371,1.2937400000000001,1.29187,1.29196,2125
2025-04-01 06:00:00,1.29193,1.29285,1.29124,1.29219,3067
2025-04-01 07:00:00,1.29217,1.29217,1.29021,1.29082,3818
2025-04-01 08:00:00,1.29078,1.29302,1.29047,1.2925499999999999,2962
2025-04-01 09:00:00,1.29257,1.2937699999999999,1.2922500000000001,1.29341,2827
2025-04-01 10:00:00,1.29342,1.29348,1.29071,1.29071,4387
2025-04-01 11:00:00,1.29074,1.2913000000000001,1.2889599999999999,1.28904,3881
2025-04-01 12:00:00,1.28902,1.28998,1.28847,1.2889300000000001,3214
2025-04-01 13:00:00,1.2889599999999999,1.2898800000000001,1.28789,1.28838,3868
2025-04-01 14:00:00,1.28834,1.29237,1.28814,1.29207,5362
2025-04-01 15:00:00,1.29211,1.2929300000000001,1.29173,1.29207,4190
2025-04-01 16:00:00,1.29207,1.29278,1.2916400000000001,1.29258,3066
2025-04-01 17:00:00,1.29258,1.29327,1.2919399999999999,1.29219,2097
2025-04-01 18:00:00,1.29218,1.29219,1.29096,1.29099,2173
2025-04-01 19:00:00,1.29099,1.29204,1.2907899999999999,1.292,1774
2025-04-01 20:00:00,1.29203,1.2928600000000001,1.29173,1.29211,1360
2025-04-01 21:00:00,1.29216,1.29217,1.29179,1.29183,714
2025-04-01 22:00:00,1.2922,1.29326,1.29203,1.29276,2099
2025-04-01 23:00:00,1.29275,1.2928,1.29208,1.29212,1128
2025-04-02 00:00:00,1.29214,1.29217,1.29095,1.29104,1969
2025-04-02 01:00:00,1.29104,1.29203,1.29057,1.29187,2028
2025-04-02 02:00:00,1.2919,1.29299,1.29168,1.29214,1728
2025-04-02 03:00:00,1.29214,1.2925900000000001,1.29192,1.29208,1153
2025-04-02 04:00:00,1.29207,1.2922,1.29173,1.2918,1024
2025-04-02 05:00:00,1.29179,1.29179,1.2912,1.29145,1404
2025-04-02 06:00:00,1.29146,1.29178,1.29094,1.29141,2562
2025-04-02 07:00:00,1.2913700000000001,1.29147,1.29001,1.29126,3074
2025-04-02 08:00:00,1.29123,1.2924,1.29095,1.29204,2806
2025-04-02 09:00:00,1.29203,1.29488,1.2919,1.29466,2599
2025-04-02 10:00:00,1.29466,1.29477,1.29291,1.29365,3298
2025-04-02 11:00:00,1.29367,1.29497,1.29334,1.29473,2600
2025-04-02 12:00:00,1.29474,1.29496,1.29343,1.29426,3259
2025-04-02 13:00:00,1.29425,1.29474,1.29372,1.29385,3593
2025-04-02 14:00:00,1.29387,1.29695,1.29336,1.29654,4789
2025-04-02 15:00:00,1.29656,1.29785,1.29606,1.2973,3975
2025-04-02 16:00:00,1.2973,1.2974999999999999,1.29626,1.29701,2916
2025-04-02 17:00:00,1.29702,1.29807,1.2969300000000001,1.29703,2467
2025-04-02 18:00:00,1.29702,1.29829,1.29677,1.2978,2307
2025-04-02 19:00:00,1.29778,1.29864,1.29776,1.29806,2078
2025-04-02 20:00:00,1.29804,1.30247,1.29536,1.29996,20022
2025-04-02 21:00:00,1.2999399999999999,1.30032,1.29779,1.2983500000000001,1140
2025-04-02 22:00:00,1.2999,1.30105,1.29727,1.30071,4704
2025-04-02 23:00:00,1.30074,1.3052000000000001,1.3005200000000001,1.3044799999999999,6305
2025-04-03 00:00:00,1.30447,1.30568,1.30257,1.30401,7042
2025-04-03 01:00:00,1.30404,1.30692,1.30366,1.30548,5454
2025-04-03 02:00:00,1.30548,1.30644,1.30487,1.30618,3880
2025-04-03 03:00:00,1.30618,1.30769,1.30582,1.30702,3115
2025-04-03 04:00:00,1.30704,1.30715,1.30556,1.3058100000000001,2511
2025-04-03 05:00:00,1.3058100000000001,1.31003,1.30571,1.30903,4226
2025-04-03 06:00:00,1.30904,1.31193,1.30833,1.31182,6828
2025-04-03 07:00:00,1.31186,1.31392,1.31023,1.31357,7942
2025-04-03 08:00:00,1.3136,1.3168199999999999,1.3130899999999999,1.3162,5657
2025-04-03 09:00:00,1.31622,1.31827,1.31561,1.31692,6063
2025-04-03 10:00:00,1.31692,1.32074,1.3146499999999999,1.31483,11267
2025-04-03 11:00:00,1.31485,1.3181,1.3137400000000001,1.31738,6720
2025-04-03 12:00:00,1.31742,1.31874,1.31495,1.31575,7667
2025-04-03 13:00:00,1.31579,1.31955,1.31447,1.31461,8689
2025-04-03 14:00:00,1.31474,1.31745,1.3146900000000001,1.3167499999999999,8703
2025-04-03 15:00:00,1.31677,1.31686,1.31049,1.31098,7496
2025-04-03 16:00:00,1.31101,1.31211,1.31036,1.31044,5485
2025-04-03 17:00:00,1.31041,1.31084,1.3092,1.30982,4143
2025-04-03 18:00:00,1.3098,1.31047,1.30883,1.3094999999999999,3506
2025-04-03 19:00:00,1.3094999999999999,1.30966,1.30792,1.3081,2974
2025-04-03 20:00:00,1.30807,1.3100800000000001,1.30796,1.30987,1692
2025-04-03 21:00:00,1.30994,1.30994,1.30857,1.30867,1246
2025-04-03 22:00:00,1.31013,1.31081,1.30959,1.3105,1899
2025-04-03 23:00:00,1.3105,1.31051,1.30861,1.30888,2705
2025-04-04 00:00:00,1.30887,1.31047,1.30829,1.3100800000000001,3687
2025-04-04 01:00:00,1.3100800000000001,1.3109199999999999,1.30944,1.31024,3564
2025-04-04 02:00:00,1.31026,1.3106,1.30843,1.30843,3522
2025-04-04 03:00:00,1.30842,1.31071,1.30802,1.31037,3596
2025-04-04 04:00:00,1.31037,1.31077,1.3094999999999999,1.30972,3435
2025-04-04 05:00:00,1.30972,1.31135,1.3088600000000001,1.30981,3634
2025-04-04 06:00:00,1.3098,1.30998,1.30527,1.30531,5100
2025-04-04 07:00:00,1.30528,1.30648,1.30044,1.30077,7069
2025-04-04 08:00:00,1.30078,1.30141,1.29744,1.29821,9309
2025-04-04 09:00:00,1.29822,1.29911,1.29616,1.29878,6854
2025-04-04 10:00:00,1.29877,1.30322,1.29759,1.3002799999999999,13338
2025-04-04 11:00:00,1.30032,1.3030300000000001,1.2989,1.3020100000000001,15520
2025-04-04 12:00:00,1.30202,1.30502,1.29893,1.30002,18061
2025-04-04 13:00:00,1.30007,1.3017,1.2978100000000001,1.29792,13751
2025-04-04 14:00:00,1.29791,1.29806,1.29223,1.29392,14534
2025-04-04 15:00:00,1.29395,1.29548,1.29068,1.2925900000000001,16841
2025-04-04 16:00:00,1.2926199999999999,1.29287,1.28876,1.28945,8713
2025-04-04 17:00:00,1.28948,1.29073,1.28564,1.29021,9489
2025-04-04 18:00:00,1.29019,1.29139,1.28791,1.28814,6740
2025-04-04 19:00:00,1.2881,1.28991,1.28671,1.2873,5091
2025-04-04 20:00:00,1.28732,1.2902,1.28524,1.29005,3858
2025-04-06 21:00:00,1.28266,1.28439,1.28196,1.28324,975
2025-04-06 22:00:00,1.2839800000000001,1.29085,1.28338,1.28787,6627
2025-04-06 23:00:00,1.28788,1.29331,1.28773,1.29083,7154
2025-04-07 00:00:00,1.29087,1.29169,1.28847,1.29092,9262
2025-04-07 01:00:00,1.29094,1.29159,1.28836,1.28854,9030
2025-04-07 02:00:00,1.28858,1.28903,1.2849,1.28593,6145
2025-04-07 03:00:00,1.28593,1.28907,1.28537,1.2886,4154
2025-04-07 04:00:00,1.28861,1.2904900000000001,1.28843,1.2901799999999999,3930
2025-04-07 05:00:00,1.29022,1.2927,1.28962,1.29249,6241
2025-04-07 06:00:00,1.29247,1.29269,1.28826,1.29017,9237
2025-04-07 07:00:00,1.2901799999999999,1.29337,1.28939,1.28939,11186
2025-04-07 08:00:00,1.28941,1.2913000000000001,1.2865,1.28709,8837
2025-04-07 09:00:00,1.28712,1.2876400000000001,1.28298,1.2836699999999999,8659
2025-04-07 10:00:00,1.28369,1.28604,1.28235,1.2824499999999999,8202
2025-04-07 11:00:00,1.2824900000000001,1.28334,1.2803,1.2824,8467
2025-04-07 12:00:00,1.28243,1.2852700000000001,1.2806600000000001,1.28373,11044
2025-04-07 13:00:00,1.2837399999999999,1.2838,1.27851,1.28,9565
2025-04-07 14:00:00,1.28002,1.28463,1.27535,1.27545,27293
2025-04-07 15:00:00,1.27546,1.27731,1.27245,1.27249,16883
2025-04-07 16:00:00,1.27253,1.27302,1.27096,1.2729300000000001,7656
2025-04-07 17:00:00,1.27298,1.2778100000000001,1.27281,1.2766,7892
2025-04-07 18:00:00,1.27658,1.27721,1.27443,1.27462,5957
2025-04-07 19:00:00,1.27461,1.27549,1.27142,1.27166,5823
2025-04-07 20:00:00,1.27169,1.27268,1.2707600000000001,1.27213,3363
2025-04-07 21:00:00,1.2721,1.2723900000000001,1.27164,1.27209,596
2025-04-07 22:00:00,1.27245,1.27379,1.27217,1.2735699999999999,2145
2025-04-07 23:00:00,1.27353,1.2738,1.27253,1.27325,2657
2025-04-08 00:00:00,1.27324,1.27651,1.27324,1.27512,4701
2025-04-08 01:00:00,1.27511,1.27777,1.27507,1.27745,5161
2025-04-08 02:00:00,1.27746,1.27914,1.27745,1.27848,3106
2025-04-08 03:00:00,1.27848,1.27861,1.27742,1.27767,2621
2025-04-08 04:00:00,1.27765,1.2791000000000001,1.27759,1.2786,2671
2025-04-08 05:00:00,1.27855,1.27857,1.27634,1.27814,3287
2025-04-08 06:00:00,1.27812,1.27961,1.27758,1.27848,5266
2025-04-08 07:00:00,1.2784900000000001,1.2784900000000001,1.27488,1.27499,7975
2025-04-08 08:00:00,1.27497,1.27718,1.27451,1.27525,6051
2025-04-08 09:00:00,1.27521,1.27523,1.2724199999999999,1.27444,6391
2025-04-08 10:00:00,1.27442,1.27688,1.2734,1.27519,6131
2025-04-08 11:00:00,1.27515,1.27828,1.27499,1.2778399999999999,6188
2025-04-08 12:00:00,1.27785,1.27959,1.27714,1.27756,6039
2025-04-08 13:00:00,1.27753,1.27933,1.27676,1.27882,9062
2025-04-08 14:00:00,1.27878,1.27917,1.27522,1.27554,8875
2025-04-08 15:00:00,1.27552,1.27759,1.27432,1.2768,6632
2025-04-08 16:00:00,1.2768,1.27837,1.27545,1.2772299999999999,6524
2025-04-08 17:00:00,1.2772000000000001,1.27872,1.27699,1.27816,6117
2025-04-08 18:00:00,1.27819,1.28143,1.27772,1.27893,5579
2025-04-08 19:00:00,1.27889,1.28015,1.27678,1.27734,4820
2025-04-08 20:00:00,1.27732,1.27797,1.2754699999999999,1.27636,2640
2025-04-08 21:00:00,1.2763200000000001,1.27655,1.27588,1.27594,820
2025-04-08 22:00:00,1.27665,1.27863,1.27629,1.27775,2606
2025-04-08 23:00:00,1.27779,1.27909,1.2774,1.27863,3275
2025-04-09 00:00:00,1.27863,1.2815400000000001,1.27743,1.28142,5693
2025-04-09 01:00:00,1.28144,1.28452,1.28144,1.2831000000000001,7538
2025-04-09 02:00:00,1.28305,1.2840099999999999,1.28131,1.28212,5231
2025-04-09 03:00:00,1.28212,1.28338,1.28139,1.28176,4915
2025-04-09 04:00:00,1.28174,1.28564,1.2814,1.28544,6765
2025-04-09 05:00:00,1.28542,1.28542,1.28237,1.28382,6089
2025-04-09 06:00:00,1.28384,1.28637,1.28179,1.28393,9672
2025-04-09 07:00:00,1.28391,1.28488,1.27915,1.27993,12916
2025-04-09 08:00:00,1.27991,1.2827600000000001,1.27858,1.28248,8479
2025-04-09 09:00:00,1.2824499999999999,1.28362,1.28129,1.28208,6417
2025-04-09 10:00:00,1.28205,1.28368,1.2807,1.2819,6591
2025-04-09 11:00:00,1.2818800000000001,1.2825,1.2772299999999999,1.27734,13218
2025-04-09 12:00:00,1.27738,1.28144,1.27698,1.2803,10313
2025-04-09 13:00:00,1.28031,1.28143,1.27714,1.2776,11493
2025-04-09 14:00:00,1.27762,1.2779099999999999,1.27511,1.27576,9175
2025-04-09 15:00:00,1.27575,1.27874,1.27522,1.27691,6292
2025-04-09 16:00:00,1.27692,1.2778399999999999,1.27588,1.27645,4999
2025-04-09 17:00:00,1.27649,1.28212,1.27428,1.27899,28457
2025-04-09 18:00:00,1.27894,1.2825,1.27429,1.28026,19801
2025-04-09 19:00:00,1.2802799999999999,1.28372,1.27991,1.2803499999999999,10132
2025-04-09 20:00:00,1.28037,1.28327,1.2793,1.28147,4852
2025-04-09 21:00:00,1.2814999999999999,1.28206,1.2810000000000001,1.28176,609
2025-04-09 22:00:00,1.28203,1.28333,1.28148,1.28229,3303
2025-04-09 23:00:00,1.28228,1.2825,1.28097,1.28241,3655
2025-04-10 00:00:00,1.28239,1.28468,1.28221,1.2844,6252
2025-04-10 01:00:00,1.2844,1.28449,1.28226,1.2828300000000001,5243
2025-04-10 02:00:00,1.2828300000000001,1.28404,1.28216,1.28376,4413
2025-04-10 03:00:00,1.28375,1.2852299999999999,1.2836699999999999,1.2846,3835
2025-04-10 04:00:00,1.2845900000000001,1.28607,1.28406,1.28586,3240
2025-04-10 05:00:00,1.2858800000000001,1.28697,1.28542,1.28586,3624
2025-04-10 06:00:00,1.2858399999999999,1.28763,1.28471,1.2867,6687
2025-04-10 07:00:00,1.28674,1.28813,1.28443,1.28763,9476
2025-04-10 08:00:00,1.28768,1.28786,1.28602,1.28688,7325
2025-04-10 09:00:00,1.28687,1.28938,1.28606,1.28911,6427
2025-04-10 10:00:00,1.28913,1.29243,1.28826,1.29126,7584
2025-04-10 11:00:00,1.29129,1.29379,1.29117,1.2931,6667
2025-04-10 12:00:00,1.29309,1.29565,1.29186,1.29241,9385
2025-04-10 13:00:00,1.29245,1.2931300000000001,1.28918,1.29233,8510
2025-04-10 14:00:00,1.29229,1.2959800000000001,1.29073,1.2959399999999999,8310
2025-04-10 15:00:00,1.2959100000000001,1.29785,1.29362,1.2938,10178
2025-04-10 16:00:00,1.29376,1.29609,1.29246,1.29541,8426
2025-04-10 17:00:00,1.29541,1.29761,1.29312,1.2974700000000001,6859
2025-04-10 18:00:00,1.29749,1.29956,1.29696,1.2980800000000001,5991
2025-04-10 19:00:00,1.29807,1.29874,1.29375,1.29688,7304
2025-04-10 20:00:00,1.29685,1.29727,1.29527,1.29668,3617
2025-04-10 21:00:00,1.29667,1.29685,1.29635,1.29635,524
2025-04-10 22:00:00,1.29676,1.29902,1.29663,1.2987199999999999,3097
2025-04-10 23:00:00,1.2987199999999999,1.29973,1.29666,1.29915,6050
2025-04-11 00:00:00,1.29912,1.30473,1.29873,1.30161,16081
2025-04-11 01:00:00,1.30163,1.30286,1.29941,1.30093,12750
2025-04-11 02:00:00,1.30097,1.30244,1.30077,1.3014000000000001,7446
2025-04-11 03:00:00,1.30142,1.30474,1.30112,1.3035700000000001,5905
2025-04-11 04:00:00,1.30359,1.3035999999999999,1.3011300000000001,1.30209,5129
2025-04-11 05:00:00,1.30207,1.3022,1.29945,1.30042,5735
2025-04-11 06:00:00,1.30039,1.302,1.2984200000000001,1.30179,8655
2025-04-11 07:00:00,1.30175,1.30749,1.30156,1.30671,11936
2025-04-11 08:00:00,1.30668,1.31332,1.30539,1.31085,16566
2025-04-11 09:00:00,1.31082,1.31449,1.3082799999999999,1.31222,11454
2025-04-11 10:00:00,1.3122,1.3122,1.30562,1.3073000000000001,11571
2025-04-11 11:00:00,1.3073000000000001,1.30979,1.3064,1.3087900000000001,8088
2025-04-11 12:00:00,1.30876,1.3124,1.3082799999999999,1.31222,12373
2025-04-11 13:00:00,1.3122099999999999,1.31345,1.30597,1.3098,15270
2025-04-11 14:00:00,1.30995,1.3115,1.30546,1.30582,14076
2025-04-11 15:00:00,1.30583,1.30657,1.3039,1.30474,10167
2025-04-11 16:00:00,1.30469,1.30592,1.30294,1.30511,7427
2025-04-11 17:00:00,1.3051,1.3076400000000001,1.30435,1.30493,6861
2025-04-11 18:00:00,1.30492,1.307,1.30476,1.30591,6091
2025-04-11 19:00:00,1.30589,1.30832,1.30569,1.30745,4822
2025-04-11 20:00:00,1.30748,1.31002,1.30639,1.30861,3941
2025-04-13 21:00:00,1.30745,1.30861,1.30707,1.3082099999999999,689
2025-04-13 22:00:00,1.3096,1.3096,1.30624,1.30798,3385
2025-04-13 23:00:00,1.30802,1.30907,1.30735,1.30837,3860
2025-04-14 00:00:00,1.30839,1.31061,1.30831,1.3096700000000001,5695
2025-04-14 01:00:00,1.3096999999999999,1.3127900000000001,1.30962,1.31063,6061
2025-04-14 02:00:00,1.3106200000000001,1.3114,1.3100399999999999,1.31055,4643
2025-04-14 03:00:00,1.31052,1.31122,1.3094999999999999,1.31063,3965
2025-04-14 04:00:00,1.31066,1.31174,1.31018,1.31041,3073
2025-04-14 05:00:00,1.31041,1.31277,1.30962,1.3124500000000001,3544
2025-04-14 06:00:00,1.3124799999999999,1.31737,1.31136,1.31674,7134
2025-04-14 07:00:00,1.31676,1.3171,1.31545,1.31654,6720
2025-04-14 08:00:00,1.31653,1.31872,1.31609,1.31707,5637
2025-04-14 09:00:00,1.31707,1.3192,1.317,1.31781,4780
2025-04-14 10:00:00,1.3178,1.3197999999999999,1.31617,1.31973,4601
2025-04-14 11:00:00,1.31971,1.3201,1.31738,1.31757,3756
2025-04-14 12:00:00,1.31758,1.3178,1.31412,1.31455,5683
2025-04-14 13:00:00,1.31459,1.31583,1.3122500000000001,1.31566,8810
2025-04-14 14:00:00,1.31569,1.3191899999999999,1.31545,1.3186499999999999,3663
2025-04-14 15:00:00,1.31866,1.31879,1.3171599999999999,1.31729,6030
2025-04-14 16:00:00,1.31732,1.31918,1.3165499999999999,1.31658,5197
2025-04-14 17:00:00,1.31659,1.31873,1.31657,1.31821,4410
2025-04-14 18:00:00,1.31818,1.31977,1.31807,1.3195999999999999,3004
2025-04-14 19:00:00,1.3195700000000001,1.3199100000000001,1.31873,1.3189899999999999,2710
2025-04-14 20:00:00,1.31901,1.31905,1.31813,1.31891,2222
2025-04-14 21:00:00,1.31893,1.31893,1.31788,1.31813,594
2025-04-14 22:00:00,1.31855,1.31969,1.31792,1.31807,1580
2025-04-14 23:00:00,1.3180399999999999,1.31829,1.31674,1.3172,2129
2025-04-15 00:00:00,1.31717,1.31765,1.31639,1.3173,2932
2025-04-15 01:00:00,1.31727,1.3183799999999999,1.3169,1.31766,2621
2025-04-15 02:00:00,1.31766,1.3197,1.31766,1.31948,2411
2025-04-15 03:00:00,1.3195000000000001,1.3199100000000001,1.31897,1.31971,1877
2025-04-15 04:00:00,1.31972,1.32171,1.31945,1.3211300000000001,2291
2025-04-15 05:00:00,1.32111,1.32213,1.3201800000000001,1.32037,2569
2025-04-15 06:00:00,1.32043,1.3213300000000001,1.31841,1.31966,5090
2025-04-15 07:00:00,1.31967,1.32273,1.31872,1.32232,5459
2025-04-15 08:00:00,1.32233,1.32383,1.32179,1.32291,5210
2025-04-15 09:00:00,1.3228900000000001,1.3247200000000001,1.32259,1.32375,4055
2025-04-15 10:00:00,1.32373,1.32515,1.32315,1.32409,3710
2025-04-15 11:00:00,1.32405,1.32412,1.32184,1.32309,3979
2025-04-15 12:00:00,1.32314,1.3244099999999999,1.322,1.32232,5671
2025-04-15 13:00:00,1.3223099999999999,1.32354,1.3214299999999999,1.32266,5613
2025-04-15 14:00:00,1.32266,1.3246,1.3204799999999999,1.3244,7881
2025-04-15 15:00:00,1.3244,1.32454,1.32175,1.3220100000000001,5059
2025-04-15 16:00:00,1.32203,1.32244,1.32057,1.32118,3763
2025-04-15 17:00:00,1.32118,1.32275,1.3207499999999999,1.32171,2994
2025-04-15 18:00:00,1.32168,1.32184,1.32059,1.3216,2585
2025-04-15 19:00:00,1.32158,1.32293,1.32121,1.3225799999999999,2270
2025-04-15 20:00:00,1.32261,1.32345,1.3225500000000001,1.32294,1447
2025-04-15 21:00:00,1.32291,1.32303,1.3213,1.32191,995
2025-04-15 22:00:00,1.32247,1.32378,1.32245,1.32359,1344
2025-04-15 23:00:00,1.3235700000000001,1.32365,1.32239,1.32307,2156
2025-04-16 00:00:00,1.32305,1.32538,1.32291,1.32461,3710
2025-04-16 01:00:00,1.32466,1.32565,1.32426,1.32492,2805
2025-04-16 02:00:00,1.32495,1.32561,1.32444,1.3248199999999999,2798
2025-04-16 03:00:00,1.3248199999999999,1.32632,1.32467,1.3263099999999999,2177
2025-04-16 04:00:00,1.32632,1.32667,1.32564,1.3264,2023
2025-04-16 05:00:00,1.32639,1.32887,1.32587,1.32854,3114
2025-04-16 06:00:00,1.32862,1.32864,1.3256700000000001,1.32618,5308
2025-04-16 07:00:00,1.3262,1.32855,1.32611,1.32836,4887
2025-04-16 08:00:00,1.3284,1.32908,1.32664,1.32881,6517
2025-04-16 09:00:00,1.32881,1.3292,1.3260399999999999,1.3268499999999999,4584
2025-04-16 10:00:00,1.3268499999999999,1.3277700000000001,1.3260100000000001,1.32633,4330
2025-04-16 11:00:00,1.32637,1.32752,1.32577,1.32717,3916
2025-04-16 12:00:00,1.32718,1.32724,1.3250199999999999,1.32592,5543
2025-04-16 13:00:00,1.3259,1.32712,1.3254299999999999,1.32618,5581
2025-04-16 14:00:00,1.3262,1.32667,1.32385,1.3256999999999999,5619
2025-04-16 15:00:00,1.32571,1.32583,1.3226,1.32439,4687
2025-04-16 16:00:00,1.3243800000000001,1.32469,1.32298,1.32335,3299
2025-04-16 17:00:00,1.32332,1.32374,1.32114,1.32162,5138
2025-04-16 18:00:00,1.32166,1.32313,1.32135,1.32294,4328
2025-04-16 19:00:00,1.3229199999999999,1.32494,1.32274,1.32371,3626
2025-04-16 20:00:00,1.32375,1.32424,1.323,1.3237,1919
2025-04-16 21:00:00,1.32375,1.32393,1.3229600000000001,1.32346,1282
2025-04-16 22:00:00,1.32415,1.32426,1.3231,1.32368,1421
2025-04-16 23:00:00,1.32367,1.3241800000000001,1.3231,1.32321,2031
2025-04-17 00:00:00,1.32324,1.32335,1.3210600000000001,1.32116,3757
2025-04-17 01:00:00,1.32117,1.3216700000000001,1.32023,1.32142,3379
2025-04-17 02:00:00,1.32142,1.32295,1.32135,1.32249,2323
2025-04-17 03:00:00,1.32251,1.32295,1.32131,1.32134,1865
2025-04-17 04:00:00,1.3213300000000001,1.32153,1.32088,1.32091,1442
2025-04-17 05:00:00,1.32091,1.32205,1.32044,1.32094,2222
2025-04-17 06:00:00,1.32093,1.32327,1.3203,1.32273,4108
2025-04-17 07:00:00,1.3227,1.32451,1.32229,1.32419,4791
2025-04-17 08:00:00,1.3242099999999999,1.32474,1.32348,1.32392,3982
2025-04-17 09:00:00,1.3239,1.32458,1.32381,1.32407,3132
2025-04-17 10:00:00,1.32407,1.32455,1.3221,1.32239,4010
2025-04-17 11:00:00,1.3224,1.32366,1.32192,1.32271,3541
2025-04-17 12:00:00,1.32268,1.3249900000000001,1.32188,1.32491,6260
2025-04-17 13:00:00,1.32489,1.32596,1.3243800000000001,1.3256700000000001,6732
2025-04-17 14:00:00,1.32569,1.32727,1.32269,1.3232300000000001,6219
2025-04-17 15:00:00,1.32324,1.32587,1.32285,1.32571,4611
2025-04-17 16:00:00,1.32572,1.32681,1.3250600000000001,1.32578,4543
2025-04-17 17:00:00,1.3258,1.32587,1.32462,1.32566,2723
2025-04-17 18:00:00,1.3256700000000001,1.32724,1.3250199999999999,1.32686,2866
2025-04-17 19:00:00,1.3268499999999999,1.32691,1.32612,1.3266200000000001,2194
2025-04-17 20:00:00,1.32659,1.32702,1.32647,1.32675,584
