time,open,high,low,close,tick_volume
2023-09-07 03:00:00,147.612,147.627,147.521,147.56,974
2023-09-07 04:00:00,147.56,147.593,147.491,147.561,1193
2023-09-07 05:00:00,147.561,147.677,147.538,147.574,1402
2023-09-07 06:00:00,147.576,147.587,147.426,147.547,2204
2023-09-07 07:00:00,147.548,147.576,147.408,147.431,2429
2023-09-07 08:00:00,147.433,147.494,147.357,147.452,2058
2023-09-07 09:00:00,147.452,147.492,147.39,147.437,1698
2023-09-07 10:00:00,147.439,147.492,147.397,147.43,1237
2023-09-07 11:00:00,147.432,147.432,147.275,147.278,1650
2023-09-07 12:00:00,147.278,147.608,147.215,147.278,4191
2023-09-07 13:00:00,147.278,147.417,147.101,147.396,5302
2023-09-07 14:00:00,147.396,147.432,147.042,147.106,4038
2023-09-07 15:00:00,147.106,147.281,147.072,147.129,2391
2023-09-07 16:00:00,147.128,147.137,147.04,147.084,1502
2023-09-07 17:00:00,147.086,147.256,147.086,147.235,920
2023-09-07 18:00:00,147.235,147.265,147.125,147.173,1084
2023-09-07 19:00:00,147.175,147.244,147.158,147.224,984
2023-09-07 20:00:00,147.196,147.276,147.148,147.237,535
2023-09-07 21:00:00,147.251,147.287,147.204,147.26,223
2023-09-07 22:00:00,147.247,147.25,147.185,147.25,428
2023-09-07 23:00:00,147.279,147.379,147.267,147.332,719
2023-09-08 00:00:00,147.331,147.364,146.577,146.915,5972
2023-09-08 01:00:00,146.914,147.244,146.907,147.107,4210
2023-09-08 02:00:00,147.107,147.211,147.025,147.211,1899
2023-09-08 03:00:00,147.213,147.334,147.147,147.232,1504
2023-09-08 04:00:00,147.233,147.287,147.144,147.225,1647
2023-09-08 05:00:00,147.225,147.254,147.131,147.136,1190
2023-09-08 06:00:00,147.138,147.242,147.05,147.234,2194
2023-09-08 07:00:00,147.233,147.439,147.21,147.393,2833
2023-09-08 08:00:00,147.393,147.452,147.363,147.405,1998
2023-09-08 09:00:00,147.405,147.406,147.265,147.266,1890
2023-09-08 10:00:00,147.265,147.392,147.24,147.386,1451
2023-09-08 11:00:00,147.387,147.487,147.361,147.45,1601
2023-09-08 12:00:00,147.448,147.565,147.287,147.546,2855
2023-09-08 13:00:00,147.548,147.693,147.429,147.461,4398
2023-09-08 14:00:00,147.459,147.676,147.32,147.635,4039
2023-09-08 15:00:00,147.634,147.738,147.589,147.697,2498
2023-09-08 16:00:00,147.697,147.773,147.659,147.761,1236
2023-09-08 17:00:00,147.761,147.772,147.699,147.731,847
2023-09-08 18:00:00,147.731,147.83,147.709,147.82,1053
2023-09-08 19:00:00,147.82,147.864,147.808,147.842,1336
2023-09-08 20:00:00,147.816,147.834,147.723,147.777,802
2023-09-10 21:00:00,146.986,146.991,146.619,146.725,613
2023-09-10 22:00:00,146.731,147.239,146.731,147.086,2056
2023-09-10 23:00:00,147.115,147.257,147.019,147.124,2283
2023-09-11 00:00:00,147.125,147.142,146.812,146.952,4271
2023-09-11 01:00:00,146.954,147.09,146.773,146.909,3856
2023-09-11 02:00:00,146.91,146.91,146.54,146.631,3031
2023-09-11 03:00:00,146.631,146.679,146.365,146.46,3023
2023-09-11 04:00:00,146.461,146.71,146.146,146.197,5260
2023-09-11 05:00:00,146.196,146.242,145.982,146.208,3805
2023-09-11 06:00:00,146.207,146.284,145.905,146.067,4056
2023-09-11 07:00:00,146.065,146.178,145.898,146.171,5205
2023-09-11 08:00:00,146.171,146.486,146.129,146.338,3056
2023-09-11 09:00:00,146.338,146.678,146.266,146.67,3182
2023-09-11 10:00:00,146.668,146.925,146.651,146.897,2938
2023-09-11 11:00:00,146.895,146.979,146.692,146.77,2400
2023-09-11 12:00:00,146.768,146.795,146.288,146.489,4589
2023-09-11 13:00:00,146.491,146.586,146.339,146.434,4977
2023-09-11 14:00:00,146.433,146.433,146.194,146.4,4726
2023-09-11 15:00:00,146.4,146.542,146.382,146.465,2370
2023-09-11 16:00:00,146.464,146.52,146.329,146.469,1583
2023-09-11 17:00:00,146.471,146.537,146.426,146.444,1530
2023-09-11 18:00:00,146.444,146.58,146.443,146.534,1419
2023-09-11 19:00:00,146.532,146.594,146.476,146.531,1650
2023-09-11 20:00:00,146.495,146.577,146.484,146.523,576
2023-09-11 21:00:00,146.569,146.569,146.498,146.544,275
2023-09-11 22:00:00,146.522,146.555,146.405,146.477,870
2023-09-11 23:00:00,146.511,146.68,146.511,146.668,822
2023-09-12 00:00:00,146.668,146.798,146.57,146.684,2847
2023-09-12 01:00:00,146.686,146.701,146.434,146.559,3099
2023-09-12 02:00:00,146.561,146.718,146.517,146.691,2070
2023-09-12 03:00:00,146.69,146.739,146.589,146.676,1358
2023-09-12 04:00:00,146.674,146.733,146.616,146.728,1635
2023-09-12 05:00:00,146.728,146.855,146.726,146.815,1862
2023-09-12 06:00:00,146.813,146.939,146.783,146.882,1982
2023-09-12 07:00:00,146.884,146.91,146.757,146.805,3074
2023-09-12 08:00:00,146.805,146.832,146.656,146.786,2495
2023-09-12 09:00:00,146.786,146.864,146.754,146.786,1802
2023-09-12 10:00:00,146.786,146.976,146.768,146.901,1640
2023-09-12 11:00:00,146.901,146.995,146.859,146.892,1806
2023-09-12 12:00:00,146.892,147.156,146.892,147.116,3556
2023-09-12 13:00:00,147.118,147.223,147.061,147.205,3895
2023-09-12 14:00:00,147.203,147.229,147.085,147.205,3272
2023-09-12 15:00:00,147.204,147.225,147.104,147.12,1904
2023-09-12 16:00:00,147.12,147.192,147.053,147.172,1373
2023-09-12 17:00:00,147.173,147.22,147.149,147.202,1050
2023-09-12 18:00:00,147.202,147.221,147.079,147.093,986
2023-09-12 19:00:00,147.093,147.161,147.086,147.127,991
2023-09-12 20:00:00,147.093,147.135,146.926,147.025,1078
2023-09-12 21:00:00,147.059,147.112,147.01,147.095,352
2023-09-12 22:00:00,147.083,147.083,146.974,147.031,544
2023-09-12 23:00:00,147.059,147.162,147.047,147.156,781
2023-09-13 00:00:00,147.154,147.308,147.093,147.3,2844
2023-09-13 01:00:00,147.3,147.439,147.265,147.314,2746
2023-09-13 02:00:00,147.313,147.444,147.27,147.366,1647
2023-09-13 03:00:00,147.366,147.422,147.291,147.35,1461
2023-09-13 04:00:00,147.35,147.405,147.33,147.389,1134
2023-09-13 05:00:00,147.389,147.395,147.294,147.308,1289
2023-09-13 06:00:00,147.31,147.343,147.213,147.272,2412
2023-09-13 07:00:00,147.274,147.378,147.216,147.26,2491
2023-09-13 08:00:00,147.262,147.367,147.204,147.248,2756
2023-09-13 09:00:00,147.246,147.379,147.246,147.377,2072
2023-09-13 10:00:00,147.377,147.432,147.333,147.378,1542
2023-09-13 11:00:00,147.378,147.411,147.321,147.392,1658
2023-09-13 12:00:00,147.392,147.721,147.177,147.429,9527
2023-09-13 13:00:00,147.429,147.583,147.247,147.411,6832
2023-09-13 14:00:00,147.412,147.597,147.412,147.496,3629
2023-09-13 15:00:00,147.498,147.543,147.392,147.456,2240
2023-09-13 16:00:00,147.456,147.456,147.255,147.342,2276
2023-09-13 17:00:00,147.342,147.353,147.163,147.321,2211
2023-09-13 18:00:00,147.322,147.444,147.302,147.443,1273
2023-09-13 19:00:00,147.441,147.503,147.432,147.448,1063
2023-09-13 20:00:00,147.421,147.457,147.379,147.397,671
2023-09-13 21:00:00,147.397,147.42,147.292,147.348,847
2023-09-13 22:00:00,147.332,147.345,147.274,147.29,618
2023-09-13 23:00:00,147.321,147.351,147.266,147.326,753
2023-09-14 00:00:00,147.327,147.385,147.048,147.081,2294
2023-09-14 01:00:00,147.081,147.188,147.023,147.111,2365
2023-09-14 02:00:00,147.112,147.187,147.087,147.088,1344
2023-09-14 03:00:00,147.086,147.088,147.017,147.083,1156
2023-09-14 04:00:00,147.081,147.142,147.037,147.135,990
2023-09-14 05:00:00,147.133,147.139,147.07,147.111,1433
2023-09-14 06:00:00,147.111,147.157,147.081,147.103,1469
2023-09-14 07:00:00,147.102,147.289,147.093,147.275,1885
2023-09-14 08:00:00,147.276,147.353,147.243,147.286,1803
2023-09-14 09:00:00,147.286,147.387,147.249,147.374,1330
2023-09-14 10:00:00,147.373,147.387,147.276,147.319,1499
2023-09-14 11:00:00,147.319,147.353,147.278,147.334,1642
2023-09-14 12:00:00,147.333,147.56,147.202,147.403,8304
2023-09-14 13:00:00,147.405,147.412,147.049,147.299,7519
2023-09-14 14:00:00,147.299,147.44,147.034,147.12,4109
2023-09-14 15:00:00,147.122,147.203,147.012,147.169,2520
2023-09-14 16:00:00,147.169,147.238,147.046,147.228,1928
2023-09-14 17:00:00,147.228,147.485,147.172,147.42,1431
2023-09-14 18:00:00,147.42,147.48,147.378,147.437,1096
2023-09-14 19:00:00,147.437,147.473,147.416,147.445,1539
2023-09-14 20:00:00,147.416,147.455,147.373,147.4,618
2023-09-14 21:00:00,147.442,147.458,147.383,147.411,226
2023-09-14 22:00:00,147.396,147.461,147.379,147.419,830
2023-09-14 23:00:00,147.448,147.502,147.437,147.458,1005
2023-09-15 00:00:00,147.456,147.515,147.335,147.451,2704
2023-09-15 01:00:00,147.453,147.476,147.35,147.369,1817
2023-09-15 02:00:00,147.369,147.494,147.342,147.482,1589
2023-09-15 03:00:00,147.481,147.494,147.432,147.463,1206
2023-09-15 04:00:00,147.464,147.464,147.371,147.404,946
2023-09-15 05:00:00,147.404,147.687,147.365,147.396,3126
2023-09-15 06:00:00,147.396,147.629,147.386,147.611,2645
2023-09-15 07:00:00,147.613,147.797,147.609,147.751,3079
2023-09-15 08:00:00,147.75,147.814,147.698,147.774,2229
2023-09-15 09:00:00,147.776,147.814,147.716,147.812,1645
2023-09-15 10:00:00,147.81,147.945,147.802,147.942,1495
2023-09-15 11:00:00,147.942,147.942,147.788,147.788,1735
2023-09-15 12:00:00,147.788,147.941,147.74,147.937,3092
2023-09-15 13:00:00,147.937,147.941,147.756,147.855,3948
2023-09-15 14:00:00,147.853,147.862,147.6,147.859,4643
2023-09-15 15:00:00,147.859,147.892,147.781,147.83,2467
2023-09-15 16:00:00,147.83,147.887,147.804,147.86,1334
2023-09-15 17:00:00,147.858,147.861,147.716,147.791,1094
2023-09-15 18:00:00,147.791,147.849,147.761,147.847,1042
2023-09-15 19:00:00,147.847,147.857,147.814,147.852,935
2023-09-15 20:00:00,147.802,147.865,147.781,147.833,635
2023-09-17 21:00:00,147.678,147.751,147.655,147.75,227
2023-09-17 22:00:00,147.727,147.798,147.71,147.786,619
2023-09-17 23:00:00,147.817,147.875,147.815,147.863,686
2023-09-18 00:00:00,147.865,147.871,147.706,147.71,1344
2023-09-18 01:00:00,147.71,147.797,147.702,147.755,1480
2023-09-18 02:00:00,147.755,147.756,147.713,147.737,972
2023-09-18 03:00:00,147.736,147.743,147.723,147.731,560
2023-09-18 04:00:00,147.731,147.736,147.673,147.673,546
2023-09-18 05:00:00,147.671,147.683,147.634,147.65,872
2023-09-18 06:00:00,147.648,147.668,147.553,147.668,1597
2023-09-18 07:00:00,147.669,147.715,147.582,147.714,1986
2023-09-18 08:00:00,147.714,147.751,147.627,147.628,1335
2023-09-18 09:00:00,147.628,147.662,147.595,147.6,1297
2023-09-18 10:00:00,147.602,147.652,147.581,147.652,1212
2023-09-18 11:00:00,147.652,147.659,147.574,147.611,1265
2023-09-18 12:00:00,147.612,147.745,147.597,147.728,2143
2023-09-18 13:00:00,147.727,147.767,147.591,147.752,2930
2023-09-18 14:00:00,147.751,147.765,147.621,147.669,2403
2023-09-18 15:00:00,147.667,147.719,147.597,147.624,1585
2023-09-18 16:00:00,147.624,147.704,147.603,147.622,1258
2023-09-18 17:00:00,147.623,147.673,147.585,147.667,968
2023-09-18 18:00:00,147.666,147.752,147.66,147.745,822
2023-09-18 19:00:00,147.745,147.754,147.597,147.603,1008
2023-09-18 20:00:00,147.568,147.605,147.542,147.551,522
2023-09-18 21:00:00,147.576,147.598,147.543,147.573,208
2023-09-18 22:00:00,147.568,147.592,147.482,147.589,571
2023-09-18 23:00:00,147.618,147.643,147.575,147.611,782
2023-09-19 00:00:00,147.611,147.726,147.503,147.638,2125
2023-09-19 01:00:00,147.638,147.773,147.63,147.701,1592
2023-09-19 02:00:00,147.701,147.756,147.68,147.734,1181
2023-09-19 03:00:00,147.734,147.774,147.731,147.759,947
2023-09-19 04:00:00,147.761,147.784,147.731,147.746,941
2023-09-19 05:00:00,147.746,147.801,147.738,147.783,913
2023-09-19 06:00:00,147.784,147.888,147.784,147.835,1618
2023-09-19 07:00:00,147.836,147.854,147.635,147.643,2222
2023-09-19 08:00:00,147.642,147.717,147.61,147.707,1650
2023-09-19 09:00:00,147.707,147.717,147.668,147.677,1300
2023-09-19 10:00:00,147.677,147.735,147.563,147.662,1478
2023-09-19 11:00:00,147.662,147.706,147.627,147.684,1584
2023-09-19 12:00:00,147.684,147.803,147.645,147.774,2656
2023-09-19 13:00:00,147.776,147.832,147.645,147.706,3002
2023-09-19 14:00:00,147.706,147.767,147.621,147.693,2333
2023-09-19 15:00:00,147.692,147.823,147.689,147.8,1595
2023-09-19 16:00:00,147.8,147.852,147.8,147.823,958
2023-09-19 17:00:00,147.825,147.852,147.787,147.852,901
2023-09-19 18:00:00,147.852,147.917,147.825,147.843,859
2023-09-19 19:00:00,147.843,147.876,147.828,147.842,789
2023-09-19 20:00:00,147.814,147.857,147.761,147.761,599
2023-09-19 21:00:00,147.813,147.841,147.693,147.747,476
2023-09-19 22:00:00,147.737,147.755,147.678,147.73,650
2023-09-19 23:00:00,147.765,147.77,147.687,147.757,853
2023-09-20 00:00:00,147.757,147.814,147.709,147.738,1848
2023-09-20 01:00:00,147.736,147.84,147.701,147.763,1475
2023-09-20 02:00:00,147.763,147.842,147.749,147.831,920
2023-09-20 03:00:00,147.831,147.839,147.774,147.814,793
2023-09-20 04:00:00,147.813,147.837,147.797,147.829,712
2023-09-20 05:00:00,147.829,147.939,147.815,147.896,1026
2023-09-20 06:00:00,147.895,147.958,147.838,147.935,2244
2023-09-20 07:00:00,147.935,148.161,147.904,148.138,3224
2023-09-20 08:00:00,148.138,148.143,148.033,148.085,1972
2023-09-20 09:00:00,148.086,148.088,147.959,147.973,1500
2023-09-20 10:00:00,147.974,147.992,147.816,147.867,1885
2023-09-20 11:00:00,147.866,147.924,147.855,147.875,1265
2023-09-20 12:00:00,147.877,147.927,147.797,147.857,2225
2023-09-20 13:00:00,147.859,147.866,147.686,147.706,2608
2023-09-20 14:00:00,147.708,147.759,147.625,147.69,2453
2023-09-20 15:00:00,147.691,147.736,147.619,147.731,1613
2023-09-20 16:00:00,147.733,147.742,147.489,147.535,1336
2023-09-20 17:00:00,147.535,147.661,147.469,147.594,1278
2023-09-20 18:00:00,147.58,148.109,147.564,148.009,11383
2023-09-20 19:00:00,148.011,148.201,147.97,148.173,3701
2023-09-20 20:00:00,148.137,148.336,148.126,148.29,1200
2023-09-20 21:00:00,148.325,148.325,148.137,148.165,601
2023-09-20 22:00:00,148.157,148.259,148.128,148.223,1192
2023-09-20 23:00:00,148.254,148.331,148.242,148.318,1446
2023-09-21 00:00:00,148.316,148.457,148.313,148.402,2440
2023-09-21 01:00:00,148.402,148.448,148.28,148.321,2110
2023-09-21 02:00:00,148.32,148.339,148.186,148.27,1808
2023-09-21 03:00:00,148.27,148.313,148.247,148.281,962
2023-09-21 04:00:00,148.281,148.402,148.281,148.339,1175
2023-09-21 05:00:00,148.338,148.391,148.32,148.342,1100
2023-09-21 06:00:00,148.34,148.356,148.233,148.268,1596
2023-09-21 07:00:00,148.268,148.374,148.229,148.252,2867
2023-09-21 08:00:00,148.251,148.263,148.151,148.184,2116
2023-09-21 09:00:00,148.183,148.253,148.109,148.131,1762
2023-09-21 10:00:00,148.131,148.137,147.73,147.731,2365
2023-09-21 11:00:00,147.733,147.968,147.694,147.958,3430
2023-09-21 12:00:00,147.957,148.054,147.916,147.95,4264
2023-09-21 13:00:00,147.951,147.977,147.77,147.869,4571
2023-09-21 14:00:00,147.867,147.891,147.364,147.407,4913
2023-09-21 15:00:00,147.409,147.501,147.316,147.417,3538
2023-09-21 16:00:00,147.415,147.575,147.388,147.507,1680
2023-09-21 17:00:00,147.507,147.56,147.42,147.537,1525
2023-09-21 18:00:00,147.537,147.558,147.429,147.515,1114
2023-09-21 19:00:00,147.517,147.569,147.44,147.565,985
2023-09-21 20:00:00,147.5,147.579,147.449,147.51,998
2023-09-21 21:00:00,147.549,147.564,147.478,147.553,196
2023-09-21 22:00:00,147.537,147.552,147.481,147.526,627
2023-09-21 23:00:00,147.555,147.655,147.513,147.643,1353
2023-09-22 00:00:00,147.645,147.697,147.504,147.611,2597
2023-09-22 01:00:00,147.61,147.788,147.6,147.763,2239
2023-09-22 02:00:00,147.763,148.174,147.649,148.039,5856
2023-09-22 03:00:00,148.037,148.177,147.956,148.107,3321
2023-09-22 04:00:00,148.109,148.251,147.899,148.018,2167
2023-09-22 05:00:00,148.018,148.083,147.92,148.078,1523
2023-09-22 06:00:00,148.076,148.411,148.046,148.323,4590
2023-09-22 07:00:00,148.322,148.41,148.212,148.264,4523
2023-09-22 08:00:00,148.266,148.37,148.25,148.284,2071
2023-09-22 09:00:00,148.285,148.316,148.144,148.308,1802
2023-09-22 10:00:00,148.31,148.334,148.13,148.254,1911
2023-09-22 11:00:00,148.253,148.284,148.211,148.252,1573
2023-09-22 12:00:00,148.252,148.289,148.165,148.247,2305
2023-09-22 13:00:00,148.248,148.35,148.152,148.191,3093
2023-09-22 14:00:00,148.191,148.222,147.956,148.074,3217
2023-09-22 15:00:00,148.076,148.244,148.058,148.233,2137
2023-09-22 16:00:00,148.233,148.3,148.229,148.287,1335
2023-09-22 17:00:00,148.289,148.328,148.248,148.318,1044
2023-09-22 18:00:00,148.318,148.387,148.298,148.383,705
2023-09-22 19:00:00,148.383,148.401,148.34,148.385,827
2023-09-22 20:00:00,148.354,148.389,148.314,148.349,466
2023-09-24 21:00:00,148.267,148.308,148.2,148.287,291
2023-09-24 22:00:00,148.289,148.36,148.199,148.35,1129
2023-09-24 23:00:00,148.38,148.442,148.324,148.43,1060
2023-09-25 00:00:00,148.43,148.477,148.319,148.329,1907
2023-09-25 01:00:00,148.329,148.434,148.283,148.406,1139
2023-09-25 02:00:00,148.406,148.431,148.331,148.36,1010
2023-09-25 03:00:00,148.36,148.368,148.317,148.364,880
2023-09-25 04:00:00,148.364,148.404,148.324,148.349,744
2023-09-25 05:00:00,148.349,148.372,148.32,148.362,1025
2023-09-25 06:00:00,148.363,148.432,148.334,148.431,1507
2023-09-25 07:00:00,148.432,148.451,148.369,148.434,1650
2023-09-25 08:00:00,148.436,148.571,148.43,148.558,1940
2023-09-25 09:00:00,148.559,148.62,148.513,148.591,1299
2023-09-25 10:00:00,148.591,148.653,148.562,148.604,1154
2023-09-25 11:00:00,148.604,148.704,148.596,148.67,1297
2023-09-25 12:00:00,148.669,148.75,148.644,148.731,1964
2023-09-25 13:00:00,148.732,148.794,148.732,148.792,2358
2023-09-25 14:00:00,148.79,148.958,148.774,148.926,2538
2023-09-25 15:00:00,148.926,148.927,148.733,148.739,2143
2023-09-25 16:00:00,148.738,148.852,148.72,148.844,1083
2023-09-25 17:00:00,148.844,148.853,148.749,148.811,773
2023-09-25 18:00:00,148.811,148.862,148.762,148.831,703
2023-09-25 19:00:00,148.832,148.834,148.784,148.82,838
2023-09-25 20:00:00,148.79,148.873,148.77,148.824,587
2023-09-25 21:00:00,148.864,148.866,148.777,148.82,242
2023-09-25 22:00:00,148.809,148.819,148.733,148.769,781
2023-09-25 23:00:00,148.798,148.828,148.776,148.819,625
2023-09-26 00:00:00,148.819,148.903,148.701,148.877,1951
2023-09-26 01:00:00,148.877,148.95,148.811,148.921,1753
2023-09-26 02:00:00,148.921,148.937,148.865,148.901,1019
2023-09-26 03:00:00,148.901,148.918,148.812,148.866,1136
2023-09-26 04:00:00,148.867,148.919,148.857,148.877,608
2023-09-26 05:00:00,148.877,148.965,148.832,148.956,1171
2023-09-26 06:00:00,148.956,149.181,148.909,149.159,2283
2023-09-26 07:00:00,149.157,149.162,148.797,148.873,3421
2023-09-26 08:00:00,148.874,148.913,148.756,148.906,3032
2023-09-26 09:00:00,148.906,148.985,148.817,148.851,1826
2023-09-26 10:00:00,148.85,148.928,148.819,148.883,1353
2023-09-26 11:00:00,148.884,148.952,148.819,148.892,1516
2023-09-26 12:00:00,148.892,148.903,148.792,148.792,2495
2023-09-26 13:00:00,148.792,148.985,148.792,148.935,2657
2023-09-26 14:00:00,148.939,148.964,148.805,148.829,3148
2023-09-26 15:00:00,148.831,148.925,148.825,148.901,2107
2023-09-26 16:00:00,148.901,148.958,148.868,148.922,1119
2023-09-26 17:00:00,148.921,148.934,148.861,148.887,936
2023-09-26 18:00:00,148.885,149.071,148.866,149.066,1119
2023-09-26 19:00:00,149.065,149.082,149.02,149.037,893
2023-09-26 20:00:00,149.007,149.075,148.971,148.99,684
2023-09-26 21:00:00,149.003,149.031,148.961,148.989,305
2023-09-26 22:00:00,148.976,149.043,148.933,149.022,700
2023-09-26 23:00:00,149.054,149.076,148.992,149.05,832
2023-09-27 00:00:00,149.053,149.07,148.962,149.031,2042
2023-09-27 01:00:00,149.031,149.057,148.858,148.885,1742
2023-09-27 02:00:00,148.886,149.011,148.886,148.975,1196
2023-09-27 03:00:00,148.975,149.029,148.968,149.013,823
2023-09-27 04:00:00,149.013,149.069,149.007,149.018,924
2023-09-27 05:00:00,149.019,149.094,149.006,149.08,1226
2023-09-27 06:00:00,149.082,149.147,149.042,149.048,1815
2023-09-27 07:00:00,149.046,149.08,148.994,149.027,1522
2023-09-27 08:00:00,149.026,149.075,148.971,149.058,1545
2023-09-27 09:00:00,149.058,149.188,149.057,149.167,1152
2023-09-27 10:00:00,149.167,149.224,149.132,149.212,1217
2023-09-27 11:00:00,149.212,149.244,149.108,149.177,1650
2023-09-27 12:00:00,149.177,149.241,149.144,149.182,2783
2023-09-27 13:00:00,149.184,149.391,149.163,149.375,2640
2023-09-27 14:00:00,149.375,149.492,149.324,149.492,2503
2023-09-27 15:00:00,149.492,149.494,149.371,149.481,2388
2023-09-27 16:00:00,149.481,149.635,149.475,149.614,1515
2023-09-27 17:00:00,149.614,149.688,149.46,149.626,2968
2023-09-27 18:00:00,149.626,149.702,149.549,149.581,1787
2023-09-27 19:00:00,149.58,149.622,149.471,149.591,1627
2023-09-27 20:00:00,149.561,149.639,149.54,149.588,822
2023-09-27 21:00:00,149.572,149.591,149.399,149.46,463
2023-09-27 22:00:00,149.437,149.492,149.418,149.444,845
2023-09-27 23:00:00,149.473,149.512,149.419,149.489,814
2023-09-28 00:00:00,149.49,149.51,149.436,149.453,1955
2023-09-28 01:00:00,149.454,149.553,149.38,149.416,1764
2023-09-28 02:00:00,149.418,149.46,149.369,149.42,1181
2023-09-28 03:00:00,149.42,149.43,149.388,149.419,887
2023-09-28 04:00:00,149.419,149.45,149.326,149.327,991
2023-09-28 05:00:00,149.327,149.397,149.254,149.335,1442
2023-09-28 06:00:00,149.336,149.44,149.335,149.368,1630
2023-09-28 07:00:00,149.366,149.371,149.203,149.311,2123
2023-09-28 08:00:00,149.312,149.424,149.287,149.374,1764
2023-09-28 09:00:00,149.375,149.404,149.206,149.26,1833
2023-09-28 10:00:00,149.259,149.338,149.23,149.306,1261
2023-09-28 11:00:00,149.307,149.34,149.282,149.323,1291
2023-09-28 12:00:00,149.324,149.497,149.16,149.449,4024
2023-09-28 13:00:00,149.451,149.46,149.23,149.295,4512
2023-09-28 14:00:00,149.297,149.382,149.142,149.381,3491
2023-09-28 15:00:00,149.379,149.412,149.175,149.182,2664
2023-09-28 16:00:00,149.182,149.297,149.161,149.284,1825
2023-09-28 17:00:00,149.283,149.379,149.228,149.378,1635
2023-09-28 18:00:00,149.378,149.379,149.217,149.225,1157
2023-09-28 19:00:00,149.225,149.325,149.211,149.226,1145
2023-09-28 20:00:00,149.196,149.279,149.179,149.23,609
2023-09-28 21:00:00,149.271,149.281,149.227,149.265,168
2023-09-28 22:00:00,149.251,149.251,149.153,149.23,674
2023-09-28 23:00:00,149.259,149.369,149.251,149.333,595
2023-09-29 00:00:00,149.328,149.446,149.3,149.377,2118
2023-09-29 01:00:00,149.377,149.428,149.285,149.328,1430
2023-09-29 02:00:00,149.328,149.417,149.275,149.397,1264
2023-09-29 03:00:00,149.399,149.437,149.357,149.383,930
2023-09-29 04:00:00,149.383,149.508,149.327,149.362,1621
2023-09-29 05:00:00,149.362,149.386,149.143,149.164,1439
2023-09-29 06:00:00,149.163,149.194,148.748,148.871,3557
2023-09-29 07:00:00,148.871,148.902,148.522,148.766,3607
2023-09-29 08:00:00,148.765,149.077,148.763,149.07,3081
2023-09-29 09:00:00,149.068,149.131,148.946,149.07,2398
2023-09-29 10:00:00,149.069,149.142,149.015,149.096,2020
2023-09-29 11:00:00,149.096,149.25,149.093,149.236,2115
2023-09-29 12:00:00,149.236,149.274,148.94,149.187,4518
2023-09-29 13:00:00,149.185,149.291,149.081,149.235,4338
2023-09-29 14:00:00,149.233,149.391,149.13,149.204,4279
2023-09-29 15:00:00,149.202,149.435,149.193,149.427,3326
2023-09-29 16:00:00,149.427,149.444,149.327,149.404,1665
2023-09-29 17:00:00,149.404,149.481,149.397,149.44,1497
2023-09-29 18:00:00,149.44,149.483,149.362,149.392,1403
2023-09-29 19:00:00,149.392,149.45,149.359,149.437,1674
2023-09-29 20:00:00,149.397,149.424,149.284,149.314,872
2023-10-01 21:00:00,149.537,149.538,149.45,149.45,536
2023-10-01 22:00:00,149.446,149.568,149.372,149.548,1547
2023-10-01 23:00:00,149.577,149.628,149.485,149.528,1382
2023-10-02 00:00:00,149.527,149.718,149.452,149.675,2155
2023-10-02 01:00:00,149.677,149.735,149.619,149.711,1417
2023-10-02 02:00:00,149.711,149.789,149.685,149.776,904
2023-10-02 03:00:00,149.776,149.795,149.713,149.774,752
2023-10-02 04:00:00,149.776,149.818,149.713,149.724,981
2023-10-02 05:00:00,149.724,149.756,149.616,149.664,1221
2023-10-02 06:00:00,149.663,149.731,149.616,149.625,1672
2023-10-02 07:00:00,149.627,149.75,149.552,149.745,2029
2023-10-02 08:00:00,149.746,149.783,149.654,149.724,1566
2023-10-02 09:00:00,149.724,149.735,149.646,149.73,1536
2023-10-02 10:00:00,149.728,149.762,149.63,149.726,1431
2023-10-02 11:00:00,149.727,149.747,149.692,149.737,1320
2023-10-02 12:00:00,149.737,149.813,149.694,149.8,2247
2023-10-02 13:00:00,149.8,149.853,149.764,149.833,2333
2023-10-02 14:00:00,149.838,149.877,149.676,149.839,4043
2023-10-02 15:00:00,149.837,149.861,149.76,149.804,1872
2023-10-02 16:00:00,149.804,149.842,149.771,149.817,1417
2023-10-02 17:00:00,149.817,149.818,149.74,149.77,1130
2023-10-02 18:00:00,149.77,149.807,149.706,149.748,1126
2023-10-02 19:00:00,149.746,149.803,149.717,149.792,942
2023-10-02 20:00:00,149.776,149.85,149.754,149.778,706
2023-10-02 21:00:00,149.826,149.841,149.733,149.818,217
2023-10-02 22:00:00,149.806,149.816,149.751,149.813,491
2023-10-02 23:00:00,149.841,149.869,149.829,149.861,646
2023-10-03 00:00:00,149.86,149.876,149.782,149.875,2073
2023-10-03 01:00:00,149.874,149.888,149.823,149.851,1079
2023-10-03 02:00:00,149.85,149.884,149.818,149.845,987
2023-10-03 03:00:00,149.845,149.875,149.824,149.86,922
2023-10-03 04:00:00,149.86,149.887,149.834,149.875,815
2023-10-03 05:00:00,149.875,149.93,149.851,149.913,861
2023-10-03 06:00:00,149.911,149.921,149.71,149.736,1875
2023-10-03 07:00:00,149.737,149.789,149.649,149.789,2356
2023-10-03 08:00:00,149.789,149.84,149.734,149.814,1796
2023-10-03 09:00:00,149.814,149.872,149.814,149.853,1098
2023-10-03 10:00:00,149.854,149.909,149.837,149.877,1318
2023-10-03 11:00:00,149.877,149.97,149.872,149.97,1468
2023-10-03 12:00:00,149.969,149.975,149.879,149.915,1992
2023-10-03 13:00:00,149.913,149.957,149.842,149.888,2501
2023-10-03 14:00:00,149.889,150.153,147.285,149.046,39167
2023-10-03 15:00:00,149.047,149.33,149.04,149.166,5993
2023-10-03 16:00:00,149.164,149.197,148.959,149.094,3388
2023-10-03 17:00:00,149.095,149.098,148.941,149.009,1922
2023-10-03 18:00:00,149.009,149.063,148.854,148.859,1791
2023-10-03 19:00:00,148.859,148.999,148.706,148.759,2622
2023-10-03 20:00:00,148.726,149.067,148.68,148.877,1252
2023-10-03 21:00:00,148.958,149.055,148.947,149.034,630
2023-10-03 22:00:00,148.999,149.08,148.918,149.077,1386
2023-10-03 23:00:00,149.106,149.203,149.069,149.176,1803
2023-10-04 00:00:00,149.174,149.233,149.078,149.188,2950
2023-10-04 01:00:00,149.188,149.249,149.143,149.23,2283
2023-10-04 02:00:00,149.23,149.314,149.188,149.297,1287
2023-10-04 03:00:00,149.297,149.31,149.244,149.277,1253
2023-10-04 04:00:00,149.276,149.277,149.161,149.161,1094
2023-10-04 05:00:00,149.161,149.233,149.143,149.23,1211
2023-10-04 06:00:00,149.23,149.266,149.141,149.192,2265
2023-10-04 07:00:00,149.191,149.237,148.731,148.843,3954
2023-10-04 08:00:00,148.842,149.078,148.839,148.983,2689
2023-10-04 09:00:00,148.981,149.16,148.969,149.133,2354
2023-10-04 10:00:00,149.135,149.207,149.014,149.025,2105
2023-10-04 11:00:00,149.024,149.033,148.839,148.999,3112
2023-10-04 12:00:00,148.998,149.078,148.777,148.871,6258
2023-10-04 13:00:00,148.869,148.984,148.838,148.939,4148
2023-10-04 14:00:00,148.938,149.128,148.875,148.962,5458
2023-10-04 15:00:00,148.96,148.991,148.761,148.827,3472
2023-10-04 16:00:00,148.827,148.901,148.814,148.877,2313
2023-10-04 17:00:00,148.879,149.071,148.876,149.064,1740
2023-10-04 18:00:00,149.066,149.128,149.029,149.033,1541
2023-10-04 19:00:00,149.032,149.118,148.991,149.044,1522
2023-10-04 20:00:00,149.026,149.099,148.974,148.976,804
2023-10-04 21:00:00,149.062,149.062,148.972,148.996,385
2023-10-04 22:00:00,148.977,149.008,148.896,148.965,702
2023-10-04 23:00:00,148.994,148.996,148.916,148.975,880
2023-10-05 00:00:00,148.978,149.007,148.486,148.541,3146
2023-10-05 01:00:00,148.54,148.598,148.256,148.302,4927
2023-10-05 02:00:00,148.302,148.521,148.285,148.465,1818
2023-10-05 03:00:00,148.465,148.586,148.411,148.515,1816
2023-10-05 04:00:00,148.514,148.547,148.439,148.546,1278
2023-10-05 05:00:00,148.546,148.598,148.504,148.587,1366
2023-10-05 06:00:00,148.585,148.829,148.568,148.826,2119
2023-10-05 07:00:00,148.827,149.09,148.766,149.052,2832
2023-10-05 08:00:00,149.052,149.084,148.918,149.006,2322
2023-10-05 09:00:00,149.007,149.026,148.827,148.959,1750
2023-10-05 10:00:00,148.959,149.002,148.803,148.838,1662
2023-10-05 11:00:00,148.838,148.931,148.812,148.82,1806
2023-10-05 12:00:00,148.82,149.111,148.813,148.924,4172
2023-10-05 13:00:00,148.925,148.963,148.538,148.594,4891
2023-10-05 14:00:00,148.598,148.78,148.547,148.607,4570
2023-10-05 15:00:00,148.607,148.689,148.432,148.488,3286
2023-10-05 16:00:00,148.488,148.523,148.373,148.402,2618
2023-10-05 17:00:00,148.402,148.444,148.301,148.427,1780
2023-10-05 18:00:00,148.426,148.426,148.323,148.388,1497
2023-10-05 19:00:00,148.387,148.453,148.387,148.445,1070
2023-10-05 20:00:00,148.399,148.496,148.389,148.449,554
2023-10-05 21:00:00,148.438,148.477,148.394,148.473,248
2023-10-05 22:00:00,148.461,148.461,148.391,148.426,446
2023-10-05 23:00:00,148.455,148.49,148.357,148.466,716
2023-10-06 00:00:00,148.468,148.655,148.464,148.638,2202
2023-10-06 01:00:00,148.638,148.688,148.461,148.503,1620
2023-10-06 02:00:00,148.503,148.654,148.485,148.61,1220
2023-10-06 03:00:00,148.609,148.688,148.557,148.686,1430
2023-10-06 04:00:00,148.686,148.763,148.653,148.752,1155
2023-10-06 05:00:00,148.751,148.842,148.744,148.83,1107
2023-10-06 06:00:00,148.83,148.984,148.816,148.947,1617
2023-10-06 07:00:00,148.945,148.945,148.833,148.883,2169
2023-10-06 08:00:00,148.883,148.94,148.837,148.905,1970
2023-10-06 09:00:00,148.904,149.069,148.855,149.036,1739
2023-10-06 10:00:00,149.034,149.051,148.976,149.033,1570
2023-10-06 11:00:00,149.032,149.088,149.015,149.047,1350
2023-10-06 12:00:00,149.047,149.531,148.964,149.413,7927
2023-10-06 13:00:00,149.412,149.454,149.21,149.369,6165
2023-10-06 14:00:00,149.367,149.376,149.161,149.371,4415
2023-10-06 15:00:00,149.37,149.372,149.036,149.083,4434
2023-10-06 16:00:00,149.082,149.297,149.059,149.289,2551
2023-10-06 17:00:00,149.288,149.35,149.226,149.342,1543
2023-10-06 18:00:00,149.342,149.354,149.268,149.336,1173
2023-10-06 19:00:00,149.334,149.353,149.277,149.33,1313
2023-10-06 20:00:00,149.288,149.323,149.205,149.253,771
2023-10-08 21:00:00,149.037,149.132,149.034,149.09,392
2023-10-08 22:00:00,149.081,149.206,148.927,149.137,2136
2023-10-08 23:00:00,149.166,149.204,149.131,149.148,1729
2023-10-09 00:00:00,149.148,149.198,149.097,149.098,1830
2023-10-09 01:00:00,149.098,149.174,149.074,149.13,1076
2023-10-09 02:00:00,149.13,149.15,149.088,149.12,883
2023-10-09 03:00:00,149.121,149.174,149.117,149.153,703
2023-10-09 04:00:00,149.152,149.202,149.127,149.196,832
2023-10-09 05:00:00,149.195,149.22,149.162,149.186,946
2023-10-09 06:00:00,149.186,149.195,149.103,149.183,1802
2023-10-09 07:00:00,149.182,149.193,149.108,149.164,1618
2023-10-09 08:00:00,149.164,149.172,149.13,149.136,912
2023-10-09 09:00:00,149.136,149.147,149.088,149.112,828
2023-10-09 10:00:00,149.112,149.167,149.079,149.144,847
2023-10-09 11:00:00,149.144,149.178,149.112,149.148,797
2023-10-09 12:00:00,149.148,149.171,149.049,149.059,1932
2023-10-09 13:00:00,149.059,149.066,148.839,148.873,3194
2023-10-09 14:00:00,148.873,148.875,148.515,148.537,2972
2023-10-09 15:00:00,148.537,148.717,148.514,148.7,1692
2023-10-09 16:00:00,148.699,148.776,148.697,148.717,918
2023-10-09 17:00:00,148.718,148.742,148.445,148.522,1337
2023-10-09 18:00:00,148.523,148.588,148.447,148.454,1068
2023-10-09 19:00:00,148.453,148.547,148.432,148.436,1401
2023-10-09 20:00:00,148.379,148.511,148.379,148.446,656
2023-10-09 21:00:00,148.474,148.515,148.419,148.515,435
2023-10-09 22:00:00,148.498,148.499,148.32,148.385,743
2023-10-09 23:00:00,148.414,148.455,148.286,148.328,1292
2023-10-10 00:00:00,148.328,148.662,148.158,148.514,4360
2023-10-10 01:00:00,148.516,148.55,148.305,148.509,2890
2023-10-10 02:00:00,148.51,148.629,148.482,148.613,1708
2023-10-10 03:00:00,148.615,148.632,148.523,148.611,1196
2023-10-10 04:00:00,148.613,148.754,148.61,148.736,1383
2023-10-10 05:00:00,148.737,148.774,148.67,148.758,1219
2023-10-10 06:00:00,148.757,148.925,148.516,148.889,5985
2023-10-10 07:00:00,148.887,149.065,148.845,148.956,3656
2023-10-10 08:00:00,148.954,149.004,148.735,148.826,2849
2023-10-10 09:00:00,148.827,148.935,148.817,148.861,1964
2023-10-10 10:00:00,148.86,148.953,148.855,148.941,1475
2023-10-10 11:00:00,148.941,149.093,148.936,149.061,2063
2023-10-10 12:00:00,149.063,149.089,148.891,148.923,3347
2023-10-10 13:00:00,148.925,149.077,148.924,148.933,3556
2023-10-10 14:00:00,148.932,148.958,148.808,148.839,3362
2023-10-10 15:00:00,148.84,148.846,148.57,148.619,2745
2023-10-10 16:00:00,148.62,148.682,148.54,148.55,2107
2023-10-10 17:00:00,148.55,148.768,148.55,148.761,2205
2023-10-10 18:00:00,148.761,148.771,148.689,148.725,1242
2023-10-10 19:00:00,148.724,148.757,148.651,148.68,1285
2023-10-10 20:00:00,148.664,148.713,148.62,148.645,532
2023-10-10 21:00:00,148.678,148.693,148.635,148.65,308
2023-10-10 22:00:00,148.657,148.667,148.565,148.595,529
2023-10-10 23:00:00,148.624,148.635,148.548,148.625,789
2023-10-11 00:00:00,148.623,148.648,148.42,148.569,2520
2023-10-11 01:00:00,148.569,148.705,148.539,148.635,1867
2023-10-11 02:00:00,148.635,148.747,148.627,148.72,1349
2023-10-11 03:00:00,148.72,148.833,148.7,148.814,927
2023-10-11 04:00:00,148.812,148.891,148.794,148.87,866
2023-10-11 05:00:00,148.869,148.949,148.807,148.918,1060
2023-10-11 06:00:00,148.917,148.967,148.851,148.891,2124
2023-10-11 07:00:00,148.893,148.91,148.577,148.756,3131
2023-10-11 08:00:00,148.756,148.819,148.617,148.659,2944
2023-10-11 09:00:00,148.659,148.718,148.603,148.67,1893
2023-10-11 10:00:00,148.67,148.745,148.644,148.704,1603
2023-10-11 11:00:00,148.702,148.833,148.659,148.829,1780
2023-10-11 12:00:00,148.829,149.074,148.828,148.873,5162
2023-10-11 13:00:00,148.872,149.041,148.818,148.955,4280
2023-10-11 14:00:00,148.956,149.14,148.946,149.13,3277
2023-10-11 15:00:00,149.132,149.181,148.958,148.998,2665
2023-10-11 16:00:00,148.998,149.17,148.989,149.146,1803
2023-10-11 17:00:00,149.148,149.308,149.134,149.208,2101
2023-10-11 18:00:00,149.209,149.319,149.059,149.255,2372
2023-10-11 19:00:00,149.255,149.258,149.157,149.197,1120
2023-10-11 20:00:00,149.164,149.201,149.022,149.024,744
2023-10-11 21:00:00,149.108,149.138,149.018,149.072,349
2023-10-11 22:00:00,149.057,149.093,148.948,148.971,694
2023-10-11 23:00:00,149.0,149.057,148.974,149.032,672
2023-10-12 00:00:00,149.031,149.159,149.019,149.133,2194
2023-10-12 01:00:00,149.133,149.161,149.016,149.106,1550
2023-10-12 02:00:00,149.107,149.269,149.081,149.253,1591
2023-10-12 03:00:00,149.254,149.259,149.127,149.127,1178
2023-10-12 04:00:00,149.125,149.173,149.081,149.124,913
2023-10-12 05:00:00,149.124,149.15,149.043,149.094,927
2023-10-12 06:00:00,149.094,149.146,148.951,149.031,1809
2023-10-12 07:00:00,149.033,149.193,149.027,149.175,1869
2023-10-12 08:00:00,149.174,149.186,149.053,149.077,1536
2023-10-12 09:00:00,149.075,149.143,149.055,149.137,1377
2023-10-12 10:00:00,149.137,149.158,149.105,149.155,1029
2023-10-12 11:00:00,149.155,149.2,149.138,149.146,1318
2023-10-12 12:00:00,149.145,149.477,149.035,149.444,5264
2023-10-12 13:00:00,149.443,149.59,149.386,149.585,4460
2023-10-12 14:00:00,149.586,149.737,149.573,149.726,3216
2023-10-12 15:00:00,149.726,149.791,149.672,149.713,2381
2023-10-12 16:00:00,149.711,149.779,149.655,149.733,1552
2023-10-12 17:00:00,149.732,149.795,149.709,149.793,2167
2023-10-12 18:00:00,149.794,149.822,149.708,149.814,1311
2023-10-12 19:00:00,149.814,149.824,149.769,149.809,909
2023-10-12 20:00:00,149.779,149.796,149.742,149.75,426
2023-10-12 21:00:00,149.775,149.79,149.718,149.74,283
2023-10-12 22:00:00,149.734,149.758,149.722,149.736,344
2023-10-12 23:00:00,149.765,149.795,149.737,149.783,639
2023-10-13 00:00:00,149.783,149.822,149.729,149.749,1991
2023-10-13 01:00:00,149.749,149.82,149.72,149.795,1176
2023-10-13 02:00:00,149.795,149.818,149.759,149.797,890
2023-10-13 03:00:00,149.797,149.797,149.742,149.76,742
2023-10-13 04:00:00,149.76,149.762,149.599,149.642,978
2023-10-13 05:00:00,149.642,149.733,149.569,149.708,1318
2023-10-13 06:00:00,149.708,149.756,149.63,149.745,1856
2023-10-13 07:00:00,149.746,149.746,149.636,149.651,1899
2023-10-13 08:00:00,149.65,149.707,149.617,149.697,1602
2023-10-13 09:00:00,149.697,149.772,149.638,149.638,1851
2023-10-13 10:00:00,149.638,149.654,149.558,149.62,1896
2023-10-13 11:00:00,149.621,149.63,149.554,149.609,1988
2023-10-13 12:00:00,149.607,149.618,149.45,149.53,3242
2023-10-13 13:00:00,149.53,149.643,149.449,149.627,3002
2023-10-13 14:00:00,149.626,149.739,149.556,149.659,3083
2023-10-13 15:00:00,149.658,149.686,149.589,149.615,1888
2023-10-13 16:00:00,149.613,149.618,149.538,149.567,1495
2023-10-13 17:00:00,149.567,149.584,149.492,149.524,1313
2023-10-13 18:00:00,149.524,149.537,149.485,149.494,996
2023-10-13 19:00:00,149.494,149.529,149.464,149.504,881
2023-10-13 20:00:00,149.473,149.575,149.473,149.526,727
2023-10-15 21:00:00,149.308,149.509,149.305,149.432,331
2023-10-15 22:00:00,149.417,149.562,149.404,149.554,1353
2023-10-15 23:00:00,149.583,149.627,149.549,149.558,1159
2023-10-16 00:00:00,149.557,149.572,149.412,149.494,2468
2023-10-16 01:00:00,149.494,149.519,149.459,149.465,1014
2023-10-16 02:00:00,149.465,149.473,149.425,149.44,594
2023-10-16 03:00:00,149.439,149.516,149.426,149.473,652
2023-10-16 04:00:00,149.473,149.474,149.404,149.431,800
2023-10-16 05:00:00,149.431,149.474,149.37,149.44,964
2023-10-16 06:00:00,149.441,149.58,149.431,149.57,1956
2023-10-16 07:00:00,149.571,149.609,149.533,149.567,2025
2023-10-16 08:00:00,149.567,149.591,149.473,149.491,1229
2023-10-16 09:00:00,149.49,149.511,149.444,149.478,1165
2023-10-16 10:00:00,149.48,149.582,149.475,149.552,1118
2023-10-16 11:00:00,149.552,149.574,149.468,149.504,1040
2023-10-16 12:00:00,149.503,149.536,149.405,149.446,2679
2023-10-16 13:00:00,149.446,149.709,149.435,149.706,2598
2023-10-16 14:00:00,149.706,149.758,149.634,149.635,2237
2023-10-16 15:00:00,149.633,149.64,149.546,149.569,1684
2023-10-16 16:00:00,149.567,149.606,149.544,149.577,917
2023-10-16 17:00:00,149.577,149.609,149.542,149.584,755
2023-10-16 18:00:00,149.584,149.594,149.512,149.512,613
2023-10-16 19:00:00,149.512,149.578,149.505,149.514,695
2023-10-16 20:00:00,149.486,149.517,149.442,149.442,427
2023-10-16 21:00:00,149.479,149.52,149.452,149.502,396
2023-10-16 22:00:00,149.484,149.551,149.427,149.549,582
2023-10-16 23:00:00,149.578,149.599,149.545,149.577,603
2023-10-17 00:00:00,149.575,149.626,149.476,149.501,1545
2023-10-17 01:00:00,149.499,149.568,149.481,149.537,1159
2023-10-17 02:00:00,149.535,149.566,149.53,149.544,559
2023-10-17 03:00:00,149.544,149.571,149.519,149.542,861
2023-10-17 04:00:00,149.542,149.554,149.497,149.547,580
2023-10-17 05:00:00,149.546,149.607,149.545,149.604,755
2023-10-17 06:00:00,149.602,149.653,149.561,149.651,1268
2023-10-17 07:00:00,149.651,149.651,149.526,149.596,1392
2023-10-17 08:00:00,149.596,149.686,149.581,149.667,1272
2023-10-17 09:00:00,149.664,149.691,149.658,149.677,1002
2023-10-17 10:00:00,149.678,149.748,148.738,149.547,8823
2023-10-17 11:00:00,149.545,149.551,149.352,149.459,2028
2023-10-17 12:00:00,149.457,149.788,149.448,149.768,3325
2023-10-17 13:00:00,149.77,149.791,149.674,149.768,2844
2023-10-17 14:00:00,149.768,149.773,149.593,149.693,2611
2023-10-17 15:00:00,149.694,149.751,149.666,149.712,2040
2023-10-17 16:00:00,149.712,149.766,149.684,149.755,1318
2023-10-17 17:00:00,149.755,149.845,149.755,149.821,900
2023-10-17 18:00:00,149.821,149.828,149.763,149.78,839
2023-10-17 19:00:00,149.779,149.779,149.712,149.773,983
2023-10-17 20:00:00,149.729,149.821,149.729,149.748,558
2023-10-17 21:00:00,149.781,149.799,149.719,149.761,214
2023-10-17 22:00:00,149.748,149.759,149.689,149.729,527
2023-10-17 23:00:00,149.759,149.789,149.748,149.758,398
2023-10-18 00:00:00,149.756,149.785,149.715,149.768,1049
2023-10-18 01:00:00,149.768,149.788,149.738,149.746,938
2023-10-18 02:00:00,149.746,149.75,149.65,149.68,1135
2023-10-18 03:00:00,149.678,149.683,149.481,149.663,1218
2023-10-18 04:00:00,149.663,149.689,149.65,149.668,790
2023-10-18 05:00:00,149.667,149.693,149.634,149.641,818
2023-10-18 06:00:00,149.64,149.694,149.599,149.677,1788
2023-10-18 07:00:00,149.678,149.747,149.648,149.742,1628
2023-10-18 08:00:00,149.742,149.776,149.72,149.769,1106
2023-10-18 09:00:00,149.769,149.779,149.607,149.726,1766
2023-10-18 10:00:00,149.727,149.753,149.662,149.697,1172
2023-10-18 11:00:00,149.696,149.705,149.624,149.676,1240
2023-10-18 12:00:00,149.675,149.774,149.627,149.73,1785
2023-10-18 13:00:00,149.729,149.756,149.673,149.712,2012
2023-10-18 14:00:00,149.711,149.88,149.673,149.778,2494
2023-10-18 15:00:00,149.779,149.877,149.765,149.861,1864
2023-10-18 16:00:00,149.86,149.879,149.766,149.816,1402
2023-10-18 17:00:00,149.815,149.823,149.728,149.778,1712
2023-10-18 18:00:00,149.778,149.895,149.769,149.888,887
2023-10-18 19:00:00,149.887,149.912,149.856,149.874,703
2023-10-18 20:00:00,149.845,149.906,149.777,149.779,441
2023-10-18 21:00:00,149.779,149.864,149.723,149.786,438
2023-10-18 22:00:00,149.771,149.832,149.747,149.823,658
2023-10-18 23:00:00,149.852,149.885,149.742,149.761,1112
2023-10-19 00:00:00,149.767,149.797,149.664,149.749,2462
2023-10-19 01:00:00,149.751,149.836,149.729,149.797,1530
2023-10-19 02:00:00,149.798,149.836,149.782,149.803,838
2023-10-19 03:00:00,149.804,149.824,149.787,149.804,623
2023-10-19 04:00:00,149.804,149.808,149.761,149.805,510
2023-10-19 05:00:00,149.805,149.826,149.767,149.777,602
2023-10-19 06:00:00,149.776,149.799,149.719,149.781,1465
2023-10-19 07:00:00,149.781,149.807,149.731,149.797,1540
2023-10-19 08:00:00,149.798,149.849,149.785,149.828,1439
2023-10-19 09:00:00,149.828,149.873,149.819,149.836,1005
2023-10-19 10:00:00,149.837,149.837,149.774,149.798,1043
2023-10-19 11:00:00,149.798,149.86,149.786,149.854,1015
2023-10-19 12:00:00,149.854,149.885,149.777,149.82,2366
2023-10-19 13:00:00,149.818,149.842,149.763,149.787,2012
2023-10-19 14:00:00,149.787,149.923,149.766,149.918,1966
2023-10-19 15:00:00,149.918,149.929,149.812,149.917,1498
2023-10-19 16:00:00,149.915,149.959,149.673,149.732,6469
2023-10-19 17:00:00,149.73,149.833,149.688,149.764,3174
2023-10-19 18:00:00,149.764,149.855,149.713,149.849,1454
2023-10-19 19:00:00,149.849,149.854,149.774,149.798,1251
2023-10-19 20:00:00,149.767,149.812,149.715,149.715,604
2023-10-19 21:00:00,149.725,149.767,149.687,149.755,389
2023-10-19 22:00:00,149.743,149.805,149.713,149.787,515
2023-10-19 23:00:00,149.816,149.834,149.756,149.802,1017
2023-10-20 00:00:00,149.802,149.855,149.791,149.844,1508
2023-10-20 01:00:00,149.843,149.936,149.842,149.866,1238
2023-10-20 02:00:00,149.866,149.881,149.82,149.845,884
2023-10-20 03:00:00,149.845,149.847,149.813,149.845,587
2023-10-20 04:00:00,149.845,149.875,149.839,149.856,506
2023-10-20 05:00:00,149.856,149.89,149.843,149.849,690
2023-10-20 06:00:00,149.849,149.947,149.838,149.892,1410
2023-10-20 07:00:00,149.894,149.975,149.859,149.963,1700
2023-10-20 08:00:00,149.963,149.987,149.643,149.942,3660
2023-10-20 09:00:00,149.944,149.967,149.881,149.933,1781
2023-10-20 10:00:00,149.933,149.945,149.9,149.934,751
2023-10-20 11:00:00,149.934,149.953,149.912,149.94,906
2023-10-20 12:00:00,149.94,149.984,149.92,149.96,1851
2023-10-20 13:00:00,149.958,149.973,149.851,149.915,2012
2023-10-20 14:00:00,149.915,149.936,149.853,149.892,1901
2023-10-20 15:00:00,149.892,149.893,149.793,149.846,1709
2023-10-20 16:00:00,149.846,149.879,149.811,149.846,1117
2023-10-20 17:00:00,149.846,149.871,149.772,149.833,1525
2023-10-20 18:00:00,149.833,149.88,149.829,149.851,866
2023-10-20 19:00:00,149.852,149.883,149.836,149.861,786
2023-10-20 20:00:00,149.845,149.853,149.787,149.838,564
2023-10-22 21:00:00,149.836,149.851,149.734,149.805,259
2023-10-22 22:00:00,149.784,149.847,149.754,149.827,797
2023-10-22 23:00:00,149.856,149.889,149.847,149.882,561
2023-10-23 00:00:00,149.882,149.882,149.775,149.855,1184
2023-10-23 01:00:00,149.855,149.88,149.843,149.874,723
2023-10-23 02:00:00,149.874,149.917,149.858,149.915,619
2023-10-23 03:00:00,149.915,149.937,149.899,149.934,528
2023-10-23 04:00:00,149.934,149.937,149.921,149.933,396
2023-10-23 05:00:00,149.933,149.957,149.918,149.927,500
2023-10-23 06:00:00,149.927,149.939,149.903,149.928,857
2023-10-23 07:00:00,149.928,149.946,149.884,149.896,1210
2023-10-23 08:00:00,149.896,149.939,149.863,149.934,849
2023-10-23 09:00:00,149.934,149.979,149.916,149.978,899
2023-10-23 10:00:00,149.978,149.986,149.862,149.967,1198
2023-10-23 11:00:00,149.967,149.97,149.895,149.924,912
2023-10-23 12:00:00,149.924,149.957,149.868,149.936,1508
2023-10-23 13:00:00,149.936,149.947,149.897,149.943,1422
2023-10-23 14:00:00,149.942,149.944,149.843,149.859,1808
2023-10-23 15:00:00,149.86,149.864,149.732,149.785,1514
2023-10-23 16:00:00,149.786,149.811,149.671,149.671,1284
2023-10-23 17:00:00,149.673,149.726,149.642,149.699,1418
2023-10-23 18:00:00,149.699,149.722,149.555,149.559,925
2023-10-23 19:00:00,149.558,149.643,149.552,149.641,1158
2023-10-23 20:00:00,149.603,149.7,149.592,149.651,625
2023-10-23 21:00:00,149.652,149.682,149.586,149.657,391
2023-10-23 22:00:00,149.65,149.666,149.592,149.644,481
2023-10-23 23:00:00,149.684,149.784,149.668,149.773,631
2023-10-24 00:00:00,149.772,149.783,149.66,149.674,1269
2023-10-24 01:00:00,149.674,149.695,149.573,149.596,1327
2023-10-24 02:00:00,149.594,149.644,149.494,149.581,1334
2023-10-24 03:00:00,149.581,149.621,149.518,149.606,648
2023-10-24 04:00:00,149.606,149.662,149.606,149.648,543
2023-10-24 05:00:00,149.648,149.745,149.61,149.68,954
2023-10-24 06:00:00,149.68,149.692,149.4,149.453,1710
2023-10-24 07:00:00,149.452,149.485,149.317,149.483,2821
2023-10-24 08:00:00,149.482,149.549,149.323,149.513,2440
2023-10-24 09:00:00,149.514,149.695,149.513,149.643,1545
2023-10-24 10:00:00,149.643,149.796,149.622,149.787,1353
2023-10-24 11:00:00,149.789,149.84,149.719,149.752,1426
2023-10-24 12:00:00,149.751,149.824,149.75,149.801,1705
2023-10-24 13:00:00,149.803,149.926,149.789,149.847,2444
2023-10-24 14:00:00,149.845,149.888,149.795,149.869,2156
2023-10-24 15:00:00,149.868,149.917,149.836,149.841,1450
2023-10-24 16:00:00,149.84,149.84,149.743,149.791,1233
2023-10-24 17:00:00,149.792,149.868,149.75,149.861,1033
2023-10-24 18:00:00,149.862,149.904,149.861,149.9,704
2023-10-24 19:00:00,149.902,149.908,149.865,149.887,848
2023-10-24 20:00:00,149.871,149.898,149.814,149.837,656
2023-10-24 21:00:00,149.839,149.883,149.78,149.824,276
2023-10-24 22:00:00,149.814,149.838,149.789,149.827,379
2023-10-24 23:00:00,149.856,149.869,149.847,149.852,351
2023-10-25 00:00:00,149.851,149.92,149.828,149.88,1361
2023-10-25 01:00:00,149.88,149.885,149.822,149.855,731
2023-10-25 02:00:00,149.855,149.855,149.791,149.798,505
2023-10-25 03:00:00,149.799,149.846,149.797,149.842,461
2023-10-25 04:00:00,149.842,149.861,149.837,149.839,427
2023-10-25 05:00:00,149.839,149.861,149.817,149.852,532
2023-10-25 06:00:00,149.852,149.887,149.82,149.886,727
2023-10-25 07:00:00,149.887,149.908,149.873,149.896,975
2023-10-25 08:00:00,149.896,149.918,149.863,149.905,935
2023-10-25 09:00:00,149.905,149.94,149.893,149.931,886
2023-10-25 10:00:00,149.932,149.939,149.898,149.925,723
2023-10-25 11:00:00,149.925,149.935,149.903,149.924,833
2023-10-25 12:00:00,149.924,149.936,149.902,149.917,1081
2023-10-25 13:00:00,149.915,149.939,149.875,149.893,1388
2023-10-25 14:00:00,149.894,149.94,149.888,149.922,1945
2023-10-25 15:00:00,149.922,149.96,149.902,149.933,1559
2023-10-25 16:00:00,149.934,149.973,149.926,149.963,688
2023-10-25 17:00:00,149.964,150.042,149.87,149.985,2696
2023-10-25 18:00:00,149.985,150.03,149.965,150.008,946
2023-10-25 19:00:00,150.008,150.052,149.992,150.052,660
2023-10-25 20:00:00,150.013,150.285,150.013,150.087,1068
2023-10-25 21:00:00,150.082,150.137,149.939,150.105,420
2023-10-25 22:00:00,150.109,150.155,150.019,150.15,689
2023-10-25 23:00:00,150.179,150.185,150.074,150.092,897
2023-10-26 00:00:00,150.093,150.222,150.036,150.2,1554
2023-10-26 01:00:00,150.2,150.299,150.172,150.259,1551
2023-10-26 02:00:00,150.259,150.433,150.249,150.427,1524
2023-10-26 03:00:00,150.427,150.473,150.393,150.415,790
2023-10-26 04:00:00,150.415,150.431,150.374,150.428,622
2023-10-26 05:00:00,150.428,150.492,150.405,150.486,888
2023-10-26 06:00:00,150.485,150.772,149.864,150.438,6690
2023-10-26 07:00:00,150.44,150.618,150.408,150.473,3443
2023-10-26 08:00:00,150.473,150.473,150.317,150.398,1984
2023-10-26 09:00:00,150.398,150.405,150.26,150.319,1457
2023-10-26 10:00:00,150.319,150.319,150.198,150.267,1419
2023-10-26 11:00:00,150.267,150.442,150.265,150.429,1272
2023-10-26 12:00:00,150.427,150.517,150.167,150.189,4546
2023-10-26 13:00:00,150.188,150.267,150.081,150.25,3725
2023-10-26 14:00:00,150.252,150.445,150.24,150.338,3101
2023-10-26 15:00:00,150.338,150.497,150.296,150.442,1992
2023-10-26 16:00:00,150.442,150.454,150.341,150.417,1333
2023-10-26 17:00:00,150.417,150.426,150.231,150.4,1863
2023-10-26 18:00:00,150.4,150.423,150.354,150.363,1001
2023-10-26 19:00:00,150.364,150.413,150.327,150.396,916
2023-10-26 20:00:00,150.398,150.414,150.261,150.261,842
2023-10-26 21:00:00,150.314,150.388,150.29,150.356,220
2023-10-26 22:00:00,150.343,150.361,150.301,150.336,337
2023-10-26 23:00:00,150.365,150.38,150.288,150.363,767
2023-10-27 00:00:00,150.361,150.408,150.28,150.371,1508
2023-10-27 01:00:00,150.371,150.387,150.249,150.276,971
2023-10-27 02:00:00,150.276,150.307,150.162,150.168,869
2023-10-27 03:00:00,150.168,150.23,150.139,150.21,691
2023-10-27 04:00:00,150.211,150.244,150.166,150.167,519
2023-10-27 05:00:00,150.167,150.216,150.082,150.097,965
2023-10-27 06:00:00,150.096,150.273,150.076,150.182,1451
2023-10-27 07:00:00,150.181,150.242,150.107,150.153,1980
2023-10-27 08:00:00,150.152,150.176,150.061,150.071,1290
2023-10-27 09:00:00,150.073,150.087,149.968,150.01,1207
2023-10-27 10:00:00,150.009,150.078,149.982,150.07,1124
2023-10-27 11:00:00,150.069,150.139,150.054,150.079,988
2023-10-27 12:00:00,150.079,150.079,149.721,149.868,3653
2023-10-27 13:00:00,149.87,149.895,149.607,149.698,3695
2023-10-27 14:00:00,149.696,149.792,149.579,149.615,2652
2023-10-27 15:00:00,149.616,149.657,149.544,149.605,1809
2023-10-27 16:00:00,149.605,149.694,149.588,149.626,1053
2023-10-27 17:00:00,149.626,149.637,149.507,149.516,1299
2023-10-27 18:00:00,149.516,149.52,149.456,149.506,1166
2023-10-27 19:00:00,149.506,149.574,149.492,149.553,880
2023-10-27 20:00:00,149.526,149.662,149.465,149.6,949
2023-10-29 21:00:00,149.452,149.556,149.438,149.551,207
2023-10-29 22:00:00,149.521,149.67,149.512,149.67,722
2023-10-29 23:00:00,149.699,149.764,149.671,149.733,797
2023-10-30 00:00:00,149.733,149.81,149.679,149.798,1271
2023-10-30 01:00:00,149.798,149.802,149.69,149.724,882
2023-10-30 02:00:00,149.724,149.754,149.617,149.642,688
2023-10-30 03:00:00,149.641,149.641,149.562,149.577,468
2023-10-30 04:00:00,149.577,149.6,149.528,149.553,458
2023-10-30 05:00:00,149.553,149.644,149.553,149.638,578
2023-10-30 06:00:00,149.639,149.662,149.41,149.44,1096
2023-10-30 07:00:00,149.44,149.59,149.278,149.52,2554
2023-10-30 08:00:00,149.519,149.634,149.471,149.577,1822
2023-10-30 09:00:00,149.577,149.686,149.557,149.628,1565
2023-10-30 10:00:00,149.628,149.688,149.606,149.682,1146
2023-10-30 11:00:00,149.682,149.774,149.682,149.749,1369
2023-10-30 12:00:00,149.749,149.851,149.747,149.76,1679
2023-10-30 13:00:00,149.76,149.794,149.697,149.756,1733
2023-10-30 14:00:00,149.758,149.764,149.042,149.085,10917
2023-10-30 15:00:00,149.085,149.108,148.798,149.004,3455
2023-10-30 16:00:00,149.004,149.171,148.958,149.015,2075
2023-10-30 17:00:00,149.015,149.083,148.958,149.032,1155
2023-10-30 18:00:00,149.033,149.051,148.965,148.996,824
2023-10-30 19:00:00,148.996,149.109,148.948,149.058,1057
2023-10-30 20:00:00,149.035,149.099,148.946,148.956,697
2023-10-30 21:00:00,148.983,149.067,148.983,149.052,496
2023-10-30 22:00:00,149.038,149.095,148.936,149.094,698
2023-10-30 23:00:00,149.118,149.16,149.079,149.091,643
2023-10-31 00:00:00,149.093,149.447,149.084,149.41,2210
2023-10-31 01:00:00,149.411,149.526,149.365,149.448,1768
2023-10-31 02:00:00,149.449,149.555,149.409,149.44,2386
2023-10-31 03:00:00,149.439,150.104,149.328,149.891,11862
2023-10-31 04:00:00,149.892,150.179,149.857,150.141,2489
2023-10-31 05:00:00,150.141,150.238,150.091,150.222,1822
2023-10-31 06:00:00,150.222,150.309,150.134,150.198,2640
2023-10-31 07:00:00,150.196,150.302,150.067,150.276,2539
2023-10-31 08:00:00,150.276,150.444,150.226,150.4,3349
2023-10-31 09:00:00,150.4,150.72,150.065,150.68,6910
2023-10-31 10:00:00,150.678,150.752,150.565,150.678,2519
2023-10-31 11:00:00,150.678,150.772,150.636,150.73,1632
2023-10-31 12:00:00,150.73,150.947,150.631,150.926,3109
2023-10-31 13:00:00,150.928,150.987,150.825,150.98,2801
2023-10-31 14:00:00,150.98,151.328,150.883,151.253,4019
2023-10-31 15:00:00,151.251,151.545,151.203,151.452,3015
2023-10-31 16:00:00,151.451,151.698,151.332,151.698,3040
2023-10-31 17:00:00,151.696,151.706,151.056,151.503,6857
2023-10-31 18:00:00,151.504,151.611,151.45,151.581,1669
2023-10-31 19:00:00,151.582,151.594,151.502,151.571,1267
2023-10-31 20:00:00,151.513,151.699,151.513,151.638,1056
2023-10-31 21:00:00,151.65,151.656,151.531,151.612,629
2023-10-31 22:00:00,151.593,151.598,151.316,151.375,1308
2023-10-31 23:00:00,151.398,151.478,151.154,151.32,2832
2023-11-01 00:00:00,151.32,151.441,151.23,151.363,2402
2023-11-01 01:00:00,151.362,151.429,151.252,151.334,1674
2023-11-01 02:00:00,151.334,151.344,151.16,151.22,1292
2023-11-01 03:00:00,151.22,151.254,151.138,151.239,1251
2023-11-01 04:00:00,151.239,151.329,151.214,151.319,1357
2023-11-01 05:00:00,151.319,151.366,151.29,151.309,1047
2023-11-01 06:00:00,151.31,151.311,151.241,151.248,1150
2023-11-01 07:00:00,151.247,151.39,151.201,151.372,1675
2023-11-01 08:00:00,151.37,151.372,151.208,151.216,1871
2023-11-01 09:00:00,151.218,151.292,151.209,151.219,1432
2023-11-01 10:00:00,151.219,151.237,151.134,151.195,1307
2023-11-01 11:00:00,151.195,151.24,151.148,151.228,1338
2023-11-01 12:00:00,151.228,151.237,151.081,151.174,3251
2023-11-01 13:00:00,151.174,151.374,151.138,151.261,2492
2023-11-01 14:00:00,151.261,151.261,150.809,151.051,4347
2023-11-01 15:00:00,151.049,151.149,150.961,150.964,2373
2023-11-01 16:00:00,150.965,151.124,150.944,151.067,1507
2023-11-01 17:00:00,151.065,151.18,151.049,151.092,1575
2023-11-01 18:00:00,151.096,151.236,150.858,150.99,8144
2023-11-01 19:00:00,150.991,151.015,150.66,150.868,3787
2023-11-01 20:00:00,150.785,150.941,150.64,150.805,1011
2023-11-01 21:00:00,150.799,150.906,150.687,150.894,320
2023-11-01 22:00:00,150.872,150.909,150.536,150.638,747
2023-11-01 23:00:00,150.658,150.678,150.563,150.572,1311
2023-11-02 00:00:00,150.571,150.589,150.327,150.342,2918
2023-11-02 01:00:00,150.343,150.411,150.262,150.309,2302
2023-11-02 02:00:00,150.308,150.32,150.143,150.262,1729
2023-11-02 03:00:00,150.264,150.392,150.227,150.345,1444
2023-11-02 04:00:00,150.345,150.462,150.319,150.43,1459
2023-11-02 05:00:00,150.43,150.467,150.376,150.458,1181
2023-11-02 06:00:00,150.46,150.463,150.348,150.385,1184
2023-11-02 07:00:00,150.386,150.576,150.162,150.379,3222
2023-11-02 08:00:00,150.377,150.574,150.353,150.399,2918
2023-11-02 09:00:00,150.401,150.426,150.223,150.295,2213
2023-11-02 10:00:00,150.295,150.401,150.283,150.359,1574
2023-11-02 11:00:00,150.357,150.375,150.292,150.362,1519
2023-11-02 12:00:00,150.362,150.395,149.952,149.984,4198
2023-11-02 13:00:00,149.985,150.322,149.843,150.22,3830
2023-11-02 14:00:00,150.223,150.407,150.222,150.283,2966
2023-11-02 15:00:00,150.281,150.49,150.273,150.475,2471
2023-11-02 16:00:00,150.477,150.54,150.429,150.526,1965
2023-11-02 17:00:00,150.524,150.538,150.369,150.405,1390
2023-11-02 18:00:00,150.405,150.475,150.372,150.411,1170
2023-11-02 19:00:00,150.412,150.519,150.395,150.459,1022
2023-11-02 20:00:00,150.437,150.52,150.38,150.38,740
2023-11-02 21:00:00,150.375,150.451,150.33,150.384,323
2023-11-02 22:00:00,150.382,150.466,150.374,150.432,600
2023-11-02 23:00:00,150.471,150.518,150.45,150.495,574
2023-11-03 00:00:00,150.493,150.494,150.315,150.389,1194
2023-11-03 01:00:00,150.388,150.461,150.388,150.434,910
2023-11-03 02:00:00,150.434,150.436,150.345,150.368,955
2023-11-03 03:00:00,150.369,150.381,150.305,150.343,659
2023-11-03 04:00:00,150.343,150.343,150.268,150.28,577
2023-11-03 05:00:00,150.28,150.337,150.243,150.256,632
2023-11-03 06:00:00,150.257,150.301,150.248,150.3,589
2023-11-03 07:00:00,150.3,150.341,150.231,150.333,1289
2023-11-03 08:00:00,150.335,150.411,150.318,150.396,1119
2023-11-03 09:00:00,150.394,150.42,150.278,150.298,1156
2023-11-03 10:00:00,150.3,150.314,150.198,150.222,1049
2023-11-03 11:00:00,150.222,150.222,150.144,150.178,1228
2023-11-03 12:00:00,150.179,150.223,149.28,149.4,6044
2023-11-03 13:00:00,149.398,149.526,149.202,149.366,6595
2023-11-03 14:00:00,149.354,149.749,149.191,149.48,5762
2023-11-03 15:00:00,149.48,149.514,149.312,149.365,3007
2023-11-03 16:00:00,149.365,149.453,149.248,149.328,2595
2023-11-03 17:00:00,149.328,149.418,149.241,149.352,1738
2023-11-03 18:00:00,149.352,149.385,149.295,149.312,1088
2023-11-03 19:00:00,149.314,149.465,149.309,149.463,1001
2023-11-03 20:00:00,149.42,149.454,149.282,149.331,879
2023-11-05 22:00:00,149.314,149.372,149.254,149.359,278
2023-11-05 23:00:00,149.349,149.455,149.307,149.428,1044
2023-11-06 00:00:00,149.452,149.638,149.438,149.53,2142
2023-11-06 01:00:00,149.53,149.647,149.496,149.529,1666
2023-11-06 02:00:00,149.529,149.665,149.493,149.665,1333
2023-11-06 03:00:00,149.665,149.67,149.565,149.576,924
2023-11-06 04:00:00,149.576,149.657,149.494,149.545,1139
2023-11-06 05:00:00,149.545,149.56,149.473,149.543,973
2023-11-06 06:00:00,149.543,149.595,149.461,149.544,1365
2023-11-06 07:00:00,149.544,149.727,149.513,149.72,1606
2023-11-06 08:00:00,149.722,149.724,149.371,149.489,2321
2023-11-06 09:00:00,149.483,149.686,149.388,149.671,2041
2023-11-06 10:00:00,149.671,149.673,149.612,149.642,1415
2023-11-06 11:00:00,149.642,149.651,149.559,149.617,1273
2023-11-06 12:00:00,149.619,149.797,149.598,149.768,1485
2023-11-06 13:00:00,149.766,149.833,149.739,149.803,2053
2023-11-06 14:00:00,149.803,149.828,149.679,149.735,1905
2023-11-06 15:00:00,149.735,149.796,149.706,149.726,1894
2023-11-06 16:00:00,149.727,149.827,149.673,149.774,1351
2023-11-06 17:00:00,149.774,149.853,149.741,149.847,942
2023-11-06 18:00:00,149.847,149.888,149.835,149.845,811
2023-11-06 19:00:00,149.845,149.976,149.819,149.975,1053
2023-11-06 20:00:00,149.973,149.993,149.956,149.992,774
2023-11-06 21:00:00,149.977,150.05,149.961,150.014,670
2023-11-06 22:00:00,150.048,150.048,149.888,149.947,633
2023-11-06 23:00:00,149.94,149.994,149.874,149.95,844
2023-11-07 00:00:00,149.983,150.061,149.957,150.026,1685
2023-11-07 01:00:00,150.028,150.151,150.028,150.086,1202
2023-11-07 02:00:00,150.086,150.131,150.066,150.102,743
2023-11-07 03:00:00,150.102,150.221,150.08,150.19,1180
2023-11-07 04:00:00,150.19,150.276,150.19,150.267,792
2023-11-07 05:00:00,150.267,150.314,150.251,150.28,757
2023-11-07 06:00:00,150.28,150.394,150.267,150.387,1147
2023-11-07 07:00:00,150.387,150.489,150.362,150.479,1283
2023-11-07 08:00:00,150.479,150.492,150.242,150.327,2045
2023-11-07 09:00:00,150.327,150.428,150.29,150.422,1654
2023-11-07 10:00:00,150.424,150.448,150.292,150.338,1559
2023-11-07 11:00:00,150.337,150.449,150.31,150.399,1672
2023-11-07 12:00:00,150.4,150.585,150.378,150.544,2119
2023-11-07 13:00:00,150.545,150.642,150.444,150.571,2368
2023-11-07 14:00:00,150.57,150.688,150.536,150.602,2626
2023-11-07 15:00:00,150.603,150.641,150.468,150.495,2110
2023-11-07 16:00:00,150.496,150.529,150.446,150.474,1797
2023-11-07 17:00:00,150.474,150.616,150.472,150.543,1206
2023-11-07 18:00:00,150.543,150.56,150.347,150.352,1692
2023-11-07 19:00:00,150.35,150.441,150.312,150.434,1263
2023-11-07 20:00:00,150.432,150.471,150.398,150.439,753
2023-11-07 21:00:00,150.405,150.436,150.152,150.277,654
2023-11-07 22:00:00,150.306,150.376,150.274,150.318,807
2023-11-07 23:00:00,150.318,150.377,150.302,150.376,654
2023-11-08 00:00:00,150.394,150.613,150.346,150.552,1823
2023-11-08 01:00:00,150.555,150.592,150.457,150.547,1705
2023-11-08 02:00:00,150.547,150.547,150.427,150.483,1165
2023-11-08 03:00:00,150.483,150.518,150.433,150.49,877
2023-11-08 04:00:00,150.49,150.53,150.456,150.511,834
2023-11-08 05:00:00,150.512,150.637,150.504,150.635,913
2023-11-08 06:00:00,150.634,150.707,150.632,150.681,1229
2023-11-08 07:00:00,150.68,150.752,150.647,150.677,1562
2023-11-08 08:00:00,150.678,150.722,150.595,150.701,2069
2023-11-08 09:00:00,150.701,150.774,150.693,150.747,1479
2023-11-08 10:00:00,150.747,150.793,150.722,150.772,1193
2023-11-08 11:00:00,150.772,150.78,150.696,150.735,1122
2023-11-08 12:00:00,150.735,150.897,150.722,150.883,1421
2023-11-08 13:00:00,150.883,150.981,150.832,150.903,2018
2023-11-08 14:00:00,150.902,150.913,150.808,150.839,2413
2023-11-08 15:00:00,150.84,150.948,150.792,150.843,2242
2023-11-08 16:00:00,150.841,150.855,150.725,150.771,1965
2023-11-08 17:00:00,150.771,150.928,150.763,150.907,1202
2023-11-08 18:00:00,150.907,150.973,150.827,150.948,1764
2023-11-08 19:00:00,150.949,151.051,150.946,151.026,839
2023-11-08 20:00:00,151.027,151.055,150.972,150.991,1053
2023-11-08 21:00:00,150.962,151.0,150.691,150.691,891
2023-11-08 22:00:00,150.723,150.889,150.659,150.856,834
2023-11-08 23:00:00,150.828,150.902,150.816,150.827,954
2023-11-09 00:00:00,150.852,150.978,150.837,150.932,1359
2023-11-09 01:00:00,150.93,150.995,150.824,150.886,1586
2023-11-09 02:00:00,150.888,150.937,150.838,150.932,1050
2023-11-09 03:00:00,150.932,150.947,150.891,150.934,739
2023-11-09 04:00:00,150.933,150.936,150.894,150.926,650
2023-11-09 05:00:00,150.927,151.034,150.92,151.027,744
2023-11-09 06:00:00,151.027,151.088,150.769,150.841,2072
2023-11-09 07:00:00,150.842,150.924,150.77,150.91,1867
2023-11-09 08:00:00,150.91,151.049,150.876,151.01,2462
2023-11-09 09:00:00,151.01,151.056,150.994,151.034,1336
2023-11-09 10:00:00,151.035,151.171,151.013,151.116,1570
2023-11-09 11:00:00,151.116,151.182,151.101,151.134,931
2023-11-09 12:00:00,151.134,151.162,151.066,151.104,1452
2023-11-09 13:00:00,151.105,151.162,150.927,150.967,2985
2023-11-09 14:00:00,150.967,151.014,150.828,150.851,2942
2023-11-09 15:00:00,150.852,150.968,150.838,150.947,2231
2023-11-09 16:00:00,150.947,151.054,150.933,151.039,1320
2023-11-09 17:00:00,151.039,151.09,150.976,151.07,1029
2023-11-09 18:00:00,151.071,151.258,151.052,151.147,3095
2023-11-09 19:00:00,151.149,151.383,151.131,151.324,3108
2023-11-09 20:00:00,151.322,151.374,151.262,151.364,1184
2023-11-09 21:00:00,151.342,151.365,151.252,151.259,670
2023-11-09 22:00:00,151.317,151.32,151.201,151.278,576
2023-11-09 23:00:00,151.247,151.318,151.247,151.291,1023
2023-11-10 00:00:00,151.343,151.368,151.273,151.319,1447
2023-11-10 01:00:00,151.319,151.343,151.234,151.238,1333
2023-11-10 02:00:00,151.241,151.293,151.219,151.266,1036
2023-11-10 03:00:00,151.266,151.327,151.241,151.321,652
2023-11-10 04:00:00,151.321,151.362,151.285,151.346,756
2023-11-10 05:00:00,151.346,151.403,151.342,151.386,775
2023-11-10 06:00:00,151.386,151.401,151.349,151.376,845
2023-11-10 07:00:00,151.376,151.448,151.322,151.37,1472
2023-11-10 08:00:00,151.372,151.407,151.324,151.399,1483
2023-11-10 09:00:00,151.399,151.451,151.376,151.442,1290
2023-11-10 10:00:00,151.442,151.483,151.39,151.401,1116
2023-11-10 11:00:00,151.403,151.486,151.393,151.47,1122
2023-11-10 12:00:00,151.47,151.477,151.377,151.398,1336
2023-11-10 13:00:00,151.398,151.448,151.318,151.356,1479
2023-11-10 14:00:00,151.356,151.491,151.348,151.483,1618
2023-11-10 15:00:00,151.486,151.549,151.417,151.47,2533
2023-11-10 16:00:00,151.469,151.556,151.444,151.544,1377
2023-11-10 17:00:00,151.545,151.582,151.513,151.551,1080
2023-11-10 18:00:00,151.551,151.595,151.541,151.555,887
2023-11-10 19:00:00,151.555,151.59,151.513,151.585,695
2023-11-10 20:00:00,151.585,151.593,151.525,151.528,720
2023-11-10 21:00:00,151.512,151.542,151.477,151.497,519
2023-11-12 22:00:00,151.416,151.479,151.393,151.445,396
2023-11-12 23:00:00,151.424,151.488,151.401,151.418,791
2023-11-13 00:00:00,151.456,151.645,151.439,151.605,1397
2023-11-13 01:00:00,151.607,151.657,151.552,151.562,1154
2023-11-13 02:00:00,151.562,151.677,151.549,151.677,815
2023-11-13 03:00:00,151.676,151.695,151.624,151.662,620
2023-11-13 04:00:00,151.662,151.775,151.662,151.755,849
2023-11-13 05:00:00,151.757,151.791,151.736,151.768,586
2023-11-13 06:00:00,151.768,151.796,151.72,151.744,876
2023-11-13 07:00:00,151.745,151.757,151.667,151.737,1141
2023-11-13 08:00:00,151.739,151.852,151.72,151.803,1608
2023-11-13 09:00:00,151.801,151.811,151.678,151.766,1573
2023-11-13 10:00:00,151.766,151.769,151.693,151.704,891
2023-11-13 11:00:00,151.704,151.746,151.701,151.726,730
2023-11-13 12:00:00,151.726,151.8,151.725,151.788,903
2023-11-13 13:00:00,151.787,151.833,151.719,151.8,1468
2023-11-13 14:00:00,151.8,151.905,151.789,151.881,1356
2023-11-13 15:00:00,151.881,151.882,151.202,151.683,9487
2023-11-13 16:00:00,151.684,151.686,151.494,151.565,1958
2023-11-13 17:00:00,151.565,151.634,151.519,151.629,1050
2023-11-13 18:00:00,151.628,151.674,151.592,151.615,875
2023-11-13 19:00:00,151.615,151.629,151.583,151.593,709
2023-11-13 20:00:00,151.594,151.656,151.59,151.638,740
2023-11-13 21:00:00,151.599,151.704,151.599,151.64,614
2023-11-13 22:00:00,151.691,151.693,151.601,151.659,331
2023-11-13 23:00:00,151.64,151.652,151.551,151.603,757
2023-11-14 00:00:00,151.643,151.779,151.609,151.711,1689
2023-11-14 01:00:00,151.711,151.76,151.699,151.728,758
2023-11-14 02:00:00,151.728,151.751,151.688,151.714,738
2023-11-14 03:00:00,151.715,151.738,151.681,151.697,713
2023-11-14 04:00:00,151.697,151.701,151.645,151.673,505
2023-11-14 05:00:00,151.673,151.73,151.671,151.707,793
2023-11-14 06:00:00,151.706,151.718,151.667,151.69,761
2023-11-14 07:00:00,151.69,151.692,151.568,151.627,1170
2023-11-14 08:00:00,151.627,151.723,151.619,151.713,1245
2023-11-14 09:00:00,151.713,151.731,151.602,151.697,1321
2023-11-14 10:00:00,151.697,151.723,151.661,151.708,1059
2023-11-14 11:00:00,151.708,151.741,151.687,151.73,736
2023-11-14 12:00:00,151.732,151.741,151.666,151.689,1006
2023-11-14 13:00:00,151.687,151.789,150.791,150.997,6962
2023-11-14 14:00:00,150.999,150.999,150.743,150.783,6906
2023-11-14 15:00:00,150.785,150.892,150.681,150.818,3905
2023-11-14 16:00:00,150.817,150.863,150.713,150.75,2460
2023-11-14 17:00:00,150.75,150.791,150.589,150.601,2002
2023-11-14 18:00:00,150.602,150.608,150.48,150.529,1396
2023-11-14 19:00:00,150.529,150.558,150.343,150.347,1050
2023-11-14 20:00:00,150.347,150.357,150.149,150.238,1473
2023-11-14 21:00:00,150.22,150.383,150.188,150.313,1228
2023-11-14 22:00:00,150.344,150.438,150.238,150.422,950
2023-11-14 23:00:00,150.39,150.458,150.276,150.456,1202
2023-11-15 00:00:00,150.482,150.786,150.438,150.616,2828
2023-11-15 01:00:00,150.611,150.641,150.469,150.567,2422
2023-11-15 02:00:00,150.569,150.684,150.529,150.653,1436
2023-11-15 03:00:00,150.652,150.66,150.521,150.57,1230
2023-11-15 04:00:00,150.571,150.584,150.505,150.561,841
2023-11-15 05:00:00,150.561,150.692,150.561,150.655,1144
2023-11-15 06:00:00,150.655,150.708,150.581,150.636,1358
2023-11-15 07:00:00,150.634,150.75,150.569,150.684,2235
2023-11-15 08:00:00,150.683,150.697,150.456,150.485,2434
2023-11-15 09:00:00,150.485,150.532,150.329,150.395,2473
2023-11-15 10:00:00,150.395,150.483,150.356,150.453,1759
2023-11-15 11:00:00,150.452,150.452,150.249,150.276,1554
2023-11-15 12:00:00,150.274,150.476,150.263,150.389,1525
2023-11-15 13:00:00,150.387,150.877,150.042,150.772,5559
2023-11-15 14:00:00,150.77,151.238,150.745,151.15,4958
2023-11-15 15:00:00,151.148,151.219,150.89,150.901,3267
2023-11-15 16:00:00,150.902,151.084,150.859,151.069,2080
2023-11-15 17:00:00,151.068,151.174,151.054,151.153,1207
2023-11-15 18:00:00,151.153,151.392,151.14,151.376,1353
2023-11-15 19:00:00,151.376,151.4,151.327,151.372,934
2023-11-15 20:00:00,151.372,151.404,151.324,151.404,872
2023-11-15 21:00:00,151.35,151.401,151.103,151.255,761
2023-11-15 22:00:00,151.239,151.283,151.021,151.254,577
2023-11-15 23:00:00,151.227,151.277,151.174,151.181,906
2023-11-16 00:00:00,151.206,151.278,151.201,151.23,1253
2023-11-16 01:00:00,151.231,151.253,151.116,151.195,1280
2023-11-16 02:00:00,151.195,151.314,151.162,151.282,1146
2023-11-16 03:00:00,151.282,151.301,151.227,151.25,791
2023-11-16 04:00:00,151.25,151.319,151.24,151.249,776
2023-11-16 05:00:00,151.25,151.353,151.25,151.301,866
2023-11-16 06:00:00,151.302,151.363,151.298,151.335,949
2023-11-16 07:00:00,151.335,151.424,151.327,151.367,1422
2023-11-16 08:00:00,151.369,151.428,151.283,151.31,1795
2023-11-16 09:00:00,151.31,151.325,151.14,151.271,1803
2023-11-16 10:00:00,151.271,151.31,151.194,151.201,1388
2023-11-16 11:00:00,151.203,151.23,151.154,151.217,1142
2023-11-16 12:00:00,151.218,151.295,151.216,151.258,1229
2023-11-16 13:00:00,151.258,151.266,150.645,150.649,4420
2023-11-16 14:00:00,150.651,150.911,150.6,150.613,4139
2023-11-16 15:00:00,150.614,150.616,150.282,150.406,4078
2023-11-16 16:00:00,150.406,150.607,150.296,150.587,2530
2023-11-16 17:00:00,150.587,150.65,150.493,150.504,1452
2023-11-16 18:00:00,150.505,150.522,150.419,150.513,1152
2023-11-16 19:00:00,150.513,150.627,150.51,150.604,735
2023-11-16 20:00:00,150.605,150.736,150.574,150.73,799
2023-11-16 21:00:00,150.688,150.748,150.666,150.678,563
2023-11-16 22:00:00,150.71,150.71,150.563,150.695,662
2023-11-16 23:00:00,150.682,150.7,150.606,150.665,703
2023-11-17 00:00:00,150.698,150.77,150.551,150.568,1766
2023-11-17 01:00:00,150.566,150.682,150.5,150.618,1896
2023-11-17 02:00:00,150.619,150.624,150.42,150.46,1385
2023-11-17 03:00:00,150.46,150.592,150.44,150.547,968
2023-11-17 04:00:00,150.548,150.584,150.499,150.571,761
2023-11-17 05:00:00,150.569,150.658,150.553,150.629,1138
2023-11-17 06:00:00,150.629,150.651,150.557,150.641,945
2023-11-17 07:00:00,150.642,150.691,150.43,150.44,1913
2023-11-17 08:00:00,150.44,150.451,149.748,149.782,4674
2023-11-17 09:00:00,149.78,149.834,149.51,149.61,4920
2023-11-17 10:00:00,149.61,149.64,149.242,149.268,3803
2023-11-17 11:00:00,149.268,149.596,149.223,149.504,3191
2023-11-17 12:00:00,149.504,149.554,149.197,149.364,2952
2023-11-17 13:00:00,149.364,149.728,149.196,149.628,5520
2023-11-17 14:00:00,149.63,149.788,149.482,149.601,4886
2023-11-17 15:00:00,149.601,149.688,149.553,149.555,2867
2023-11-17 16:00:00,149.554,149.868,149.528,149.816,2574
2023-11-17 17:00:00,149.817,149.818,149.694,149.697,1301
2023-11-17 18:00:00,149.697,149.747,149.595,149.604,1213
2023-11-17 19:00:00,149.604,149.697,149.583,149.642,895
2023-11-17 20:00:00,149.644,149.688,149.64,149.685,684
2023-11-17 21:00:00,149.647,149.689,149.531,149.534,655
2023-11-19 22:00:00,149.573,149.677,149.468,149.639,618
2023-11-19 23:00:00,149.624,149.924,149.604,149.921,1394
2023-11-20 00:00:00,149.956,149.988,149.776,149.809,2679
2023-11-20 01:00:00,149.807,149.807,149.378,149.51,3442
2023-11-20 02:00:00,149.51,149.564,148.894,149.01,4313
2023-11-20 03:00:00,149.009,149.142,148.85,148.903,3736
2023-11-20 04:00:00,148.903,148.971,148.684,148.951,3628
2023-11-20 05:00:00,148.952,149.119,148.936,149.079,2502
2023-11-20 06:00:00,149.078,149.203,149.03,149.142,2287
2023-11-20 07:00:00,149.141,149.206,148.818,148.902,3684
2023-11-20 08:00:00,148.901,148.966,148.646,148.683,4718
2023-11-20 09:00:00,148.681,148.722,148.195,148.201,5302
2023-11-20 10:00:00,148.201,148.442,148.197,148.319,2652
2023-11-20 11:00:00,148.319,148.334,148.099,148.202,2666
2023-11-20 12:00:00,148.202,148.444,148.19,148.308,3155
2023-11-20 13:00:00,148.306,148.548,148.263,148.506,3912
2023-11-20 14:00:00,148.508,148.683,148.377,148.418,3637
2023-11-20 15:00:00,148.417,148.537,148.252,148.368,2685
2023-11-20 16:00:00,148.369,148.42,148.252,148.262,2176
2023-11-20 17:00:00,148.263,148.378,148.183,148.347,1627
2023-11-20 18:00:00,148.349,148.375,148.135,148.372,2727
2023-11-20 19:00:00,148.37,148.384,148.307,148.313,1125
2023-11-20 20:00:00,148.312,148.355,148.29,148.328,939
2023-11-20 21:00:00,148.294,148.416,148.294,148.3,780
2023-11-20 22:00:00,148.361,148.361,148.247,148.291,576
2023-11-20 23:00:00,148.279,148.352,148.176,148.35,896
2023-11-21 00:00:00,148.381,148.415,148.051,148.066,3054
2023-11-21 01:00:00,148.07,148.23,147.863,148.017,6032
2023-11-21 02:00:00,148.018,148.087,147.635,147.721,4491
2023-11-21 03:00:00,147.721,147.798,147.342,147.378,3805
2023-11-21 04:00:00,147.378,147.487,147.242,147.432,3276
2023-11-21 05:00:00,147.432,147.817,147.374,147.778,3866
2023-11-21 06:00:00,147.778,147.831,147.604,147.671,2491
2023-11-21 07:00:00,147.671,147.688,147.314,147.512,5106
2023-11-21 08:00:00,147.511,147.567,147.149,147.443,5690
2023-11-21 09:00:00,147.443,147.786,147.412,147.768,3721
2023-11-21 10:00:00,147.768,147.795,147.497,147.578,2640
2023-11-21 11:00:00,147.58,147.74,147.547,147.714,2147
2023-11-21 12:00:00,147.717,147.718,147.541,147.575,2907
2023-11-21 13:00:00,147.575,147.739,147.348,147.614,5085
2023-11-21 14:00:00,147.615,147.676,147.448,147.533,4922
2023-11-21 15:00:00,147.531,147.807,147.434,147.788,4227
2023-11-21 16:00:00,147.787,147.934,147.731,147.877,3195
2023-11-21 17:00:00,147.877,147.986,147.865,147.955,2035
2023-11-21 18:00:00,147.956,148.393,147.952,148.35,2627
2023-11-21 19:00:00,148.345,148.591,148.236,148.312,3442
2023-11-21 20:00:00,148.311,148.426,148.268,148.383,1652
2023-11-21 21:00:00,148.339,148.399,148.27,148.319,807
2023-11-21 22:00:00,148.36,148.38,148.182,148.188,603
2023-11-21 23:00:00,148.181,148.249,147.959,148.109,1503
2023-11-22 00:00:00,148.146,148.297,148.076,148.232,3515
2023-11-22 01:00:00,148.232,148.353,148.031,148.298,4563
2023-11-22 02:00:00,148.298,148.328,148.131,148.233,2351
2023-11-22 03:00:00,148.233,148.277,148.092,148.208,1731
2023-11-22 04:00:00,148.209,148.386,148.198,148.372,1341
2023-11-22 05:00:00,148.372,148.797,148.365,148.753,2854
2023-11-22 06:00:00,148.75,149.048,148.732,148.926,3368
2023-11-22 07:00:00,148.925,148.97,148.812,148.955,3485
2023-11-22 08:00:00,148.957,149.35,148.843,149.312,4122
2023-11-22 09:00:00,149.315,149.319,148.948,149.101,3465
2023-11-22 10:00:00,149.102,149.153,148.889,148.898,2782
2023-11-22 11:00:00,148.899,148.913,148.7,148.765,3122
2023-11-22 12:00:00,148.766,148.837,148.585,148.736,3910
2023-11-22 13:00:00,148.733,149.234,148.601,149.23,6280
2023-11-22 14:00:00,149.227,149.463,149.193,149.35,5171
2023-11-22 15:00:00,149.353,149.745,149.346,149.677,5338
2023-11-22 16:00:00,149.677,149.745,149.541,149.673,2597
2023-11-22 17:00:00,149.674,149.692,149.544,149.609,1433
2023-11-22 18:00:00,149.612,149.695,149.576,149.666,1309
2023-11-22 19:00:00,149.664,149.664,149.564,149.578,1120
2023-11-22 20:00:00,149.578,149.617,149.564,149.595,744
2023-11-22 21:00:00,149.546,149.589,149.318,149.363,657
2023-11-22 22:00:00,149.363,149.522,149.324,149.5,517
2023-11-22 23:00:00,149.489,149.502,149.428,149.438,679
2023-11-23 00:00:00,149.461,149.461,149.23,149.258,1470
2023-11-23 01:00:00,149.258,149.317,149.158,149.176,2371
2023-11-23 02:00:00,149.176,149.176,149.028,149.122,2286
2023-11-23 03:00:00,149.122,149.249,149.087,149.123,1470
2023-11-23 04:00:00,149.123,149.185,149.098,149.16,956
2023-11-23 05:00:00,149.163,149.195,148.948,148.985,1439
2023-11-23 06:00:00,148.985,149.061,148.884,149.049,2135
2023-11-23 07:00:00,149.052,149.182,148.991,149.141,2397
2023-11-23 08:00:00,149.141,149.238,149.04,149.118,3158
2023-11-23 09:00:00,149.116,149.338,149.112,149.233,2646
2023-11-23 10:00:00,149.235,149.33,149.162,149.229,1570
2023-11-23 11:00:00,149.229,149.261,149.163,149.24,1315
2023-11-23 12:00:00,149.241,149.462,149.232,149.434,1602
2023-11-23 13:00:00,149.434,149.571,149.43,149.467,2150
2023-11-23 14:00:00,149.467,149.596,149.444,149.572,1927
2023-11-23 15:00:00,149.574,149.685,149.479,149.492,1926
2023-11-23 16:00:00,149.492,149.63,149.488,149.583,1211
2023-11-23 17:00:00,149.583,149.638,149.548,149.616,743
2023-11-23 18:00:00,149.614,149.615,149.58,149.582,168
2023-11-23 19:00:00,149.582,149.586,149.539,149.563,408
2023-11-23 20:00:00,149.563,149.6,149.503,149.545,1254
2023-11-23 21:00:00,149.426,149.512,149.353,149.486,930
2023-11-23 22:00:00,149.513,149.554,149.288,149.305,656
2023-11-23 23:00:00,149.297,149.551,149.297,149.55,1814
2023-11-24 00:00:00,149.628,149.708,149.405,149.488,2791
2023-11-24 01:00:00,149.485,149.643,149.451,149.517,2513
2023-11-24 02:00:00,149.514,149.558,149.495,149.518,1339
2023-11-24 03:00:00,149.519,149.589,149.492,149.499,1101
2023-11-24 04:00:00,149.497,149.498,149.33,149.344,1283
2023-11-24 05:00:00,149.342,149.342,149.194,149.252,2028
2023-11-24 06:00:00,149.254,149.397,149.199,149.373,1785
2023-11-24 07:00:00,149.371,149.48,149.328,149.421,1912
2023-11-24 08:00:00,149.424,149.6,149.365,149.527,2731
2023-11-24 09:00:00,149.528,149.658,149.46,149.627,2234
2023-11-24 10:00:00,149.628,149.641,149.519,149.551,1562
2023-11-24 11:00:00,149.55,149.597,149.538,149.562,1334
2023-11-24 12:00:00,149.562,149.576,149.44,149.561,1702
2023-11-24 13:00:00,149.563,149.667,149.544,149.585,2508
2023-11-24 14:00:00,149.583,149.619,149.439,149.51,3391
2023-11-24 15:00:00,149.51,149.556,149.453,149.495,2491
2023-11-24 16:00:00,149.496,149.6,149.487,149.566,1324
2023-11-24 17:00:00,149.566,149.623,149.506,149.52,1130
2023-11-24 18:00:00,149.521,149.522,149.437,149.445,613
2023-11-24 19:00:00,149.445,149.467,149.42,149.467,1231
2023-11-24 20:00:00,149.466,149.469,149.428,149.447,670
2023-11-24 21:00:00,149.347,149.4,149.277,149.32,1087
2023-11-26 22:00:00,149.408,149.5,149.351,149.493,559
2023-11-26 23:00:00,149.477,149.553,149.445,149.545,1476
2023-11-27 00:00:00,149.575,149.672,149.464,149.498,2258
2023-11-27 01:00:00,149.498,149.536,149.048,149.111,4756
2023-11-27 02:00:00,149.109,149.282,149.079,149.137,2653
2023-11-27 03:00:00,149.137,149.147,148.89,148.978,3040
2023-11-27 04:00:00,148.979,149.068,148.882,149.002,2405
2023-11-27 05:00:00,149.002,149.15,148.974,149.126,2637
2023-11-27 06:00:00,149.129,149.133,148.918,148.998,2401
2023-11-27 07:00:00,148.995,149.028,148.768,149.019,3598
2023-11-27 08:00:00,149.02,149.126,148.962,149.084,3805
2023-11-27 09:00:00,149.084,149.323,149.046,149.285,2758
2023-11-27 10:00:00,149.289,149.324,148.984,148.986,2785
2023-11-27 11:00:00,148.986,149.073,148.938,149.024,1989
2023-11-27 12:00:00,149.022,149.043,148.777,148.834,2821
2023-11-27 13:00:00,148.835,148.881,148.648,148.812,4870
2023-11-27 14:00:00,148.812,148.932,148.655,148.88,3775
2023-11-27 15:00:00,148.876,148.968,148.733,148.912,4762
2023-11-27 16:00:00,148.912,149.075,148.865,148.887,3605
2023-11-27 17:00:00,148.889,148.976,148.861,148.953,1793
2023-11-27 18:00:00,148.954,148.97,148.774,148.79,2451
2023-11-27 19:00:00,148.789,148.801,148.541,148.602,1727
2023-11-27 20:00:00,148.603,148.648,148.55,148.623,1546
2023-11-27 21:00:00,148.58,148.669,148.58,148.598,855
2023-11-27 22:00:00,148.637,148.66,148.529,148.625,475
2023-11-27 23:00:00,148.615,148.615,148.314,148.386,1405
2023-11-28 00:00:00,148.413,148.413,148.073,148.14,3761
2023-11-28 01:00:00,148.141,148.356,148.02,148.197,4297
2023-11-28 02:00:00,148.198,148.29,147.967,148.069,2829
2023-11-28 03:00:00,148.07,148.272,148.04,148.21,2296
2023-11-28 04:00:00,148.209,148.242,148.126,148.182,1552
2023-11-28 05:00:00,148.18,148.38,148.18,148.283,2218
2023-11-28 06:00:00,148.282,148.362,148.152,148.355,2243
2023-11-28 07:00:00,148.352,148.542,148.294,148.505,3584
2023-11-28 08:00:00,148.507,148.826,148.468,148.69,4022
2023-11-28 09:00:00,148.688,148.688,148.513,148.536,3057
2023-11-28 10:00:00,148.533,148.698,148.517,148.606,2199
2023-11-28 11:00:00,148.608,148.637,148.402,148.584,1792
2023-11-28 12:00:00,148.584,148.618,148.347,148.506,2881
2023-11-28 13:00:00,148.502,148.692,148.289,148.361,5014
2023-11-28 14:00:00,148.36,148.494,148.156,148.271,6426
2023-11-28 15:00:00,148.269,148.382,147.697,147.868,8682
2023-11-28 16:00:00,147.869,147.911,147.39,147.419,6676
2023-11-28 17:00:00,147.417,147.613,147.319,147.551,3747
2023-11-28 18:00:00,147.548,147.71,147.498,147.577,3361
2023-11-28 19:00:00,147.575,147.575,147.384,147.42,2283
2023-11-28 20:00:00,147.42,147.541,147.416,147.475,1742
2023-11-28 21:00:00,147.445,147.49,147.384,147.391,933
2023-11-28 22:00:00,147.441,147.46,147.336,147.423,632
2023-11-28 23:00:00,147.396,147.396,146.948,147.039,1926
2023-11-29 00:00:00,147.063,147.241,146.775,146.794,5928
2023-11-29 01:00:00,146.792,146.951,146.667,146.893,5644
2023-11-29 02:00:00,146.896,147.082,146.794,147.03,3350
2023-11-29 03:00:00,147.029,147.316,146.988,147.286,2825
2023-11-29 04:00:00,147.289,147.298,147.07,147.092,2784
2023-11-29 05:00:00,147.091,147.181,146.943,147.138,3684
2023-11-29 06:00:00,147.138,147.259,147.017,147.166,4220
2023-11-29 07:00:00,147.163,147.361,147.101,147.341,4344
2023-11-29 08:00:00,147.341,147.471,147.213,147.267,5321
2023-11-29 09:00:00,147.268,147.649,147.177,147.563,4513
2023-11-29 10:00:00,147.565,147.815,147.446,147.772,3976
2023-11-29 11:00:00,147.774,147.781,147.609,147.616,3115
2023-11-29 12:00:00,147.619,147.75,147.54,147.609,3786
2023-11-29 13:00:00,147.606,147.79,147.301,147.725,8677
2023-11-29 14:00:00,147.725,147.901,147.366,147.4,7079
2023-11-29 15:00:00,147.398,147.706,147.116,147.389,8487
2023-11-29 16:00:00,147.392,147.471,147.262,147.386,4240
2023-11-29 17:00:00,147.385,147.459,147.252,147.261,2703
2023-11-29 18:00:00,147.261,147.326,147.126,147.175,2450
2023-11-29 19:00:00,147.175,147.309,147.074,147.237,2260
2023-11-29 20:00:00,147.237,147.36,147.228,147.296,1844
2023-11-29 21:00:00,147.256,147.287,146.96,147.065,1016
2023-11-29 22:00:00,147.069,147.152,146.923,147.047,958
2023-11-29 23:00:00,147.042,147.058,146.775,147.023,1719
2023-11-30 00:00:00,147.056,147.187,146.881,146.974,4202
2023-11-30 01:00:00,146.972,147.168,146.972,147.032,4266
2023-11-30 02:00:00,147.033,147.176,146.925,147.005,3164
2023-11-30 03:00:00,147.004,147.123,146.99,147.087,1911
2023-11-30 04:00:00,147.086,147.151,147.001,147.042,1887
2023-11-30 05:00:00,147.042,147.113,146.945,147.025,2402
2023-11-30 06:00:00,147.026,147.094,146.861,146.954,2503
2023-11-30 07:00:00,146.956,147.261,146.915,147.058,3625
2023-11-30 08:00:00,147.057,147.2,146.952,147.165,4581
2023-11-30 09:00:00,147.167,147.458,147.055,147.411,4713
2023-11-30 10:00:00,147.414,147.633,147.409,147.565,3756
2023-11-30 11:00:00,147.562,147.744,147.546,147.703,3189
2023-11-30 12:00:00,147.702,147.777,147.496,147.568,3200
2023-11-30 13:00:00,147.565,147.893,147.205,147.878,8063
2023-11-30 14:00:00,147.881,148.513,147.877,148.361,10091
2023-11-30 15:00:00,148.358,148.423,147.798,147.831,7941
2023-11-30 16:00:00,147.832,147.954,147.715,147.866,5788
2023-11-30 17:00:00,147.867,148.212,147.799,148.204,2342
2023-11-30 18:00:00,148.2,148.266,148.036,148.214,1941
2023-11-30 19:00:00,148.213,148.243,148.114,148.204,1752
2023-11-30 20:00:00,148.207,148.297,148.184,148.231,1814
2023-11-30 21:00:00,148.16,148.216,148.095,148.104,1289
2023-11-30 22:00:00,148.142,148.166,148.081,148.152,720
2023-11-30 23:00:00,148.139,148.139,147.853,147.968,1747
2023-12-01 00:00:00,147.996,148.02,147.727,147.761,3961
2023-12-01 01:00:00,147.764,147.773,147.596,147.709,4486
2023-12-01 02:00:00,147.708,147.988,147.661,147.986,2808
2023-12-01 03:00:00,147.987,148.18,147.959,148.118,3023
2023-12-01 04:00:00,148.12,148.154,147.992,148.075,1918
2023-12-01 05:00:00,148.075,148.148,148.017,148.057,2633
2023-12-01 06:00:00,148.059,148.249,148.009,148.194,2463
2023-12-01 07:00:00,148.191,148.312,148.062,148.298,3184
2023-12-01 08:00:00,148.297,148.297,147.794,147.859,4509
2023-12-01 09:00:00,147.861,147.904,147.687,147.852,3769
2023-12-01 10:00:00,147.852,148.051,147.793,147.977,2629
2023-12-01 11:00:00,147.977,148.175,147.923,148.128,2471
2023-12-01 12:00:00,148.128,148.342,148.009,148.271,3326
2023-12-01 13:00:00,148.274,148.305,147.953,148.182,5135
2023-12-01 14:00:00,148.184,148.251,148.027,148.085,4093
2023-12-01 15:00:00,148.077,148.077,147.333,147.588,10038
2023-12-01 16:00:00,147.589,147.841,146.85,146.994,10550
2023-12-01 17:00:00,146.998,147.1,146.822,146.851,5201
2023-12-01 18:00:00,146.852,146.88,146.655,146.756,3522
2023-12-01 19:00:00,146.758,146.921,146.716,146.843,2280
2023-12-01 20:00:00,146.842,146.893,146.783,146.869,1696
2023-12-01 21:00:00,146.825,146.844,146.739,146.78,1112
2023-12-03 22:00:00,146.662,146.747,146.567,146.625,597
2023-12-03 23:00:00,146.619,146.666,146.151,146.308,2892
2023-12-04 00:00:00,146.359,146.557,146.221,146.493,7120
2023-12-04 01:00:00,146.496,146.742,146.452,146.641,5069
2023-12-04 02:00:00,146.642,146.653,146.471,146.577,3427
2023-12-04 03:00:00,146.579,146.732,146.501,146.731,2975
2023-12-04 04:00:00,146.73,146.827,146.705,146.791,2218
2023-12-04 05:00:00,146.792,146.887,146.73,146.807,2362
2023-12-04 06:00:00,146.808,146.814,146.574,146.748,2798
2023-12-04 07:00:00,146.748,146.973,146.598,146.954,4278
2023-12-04 08:00:00,146.952,147.109,146.766,146.792,5097
2023-12-04 09:00:00,146.792,146.792,146.564,146.612,3573
2023-12-04 10:00:00,146.613,146.764,146.456,146.554,3298
2023-12-04 11:00:00,146.556,146.675,146.48,146.535,3249
2023-12-04 12:00:00,146.538,146.674,146.476,146.606,3367
2023-12-04 13:00:00,146.604,146.761,146.537,146.653,5459
2023-12-04 14:00:00,146.649,147.071,146.641,146.756,6979
2023-12-04 15:00:00,146.755,147.16,146.464,147.098,7641
2023-12-04 16:00:00,147.1,147.245,146.949,147.147,4953
2023-12-04 17:00:00,147.148,147.253,147.08,147.247,2805
2023-12-04 18:00:00,147.247,147.449,147.222,147.387,2215
2023-12-04 19:00:00,147.384,147.427,147.287,147.288,1840
2023-12-04 20:00:00,147.289,147.351,147.238,147.284,1807
2023-12-04 21:00:00,147.247,147.261,147.115,147.14,908
2023-12-04 22:00:00,147.171,147.188,147.049,147.068,783
2023-12-04 23:00:00,147.062,147.3,147.056,147.26,1528
2023-12-05 00:00:00,147.299,147.376,146.966,147.019,4694
2023-12-05 01:00:00,147.02,147.268,146.973,147.159,3666
2023-12-05 02:00:00,147.157,147.265,147.082,147.261,1898
2023-12-05 03:00:00,147.261,147.272,147.112,147.164,1923
2023-12-05 04:00:00,147.165,147.176,147.034,147.148,1702
2023-12-05 05:00:00,147.147,147.155,147.012,147.022,1886
2023-12-05 06:00:00,147.02,147.04,146.743,146.911,3105
2023-12-05 07:00:00,146.907,146.972,146.758,146.834,4297
2023-12-05 08:00:00,146.836,147.056,146.674,147.014,5180
2023-12-05 09:00:00,147.017,147.143,147.003,147.055,3458
2023-12-05 10:00:00,147.056,147.179,146.999,147.056,3071
2023-12-05 11:00:00,147.057,147.115,146.921,147.016,2873
2023-12-05 12:00:00,147.015,147.194,147.015,147.07,3158
2023-12-05 13:00:00,147.073,147.101,146.77,146.791,5105
2023-12-05 14:00:00,146.793,147.232,146.783,147.179,5344
2023-12-05 15:00:00,147.179,147.273,146.556,147.099,11298
2023-12-05 16:00:00,147.099,147.33,146.979,147.273,5343
2023-12-05 17:00:00,147.27,147.283,147.074,147.128,3204
2023-12-05 18:00:00,147.124,147.387,147.112,147.29,2220
2023-12-05 19:00:00,147.293,147.341,147.233,147.25,2023
2023-12-05 20:00:00,147.25,147.275,147.179,147.197,1918
2023-12-05 21:00:00,147.164,147.199,147.084,147.084,905
2023-12-05 22:00:00,147.124,147.128,147.005,147.059,835
2023-12-05 23:00:00,147.045,147.163,147.031,147.15,1084
2023-12-06 00:00:00,147.182,147.292,147.106,147.222,2845
2023-12-06 01:00:00,147.222,147.296,147.084,147.259,3051
2023-12-06 02:00:00,147.261,147.395,147.186,147.338,2285
2023-12-06 03:00:00,147.34,147.37,147.219,147.271,1830
2023-12-06 04:00:00,147.271,147.318,147.255,147.272,1458
2023-12-06 05:00:00,147.272,147.288,147.137,147.172,1874
2023-12-06 06:00:00,147.174,147.26,147.141,147.172,1910
2023-12-06 07:00:00,147.175,147.175,146.925,146.965,3440
2023-12-06 08:00:00,146.968,147.222,146.892,147.21,4332
2023-12-06 09:00:00,147.208,147.368,147.088,147.317,2931
2023-12-06 10:00:00,147.316,147.42,147.299,147.354,2560
2023-12-06 11:00:00,147.355,147.496,147.353,147.392,1884
2023-12-06 12:00:00,147.392,147.424,147.238,147.276,2440
2023-12-06 13:00:00,147.273,147.276,146.996,147.076,6075
2023-12-06 14:00:00,147.075,147.331,147.07,147.187,4790
2023-12-06 15:00:00,147.184,147.364,147.069,147.216,4728
2023-12-06 16:00:00,147.215,147.291,147.114,147.158,2962
2023-12-06 17:00:00,147.158,147.215,147.094,147.211,2233
2023-12-06 18:00:00,147.213,147.287,147.195,147.256,1534
2023-12-06 19:00:00,147.257,147.374,147.229,147.34,1276
2023-12-06 20:00:00,147.338,147.409,147.338,147.364,1211
2023-12-06 21:00:00,147.345,147.352,147.097,147.134,654
2023-12-06 22:00:00,147.128,147.245,146.985,147.19,853
2023-12-06 23:00:00,147.194,147.268,147.105,147.138,1258
2023-12-07 00:00:00,147.182,147.186,146.977,147.088,3192
2023-12-07 01:00:00,147.091,147.107,146.8,146.887,4075
2023-12-07 02:00:00,146.884,146.92,146.686,146.854,3466
2023-12-07 03:00:00,146.854,146.981,146.771,146.854,2840
2023-12-07 04:00:00,146.856,146.893,146.706,146.728,2240
2023-12-07 05:00:00,146.727,146.833,146.509,146.541,3295
2023-12-07 06:00:00,146.538,146.666,146.145,146.289,5436
2023-12-07 07:00:00,146.288,146.288,145.514,145.709,7856
2023-12-07 08:00:00,145.708,145.712,145.052,145.397,9120
2023-12-07 09:00:00,145.4,145.419,144.815,144.86,9200
2023-12-07 10:00:00,144.857,144.982,144.539,144.851,7324
2023-12-07 11:00:00,144.851,145.234,144.78,145.02,6013
2023-12-07 12:00:00,145.02,145.296,144.98,145.037,5337
2023-12-07 13:00:00,145.035,145.253,144.715,144.835,8637
2023-12-07 14:00:00,144.833,144.951,144.364,144.627,8797
2023-12-07 15:00:00,144.628,144.756,143.935,144.027,9298
2023-12-07 16:00:00,144.026,144.243,143.793,144.094,7252
2023-12-07 17:00:00,144.097,144.311,141.623,143.266,27339
2023-12-07 18:00:00,143.268,143.708,143.041,143.492,9913
2023-12-07 19:00:00,143.493,143.59,143.327,143.448,3947
2023-12-07 20:00:00,143.446,143.723,143.428,143.717,2456
2023-12-07 21:00:00,143.66,144.142,143.66,144.034,1919
2023-12-07 22:00:00,144.086,144.201,143.987,144.196,836
2023-12-07 23:00:00,144.169,144.271,143.686,144.137,2739
2023-12-08 00:00:00,144.234,144.286,142.994,143.217,17189
2023-12-08 01:00:00,143.219,143.629,142.493,143.369,17497
2023-12-08 02:00:00,143.368,143.562,143.055,143.443,6759
2023-12-08 03:00:00,143.44,144.174,143.436,143.77,8054
2023-12-08 04:00:00,143.773,143.973,143.586,143.715,6922
2023-12-08 05:00:00,143.717,144.057,143.619,143.93,5579
2023-12-08 06:00:00,143.931,144.211,143.822,144.169,6827
2023-12-08 07:00:00,144.168,144.392,143.947,144.084,8730
2023-12-08 08:00:00,144.086,144.265,143.716,143.978,8933
2023-12-08 09:00:00,143.982,144.405,143.959,144.283,7305
2023-12-08 10:00:00,144.28,144.472,144.138,144.429,4324
2023-12-08 11:00:00,144.429,144.664,144.412,144.443,4376
2023-12-08 12:00:00,144.445,144.469,144.24,144.369,4160
2023-12-08 13:00:00,144.367,145.204,143.754,144.189,16515
2023-12-08 14:00:00,144.187,144.787,144.167,144.271,12946
2023-12-08 15:00:00,144.271,144.515,143.851,144.499,11045
2023-12-08 16:00:00,144.501,144.912,144.386,144.875,5171
2023-12-08 17:00:00,144.874,144.974,144.739,144.804,4752
2023-12-08 18:00:00,144.803,144.958,144.758,144.931,2999
2023-12-08 19:00:00,144.932,144.965,144.826,144.962,2153
2023-12-08 20:00:00,144.963,144.998,144.929,144.984,1541
2023-12-08 21:00:00,144.954,144.981,144.865,144.909,765
2023-12-10 22:00:00,144.914,145.032,144.892,144.98,565
2023-12-10 23:00:00,144.984,145.03,144.747,144.935,2304
2023-12-11 00:00:00,144.985,145.37,144.868,145.339,7195
2023-12-11 01:00:00,145.336,145.571,145.308,145.442,6708
2023-12-11 02:00:00,145.443,145.563,145.364,145.406,3773
2023-12-11 03:00:00,145.406,145.429,145.295,145.417,2109
2023-12-11 04:00:00,145.418,145.665,145.416,145.603,2283
2023-12-11 05:00:00,145.603,145.646,145.444,145.556,2341
2023-12-11 06:00:00,145.559,145.698,145.42,145.455,3190
2023-12-11 07:00:00,145.452,146.449,145.321,146.369,10522
2023-12-11 08:00:00,146.373,146.455,145.967,146.226,7719
2023-12-11 09:00:00,146.229,146.336,146.064,146.185,4118
2023-12-11 10:00:00,146.182,146.265,146.098,146.231,3119
2023-12-11 11:00:00,146.232,146.327,146.112,146.158,2855
2023-12-11 12:00:00,146.155,146.484,146.139,146.358,3501
2023-12-11 13:00:00,146.359,146.497,146.228,146.288,4337
2023-12-11 14:00:00,146.285,146.31,146.05,146.249,5776
2023-12-11 15:00:00,146.249,146.499,146.146,146.414,5247
2023-12-11 16:00:00,146.415,146.587,146.346,146.412,4219
2023-12-11 17:00:00,146.415,146.476,146.332,146.458,2817
2023-12-11 18:00:00,146.459,146.476,146.226,146.256,3540
2023-12-11 19:00:00,146.256,146.256,146.067,146.145,2197
2023-12-11 20:00:00,146.148,146.245,146.14,146.202,1704
2023-12-11 21:00:00,146.182,146.185,146.035,146.073,861
2023-12-11 22:00:00,146.128,146.147,146.062,146.135,731
2023-12-11 23:00:00,146.124,146.143,145.976,145.989,1086
2023-12-12 00:00:00,146.044,146.123,145.717,145.791,6986
2023-12-12 01:00:00,145.794,145.838,145.528,145.735,5246
2023-12-12 02:00:00,145.733,145.821,145.617,145.816,3141
2023-12-12 03:00:00,145.815,145.828,145.561,145.597,2845
2023-12-12 04:00:00,145.594,145.679,145.523,145.533,2077
2023-12-12 05:00:00,145.535,145.551,145.327,145.372,3015
2023-12-12 06:00:00,145.373,145.468,145.336,145.378,3265
2023-12-12 07:00:00,145.379,145.48,145.22,145.439,4455
2023-12-12 08:00:00,145.437,145.625,145.401,145.558,4646
2023-12-12 09:00:00,145.561,145.611,145.318,145.404,3927
2023-12-12 10:00:00,145.408,145.455,145.23,145.285,2606
2023-12-12 11:00:00,145.286,145.328,145.054,145.173,3140
2023-12-12 12:00:00,145.171,145.228,145.05,145.186,2703
2023-12-12 13:00:00,145.186,145.728,144.725,145.642,11297
2023-12-12 14:00:00,145.64,145.849,145.299,145.661,7950
2023-12-12 15:00:00,145.659,145.729,145.486,145.641,4447
2023-12-12 16:00:00,145.637,145.662,145.399,145.459,3307
2023-12-12 17:00:00,145.457,145.725,145.435,145.659,3062
2023-12-12 18:00:00,145.659,145.673,145.462,145.613,3792
2023-12-12 19:00:00,145.614,145.667,145.575,145.59,1638
2023-12-12 20:00:00,145.588,145.613,145.467,145.497,1450
2023-12-12 21:00:00,145.484,145.509,145.329,145.329,892
2023-12-12 22:00:00,145.397,145.474,145.371,145.419,726
2023-12-12 23:00:00,145.407,145.445,145.122,145.268,1606
2023-12-13 00:00:00,145.294,145.605,145.272,145.516,4501
2023-12-13 01:00:00,145.518,145.542,145.335,145.378,3455
2023-12-13 02:00:00,145.378,145.552,145.31,145.535,2902
2023-12-13 03:00:00,145.536,145.661,145.533,145.619,2121
2023-12-13 04:00:00,145.619,145.698,145.578,145.682,1934
2023-12-13 05:00:00,145.684,145.686,145.483,145.558,2350
2023-12-13 06:00:00,145.556,145.88,145.532,145.868,3138
2023-12-13 07:00:00,145.871,145.991,145.775,145.808,3730
2023-12-13 08:00:00,145.809,145.948,145.737,145.843,3665
2023-12-13 09:00:00,145.843,145.905,145.713,145.832,3160
2023-12-13 10:00:00,145.834,145.879,145.605,145.639,2824
2023-12-13 11:00:00,145.642,145.704,145.595,145.62,2620
2023-12-13 12:00:00,145.619,145.731,145.56,145.676,2486
2023-12-13 13:00:00,145.677,145.715,145.206,145.233,5823
2023-12-13 14:00:00,145.229,145.311,145.035,145.246,6289
2023-12-13 15:00:00,145.248,145.444,145.136,145.151,4301
2023-12-13 16:00:00,145.154,145.249,145.089,145.173,2685
2023-12-13 17:00:00,145.173,145.188,145.026,145.162,2123
2023-12-13 18:00:00,145.162,145.272,145.075,145.101,2389
2023-12-13 19:00:00,145.093,145.098,142.876,143.136,30822
2023-12-13 20:00:00,143.134,143.269,142.635,142.953,16948
2023-12-13 21:00:00,142.904,143.073,142.674,142.719,2396
2023-12-13 22:00:00,142.719,142.836,142.094,142.48,799
2023-12-13 23:00:00,142.49,142.794,142.232,142.747,2692
2023-12-14 00:00:00,142.787,142.911,142.176,142.211,8592
2023-12-14 01:00:00,142.212,142.485,142.045,142.315,8076
2023-12-14 02:00:00,142.318,142.408,141.777,141.927,7766
2023-12-14 03:00:00,141.926,141.938,140.95,141.404,12002
2023-12-14 04:00:00,141.401,141.777,141.353,141.711,6792
2023-12-14 05:00:00,141.713,141.868,141.372,141.413,6675
2023-12-14 06:00:00,141.41,141.883,141.347,141.567,7563
2023-12-14 07:00:00,141.565,142.173,141.423,142.011,10818
2023-12-14 08:00:00,142.007,142.049,141.518,141.854,7998
2023-12-14 09:00:00,141.854,141.974,141.394,141.478,6163
2023-12-14 10:00:00,141.482,141.766,141.482,141.571,6105
2023-12-14 11:00:00,141.57,141.592,141.226,141.417,5939
2023-12-14 12:00:00,141.414,141.846,141.347,141.637,6342
2023-12-14 13:00:00,141.639,142.274,141.621,141.857,14565
2023-12-14 14:00:00,141.86,142.139,141.608,141.682,11703
2023-12-14 15:00:00,141.683,142.148,141.498,141.676,8307
2023-12-14 16:00:00,141.679,141.757,141.394,141.536,6905
2023-12-14 17:00:00,141.538,141.716,141.463,141.592,4854
2023-12-14 18:00:00,141.596,141.859,141.596,141.846,3496
2023-12-14 19:00:00,141.846,142.005,141.794,141.916,3533
2023-12-14 20:00:00,141.912,141.974,141.761,141.797,2839
2023-12-14 21:00:00,141.77,141.932,141.743,141.791,1375
2023-12-14 22:00:00,141.852,141.899,141.783,141.889,474
2023-12-14 23:00:00,141.861,142.259,141.753,142.227,2343
2023-12-15 00:00:00,142.275,142.463,142.163,142.242,6674
2023-12-15 01:00:00,142.241,142.351,142.102,142.347,4673
2023-12-15 02:00:00,142.347,142.381,141.893,142.046,5139
2023-12-15 03:00:00,142.043,142.125,141.786,141.888,3876
2023-12-15 04:00:00,141.891,141.93,141.609,141.714,4291
2023-12-15 05:00:00,141.715,141.943,141.561,141.883,3896
2023-12-15 06:00:00,141.88,142.131,141.853,141.961,4081
2023-12-15 07:00:00,141.959,142.05,141.801,141.971,5248
2023-12-15 08:00:00,141.97,142.057,141.654,141.715,5731
2023-12-15 09:00:00,141.71,141.841,141.588,141.77,4935
2023-12-15 10:00:00,141.772,141.789,141.467,141.686,3728
2023-12-15 11:00:00,141.686,141.788,141.614,141.741,3428
2023-12-15 12:00:00,141.744,141.759,141.474,141.657,3951
2023-12-15 13:00:00,141.654,142.449,141.486,142.313,11584
2023-12-15 14:00:00,142.315,142.327,141.67,141.819,11101
2023-12-15 15:00:00,141.817,141.843,141.425,141.739,7502
2023-12-15 16:00:00,141.74,141.886,141.659,141.799,4344
2023-12-15 17:00:00,141.797,142.062,141.779,142.031,3321
2023-12-15 18:00:00,142.034,142.258,142.001,142.203,2862
2023-12-15 19:00:00,142.204,142.309,142.048,142.175,3484
2023-12-15 20:00:00,142.177,142.244,142.028,142.238,2119
2023-12-15 21:00:00,142.152,142.274,142.085,142.134,1253
2023-12-17 22:00:00,142.038,142.162,142.025,142.162,321
2023-12-17 23:00:00,142.152,142.325,142.128,142.304,1723
2023-12-18 00:00:00,142.327,142.455,142.067,142.09,5892
2023-12-18 01:00:00,142.091,142.427,142.091,142.247,3704
2023-12-18 02:00:00,142.246,142.375,142.159,142.275,2876
2023-12-18 03:00:00,142.275,142.307,142.078,142.169,2279
2023-12-18 04:00:00,142.169,142.286,142.143,142.154,2040
2023-12-18 05:00:00,142.154,142.229,142.117,142.199,2009
2023-12-18 06:00:00,142.196,142.342,142.151,142.28,2614
2023-12-18 07:00:00,142.278,142.41,142.185,142.378,3148
2023-12-18 08:00:00,142.376,142.541,142.303,142.379,5144
2023-12-18 09:00:00,142.379,142.49,142.239,142.489,3696
2023-12-18 10:00:00,142.488,142.824,142.442,142.721,4024
2023-12-18 11:00:00,142.72,142.817,142.628,142.743,3580
2023-12-18 12:00:00,142.742,142.89,142.698,142.786,3352
2023-12-18 13:00:00,142.787,142.871,142.674,142.811,4817
2023-12-18 14:00:00,142.811,143.032,142.793,142.962,5129
2023-12-18 15:00:00,142.961,143.154,142.91,143.111,4552
2023-12-18 16:00:00,143.109,143.111,142.981,143.043,3270
2023-12-18 17:00:00,143.042,143.062,142.887,142.919,2480
2023-12-18 18:00:00,142.921,142.977,142.835,142.938,2130
2023-12-18 19:00:00,142.938,143.01,142.878,142.881,1862
2023-12-18 20:00:00,142.884,142.955,142.884,142.914,1436
2023-12-18 21:00:00,142.901,142.916,142.732,142.755,889
2023-12-18 22:00:00,142.785,142.802,142.687,142.795,461
2023-12-18 23:00:00,142.774,142.809,142.586,142.667,1562
2023-12-19 00:00:00,142.691,142.691,142.243,142.538,6531
2023-12-19 01:00:00,142.537,142.58,142.316,142.545,5174
2023-12-19 02:00:00,142.547,143.743,142.451,143.663,12480
2023-12-19 03:00:00,143.664,143.785,143.237,143.514,9060
2023-12-19 04:00:00,143.514,143.597,143.317,143.418,3896
2023-12-19 05:00:00,143.418,143.591,143.365,143.499,3701
2023-12-19 06:00:00,143.495,143.729,142.474,143.634,17265
2023-12-19 07:00:00,143.632,144.259,143.481,144.167,15587
2023-12-19 08:00:00,144.169,144.687,144.138,144.608,6908
2023-12-19 09:00:00,144.608,144.69,144.401,144.533,5386
2023-12-19 10:00:00,144.532,144.954,144.48,144.854,4417
2023-12-19 11:00:00,144.855,144.936,144.658,144.79,3964
2023-12-19 12:00:00,144.792,144.795,144.232,144.316,4486
2023-12-19 13:00:00,144.312,144.463,144.153,144.285,6633
2023-12-19 14:00:00,144.283,144.433,143.967,144.045,6508
2023-12-19 15:00:00,144.048,144.078,143.683,143.8,6964
2023-12-19 16:00:00,143.8,143.861,143.525,143.618,4574
2023-12-19 17:00:00,143.617,143.854,143.606,143.827,2864
2023-12-19 18:00:00,143.827,143.895,143.773,143.838,2674
2023-12-19 19:00:00,143.841,143.919,143.757,143.902,1919
2023-12-19 20:00:00,143.9,143.965,143.872,143.882,1794
2023-12-19 21:00:00,143.856,143.9,143.751,143.751,841
2023-12-19 22:00:00,143.788,143.854,143.715,143.85,699
2023-12-19 23:00:00,143.84,143.934,143.787,143.86,1279
2023-12-20 00:00:00,143.919,144.097,143.804,143.838,5148
2023-12-20 01:00:00,143.841,143.958,143.715,143.837,4756
2023-12-20 02:00:00,143.838,144.005,143.787,143.926,3150
2023-12-20 03:00:00,143.924,143.952,143.634,143.689,2936
2023-12-20 04:00:00,143.688,143.72,143.365,143.467,4168
2023-12-20 05:00:00,143.466,143.7,143.412,143.585,3897
2023-12-20 06:00:00,143.582,143.764,143.546,143.69,3691
2023-12-20 07:00:00,143.688,143.704,143.301,143.539,6143
2023-12-20 08:00:00,143.54,143.642,143.436,143.558,5047
2023-12-20 09:00:00,143.555,143.556,143.337,143.409,4001
2023-12-20 10:00:00,143.412,143.488,143.293,143.347,2749
2023-12-20 11:00:00,143.344,143.467,143.257,143.366,3090
2023-12-20 12:00:00,143.367,143.634,143.367,143.565,3568
2023-12-20 13:00:00,143.564,143.591,143.313,143.341,3761
2023-12-20 14:00:00,143.344,143.473,143.301,143.344,4008
2023-12-20 15:00:00,143.342,143.71,143.328,143.675,4453
2023-12-20 16:00:00,143.678,143.838,143.653,143.764,2886
2023-12-20 17:00:00,143.767,143.936,143.733,143.888,2614
2023-12-20 18:00:00,143.889,143.917,143.756,143.815,2640
2023-12-20 19:00:00,143.817,143.902,143.772,143.801,1996
2023-12-20 20:00:00,143.797,143.872,143.534,143.745,3505
2023-12-20 21:00:00,143.686,143.733,143.32,143.359,1534
2023-12-20 22:00:00,143.366,143.478,143.234,143.432,942
2023-12-20 23:00:00,143.421,143.507,143.329,143.494,1758
2023-12-21 00:00:00,143.528,143.559,143.321,143.362,3775
2023-12-21 01:00:00,143.365,143.431,142.92,143.027,4659
2023-12-21 02:00:00,143.026,143.116,142.804,142.921,4988
2023-12-21 03:00:00,142.922,143.042,142.857,142.91,2986
2023-12-21 04:00:00,142.912,142.974,142.82,142.881,2562
2023-12-21 05:00:00,142.881,143.047,142.81,142.955,2598
2023-12-21 06:00:00,142.956,143.165,142.915,143.093,3231
2023-12-21 07:00:00,143.096,143.282,143.052,143.254,3909
2023-12-21 08:00:00,143.255,143.335,143.153,143.307,3707
2023-12-21 09:00:00,143.31,143.397,142.992,143.071,3373
2023-12-21 10:00:00,143.074,143.132,142.954,143.017,2905
2023-12-21 11:00:00,143.021,143.037,142.64,142.727,3078
2023-12-21 12:00:00,142.724,142.793,142.634,142.772,2916
2023-12-21 13:00:00,142.774,142.997,142.067,142.213,8977
2023-12-21 14:00:00,142.211,142.439,142.118,142.279,7005
2023-12-21 15:00:00,142.282,142.598,142.127,142.161,5968
2023-12-21 16:00:00,142.161,142.262,142.039,142.161,4709
2023-12-21 17:00:00,142.159,142.341,142.112,142.264,3861
2023-12-21 18:00:00,142.267,142.435,142.221,142.361,3473
2023-12-21 19:00:00,142.358,142.382,142.186,142.233,2382
2023-12-21 20:00:00,142.231,142.297,142.215,142.224,1950
2023-12-21 21:00:00,142.203,142.238,142.03,142.073,904
2023-12-21 22:00:00,142.092,142.218,142.056,142.184,720
2023-12-21 23:00:00,142.167,142.167,141.946,142.047,1788
2023-12-22 00:00:00,142.071,142.239,141.86,142.19,5866
2023-12-22 01:00:00,142.189,142.403,142.189,142.351,4438
2023-12-22 02:00:00,142.35,142.474,142.276,142.405,3443
2023-12-22 03:00:00,142.406,142.545,142.398,142.531,3007
2023-12-22 04:00:00,142.528,142.556,142.339,142.377,2650
2023-12-22 05:00:00,142.377,142.54,142.369,142.4,2808
2023-12-22 06:00:00,142.399,142.433,142.181,142.337,2939
2023-12-22 07:00:00,142.339,142.366,142.124,142.228,3491
2023-12-22 08:00:00,142.23,142.37,142.187,142.213,4087
2023-12-22 09:00:00,142.213,142.213,142.049,142.153,2862
2023-12-22 10:00:00,142.151,142.18,141.978,142.117,2327
2023-12-22 11:00:00,142.117,142.167,141.922,141.993,2579
2023-12-22 12:00:00,141.995,142.191,141.932,142.12,3019
2023-12-22 13:00:00,142.119,142.466,141.967,142.038,7815
2023-12-22 14:00:00,142.038,142.087,141.884,142.061,6333
2023-12-22 15:00:00,142.071,142.417,142.001,142.363,5026
2023-12-22 16:00:00,142.361,142.655,142.324,142.601,3661
2023-12-22 17:00:00,142.601,142.66,142.463,142.501,3203
2023-12-22 18:00:00,142.502,142.559,142.467,142.507,2070
2023-12-22 19:00:00,142.508,142.58,142.484,142.487,1710
2023-12-22 20:00:00,142.489,142.548,142.447,142.47,1407
2023-12-22 21:00:00,142.442,142.487,142.366,142.429,1121
2023-12-25 22:00:00,142.258,142.406,142.133,142.199,311
2023-12-25 23:00:00,142.19,142.304,141.96,142.096,1676
2023-12-26 00:00:00,142.192,142.286,142.05,142.218,1407
2023-12-26 01:00:00,142.216,142.306,142.175,142.231,1441
2023-12-26 02:00:00,142.231,142.316,142.135,142.195,1339
2023-12-26 03:00:00,142.197,142.219,142.121,142.17,981
2023-12-26 04:00:00,142.17,142.237,142.153,142.226,655
2023-12-26 05:00:00,142.226,142.268,142.163,142.235,1249
2023-12-26 06:00:00,142.236,142.276,142.169,142.257,885
2023-12-26 07:00:00,142.258,142.358,142.209,142.299,1390
2023-12-26 08:00:00,142.3,142.365,142.283,142.35,1175
2023-12-26 09:00:00,142.35,142.484,142.302,142.463,1225
2023-12-26 10:00:00,142.463,142.48,142.278,142.314,1232
2023-12-26 11:00:00,142.317,142.376,142.3,142.352,1252
2023-12-26 12:00:00,142.353,142.457,142.348,142.36,1411
2023-12-26 13:00:00,142.358,142.391,142.221,142.357,1825
2023-12-26 14:00:00,142.358,142.446,142.307,142.364,1824
2023-12-26 15:00:00,142.366,142.589,142.333,142.575,1726
2023-12-26 16:00:00,142.578,142.618,142.448,142.466,1468
2023-12-26 17:00:00,142.467,142.506,142.411,142.455,1123
2023-12-26 18:00:00,142.455,142.501,142.384,142.476,1376
2023-12-26 19:00:00,142.476,142.476,142.397,142.455,869
2023-12-26 20:00:00,142.454,142.461,142.382,142.416,1129
2023-12-26 21:00:00,142.33,142.369,142.191,142.202,1656
2023-12-26 22:00:00,142.217,142.343,142.18,142.31,478
2023-12-26 23:00:00,142.263,142.409,142.141,142.407,1806
2023-12-27 00:00:00,142.476,142.831,142.45,142.699,2414
2023-12-27 01:00:00,142.703,142.748,142.593,142.596,2383
2023-12-27 02:00:00,142.596,142.713,142.428,142.476,1797
2023-12-27 03:00:00,142.475,142.559,142.417,142.549,1472
2023-12-27 04:00:00,142.55,142.647,142.542,142.566,1303
2023-12-27 05:00:00,142.565,142.603,142.523,142.555,1407
2023-12-27 06:00:00,142.555,142.665,142.51,142.646,1439
2023-12-27 07:00:00,142.645,142.826,142.636,142.766,1970
2023-12-27 08:00:00,142.761,142.792,142.432,142.625,2480
2023-12-27 09:00:00,142.629,142.637,142.439,142.563,1858
2023-12-27 10:00:00,142.566,142.643,142.509,142.609,1325
2023-12-27 11:00:00,142.613,142.637,142.493,142.534,1331
2023-12-27 12:00:00,142.53,142.611,142.499,142.574,1248
2023-12-27 13:00:00,142.574,142.61,142.505,142.56,1797
2023-12-27 14:00:00,142.56,142.6,142.434,142.591,2060
2023-12-27 15:00:00,142.592,142.633,142.182,142.189,2292
2023-12-27 16:00:00,142.192,142.224,141.816,142.054,3220
2023-12-27 17:00:00,142.051,142.187,142.051,142.095,2503
2023-12-27 18:00:00,142.096,142.164,141.945,142.039,2820
2023-12-27 19:00:00,142.039,142.127,141.546,141.884,4056
2023-12-27 20:00:00,141.88,141.896,141.742,141.804,2621
2023-12-27 21:00:00,141.751,141.861,141.599,141.625,1183
2023-12-27 22:00:00,141.622,141.649,141.455,141.588,634
2023-12-27 23:00:00,141.576,141.63,141.309,141.407,1549
2023-12-28 00:00:00,141.437,141.666,141.167,141.579,5881
2023-12-28 01:00:00,141.581,141.598,141.378,141.395,4187
2023-12-28 02:00:00,141.393,141.431,141.262,141.412,3333
2023-12-28 03:00:00,141.412,141.462,141.283,141.307,2298
2023-12-28 04:00:00,141.307,141.32,141.111,141.199,2529
2023-12-28 05:00:00,141.2,141.278,141.098,141.146,2862
2023-12-28 06:00:00,141.15,141.243,141.069,141.122,3417
2023-12-28 07:00:00,141.125,141.141,140.707,140.818,5234
2023-12-28 08:00:00,140.815,141.071,140.71,140.869,4311
2023-12-28 09:00:00,140.869,140.953,140.671,140.728,3154
2023-12-28 10:00:00,140.727,140.776,140.647,140.681,2690
2023-12-28 11:00:00,140.679,140.827,140.665,140.811,2104
2023-12-28 12:00:00,140.814,140.967,140.771,140.912,2307
2023-12-28 13:00:00,140.912,141.134,140.705,141.115,4657
2023-12-28 14:00:00,141.114,141.12,140.747,140.753,4460
2023-12-28 15:00:00,140.754,140.896,140.247,140.881,7661
2023-12-28 16:00:00,140.882,141.262,140.858,141.086,5046
2023-12-28 17:00:00,141.083,141.419,141.081,141.217,3196
2023-12-28 18:00:00,141.217,141.583,141.19,141.476,3399
2023-12-28 19:00:00,141.479,141.57,141.435,141.452,1924
2023-12-28 20:00:00,141.452,141.458,141.289,141.363,1718
2023-12-28 21:00:00,141.323,141.405,141.251,141.344,921
2023-12-28 22:00:00,141.362,141.395,141.267,141.307,338
2023-12-28 23:00:00,141.309,141.424,141.19,141.404,1464
2023-12-29 00:00:00,141.437,141.664,141.358,141.628,4998
2023-12-29 01:00:00,141.629,141.635,141.454,141.48,3150
2023-12-29 02:00:00,141.48,141.529,141.339,141.433,1942
2023-12-29 03:00:00,141.434,141.511,141.388,141.48,1484
2023-12-29 04:00:00,141.481,141.485,141.377,141.456,1617
2023-12-29 05:00:00,141.456,141.463,141.267,141.313,1724
2023-12-29 06:00:00,141.31,141.365,141.201,141.24,2378
2023-12-29 07:00:00,141.238,141.425,141.136,141.408,2434
2023-12-29 08:00:00,141.405,141.537,141.326,141.502,2704
2023-12-29 09:00:00,141.502,141.907,141.477,141.893,3244
2023-12-29 10:00:00,141.895,141.911,141.652,141.701,2696
2023-12-29 11:00:00,141.699,141.761,141.529,141.542,2153
2023-12-29 12:00:00,141.542,141.557,141.383,141.472,2748
2023-12-29 13:00:00,141.469,141.879,141.444,141.83,4327
2023-12-29 14:00:00,141.828,141.828,141.472,141.493,4426
2023-12-29 15:00:00,141.49,141.49,140.895,140.991,8496
2023-12-29 16:00:00,140.995,141.105,140.816,140.912,7200
2023-12-29 17:00:00,140.914,140.977,140.79,140.836,3422
2023-12-29 18:00:00,140.837,141.072,140.837,140.916,3798
2023-12-29 19:00:00,140.914,141.08,140.89,141.018,1718
2023-12-29 20:00:00,141.016,141.048,140.944,140.978,1478
2023-12-29 21:00:00,140.928,141.045,140.917,140.993,1109
2024-01-01 22:00:00,140.724,140.827,140.713,140.755,241
2024-01-01 23:00:00,140.753,140.985,140.668,140.977,1165
2024-01-02 00:00:00,141.064,141.331,141.047,141.092,1453
2024-01-02 01:00:00,141.097,141.406,141.092,141.388,1505
2024-01-02 02:00:00,141.388,141.613,141.315,141.548,1485
2024-01-02 03:00:00,141.548,141.651,141.481,141.488,1445
2024-01-02 04:00:00,141.49,141.571,141.448,141.522,1077
2024-01-02 05:00:00,141.522,141.522,141.332,141.334,1249
2024-01-02 06:00:00,141.332,141.537,141.322,141.506,1481
2024-01-02 07:00:00,141.505,141.592,141.373,141.531,2541
2024-01-02 08:00:00,141.527,141.576,141.277,141.541,2882
2024-01-02 09:00:00,141.54,141.667,141.374,141.548,3127
2024-01-02 10:00:00,141.551,141.77,141.504,141.647,3545
2024-01-02 11:00:00,141.647,141.883,141.588,141.822,3389
2024-01-02 12:00:00,141.824,142.213,141.789,142.113,4512
2024-01-02 13:00:00,142.113,142.158,141.882,142.147,4970
2024-01-02 14:00:00,142.145,142.172,141.509,141.543,7198
2024-01-02 15:00:00,141.547,142.013,141.496,141.924,6422
2024-01-02 16:00:00,141.922,141.997,141.71,141.889,4529
2024-01-02 17:00:00,141.889,141.996,141.875,141.968,2931
2024-01-02 18:00:00,141.968,141.998,141.844,141.946,1878
2024-01-02 19:00:00,141.946,141.997,141.898,141.944,1442
2024-01-02 20:00:00,141.944,141.972,141.801,141.962,1723
2024-01-02 21:00:00,141.882,141.995,141.882,141.924,1019
2024-01-02 22:00:00,141.953,141.993,141.795,141.993,448
2024-01-02 23:00:00,142.013,142.141,141.969,142.141,1066
2024-01-03 00:00:00,142.172,142.172,141.855,141.951,2670
2024-01-03 01:00:00,141.952,142.132,141.903,142.011,2044
2024-01-03 02:00:00,142.011,142.061,141.982,142.034,1623
2024-01-03 03:00:00,142.034,142.041,141.877,141.887,1565
2024-01-03 04:00:00,141.887,141.941,141.856,141.9,1139
2024-01-03 05:00:00,141.9,142.13,141.899,142.12,1437
2024-01-03 06:00:00,142.117,142.128,142.012,142.089,1919
2024-01-03 07:00:00,142.085,142.465,142.035,142.416,4533
2024-01-03 08:00:00,142.417,142.642,142.394,142.571,4108
2024-01-03 09:00:00,142.572,142.709,142.498,142.632,3274
2024-01-03 10:00:00,142.635,142.791,142.597,142.645,2459
2024-01-03 11:00:00,142.646,142.976,142.587,142.929,2876
2024-01-03 12:00:00,142.928,142.985,142.786,142.932,3404
2024-01-03 13:00:00,142.934,143.083,142.815,143.015,4944
2024-01-03 14:00:00,143.016,143.409,142.958,143.222,6007
2024-01-03 15:00:00,143.235,143.723,142.807,143.596,9995
2024-01-03 16:00:00,143.594,143.594,143.335,143.553,4788
2024-01-03 17:00:00,143.552,143.724,143.493,143.605,3552
2024-01-03 18:00:00,143.603,143.668,143.462,143.565,3572
2024-01-03 19:00:00,143.568,143.729,143.136,143.232,7331
2024-01-03 20:00:00,143.236,143.274,143.115,143.233,3642
2024-01-03 21:00:00,143.194,143.282,143.073,143.085,891
2024-01-03 22:00:00,143.082,143.22,143.027,143.118,777
2024-01-03 23:00:00,143.118,143.118,142.898,142.959,1463
2024-01-04 00:00:00,142.994,143.317,142.85,143.267,4294
2024-01-04 01:00:00,143.266,143.445,143.114,143.425,3804
2024-01-04 02:00:00,143.425,143.482,143.346,143.468,2447
2024-01-04 03:00:00,143.468,143.468,143.221,143.34,2458
2024-01-04 04:00:00,143.34,143.6,143.328,143.564,2269
2024-01-04 05:00:00,143.565,143.889,143.565,143.773,4492
2024-01-04 06:00:00,143.776,143.803,143.513,143.522,4217
2024-01-04 07:00:00,143.525,143.581,143.175,143.37,5186
2024-01-04 08:00:00,143.368,143.639,143.359,143.584,5269
2024-01-04 09:00:00,143.587,143.89,143.563,143.864,4651
2024-01-04 10:00:00,143.864,144.264,143.862,144.248,4263
2024-01-04 11:00:00,144.246,144.291,144.13,144.252,3554
2024-01-04 12:00:00,144.252,144.26,144.059,144.213,3616
2024-01-04 13:00:00,144.213,144.55,144.111,144.533,5703
2024-01-04 14:00:00,144.531,144.848,144.513,144.781,4971
2024-01-04 15:00:00,144.778,144.797,144.467,144.657,5511
2024-01-04 16:00:00,144.655,144.655,144.455,144.588,3814
2024-01-04 17:00:00,144.588,144.646,144.509,144.593,2549
2024-01-04 18:00:00,144.593,144.709,144.543,144.597,2256
2024-01-04 19:00:00,144.597,144.638,144.51,144.577,1583
2024-01-04 20:00:00,144.573,144.606,144.511,144.585,1306
2024-01-04 21:00:00,144.512,144.643,144.512,144.568,984
2024-01-04 22:00:00,144.603,144.603,144.448,144.55,545
2024-01-04 23:00:00,144.539,144.741,144.539,144.741,957
2024-01-05 00:00:00,144.77,144.898,144.656,144.796,4309
2024-01-05 01:00:00,144.799,144.84,144.667,144.739,3478
2024-01-05 02:00:00,144.738,144.838,144.675,144.811,2352
2024-01-05 03:00:00,144.81,144.951,144.766,144.923,2053
2024-01-05 04:00:00,144.922,144.943,144.798,144.844,2034
2024-01-05 05:00:00,144.845,144.87,144.654,144.725,2291
2024-01-05 06:00:00,144.723,145.365,144.694,145.235,4774
2024-01-05 07:00:00,145.236,145.251,144.964,145.073,4298
2024-01-05 08:00:00,145.076,145.1,144.848,145.075,4346
2024-01-05 09:00:00,145.073,145.198,144.999,145.182,3368
2024-01-05 10:00:00,145.183,145.372,145.173,145.207,2991
2024-01-05 11:00:00,145.207,145.35,145.161,145.265,2413
2024-01-05 12:00:00,145.265,145.296,145.066,145.092,2461
2024-01-05 13:00:00,145.088,145.967,145.048,145.462,13345
2024-01-05 14:00:00,145.46,145.482,144.926,145.087,11435
2024-01-05 15:00:00,145.082,145.082,143.804,144.126,17828
2024-01-05 16:00:00,144.125,144.539,144.062,144.523,5895
2024-01-05 17:00:00,144.521,144.826,144.519,144.742,5074
2024-01-05 18:00:00,144.745,144.89,144.608,144.63,3628
2024-01-05 19:00:00,144.627,144.697,144.493,144.658,3327
2024-01-05 20:00:00,144.657,144.762,144.622,144.744,2320
2024-01-05 21:00:00,144.706,144.761,144.516,144.592,1230
2024-01-07 22:00:00,144.415,144.595,144.411,144.534,441
2024-01-07 23:00:00,144.529,144.88,144.494,144.689,1688
2024-01-08 00:00:00,144.718,144.794,144.581,144.588,1811
2024-01-08 01:00:00,144.591,144.66,144.319,144.373,3612
2024-01-08 02:00:00,144.372,144.562,144.372,144.522,2203
2024-01-08 03:00:00,144.522,144.551,144.312,144.487,2660
2024-01-08 04:00:00,144.486,144.534,144.392,144.458,2245
2024-01-08 05:00:00,144.461,144.473,144.358,144.363,2004
2024-01-08 06:00:00,144.361,144.368,144.164,144.176,2869
2024-01-08 07:00:00,144.177,144.469,144.086,144.414,4373
2024-01-08 08:00:00,144.416,144.61,144.377,144.519,5181
2024-01-08 09:00:00,144.518,144.571,144.181,144.229,3770
2024-01-08 10:00:00,144.229,144.49,144.197,144.396,3406
2024-01-08 11:00:00,144.394,144.583,144.319,144.574,3378
2024-01-08 12:00:00,144.576,144.68,144.43,144.473,3089
2024-01-08 13:00:00,144.471,144.574,144.261,144.451,5113
2024-01-08 14:00:00,144.451,144.466,144.074,144.092,5918
2024-01-08 15:00:00,144.094,144.162,143.849,143.928,6081
2024-01-08 16:00:00,143.927,143.951,143.657,143.897,5332
2024-01-08 17:00:00,143.896,143.984,143.802,143.959,3205
2024-01-08 18:00:00,143.961,144.179,143.952,144.139,2211
2024-01-08 19:00:00,144.139,144.168,144.068,144.104,2122
2024-01-08 20:00:00,144.1,144.267,144.068,144.153,2203
2024-01-08 21:00:00,144.127,144.217,144.069,144.175,1047
2024-01-08 22:00:00,144.216,144.223,144.129,144.209,533
2024-01-08 23:00:00,144.197,144.241,144.044,144.186,1250
2024-01-09 00:00:00,144.218,144.255,143.849,143.924,4486
2024-01-09 01:00:00,143.927,143.973,143.446,143.479,5512
2024-01-09 02:00:00,143.48,143.698,143.417,143.674,3944
2024-01-09 03:00:00,143.676,143.685,143.498,143.622,2713
2024-01-09 04:00:00,143.622,143.686,143.567,143.584,2171
2024-01-09 05:00:00,143.583,143.881,143.578,143.787,2495
2024-01-09 06:00:00,143.785,144.101,143.782,144.066,3152
2024-01-09 07:00:00,144.064,144.149,143.855,144.061,4434
2024-01-09 08:00:00,144.058,144.311,143.954,144.025,5124
2024-01-09 09:00:00,144.023,144.039,143.738,143.942,4090
2024-01-09 10:00:00,143.944,144.086,143.841,144.059,3292
2024-01-09 11:00:00,144.06,144.166,143.978,144.071,2834
2024-01-09 12:00:00,144.069,144.136,143.952,143.995,3090
2024-01-09 13:00:00,143.993,144.188,143.742,143.764,5850
2024-01-09 14:00:00,143.761,143.914,143.647,143.908,5925
2024-01-09 15:00:00,143.905,144.36,143.757,144.306,5981
2024-01-09 16:00:00,144.31,144.438,144.262,144.352,3856
2024-01-09 17:00:00,144.35,144.481,144.319,144.4,3435
2024-01-09 18:00:00,144.401,144.62,144.243,144.552,3261
2024-01-09 19:00:00,144.55,144.59,144.451,144.543,2285
2024-01-09 20:00:00,144.541,144.541,144.343,144.517,2529
2024-01-09 21:00:00,144.485,144.506,144.416,144.416,852
2024-01-09 22:00:00,144.459,144.459,144.352,144.407,480
2024-01-09 23:00:00,144.381,144.42,144.277,144.397,1027
2024-01-10 00:00:00,144.428,144.711,144.411,144.53,3512
2024-01-10 01:00:00,144.53,144.819,144.525,144.736,3404
2024-01-10 02:00:00,144.737,144.902,144.698,144.842,2480
2024-01-10 03:00:00,144.846,144.932,144.748,144.844,2173
2024-01-10 04:00:00,144.847,144.855,144.755,144.802,1666
2024-01-10 05:00:00,144.803,144.863,144.665,144.776,2260
2024-01-10 06:00:00,144.778,145.131,144.728,145.065,3071
2024-01-10 07:00:00,145.064,145.15,144.835,144.936,4826
2024-01-10 08:00:00,144.934,145.048,144.845,144.983,4156
2024-01-10 09:00:00,144.986,145.031,144.825,144.915,3159
2024-01-10 10:00:00,144.913,144.948,144.758,144.93,2670
2024-01-10 11:00:00,144.93,145.127,144.92,144.991,2158
2024-01-10 12:00:00,144.992,145.285,144.979,145.271,3071
2024-01-10 13:00:00,145.271,145.329,145.143,145.291,3744
2024-01-10 14:00:00,145.292,145.522,145.23,145.44,4058
2024-01-10 15:00:00,145.442,145.671,145.417,145.611,5081
2024-01-10 16:00:00,145.608,145.824,145.509,145.684,3234
2024-01-10 17:00:00,145.682,145.736,145.56,145.61,2358
2024-01-10 18:00:00,145.612,145.697,145.559,145.628,2748
2024-01-10 19:00:00,145.629,145.711,145.604,145.687,1761
2024-01-10 20:00:00,145.683,145.83,145.604,145.799,3423
2024-01-10 21:00:00,145.745,145.79,145.54,145.548,1043
2024-01-10 22:00:00,145.548,145.669,145.437,145.634,482
2024-01-10 23:00:00,145.619,145.774,145.547,145.707,1398
2024-01-11 00:00:00,145.724,145.777,145.423,145.48,4787
2024-01-11 01:00:00,145.478,145.545,145.323,145.362,3129
2024-01-11 02:00:00,145.363,145.585,145.332,145.538,2900
2024-01-11 03:00:00,145.54,145.551,145.301,145.307,2163
2024-01-11 04:00:00,145.307,145.408,145.273,145.385,1741
2024-01-11 05:00:00,145.387,145.507,145.279,145.486,2139
2024-01-11 06:00:00,145.486,145.542,145.392,145.422,2661
2024-01-11 07:00:00,145.421,145.461,145.331,145.403,3094
2024-01-11 08:00:00,145.4,145.488,145.327,145.474,3858
2024-01-11 09:00:00,145.474,145.572,145.449,145.539,2816
2024-01-11 10:00:00,145.538,145.589,145.399,145.409,2240
2024-01-11 11:00:00,145.41,145.555,145.345,145.39,3144
2024-01-11 12:00:00,145.388,145.441,145.312,145.385,2737
2024-01-11 13:00:00,145.382,146.26,145.085,146.243,14885
2024-01-11 14:00:00,146.241,146.413,145.723,145.902,13358
2024-01-11 15:00:00,145.904,146.228,145.641,145.948,11257
2024-01-11 16:00:00,145.949,146.186,145.838,146.028,7735
2024-01-11 17:00:00,146.028,146.032,145.86,145.948,4725
2024-01-11 18:00:00,145.951,146.015,145.774,145.798,4003
2024-01-11 19:00:00,145.796,145.802,145.437,145.479,4252
2024-01-11 20:00:00,145.477,145.542,145.37,145.401,3242
2024-01-11 21:00:00,145.364,145.453,145.208,145.209,1465
2024-01-11 22:00:00,145.24,145.328,145.206,145.315,716
2024-01-11 23:00:00,145.31,145.311,144.877,145.073,2031
2024-01-12 00:00:00,145.096,145.382,145.079,145.251,4951
2024-01-12 01:00:00,145.253,145.402,144.96,145.109,4086
2024-01-12 02:00:00,145.109,145.256,145.04,145.122,2887
2024-01-12 03:00:00,145.121,145.121,144.841,144.912,3113
2024-01-12 04:00:00,144.912,145.062,144.892,144.995,2145
2024-01-12 05:00:00,144.996,145.248,144.981,145.248,3556
2024-01-12 06:00:00,145.248,145.262,145.055,145.124,2670
2024-01-12 07:00:00,145.127,145.283,145.086,145.145,3478
2024-01-12 08:00:00,145.144,145.163,144.863,145.003,4569
2024-01-12 09:00:00,145.005,145.151,144.963,145.132,3430
2024-01-12 10:00:00,145.129,145.241,145.083,145.145,2839
2024-01-12 11:00:00,145.145,145.277,145.076,145.233,2671
2024-01-12 12:00:00,145.23,145.378,145.145,145.364,2997
2024-01-12 13:00:00,145.365,145.563,144.744,144.786,10316
2024-01-12 14:00:00,144.783,144.909,144.372,144.534,9610
2024-01-12 15:00:00,144.537,144.802,144.346,144.703,8184
2024-01-12 16:00:00,144.706,144.872,144.561,144.85,5180
2024-01-12 17:00:00,144.85,145.004,144.842,144.951,3307
2024-01-12 18:00:00,144.951,145.014,144.844,144.87,2209
2024-01-12 19:00:00,144.87,144.882,144.794,144.868,1839
2024-01-12 20:00:00,144.868,144.94,144.821,144.892,1699
2024-01-12 21:00:00,144.836,144.904,144.785,144.895,1127
2024-01-14 22:00:00,144.86,144.909,144.806,144.876,421
2024-01-14 23:00:00,144.903,145.141,144.888,145.111,1297
2024-01-15 00:00:00,145.146,145.23,144.986,145.055,4168
2024-01-15 01:00:00,145.058,145.166,145.009,145.067,2948
2024-01-15 02:00:00,145.065,145.08,144.929,144.962,2634
2024-01-15 03:00:00,144.96,145.173,144.949,145.13,2316
2024-01-15 04:00:00,145.131,145.23,145.116,145.164,1503
2024-01-15 05:00:00,145.164,145.286,145.096,145.266,1450
2024-01-15 06:00:00,145.266,145.289,145.191,145.259,1501
2024-01-15 07:00:00,145.262,145.551,145.262,145.447,3671
2024-01-15 08:00:00,145.444,145.451,145.311,145.436,3446
2024-01-15 09:00:00,145.435,145.76,145.423,145.66,3213
2024-01-15 10:00:00,145.66,145.821,145.644,145.67,2772
2024-01-15 11:00:00,145.668,145.691,145.54,145.666,2365
2024-01-15 12:00:00,145.669,145.911,145.661,145.841,3252
2024-01-15 13:00:00,145.841,145.902,145.731,145.777,2983
2024-01-15 14:00:00,145.775,145.938,145.742,145.872,2809
2024-01-15 15:00:00,145.869,145.907,145.672,145.785,2751
2024-01-15 16:00:00,145.788,145.853,145.732,145.755,1953
2024-01-15 17:00:00,145.755,145.802,145.674,145.778,1249
2024-01-15 18:00:00,145.775,145.797,145.753,145.77,405
2024-01-15 19:00:00,145.769,145.795,145.767,145.778,356
2024-01-15 20:00:00,145.778,145.795,145.771,145.791,289
2024-01-15 21:00:00,145.761,145.778,145.676,145.678,283
2024-01-15 22:00:00,145.664,145.736,145.643,145.717,302
2024-01-15 23:00:00,145.706,145.832,145.683,145.762,1113
2024-01-16 00:00:00,145.791,145.865,145.58,145.844,4153
2024-01-16 01:00:00,145.844,146.106,145.796,145.895,5140
2024-01-16 02:00:00,145.896,146.193,145.888,146.049,3764
2024-01-16 03:00:00,146.047,146.165,145.931,146.095,2863
2024-01-16 04:00:00,146.092,146.228,146.084,146.108,2218
2024-01-16 05:00:00,146.109,146.268,146.067,146.161,2446
2024-01-16 06:00:00,146.162,146.221,146.035,146.087,2499
2024-01-16 07:00:00,146.086,146.244,145.991,146.155,3852
2024-01-16 08:00:00,146.156,146.484,145.998,146.427,5504
2024-01-16 09:00:00,146.426,146.628,146.398,146.531,4684
2024-01-16 10:00:00,146.531,146.747,146.516,146.659,3714
2024-01-16 11:00:00,146.659,146.713,146.582,146.6,3382
2024-01-16 12:00:00,146.601,146.784,146.587,146.678,3207
2024-01-16 13:00:00,146.68,146.782,146.28,146.62,7613
2024-01-16 14:00:00,146.619,146.773,146.39,146.754,6980
2024-01-16 15:00:00,146.75,146.793,146.598,146.703,4631
2024-01-16 16:00:00,146.699,147.187,146.692,147.007,9935
2024-01-16 17:00:00,147.005,147.268,146.989,147.249,4084
2024-01-16 18:00:00,147.248,147.309,147.131,147.267,2494
2024-01-16 19:00:00,147.269,147.289,147.216,147.245,1658
2024-01-16 20:00:00,147.246,147.27,147.199,147.264,1450
2024-01-16 21:00:00,147.201,147.247,147.125,147.125,860
2024-01-16 22:00:00,147.166,147.175,147.009,147.062,683
2024-01-16 23:00:00,147.064,147.256,147.045,147.209,1176
2024-01-17 00:00:00,147.243,147.484,147.23,147.329,4143
2024-01-17 01:00:00,147.33,147.393,147.146,147.192,3711
2024-01-17 02:00:00,147.19,147.277,147.094,147.254,3026
2024-01-17 03:00:00,147.251,147.407,147.233,147.329,2821
2024-01-17 04:00:00,147.328,147.376,147.281,147.348,2192
2024-01-17 05:00:00,147.35,147.666,147.347,147.578,3104
2024-01-17 06:00:00,147.575,147.886,147.565,147.703,4730
2024-01-17 07:00:00,147.7,147.965,147.687,147.865,5566
2024-01-17 08:00:00,147.867,147.882,147.695,147.874,5126
2024-01-17 09:00:00,147.877,147.923,147.642,147.718,4166
2024-01-17 10:00:00,147.721,147.779,147.562,147.748,3602
2024-01-17 11:00:00,147.749,147.814,147.654,147.659,2799
2024-01-17 12:00:00,147.661,147.747,147.582,147.732,2844
2024-01-17 13:00:00,147.731,147.979,147.67,147.933,6074
2024-01-17 14:00:00,147.934,148.368,147.88,148.341,5338
2024-01-17 15:00:00,148.338,148.525,148.118,148.443,6245
2024-01-17 16:00:00,148.445,148.515,148.281,148.386,5137
2024-01-17 17:00:00,148.387,148.394,148.168,148.221,3517
2024-01-17 18:00:00,148.22,148.387,148.214,148.322,2874
2024-01-17 19:00:00,148.321,148.323,148.163,148.266,2357
2024-01-17 20:00:00,148.266,148.288,148.169,148.189,1809
2024-01-17 21:00:00,148.158,148.187,147.912,147.933,1094
2024-01-17 22:00:00,147.965,148.107,147.837,148.103,844
2024-01-17 23:00:00,148.092,148.127,148.026,148.104,1128
2024-01-18 00:00:00,148.133,148.249,147.99,148.001,3655
2024-01-18 01:00:00,148.003,148.089,147.867,148.039,4240
2024-01-18 02:00:00,148.036,148.09,147.904,148.046,2795
2024-01-18 03:00:00,148.048,148.154,147.999,148.018,2561
2024-01-18 04:00:00,148.018,148.02,147.885,147.923,2169
2024-01-18 05:00:00,147.926,148.061,147.858,147.873,2120
2024-01-18 06:00:00,147.87,147.92,147.685,147.745,3756
2024-01-18 07:00:00,147.747,147.883,147.709,147.784,4499
2024-01-18 08:00:00,147.781,147.956,147.708,147.892,4453
2024-01-18 09:00:00,147.895,147.94,147.651,147.844,3789
2024-01-18 10:00:00,147.847,147.925,147.795,147.852,2776
2024-01-18 11:00:00,147.85,147.959,147.799,147.818,2562
2024-01-18 12:00:00,147.815,147.934,147.749,147.894,3304
2024-01-18 13:00:00,147.894,148.298,147.887,148.224,6579
2024-01-18 14:00:00,148.228,148.239,147.851,148.001,6441
2024-01-18 15:00:00,148.0,148.197,147.943,148.172,5298
2024-01-18 16:00:00,148.174,148.232,147.997,148.153,3596
2024-01-18 17:00:00,148.153,148.258,148.153,148.218,3028
2024-01-18 18:00:00,148.215,148.249,148.071,148.141,2550
2024-01-18 19:00:00,148.144,148.226,148.1,148.224,2185
2024-01-18 20:00:00,148.221,148.274,148.17,148.178,1871
2024-01-18 21:00:00,148.145,148.176,148.049,148.1,866
2024-01-18 22:00:00,148.143,148.152,148.051,148.11,623
2024-01-18 23:00:00,148.097,148.138,147.975,148.089,1305
2024-01-19 00:00:00,148.121,148.141,147.936,148.025,3907
2024-01-19 01:00:00,148.022,148.391,148.001,148.349,4011
2024-01-19 02:00:00,148.351,148.474,148.141,148.252,3593
2024-01-19 03:00:00,148.251,148.292,148.185,148.218,1905
2024-01-19 04:00:00,148.221,148.366,148.213,148.357,1646
2024-01-19 05:00:00,148.356,148.669,148.35,148.647,3038
2024-01-19 06:00:00,148.647,148.801,148.56,148.585,3385
2024-01-19 07:00:00,148.581,148.608,148.19,148.265,5049
2024-01-19 08:00:00,148.263,148.351,148.046,148.076,4606
2024-01-19 09:00:00,148.073,148.134,147.92,147.976,4164
2024-01-19 10:00:00,147.979,148.018,147.834,147.945,3438
2024-01-19 11:00:00,147.942,148.118,147.921,147.975,2731
2024-01-19 12:00:00,147.975,148.185,147.955,148.156,2801
2024-01-19 13:00:00,148.156,148.21,147.958,148.132,5045
2024-01-19 14:00:00,148.13,148.448,148.07,148.308,5104
2024-01-19 15:00:00,148.304,148.529,148.087,148.098,7156
2024-01-19 16:00:00,148.1,148.243,148.045,148.205,4310
2024-01-19 17:00:00,148.205,148.226,148.02,148.116,3127
2024-01-19 18:00:00,148.118,148.306,148.117,148.243,2279
2024-01-19 19:00:00,148.24,148.256,148.13,148.187,1792
2024-01-19 20:00:00,148.187,148.197,148.125,148.149,1788
2024-01-19 21:00:00,148.121,148.138,148.038,148.118,1030
2024-01-21 22:00:00,148.112,148.218,148.099,148.194,680
2024-01-21 23:00:00,148.191,148.204,148.03,148.09,1761
2024-01-22 00:00:00,148.121,148.228,148.005,148.085,4014
2024-01-22 01:00:00,148.085,148.102,147.774,147.856,4838
2024-01-22 02:00:00,147.856,147.969,147.729,147.746,3368
2024-01-22 03:00:00,147.75,147.949,147.739,147.915,2761
2024-01-22 04:00:00,147.914,147.935,147.827,147.838,2074
2024-01-22 05:00:00,147.838,148.119,147.827,148.05,2458
2024-01-22 06:00:00,148.05,148.111,147.972,148.081,3221
2024-01-22 07:00:00,148.083,148.13,147.914,148.032,3896
2024-01-22 08:00:00,148.035,148.3,147.995,148.238,4361
2024-01-22 09:00:00,148.241,148.271,148.051,148.108,3244
2024-01-22 10:00:00,148.108,148.14,147.974,148.014,2735
2024-01-22 11:00:00,148.015,148.024,147.853,147.882,2669
2024-01-22 12:00:00,147.882,147.91,147.702,147.784,3312
2024-01-22 13:00:00,147.787,147.893,147.612,147.681,5107
2024-01-22 14:00:00,147.683,147.951,147.683,147.842,4619
2024-01-22 15:00:00,147.843,147.927,147.725,147.841,4151
2024-01-22 16:00:00,147.844,148.012,147.842,147.952,2630
2024-01-22 17:00:00,147.949,148.033,147.904,147.979,1970
2024-01-22 18:00:00,147.978,148.139,147.978,148.088,1784
2024-01-22 19:00:00,148.088,148.129,148.001,148.029,1741
2024-01-22 20:00:00,148.028,148.12,148.011,148.041,1720
2024-01-22 21:00:00,148.013,148.123,147.998,148.026,795
2024-01-22 22:00:00,148.039,148.08,147.738,147.967,734
2024-01-22 23:00:00,147.943,148.114,147.922,148.11,1019
2024-01-23 00:00:00,148.142,148.222,148.051,148.11,2591
2024-01-23 01:00:00,148.11,148.162,148.064,148.101,2595
2024-01-23 02:00:00,148.101,148.268,148.074,148.226,3992
2024-01-23 03:00:00,148.227,148.547,147.849,147.893,9746
2024-01-23 04:00:00,147.895,148.204,147.857,147.946,3727
2024-01-23 05:00:00,147.946,148.066,147.861,147.923,3595
2024-01-23 06:00:00,147.92,148.172,146.977,147.126,11208
2024-01-23 07:00:00,147.123,147.773,147.037,147.581,11933
2024-01-23 08:00:00,147.578,147.667,147.251,147.344,5290
2024-01-23 09:00:00,147.344,147.732,147.333,147.707,4249
2024-01-23 10:00:00,147.707,147.926,147.707,147.836,3707
2024-01-23 11:00:00,147.833,148.154,147.756,148.02,3789
2024-01-23 12:00:00,148.018,148.138,147.87,147.981,3469
2024-01-23 13:00:00,147.985,148.068,147.876,148.049,4242
2024-01-23 14:00:00,148.05,148.37,148.045,148.329,5504
2024-01-23 15:00:00,148.331,148.539,148.218,148.477,5149
2024-01-23 16:00:00,148.477,148.59,148.357,148.547,3586
2024-01-23 17:00:00,148.547,148.691,148.508,148.592,2483
2024-01-23 18:00:00,148.594,148.616,148.443,148.517,2310
2024-01-23 19:00:00,148.517,148.565,148.294,148.376,2113
2024-01-23 20:00:00,148.375,148.408,148.328,148.351,1391
2024-01-23 21:00:00,148.324,148.377,148.268,148.298,957
2024-01-23 22:00:00,148.349,148.349,148.208,148.326,493
2024-01-23 23:00:00,148.335,148.352,148.159,148.2,1195
2024-01-24 00:00:00,148.243,148.259,148.042,148.109,3800
2024-01-24 01:00:00,148.112,148.176,147.974,148.017,3837
2024-01-24 02:00:00,148.017,148.249,148.01,148.102,2762
2024-01-24 03:00:00,148.1,148.144,147.748,147.801,3624
2024-01-24 04:00:00,147.798,147.919,147.763,147.875,2638
2024-01-24 05:00:00,147.875,148.01,147.808,147.874,2304
2024-01-24 06:00:00,147.875,147.953,147.819,147.865,2563
2024-01-24 07:00:00,147.865,147.909,147.696,147.79,4175
2024-01-24 08:00:00,147.787,147.787,147.444,147.561,4795
2024-01-24 09:00:00,147.564,147.623,147.374,147.528,3711
2024-01-24 10:00:00,147.53,147.62,147.463,147.482,2459
2024-01-24 11:00:00,147.482,147.593,147.439,147.513,2326
2024-01-24 12:00:00,147.51,147.518,147.2,147.294,3601
2024-01-24 13:00:00,147.294,147.3,146.718,146.765,6444
2024-01-24 14:00:00,146.768,147.272,146.643,147.073,7767
2024-01-24 15:00:00,147.07,147.215,146.755,146.938,7768
2024-01-24 16:00:00,146.936,147.43,146.882,147.308,5251
2024-01-24 17:00:00,147.31,147.32,147.117,147.184,3083
2024-01-24 18:00:00,147.187,147.489,147.155,147.474,3655
2024-01-24 19:00:00,147.474,147.589,147.452,147.56,2135
2024-01-24 20:00:00,147.56,147.62,147.505,147.604,1656
2024-01-24 21:00:00,147.57,147.618,147.22,147.282,965
2024-01-24 22:00:00,147.299,147.461,147.258,147.435,716
2024-01-24 23:00:00,147.42,147.569,147.386,147.55,1613
2024-01-25 00:00:00,147.585,147.763,147.54,147.722,4094
2024-01-25 01:00:00,147.726,147.851,147.608,147.662,3290
2024-01-25 02:00:00,147.66,147.765,147.594,147.709,2464
2024-01-25 03:00:00,147.709,147.717,147.562,147.651,2275
2024-01-25 04:00:00,147.648,147.779,147.579,147.768,1900
2024-01-25 05:00:00,147.768,147.855,147.707,147.798,1883
2024-01-25 06:00:00,147.798,147.876,147.667,147.719,2392
2024-01-25 07:00:00,147.718,147.748,147.529,147.666,3451
2024-01-25 08:00:00,147.669,147.839,147.644,147.654,3232
2024-01-25 09:00:00,147.654,147.691,147.573,147.637,2867
2024-01-25 10:00:00,147.636,147.658,147.51,147.592,2789
2024-01-25 11:00:00,147.59,147.659,147.471,147.513,2567
2024-01-25 12:00:00,147.51,147.759,147.493,147.74,2429
2024-01-25 13:00:00,147.742,147.946,147.283,147.375,9214
2024-01-25 14:00:00,147.376,147.422,147.078,147.309,9798
2024-01-25 15:00:00,147.315,147.621,147.22,147.573,6871
2024-01-25 16:00:00,147.574,147.763,147.503,147.696,3917
2024-01-25 17:00:00,147.695,147.896,147.629,147.824,2949
2024-01-25 18:00:00,147.824,147.863,147.691,147.835,2946
2024-01-25 19:00:00,147.838,147.872,147.767,147.836,1791
2024-01-25 20:00:00,147.833,147.846,147.691,147.717,1522
2024-01-25 21:00:00,147.685,147.722,147.586,147.587,862
2024-01-25 22:00:00,147.581,147.641,147.505,147.605,403
2024-01-25 23:00:00,147.591,147.695,147.454,147.693,1623
2024-01-26 00:00:00,147.716,147.846,147.532,147.564,3728
2024-01-26 01:00:00,147.564,147.669,147.476,147.542,3312
2024-01-26 02:00:00,147.546,147.645,147.506,147.639,2417
2024-01-26 03:00:00,147.638,147.71,147.543,147.663,1833
2024-01-26 04:00:00,147.663,147.799,147.644,147.789,1664
2024-01-26 05:00:00,147.792,147.822,147.69,147.728,1831
2024-01-26 06:00:00,147.728,147.864,147.728,147.756,2456
2024-01-26 07:00:00,147.759,147.879,147.732,147.768,3238
2024-01-26 08:00:00,147.77,147.854,147.731,147.802,3756
2024-01-26 09:00:00,147.804,148.087,147.788,147.832,3667
2024-01-26 10:00:00,147.829,147.829,147.628,147.654,2802
2024-01-26 11:00:00,147.652,147.761,147.591,147.711,2675
2024-01-26 12:00:00,147.711,147.826,147.64,147.766,2588
2024-01-26 13:00:00,147.768,147.914,147.411,147.647,7728
2024-01-26 14:00:00,147.651,147.942,147.632,147.868,5887
2024-01-26 15:00:00,147.87,148.163,147.87,148.069,5120
2024-01-26 16:00:00,148.072,148.107,147.894,147.94,3098
2024-01-26 17:00:00,147.942,148.028,147.879,147.989,2348
2024-01-26 18:00:00,147.991,148.204,147.959,148.136,1694
2024-01-26 19:00:00,148.136,148.16,148.049,148.094,1450
2024-01-26 20:00:00,148.093,148.104,148.045,148.076,1327
2024-01-26 21:00:00,148.062,148.125,148.012,148.08,888
2024-01-28 22:00:00,148.068,148.093,147.96,148.062,552
2024-01-28 23:00:00,148.038,148.153,147.966,148.152,1679
2024-01-29 00:00:00,148.18,148.331,148.16,148.206,3167
2024-01-29 01:00:00,148.206,148.206,148.023,148.127,2663
2024-01-29 02:00:00,148.128,148.246,148.115,148.118,1925
2024-01-29 03:00:00,148.117,148.182,148.087,148.135,1366
2024-01-29 04:00:00,148.132,148.132,147.989,148.063,1559
2024-01-29 05:00:00,148.062,148.097,148.011,148.027,1747
2024-01-29 06:00:00,148.027,148.069,147.876,147.887,2266
2024-01-29 07:00:00,147.89,147.899,147.747,147.802,3397
2024-01-29 08:00:00,147.799,147.904,147.71,147.875,3603
2024-01-29 09:00:00,147.878,147.905,147.705,147.74,3451
2024-01-29 10:00:00,147.74,147.855,147.729,147.821,2300
2024-01-29 11:00:00,147.824,147.921,147.777,147.873,1842
2024-01-29 12:00:00,147.872,147.986,147.834,147.964,2206
2024-01-29 13:00:00,147.965,148.089,147.879,147.968,3536
2024-01-29 14:00:00,147.969,148.046,147.891,147.925,3257
2024-01-29 15:00:00,147.928,147.991,147.619,147.662,4042
2024-01-29 16:00:00,147.662,147.733,147.587,147.647,3349
2024-01-29 17:00:00,147.647,147.696,147.58,147.655,1973
2024-01-29 18:00:00,147.657,147.708,147.58,147.669,1638
2024-01-29 19:00:00,147.668,147.689,147.582,147.647,1584
2024-01-29 20:00:00,147.644,147.644,147.249,147.449,4222
2024-01-29 21:00:00,147.407,147.514,147.403,147.418,1071
2024-01-29 22:00:00,147.371,147.497,147.315,147.488,569
2024-01-29 23:00:00,147.464,147.477,147.318,147.451,1241
2024-01-30 00:00:00,147.484,147.484,147.189,147.291,3547
2024-01-30 01:00:00,147.293,147.427,147.243,147.308,2546
2024-01-30 02:00:00,147.31,147.441,147.297,147.434,1939
2024-01-30 03:00:00,147.435,147.481,147.367,147.392,1613
2024-01-30 04:00:00,147.392,147.397,147.303,147.36,1590
2024-01-30 05:00:00,147.359,147.398,147.295,147.38,1704
2024-01-30 06:00:00,147.38,147.402,147.272,147.392,2001
2024-01-30 07:00:00,147.392,147.403,147.154,147.22,3243
2024-01-30 08:00:00,147.223,147.548,147.223,147.423,4275
2024-01-30 09:00:00,147.421,147.502,147.296,147.384,2813
2024-01-30 10:00:00,147.383,147.389,147.202,147.262,2721
2024-01-30 11:00:00,147.262,147.389,147.239,147.375,2410
2024-01-30 12:00:00,147.376,147.475,147.335,147.439,2332
2024-01-30 13:00:00,147.436,147.574,147.425,147.512,3604
2024-01-30 14:00:00,147.512,147.515,147.093,147.199,4538
2024-01-30 15:00:00,147.208,147.889,147.162,147.843,7495
2024-01-30 16:00:00,147.842,147.924,147.694,147.715,3829
2024-01-30 17:00:00,147.714,147.817,147.658,147.801,2436
2024-01-30 18:00:00,147.802,147.861,147.733,147.759,1818
2024-01-30 19:00:00,147.761,147.763,147.577,147.599,1657
2024-01-30 20:00:00,147.599,147.664,147.594,147.608,1677
2024-01-30 21:00:00,147.589,147.609,147.526,147.551,887
2024-01-30 22:00:00,147.575,147.589,147.414,147.579,401
2024-01-30 23:00:00,147.571,147.571,147.259,147.259,1239
2024-01-31 00:00:00,147.332,147.513,147.186,147.499,4346
2024-01-31 01:00:00,147.499,147.6,147.387,147.543,3618
2024-01-31 02:00:00,147.543,147.714,147.543,147.679,2189
2024-01-31 03:00:00,147.679,147.745,147.613,147.728,1602
2024-01-31 04:00:00,147.729,147.813,147.574,147.609,1804
2024-01-31 05:00:00,147.609,147.744,147.58,147.713,1984
2024-01-31 06:00:00,147.711,147.88,147.708,147.877,1989
2024-01-31 07:00:00,147.879,147.896,147.603,147.652,2874
2024-01-31 08:00:00,147.653,147.653,147.409,147.453,4025
2024-01-31 09:00:00,147.456,147.803,147.398,147.763,4038
2024-01-31 10:00:00,147.765,147.845,147.703,147.82,3016
2024-01-31 11:00:00,147.818,147.878,147.733,147.841,2552
2024-01-31 12:00:00,147.838,147.879,147.725,147.795,2683
2024-01-31 13:00:00,147.797,147.869,147.455,147.499,7319
2024-01-31 14:00:00,147.502,147.561,146.466,146.634,8690
2024-01-31 15:00:00,146.637,146.768,146.135,146.178,13782
2024-01-31 16:00:00,146.18,146.408,146.063,146.258,7631
2024-01-31 17:00:00,146.261,146.419,146.245,146.352,3814
2024-01-31 18:00:00,146.352,146.504,146.344,146.413,2808
2024-01-31 19:00:00,146.406,146.864,146.011,146.376,22691
2024-01-31 20:00:00,146.378,147.444,146.299,147.155,17684
2024-01-31 21:00:00,147.107,147.184,146.711,146.724,2532
2024-01-31 22:00:00,146.717,146.9,146.648,146.838,980
2024-01-31 23:00:00,146.831,146.998,146.716,146.971,1841
2024-02-01 00:00:00,147.004,147.079,146.609,146.749,4843
2024-02-01 01:00:00,146.751,146.932,146.637,146.771,4358
2024-02-01 02:00:00,146.773,146.779,146.47,146.575,3533
2024-02-01 03:00:00,146.576,146.729,146.541,146.702,2387
2024-02-01 04:00:00,146.702,146.818,146.616,146.788,2267
2024-02-01 05:00:00,146.785,146.883,146.748,146.859,2565
2024-02-01 06:00:00,146.86,146.943,146.811,146.886,2932
2024-02-01 07:00:00,146.884,147.045,146.713,146.8,4596
2024-02-01 08:00:00,146.803,146.857,146.586,146.608,5606
2024-02-01 09:00:00,146.606,146.908,146.59,146.791,4541
2024-02-01 10:00:00,146.789,146.893,146.724,146.836,3544
2024-02-01 11:00:00,146.838,146.87,146.727,146.836,3352
2024-02-01 12:00:00,146.838,147.11,146.838,146.962,4692
2024-02-01 13:00:00,146.959,147.051,146.452,146.657,7161
2024-02-01 14:00:00,146.657,146.664,146.323,146.38,7111
2024-02-01 15:00:00,146.38,146.834,146.242,146.306,11128
2024-02-01 16:00:00,146.309,146.31,145.89,146.18,8351
2024-02-01 17:00:00,146.178,146.408,146.138,146.355,6412
2024-02-01 18:00:00,146.357,146.476,146.27,146.363,4648
2024-02-01 19:00:00,146.366,146.368,146.189,146.265,3321
2024-02-01 20:00:00,146.268,146.345,146.255,146.323,2389
2024-02-01 21:00:00,146.298,146.416,146.29,146.338,1302
2024-02-01 22:00:00,146.331,146.455,146.163,146.39,726
2024-02-01 23:00:00,146.41,146.476,146.309,146.423,1164
2024-02-02 00:00:00,146.457,146.49,146.272,146.386,3311
2024-02-02 01:00:00,146.386,146.454,146.239,146.354,3273
2024-02-02 02:00:00,146.355,146.456,146.304,146.339,2080
2024-02-02 03:00:00,146.34,146.409,146.323,146.377,1574
2024-02-02 04:00:00,146.378,146.475,146.314,146.42,1737
2024-02-02 05:00:00,146.42,146.514,146.381,146.429,1932
2024-02-02 06:00:00,146.427,146.524,146.352,146.478,2791
2024-02-02 07:00:00,146.475,146.633,146.47,146.618,3239
2024-02-02 08:00:00,146.621,146.746,146.543,146.731,3333
2024-02-02 09:00:00,146.729,146.796,146.668,146.689,2838
2024-02-02 10:00:00,146.693,146.722,146.6,146.608,2416
2024-02-02 11:00:00,146.608,146.609,146.458,146.526,2393
2024-02-02 12:00:00,146.525,146.622,146.506,146.575,2593
2024-02-02 13:00:00,146.575,147.985,146.552,147.96,11100
2024-02-02 14:00:00,147.961,148.051,147.678,147.876,10889
2024-02-02 15:00:00,147.883,148.341,147.823,148.273,7422
2024-02-02 16:00:00,148.273,148.582,148.192,148.538,4747
2024-02-02 17:00:00,148.535,148.568,148.403,148.521,2935
2024-02-02 18:00:00,148.519,148.566,148.237,148.305,2705
2024-02-02 19:00:00,148.305,148.352,148.223,148.324,2435
2024-02-02 20:00:00,148.325,148.347,148.243,148.307,2091
2024-02-02 21:00:00,148.275,148.378,148.231,148.335,1197
2024-02-04 22:00:00,148.365,148.456,148.246,148.455,654
2024-02-04 23:00:00,148.439,148.626,148.384,148.439,2160
2024-02-05 00:00:00,148.509,148.818,148.383,148.688,5970
2024-02-05 01:00:00,148.688,148.688,148.364,148.372,3568
2024-02-05 02:00:00,148.372,148.54,148.349,148.517,2544
2024-02-05 03:00:00,148.516,148.553,148.354,148.397,2404
2024-02-05 04:00:00,148.4,148.44,148.312,148.428,1571
2024-02-05 05:00:00,148.427,148.499,148.325,148.333,2420
2024-02-05 06:00:00,148.331,148.404,148.264,148.319,2589
2024-02-05 07:00:00,148.317,148.484,148.265,148.473,3673
2024-02-05 08:00:00,148.473,148.601,148.403,148.489,3666
2024-02-05 09:00:00,148.494,148.549,148.362,148.498,2993
2024-02-05 10:00:00,148.498,148.555,148.416,148.428,2783
2024-02-05 11:00:00,148.428,148.453,148.303,148.431,2181
2024-02-05 12:00:00,148.428,148.627,148.426,148.627,2367
2024-02-05 13:00:00,148.628,148.676,148.466,148.564,4083
2024-02-05 14:00:00,148.561,148.561,148.39,148.404,4309
2024-02-05 15:00:00,148.406,148.871,148.406,148.87,6966
2024-02-05 16:00:00,148.867,148.889,148.712,148.796,2984
2024-02-05 17:00:00,148.795,148.805,148.572,148.619,2317
2024-02-05 18:00:00,148.619,148.619,148.501,148.53,1905
2024-02-05 19:00:00,148.53,148.704,148.506,148.694,1546
2024-02-05 20:00:00,148.696,148.761,148.629,148.64,1573
2024-02-05 21:00:00,148.61,148.695,148.61,148.612,741
2024-02-05 22:00:00,148.642,148.68,148.53,148.656,476
2024-02-05 23:00:00,148.646,148.65,148.532,148.618,1096
2024-02-06 00:00:00,148.66,148.662,148.539,148.587,2241
2024-02-06 01:00:00,148.586,148.597,148.461,148.521,2324
2024-02-06 02:00:00,148.519,148.584,148.501,148.572,1746
2024-02-06 03:00:00,148.573,148.668,148.532,148.626,1852
2024-02-06 04:00:00,148.626,148.626,148.429,148.464,1790
2024-02-06 05:00:00,148.464,148.505,148.375,148.434,2365
2024-02-06 06:00:00,148.436,148.471,148.357,148.441,2410
2024-02-06 07:00:00,148.439,148.554,148.387,148.509,3051
2024-02-06 08:00:00,148.509,148.665,148.488,148.648,2669
2024-02-06 09:00:00,148.648,148.703,148.535,148.679,2589
2024-02-06 10:00:00,148.679,148.767,148.631,148.764,2451
2024-02-06 11:00:00,148.761,148.785,148.645,148.678,2075
2024-02-06 12:00:00,148.681,148.78,148.583,148.59,2574
2024-02-06 13:00:00,148.59,148.646,148.455,148.616,4215
2024-02-06 14:00:00,148.616,148.621,148.392,148.41,4019
2024-02-06 15:00:00,148.408,148.503,147.995,148.087,6470
2024-02-06 16:00:00,148.09,148.186,147.969,148.024,3833
2024-02-06 17:00:00,148.027,148.083,147.844,147.914,3255
2024-02-06 18:00:00,147.915,148.033,147.818,147.862,3648
2024-02-06 19:00:00,147.861,147.994,147.843,147.96,2582
2024-02-06 20:00:00,147.957,147.961,147.823,147.847,1827
2024-02-06 21:00:00,147.815,147.924,147.814,147.882,884
2024-02-06 22:00:00,147.917,147.929,147.742,147.836,485
2024-02-06 23:00:00,147.832,147.86,147.688,147.792,1453
2024-02-07 00:00:00,147.817,147.942,147.816,147.85,2950
2024-02-07 01:00:00,147.849,147.863,147.706,147.799,2575
2024-02-07 02:00:00,147.799,147.988,147.799,147.903,2101
2024-02-07 03:00:00,147.9,147.911,147.815,147.896,1715
2024-02-07 04:00:00,147.899,147.97,147.874,147.968,1350
2024-02-07 05:00:00,147.968,147.994,147.908,147.948,1907
2024-02-07 06:00:00,147.949,148.061,147.905,148.022,2216
2024-02-07 07:00:00,148.02,148.022,147.744,147.819,3284
2024-02-07 08:00:00,147.816,148.091,147.808,148.066,3233
2024-02-07 09:00:00,148.069,148.075,147.886,147.914,2516
2024-02-07 10:00:00,147.915,148.152,147.899,148.12,2455
2024-02-07 11:00:00,148.119,148.132,147.956,148.08,2565
2024-02-07 12:00:00,148.079,148.254,148.078,148.203,2554
2024-02-07 13:00:00,148.201,148.255,148.071,148.176,3487
2024-02-07 14:00:00,148.176,148.221,147.613,147.781,7138
2024-02-07 15:00:00,147.778,148.145,147.762,147.942,7174
2024-02-07 16:00:00,147.944,148.064,147.873,148.035,4009
2024-02-07 17:00:00,148.037,148.164,148.027,148.134,2257
2024-02-07 18:00:00,148.133,148.186,147.987,148.134,3289
2024-02-07 19:00:00,148.131,148.186,148.102,148.129,1572
2024-02-07 20:00:00,148.131,148.193,148.1,148.169,1506
2024-02-07 21:00:00,148.135,148.17,147.934,147.958,1003
2024-02-07 22:00:00,147.953,148.091,147.854,148.041,801
2024-02-07 23:00:00,148.023,148.068,147.939,148.055,1234
2024-02-08 00:00:00,148.084,148.091,147.941,148.052,2478
2024-02-08 01:00:00,148.052,148.363,147.928,148.286,3933
2024-02-08 02:00:00,148.286,148.401,148.261,148.351,3195
2024-02-08 03:00:00,148.348,148.358,148.277,148.348,1957
2024-02-08 04:00:00,148.348,148.491,148.323,148.479,1800
2024-02-08 05:00:00,148.482,148.659,148.459,148.581,2569
2024-02-08 06:00:00,148.578,148.735,148.571,148.723,2423
2024-02-08 07:00:00,148.722,148.804,148.676,148.729,3022
2024-02-08 08:00:00,148.727,148.844,148.683,148.754,3029
2024-02-08 09:00:00,148.751,148.774,148.643,148.751,2606
2024-02-08 10:00:00,148.751,149.143,148.735,149.097,3662
2024-02-08 11:00:00,149.095,149.247,148.993,149.158,3108
2024-02-08 12:00:00,149.155,149.373,149.108,149.249,3358
2024-02-08 13:00:00,149.249,149.459,149.083,149.388,5244
2024-02-08 14:00:00,149.39,149.413,149.189,149.259,4331
2024-02-08 15:00:00,149.256,149.474,149.224,149.427,4101
2024-02-08 16:00:00,149.427,149.452,149.238,149.243,2859
2024-02-08 17:00:00,149.243,149.373,149.236,149.369,2241
2024-02-08 18:00:00,149.369,149.372,149.121,149.334,3269
2024-02-08 19:00:00,149.334,149.407,149.291,149.384,2070
2024-02-08 20:00:00,149.381,149.388,149.3,149.3,1629
2024-02-08 21:00:00,149.267,149.323,149.219,149.254,780
2024-02-08 22:00:00,149.275,149.304,149.151,149.257,775
2024-02-08 23:00:00,149.255,149.276,149.2,149.243,1195
2024-02-09 00:00:00,149.26,149.408,149.234,149.38,2655
2024-02-09 01:00:00,149.38,149.38,149.241,149.28,2384
2024-02-09 02:00:00,149.282,149.328,149.243,149.297,1688
2024-02-09 03:00:00,149.298,149.488,149.294,149.432,1794
2024-02-09 04:00:00,149.429,149.463,149.364,149.411,1487
2024-02-09 05:00:00,149.411,149.428,149.331,149.396,1192
2024-02-09 06:00:00,149.394,149.425,149.328,149.331,1416
2024-02-09 07:00:00,149.331,149.412,149.212,149.393,2948
2024-02-09 08:00:00,149.393,149.571,149.36,149.409,3523
2024-02-09 09:00:00,149.409,149.441,149.257,149.418,3240
2024-02-09 10:00:00,149.42,149.439,149.314,149.37,2371
2024-02-09 11:00:00,149.368,149.46,149.344,149.395,2056
2024-02-09 12:00:00,149.394,149.534,149.388,149.474,2524
2024-02-09 13:00:00,149.474,149.524,149.006,149.384,8412
2024-02-09 14:00:00,149.386,149.443,149.166,149.342,6378
2024-02-09 15:00:00,149.345,149.409,149.22,149.321,4006
2024-02-09 16:00:00,149.32,149.411,149.271,149.379,3072
2024-02-09 17:00:00,149.378,149.394,149.336,149.346,1905
2024-02-09 18:00:00,149.346,149.367,149.3,149.354,1378
2024-02-09 19:00:00,149.354,149.367,149.306,149.349,1087
2024-02-09 20:00:00,149.349,149.361,149.257,149.278,1266
2024-02-09 21:00:00,149.254,149.275,149.183,149.24,951
2024-02-11 22:00:00,149.242,149.261,149.159,149.21,290
2024-02-11 23:00:00,149.2,149.241,149.032,149.149,1826
2024-02-12 00:00:00,149.177,149.195,149.105,149.135,2095
2024-02-12 01:00:00,149.132,149.21,149.122,149.178,1569
2024-02-12 02:00:00,149.178,149.184,149.123,149.174,1333
2024-02-12 03:00:00,149.175,149.247,149.138,149.245,1434
2024-02-12 04:00:00,149.244,149.249,149.201,149.221,1225
2024-02-12 05:00:00,149.221,149.226,149.171,149.205,1355
2024-02-12 06:00:00,149.205,149.228,149.167,149.201,1463
2024-02-12 07:00:00,149.204,149.219,149.042,149.092,2678
2024-02-12 08:00:00,149.092,149.149,148.984,149.141,3660
2024-02-12 09:00:00,149.14,149.192,149.077,149.125,2533
2024-02-12 10:00:00,149.125,149.155,149.03,149.05,2201
2024-02-12 11:00:00,149.047,149.089,148.992,149.019,2339
2024-02-12 12:00:00,149.019,149.048,148.925,148.973,2709
2024-02-12 13:00:00,148.972,149.21,148.923,149.2,3124
2024-02-12 14:00:00,149.202,149.338,149.155,149.309,3006
2024-02-12 15:00:00,149.311,149.472,149.286,149.455,2559
2024-02-12 16:00:00,149.455,149.474,149.343,149.37,2666
2024-02-12 17:00:00,149.371,149.379,149.249,149.252,1860
2024-02-12 18:00:00,149.252,149.346,149.238,149.265,1637
2024-02-12 19:00:00,149.269,149.433,149.233,149.407,1843
2024-02-12 20:00:00,149.407,149.408,149.307,149.317,1639
2024-02-12 21:00:00,149.293,149.336,149.258,149.289,729
2024-02-12 22:00:00,149.334,149.341,149.222,149.314,474
2024-02-12 23:00:00,149.301,149.372,149.191,149.365,1169
2024-02-13 00:00:00,149.401,149.421,149.296,149.304,2335
2024-02-13 01:00:00,149.305,149.388,149.279,149.365,1779
2024-02-13 02:00:00,149.364,149.482,149.354,149.461,1480
2024-02-13 03:00:00,149.461,149.53,149.446,149.526,1607
2024-02-13 04:00:00,149.529,149.576,149.492,149.548,1542
2024-02-13 05:00:00,149.551,149.561,149.493,149.547,1338
2024-02-13 06:00:00,149.547,149.552,149.442,149.467,1795
2024-02-13 07:00:00,149.469,149.648,149.456,149.583,3223
2024-02-13 08:00:00,149.583,149.689,149.547,149.613,2766
2024-02-13 09:00:00,149.61,149.68,149.55,149.573,2428
2024-02-13 10:00:00,149.573,149.573,149.475,149.52,2412
2024-02-13 11:00:00,149.521,149.526,149.371,149.373,2120
2024-02-13 12:00:00,149.372,149.406,149.315,149.34,2349
2024-02-13 13:00:00,149.342,150.483,149.201,150.433,9625
2024-02-13 14:00:00,150.429,150.583,150.299,150.539,8312
2024-02-13 15:00:00,150.537,150.603,150.384,150.587,4808
2024-02-13 16:00:00,150.587,150.755,150.508,150.717,3217
2024-02-13 17:00:00,150.717,150.803,150.692,150.777,1978
2024-02-13 18:00:00,150.774,150.802,150.715,150.775,1733
2024-02-13 19:00:00,150.775,150.882,150.771,150.865,2054
2024-02-13 20:00:00,150.867,150.874,150.722,150.76,1849
2024-02-13 21:00:00,150.746,150.8,150.699,150.705,993
2024-02-13 22:00:00,150.699,150.773,150.414,150.568,678
2024-02-13 23:00:00,150.586,150.716,150.531,150.697,1514
2024-02-14 00:00:00,150.721,150.774,150.591,150.647,3264
2024-02-14 01:00:00,150.647,150.695,150.52,150.539,3115
2024-02-14 02:00:00,150.538,150.642,150.507,150.621,2035
2024-02-14 03:00:00,150.621,150.629,150.493,150.514,1714
2024-02-14 04:00:00,150.514,150.526,150.414,150.44,1608
2024-02-14 05:00:00,150.44,150.532,150.433,150.511,1719
2024-02-14 06:00:00,150.513,150.55,150.446,150.479,1860
2024-02-14 07:00:00,150.479,150.532,150.34,150.449,4051
2024-02-14 08:00:00,150.445,150.564,150.393,150.545,3278
2024-02-14 09:00:00,150.542,150.642,150.514,150.641,2841
2024-02-14 10:00:00,150.64,150.678,150.578,150.582,2397
2024-02-14 11:00:00,150.584,150.652,150.551,150.572,2621
2024-02-14 12:00:00,150.574,150.666,150.557,150.599,2675
2024-02-14 13:00:00,150.6,150.733,150.495,150.709,3993
2024-02-14 14:00:00,150.711,150.725,150.486,150.679,4291
2024-02-14 15:00:00,150.675,150.749,150.567,150.612,3688
2024-02-14 16:00:00,150.611,150.617,150.474,150.499,3145
2024-02-14 17:00:00,150.502,150.59,150.367,150.43,2445
2024-02-14 18:00:00,150.431,150.513,150.347,150.478,1798
2024-02-14 19:00:00,150.477,150.564,150.448,150.556,1467
2024-02-14 20:00:00,150.555,150.582,150.483,150.564,1652
2024-02-14 21:00:00,150.539,150.598,150.344,150.372,995
2024-02-14 22:00:00,150.369,150.507,150.261,150.478,656
2024-02-14 23:00:00,150.472,150.52,150.352,150.515,1357
2024-02-15 00:00:00,150.554,150.554,150.262,150.277,3287
2024-02-15 01:00:00,150.278,150.311,150.138,150.197,3093
2024-02-15 02:00:00,150.197,150.279,150.179,150.255,2404
2024-02-15 03:00:00,150.254,150.292,150.218,150.269,1757
2024-02-15 04:00:00,150.268,150.268,150.112,150.141,1754
2024-02-15 05:00:00,150.142,150.188,150.076,150.177,1913
2024-02-15 06:00:00,150.178,150.198,150.072,150.088,2209
2024-02-15 07:00:00,150.092,150.216,150.049,150.198,2955
2024-02-15 08:00:00,150.198,150.214,150.007,150.027,2936
2024-02-15 09:00:00,150.027,150.106,149.918,150.021,2576
2024-02-15 10:00:00,150.021,150.092,149.986,150.043,2100
2024-02-15 11:00:00,150.043,150.073,149.988,150.068,1865
2024-02-15 12:00:00,150.07,150.092,150.006,150.054,1844
2024-02-15 13:00:00,150.055,150.093,149.53,149.821,8021
2024-02-15 14:00:00,149.824,150.061,149.807,149.896,5623
2024-02-15 15:00:00,149.896,150.132,149.804,150.048,4616
2024-02-15 16:00:00,150.051,150.244,150.041,150.191,3911
2024-02-15 17:00:00,150.188,150.19,150.063,150.089,2415
2024-02-15 18:00:00,150.089,150.089,149.905,149.92,2408
2024-02-15 19:00:00,149.919,149.978,149.851,149.951,1963
2024-02-15 20:00:00,149.953,150.004,149.929,149.932,1652
2024-02-15 21:00:00,149.923,149.974,149.849,149.849,785
2024-02-15 22:00:00,149.907,149.915,149.831,149.865,375
2024-02-15 23:00:00,149.855,149.929,149.768,149.915,1329
2024-02-16 00:00:00,149.957,150.166,149.923,150.15,2858
2024-02-16 01:00:00,150.151,150.237,150.048,150.056,2674
2024-02-16 02:00:00,150.057,150.282,150.054,150.278,2405
2024-02-16 03:00:00,150.278,150.362,150.225,150.306,1939
2024-02-16 04:00:00,150.306,150.345,150.237,150.249,1911
2024-02-16 05:00:00,150.25,150.289,150.169,150.173,1736
2024-02-16 06:00:00,150.171,150.286,150.171,150.188,1885
2024-02-16 07:00:00,150.191,150.266,150.134,150.23,2602
2024-02-16 08:00:00,150.229,150.299,150.196,150.238,2375
2024-02-16 09:00:00,150.235,150.29,150.197,150.281,2030
2024-02-16 10:00:00,150.284,150.304,150.246,150.254,1637
2024-02-16 11:00:00,150.254,150.262,150.139,150.173,1944
2024-02-16 12:00:00,150.174,150.293,150.161,150.287,2063
2024-02-16 13:00:00,150.286,150.642,150.278,150.516,5160
2024-02-16 14:00:00,150.513,150.632,150.44,150.495,4523
2024-02-16 15:00:00,150.51,150.51,150.107,150.239,5302
2024-02-16 16:00:00,150.236,150.36,150.205,150.341,3160
2024-02-16 17:00:00,150.338,150.39,150.217,150.219,2112
2024-02-16 18:00:00,150.219,150.246,150.113,150.14,2087
2024-02-16 19:00:00,150.14,150.228,150.081,150.228,1798
2024-02-16 20:00:00,150.23,150.282,150.206,150.22,1638
2024-02-16 21:00:00,150.186,150.212,150.107,150.175,997
2024-02-18 22:00:00,150.158,150.179,149.967,150.131,639
2024-02-18 23:00:00,150.114,150.118,149.988,150.102,1573
2024-02-19 00:00:00,150.15,150.15,149.918,149.933,2627
2024-02-19 01:00:00,149.936,150.0,149.871,149.97,2314
2024-02-19 02:00:00,149.971,149.999,149.925,149.942,1737
2024-02-19 03:00:00,149.942,149.979,149.908,149.932,1387
2024-02-19 04:00:00,149.932,150.037,149.926,150.021,1218
2024-02-19 05:00:00,150.021,150.024,149.942,150.003,1562
2024-02-19 06:00:00,150.003,150.028,149.956,149.976,1509
2024-02-19 07:00:00,149.978,150.0,149.93,149.972,1749
2024-02-19 08:00:00,149.969,150.0,149.924,149.954,1685
2024-02-19 09:00:00,149.953,149.96,149.888,149.933,1868
2024-02-19 10:00:00,149.933,149.994,149.924,149.985,1525
2024-02-19 11:00:00,149.985,149.994,149.942,149.983,1331
2024-02-19 12:00:00,149.984,150.024,149.947,150.02,1208
2024-02-19 13:00:00,150.018,150.027,149.933,149.962,2146
2024-02-19 14:00:00,149.962,150.064,149.949,150.038,2053
2024-02-19 15:00:00,150.041,150.159,150.04,150.156,1739
2024-02-19 16:00:00,150.156,150.187,150.151,150.17,732
2024-02-19 17:00:00,150.169,150.185,150.145,150.184,524
2024-02-19 18:00:00,150.184,150.184,150.147,150.15,330
2024-02-19 19:00:00,150.15,150.165,150.127,150.132,467
2024-02-19 20:00:00,150.132,150.149,150.111,150.111,277
2024-02-19 21:00:00,150.113,150.13,150.046,150.053,333
2024-02-19 22:00:00,150.094,150.127,150.029,150.098,461
2024-02-19 23:00:00,150.095,150.258,150.084,150.21,1351
2024-02-20 00:00:00,150.267,150.329,150.203,150.267,2481
2024-02-20 01:00:00,150.264,150.341,150.189,150.266,2685
2024-02-20 02:00:00,150.264,150.365,150.263,150.317,1988
2024-02-20 03:00:00,150.317,150.349,150.275,150.317,1574
2024-02-20 04:00:00,150.318,150.336,150.286,150.328,1232
2024-02-20 05:00:00,150.329,150.433,150.315,150.417,1545
2024-02-20 06:00:00,150.417,150.435,150.346,150.381,1568
2024-02-20 07:00:00,150.381,150.401,150.294,150.355,2176
2024-02-20 08:00:00,150.354,150.383,150.274,150.312,2608
2024-02-20 09:00:00,150.312,150.341,150.248,150.272,2223
2024-02-20 10:00:00,150.272,150.293,150.111,150.135,2293
2024-02-20 11:00:00,150.134,150.247,150.102,150.223,2163
2024-02-20 12:00:00,150.22,150.222,150.053,150.147,2348
2024-02-20 13:00:00,150.147,150.197,149.926,149.982,3731
2024-02-20 14:00:00,149.982,150.035,149.774,149.816,3613
2024-02-20 15:00:00,149.815,149.833,149.678,149.78,3945
2024-02-20 16:00:00,149.781,149.898,149.737,149.873,2475
2024-02-20 17:00:00,149.875,149.957,149.844,149.892,1892
2024-02-20 18:00:00,149.892,150.005,149.88,149.968,1705
2024-02-20 19:00:00,149.97,150.026,149.904,150.016,2170
2024-02-20 20:00:00,150.016,150.066,149.943,149.946,1488
2024-02-20 21:00:00,149.931,150.018,149.922,149.923,1016
2024-02-20 22:00:00,149.964,149.975,149.815,149.927,765
2024-02-20 23:00:00,149.92,149.946,149.842,149.925,1157
2024-02-21 00:00:00,149.962,150.054,149.926,150.012,2501
2024-02-21 01:00:00,150.012,150.089,149.99,149.991,2109
2024-02-21 02:00:00,149.991,149.998,149.898,149.936,1809
2024-02-21 03:00:00,149.936,149.937,149.849,149.868,1449
2024-02-21 04:00:00,149.868,150.015,149.862,149.999,1408
2024-02-21 05:00:00,149.999,150.036,149.932,149.977,1590
2024-02-21 06:00:00,149.98,150.073,149.945,150.058,1781
2024-02-21 07:00:00,150.056,150.147,150.024,150.14,2390
2024-02-21 08:00:00,150.143,150.185,150.115,150.171,2178
2024-02-21 09:00:00,150.169,150.177,150.048,150.087,2136
2024-02-21 10:00:00,150.089,150.1,149.974,149.994,1584
2024-02-21 11:00:00,149.994,150.07,149.981,150.063,1442
2024-02-21 12:00:00,150.063,150.091,149.928,150.014,2221
2024-02-21 13:00:00,150.012,150.08,149.934,150.073,2791
2024-02-21 14:00:00,150.073,150.138,149.984,150.1,2796
2024-02-21 15:00:00,150.102,150.258,150.036,150.246,2749
2024-02-21 16:00:00,150.243,150.294,150.222,150.284,2278
2024-02-21 17:00:00,150.284,150.384,150.272,150.3,1867
2024-02-21 18:00:00,150.3,150.387,150.245,150.282,2658
2024-02-21 19:00:00,150.279,150.389,150.127,150.195,3903
2024-02-21 20:00:00,150.193,150.234,150.171,150.179,1968
2024-02-21 21:00:00,150.178,150.253,150.019,150.056,1198
2024-02-21 22:00:00,150.077,150.304,150.037,150.293,783
2024-02-21 23:00:00,150.272,150.341,150.211,150.303,1295
2024-02-22 00:00:00,150.337,150.431,150.336,150.388,2374
2024-02-22 01:00:00,150.389,150.457,150.293,150.311,2430
2024-02-22 02:00:00,150.31,150.411,150.301,150.402,1711
2024-02-22 03:00:00,150.399,150.435,150.364,150.422,1344
2024-02-22 04:00:00,150.424,150.449,150.229,150.283,1903
2024-02-22 05:00:00,150.284,150.297,150.219,150.279,1856
2024-02-22 06:00:00,150.278,150.293,150.201,150.227,1827
2024-02-22 07:00:00,150.224,150.261,150.077,150.129,2862
2024-02-22 08:00:00,150.126,150.241,150.012,150.162,3691
2024-02-22 09:00:00,150.165,150.285,150.123,150.174,2799
2024-02-22 10:00:00,150.176,150.197,150.114,150.159,2308
2024-02-22 11:00:00,150.156,150.25,150.143,150.214,2033
2024-02-22 12:00:00,150.212,150.409,150.202,150.402,2045
2024-02-22 13:00:00,150.399,150.59,150.367,150.562,4098
2024-02-22 14:00:00,150.561,150.641,150.399,150.422,4985
2024-02-22 15:00:00,150.423,150.59,150.42,150.5,4716
2024-02-22 16:00:00,150.498,150.636,150.471,150.622,2745
2024-02-22 17:00:00,150.622,150.684,150.549,150.601,2179
2024-02-22 18:00:00,150.602,150.647,150.477,150.536,2144
2024-02-22 19:00:00,150.538,150.577,150.495,150.55,1732
2024-02-22 20:00:00,150.547,150.567,150.484,150.484,1982
2024-02-22 21:00:00,150.475,150.542,150.445,150.465,1165
2024-02-22 22:00:00,150.493,150.526,150.422,150.5,389
2024-02-22 23:00:00,150.485,150.485,150.396,150.445,760
2024-02-23 00:00:00,150.472,150.555,150.388,150.438,2108
2024-02-23 01:00:00,150.44,150.478,150.367,150.454,2088
2024-02-23 02:00:00,150.455,150.49,150.416,150.486,1344
2024-02-23 03:00:00,150.485,150.503,150.463,150.478,1019
2024-02-23 04:00:00,150.478,150.53,150.454,150.527,878
2024-02-23 05:00:00,150.527,150.602,150.524,150.601,1048
2024-02-23 06:00:00,150.602,150.645,150.555,150.576,1465
2024-02-23 07:00:00,150.575,150.606,150.52,150.553,2106
2024-02-23 08:00:00,150.553,150.669,150.52,150.625,2270
2024-02-23 09:00:00,150.624,150.757,150.624,150.743,1732
2024-02-23 10:00:00,150.742,150.766,150.691,150.726,1708
2024-02-23 11:00:00,150.725,150.743,150.647,150.652,1839
2024-02-23 12:00:00,150.65,150.65,150.394,150.415,2496
2024-02-23 13:00:00,150.414,150.488,150.327,150.47,3105
2024-02-23 14:00:00,150.473,150.494,150.316,150.35,3188
2024-02-23 15:00:00,150.351,150.552,150.342,150.524,3230
2024-02-23 16:00:00,150.524,150.532,150.289,150.352,3029
2024-02-23 17:00:00,150.356,150.42,150.313,150.404,2007
2024-02-23 18:00:00,150.401,150.415,150.339,150.372,1406
2024-02-23 19:00:00,150.372,150.458,150.351,150.454,1229
2024-02-23 20:00:00,150.454,150.506,150.437,150.47,1369
2024-02-23 21:00:00,150.455,150.522,150.409,150.517,970
2024-02-25 22:00:00,150.319,150.457,150.208,150.387,654
2024-02-25 23:00:00,150.386,150.523,150.376,150.461,1512
2024-02-26 00:00:00,150.496,150.496,150.293,150.361,2407
2024-02-26 01:00:00,150.363,150.427,150.289,150.418,2295
2024-02-26 02:00:00,150.418,150.49,150.418,150.487,1623
2024-02-26 03:00:00,150.486,150.493,150.451,150.471,1213
2024-02-26 04:00:00,150.471,150.515,150.437,150.496,1326
2024-02-26 05:00:00,150.496,150.504,150.361,150.432,1448
2024-02-26 06:00:00,150.432,150.484,150.377,150.413,1754
2024-02-26 07:00:00,150.41,150.452,150.362,150.449,2048
2024-02-26 08:00:00,150.446,150.587,150.402,150.58,2249
2024-02-26 09:00:00,150.579,150.665,150.57,150.632,1961
2024-02-26 10:00:00,150.633,150.654,150.587,150.625,1517
2024-02-26 11:00:00,150.625,150.694,150.588,150.683,1319
2024-02-26 12:00:00,150.683,150.685,150.518,150.605,2137
2024-02-26 13:00:00,150.606,150.647,150.527,150.64,3285
2024-02-26 14:00:00,150.64,150.743,150.616,150.706,2863
2024-02-26 15:00:00,150.704,150.805,150.661,150.743,2825
2024-02-26 16:00:00,150.743,150.814,150.732,150.787,2545
2024-02-26 17:00:00,150.785,150.835,150.718,150.764,1838
2024-02-26 18:00:00,150.764,150.811,150.753,150.775,1901
2024-02-26 19:00:00,150.775,150.789,150.731,150.762,1765
2024-02-26 20:00:00,150.759,150.759,150.664,150.664,1886
2024-02-26 21:00:00,150.653,150.705,150.615,150.616,578
2024-02-26 22:00:00,150.654,150.682,150.587,150.651,510
2024-02-26 23:00:00,150.626,150.669,150.45,150.534,1358
2024-02-27 00:00:00,150.571,150.606,150.522,150.567,2044
2024-02-27 01:00:00,150.565,150.574,150.487,150.505,1553
2024-02-27 02:00:00,150.505,150.516,150.458,150.494,1512
2024-02-27 03:00:00,150.492,150.498,150.418,150.418,1095
2024-02-27 04:00:00,150.416,150.466,150.402,150.452,1068
2024-02-27 05:00:00,150.452,150.521,150.401,150.513,1295
2024-02-27 06:00:00,150.513,150.534,150.457,150.483,1216
2024-02-27 07:00:00,150.486,150.498,150.317,150.349,1869
2024-02-27 08:00:00,150.35,150.357,150.112,150.168,2555
2024-02-27 09:00:00,150.168,150.261,150.135,150.26,2012
2024-02-27 10:00:00,150.261,150.291,150.22,150.269,1679
2024-02-27 11:00:00,150.268,150.373,150.25,150.308,1757
2024-02-27 12:00:00,150.307,150.31,150.164,150.223,2235
2024-02-27 13:00:00,150.224,150.311,150.071,150.269,3590
2024-02-27 14:00:00,150.269,150.44,150.258,150.371,2871
2024-02-27 15:00:00,150.373,150.545,150.255,150.431,3297
2024-02-27 16:00:00,150.432,150.486,150.369,150.458,2748
2024-02-27 17:00:00,150.459,150.531,150.401,150.42,1842
2024-02-27 18:00:00,150.419,150.477,150.294,150.457,2312
2024-02-27 19:00:00,150.455,150.579,150.452,150.525,1590
2024-02-27 20:00:00,150.525,150.532,150.452,150.479,1313
2024-02-27 21:00:00,150.464,150.496,150.424,150.425,677
2024-02-27 22:00:00,150.426,150.486,150.331,150.445,406
2024-02-27 23:00:00,150.438,150.486,150.386,150.465,839
2024-02-28 00:00:00,150.51,150.533,150.369,150.465,2063
2024-02-28 01:00:00,150.465,150.49,150.378,150.393,2112
2024-02-28 02:00:00,150.394,150.47,150.368,150.457,1624
2024-02-28 03:00:00,150.457,150.538,150.438,150.525,1496
2024-02-28 04:00:00,150.527,150.637,150.511,150.618,1472
2024-02-28 05:00:00,150.618,150.635,150.589,150.594,1198
2024-02-28 06:00:00,150.594,150.68,150.574,150.673,1647
2024-02-28 07:00:00,150.673,150.747,150.646,150.737,2141
2024-02-28 08:00:00,150.735,150.789,150.73,150.782,1931
2024-02-28 09:00:00,150.782,150.795,150.701,150.74,1975
2024-02-28 10:00:00,150.739,150.742,150.643,150.662,1894
2024-02-28 11:00:00,150.663,150.698,150.606,150.628,1697
2024-02-28 12:00:00,150.63,150.735,150.589,150.73,1818
2024-02-28 13:00:00,150.734,150.737,150.527,150.706,4039
2024-02-28 14:00:00,150.709,150.794,150.652,150.794,3459
2024-02-28 15:00:00,150.795,150.84,150.702,150.807,2951
2024-02-28 16:00:00,150.807,150.811,150.676,150.676,2474
2024-02-28 17:00:00,150.675,150.716,150.648,150.693,1832
2024-02-28 18:00:00,150.692,150.737,150.637,150.711,1666
2024-02-28 19:00:00,150.712,150.719,150.65,150.692,1809
2024-02-28 20:00:00,150.691,150.719,150.66,150.671,1608
2024-02-28 21:00:00,150.661,150.691,150.451,150.459,658
2024-02-28 22:00:00,150.481,150.638,150.401,150.626,888
2024-02-28 23:00:00,150.61,150.632,150.484,150.628,1311
2024-02-29 00:00:00,150.656,150.656,150.543,150.564,2021
2024-02-29 01:00:00,150.561,150.563,150.187,150.211,2877
2024-02-29 02:00:00,150.211,150.224,149.753,149.781,4368
2024-02-29 03:00:00,149.782,149.867,149.707,149.81,2883
2024-02-29 04:00:00,149.81,149.88,149.69,149.823,1946
2024-02-29 05:00:00,149.823,150.102,149.694,149.903,3492
2024-02-29 06:00:00,149.9,149.932,149.709,149.749,2664
2024-02-29 07:00:00,149.747,149.801,149.617,149.661,3718
2024-02-29 08:00:00,149.663,149.822,149.606,149.665,3313
2024-02-29 09:00:00,149.661,149.903,149.644,149.801,3512
2024-02-29 10:00:00,149.798,150.095,149.782,150.091,2642
2024-02-29 11:00:00,150.091,150.101,149.958,149.968,2261
2024-02-29 12:00:00,149.967,150.096,149.919,150.067,2667
2024-02-29 13:00:00,150.064,150.145,149.728,149.778,5593
2024-02-29 14:00:00,149.78,149.844,149.47,149.508,4650
2024-02-29 15:00:00,149.505,149.694,149.204,149.638,4731
2024-02-29 16:00:00,149.636,149.9,149.63,149.896,4292
2024-02-29 17:00:00,149.898,150.042,149.884,149.987,2693
2024-02-29 18:00:00,149.987,150.013,149.833,149.866,2105
2024-02-29 19:00:00,149.865,149.985,149.838,149.963,1809
2024-02-29 20:00:00,149.96,149.964,149.897,149.9,1532
2024-02-29 21:00:00,149.881,149.981,149.855,149.897,1138
2024-02-29 22:00:00,149.94,149.99,149.81,149.947,778
2024-02-29 23:00:00,149.936,150.138,149.903,150.053,1529
2024-03-01 00:00:00,150.062,150.29,150.056,150.211,2576
2024-03-01 01:00:00,150.211,150.366,150.211,150.35,2493
2024-03-01 02:00:00,150.348,150.41,150.314,150.348,2004
2024-03-01 03:00:00,150.35,150.362,150.295,150.32,1763
2024-03-01 04:00:00,150.32,150.395,150.319,150.38,1212
2024-03-01 05:00:00,150.38,150.474,150.369,150.44,1511
2024-03-01 06:00:00,150.44,150.457,150.324,150.345,1672
2024-03-01 07:00:00,150.347,150.495,150.341,150.491,1883
2024-03-01 08:00:00,150.491,150.684,150.484,150.645,2241
2024-03-01 09:00:00,150.647,150.655,150.446,150.621,2737
2024-03-01 10:00:00,150.625,150.644,150.304,150.356,3415
2024-03-01 11:00:00,150.353,150.481,150.317,150.387,2392
2024-03-01 12:00:00,150.386,150.563,150.364,150.556,2214
2024-03-01 13:00:00,150.556,150.656,150.49,150.638,3899
2024-03-01 14:00:00,150.64,150.717,150.553,150.667,3737
2024-03-01 15:00:00,150.66,150.661,150.08,150.118,7649
2024-03-01 16:00:00,150.118,150.263,150.068,150.202,3408
2024-03-01 17:00:00,150.2,150.222,150.094,150.146,2191
2024-03-01 18:00:00,150.145,150.24,150.066,150.123,2566
2024-03-01 19:00:00,150.124,150.125,150.049,150.107,1960
2024-03-01 20:00:00,150.111,150.158,150.096,150.133,1469
2024-03-01 21:00:00,150.106,150.137,150.029,150.081,827
2024-03-03 22:00:00,149.987,150.09,149.899,150.074,650
2024-03-03 23:00:00,150.06,150.127,150.014,150.112,1276
2024-03-04 00:00:00,150.126,150.142,149.836,149.977,2921
2024-03-04 01:00:00,149.975,150.205,149.968,150.125,2096
2024-03-04 02:00:00,150.125,150.184,150.095,150.17,1678
2024-03-04 03:00:00,150.17,150.191,150.107,150.157,1245
2024-03-04 04:00:00,150.157,150.262,150.137,150.247,989
2024-03-04 05:00:00,150.247,150.318,150.219,150.297,1193
2024-03-04 06:00:00,150.299,150.386,150.263,150.353,1466
2024-03-04 07:00:00,150.352,150.394,150.293,150.306,2375
2024-03-04 08:00:00,150.303,150.377,150.169,150.37,2473
2024-03-04 09:00:00,150.37,150.394,150.187,150.243,2113
2024-03-04 10:00:00,150.242,150.46,150.242,150.411,1812
2024-03-04 11:00:00,150.41,150.462,150.381,150.417,1817
2024-03-04 12:00:00,150.418,150.44,150.338,150.439,1692
2024-03-04 13:00:00,150.437,150.565,150.429,150.456,2340
2024-03-04 14:00:00,150.455,150.546,150.308,150.331,2599
2024-03-04 15:00:00,150.332,150.497,150.325,150.48,2600
2024-03-04 16:00:00,150.482,150.52,150.427,150.448,2012
2024-03-04 17:00:00,150.445,150.54,150.429,150.518,1799
2024-03-04 18:00:00,150.517,150.554,150.481,150.549,982
2024-03-04 19:00:00,150.549,150.559,150.49,150.546,1234
2024-03-04 20:00:00,150.548,150.553,150.481,150.497,1098
2024-03-04 21:00:00,150.489,150.518,150.457,150.468,546
2024-03-04 22:00:00,150.502,150.519,150.304,150.42,639
2024-03-04 23:00:00,150.415,150.499,150.32,150.424,1356
2024-03-05 00:00:00,150.451,150.483,150.349,150.395,2289
2024-03-05 01:00:00,150.396,150.481,150.379,150.459,1739
2024-03-05 02:00:00,150.46,150.534,150.448,150.491,1392
2024-03-05 03:00:00,150.49,150.507,150.438,150.494,1165
2024-03-05 04:00:00,150.493,150.533,150.478,150.528,968
2024-03-05 05:00:00,150.528,150.541,150.459,150.493,1497
2024-03-05 06:00:00,150.493,150.539,150.459,150.478,1426
2024-03-05 07:00:00,150.48,150.5,150.342,150.415,1910
2024-03-05 08:00:00,150.415,150.483,150.338,150.441,2284
2024-03-05 09:00:00,150.441,150.458,150.367,150.412,1768
2024-03-05 10:00:00,150.413,150.426,150.383,150.407,1314
2024-03-05 11:00:00,150.405,150.439,150.358,150.414,1496
2024-03-05 12:00:00,150.414,150.437,150.37,150.389,1348
2024-03-05 13:00:00,150.389,150.389,150.058,150.085,3603
2024-03-05 14:00:00,150.082,150.18,149.994,150.125,3514
2024-03-05 15:00:00,150.12,150.122,149.698,149.979,7037
2024-03-05 16:00:00,149.978,150.223,149.96,150.143,3234
2024-03-05 17:00:00,150.141,150.169,150.048,150.088,1977
2024-03-05 18:00:00,150.087,150.109,149.972,149.972,2038
2024-03-05 19:00:00,149.973,150.048,149.923,149.933,2097
2024-03-05 20:00:00,149.93,149.952,149.833,149.9,1946
2024-03-05 21:00:00,149.902,150.047,149.868,149.965,999
2024-03-05 22:00:00,149.993,150.037,149.937,149.984,606
2024-03-05 23:00:00,149.972,149.999,149.764,149.997,1390
2024-03-06 00:00:00,150.049,150.08,149.892,149.99,2579
2024-03-06 01:00:00,149.988,150.037,149.952,150.027,1770
2024-03-06 02:00:00,150.027,150.028,149.89,149.902,1401
2024-03-06 03:00:00,149.902,149.989,149.901,149.974,1251
2024-03-06 04:00:00,149.974,150.018,149.93,149.936,1315
2024-03-06 05:00:00,149.937,149.937,149.804,149.907,1419
2024-03-06 06:00:00,149.91,149.932,149.825,149.842,1596
2024-03-06 07:00:00,149.84,149.841,149.318,149.529,4967
2024-03-06 08:00:00,149.532,149.801,149.525,149.746,3332
2024-03-06 09:00:00,149.746,149.859,149.619,149.642,2468
2024-03-06 10:00:00,149.642,149.807,149.566,149.739,2461
2024-03-06 11:00:00,149.739,149.795,149.681,149.709,1654
2024-03-06 12:00:00,149.708,149.74,149.551,149.628,1858
2024-03-06 13:00:00,149.63,149.698,149.331,149.362,6028
2024-03-06 14:00:00,149.359,149.442,149.265,149.388,4124
2024-03-06 15:00:00,149.39,149.64,149.255,149.363,6226
2024-03-06 16:00:00,149.364,149.444,149.128,149.173,3507
2024-03-06 17:00:00,149.17,149.35,149.089,149.321,3631
2024-03-06 18:00:00,149.32,149.328,149.196,149.258,2327
2024-03-06 19:00:00,149.261,149.381,149.251,149.339,2860
2024-03-06 20:00:00,149.341,149.466,149.325,149.325,1894
2024-03-06 21:00:00,149.286,149.42,149.173,149.173,859
2024-03-06 22:00:00,149.166,149.342,149.089,149.3,768
2024-03-06 23:00:00,149.298,149.298,149.137,149.235,1375
2024-03-07 00:00:00,149.261,149.261,148.877,148.895,4330
2024-03-07 01:00:00,148.894,148.97,148.556,148.615,5969
2024-03-07 02:00:00,148.613,148.791,148.599,148.748,3066
2024-03-07 03:00:00,148.752,148.769,148.603,148.664,2557
2024-03-07 04:00:00,148.665,148.667,148.396,148.546,2948
2024-03-07 05:00:00,148.546,148.677,148.504,148.634,2262
2024-03-07 06:00:00,148.634,148.674,148.113,148.193,4174
2024-03-07 07:00:00,148.19,148.249,147.932,147.938,4650
2024-03-07 08:00:00,147.94,148.097,147.807,147.928,4363
2024-03-07 09:00:00,147.929,148.105,147.829,147.982,3032
2024-03-07 10:00:00,147.978,147.992,147.862,147.866,2772
2024-03-07 11:00:00,147.866,147.902,147.765,147.835,2685
2024-03-07 12:00:00,147.832,147.877,147.677,147.826,3206
2024-03-07 13:00:00,147.827,147.922,147.578,147.765,6471
2024-03-07 14:00:00,147.762,148.215,147.727,148.117,6301
2024-03-07 15:00:00,148.116,148.296,148.012,148.134,4287
2024-03-07 16:00:00,148.131,148.178,147.884,148.086,5154
2024-03-07 17:00:00,148.083,148.232,148.077,148.099,3197
2024-03-07 18:00:00,148.102,148.123,148.018,148.106,2140
2024-03-07 19:00:00,148.107,148.13,147.997,147.999,1631
2024-03-07 20:00:00,148.001,148.105,147.99,148.053,1535
2024-03-07 21:00:00,148.033,148.058,147.966,147.966,769
2024-03-07 22:00:00,148.005,148.024,147.724,147.899,846
2024-03-07 23:00:00,147.887,147.912,147.784,147.832,1050
2024-03-08 00:00:00,147.861,147.89,147.517,147.744,3675
2024-03-08 01:00:00,147.741,148.114,147.651,147.97,3627
2024-03-08 02:00:00,147.973,148.084,147.873,147.962,3125
2024-03-08 03:00:00,147.961,148.05,147.799,147.81,1986
2024-03-08 04:00:00,147.809,147.899,147.769,147.85,1876
2024-03-08 05:00:00,147.85,147.863,147.771,147.799,2148
2024-03-08 06:00:00,147.801,147.985,147.801,147.852,2387
2024-03-08 07:00:00,147.85,148.042,147.795,147.877,3717
2024-03-08 08:00:00,147.877,147.964,147.796,147.812,3123
2024-03-08 09:00:00,147.812,147.823,146.868,147.13,8603
2024-03-08 10:00:00,147.133,147.203,146.948,147.095,4516
2024-03-08 11:00:00,147.095,147.117,146.949,147.093,2973
2024-03-08 12:00:00,147.091,147.235,147.08,147.227,2461
2024-03-08 13:00:00,147.222,147.487,146.476,146.956,12166
2024-03-08 14:00:00,146.958,147.043,146.689,146.887,9014
2024-03-08 15:00:00,146.884,147.23,146.845,147.028,5003
2024-03-08 16:00:00,147.028,147.253,147.022,147.173,3792
2024-03-08 17:00:00,147.17,147.186,147.022,147.024,3829
2024-03-08 18:00:00,147.023,147.142,146.986,147.064,3072
2024-03-08 19:00:00,147.063,147.157,147.039,147.042,2334
2024-03-08 20:00:00,147.043,147.101,147.025,147.043,1665
2024-03-08 21:00:00,147.02,147.091,146.977,147.053,873
2024-03-10 21:00:00,146.956,147.099,146.872,147.076,636
2024-03-10 22:00:00,147.061,147.095,146.888,147.024,1280
2024-03-10 23:00:00,147.046,147.046,146.704,146.765,2870
2024-03-11 00:00:00,146.793,146.927,146.666,146.759,4245
2024-03-11 01:00:00,146.761,146.89,146.532,146.872,3991
2024-03-11 02:00:00,146.872,147.086,146.87,147.067,2568
2024-03-11 03:00:00,147.069,147.069,146.912,146.933,1778
2024-03-11 04:00:00,146.933,147.044,146.885,146.901,1747
2024-03-11 05:00:00,146.899,147.079,146.861,146.973,1823
2024-03-11 06:00:00,146.973,147.063,146.868,146.917,2265
2024-03-11 07:00:00,146.918,147.021,146.726,146.744,3163
2024-03-11 08:00:00,146.745,146.854,146.627,146.715,3548
2024-03-11 09:00:00,146.714,146.736,146.482,146.606,3096
2024-03-11 10:00:00,146.607,146.703,146.528,146.664,2294
2024-03-11 11:00:00,146.667,146.738,146.614,146.639,1987
2024-03-11 12:00:00,146.642,146.893,146.613,146.822,3149
2024-03-11 13:00:00,146.825,146.965,146.757,146.959,3410
2024-03-11 14:00:00,146.962,147.145,146.949,146.986,3203
2024-03-11 15:00:00,146.987,147.045,146.825,146.857,3410
2024-03-11 16:00:00,146.857,146.936,146.81,146.867,2598
2024-03-11 17:00:00,146.868,146.93,146.739,146.918,2460
2024-03-11 18:00:00,146.917,147.05,146.913,146.94,1828
2024-03-11 19:00:00,146.942,146.975,146.931,146.948,1471
2024-03-11 20:00:00,146.936,146.958,146.859,146.882,813
2024-03-11 21:00:00,146.902,146.952,146.793,146.951,532
2024-03-11 22:00:00,146.932,146.935,146.844,146.923,1026
2024-03-11 23:00:00,146.948,146.951,146.714,146.729,2061
2024-03-12 00:00:00,146.731,146.88,146.615,146.865,3212
2024-03-12 01:00:00,146.867,146.988,146.849,146.932,2427
2024-03-12 02:00:00,146.931,147.423,146.928,147.41,4121
2024-03-12 03:00:00,147.412,147.431,147.319,147.384,2252
2024-03-12 04:00:00,147.386,147.432,147.325,147.379,2011
2024-03-12 05:00:00,147.381,147.594,147.341,147.515,2500
2024-03-12 06:00:00,147.517,147.575,147.206,147.396,4807
2024-03-12 07:00:00,147.394,147.444,147.271,147.331,3229
2024-03-12 08:00:00,147.33,147.482,147.277,147.323,3115
2024-03-12 09:00:00,147.324,147.428,147.304,147.419,2017
2024-03-12 10:00:00,147.42,147.568,147.309,147.324,2263
2024-03-12 11:00:00,147.327,147.457,147.315,147.431,2083
2024-03-12 12:00:00,147.433,148.165,147.063,147.645,11622
2024-03-12 13:00:00,147.646,147.979,147.636,147.801,8032
2024-03-12 14:00:00,147.799,147.96,147.704,147.896,4472
2024-03-12 15:00:00,147.896,147.902,147.682,147.692,3215
2024-03-12 16:00:00,147.69,147.784,147.638,147.698,2369
2024-03-12 17:00:00,147.699,147.789,147.658,147.783,2466
2024-03-12 18:00:00,147.784,147.793,147.638,147.685,1509
2024-03-12 19:00:00,147.682,147.713,147.656,147.66,1388
2024-03-12 20:00:00,147.663,147.674,147.566,147.603,849
2024-03-12 21:00:00,147.597,147.644,147.516,147.617,431
2024-03-12 22:00:00,147.609,147.609,147.512,147.547,1188
2024-03-12 23:00:00,147.579,147.65,147.544,147.642,1230
2024-03-13 00:00:00,147.618,147.633,147.361,147.366,3192
2024-03-13 01:00:00,147.366,147.442,147.227,147.416,3304
2024-03-13 02:00:00,147.415,147.532,147.323,147.37,2182
2024-03-13 03:00:00,147.372,147.438,147.281,147.378,1716
2024-03-13 04:00:00,147.378,147.579,147.37,147.567,1953
2024-03-13 05:00:00,147.568,147.642,147.542,147.568,2019
2024-03-13 06:00:00,147.568,147.786,147.496,147.737,2789
2024-03-13 07:00:00,147.74,147.758,147.56,147.672,2983
2024-03-13 08:00:00,147.67,147.883,147.638,147.867,3018
2024-03-13 09:00:00,147.87,148.044,147.706,147.984,3455
2024-03-13 10:00:00,147.986,148.03,147.895,147.913,2107
2024-03-13 11:00:00,147.912,148.026,147.899,147.967,1727
2024-03-13 12:00:00,147.969,148.011,147.885,147.939,2562
2024-03-13 13:00:00,147.938,147.946,147.775,147.886,2953
2024-03-13 14:00:00,147.884,147.964,147.805,147.837,2563
2024-03-13 15:00:00,147.837,147.847,147.68,147.732,2507
2024-03-13 16:00:00,147.734,147.8,147.669,147.707,2617
2024-03-13 17:00:00,147.706,147.718,147.457,147.628,4108
2024-03-13 18:00:00,147.63,147.798,147.602,147.762,1855
2024-03-13 19:00:00,147.764,147.854,147.743,147.817,1547
2024-03-13 20:00:00,147.775,147.826,147.524,147.529,1025
2024-03-13 21:00:00,147.562,147.695,147.417,147.6,854
2024-03-13 22:00:00,147.588,147.688,147.588,147.674,858
2024-03-13 23:00:00,147.701,147.701,147.58,147.633,1252
2024-03-14 00:00:00,147.586,147.72,147.537,147.592,2679
2024-03-14 01:00:00,147.59,147.716,147.526,147.671,2311
2024-03-14 02:00:00,147.672,147.923,147.658,147.897,1824
2024-03-14 03:00:00,147.897,147.897,147.788,147.852,1821
2024-03-14 04:00:00,147.853,147.968,147.844,147.909,1414
2024-03-14 05:00:00,147.909,147.965,147.874,147.914,1586
2024-03-14 06:00:00,147.915,147.933,147.85,147.884,1515
2024-03-14 07:00:00,147.884,147.969,147.811,147.864,2411
2024-03-14 08:00:00,147.866,147.912,147.763,147.859,2298
2024-03-14 09:00:00,147.856,147.891,147.771,147.776,1802
2024-03-14 10:00:00,147.775,147.832,147.727,147.742,1672
2024-03-14 11:00:00,147.742,147.775,147.665,147.694,1670
2024-03-14 12:00:00,147.692,147.984,147.561,147.844,7346
2024-03-14 13:00:00,147.847,148.148,147.429,147.994,11162
2024-03-14 14:00:00,147.996,148.192,147.918,148.106,5225
2024-03-14 15:00:00,148.109,148.317,148.048,148.188,4218
2024-03-14 16:00:00,148.187,148.21,148.097,148.185,2806
2024-03-14 17:00:00,148.185,148.306,148.127,148.276,2330
2024-03-14 18:00:00,148.275,148.354,148.267,148.293,1779
2024-03-14 19:00:00,148.292,148.315,148.205,148.207,1355
2024-03-14 20:00:00,148.177,148.306,148.157,148.247,1082
2024-03-14 21:00:00,148.244,148.307,148.112,148.28,551
2024-03-14 22:00:00,148.264,148.266,148.18,148.226,565
2024-03-14 23:00:00,148.259,148.332,148.248,148.297,1309
2024-03-15 00:00:00,148.297,148.533,148.263,148.443,3832
2024-03-15 01:00:00,148.446,148.488,148.383,148.469,2012
2024-03-15 02:00:00,148.467,148.654,148.427,148.456,2170
2024-03-15 03:00:00,148.454,148.496,148.341,148.372,1899
2024-03-15 04:00:00,148.372,148.401,148.246,148.304,1519
2024-03-15 05:00:00,148.307,148.373,148.271,148.315,1564
2024-03-15 06:00:00,148.314,148.339,148.095,148.212,2978
2024-03-15 07:00:00,148.211,148.599,148.029,148.566,4933
2024-03-15 08:00:00,148.568,148.829,148.568,148.709,3878
2024-03-15 09:00:00,148.707,148.779,148.67,148.717,2369
2024-03-15 10:00:00,148.717,148.784,148.655,148.772,1926
2024-03-15 11:00:00,148.772,148.793,148.582,148.645,2012
2024-03-15 12:00:00,148.645,148.864,148.617,148.796,3404
2024-03-15 13:00:00,148.795,148.963,148.726,148.915,3322
2024-03-15 14:00:00,148.908,148.995,148.806,148.973,3240
2024-03-15 15:00:00,148.971,149.139,148.964,149.134,2576
2024-03-15 16:00:00,149.135,149.161,148.973,149.089,2172
2024-03-15 17:00:00,149.089,149.095,149.007,149.032,1945
2024-03-15 18:00:00,149.032,149.076,148.992,149.035,1397
2024-03-15 19:00:00,149.032,149.115,148.994,149.051,1040
2024-03-15 20:00:00,149.03,149.081,148.984,149.033,1002
2024-03-17 21:00:00,148.929,149.05,148.842,149.032,357
2024-03-17 22:00:00,149.024,149.044,148.886,148.938,1196
2024-03-17 23:00:00,148.972,149.03,148.934,148.953,1616
2024-03-18 00:00:00,148.948,149.282,148.929,149.271,2577
2024-03-18 01:00:00,149.274,149.326,149.163,149.187,2155
2024-03-18 02:00:00,149.187,149.205,148.903,148.971,2386
2024-03-18 03:00:00,148.969,149.09,148.955,149.086,1719
2024-03-18 04:00:00,149.086,149.127,149.076,149.109,1257
2024-03-18 05:00:00,149.109,149.185,149.063,149.111,1447
2024-03-18 06:00:00,149.108,149.238,149.095,149.217,1768
2024-03-18 07:00:00,149.216,149.304,149.093,149.119,2541
2024-03-18 08:00:00,149.116,149.16,149.05,149.118,2340
2024-03-18 09:00:00,149.121,149.243,149.102,149.203,1840
2024-03-18 10:00:00,149.202,149.233,149.11,149.128,1734
2024-03-18 11:00:00,149.128,149.135,149.013,149.026,1572
2024-03-18 12:00:00,149.025,149.194,149.006,149.172,2345
2024-03-18 13:00:00,149.171,149.237,149.114,149.209,2312
2024-03-18 14:00:00,149.21,149.296,149.16,149.279,2332
2024-03-18 15:00:00,149.278,149.286,149.094,149.13,2240
2024-03-18 16:00:00,149.131,149.209,149.092,149.138,2171
2024-03-18 17:00:00,149.137,149.163,148.914,149.103,3213
2024-03-18 18:00:00,149.103,149.113,149.024,149.107,1487
2024-03-18 19:00:00,149.109,149.183,149.082,149.167,987
2024-03-18 20:00:00,149.143,149.167,149.083,149.083,721
2024-03-18 21:00:00,149.13,149.137,149.034,149.11,410
2024-03-18 22:00:00,149.093,149.113,148.98,148.996,1054
2024-03-18 23:00:00,149.035,149.162,149.027,149.157,1472
2024-03-19 00:00:00,149.149,149.217,149.107,149.201,2393
2024-03-19 01:00:00,149.203,149.391,149.203,149.298,2462
2024-03-19 02:00:00,149.298,149.364,149.188,149.357,2194
2024-03-19 03:00:00,149.36,149.924,148.996,149.7,12265
2024-03-19 04:00:00,149.702,150.076,149.666,149.964,6658
2024-03-19 05:00:00,149.964,150.392,149.936,150.295,5332
2024-03-19 06:00:00,150.299,150.482,150.06,150.363,8459
2024-03-19 07:00:00,150.364,150.391,149.983,150.253,6749
2024-03-19 08:00:00,150.255,150.512,150.194,150.333,5052
2024-03-19 09:00:00,150.333,150.695,150.301,150.673,3513
2024-03-19 10:00:00,150.676,150.687,150.497,150.529,2847
2024-03-19 11:00:00,150.529,150.569,150.343,150.386,2465
2024-03-19 12:00:00,150.384,150.604,150.34,150.487,3191
2024-03-19 13:00:00,150.486,150.678,150.401,150.666,3114
2024-03-19 14:00:00,150.666,150.728,150.599,150.683,2612
2024-03-19 15:00:00,150.683,150.849,150.654,150.729,2113
2024-03-19 16:00:00,150.729,150.943,150.706,150.938,2352
2024-03-19 17:00:00,150.936,150.959,150.837,150.892,1930
2024-03-19 18:00:00,150.892,150.926,150.844,150.917,1129
2024-03-19 19:00:00,150.916,150.919,150.85,150.87,791
2024-03-19 20:00:00,150.862,150.879,150.777,150.779,604
2024-03-19 21:00:00,150.817,150.84,150.692,150.788,667
2024-03-19 22:00:00,150.758,150.839,150.758,150.802,641
2024-03-19 23:00:00,150.836,151.062,150.816,151.045,2046
2024-03-20 00:00:00,151.018,151.34,150.997,151.154,3894
2024-03-20 01:00:00,151.156,151.235,151.132,151.166,2205
2024-03-20 02:00:00,151.166,151.236,151.155,151.228,1867
2024-03-20 03:00:00,151.227,151.311,151.227,151.311,1212
2024-03-20 04:00:00,151.311,151.537,151.31,151.482,2304
2024-03-20 05:00:00,151.482,151.571,151.43,151.532,1967
2024-03-20 06:00:00,151.533,151.58,151.457,151.47,1816
2024-03-20 07:00:00,151.467,151.503,151.332,151.482,2680
2024-03-20 08:00:00,151.482,151.543,151.419,151.445,2409
2024-03-20 09:00:00,151.445,151.761,151.445,151.677,2105
2024-03-20 10:00:00,151.675,151.748,151.642,151.665,1873
2024-03-20 11:00:00,151.664,151.731,151.627,151.704,1788
2024-03-20 12:00:00,151.702,151.781,151.651,151.755,2303
2024-03-20 13:00:00,151.754,151.814,151.69,151.739,2261
2024-03-20 14:00:00,151.742,151.751,151.615,151.666,2025
2024-03-20 15:00:00,151.666,151.668,151.528,151.657,1810
2024-03-20 16:00:00,151.654,151.673,151.547,151.608,1703
2024-03-20 17:00:00,151.606,151.63,151.523,151.602,1779
2024-03-20 18:00:00,151.605,151.704,150.715,150.782,20512
2024-03-20 19:00:00,150.781,151.218,150.772,151.187,6870
2024-03-20 20:00:00,151.125,151.375,150.969,151.036,1793
2024-03-20 21:00:00,151.036,151.209,150.984,151.178,786
2024-03-20 22:00:00,151.173,151.184,150.794,150.819,1998
2024-03-20 23:00:00,150.85,150.945,150.678,150.738,3479
2024-03-21 00:00:00,150.739,150.865,150.54,150.617,5714
2024-03-21 01:00:00,150.619,150.649,150.261,150.497,5349
2024-03-21 02:00:00,150.499,150.517,150.337,150.486,3001
2024-03-21 03:00:00,150.489,150.548,150.382,150.484,2176
2024-03-21 04:00:00,150.484,150.788,150.444,150.758,2287
2024-03-21 05:00:00,150.759,151.002,150.745,150.996,2262
2024-03-21 06:00:00,150.993,151.087,150.845,150.994,3068
2024-03-21 07:00:00,150.993,151.221,150.848,151.214,3600
2024-03-21 08:00:00,151.215,151.454,151.089,151.169,5418
2024-03-21 09:00:00,151.167,151.236,151.045,151.076,3890
2024-03-21 10:00:00,151.077,151.115,150.867,151.104,2822
2024-03-21 11:00:00,151.106,151.168,150.963,151.106,2637
2024-03-21 12:00:00,151.104,151.314,151.009,151.161,4059
2024-03-21 13:00:00,151.159,151.44,151.157,151.398,3900
2024-03-21 14:00:00,151.399,151.569,151.391,151.502,4455
2024-03-21 15:00:00,151.502,151.667,151.469,151.588,3318
2024-03-21 16:00:00,151.585,151.751,151.566,151.687,2504
2024-03-21 17:00:00,151.688,151.735,151.655,151.718,1672
2024-03-21 18:00:00,151.716,151.72,151.643,151.667,1139
2024-03-21 19:00:00,151.668,151.729,151.66,151.678,774
2024-03-21 20:00:00,151.643,151.671,151.537,151.537,794
2024-03-21 21:00:00,151.58,151.616,151.503,151.514,500
2024-03-21 22:00:00,151.54,151.592,151.504,151.517,726
2024-03-21 23:00:00,151.546,151.696,151.546,151.641,1659
2024-03-22 00:00:00,151.626,151.65,151.437,151.526,2652
2024-03-22 01:00:00,151.526,151.86,151.488,151.779,3601
2024-03-22 02:00:00,151.778,151.791,151.414,151.624,3808
2024-03-22 03:00:00,151.624,151.65,151.507,151.563,2610
2024-03-22 04:00:00,151.563,151.601,151.491,151.578,1708
2024-03-22 05:00:00,151.579,151.588,151.467,151.481,1632
2024-03-22 06:00:00,151.484,151.523,151.255,151.303,2770
2024-03-22 07:00:00,151.307,151.502,151.271,151.411,3340
2024-03-22 08:00:00,151.412,151.535,151.297,151.474,3026
2024-03-22 09:00:00,151.474,151.647,151.428,151.612,2430
2024-03-22 10:00:00,151.61,151.647,151.545,151.611,1856
2024-03-22 11:00:00,151.612,151.619,151.433,151.462,1946
2024-03-22 12:00:00,151.46,151.488,150.999,151.209,4854
2024-03-22 13:00:00,151.208,151.314,151.054,151.164,4342
2024-03-22 14:00:00,151.161,151.259,151.081,151.183,3817
2024-03-22 15:00:00,151.184,151.39,151.184,151.345,3126
2024-03-22 16:00:00,151.345,151.433,151.328,151.385,2166
2024-03-22 17:00:00,151.386,151.428,151.342,151.414,1517
2024-03-22 18:00:00,151.415,151.453,151.378,151.448,1045
2024-03-22 19:00:00,151.449,151.48,151.396,151.407,1030
2024-03-22 20:00:00,151.407,151.43,151.299,151.427,961
2024-03-24 21:00:00,151.352,151.407,151.192,151.37,399
2024-03-24 22:00:00,151.366,151.407,151.194,151.249,820
2024-03-24 23:00:00,151.284,151.322,151.081,151.317,2374
2024-03-25 00:00:00,151.305,151.422,151.235,151.301,3447
2024-03-25 01:00:00,151.298,151.319,151.088,151.24,4226
2024-03-25 02:00:00,151.238,151.265,151.047,151.134,2899
2024-03-25 03:00:00,151.132,151.258,151.126,151.229,2123
2024-03-25 04:00:00,151.228,151.374,151.228,151.361,1653
2024-03-25 05:00:00,151.359,151.368,151.188,151.213,1455
2024-03-25 06:00:00,151.212,151.316,151.17,151.315,1617
2024-03-25 07:00:00,151.311,151.383,151.166,151.318,2264
2024-03-25 08:00:00,151.318,151.396,151.219,151.352,2351
2024-03-25 09:00:00,151.352,151.437,151.327,151.399,1771
2024-03-25 10:00:00,151.397,151.404,151.256,151.285,1622
2024-03-25 11:00:00,151.286,151.374,151.28,151.292,1602
2024-03-25 12:00:00,151.294,151.314,151.135,151.23,1866
2024-03-25 13:00:00,151.226,151.287,151.121,151.265,2035
2024-03-25 14:00:00,151.269,151.381,151.24,151.355,1730
2024-03-25 15:00:00,151.356,151.428,151.339,151.416,1189
2024-03-25 16:00:00,151.416,151.54,151.412,151.481,1532
2024-03-25 17:00:00,151.481,151.505,151.425,151.501,1327
2024-03-25 18:00:00,151.501,151.532,151.461,151.473,885
2024-03-25 19:00:00,151.47,151.485,151.418,151.426,795
2024-03-25 20:00:00,151.415,151.445,151.339,151.342,566
2024-03-25 21:00:00,151.39,151.404,151.349,151.391,254
2024-03-25 22:00:00,151.367,151.395,151.284,151.384,767
2024-03-25 23:00:00,151.416,151.416,151.357,151.371,963
2024-03-26 00:00:00,151.375,151.442,151.258,151.278,2199
2024-03-26 01:00:00,151.28,151.369,151.217,151.354,1893
2024-03-26 02:00:00,151.354,151.359,151.272,151.328,1680
2024-03-26 03:00:00,151.327,151.426,151.296,151.402,1176
2024-03-26 04:00:00,151.402,151.422,151.324,151.358,1008
2024-03-26 05:00:00,151.36,151.39,151.325,151.366,1179
2024-03-26 06:00:00,151.367,151.393,151.297,151.308,1117
2024-03-26 07:00:00,151.305,151.358,151.259,151.314,1648
2024-03-26 08:00:00,151.315,151.346,151.246,151.254,1883
2024-03-26 09:00:00,151.255,151.289,151.199,151.264,1524
2024-03-26 10:00:00,151.264,151.344,151.24,151.271,1477
2024-03-26 11:00:00,151.27,151.386,151.268,151.383,1185
2024-03-26 12:00:00,151.383,151.469,151.346,151.449,1734
2024-03-26 13:00:00,151.449,151.462,151.372,151.405,1716
2024-03-26 14:00:00,151.408,151.452,151.295,151.382,2024
2024-03-26 15:00:00,151.382,151.598,151.367,151.576,1764
2024-03-26 16:00:00,151.576,151.58,151.469,151.518,1714
2024-03-26 17:00:00,151.517,151.559,151.44,151.558,1418
2024-03-26 18:00:00,151.558,151.575,151.468,151.531,873
2024-03-26 19:00:00,151.53,151.58,151.511,151.562,978
2024-03-26 20:00:00,151.546,151.562,151.48,151.48,660
2024-03-26 21:00:00,151.519,151.536,151.438,151.506,470
2024-03-26 22:00:00,151.493,151.519,151.439,151.494,642
2024-03-26 23:00:00,151.526,151.57,151.5,151.533,918
2024-03-27 00:00:00,151.518,151.57,151.444,151.511,1871
2024-03-27 01:00:00,151.513,151.801,151.493,151.729,2954
2024-03-27 02:00:00,151.728,151.968,151.717,151.885,2468
2024-03-27 03:00:00,151.886,151.925,151.6,151.698,4138
2024-03-27 04:00:00,151.698,151.711,151.588,151.683,1473
2024-03-27 05:00:00,151.683,151.803,151.648,151.744,1391
2024-03-27 06:00:00,151.746,151.761,151.636,151.69,1695
2024-03-27 07:00:00,151.689,151.728,151.61,151.701,2417
2024-03-27 08:00:00,151.702,151.835,151.641,151.777,2131
2024-03-27 09:00:00,151.779,151.799,151.089,151.362,9303
2024-03-27 10:00:00,151.361,151.367,151.047,151.196,3755
2024-03-27 11:00:00,151.197,151.252,151.022,151.225,2878
2024-03-27 12:00:00,151.227,151.271,151.168,151.247,2466
2024-03-27 13:00:00,151.246,151.373,151.241,151.321,2611
2024-03-27 14:00:00,151.323,151.351,151.208,151.244,2103
2024-03-27 15:00:00,151.245,151.375,151.162,151.339,1862
2024-03-27 16:00:00,151.34,151.421,151.296,151.315,1618
2024-03-27 17:00:00,151.318,151.41,151.276,151.384,1404
2024-03-27 18:00:00,151.383,151.398,151.343,151.359,864
2024-03-27 19:00:00,151.357,151.383,151.292,151.297,870
2024-03-27 20:00:00,151.269,151.333,151.067,151.098,743
2024-03-27 21:00:00,151.102,151.267,151.012,151.245,514
2024-03-27 22:00:00,151.222,151.363,151.211,151.262,1415
2024-03-27 23:00:00,151.324,151.376,151.259,151.293,1578
2024-03-28 00:00:00,151.289,151.432,151.267,151.41,2352
2024-03-28 01:00:00,151.41,151.54,151.332,151.347,2479
2024-03-28 02:00:00,151.346,151.377,151.255,151.361,1759
2024-03-28 03:00:00,151.361,151.379,151.297,151.356,974
2024-03-28 04:00:00,151.356,151.384,151.325,151.35,874
2024-03-28 05:00:00,151.35,151.374,151.246,151.344,1215
2024-03-28 06:00:00,151.347,151.388,151.3,151.338,1098
2024-03-28 07:00:00,151.335,151.446,151.321,151.43,1982
2024-03-28 08:00:00,151.431,151.441,151.329,151.422,1981
2024-03-28 09:00:00,151.424,151.5,151.409,151.454,1594
2024-03-28 10:00:00,151.455,151.462,151.365,151.393,1600
2024-03-28 11:00:00,151.393,151.396,151.346,151.363,1367
2024-03-28 12:00:00,151.366,151.4,151.179,151.21,3122
2024-03-28 13:00:00,151.211,151.341,151.157,151.275,2900
2024-03-28 14:00:00,151.266,151.314,151.186,151.208,2975
2024-03-28 15:00:00,151.211,151.337,151.146,151.336,2668
2024-03-28 16:00:00,151.337,151.369,151.239,151.33,2494
2024-03-28 17:00:00,151.328,151.394,151.305,151.381,1385
2024-03-28 18:00:00,151.381,151.418,151.369,151.384,1059
2024-03-28 19:00:00,151.384,151.419,151.352,151.37,689
2024-03-28 20:00:00,151.35,151.38,151.308,151.309,675
2024-03-28 21:00:00,151.354,151.369,151.337,151.365,268
2024-03-28 22:00:00,151.353,151.411,151.294,151.384,1479
2024-03-28 23:00:00,151.411,151.464,151.405,151.44,1110
2024-03-29 00:00:00,151.44,151.493,151.181,151.311,1605
2024-03-29 01:00:00,151.313,151.437,151.309,151.342,1526
2024-03-29 02:00:00,151.342,151.352,151.241,151.307,1167
2024-03-29 03:00:00,151.307,151.326,151.265,151.286,1351
2024-03-29 04:00:00,151.286,151.324,151.262,151.281,899
2024-03-29 05:00:00,151.281,151.382,151.277,151.353,1253
2024-03-29 06:00:00,151.354,151.468,151.324,151.407,1123
2024-03-29 07:00:00,151.407,151.409,151.311,151.34,1548
2024-03-29 08:00:00,151.34,151.361,151.327,151.343,592
2024-03-29 09:00:00,151.343,151.348,151.311,151.318,488
2024-03-29 10:00:00,151.324,151.331,151.269,151.295,786
2024-03-29 11:00:00,151.295,151.341,151.288,151.333,883
2024-03-29 12:00:00,151.333,151.346,151.163,151.193,1411
2024-03-29 13:00:00,151.193,151.225,151.148,151.163,1075
2024-03-29 14:00:00,151.163,151.2,151.115,151.196,706
2024-03-29 15:00:00,151.196,151.206,151.149,151.187,671
2024-03-29 16:00:00,151.19,151.241,151.181,151.233,1110
2024-03-29 17:00:00,151.233,151.288,151.187,151.252,911
2024-03-29 18:00:00,151.252,151.343,151.251,151.343,386
2024-03-29 19:00:00,151.342,151.342,151.182,151.183,372
2024-03-29 20:00:00,151.182,151.206,151.051,151.136,683
2024-03-31 21:00:00,151.096,151.308,151.096,151.299,606
2024-03-31 22:00:00,151.277,151.32,151.108,151.313,1564
2024-03-31 23:00:00,151.349,151.425,151.318,151.419,1350
2024-04-01 00:00:00,151.397,151.427,151.249,151.372,2526
2024-04-01 01:00:00,151.371,151.388,151.244,151.273,1950
2024-04-01 02:00:00,151.275,151.325,151.252,151.315,1202
2024-04-01 03:00:00,151.315,151.354,151.306,151.343,963
2024-04-01 04:00:00,151.344,151.398,151.33,151.365,987
2024-04-01 05:00:00,151.368,151.406,151.357,151.376,911
2024-04-01 06:00:00,151.379,151.388,151.299,151.363,1319
2024-04-01 07:00:00,151.363,151.392,151.336,151.337,1006
2024-04-01 08:00:00,151.34,151.365,151.322,151.336,850
2024-04-01 09:00:00,151.336,151.383,151.322,151.379,577
2024-04-01 10:00:00,151.379,151.398,151.352,151.364,723
2024-04-01 11:00:00,151.364,151.396,151.344,151.385,679
2024-04-01 12:00:00,151.383,151.478,151.381,151.45,1372
2024-04-01 13:00:00,151.45,151.648,151.436,151.565,2135
2024-04-01 14:00:00,151.572,151.754,151.571,151.692,3018
2024-04-01 15:00:00,151.691,151.769,151.686,151.718,1573
2024-04-01 16:00:00,151.718,151.737,151.679,151.696,1046
2024-04-01 17:00:00,151.695,151.7,151.572,151.616,1055
2024-04-01 18:00:00,151.616,151.654,151.601,151.65,823
2024-04-01 19:00:00,151.649,151.674,151.622,151.629,834
2024-04-01 20:00:00,151.615,151.638,151.574,151.585,558
2024-04-01 21:00:00,151.615,151.638,151.539,151.619,358
2024-04-01 22:00:00,151.599,151.599,151.529,151.582,530
2024-04-01 23:00:00,151.606,151.671,151.569,151.585,1260
2024-04-02 00:00:00,151.593,151.694,151.497,151.68,2214
2024-04-02 01:00:00,151.682,151.776,151.628,151.771,1681
2024-04-02 02:00:00,151.771,151.782,151.657,151.678,1358
2024-04-02 03:00:00,151.678,151.759,151.652,151.756,972
2024-04-02 04:00:00,151.756,151.764,151.707,151.759,785
2024-04-02 05:00:00,151.759,151.801,151.707,151.738,1258
2024-04-02 06:00:00,151.736,151.75,151.661,151.678,1594
2024-04-02 07:00:00,151.68,151.751,151.656,151.671,1471
2024-04-02 08:00:00,151.673,151.683,151.551,151.635,1748
2024-04-02 09:00:00,151.636,151.689,151.602,151.667,1097
2024-04-02 10:00:00,151.666,151.713,151.666,151.69,901
2024-04-02 11:00:00,151.689,151.707,151.627,151.651,1144
2024-04-02 12:00:00,151.651,151.713,151.598,151.684,1502
2024-04-02 13:00:00,151.684,151.694,151.555,151.57,1971
2024-04-02 14:00:00,151.569,151.634,151.458,151.575,3446
2024-04-02 15:00:00,151.575,151.616,151.502,151.547,1943
2024-04-02 16:00:00,151.547,151.611,151.536,151.589,1053
2024-04-02 17:00:00,151.586,151.613,151.556,151.562,805
2024-04-02 18:00:00,151.561,151.595,151.534,151.592,650
2024-04-02 19:00:00,151.591,151.61,151.546,151.548,661
2024-04-02 20:00:00,151.533,151.579,151.466,151.482,750
2024-04-02 21:00:00,151.506,151.548,151.461,151.537,279
2024-04-02 22:00:00,151.531,151.539,151.432,151.521,738
2024-04-02 23:00:00,151.55,151.577,151.525,151.547,845
2024-04-03 00:00:00,151.54,151.553,151.438,151.553,1965
2024-04-03 01:00:00,151.552,151.636,151.549,151.589,1544
2024-04-03 02:00:00,151.592,151.608,151.535,151.579,959
2024-04-03 03:00:00,151.578,151.58,151.538,151.559,724
2024-04-03 04:00:00,151.556,151.589,151.53,151.588,662
2024-04-03 05:00:00,151.588,151.605,151.53,151.588,981
2024-04-03 06:00:00,151.588,151.678,151.572,151.663,1228
2024-04-03 07:00:00,151.663,151.731,151.663,151.675,1273
2024-04-03 08:00:00,151.675,151.731,151.675,151.726,1008
2024-04-03 09:00:00,151.727,151.795,151.71,151.749,1217
2024-04-03 10:00:00,151.749,151.753,151.702,151.708,811
2024-04-03 11:00:00,151.709,151.781,151.679,151.767,958
2024-04-03 12:00:00,151.768,151.908,151.745,151.846,2437
2024-04-03 13:00:00,151.845,151.95,151.796,151.919,2048
2024-04-03 14:00:00,151.917,151.917,151.644,151.78,4713
2024-04-03 15:00:00,151.779,151.819,151.673,151.675,1956
2024-04-03 16:00:00,151.676,151.758,151.574,151.643,2270
2024-04-03 17:00:00,151.643,151.696,151.625,151.677,1122
2024-04-03 18:00:00,151.677,151.686,151.646,151.665,703
2024-04-03 19:00:00,151.666,151.702,151.651,151.655,843
2024-04-03 20:00:00,151.656,151.679,151.428,151.468,598
2024-04-03 21:00:00,151.465,151.648,151.437,151.625,528
2024-04-03 22:00:00,151.615,151.615,151.535,151.559,706
2024-04-03 23:00:00,151.584,151.63,151.561,151.575,903
2024-04-04 00:00:00,151.578,151.677,151.535,151.565,1848
2024-04-04 01:00:00,151.565,151.667,151.555,151.64,1146
2024-04-04 02:00:00,151.64,151.706,151.635,151.706,916
2024-04-04 03:00:00,151.705,151.72,151.657,151.669,842
2024-04-04 04:00:00,151.672,151.699,151.648,151.69,703
2024-04-04 05:00:00,151.69,151.695,151.637,151.637,733
2024-04-04 06:00:00,151.639,151.696,151.593,151.687,1291
2024-04-04 07:00:00,151.687,151.753,151.673,151.682,1540
2024-04-04 08:00:00,151.682,151.74,151.682,151.706,1196
2024-04-04 09:00:00,151.708,151.757,151.7,151.742,854
2024-04-04 10:00:00,151.742,151.743,151.686,151.696,754
2024-04-04 11:00:00,151.695,151.742,151.608,151.737,1336
2024-04-04 12:00:00,151.735,151.765,151.608,151.621,1915
2024-04-04 13:00:00,151.621,151.671,151.499,151.585,2092
2024-04-04 14:00:00,151.585,151.683,151.511,151.658,1830
2024-04-04 15:00:00,151.66,151.702,151.647,151.658,1069
2024-04-04 16:00:00,151.658,151.668,151.619,151.642,795
2024-04-04 17:00:00,151.642,151.676,151.614,151.67,733
2024-04-04 18:00:00,151.67,151.682,151.143,151.203,3018
2024-04-04 19:00:00,151.202,151.326,151.114,151.207,5317
2024-04-04 20:00:00,151.193,151.325,151.141,151.271,1409
2024-04-04 21:00:00,151.31,151.326,151.212,151.298,631
2024-04-04 22:00:00,151.287,151.289,151.161,151.276,1076
2024-04-04 23:00:00,151.308,151.308,151.21,151.292,1249
2024-04-05 00:00:00,151.29,151.336,150.807,150.905,5146
2024-04-05 01:00:00,150.907,151.081,150.808,151.062,3326
2024-04-05 02:00:00,151.062,151.216,151.062,151.178,1682
2024-04-05 03:00:00,151.178,151.265,151.14,151.26,1365
2024-04-05 04:00:00,151.26,151.288,151.197,151.212,1178
2024-04-05 05:00:00,151.211,151.219,151.126,151.18,1384
2024-04-05 06:00:00,151.181,151.29,151.089,151.257,1900
2024-04-05 07:00:00,151.257,151.351,151.164,151.332,1956
2024-04-05 08:00:00,151.333,151.446,151.303,151.405,1800
2024-04-05 09:00:00,151.406,151.442,151.369,151.414,1293
2024-04-05 10:00:00,151.415,151.421,151.328,151.332,1142
2024-04-05 11:00:00,151.332,151.409,151.332,151.373,1073
2024-04-05 12:00:00,151.373,151.743,151.266,151.651,4755
2024-04-05 13:00:00,151.649,151.748,151.591,151.611,3350
2024-04-05 14:00:00,151.611,151.642,151.436,151.518,3317
2024-04-05 15:00:00,151.521,151.663,151.521,151.586,2576
2024-04-05 16:00:00,151.585,151.617,151.524,151.575,1432
2024-04-05 17:00:00,151.575,151.61,151.542,151.582,1068
2024-04-05 18:00:00,151.584,151.586,151.533,151.548,996
2024-04-05 19:00:00,151.548,151.645,151.538,151.63,1105
2024-04-05 20:00:00,151.618,151.63,151.574,151.6,580
2024-04-07 21:00:00,151.525,151.591,151.445,151.577,681
2024-04-07 22:00:00,151.562,151.673,151.552,151.653,1293
2024-04-07 23:00:00,151.69,151.691,151.642,151.689,976
2024-04-08 00:00:00,151.673,151.778,151.668,151.707,1995
2024-04-08 01:00:00,151.709,151.812,151.671,151.771,2208
2024-04-08 02:00:00,151.771,151.773,151.678,151.766,1545
2024-04-08 03:00:00,151.766,151.784,151.74,151.764,964
2024-04-08 04:00:00,151.764,151.793,151.76,151.789,860
2024-04-08 05:00:00,151.788,151.801,151.75,151.784,1039
2024-04-08 06:00:00,151.782,151.829,151.751,151.756,1371
2024-04-08 07:00:00,151.756,151.872,151.754,151.863,1417
2024-04-08 08:00:00,151.865,151.909,151.836,151.902,1460
2024-04-08 09:00:00,151.902,151.914,151.858,151.868,1031
2024-04-08 10:00:00,151.868,151.884,151.821,151.847,950
2024-04-08 11:00:00,151.848,151.919,151.843,151.914,940
2024-04-08 12:00:00,151.914,151.939,151.848,151.873,1492
2024-04-08 13:00:00,151.873,151.873,151.716,151.734,2095
2024-04-08 14:00:00,151.734,151.841,151.727,151.808,2120
2024-04-08 15:00:00,151.807,151.847,151.769,151.781,1327
2024-04-08 16:00:00,151.781,151.841,151.776,151.829,889
2024-04-08 17:00:00,151.829,151.83,151.736,151.768,921
2024-04-08 18:00:00,151.768,151.792,151.715,151.769,834
2024-04-08 19:00:00,151.769,151.83,151.744,151.818,857
2024-04-08 20:00:00,151.806,151.839,151.763,151.784,416
2024-04-08 21:00:00,151.805,151.823,151.669,151.79,733
2024-04-08 22:00:00,151.781,151.786,151.725,151.769,574
2024-04-08 23:00:00,151.803,151.85,151.803,151.834,804
2024-04-09 00:00:00,151.829,151.918,151.785,151.903,1827
2024-04-09 01:00:00,151.903,151.911,151.854,151.885,1531
2024-04-09 02:00:00,151.888,151.89,151.811,151.87,1140
2024-04-09 03:00:00,151.869,151.877,151.839,151.853,830
2024-04-09 04:00:00,151.853,151.89,151.843,151.885,774
2024-04-09 05:00:00,151.887,151.9,151.864,151.887,661
2024-04-09 06:00:00,151.89,151.919,151.866,151.908,1053
2024-04-09 07:00:00,151.909,151.931,151.878,151.9,1314
2024-04-09 08:00:00,151.9,151.908,151.858,151.883,1288
2024-04-09 09:00:00,151.882,151.894,151.724,151.835,2114
2024-04-09 10:00:00,151.835,151.835,151.758,151.792,1104
2024-04-09 11:00:00,151.793,151.841,151.771,151.823,1050
2024-04-09 12:00:00,151.822,151.84,151.739,151.767,1726
2024-04-09 13:00:00,151.767,151.785,151.701,151.767,1883
2024-04-09 14:00:00,151.765,151.765,151.566,151.647,2713
2024-04-09 15:00:00,151.648,151.732,151.628,151.725,1855
2024-04-09 16:00:00,151.725,151.745,151.652,151.665,1094
2024-04-09 17:00:00,151.664,151.72,151.653,151.687,1419
2024-04-09 18:00:00,151.687,151.741,151.685,151.734,853
2024-04-09 19:00:00,151.734,151.785,151.719,151.723,994
2024-04-09 20:00:00,151.71,151.752,151.687,151.72,514
2024-04-09 21:00:00,151.733,151.752,151.619,151.738,496
2024-04-09 22:00:00,151.724,151.755,151.681,151.712,722
2024-04-09 23:00:00,151.747,151.78,151.734,151.779,894
2024-04-10 00:00:00,151.772,151.781,151.676,151.719,1843
2024-04-10 01:00:00,151.719,151.777,151.709,151.721,1652
2024-04-10 02:00:00,151.721,151.761,151.694,151.75,1344
2024-04-10 03:00:00,151.751,151.768,151.731,151.751,880
2024-04-10 04:00:00,151.75,151.786,151.742,151.78,704
2024-04-10 05:00:00,151.78,151.817,151.775,151.807,992
2024-04-10 06:00:00,151.808,151.812,151.768,151.775,955
2024-04-10 07:00:00,151.776,151.842,151.775,151.836,958
2024-04-10 08:00:00,151.836,151.882,151.822,151.847,926
2024-04-10 09:00:00,151.848,151.87,151.828,151.852,850
2024-04-10 10:00:00,151.854,151.865,151.806,151.83,884
2024-04-10 11:00:00,151.83,151.851,151.812,151.837,838
2024-04-10 12:00:00,151.838,152.518,151.766,152.38,11912
2024-04-10 13:00:00,152.383,152.695,152.365,152.666,6166
2024-04-10 14:00:00,152.664,152.774,152.575,152.767,3696
2024-04-10 15:00:00,152.767,152.942,152.739,152.898,2595
2024-04-10 16:00:00,152.898,152.963,152.874,152.928,1758
2024-04-10 17:00:00,152.932,152.981,152.638,152.776,4818
2024-04-10 18:00:00,152.771,152.977,152.754,152.955,2830
2024-04-10 19:00:00,152.956,152.964,152.914,152.933,1707
2024-04-10 20:00:00,152.924,153.142,152.866,152.934,1274
2024-04-10 21:00:00,152.95,153.102,152.778,152.976,942
2024-04-10 22:00:00,152.966,152.981,152.848,152.866,1329
2024-04-10 23:00:00,152.91,152.964,152.804,152.96,2412
2024-04-11 00:00:00,152.947,153.0,152.797,152.833,3709
2024-04-11 01:00:00,152.833,152.895,152.755,152.807,2703
2024-04-11 02:00:00,152.806,152.853,152.777,152.824,1380
2024-04-11 03:00:00,152.823,152.943,152.81,152.941,1156
2024-04-11 04:00:00,152.944,152.965,152.861,152.891,1205
2024-04-11 05:00:00,152.891,152.968,152.881,152.963,1261
2024-04-11 06:00:00,152.964,153.185,152.953,153.159,2264
2024-04-11 07:00:00,153.159,153.203,153.077,153.126,2631
2024-04-11 08:00:00,153.126,153.288,153.095,153.236,2371
2024-04-11 09:00:00,153.237,153.275,153.149,153.164,2115
2024-04-11 10:00:00,153.167,153.169,153.046,153.07,1795
2024-04-11 11:00:00,153.07,153.187,153.02,153.082,2012
2024-04-11 12:00:00,153.082,153.235,152.792,152.839,6297
2024-04-11 13:00:00,152.838,153.139,152.829,153.129,4643
2024-04-11 14:00:00,153.131,153.293,153.13,153.266,2765
2024-04-11 15:00:00,153.264,153.315,153.188,153.189,2375
2024-04-11 16:00:00,153.188,153.299,153.173,153.229,1980
2024-04-11 17:00:00,153.229,153.246,153.153,153.174,2314
2024-04-11 18:00:00,153.174,153.242,153.083,153.242,1569
2024-04-11 19:00:00,153.241,153.254,153.165,153.185,1379
2024-04-11 20:00:00,153.16,153.261,153.153,153.202,553
2024-04-11 21:00:00,153.248,153.248,153.108,153.201,555
2024-04-11 22:00:00,153.181,153.206,153.112,153.2,827
2024-04-11 23:00:00,153.225,153.251,153.165,153.204,1117
2024-04-12 00:00:00,153.19,153.296,152.96,152.967,3040
2024-04-12 01:00:00,152.968,153.097,152.967,153.095,2180
2024-04-12 02:00:00,153.095,153.182,153.046,153.174,1400
2024-04-12 03:00:00,153.172,153.227,153.154,153.202,965
2024-04-12 04:00:00,153.202,153.266,153.173,153.234,969
2024-04-12 05:00:00,153.234,153.236,153.126,153.203,1329
2024-04-12 06:00:00,153.206,153.285,153.195,153.271,2341
2024-04-12 07:00:00,153.271,153.379,153.226,153.244,2287
2024-04-12 08:00:00,153.243,153.305,153.202,153.304,1619
2024-04-12 09:00:00,153.305,153.348,153.258,153.297,1571
2024-04-12 10:00:00,153.296,153.347,153.264,153.265,1425
2024-04-12 11:00:00,153.265,153.289,153.152,153.158,1873
2024-04-12 12:00:00,153.158,153.181,152.79,152.851,4654
2024-04-12 13:00:00,152.85,153.084,152.587,152.919,5312
2024-04-12 14:00:00,152.924,153.012,152.727,152.924,4701
2024-04-12 15:00:00,152.925,153.151,152.897,153.115,3296
2024-04-12 16:00:00,153.114,153.148,153.045,153.099,2309
2024-04-12 17:00:00,153.1,153.14,153.047,153.124,2248
2024-04-12 18:00:00,153.124,153.213,153.118,153.21,1588
2024-04-12 19:00:00,153.209,153.242,153.177,153.22,1184
2024-04-12 20:00:00,153.207,153.277,153.155,153.247,908
2024-04-14 21:00:00,152.919,153.076,152.791,152.925,790
2024-04-14 22:00:00,153.12,153.251,153.04,153.244,2024
2024-04-14 23:00:00,153.279,153.317,153.224,153.298,1454
2024-04-15 00:00:00,153.3,153.458,153.275,153.458,2545
2024-04-15 01:00:00,153.461,153.684,153.445,153.568,2846
2024-04-15 02:00:00,153.568,153.739,153.527,153.705,1674
2024-04-15 03:00:00,153.706,153.73,153.648,153.668,1337
2024-04-15 04:00:00,153.667,153.846,153.661,153.782,1430
2024-04-15 05:00:00,153.78,153.85,153.77,153.822,1587
2024-04-15 06:00:00,153.825,153.883,153.757,153.866,2731
2024-04-15 07:00:00,153.868,153.967,153.868,153.9,2357
2024-04-15 08:00:00,153.901,153.947,153.693,153.863,3553
2024-04-15 09:00:00,153.863,153.889,153.754,153.867,1675
2024-04-15 10:00:00,153.868,153.939,153.819,153.921,1439
2024-04-15 11:00:00,153.924,153.933,153.858,153.907,1795
2024-04-15 12:00:00,153.907,154.412,153.875,154.185,4962
2024-04-15 13:00:00,154.188,154.419,154.106,154.355,3981
2024-04-15 14:00:00,154.358,154.44,153.856,154.324,7310
2024-04-15 15:00:00,154.325,154.339,154.19,154.254,3453
2024-04-15 16:00:00,154.252,154.32,154.202,154.294,2276
2024-04-15 17:00:00,154.295,154.297,154.11,154.17,2755
2024-04-15 18:00:00,154.17,154.243,154.156,154.204,2145
2024-04-15 19:00:00,154.204,154.23,154.171,154.206,1602
2024-04-15 20:00:00,154.194,154.253,154.185,154.202,704
2024-04-15 21:00:00,154.247,154.25,154.046,154.215,403
2024-04-15 22:00:00,154.203,154.203,154.094,154.143,1007
2024-04-15 23:00:00,154.171,154.229,154.141,154.223,1374
2024-04-16 00:00:00,154.216,154.361,154.128,154.284,2683
2024-04-16 01:00:00,154.284,154.382,154.248,154.357,2246
2024-04-16 02:00:00,154.354,154.415,154.293,154.315,1795
2024-04-16 03:00:00,154.315,154.371,154.311,154.347,1234
2024-04-16 04:00:00,154.347,154.347,154.23,154.269,939
2024-04-16 05:00:00,154.269,154.354,154.257,154.344,1380
2024-04-16 06:00:00,154.346,154.601,154.28,154.505,3043
2024-04-16 07:00:00,154.508,154.518,154.367,154.387,2427
2024-04-16 08:00:00,154.388,154.55,154.372,154.502,2105
2024-04-16 09:00:00,154.499,154.561,154.47,154.555,1698
2024-04-16 10:00:00,154.555,154.596,154.531,154.59,1471
2024-04-16 11:00:00,154.59,154.703,154.577,154.616,1927
2024-04-16 12:00:00,154.615,154.699,154.559,154.64,2547
2024-04-16 13:00:00,154.637,154.765,153.894,154.561,9918
2024-04-16 14:00:00,154.561,154.708,154.403,154.585,4580
2024-04-16 15:00:00,154.589,154.633,154.463,154.568,2669
2024-04-16 16:00:00,154.569,154.645,154.533,154.579,1840
2024-04-16 17:00:00,154.577,154.782,154.573,154.697,2633
2024-04-16 18:00:00,154.694,154.732,154.57,154.641,2990
2024-04-16 19:00:00,154.642,154.695,154.61,154.612,1219
2024-04-16 20:00:00,154.588,154.709,154.588,154.635,731
2024-04-16 21:00:00,154.664,154.691,154.527,154.646,771
2024-04-16 22:00:00,154.629,154.68,154.597,154.643,962
2024-04-16 23:00:00,154.678,154.717,154.648,154.707,1053
2024-04-17 00:00:00,154.694,154.729,154.608,154.687,1800
2024-04-17 01:00:00,154.687,154.712,154.612,154.679,1454
2024-04-17 02:00:00,154.679,154.691,154.622,154.677,906
2024-04-17 03:00:00,154.678,154.68,154.595,154.643,887
2024-04-17 04:00:00,154.643,154.649,154.594,154.642,717
2024-04-17 05:00:00,154.642,154.673,154.601,154.615,910
2024-04-17 06:00:00,154.614,154.642,154.45,154.469,3097
2024-04-17 07:00:00,154.469,154.632,154.469,154.606,2303
2024-04-17 08:00:00,154.609,154.643,154.466,154.558,2012
2024-04-17 09:00:00,154.556,154.594,154.492,154.59,1661
2024-04-17 10:00:00,154.592,154.633,154.54,154.623,1245
2024-04-17 11:00:00,154.623,154.653,154.586,154.625,1125
2024-04-17 12:00:00,154.625,154.695,154.603,154.622,1794
2024-04-17 13:00:00,154.624,154.652,154.524,154.646,2124
2024-04-17 14:00:00,154.643,154.707,154.641,154.648,1706
2024-04-17 15:00:00,154.646,154.674,154.581,154.61,1741
2024-04-17 16:00:00,154.611,154.611,154.242,154.271,4981
2024-04-17 17:00:00,154.271,154.441,154.166,154.308,3595
2024-04-17 18:00:00,154.308,154.346,154.155,154.345,1880
2024-04-17 19:00:00,154.345,154.396,154.305,154.316,1344
2024-04-17 20:00:00,154.3,154.375,154.125,154.161,941
2024-04-17 21:00:00,154.194,154.33,154.082,154.308,798
2024-04-17 22:00:00,154.303,154.31,154.207,154.252,1033
2024-04-17 23:00:00,154.276,154.356,154.17,154.355,1260
2024-04-18 00:00:00,154.332,154.404,154.249,154.279,1925
2024-04-18 01:00:00,154.28,154.299,154.164,154.218,2082
2024-04-18 02:00:00,154.216,154.248,153.951,154.127,4066
2024-04-18 03:00:00,154.127,154.316,154.108,154.234,1780
2024-04-18 04:00:00,154.234,154.308,154.23,154.289,1193
2024-04-18 05:00:00,154.287,154.351,154.251,154.281,1390
2024-04-18 06:00:00,154.281,154.303,154.063,154.272,2236
2024-04-18 07:00:00,154.27,154.32,154.186,154.262,1791
2024-04-18 08:00:00,154.262,154.365,154.25,154.349,1797
2024-04-18 09:00:00,154.348,154.421,154.332,154.412,1385
2024-04-18 10:00:00,154.413,154.474,154.379,154.441,1508
2024-04-18 11:00:00,154.441,154.506,154.312,154.366,1824
2024-04-18 12:00:00,154.369,154.494,154.315,154.367,3400
2024-04-18 13:00:00,154.367,154.588,154.335,154.529,3400
2024-04-18 14:00:00,154.517,154.637,154.455,154.627,2651
2024-04-18 15:00:00,154.628,154.643,154.562,154.61,1870
2024-04-18 16:00:00,154.611,154.645,154.565,154.617,1349
2024-04-18 17:00:00,154.617,154.675,154.596,154.635,1324
2024-04-18 18:00:00,154.632,154.651,154.545,154.59,961
2024-04-18 19:00:00,154.591,154.627,154.572,154.593,812
2024-04-18 20:00:00,154.579,154.648,154.558,154.563,663
2024-04-18 21:00:00,154.598,154.617,154.546,154.592,227
2024-04-18 22:00:00,154.577,154.612,154.494,154.604,740
2024-04-18 23:00:00,154.639,154.642,154.548,154.604,1250
2024-04-19 00:00:00,154.609,154.667,154.542,154.625,2277
2024-04-19 01:00:00,154.624,154.625,153.969,154.232,8352
2024-04-19 02:00:00,154.235,154.243,153.586,153.895,9990
2024-04-19 03:00:00,153.897,154.38,153.897,154.304,6638
2024-04-19 04:00:00,154.306,154.472,154.3,154.317,3486
2024-04-19 05:00:00,154.318,154.42,154.244,154.333,2893
2024-04-19 06:00:00,154.331,154.461,154.205,154.418,3695
2024-04-19 07:00:00,154.42,154.527,154.35,154.468,3046
2024-04-19 08:00:00,154.471,154.482,154.338,154.407,2405
2024-04-19 09:00:00,154.406,154.509,154.394,154.481,1753
2024-04-19 10:00:00,154.48,154.573,154.468,154.526,1587
2024-04-19 11:00:00,154.526,154.605,154.526,154.594,1455
2024-04-19 12:00:00,154.595,154.6,154.491,154.529,2113
2024-04-19 13:00:00,154.532,154.609,154.517,154.577,2347
2024-04-19 14:00:00,154.578,154.629,154.454,154.586,2499
2024-04-19 15:00:00,154.586,154.592,154.461,154.546,2026
2024-04-19 16:00:00,154.545,154.601,154.537,154.573,1516
2024-04-19 17:00:00,154.574,154.623,154.561,154.618,990
2024-04-19 18:00:00,154.618,154.637,154.548,154.573,761
2024-04-19 19:00:00,154.572,154.618,154.549,154.587,1007
2024-04-19 20:00:00,154.589,154.635,154.573,154.617,743
2024-04-21 21:00:00,154.57,154.582,154.277,154.451,970
2024-04-21 22:00:00,154.451,154.639,154.442,154.589,1220
2024-04-21 23:00:00,154.63,154.648,154.537,154.632,1228
2024-04-22 00:00:00,154.632,154.734,154.606,154.67,2810
2024-04-22 01:00:00,154.673,154.693,154.583,154.614,1975
2024-04-22 02:00:00,154.616,154.701,154.61,154.652,1003
2024-04-22 03:00:00,154.652,154.707,154.652,154.68,763
2024-04-22 04:00:00,154.68,154.724,154.679,154.711,815
2024-04-22 05:00:00,154.708,154.739,154.673,154.718,1032
2024-04-22 06:00:00,154.721,154.759,154.653,154.67,1694
2024-04-22 07:00:00,154.671,154.682,154.59,154.648,1797
2024-04-22 08:00:00,154.651,154.726,154.621,154.717,1370
2024-04-22 09:00:00,154.716,154.763,154.698,154.761,1217
2024-04-22 10:00:00,154.761,154.777,154.717,154.748,759
2024-04-22 11:00:00,154.748,154.774,154.722,154.756,1209
2024-04-22 12:00:00,154.757,154.767,154.679,154.742,1683
2024-04-22 13:00:00,154.745,154.762,154.701,154.734,1644
2024-04-22 14:00:00,154.734,154.772,154.713,154.729,1262
2024-04-22 15:00:00,154.728,154.784,154.711,154.768,728
2024-04-22 16:00:00,154.768,154.847,154.751,154.793,1010
2024-04-22 17:00:00,154.793,154.81,154.759,154.81,848
2024-04-22 18:00:00,154.81,154.824,154.775,154.792,529
2024-04-22 19:00:00,154.792,154.84,154.792,154.816,653
2024-04-22 20:00:00,154.805,154.826,154.766,154.782,342
2024-04-22 21:00:00,154.815,154.828,154.75,154.794,248
2024-04-22 22:00:00,154.777,154.795,154.703,154.782,558
2024-04-22 23:00:00,154.807,154.835,154.775,154.808,744
2024-04-23 00:00:00,154.811,154.82,154.696,154.78,1569
2024-04-23 01:00:00,154.78,154.786,154.654,154.721,2232
2024-04-23 02:00:00,154.725,154.767,154.707,154.761,876
2024-04-23 03:00:00,154.761,154.771,154.721,154.748,671
2024-04-23 04:00:00,154.748,154.76,154.715,154.736,564
2024-04-23 05:00:00,154.734,154.791,154.734,154.763,795
2024-04-23 06:00:00,154.763,154.78,154.712,154.753,1489
2024-04-23 07:00:00,154.753,154.856,154.751,154.816,2006
2024-04-23 08:00:00,154.816,154.858,154.794,154.838,1192
2024-04-23 09:00:00,154.841,154.848,154.803,154.83,1052
2024-04-23 10:00:00,154.83,154.831,154.776,154.795,1085
2024-04-23 11:00:00,154.795,154.818,154.758,154.799,1251
2024-04-23 12:00:00,154.799,154.83,154.765,154.805,1223
2024-04-23 13:00:00,154.805,154.871,154.577,154.636,2861
2024-04-23 14:00:00,154.637,154.798,154.567,154.79,3834
2024-04-23 15:00:00,154.79,154.834,154.763,154.811,1533
2024-04-23 16:00:00,154.809,154.832,154.774,154.818,1076
2024-04-23 17:00:00,154.819,154.825,154.546,154.744,2575
2024-04-23 18:00:00,154.746,154.808,154.707,154.749,1021
2024-04-23 19:00:00,154.749,154.82,154.739,154.806,670
2024-04-23 20:00:00,154.793,154.817,154.767,154.774,572
2024-04-23 21:00:00,154.79,154.804,154.695,154.756,531
2024-04-23 22:00:00,154.725,154.777,154.712,154.741,625
2024-04-23 23:00:00,154.775,154.782,154.729,154.744,698
2024-04-24 00:00:00,154.744,154.817,154.737,154.792,1367
2024-04-24 01:00:00,154.792,154.818,154.767,154.791,1188
2024-04-24 02:00:00,154.791,154.812,154.785,154.804,704
2024-04-24 03:00:00,154.805,154.847,154.796,154.842,736
2024-04-24 04:00:00,154.842,154.874,154.829,154.833,687
2024-04-24 05:00:00,154.834,154.881,154.83,154.87,533
2024-04-24 06:00:00,154.87,154.937,154.859,154.923,1234
2024-04-24 07:00:00,154.923,154.97,154.762,154.897,2332
2024-04-24 08:00:00,154.898,154.922,154.858,154.897,1104
2024-04-24 09:00:00,154.897,154.931,154.867,154.929,766
2024-04-24 10:00:00,154.929,154.932,154.897,154.928,596
2024-04-24 11:00:00,154.928,154.94,154.899,154.921,825
2024-04-24 12:00:00,154.92,155.168,154.761,154.945,8103
2024-04-24 13:00:00,154.946,155.013,154.837,154.978,2875
2024-04-24 14:00:00,154.978,155.102,154.937,154.999,2301
2024-04-24 15:00:00,154.996,155.128,154.967,155.112,1725
2024-04-24 16:00:00,155.112,155.127,155.057,155.109,1247
2024-04-24 17:00:00,155.107,155.37,155.08,155.283,2016
2024-04-24 18:00:00,155.283,155.328,155.236,155.261,1250
2024-04-24 19:00:00,155.261,155.302,155.217,155.28,973
2024-04-24 20:00:00,155.269,155.354,155.076,155.076,868
2024-04-24 21:00:00,155.069,155.273,155.023,155.222,830
2024-04-24 22:00:00,155.198,155.213,155.152,155.187,839
2024-04-24 23:00:00,155.222,155.27,155.208,155.263,662
2024-04-25 00:00:00,155.264,155.411,155.24,155.369,1766
2024-04-25 01:00:00,155.369,155.445,155.347,155.388,1299
2024-04-25 02:00:00,155.388,155.441,155.358,155.428,1142
2024-04-25 03:00:00,155.428,155.515,155.41,155.456,1400
2024-04-25 04:00:00,155.456,155.624,155.446,155.584,1009
2024-04-25 05:00:00,155.584,155.736,155.584,155.656,1954
2024-04-25 06:00:00,155.659,155.688,155.599,155.66,1963
2024-04-25 07:00:00,155.659,155.686,155.557,155.623,1816
2024-04-25 08:00:00,155.623,155.687,155.607,155.666,1183
2024-04-25 09:00:00,155.666,155.686,155.627,155.631,1017
2024-04-25 10:00:00,155.631,155.636,155.512,155.541,1282
2024-04-25 11:00:00,155.541,155.574,155.492,155.553,1341
2024-04-25 12:00:00,155.553,155.742,155.309,155.672,5456
2024-04-25 13:00:00,155.67,155.68,155.349,155.647,7590
2024-04-25 14:00:00,155.645,155.681,155.503,155.563,3283
2024-04-25 15:00:00,155.564,155.58,155.495,155.516,1685
2024-04-25 16:00:00,155.516,155.605,155.493,155.508,1324
2024-04-25 17:00:00,155.508,155.609,155.469,155.559,1579
2024-04-25 18:00:00,155.56,155.64,155.527,155.594,1416
2024-04-25 19:00:00,155.595,155.631,155.551,155.604,1148
2024-04-25 20:00:00,155.585,155.623,155.572,155.591,612
2024-04-25 21:00:00,155.625,155.633,155.415,155.575,512
2024-04-25 22:00:00,155.575,155.583,155.497,155.528,652
2024-04-25 23:00:00,155.566,155.637,155.545,155.618,1028
2024-04-26 00:00:00,155.62,155.645,155.567,155.631,1727
2024-04-26 01:00:00,155.631,155.656,155.55,155.589,1221
2024-04-26 02:00:00,155.587,155.624,155.532,155.561,1116
2024-04-26 03:00:00,155.563,156.139,155.414,155.94,8436
2024-04-26 04:00:00,155.94,156.213,155.938,156.192,1953
2024-04-26 05:00:00,156.193,156.211,156.086,156.101,1467
2024-04-26 06:00:00,156.102,156.461,155.903,156.375,4306
2024-04-26 07:00:00,156.376,156.818,156.371,156.698,6064
2024-04-26 08:00:00,156.701,156.704,154.963,156.555,29038
2024-04-26 09:00:00,156.559,156.69,156.458,156.683,3341
2024-04-26 10:00:00,156.683,156.84,156.628,156.811,1894
2024-04-26 11:00:00,156.813,156.866,156.276,156.811,5290
2024-04-26 12:00:00,156.81,156.95,156.616,156.83,5394
2024-04-26 13:00:00,156.827,156.932,156.767,156.928,3549
2024-04-26 14:00:00,156.929,157.31,156.833,157.262,5185
2024-04-26 15:00:00,157.259,157.67,157.205,157.613,4330
2024-04-26 16:00:00,157.61,157.786,157.585,157.648,3010
2024-04-26 17:00:00,157.649,157.788,157.579,157.699,1706
2024-04-26 18:00:00,157.699,157.776,157.694,157.722,1574
2024-04-26 19:00:00,157.719,157.894,157.704,157.872,1541
2024-04-26 20:00:00,157.846,158.32,157.818,158.309,1783
2024-04-28 21:00:00,157.752,157.931,157.692,157.883,823
2024-04-28 22:00:00,157.875,158.376,157.867,158.179,2371
2024-04-28 23:00:00,158.221,158.334,158.188,158.197,2380
2024-04-29 00:00:00,158.196,158.301,158.047,158.186,2687
2024-04-29 01:00:00,158.189,160.221,158.188,159.165,21517
2024-04-29 02:00:00,159.167,159.476,159.085,159.368,7156
2024-04-29 03:00:00,159.368,159.456,159.297,159.396,2343
2024-04-29 04:00:00,159.396,159.594,155.195,156.302,79694
2024-04-29 05:00:00,156.3,156.937,155.044,156.791,42452
2024-04-29 06:00:00,156.792,157.233,156.666,157.029,11333
2024-04-29 07:00:00,157.031,157.182,154.515,155.56,57019
2024-04-29 08:00:00,155.562,155.943,155.053,155.879,15631
2024-04-29 09:00:00,155.875,155.957,155.456,155.729,6774
2024-04-29 10:00:00,155.725,155.951,155.46,155.872,3604
2024-04-29 11:00:00,155.874,156.371,155.822,156.217,3102
2024-04-29 12:00:00,156.213,156.493,156.079,156.403,3480
2024-04-29 13:00:00,156.405,156.718,156.235,156.7,3264
2024-04-29 14:00:00,156.7,156.884,156.643,156.665,2830
2024-04-29 15:00:00,156.668,156.74,156.563,156.7,2045
2024-04-29 16:00:00,156.7,156.72,155.072,155.826,8851
2024-04-29 17:00:00,155.821,156.163,155.739,156.09,3490
2024-04-29 18:00:00,156.091,156.091,155.574,155.799,3205
2024-04-29 19:00:00,155.798,156.074,155.798,155.939,1695
2024-04-29 20:00:00,155.872,156.244,155.808,156.177,1456
2024-04-29 21:00:00,156.214,156.23,155.943,156.218,572
2024-04-29 22:00:00,156.156,156.17,155.899,156.135,1963
2024-04-29 23:00:00,156.249,156.365,156.151,156.319,1570
2024-04-30 00:00:00,156.312,156.812,156.148,156.79,2807
2024-04-30 01:00:00,156.787,156.982,156.544,156.831,2540
2024-04-30 02:00:00,156.828,156.875,156.668,156.696,1580
2024-04-30 03:00:00,156.696,156.857,156.687,156.718,1336
2024-04-30 04:00:00,156.713,156.826,156.711,156.737,1311
2024-04-30 05:00:00,156.741,156.816,156.684,156.806,1634
2024-04-30 06:00:00,156.81,156.876,156.696,156.803,2068
2024-04-30 07:00:00,156.803,156.932,156.464,156.841,2524
2024-04-30 08:00:00,156.838,156.959,156.799,156.915,1805
2024-04-30 09:00:00,156.918,156.946,156.851,156.914,1653
2024-04-30 10:00:00,156.914,156.943,156.812,156.913,1513
2024-04-30 11:00:00,156.913,156.95,156.892,156.95,922
2024-04-30 12:00:00,156.95,157.484,156.817,157.448,5643
2024-04-30 13:00:00,157.45,157.532,157.294,157.426,3821
2024-04-30 14:00:00,157.42,157.459,157.235,157.333,3564
2024-04-30 15:00:00,157.331,157.568,157.305,157.538,2136
2024-04-30 16:00:00,157.537,157.569,157.425,157.455,1401
2024-04-30 17:00:00,157.456,157.638,157.434,157.563,1086
2024-04-30 18:00:00,157.561,157.71,157.54,157.671,1075
2024-04-30 19:00:00,157.675,157.747,157.593,157.593,1016
2024-04-30 20:00:00,157.508,157.766,157.508,157.579,1119
2024-04-30 21:00:00,157.526,157.661,157.421,157.584,849
2024-04-30 22:00:00,157.566,157.644,157.43,157.542,1715
2024-04-30 23:00:00,157.678,157.733,157.656,157.729,1305
2024-05-01 00:00:00,157.727,157.835,157.671,157.725,1843
2024-05-01 01:00:00,157.722,157.819,157.71,157.779,1454
2024-05-01 02:00:00,157.779,157.871,157.773,157.855,855
2024-05-01 03:00:00,157.862,157.914,157.817,157.9,712
2024-05-01 04:00:00,157.9,157.901,157.791,157.832,901
2024-05-01 05:00:00,157.835,157.914,157.799,157.91,871
2024-05-01 06:00:00,157.909,157.972,157.846,157.965,1210
2024-05-01 07:00:00,157.965,157.979,157.861,157.875,1042
2024-05-01 08:00:00,157.877,157.973,157.86,157.942,805
2024-05-01 09:00:00,157.942,157.962,157.89,157.906,882
2024-05-01 10:00:00,157.907,157.92,157.85,157.9,892
2024-05-01 11:00:00,157.9,157.901,157.854,157.869,768
2024-05-01 12:00:00,157.868,157.917,157.753,157.774,1932
2024-05-01 13:00:00,157.774,157.808,157.503,157.603,2078
2024-05-01 14:00:00,157.598,157.709,157.372,157.652,3527
2024-05-01 15:00:00,157.65,157.729,157.579,157.639,1748
2024-05-01 16:00:00,157.641,157.658,157.59,157.61,981
2024-05-01 17:00:00,157.61,157.665,157.554,157.645,989
2024-05-01 18:00:00,157.651,157.758,156.992,157.11,9093
2024-05-01 19:00:00,157.112,157.48,157.098,157.43,4052
2024-05-01 20:00:00,157.35,157.541,152.843,154.197,1969
2024-05-01 21:00:00,154.198,155.239,154.198,154.424,1622
2024-05-01 22:00:00,154.221,155.376,154.221,155.376,2680
2024-05-01 23:00:00,155.426,155.754,155.194,155.721,6150
2024-05-02 00:00:00,155.717,156.078,155.649,156.008,4430
2024-05-02 01:00:00,156.008,156.278,155.916,156.072,2784
2024-05-02 02:00:00,156.074,156.14,155.694,155.817,4601
2024-05-02 03:00:00,155.816,156.096,155.78,155.937,2435
2024-05-02 04:00:00,155.937,156.072,155.692,155.823,2599
2024-05-02 05:00:00,155.819,155.887,155.596,155.693,2814
2024-05-02 06:00:00,155.689,155.7,155.156,155.432,5293
2024-05-02 07:00:00,155.43,155.519,155.194,155.498,3905
2024-05-02 08:00:00,155.495,155.546,155.094,155.141,3370
2024-05-02 09:00:00,155.138,155.305,155.012,155.255,2641
2024-05-02 10:00:00,155.253,155.346,155.078,155.086,2262
2024-05-02 11:00:00,155.084,155.167,154.668,154.735,3006
2024-05-02 12:00:00,154.732,154.861,154.392,154.513,4445
2024-05-02 13:00:00,154.51,154.78,154.339,154.403,4689
2024-05-02 14:00:00,154.401,154.539,154.036,154.059,5058
2024-05-02 15:00:00,154.064,154.146,153.465,153.778,5387
2024-05-02 16:00:00,153.777,153.922,153.489,153.759,3969
2024-05-02 17:00:00,153.763,153.808,153.23,153.373,3361
2024-05-02 18:00:00,153.37,153.408,153.046,153.046,3235
2024-05-02 19:00:00,153.05,153.312,153.05,153.157,2072
2024-05-02 20:00:00,153.109,153.645,153.089,153.476,1907
2024-05-02 21:00:00,153.446,153.638,153.391,153.564,533
2024-05-02 22:00:00,153.525,153.569,153.026,153.173,2153
2024-05-02 23:00:00,153.262,153.291,152.859,153.124,2875
2024-05-03 00:00:00,153.121,153.43,152.916,153.132,3038
2024-05-03 01:00:00,153.136,153.221,152.734,152.823,2908
2024-05-03 02:00:00,152.824,153.048,152.741,153.028,2106
2024-05-03 03:00:00,153.022,153.126,152.923,152.989,1453
2024-05-03 04:00:00,152.989,153.066,152.795,152.899,1445
2024-05-03 05:00:00,152.901,153.052,152.836,152.981,1786
2024-05-03 06:00:00,152.978,153.3,152.881,153.268,2698
2024-05-03 07:00:00,153.267,153.296,153.129,153.287,2413
2024-05-03 08:00:00,153.288,153.327,153.143,153.187,2718
2024-05-03 09:00:00,153.187,153.191,152.942,153.045,1936
2024-05-03 10:00:00,153.045,153.117,153.028,153.092,1804
2024-05-03 11:00:00,153.088,153.231,153.084,153.194,2001
2024-05-03 12:00:00,153.194,153.298,151.851,152.193,6973
2024-05-03 13:00:00,152.194,152.623,152.161,152.523,7130
2024-05-03 14:00:00,152.492,153.07,152.155,152.886,6987
2024-05-03 15:00:00,152.885,152.949,152.727,152.848,2832
2024-05-03 16:00:00,152.845,152.895,152.741,152.864,1969
2024-05-03 17:00:00,152.865,152.952,152.833,152.897,1244
2024-05-03 18:00:00,152.894,152.975,152.888,152.926,1095
2024-05-03 19:00:00,152.926,152.952,152.834,152.855,1118
2024-05-03 20:00:00,152.843,152.904,152.747,152.889,1120
2024-05-05 21:00:00,152.813,152.856,152.625,152.758,488
2024-05-05 22:00:00,152.755,153.182,152.725,153.157,1527
2024-05-05 23:00:00,153.226,153.698,153.113,153.65,2478
2024-05-06 00:00:00,153.653,153.748,153.312,153.403,2961
2024-05-06 01:00:00,153.404,153.642,153.332,153.557,2324
2024-05-06 02:00:00,153.56,153.804,153.543,153.752,1880
2024-05-06 03:00:00,153.752,153.964,153.734,153.912,1668
2024-05-06 04:00:00,153.915,153.999,153.839,153.923,1605
2024-05-06 05:00:00,153.923,153.967,153.864,153.918,1760
2024-05-06 06:00:00,153.915,153.936,153.676,153.683,2159
2024-05-06 07:00:00,153.685,153.82,153.651,153.794,1905
2024-05-06 08:00:00,153.794,153.872,153.674,153.724,1633
2024-05-06 09:00:00,153.724,153.838,153.702,153.774,1226
2024-05-06 10:00:00,153.771,153.822,153.678,153.804,1443
2024-05-06 11:00:00,153.806,153.813,153.733,153.745,1153
2024-05-06 12:00:00,153.745,153.783,153.406,153.515,2496
2024-05-06 13:00:00,153.515,153.8,153.491,153.779,2579
2024-05-06 14:00:00,153.78,153.956,153.667,153.916,2158
2024-05-06 15:00:00,153.916,153.995,153.839,153.847,1585
2024-05-06 16:00:00,153.846,153.959,153.828,153.896,1371
2024-05-06 17:00:00,153.895,153.928,153.807,153.9,1367
2024-05-06 18:00:00,153.9,153.96,153.862,153.901,1223
2024-05-06 19:00:00,153.901,153.952,153.875,153.898,1100
2024-05-06 20:00:00,153.871,153.918,153.766,153.775,626
2024-05-06 21:00:00,153.841,153.89,153.729,153.864,324
2024-05-06 22:00:00,153.849,153.933,153.803,153.927,662
2024-05-06 23:00:00,153.953,154.279,153.946,154.24,2451
2024-05-07 00:00:00,154.238,154.286,153.875,153.936,3814
2024-05-07 01:00:00,153.938,154.432,153.869,154.356,4054
2024-05-07 02:00:00,154.354,154.586,154.341,154.547,2253
2024-05-07 03:00:00,154.544,154.572,154.461,154.547,1416
2024-05-07 04:00:00,154.548,154.647,154.42,154.472,1894
2024-05-07 05:00:00,154.472,154.55,154.376,154.535,1984
2024-05-07 06:00:00,154.538,154.571,154.318,154.344,2422
2024-05-07 07:00:00,154.342,154.438,154.078,154.111,3779
2024-05-07 08:00:00,154.11,154.43,153.97,154.396,3309
2024-05-07 09:00:00,154.396,154.611,154.388,154.555,2467
2024-05-07 10:00:00,154.556,154.627,154.471,154.475,1831
2024-05-07 11:00:00,154.474,154.559,154.378,154.519,1927
2024-05-07 12:00:00,154.517,154.627,154.388,154.405,2456
2024-05-07 13:00:00,154.406,154.486,154.244,154.398,2950
2024-05-07 14:00:00,154.397,154.463,154.231,154.418,2649
2024-05-07 15:00:00,154.42,154.589,154.358,154.585,2017
2024-05-07 16:00:00,154.584,154.587,154.476,154.5,1273
2024-05-07 17:00:00,154.496,154.669,154.452,154.645,1989
2024-05-07 18:00:00,154.643,154.744,154.643,154.737,1322
2024-05-07 19:00:00,154.735,154.738,154.61,154.61,1531
2024-05-07 20:00:00,154.597,154.683,154.597,154.638,828
2024-05-07 21:00:00,154.577,154.66,154.458,154.588,933
2024-05-07 22:00:00,154.572,154.707,154.562,154.694,623
2024-05-07 23:00:00,154.739,154.839,154.726,154.769,1270
2024-05-08 00:00:00,154.771,154.923,154.684,154.889,2670
2024-05-08 01:00:00,154.89,155.185,154.88,155.132,3061
2024-05-08 02:00:00,155.135,155.261,155.089,155.159,2263
2024-05-08 03:00:00,155.16,155.216,155.067,155.158,1555
2024-05-08 04:00:00,155.158,155.205,155.077,155.17,1634
2024-05-08 05:00:00,155.169,155.254,155.152,155.17,1542
2024-05-08 06:00:00,155.164,155.274,155.11,155.257,2200
2024-05-08 07:00:00,155.258,155.358,155.197,155.324,2237
2024-05-08 08:00:00,155.324,155.446,155.205,155.426,3037
2024-05-08 09:00:00,155.427,155.509,155.275,155.385,2965
2024-05-08 10:00:00,155.386,155.426,155.328,155.374,1550
2024-05-08 11:00:00,155.376,155.515,155.349,155.486,1636
2024-05-08 12:00:00,155.487,155.681,155.483,155.605,2307
2024-05-08 13:00:00,155.605,155.649,155.498,155.634,2113
2024-05-08 14:00:00,155.633,155.639,155.5,155.588,2156
2024-05-08 15:00:00,155.588,155.619,155.337,155.421,2337
2024-05-08 16:00:00,155.421,155.56,155.417,155.544,1485
2024-05-08 17:00:00,155.545,155.6,155.507,155.542,1251
2024-05-08 18:00:00,155.543,155.623,155.541,155.607,918
2024-05-08 19:00:00,155.609,155.655,155.595,155.607,732
2024-05-08 20:00:00,155.594,155.63,155.302,155.308,783
2024-05-08 21:00:00,155.303,155.507,155.232,155.505,602
2024-05-08 22:00:00,155.492,155.562,155.43,155.548,787
2024-05-08 23:00:00,155.583,155.596,155.341,155.374,1817
2024-05-09 00:00:00,155.376,155.696,155.15,155.62,4454
2024-05-09 01:00:00,155.623,155.663,155.43,155.573,2436
2024-05-09 02:00:00,155.573,155.614,155.535,155.594,1338
2024-05-09 03:00:00,155.593,155.617,155.507,155.546,1043
2024-05-09 04:00:00,155.546,155.603,155.535,155.567,1101
2024-05-09 05:00:00,155.567,155.652,155.535,155.619,968
2024-05-09 06:00:00,155.62,155.82,155.618,155.752,1669
2024-05-09 07:00:00,155.752,155.847,155.707,155.832,1700
2024-05-09 08:00:00,155.829,155.872,155.796,155.842,1530
2024-05-09 09:00:00,155.843,155.946,155.837,155.909,1054
2024-05-09 10:00:00,155.91,155.937,155.875,155.914,1062
2024-05-09 11:00:00,155.914,155.943,155.818,155.874,1901
2024-05-09 12:00:00,155.873,155.912,155.514,155.699,3530
2024-05-09 13:00:00,155.698,155.796,155.566,155.644,3232
2024-05-09 14:00:00,155.645,155.661,155.426,155.556,3153
2024-05-09 15:00:00,155.557,155.725,155.499,155.679,1901
2024-05-09 16:00:00,155.679,155.706,155.591,155.625,1511
2024-05-09 17:00:00,155.625,155.637,155.504,155.55,1513
2024-05-09 18:00:00,155.55,155.57,155.422,155.441,968
2024-05-09 19:00:00,155.442,155.498,155.405,155.413,1213
2024-05-09 20:00:00,155.389,155.468,155.353,155.421,739
2024-05-09 21:00:00,155.422,155.474,155.371,155.468,407
2024-05-09 22:00:00,155.453,155.453,155.236,155.332,1117
2024-05-09 23:00:00,155.356,155.403,155.259,155.39,983
2024-05-10 00:00:00,155.393,155.601,155.357,155.529,2666
2024-05-10 01:00:00,155.527,155.686,155.456,155.68,1977
2024-05-10 02:00:00,155.681,155.771,155.659,155.753,1424
2024-05-10 03:00:00,155.752,155.752,155.681,155.725,821
2024-05-10 04:00:00,155.725,155.732,155.652,155.668,844
2024-05-10 05:00:00,155.669,155.68,155.57,155.62,1219
2024-05-10 06:00:00,155.623,155.708,155.495,155.667,2258
2024-05-10 07:00:00,155.67,155.776,155.647,155.682,1893
2024-05-10 08:00:00,155.685,155.729,155.617,155.714,1760
2024-05-10 09:00:00,155.714,155.743,155.663,155.707,1489
2024-05-10 10:00:00,155.707,155.762,155.687,155.74,1070
2024-05-10 11:00:00,155.74,155.773,155.676,155.736,1175
2024-05-10 12:00:00,155.734,155.87,155.704,155.822,1722
2024-05-10 13:00:00,155.822,155.848,155.599,155.632,2880
2024-05-10 14:00:00,155.636,155.9,155.634,155.866,3157
2024-05-10 15:00:00,155.866,155.891,155.821,155.852,1872
2024-05-10 16:00:00,155.85,155.895,155.769,155.824,1201
2024-05-10 17:00:00,155.821,155.839,155.748,155.837,866
2024-05-10 18:00:00,155.837,155.883,155.833,155.845,679
2024-05-10 19:00:00,155.843,155.846,155.753,155.759,773
2024-05-10 20:00:00,155.749,155.786,155.667,155.732,728
2024-05-12 21:00:00,155.665,155.71,155.579,155.657,566
2024-05-12 22:00:00,155.647,155.742,155.624,155.741,845
2024-05-12 23:00:00,155.776,155.831,155.754,155.828,856
2024-05-13 00:00:00,155.828,155.954,155.814,155.924,1571
2024-05-13 01:00:00,155.923,155.952,155.498,155.833,4083
2024-05-13 02:00:00,155.836,155.889,155.69,155.741,1457
2024-05-13 03:00:00,155.741,155.813,155.711,155.754,1208
2024-05-13 04:00:00,155.756,155.804,155.751,155.801,836
2024-05-13 05:00:00,155.803,155.865,155.762,155.837,939
2024-05-13 06:00:00,155.835,155.923,155.768,155.839,1593
2024-05-13 07:00:00,155.84,155.891,155.775,155.877,2336
2024-05-13 08:00:00,155.877,155.915,155.819,155.872,1679
2024-05-13 09:00:00,155.869,155.888,155.831,155.886,914
2024-05-13 10:00:00,155.886,155.894,155.834,155.871,1007
2024-05-13 11:00:00,155.872,155.89,155.838,155.873,1116
2024-05-13 12:00:00,155.874,155.874,155.713,155.753,1520
2024-05-13 13:00:00,155.753,155.86,155.682,155.835,1923
2024-05-13 14:00:00,155.833,155.93,155.833,155.912,1678
2024-05-13 15:00:00,155.911,156.222,155.867,156.171,3083
2024-05-13 16:00:00,156.172,156.221,156.111,156.214,1503
2024-05-13 17:00:00,156.214,156.246,156.2,156.224,653
2024-05-13 18:00:00,156.225,156.236,156.166,156.195,937
2024-05-13 19:00:00,156.195,156.228,156.18,156.196,782
2024-05-13 20:00:00,156.185,156.217,156.141,156.141,628
2024-05-13 21:00:00,156.162,156.201,156.02,156.19,746
2024-05-13 22:00:00,156.168,156.212,156.12,156.2,557
2024-05-13 23:00:00,156.225,156.24,156.18,156.223,978
2024-05-14 00:00:00,156.226,156.396,156.222,156.291,2344
2024-05-14 01:00:00,156.292,156.455,156.291,156.419,1598
2024-05-14 02:00:00,156.419,156.497,156.417,156.442,878
2024-05-14 03:00:00,156.442,156.448,156.373,156.409,715
2024-05-14 04:00:00,156.41,156.436,156.371,156.405,641
2024-05-14 05:00:00,156.404,156.441,156.39,156.416,692
2024-05-14 06:00:00,156.415,156.54,156.404,156.448,2122
2024-05-14 07:00:00,156.449,156.505,156.422,156.458,1298
2024-05-14 08:00:00,156.458,156.486,156.406,156.449,1141
2024-05-14 09:00:00,156.45,156.464,156.282,156.346,1200
2024-05-14 10:00:00,156.347,156.432,156.342,156.423,802
2024-05-14 11:00:00,156.423,156.46,156.402,156.446,612
2024-05-14 12:00:00,156.443,156.775,156.4,156.576,3976
2024-05-14 13:00:00,156.578,156.653,156.224,156.349,4787
2024-05-14 14:00:00,156.35,156.514,156.274,156.387,2828
2024-05-14 15:00:00,156.387,156.507,156.368,156.501,1798
2024-05-14 16:00:00,156.501,156.541,156.449,156.479,1527
2024-05-14 17:00:00,156.481,156.513,156.421,156.5,811
2024-05-14 18:00:00,156.5,156.504,156.377,156.433,779
2024-05-14 19:00:00,156.433,156.47,156.403,156.435,718
2024-05-14 20:00:00,156.422,156.44,156.35,156.35,491
2024-05-14 21:00:00,156.376,156.413,156.335,156.392,222
2024-05-14 22:00:00,156.388,156.448,156.337,156.404,564
2024-05-14 23:00:00,156.432,156.519,156.422,156.517,823
2024-05-15 00:00:00,156.514,156.557,156.381,156.387,1937
2024-05-15 01:00:00,156.384,156.441,156.302,156.382,1565
2024-05-15 02:00:00,156.382,156.473,156.382,156.454,881
2024-05-15 03:00:00,156.454,156.458,156.381,156.391,890
2024-05-15 04:00:00,156.392,156.393,156.337,156.356,702
2024-05-15 05:00:00,156.356,156.36,156.17,156.234,1596
2024-05-15 06:00:00,156.238,156.385,156.224,156.256,2177
2024-05-15 07:00:00,156.253,156.281,155.955,156.092,2887
2024-05-15 08:00:00,156.092,156.119,155.567,155.645,3415
2024-05-15 09:00:00,155.646,155.843,155.597,155.824,2402
2024-05-15 10:00:00,155.825,155.876,155.698,155.735,1634
2024-05-15 11:00:00,155.733,155.754,155.568,155.673,2316
2024-05-15 12:00:00,155.673,155.686,154.743,155.116,10429
2024-05-15 13:00:00,155.116,155.798,155.023,155.734,7021
2024-05-15 14:00:00,155.737,155.762,155.29,155.31,4906
2024-05-15 15:00:00,155.311,155.351,154.736,155.02,5042
2024-05-15 16:00:00,155.019,155.127,154.829,154.978,3119
2024-05-15 17:00:00,154.977,155.001,154.685,154.743,2778
2024-05-15 18:00:00,154.744,155.02,154.727,154.902,2046
2024-05-15 19:00:00,154.904,155.017,154.859,154.949,1430
2024-05-15 20:00:00,154.952,154.953,154.599,154.647,1143
2024-05-15 21:00:00,154.66,154.829,154.607,154.754,799
2024-05-15 22:00:00,154.742,154.774,154.464,154.533,1480
2024-05-15 23:00:00,154.557,154.675,154.15,154.297,3730
2024-05-16 00:00:00,154.293,154.533,153.595,153.662,7410
2024-05-16 01:00:00,153.659,154.12,153.624,154.09,5889
2024-05-16 02:00:00,154.092,154.31,153.826,153.999,5135
2024-05-16 03:00:00,154.003,154.082,153.888,153.963,3022
2024-05-16 04:00:00,153.965,154.046,153.798,153.93,2347
2024-05-16 05:00:00,153.93,154.191,153.845,154.174,2415
2024-05-16 06:00:00,154.171,154.377,154.108,154.358,4226
2024-05-16 07:00:00,154.356,154.448,154.274,154.411,4095
2024-05-16 08:00:00,154.414,154.808,154.333,154.707,3795
2024-05-16 09:00:00,154.708,154.782,154.63,154.67,2157
2024-05-16 10:00:00,154.672,154.735,154.606,154.669,1842
2024-05-16 11:00:00,154.667,154.938,154.65,154.872,2360
2024-05-16 12:00:00,154.872,155.33,154.611,155.302,5363
2024-05-16 13:00:00,155.305,155.533,155.257,155.46,4595
2024-05-16 14:00:00,155.46,155.486,155.222,155.298,3343
2024-05-16 15:00:00,155.299,155.322,155.155,155.251,2421
2024-05-16 16:00:00,155.251,155.356,155.233,155.26,1829
2024-05-16 17:00:00,155.259,155.296,155.206,155.248,1448
2024-05-16 18:00:00,155.248,155.331,155.234,155.323,988
2024-05-16 19:00:00,155.324,155.42,155.308,155.401,1120
2024-05-16 20:00:00,155.384,155.413,155.326,155.326,557
2024-05-16 21:00:00,155.375,155.375,155.281,155.339,459
2024-05-16 22:00:00,155.308,155.399,155.249,155.354,702
2024-05-16 23:00:00,155.38,155.454,155.344,155.397,1509
2024-05-17 00:00:00,155.394,155.589,155.344,155.443,2861
2024-05-17 01:00:00,155.444,155.864,155.417,155.814,3822
2024-05-17 02:00:00,155.814,155.924,155.773,155.872,1613
2024-05-17 03:00:00,155.872,155.896,155.772,155.786,1366
2024-05-17 04:00:00,155.786,155.848,155.73,155.803,1468
2024-05-17 05:00:00,155.802,155.848,155.714,155.797,1191
2024-05-17 06:00:00,155.799,155.799,155.591,155.642,2515
2024-05-17 07:00:00,155.644,155.836,155.617,155.816,1972
2024-05-17 08:00:00,155.818,155.973,155.813,155.86,1742
2024-05-17 09:00:00,155.86,155.905,155.772,155.831,1283
2024-05-17 10:00:00,155.834,155.906,155.8,155.834,1183
2024-05-17 11:00:00,155.835,155.913,155.82,155.852,1042
2024-05-17 12:00:00,155.852,155.886,155.705,155.784,2009
2024-05-17 13:00:00,155.785,155.797,155.677,155.739,2077
2024-05-17 14:00:00,155.739,155.744,155.338,155.402,3233
2024-05-17 15:00:00,155.405,155.575,155.245,155.575,3281
2024-05-17 16:00:00,155.571,155.631,155.46,155.619,1703
2024-05-17 17:00:00,155.619,155.684,155.58,155.659,1422
2024-05-17 18:00:00,155.657,155.681,155.604,155.672,1018
2024-05-17 19:00:00,155.673,155.691,155.617,155.654,831
2024-05-17 20:00:00,155.622,155.692,155.551,155.614,865
2024-05-19 21:00:00,155.551,155.647,155.353,155.637,583
2024-05-19 22:00:00,155.62,155.694,155.492,155.663,1018
2024-05-19 23:00:00,155.693,155.818,155.684,155.763,1323
2024-05-20 00:00:00,155.765,155.879,155.728,155.866,2177
2024-05-20 01:00:00,155.869,155.935,155.798,155.862,1930
2024-05-20 02:00:00,155.863,155.89,155.771,155.812,1116
2024-05-20 03:00:00,155.812,155.83,155.676,155.719,1517
2024-05-20 04:00:00,155.72,155.782,155.661,155.767,1251
2024-05-20 05:00:00,155.763,155.799,155.638,155.701,1271
2024-05-20 06:00:00,155.699,155.781,155.657,155.739,2305
2024-05-20 07:00:00,155.737,155.758,155.49,155.727,2288
2024-05-20 08:00:00,155.728,155.78,155.65,155.679,1517
2024-05-20 09:00:00,155.68,155.705,155.632,155.704,1161
2024-05-20 10:00:00,155.707,155.725,155.655,155.7,922
2024-05-20 11:00:00,155.699,155.756,155.693,155.742,1097
2024-05-20 12:00:00,155.742,156.23,155.731,156.148,3870
2024-05-20 13:00:00,156.151,156.183,156.039,156.075,2589
2024-05-20 14:00:00,156.077,156.18,155.991,156.061,2290
2024-05-20 15:00:00,156.06,156.153,156.052,156.091,1767
2024-05-20 16:00:00,156.092,156.113,156.067,156.102,818
2024-05-20 17:00:00,156.102,156.174,156.043,156.172,1034
2024-05-20 18:00:00,156.171,156.267,156.161,156.263,883
2024-05-20 19:00:00,156.264,156.302,156.24,156.266,751
2024-05-20 20:00:00,156.257,156.279,156.185,156.185,545
2024-05-20 21:00:00,156.209,156.232,156.053,156.188,426
2024-05-20 22:00:00,156.188,156.26,156.17,156.234,565
2024-05-20 23:00:00,156.263,156.399,156.259,156.397,1394
2024-05-21 00:00:00,156.397,156.463,156.337,156.422,1998
2024-05-21 01:00:00,156.425,156.491,156.418,156.474,1460
2024-05-21 02:00:00,156.474,156.495,156.389,156.427,1120
2024-05-21 03:00:00,156.426,156.489,156.403,156.472,1173
2024-05-21 04:00:00,156.473,156.544,156.405,156.444,1186
2024-05-21 05:00:00,156.443,156.468,156.292,156.373,1190
2024-05-21 06:00:00,156.371,156.373,156.097,156.242,4055
2024-05-21 07:00:00,156.242,156.27,156.028,156.227,2664
2024-05-21 08:00:00,156.227,156.292,156.132,156.252,2016
2024-05-21 09:00:00,156.254,156.273,156.079,156.115,1786
2024-05-21 10:00:00,156.115,156.242,156.094,156.216,1422
2024-05-21 11:00:00,156.215,156.32,156.203,156.224,1462
2024-05-21 12:00:00,156.227,156.391,156.184,156.236,2953
2024-05-21 13:00:00,156.237,156.431,155.954,156.044,5891
2024-05-21 14:00:00,156.042,156.144,155.838,155.944,3868
2024-05-21 15:00:00,155.947,156.143,155.943,156.079,1994
2024-05-21 16:00:00,156.076,156.183,156.069,156.117,1364
2024-05-21 17:00:00,156.118,156.248,156.101,156.216,1272
2024-05-21 18:00:00,156.214,156.242,156.172,156.208,1074
2024-05-21 19:00:00,156.209,156.246,156.132,156.148,1048
2024-05-21 20:00:00,156.134,156.19,156.096,156.097,584
2024-05-21 21:00:00,156.035,156.155,156.033,156.144,501
2024-05-21 22:00:00,156.132,156.156,156.08,156.156,608
2024-05-21 23:00:00,156.181,156.287,156.172,156.265,1048
2024-05-22 00:00:00,156.268,156.286,156.139,156.268,2196
2024-05-22 01:00:00,156.27,156.346,156.244,156.252,1629
2024-05-22 02:00:00,156.254,156.302,156.204,156.296,1296
2024-05-22 03:00:00,156.296,156.317,156.273,156.305,911
2024-05-22 04:00:00,156.305,156.389,156.288,156.35,909
2024-05-22 05:00:00,156.35,156.381,156.281,156.294,882
2024-05-22 06:00:00,156.291,156.469,156.281,156.373,2163
2024-05-22 07:00:00,156.376,156.457,156.372,156.398,1405
2024-05-22 08:00:00,156.397,156.503,156.38,156.473,1778
2024-05-22 09:00:00,156.473,156.514,156.407,156.435,1997
2024-05-22 10:00:00,156.435,156.465,156.386,156.42,981
2024-05-22 11:00:00,156.419,156.612,156.409,156.581,1981
2024-05-22 12:00:00,156.581,156.599,156.506,156.542,1942
2024-05-22 13:00:00,156.542,156.546,156.342,156.432,2394
2024-05-22 14:00:00,156.435,156.542,156.374,156.517,2638
2024-05-22 15:00:00,156.517,156.554,156.46,156.498,1810
2024-05-22 16:00:00,156.496,156.516,156.454,156.487,1460
2024-05-22 17:00:00,156.487,156.54,156.442,156.486,1252
2024-05-22 18:00:00,156.485,156.634,156.485,156.628,1968
2024-05-22 19:00:00,156.627,156.724,156.623,156.678,1056
2024-05-22 20:00:00,156.667,156.766,156.542,156.582,777
2024-05-22 21:00:00,156.577,156.742,156.513,156.614,847
2024-05-22 22:00:00,156.631,156.745,156.616,156.711,1098
2024-05-22 23:00:00,156.741,156.758,156.654,156.73,1133
2024-05-23 00:00:00,156.73,156.826,156.68,156.796,1911
2024-05-23 01:00:00,156.797,156.902,156.733,156.74,2356
2024-05-23 02:00:00,156.74,156.795,156.637,156.73,1230
2024-05-23 03:00:00,156.732,156.787,156.714,156.753,871
2024-05-23 04:00:00,156.755,156.783,156.685,156.716,874
2024-05-23 05:00:00,156.718,156.746,156.663,156.717,1096
2024-05-23 06:00:00,156.718,156.744,156.571,156.643,2287
2024-05-23 07:00:00,156.643,156.775,156.552,156.756,2450
2024-05-23 08:00:00,156.756,156.789,156.706,156.752,1692
2024-05-23 09:00:00,156.753,156.779,156.638,156.663,1360
2024-05-23 10:00:00,156.663,156.725,156.631,156.705,1085
2024-05-23 11:00:00,156.705,156.719,156.553,156.584,1249
2024-05-23 12:00:00,156.584,156.756,156.522,156.748,2920
2024-05-23 13:00:00,156.746,157.135,156.668,157.083,4192
2024-05-23 14:00:00,157.085,157.191,156.532,156.99,10285
2024-05-23 15:00:00,156.989,157.138,156.975,157.052,2689
2024-05-23 16:00:00,157.05,157.067,156.96,157.043,1633
2024-05-23 17:00:00,157.046,157.062,156.93,156.937,1668
2024-05-23 18:00:00,156.937,156.961,156.824,156.892,1942
2024-05-23 19:00:00,156.895,156.931,156.834,156.845,1170
2024-05-23 20:00:00,156.837,156.958,156.792,156.839,703
2024-05-23 21:00:00,156.872,156.953,156.781,156.935,747
2024-05-23 22:00:00,156.924,156.976,156.871,156.972,999
2024-05-23 23:00:00,157.001,157.004,156.917,156.988,1149
2024-05-24 00:00:00,156.989,157.132,156.917,157.032,2955
2024-05-24 01:00:00,157.035,157.101,156.99,157.091,1724
2024-05-24 02:00:00,157.093,157.142,157.057,157.058,1163
2024-05-24 03:00:00,157.058,157.093,157.04,157.049,802
2024-05-24 04:00:00,157.049,157.089,157.012,157.075,785
2024-05-24 05:00:00,157.075,157.112,157.039,157.076,898
2024-05-24 06:00:00,157.073,157.09,156.99,157.034,1801
2024-05-24 07:00:00,157.033,157.064,157.013,157.05,1112
2024-05-24 08:00:00,157.05,157.085,156.997,157.021,1223
2024-05-24 09:00:00,157.022,157.029,156.963,157.012,1188
2024-05-24 10:00:00,157.012,157.029,156.93,156.975,1038
2024-05-24 11:00:00,156.974,157.043,156.951,157.025,1016
2024-05-24 12:00:00,157.025,157.131,157.002,157.068,2175
2024-05-24 13:00:00,157.071,157.121,157.027,157.071,2000
2024-05-24 14:00:00,157.066,157.066,156.909,156.982,2588
2024-05-24 15:00:00,156.979,156.989,156.842,156.9,1665
2024-05-24 16:00:00,156.902,156.932,156.817,156.909,1399
2024-05-24 17:00:00,156.912,156.964,156.875,156.948,971
2024-05-24 18:00:00,156.949,156.984,156.904,156.973,868
2024-05-24 19:00:00,156.97,156.992,156.902,156.902,652
2024-05-24 20:00:00,156.887,156.95,156.858,156.936,543
2024-05-26 21:00:00,156.927,156.983,156.685,156.891,692
2024-05-26 22:00:00,156.874,156.915,156.731,156.821,1120
2024-05-26 23:00:00,156.855,156.911,156.822,156.865,1242
2024-05-27 00:00:00,156.865,156.922,156.747,156.825,2084
2024-05-27 01:00:00,156.827,156.844,156.676,156.801,2388
2024-05-27 02:00:00,156.801,156.802,156.685,156.723,1094
2024-05-27 03:00:00,156.723,156.766,156.659,156.701,1151
2024-05-27 04:00:00,156.701,156.777,156.684,156.765,867
2024-05-27 05:00:00,156.768,156.792,156.721,156.759,878
2024-05-27 06:00:00,156.758,156.84,156.743,156.817,1749
2024-05-27 07:00:00,156.817,156.955,156.816,156.906,1092
2024-05-27 08:00:00,156.906,156.945,156.861,156.941,732
2024-05-27 09:00:00,156.941,156.945,156.871,156.891,643
2024-05-27 10:00:00,156.891,156.891,156.841,156.854,819
2024-05-27 11:00:00,156.853,156.887,156.816,156.875,751
2024-05-27 12:00:00,156.875,156.891,156.814,156.816,1392
2024-05-27 13:00:00,156.816,156.83,156.755,156.814,1168
2024-05-27 14:00:00,156.813,156.828,156.718,156.718,746
2024-05-27 15:00:00,156.721,156.869,156.702,156.863,935
2024-05-27 16:00:00,156.862,156.909,156.852,156.894,653
2024-05-27 17:00:00,156.894,156.907,156.863,156.865,333
2024-05-27 18:00:00,156.865,156.874,156.841,156.865,413
2024-05-27 19:00:00,156.863,156.876,156.84,156.863,327
2024-05-27 20:00:00,156.852,156.906,156.804,156.851,631
2024-05-27 21:00:00,156.747,156.87,156.719,156.869,587
2024-05-27 22:00:00,156.855,156.917,156.8,156.882,515
2024-05-27 23:00:00,156.917,156.942,156.831,156.834,676
2024-05-28 00:00:00,156.834,156.895,156.775,156.89,2076
2024-05-28 01:00:00,156.891,156.926,156.729,156.777,1614
2024-05-28 02:00:00,156.777,156.793,156.684,156.749,1347
2024-05-28 03:00:00,156.746,156.765,156.619,156.652,1302
2024-05-28 04:00:00,156.652,156.716,156.615,156.683,1010
2024-05-28 05:00:00,156.681,156.868,156.651,156.83,1425
2024-05-28 06:00:00,156.831,156.891,156.783,156.878,1714
2024-05-28 07:00:00,156.877,156.92,156.842,156.887,1604
2024-05-28 08:00:00,156.888,156.95,156.851,156.865,1440
2024-05-28 09:00:00,156.865,156.99,156.863,156.936,1499
2024-05-28 10:00:00,156.94,156.943,156.816,156.861,1139
2024-05-28 11:00:00,156.861,156.885,156.766,156.795,1370
2024-05-28 12:00:00,156.795,156.795,156.652,156.673,2594
2024-05-28 13:00:00,156.675,156.841,156.573,156.811,2752
2024-05-28 14:00:00,156.814,156.955,156.814,156.864,2711
2024-05-28 15:00:00,156.864,156.953,156.828,156.9,1615
2024-05-28 16:00:00,156.901,156.996,156.87,156.964,1206
2024-05-28 17:00:00,156.964,157.123,156.959,157.089,1768
2024-05-28 18:00:00,157.092,157.152,157.082,157.148,1397
2024-05-28 19:00:00,157.148,157.152,157.1,157.117,911
2024-05-28 20:00:00,157.107,157.177,157.097,157.111,509
2024-05-28 21:00:00,157.125,157.147,157.009,157.14,358
2024-05-28 22:00:00,157.12,157.219,157.081,157.175,793
2024-05-28 23:00:00,157.21,157.285,157.208,157.267,1028
2024-05-29 00:00:00,157.268,157.403,157.256,157.37,1873
2024-05-29 01:00:00,157.369,157.381,157.219,157.242,1627
2024-05-29 02:00:00,157.242,157.304,157.203,157.287,1232
2024-05-29 03:00:00,157.287,157.332,157.264,157.309,982
2024-05-29 04:00:00,157.308,157.342,157.224,157.252,830
2024-05-29 05:00:00,157.252,157.265,157.199,157.217,1039
2024-05-29 06:00:00,157.221,157.229,156.889,157.093,3702
2024-05-29 07:00:00,157.095,157.148,157.013,157.146,2078
2024-05-29 08:00:00,157.146,157.186,157.061,157.095,2293
2024-05-29 09:00:00,157.095,157.17,157.089,157.152,1460
2024-05-29 10:00:00,157.153,157.279,157.153,157.228,1467
2024-05-29 11:00:00,157.229,157.29,157.191,157.265,1434
2024-05-29 12:00:00,157.265,157.29,157.152,157.193,2238
2024-05-29 13:00:00,157.191,157.383,157.159,157.336,2189
2024-05-29 14:00:00,157.336,157.493,157.305,157.491,2240
2024-05-29 15:00:00,157.489,157.636,157.43,157.621,2482
2024-05-29 16:00:00,157.624,157.702,157.608,157.678,1439
2024-05-29 17:00:00,157.679,157.704,157.62,157.632,1565
2024-05-29 18:00:00,157.632,157.678,157.62,157.664,852
2024-05-29 19:00:00,157.665,157.697,157.636,157.661,882
2024-05-29 20:00:00,157.646,157.683,157.421,157.44,543
2024-05-29 21:00:00,157.453,157.617,157.376,157.583,613
2024-05-29 22:00:00,157.568,157.643,157.522,157.6,688
2024-05-29 23:00:00,157.635,157.663,157.589,157.625,1244
2024-05-30 00:00:00,157.623,157.623,157.301,157.362,3399
2024-05-30 01:00:00,157.365,157.453,157.345,157.448,2437
2024-05-30 02:00:00,157.45,157.45,157.302,157.337,1224
2024-05-30 03:00:00,157.337,157.424,157.257,157.374,1496
2024-05-30 04:00:00,157.374,157.379,157.121,157.179,1961
2024-05-30 05:00:00,157.181,157.223,156.899,156.961,3307
2024-05-30 06:00:00,156.958,156.969,156.694,156.739,4551
2024-05-30 07:00:00,156.74,157.004,156.53,156.963,4019
2024-05-30 08:00:00,156.965,157.109,156.902,156.942,3330
2024-05-30 09:00:00,156.94,156.976,156.839,156.914,2276
2024-05-30 10:00:00,156.914,157.085,156.912,156.92,1870
2024-05-30 11:00:00,156.92,156.92,156.674,156.727,2404
2024-05-30 12:00:00,156.728,156.85,156.561,156.64,4497
2024-05-30 13:00:00,156.641,156.763,156.366,156.725,5333
2024-05-30 14:00:00,156.723,156.842,156.529,156.588,3983
2024-05-30 15:00:00,156.588,156.701,156.574,156.637,2396
2024-05-30 16:00:00,156.635,156.729,156.632,156.691,1542
2024-05-30 17:00:00,156.693,156.751,156.661,156.743,1100
2024-05-30 18:00:00,156.745,156.827,156.745,156.82,1051
2024-05-30 19:00:00,156.823,156.853,156.792,156.815,1313
2024-05-30 20:00:00,156.796,156.859,156.734,156.735,693
2024-05-30 21:00:00,156.776,156.796,156.658,156.767,587
2024-05-30 22:00:00,156.753,156.81,156.683,156.763,821
2024-05-30 23:00:00,156.796,156.992,156.785,156.985,1339
2024-05-31 00:00:00,156.983,157.022,156.597,156.734,3522
2024-05-31 01:00:00,156.737,156.925,156.633,156.675,3612
2024-05-31 02:00:00,156.677,156.823,156.568,156.806,2401
2024-05-31 03:00:00,156.807,156.874,156.718,156.799,2184
2024-05-31 04:00:00,156.799,156.847,156.669,156.701,1608
2024-05-31 05:00:00,156.701,156.829,156.687,156.799,1911
2024-05-31 06:00:00,156.796,156.955,156.781,156.924,2527
2024-05-31 07:00:00,156.922,157.149,156.922,157.139,2843
2024-05-31 08:00:00,157.141,157.327,157.057,157.293,2920
2024-05-31 09:00:00,157.295,157.345,157.237,157.325,1974
2024-05-31 10:00:00,157.324,157.362,157.209,157.234,1706
2024-05-31 11:00:00,157.237,157.238,157.123,157.164,1551
2024-05-31 12:00:00,157.164,157.185,156.743,156.854,4857
2024-05-31 13:00:00,156.855,156.952,156.672,156.69,3949
2024-05-31 14:00:00,156.688,157.161,156.552,157.153,5092
2024-05-31 15:00:00,157.155,157.275,157.073,157.186,4333
2024-05-31 16:00:00,157.187,157.24,157.144,157.177,1836
2024-05-31 17:00:00,157.177,157.246,157.177,157.213,1348
2024-05-31 18:00:00,157.213,157.269,157.168,157.263,1311
2024-05-31 19:00:00,157.262,157.344,157.222,157.24,1378
2024-05-31 20:00:00,157.209,157.309,157.179,157.228,1043
2024-06-02 21:00:00,157.077,157.234,157.005,157.184,759
2024-06-02 22:00:00,157.181,157.291,157.134,157.251,1381
2024-06-02 23:00:00,157.289,157.297,157.124,157.178,1101
2024-06-03 00:00:00,157.178,157.305,157.043,157.085,2702
2024-06-03 01:00:00,157.082,157.144,156.99,157.055,2202
2024-06-03 02:00:00,157.056,157.25,157.047,157.23,1478
2024-06-03 03:00:00,157.228,157.469,157.2,157.416,1954
2024-06-03 04:00:00,157.414,157.445,157.367,157.409,1276
2024-06-03 05:00:00,157.409,157.458,157.359,157.406,1281
2024-06-03 06:00:00,157.406,157.409,157.236,157.251,2035
2024-06-03 07:00:00,157.249,157.291,157.107,157.133,2302
2024-06-03 08:00:00,157.134,157.138,157.0,157.054,2610
2024-06-03 09:00:00,157.052,157.142,157.022,157.068,1976
2024-06-03 10:00:00,157.068,157.07,156.73,156.737,2184
2024-06-03 11:00:00,156.739,156.877,156.63,156.855,2788
2024-06-03 12:00:00,156.851,156.935,156.684,156.775,2955
2024-06-03 13:00:00,156.777,156.831,156.633,156.667,3059
2024-06-03 14:00:00,156.657,156.657,156.124,156.196,7790
2024-06-03 15:00:00,156.198,156.236,155.944,156.035,3898
2024-06-03 16:00:00,156.035,156.157,156.015,156.062,2116
2024-06-03 17:00:00,156.062,156.181,156.032,156.179,1593
2024-06-03 18:00:00,156.179,156.266,156.172,156.219,1952
2024-06-03 19:00:00,156.218,156.282,156.199,156.21,1156
2024-06-03 20:00:00,156.196,156.222,155.976,156.002,1045
2024-06-03 21:00:00,156.017,156.089,155.989,156.071,413
2024-06-03 22:00:00,156.067,156.129,156.005,156.128,739
2024-06-03 23:00:00,156.152,156.235,155.987,156.089,1417
2024-06-04 00:00:00,156.089,156.401,155.977,156.384,3593
2024-06-04 01:00:00,156.384,156.482,156.309,156.458,2325
2024-06-04 02:00:00,156.457,156.459,156.314,156.37,1983
2024-06-04 03:00:00,156.37,156.423,156.305,156.384,1344
2024-06-04 04:00:00,156.384,156.413,156.246,156.295,1018
2024-06-04 05:00:00,156.295,156.3,156.089,156.194,1692
2024-06-04 06:00:00,156.195,156.205,155.796,155.947,4450
2024-06-04 07:00:00,155.948,155.956,155.356,155.387,5793
2024-06-04 08:00:00,155.383,155.466,155.206,155.3,5206
2024-06-04 09:00:00,155.301,155.372,155.029,155.146,6852
2024-06-04 10:00:00,155.149,155.191,154.698,154.926,5558
2024-06-04 11:00:00,154.928,155.227,154.85,154.867,4687
2024-06-04 12:00:00,154.865,155.137,154.718,155.115,6044
2024-06-04 13:00:00,155.117,155.201,154.799,154.879,5743
2024-06-04 14:00:00,154.872,155.248,154.546,154.876,7620
2024-06-04 15:00:00,154.88,155.021,154.753,154.869,4136
2024-06-04 16:00:00,154.867,154.867,154.741,154.779,2752
2024-06-04 17:00:00,154.779,154.823,154.544,154.596,2385
2024-06-04 18:00:00,154.596,154.744,154.591,154.703,1805
2024-06-04 19:00:00,154.703,154.783,154.698,154.744,1202
2024-06-04 20:00:00,154.721,154.883,154.706,154.83,725
2024-06-04 21:00:00,154.872,154.872,154.686,154.787,562
2024-06-04 22:00:00,154.782,154.834,154.745,154.828,512
2024-06-04 23:00:00,154.852,155.177,154.818,155.113,1910
2024-06-05 00:00:00,155.113,155.436,155.091,155.221,5000
2024-06-05 01:00:00,155.223,155.391,155.214,155.357,3301
2024-06-05 02:00:00,155.357,155.481,155.356,155.473,1906
2024-06-05 03:00:00,155.473,155.589,155.355,155.484,2204
2024-06-05 04:00:00,155.486,155.611,155.438,155.579,1676
2024-06-05 05:00:00,155.578,155.704,155.531,155.639,2588
2024-06-05 06:00:00,155.636,155.917,155.613,155.892,2733
2024-06-05 07:00:00,155.894,156.183,155.855,156.135,4023
2024-06-05 08:00:00,156.139,156.295,156.076,156.241,2893
2024-06-05 09:00:00,156.242,156.298,156.024,156.036,2795
2024-06-05 10:00:00,156.038,156.164,155.954,156.065,1999
2024-06-05 11:00:00,156.065,156.208,156.019,156.14,1781
2024-06-05 12:00:00,156.142,156.193,155.932,156.091,4192
2024-06-05 13:00:00,156.088,156.173,155.717,155.75,5143
2024-06-05 14:00:00,155.793,156.481,155.758,156.311,7063
2024-06-05 15:00:00,156.309,156.309,156.074,156.205,3850
2024-06-05 16:00:00,156.205,156.241,156.094,156.117,2659
2024-06-05 17:00:00,156.115,156.149,156.066,156.1,1524
2024-06-05 18:00:00,156.1,156.157,156.066,156.093,1225
2024-06-05 19:00:00,156.094,156.129,156.055,156.065,975
2024-06-05 20:00:00,156.069,156.14,155.882,155.887,742
2024-06-05 21:00:00,155.886,156.055,155.791,156.045,558
2024-06-05 22:00:00,156.03,156.081,155.823,155.858,1125
2024-06-05 23:00:00,155.882,156.015,155.798,155.912,2017
2024-06-06 00:00:00,155.909,155.923,155.589,155.645,3111
2024-06-06 01:00:00,155.647,155.722,155.348,155.641,4040
2024-06-06 02:00:00,155.641,155.701,155.422,155.646,2640
2024-06-06 03:00:00,155.645,155.685,155.526,155.566,1880
2024-06-06 04:00:00,155.566,155.941,155.557,155.73,2693
2024-06-06 05:00:00,155.728,155.955,155.707,155.903,2699
2024-06-06 06:00:00,155.903,156.178,155.806,156.056,3555
2024-06-06 07:00:00,156.058,156.305,156.023,156.274,2754
2024-06-06 08:00:00,156.271,156.375,156.114,156.158,2267
2024-06-06 09:00:00,156.159,156.206,155.905,155.966,2104
2024-06-06 10:00:00,155.964,156.097,155.889,156.031,2178
2024-06-06 11:00:00,156.033,156.23,156.025,156.188,1712
2024-06-06 12:00:00,156.185,156.336,155.886,156.278,4722
2024-06-06 13:00:00,156.274,156.443,155.903,156.133,5647
2024-06-06 14:00:00,156.132,156.339,155.997,156.025,3642
2024-06-06 15:00:00,156.026,156.087,155.929,155.979,3119
2024-06-06 16:00:00,155.975,156.065,155.768,155.794,2462
2024-06-06 17:00:00,155.798,155.864,155.707,155.757,1741
2024-06-06 18:00:00,155.759,155.785,155.647,155.672,1340
2024-06-06 19:00:00,155.672,155.737,155.467,155.587,2740
2024-06-06 20:00:00,155.559,155.64,155.496,155.522,1082
2024-06-06 21:00:00,155.533,155.618,155.468,155.593,697
2024-06-06 22:00:00,155.58,155.589,155.503,155.589,668
2024-06-06 23:00:00,155.613,155.714,155.577,155.675,1104
2024-06-07 00:00:00,155.676,155.848,155.574,155.769,2919
2024-06-07 01:00:00,155.77,155.933,155.657,155.678,3140
2024-06-07 02:00:00,155.679,155.84,155.667,155.808,1467
2024-06-07 03:00:00,155.809,155.82,155.73,155.748,1289
2024-06-07 04:00:00,155.748,155.758,155.49,155.574,1511
2024-06-07 05:00:00,155.574,155.695,155.439,155.508,1935
2024-06-07 06:00:00,155.512,155.531,155.127,155.356,4616
2024-06-07 07:00:00,155.353,155.433,155.114,155.413,3623
2024-06-07 08:00:00,155.416,155.561,155.307,155.352,3188
2024-06-07 09:00:00,155.352,155.491,155.323,155.479,2172
2024-06-07 10:00:00,155.479,155.595,155.447,155.569,1618
2024-06-07 11:00:00,155.567,155.635,155.424,155.586,2482
2024-06-07 12:00:00,155.586,156.875,155.427,156.773,9258
2024-06-07 13:00:00,156.773,156.976,156.617,156.953,6397
2024-06-07 14:00:00,156.953,157.07,156.776,156.863,5248
2024-06-07 15:00:00,156.86,156.884,156.42,156.594,5094
2024-06-07 16:00:00,156.591,156.683,156.51,156.66,3217
2024-06-07 17:00:00,156.661,156.734,156.566,156.603,2063
2024-06-07 18:00:00,156.603,156.689,156.561,156.633,1634
2024-06-07 19:00:00,156.633,156.76,156.616,156.727,1606
2024-06-07 20:00:00,156.7,156.741,156.628,156.724,1086
2024-06-09 21:00:00,156.611,156.762,156.551,156.718,974
2024-06-09 22:00:00,156.702,156.899,156.631,156.859,1658
2024-06-09 23:00:00,156.894,156.91,156.799,156.82,1612
2024-06-10 00:00:00,156.819,156.962,156.715,156.837,3050
2024-06-10 01:00:00,156.837,156.975,156.771,156.898,2457
2024-06-10 02:00:00,156.896,156.99,156.883,156.974,1551
2024-06-10 03:00:00,156.974,157.188,156.965,157.148,2218
2024-06-10 04:00:00,157.148,157.177,157.018,157.119,2048
2024-06-10 05:00:00,157.117,157.166,157.022,157.065,1843
2024-06-10 06:00:00,157.063,157.18,157.002,157.1,2675
2024-06-10 07:00:00,157.1,157.1,156.926,156.995,3058
2024-06-10 08:00:00,156.996,157.035,156.872,156.953,2669
2024-06-10 09:00:00,156.955,156.964,156.78,156.89,2659
2024-06-10 10:00:00,156.891,156.905,156.739,156.823,2399
2024-06-10 11:00:00,156.824,156.962,156.812,156.877,1770
2024-06-10 12:00:00,156.878,157.004,156.794,156.972,2637
2024-06-10 13:00:00,156.973,156.992,156.812,156.895,3033
2024-06-10 14:00:00,156.894,156.942,156.828,156.898,2114
2024-06-10 15:00:00,156.897,156.968,156.88,156.933,1466
2024-06-10 16:00:00,156.933,156.998,156.905,156.988,1368
2024-06-10 17:00:00,156.988,157.062,156.948,156.999,1745
2024-06-10 18:00:00,156.998,157.087,156.979,157.075,1138
2024-06-10 19:00:00,157.073,157.093,156.983,156.984,785
2024-06-10 20:00:00,156.972,157.036,156.937,156.975,619
2024-06-10 21:00:00,157.0,157.018,156.853,156.985,376
2024-06-10 22:00:00,156.977,157.005,156.887,157.002,1375
2024-06-10 23:00:00,157.031,157.068,157.015,157.04,589
2024-06-11 00:00:00,157.039,157.261,157.028,157.21,2287
2024-06-11 01:00:00,157.21,157.235,157.126,157.216,1618
2024-06-11 02:00:00,157.217,157.285,157.181,157.285,1101
2024-06-11 03:00:00,157.285,157.329,157.192,157.216,1294
2024-06-11 04:00:00,157.215,157.285,157.197,157.26,1037
2024-06-11 05:00:00,157.26,157.298,157.141,157.271,1584
2024-06-11 06:00:00,157.274,157.323,157.204,157.273,1931
2024-06-11 07:00:00,157.275,157.363,157.242,157.336,1804
2024-06-11 08:00:00,157.335,157.39,157.192,157.217,1559
2024-06-11 09:00:00,157.22,157.283,157.138,157.242,2597
2024-06-11 10:00:00,157.241,157.242,157.082,157.093,2050
2024-06-11 11:00:00,157.091,157.174,157.046,157.095,2360
2024-06-11 12:00:00,157.093,157.108,156.801,156.884,3758
2024-06-11 13:00:00,156.885,157.158,156.885,157.131,3280
2024-06-11 14:00:00,157.135,157.332,157.099,157.315,3116
2024-06-11 15:00:00,157.312,157.381,157.248,157.32,1942
2024-06-11 16:00:00,157.318,157.4,157.295,157.376,1258
2024-06-11 17:00:00,157.376,157.376,157.1,157.117,2277
2024-06-11 18:00:00,157.117,157.126,157.01,157.01,1494
2024-06-11 19:00:00,157.013,157.071,156.932,157.07,1431
2024-06-11 20:00:00,157.018,157.118,157.017,157.041,826
2024-06-11 21:00:00,157.008,157.114,156.965,157.112,488
2024-06-11 22:00:00,157.1,157.118,157.01,157.115,573
2024-06-11 23:00:00,157.14,157.175,157.051,157.105,814
2024-06-12 00:00:00,157.103,157.212,157.062,157.178,2580
2024-06-12 01:00:00,157.179,157.24,157.039,157.132,2346
2024-06-12 02:00:00,157.132,157.184,157.091,157.18,1123
2024-06-12 03:00:00,157.181,157.211,157.158,157.175,944
2024-06-12 04:00:00,157.175,157.248,157.125,157.237,864
2024-06-12 05:00:00,157.237,157.282,157.189,157.239,1027
2024-06-12 06:00:00,157.241,157.291,157.184,157.283,1864
2024-06-12 07:00:00,157.282,157.351,157.248,157.263,1615
2024-06-12 08:00:00,157.263,157.313,157.249,157.297,1149
2024-06-12 09:00:00,157.298,157.324,157.248,157.313,1019
2024-06-12 10:00:00,157.31,157.368,157.297,157.321,1225
2024-06-12 11:00:00,157.321,157.363,157.299,157.328,1293
2024-06-12 12:00:00,157.328,157.347,156.06,156.156,8754
2024-06-12 13:00:00,156.159,156.172,155.769,155.772,8889
2024-06-12 14:00:00,155.776,156.11,155.716,155.778,6463
2024-06-12 15:00:00,155.774,155.88,155.733,155.879,3871
2024-06-12 16:00:00,155.878,155.904,155.714,155.794,2524
2024-06-12 17:00:00,155.794,155.985,155.755,155.907,2748
2024-06-12 18:00:00,155.896,156.683,155.848,156.596,15410
2024-06-12 19:00:00,156.598,156.871,156.525,156.812,4825
2024-06-12 20:00:00,156.814,156.872,156.435,156.487,1455
2024-06-12 21:00:00,156.512,156.639,156.402,156.555,571
2024-06-12 22:00:00,156.546,156.77,156.515,156.764,1315
2024-06-12 23:00:00,156.799,156.852,156.699,156.799,1874
2024-06-13 00:00:00,156.797,156.903,156.701,156.787,3315
2024-06-13 01:00:00,156.788,156.862,156.69,156.826,2199
2024-06-13 02:00:00,156.826,157.012,156.822,156.991,2424
2024-06-13 03:00:00,156.993,157.055,156.968,157.002,1410
2024-06-13 04:00:00,157.002,157.047,156.988,157.039,1108
2024-06-13 05:00:00,157.039,157.19,157.039,157.078,1810
2024-06-13 06:00:00,157.081,157.251,157.056,157.146,2156
2024-06-13 07:00:00,157.146,157.301,157.114,157.269,2087
2024-06-13 08:00:00,157.267,157.307,157.169,157.252,1900
2024-06-13 09:00:00,157.254,157.28,157.15,157.18,1765
2024-06-13 10:00:00,157.18,157.197,157.118,157.17,1249
2024-06-13 11:00:00,157.169,157.263,157.153,157.206,1397
2024-06-13 12:00:00,157.208,157.256,156.576,157.021,6987
2024-06-13 13:00:00,157.02,157.266,156.958,157.18,5076
2024-06-13 14:00:00,157.177,157.183,156.912,156.938,3890
2024-06-13 15:00:00,156.941,156.996,156.748,156.769,3772
2024-06-13 16:00:00,156.769,156.914,156.686,156.843,3141
2024-06-13 17:00:00,156.843,156.946,156.725,156.932,2639
2024-06-13 18:00:00,156.932,156.979,156.849,156.894,1677
2024-06-13 19:00:00,156.891,157.073,156.888,157.043,1449
2024-06-13 20:00:00,157.022,157.063,156.922,156.95,909
2024-06-13 21:00:00,156.965,157.006,156.881,156.989,438
2024-06-13 22:00:00,156.973,157.049,156.925,157.017,907
2024-06-13 23:00:00,157.075,157.139,157.058,157.121,1340
2024-06-14 00:00:00,157.119,157.233,157.059,157.199,2875
2024-06-14 01:00:00,157.2,157.326,157.18,157.251,1597
2024-06-14 02:00:00,157.254,157.333,157.135,157.323,1672
2024-06-14 03:00:00,157.324,157.976,156.8,157.816,11519
2024-06-14 04:00:00,157.816,157.956,157.78,157.94,2977
2024-06-14 05:00:00,157.939,158.187,157.838,158.141,2837
2024-06-14 06:00:00,158.144,158.252,157.622,157.955,8945
2024-06-14 07:00:00,157.958,158.214,157.645,157.669,9787
2024-06-14 08:00:00,157.671,157.785,157.264,157.491,8055
2024-06-14 09:00:00,157.488,157.527,156.917,157.095,8293
2024-06-14 10:00:00,157.091,157.157,156.877,156.954,8639
2024-06-14 11:00:00,156.954,157.303,156.947,157.061,5176
2024-06-14 12:00:00,157.06,157.429,156.947,157.245,7252
2024-06-14 13:00:00,157.243,157.369,157.104,157.263,6689
2024-06-14 14:00:00,157.268,157.491,157.028,157.374,6653
2024-06-14 15:00:00,157.371,157.449,157.145,157.282,3735
2024-06-14 16:00:00,157.281,157.348,157.255,157.312,2098
2024-06-14 17:00:00,157.311,157.343,157.219,157.311,1849
2024-06-14 18:00:00,157.31,157.338,157.268,157.271,1275
2024-06-14 19:00:00,157.271,157.326,157.268,157.278,1040
2024-06-14 20:00:00,157.258,157.419,157.229,157.35,1147
2024-06-16 21:00:00,157.339,157.397,157.089,157.325,774
2024-06-16 22:00:00,157.289,157.496,157.289,157.483,1457
2024-06-16 23:00:00,157.514,157.659,157.487,157.553,1499
2024-06-17 00:00:00,157.553,157.558,157.286,157.448,3630
2024-06-17 01:00:00,157.447,157.512,157.372,157.483,1807
2024-06-17 02:00:00,157.483,157.525,157.433,157.44,1226
2024-06-17 03:00:00,157.44,157.509,157.325,157.364,1110
2024-06-17 04:00:00,157.364,157.406,157.326,157.379,1025
2024-06-17 05:00:00,157.381,157.518,157.381,157.446,1431
2024-06-17 06:00:00,157.444,157.475,157.151,157.348,4313
2024-06-17 07:00:00,157.349,157.555,157.279,157.547,2976
2024-06-17 08:00:00,157.548,157.684,157.535,157.645,2468
2024-06-17 09:00:00,157.645,157.697,157.593,157.651,1805
2024-06-17 10:00:00,157.652,157.676,157.541,157.628,1677
2024-06-17 11:00:00,157.627,157.863,157.618,157.842,2048
2024-06-17 12:00:00,157.84,157.936,157.791,157.891,2487
2024-06-17 13:00:00,157.889,157.932,157.782,157.885,2604
2024-06-17 14:00:00,157.885,157.955,157.825,157.85,2378
2024-06-17 15:00:00,157.849,157.887,157.778,157.806,2095
2024-06-17 16:00:00,157.804,157.811,157.724,157.78,1331
2024-06-17 17:00:00,157.78,157.789,157.725,157.744,1273
2024-06-17 18:00:00,157.744,157.746,157.676,157.701,902
2024-06-17 19:00:00,157.699,157.753,157.689,157.713,949
2024-06-17 20:00:00,157.69,157.716,157.651,157.67,460
2024-06-17 21:00:00,157.683,157.72,157.57,157.718,448
2024-06-17 22:00:00,157.705,157.705,157.577,157.677,515
2024-06-17 23:00:00,157.704,157.731,157.629,157.692,856
2024-06-18 00:00:00,157.692,157.726,157.602,157.676,2252
2024-06-18 01:00:00,157.676,157.704,157.511,157.585,2268
2024-06-18 02:00:00,157.586,157.661,157.55,157.646,1547
2024-06-18 03:00:00,157.648,157.653,157.579,157.636,1043
2024-06-18 04:00:00,157.635,157.729,157.575,157.711,1321
2024-06-18 05:00:00,157.713,157.856,157.663,157.834,1570
2024-06-18 06:00:00,157.834,157.984,157.815,157.959,1955
2024-06-18 07:00:00,157.959,158.129,157.921,158.122,2190
2024-06-18 08:00:00,158.122,158.225,158.068,158.144,2172
2024-06-18 09:00:00,158.145,158.153,157.991,158.095,2190
2024-06-18 10:00:00,158.095,158.151,158.064,158.1,1341
2024-06-18 11:00:00,158.099,158.145,158.021,158.078,1451
2024-06-18 12:00:00,158.077,158.123,157.621,157.829,5139
2024-06-18 13:00:00,157.826,157.892,157.658,157.796,4283
2024-06-18 14:00:00,157.794,158.002,157.756,157.965,3503
2024-06-18 15:00:00,157.964,157.998,157.742,157.812,2762
2024-06-18 16:00:00,157.812,157.838,157.695,157.707,1662
2024-06-18 17:00:00,157.708,157.87,157.638,157.85,2407
2024-06-18 18:00:00,157.85,157.895,157.765,157.794,1154
2024-06-18 19:00:00,157.79,157.852,157.745,157.842,1200
2024-06-18 20:00:00,157.795,157.851,157.766,157.773,567
2024-06-18 21:00:00,157.801,157.841,157.77,157.822,435
2024-06-18 22:00:00,157.805,157.853,157.755,157.825,573
2024-06-18 23:00:00,157.856,157.861,157.806,157.861,710
2024-06-19 00:00:00,157.862,157.92,157.846,157.875,1496
2024-06-19 01:00:00,157.876,157.887,157.72,157.76,1589
2024-06-19 02:00:00,157.76,157.828,157.727,157.824,1023
2024-06-19 03:00:00,157.825,157.863,157.8,157.85,739
2024-06-19 04:00:00,157.85,157.866,157.81,157.845,692
2024-06-19 05:00:00,157.846,157.859,157.77,157.784,840
2024-06-19 06:00:00,157.786,157.832,157.64,157.662,1720
2024-06-19 07:00:00,157.664,157.769,157.598,157.74,2171
2024-06-19 08:00:00,157.741,157.797,157.73,157.794,1108
2024-06-19 09:00:00,157.794,157.86,157.785,157.846,956
2024-06-19 10:00:00,157.846,157.904,157.814,157.829,1153
2024-06-19 11:00:00,157.829,157.904,157.829,157.898,918
2024-06-19 12:00:00,157.898,157.945,157.87,157.878,1218
2024-06-19 13:00:00,157.878,157.904,157.868,157.884,933
2024-06-19 14:00:00,157.884,157.906,157.861,157.892,668
2024-06-19 15:00:00,157.892,157.941,157.884,157.927,610
2024-06-19 16:00:00,157.927,157.944,157.89,157.929,343
2024-06-19 17:00:00,157.929,157.954,157.916,157.936,305
2024-06-19 18:00:00,157.937,158.02,157.936,158.017,329
2024-06-19 19:00:00,158.013,158.042,157.979,157.99,355
2024-06-19 20:00:00,157.979,158.066,157.814,157.863,657
2024-06-19 21:00:00,157.85,158.024,157.779,157.992,684
2024-06-19 22:00:00,157.977,158.025,157.913,157.962,815
2024-06-19 23:00:00,157.998,158.026,157.918,157.951,851
2024-06-20 00:00:00,157.95,158.086,157.95,158.025,1706
2024-06-20 01:00:00,158.026,158.113,157.969,158.049,1584
2024-06-20 02:00:00,158.049,158.096,158.043,158.072,784
2024-06-20 03:00:00,158.074,158.135,158.059,158.077,820
2024-06-20 04:00:00,158.077,158.156,158.075,158.139,898
2024-06-20 05:00:00,158.14,158.188,158.072,158.089,1032
2024-06-20 06:00:00,158.094,158.186,158.062,158.12,1615
2024-06-20 07:00:00,158.119,158.276,158.048,158.269,2511
2024-06-20 08:00:00,158.268,158.462,158.267,158.431,2836
2024-06-20 09:00:00,158.432,158.459,158.366,158.449,1478
2024-06-20 10:00:00,158.449,158.466,158.384,158.418,1153
2024-06-20 11:00:00,158.416,158.443,158.367,158.427,1611
2024-06-20 12:00:00,158.427,158.546,158.242,158.542,3190
2024-06-20 13:00:00,158.538,158.723,158.49,158.704,2790
2024-06-20 14:00:00,158.703,158.741,158.63,158.722,2236
2024-06-20 15:00:00,158.721,158.777,158.664,158.769,1572
2024-06-20 16:00:00,158.769,158.906,158.743,158.856,1309
2024-06-20 17:00:00,158.854,158.902,158.818,158.881,1205
2024-06-20 18:00:00,158.883,158.892,158.692,158.794,1352
2024-06-20 19:00:00,158.795,158.908,158.794,158.891,1000
2024-06-20 20:00:00,158.869,158.912,158.814,158.847,726
2024-06-20 21:00:00,158.875,158.907,158.807,158.87,356
2024-06-20 22:00:00,158.861,158.896,158.815,158.852,693
2024-06-20 23:00:00,158.892,158.947,158.816,158.932,1288
2024-06-21 00:00:00,158.931,159.122,158.895,159.099,1737
2024-06-21 01:00:00,159.099,159.109,158.9,158.958,2374
2024-06-21 02:00:00,158.957,158.98,158.821,158.952,1378
2024-06-21 03:00:00,158.951,158.958,158.868,158.882,774
2024-06-21 04:00:00,158.882,158.91,158.863,158.881,520
2024-06-21 05:00:00,158.88,158.964,158.812,158.945,1008
2024-06-21 06:00:00,158.945,158.995,158.908,158.957,1753
2024-06-21 07:00:00,158.957,158.996,158.664,158.772,3372
2024-06-21 08:00:00,158.769,158.853,158.672,158.824,2274
2024-06-21 09:00:00,158.824,158.904,158.775,158.897,1626
2024-06-21 10:00:00,158.898,159.013,158.88,158.998,1449
2024-06-21 11:00:00,158.999,159.011,158.892,158.897,1172
2024-06-21 12:00:00,158.895,158.995,158.847,158.926,1927
2024-06-21 13:00:00,158.925,159.208,158.918,159.145,3142
2024-06-21 14:00:00,159.144,159.599,159.129,159.571,3620
2024-06-21 15:00:00,159.572,159.622,159.392,159.445,3468
2024-06-21 16:00:00,159.448,159.499,159.41,159.474,1698
2024-06-21 17:00:00,159.473,159.588,159.446,159.574,1469
2024-06-21 18:00:00,159.574,159.599,159.519,159.534,1067
2024-06-21 19:00:00,159.534,159.598,159.522,159.588,991
2024-06-21 20:00:00,159.554,159.799,159.514,159.771,1107
2024-06-23 21:00:00,159.694,159.742,159.488,159.658,734
2024-06-23 22:00:00,159.668,159.745,159.596,159.665,1574
2024-06-23 23:00:00,159.708,159.903,159.68,159.893,1515
2024-06-24 00:00:00,159.893,159.926,159.773,159.794,2325
2024-06-24 01:00:00,159.795,159.834,159.64,159.688,2724
2024-06-24 02:00:00,159.688,159.738,159.635,159.701,1291
2024-06-24 03:00:00,159.701,159.741,159.615,159.695,1057
2024-06-24 04:00:00,159.695,159.762,159.679,159.748,1377
2024-06-24 05:00:00,159.748,159.813,159.705,159.714,1081
2024-06-24 06:00:00,159.713,159.763,159.663,159.673,1752
2024-06-24 07:00:00,159.671,159.731,159.643,159.686,1783
2024-06-24 08:00:00,159.686,159.782,159.661,159.781,1659
2024-06-24 09:00:00,159.781,159.804,159.584,159.639,2333
2024-06-24 10:00:00,159.639,159.644,158.738,159.502,11738
2024-06-24 11:00:00,159.502,159.569,159.34,159.459,2454
2024-06-24 12:00:00,159.461,159.55,159.336,159.389,2883
2024-06-24 13:00:00,159.392,159.505,159.319,159.442,3471
2024-06-24 14:00:00,159.441,159.732,159.369,159.716,3275
2024-06-24 15:00:00,159.714,159.752,159.628,159.705,1930
2024-06-24 16:00:00,159.705,159.752,159.633,159.725,1162
2024-06-24 17:00:00,159.725,159.731,159.678,159.704,970
2024-06-24 18:00:00,159.703,159.705,159.535,159.629,1159
2024-06-24 19:00:00,159.631,159.715,159.615,159.625,1104
2024-06-24 20:00:00,159.61,159.628,159.497,159.569,862
2024-06-24 21:00:00,159.53,159.607,159.503,159.588,531
2024-06-24 22:00:00,159.569,159.616,159.506,159.616,1239
2024-06-24 23:00:00,159.641,159.7,159.614,159.695,1090
2024-06-25 00:00:00,159.695,159.696,159.332,159.388,2759
2024-06-25 01:00:00,159.39,159.499,159.183,159.393,4458
2024-06-25 02:00:00,159.394,159.442,159.305,159.325,1931
2024-06-25 03:00:00,159.324,159.494,159.322,159.476,1368
2024-06-25 04:00:00,159.477,159.505,159.407,159.424,1264
2024-06-25 05:00:00,159.426,159.452,159.267,159.449,1609
2024-06-25 06:00:00,159.451,159.501,159.376,159.471,1710
2024-06-25 07:00:00,159.472,159.546,159.366,159.481,2368
2024-06-25 08:00:00,159.482,159.514,159.415,159.47,1928
2024-06-25 09:00:00,159.472,159.515,159.418,159.437,1429
2024-06-25 10:00:00,159.437,159.437,159.287,159.424,1936
2024-06-25 11:00:00,159.425,159.476,159.413,159.456,1215
2024-06-25 12:00:00,159.455,159.667,159.424,159.66,2027
2024-06-25 13:00:00,159.66,159.699,159.56,159.636,2342
2024-06-25 14:00:00,159.632,159.72,159.582,159.687,2426
2024-06-25 15:00:00,159.686,159.751,159.656,159.68,1575
2024-06-25 16:00:00,159.679,159.742,159.67,159.739,1027
2024-06-25 17:00:00,159.74,159.741,159.648,159.724,1189
2024-06-25 18:00:00,159.726,159.726,159.662,159.667,937
2024-06-25 19:00:00,159.667,159.667,159.596,159.604,1172
2024-06-25 20:00:00,159.586,159.675,159.559,159.605,573
2024-06-25 21:00:00,159.63,159.664,159.529,159.634,430
2024-06-25 22:00:00,159.625,159.639,159.555,159.632,820
2024-06-25 23:00:00,159.667,159.704,159.616,159.697,902
2024-06-26 00:00:00,159.699,159.758,159.661,159.715,1642
2024-06-26 01:00:00,159.714,159.899,159.687,159.776,1972
2024-06-26 02:00:00,159.777,159.869,159.75,159.83,1465
2024-06-26 03:00:00,159.829,159.869,159.779,159.83,797
2024-06-26 04:00:00,159.83,159.853,159.737,159.748,743
2024-06-26 05:00:00,159.749,159.831,159.748,159.811,978
2024-06-26 06:00:00,159.811,159.846,159.787,159.817,1319
2024-06-26 07:00:00,159.814,159.928,159.81,159.892,1468
2024-06-26 08:00:00,159.892,159.965,159.864,159.951,1063
2024-06-26 09:00:00,159.952,160.056,159.854,159.978,2959
2024-06-26 10:00:00,159.981,160.34,159.981,160.292,3552
2024-06-26 11:00:00,160.294,160.388,160.197,160.299,3837
2024-06-26 12:00:00,160.301,160.382,160.276,160.344,2316
2024-06-26 13:00:00,160.346,160.623,160.008,160.501,8270
2024-06-26 14:00:00,160.504,160.641,160.43,160.603,3725
2024-06-26 15:00:00,160.601,160.819,160.586,160.678,2562
2024-06-26 16:00:00,160.678,160.768,160.599,160.635,2438
2024-06-26 17:00:00,160.634,160.67,160.588,160.63,1609
2024-06-26 18:00:00,160.63,160.735,160.63,160.695,1136
2024-06-26 19:00:00,160.695,160.841,160.681,160.77,1124
2024-06-26 20:00:00,160.775,160.812,160.565,160.584,954
2024-06-26 21:00:00,160.584,160.751,160.475,160.74,629
2024-06-26 22:00:00,160.731,160.731,160.587,160.663,848
2024-06-26 23:00:00,160.694,160.705,160.585,160.627,1387
2024-06-27 00:00:00,160.626,160.704,160.491,160.686,2980
2024-06-27 01:00:00,160.688,160.713,160.39,160.491,2643
2024-06-27 02:00:00,160.494,160.504,160.375,160.454,1828
2024-06-27 03:00:00,160.454,160.484,160.393,160.427,1090
2024-06-27 04:00:00,160.427,160.429,160.298,160.335,1338
2024-06-27 05:00:00,160.335,160.462,160.304,160.398,1592
2024-06-27 06:00:00,160.396,160.491,160.316,160.415,2054
2024-06-27 07:00:00,160.418,160.556,160.383,160.543,2083
2024-06-27 08:00:00,160.543,160.604,160.502,160.55,1413
2024-06-27 09:00:00,160.55,160.566,160.471,160.483,1356
2024-06-27 10:00:00,160.485,160.492,160.389,160.432,1276
2024-06-27 11:00:00,160.433,160.543,160.41,160.542,1553
2024-06-27 12:00:00,160.543,160.545,160.277,160.393,3832
2024-06-27 13:00:00,160.393,160.543,160.353,160.518,2891
2024-06-27 14:00:00,160.518,160.667,160.416,160.586,3222
2024-06-27 15:00:00,160.586,160.722,160.561,160.695,1785
2024-06-27 16:00:00,160.694,160.734,160.673,160.706,822
2024-06-27 17:00:00,160.706,160.724,160.661,160.72,1040
2024-06-27 18:00:00,160.718,160.81,160.703,160.76,909
2024-06-27 19:00:00,160.758,160.815,160.746,160.801,1176
2024-06-27 20:00:00,160.782,160.782,160.678,160.697,623
2024-06-27 21:00:00,160.626,160.745,160.621,160.702,649
2024-06-27 22:00:00,160.703,160.737,160.636,160.679,932
2024-06-27 23:00:00,160.716,160.754,160.632,160.701,1142
2024-06-28 00:00:00,160.7,161.146,160.647,161.119,2744
2024-06-28 01:00:00,161.116,161.282,160.945,161.054,6320
2024-06-28 02:00:00,161.057,161.09,160.836,160.931,3943
2024-06-28 03:00:00,160.931,161.008,160.848,160.981,1845
2024-06-28 04:00:00,160.981,161.127,160.978,161.033,1525
2024-06-28 05:00:00,161.032,161.045,160.895,160.936,1814
2024-06-28 06:00:00,160.939,160.988,160.876,160.93,2030
2024-06-28 07:00:00,160.93,161.053,160.831,160.924,2722
2024-06-28 08:00:00,160.926,160.958,160.853,160.908,2142
2024-06-28 09:00:00,160.907,160.919,160.652,160.683,2360
2024-06-28 10:00:00,160.686,160.735,160.456,160.459,2513
2024-06-28 11:00:00,160.46,160.656,160.431,160.645,2077
2024-06-28 12:00:00,160.645,160.675,160.375,160.507,4302
2024-06-28 13:00:00,160.508,160.51,160.259,160.464,4448
2024-06-28 14:00:00,160.458,160.86,160.38,160.824,5958
2024-06-28 15:00:00,160.822,160.96,160.796,160.877,3633
2024-06-28 16:00:00,160.877,160.886,160.801,160.845,1900
2024-06-28 17:00:00,160.844,160.901,160.754,160.794,1606
2024-06-28 18:00:00,160.794,160.817,160.702,160.801,1637
2024-06-28 19:00:00,160.801,160.881,160.792,160.844,1192
2024-06-28 20:00:00,160.836,160.909,160.781,160.858,1147
2024-06-30 21:00:00,160.646,160.843,160.626,160.813,748
2024-06-30 22:00:00,160.794,160.898,160.722,160.77,1706
2024-06-30 23:00:00,160.814,160.932,160.776,160.921,1080
2024-07-01 00:00:00,160.92,161.183,160.733,160.992,4197
2024-07-01 01:00:00,160.993,161.033,160.838,160.921,3546
2024-07-01 02:00:00,160.922,160.936,160.832,160.893,1319
2024-07-01 03:00:00,160.893,161.071,160.893,161.045,1177
2024-07-01 04:00:00,161.045,161.081,160.97,161.071,1117
2024-07-01 05:00:00,161.074,161.117,160.989,161.033,1450
2024-07-01 06:00:00,161.03,161.048,160.895,160.9,2485
2024-07-01 07:00:00,160.898,161.069,160.865,161.008,2720
2024-07-01 08:00:00,161.011,161.086,160.947,161.003,1691
2024-07-01 09:00:00,161.005,161.071,160.965,161.06,1132
2024-07-01 10:00:00,161.06,161.145,161.027,161.119,1136
2024-07-01 11:00:00,161.12,161.129,161.071,161.097,1037
2024-07-01 12:00:00,161.097,161.389,161.097,161.351,2550
2024-07-01 13:00:00,161.348,161.456,161.27,161.377,2850
2024-07-01 14:00:00,161.352,161.662,160.966,161.65,4829
2024-07-01 15:00:00,161.647,161.725,161.529,161.554,2530
2024-07-01 16:00:00,161.554,161.597,161.47,161.515,1435
2024-07-01 17:00:00,161.516,161.516,161.399,161.493,1337
2024-07-01 18:00:00,161.493,161.564,161.463,161.513,1100
2024-07-01 19:00:00,161.514,161.518,161.442,161.442,1209
2024-07-01 20:00:00,161.422,161.473,161.368,161.37,742
2024-07-01 21:00:00,161.357,161.479,161.298,161.428,690
2024-07-01 22:00:00,161.419,161.466,161.351,161.409,709
2024-07-01 23:00:00,161.434,161.511,161.414,161.506,588
2024-07-02 00:00:00,161.506,161.637,161.498,161.521,2014
2024-07-02 01:00:00,161.521,161.663,161.451,161.632,1884
2024-07-02 02:00:00,161.634,161.635,161.53,161.612,1854
2024-07-02 03:00:00,161.612,161.677,161.611,161.652,779
2024-07-02 04:00:00,161.653,161.741,161.589,161.67,1256
2024-07-02 05:00:00,161.67,161.722,161.62,161.702,1215
2024-07-02 06:00:00,161.7,161.717,161.586,161.67,1909
2024-07-02 07:00:00,161.667,161.715,161.594,161.652,1997
2024-07-02 08:00:00,161.651,161.693,161.554,161.588,1404
2024-07-02 09:00:00,161.586,161.664,161.556,161.661,1302
2024-07-02 10:00:00,161.662,161.687,161.601,161.606,1052
2024-07-02 11:00:00,161.606,161.667,161.586,161.622,942
2024-07-02 12:00:00,161.619,161.619,161.475,161.51,1816
2024-07-02 13:00:00,161.513,161.548,161.263,161.376,3066
2024-07-02 14:00:00,161.373,161.62,161.349,161.435,4084
2024-07-02 15:00:00,161.434,161.557,161.403,161.531,1957
2024-07-02 16:00:00,161.531,161.598,161.529,161.572,829
2024-07-02 17:00:00,161.572,161.584,161.507,161.519,743
2024-07-02 18:00:00,161.521,161.527,161.451,161.487,782
2024-07-02 19:00:00,161.486,161.492,161.418,161.44,741
2024-07-02 20:00:00,161.39,161.453,161.362,161.384,620
2024-07-02 21:00:00,161.407,161.443,161.338,161.419,621
2024-07-02 22:00:00,161.395,161.425,161.326,161.388,825
2024-07-02 23:00:00,161.42,161.519,161.418,161.483,822
2024-07-03 00:00:00,161.484,161.575,161.44,161.557,1857
2024-07-03 01:00:00,161.557,161.641,161.517,161.625,1011
2024-07-03 02:00:00,161.623,161.643,161.563,161.64,846
2024-07-03 03:00:00,161.64,161.652,161.616,161.625,581
2024-07-03 04:00:00,161.625,161.739,161.605,161.709,969
2024-07-03 05:00:00,161.709,161.891,161.693,161.863,1656
2024-07-03 06:00:00,161.86,161.936,161.669,161.807,2170
2024-07-03 07:00:00,161.805,161.898,161.721,161.765,2199
2024-07-03 08:00:00,161.766,161.855,161.755,161.843,1744
2024-07-03 09:00:00,161.843,161.89,161.797,161.863,1093
2024-07-03 10:00:00,161.861,161.946,161.84,161.936,1124
2024-07-03 11:00:00,161.937,161.946,161.89,161.916,1089
2024-07-03 12:00:00,161.915,161.931,161.79,161.818,2235
2024-07-03 13:00:00,161.818,161.828,161.59,161.689,2651
2024-07-03 14:00:00,161.676,161.679,160.765,161.324,10527
2024-07-03 15:00:00,161.326,161.541,161.26,161.477,3978
2024-07-03 16:00:00,161.477,161.571,161.398,161.529,2099
2024-07-03 17:00:00,161.532,161.556,161.487,161.489,900
2024-07-03 18:00:00,161.492,161.702,161.464,161.656,1294
2024-07-03 19:00:00,161.654,161.735,161.635,161.67,967
2024-07-03 20:00:00,161.659,161.728,161.46,161.468,805
2024-07-03 21:00:00,161.466,161.633,161.366,161.546,845
2024-07-03 22:00:00,161.538,161.591,161.494,161.569,488
2024-07-03 23:00:00,161.599,161.669,161.571,161.586,913
2024-07-04 00:00:00,161.583,161.602,161.376,161.438,2494
2024-07-04 01:00:00,161.44,161.463,161.132,161.364,3574
2024-07-04 02:00:00,161.364,161.447,161.314,161.441,1509
2024-07-04 03:00:00,161.442,161.559,161.378,161.525,1086
2024-07-04 04:00:00,161.525,161.571,161.461,161.493,752
2024-07-04 05:00:00,161.496,161.548,161.443,161.479,984
2024-07-04 06:00:00,161.475,161.477,161.336,161.346,1786
2024-07-04 07:00:00,161.346,161.452,161.261,161.279,1843
2024-07-04 08:00:00,161.276,161.323,161.189,161.242,1673
2024-07-04 09:00:00,161.242,161.306,161.238,161.251,1182
2024-07-04 10:00:00,161.251,161.26,161.047,161.058,1243
2024-07-04 11:00:00,161.057,161.096,160.941,160.999,1872
2024-07-04 12:00:00,160.999,161.177,160.942,161.134,2002
2024-07-04 13:00:00,161.132,161.191,161.086,161.154,1378
2024-07-04 14:00:00,161.153,161.178,160.957,161.054,1589
2024-07-04 15:00:00,161.055,161.163,161.05,161.138,1050
2024-07-04 16:00:00,161.139,161.17,161.109,161.127,534
2024-07-04 17:00:00,161.13,161.149,161.109,161.148,317
2024-07-04 18:00:00,161.148,161.252,161.148,161.244,397
2024-07-04 19:00:00,161.244,161.244,161.166,161.197,495
2024-07-04 20:00:00,161.187,161.255,161.172,161.216,965
2024-07-04 21:00:00,161.172,161.262,161.071,161.216,746
2024-07-04 22:00:00,161.191,161.241,161.132,161.229,1070
2024-07-04 23:00:00,161.266,161.392,161.253,161.354,703
2024-07-05 00:00:00,161.353,161.39,160.815,161.069,4698
2024-07-05 01:00:00,161.067,161.142,160.875,161.011,3979
2024-07-05 02:00:00,161.014,161.063,160.92,160.961,1940
2024-07-05 03:00:00,160.961,160.983,160.524,160.613,4210
2024-07-05 04:00:00,160.613,160.67,160.527,160.64,1869
2024-07-05 05:00:00,160.64,160.782,160.638,160.676,1475
2024-07-05 06:00:00,160.677,160.8,160.564,160.765,1827
2024-07-05 07:00:00,160.765,160.851,160.648,160.766,2724
2024-07-05 08:00:00,160.766,160.821,160.628,160.734,1743
2024-07-05 09:00:00,160.734,160.765,160.61,160.695,1526
2024-07-05 10:00:00,160.698,160.827,160.646,160.794,1333
2024-07-05 11:00:00,160.795,160.877,160.766,160.817,1261
2024-07-05 12:00:00,160.816,161.159,160.331,160.938,10457
2024-07-05 13:00:00,160.94,161.32,160.775,161.256,6840
2024-07-05 14:00:00,161.256,161.328,160.892,160.961,4807
2024-07-05 15:00:00,160.956,161.018,160.622,160.729,3843
2024-07-05 16:00:00,160.729,160.945,160.701,160.883,2031
2024-07-05 17:00:00,160.882,160.908,160.808,160.843,1468
2024-07-05 18:00:00,160.843,160.843,160.705,160.717,1141
2024-07-05 19:00:00,160.714,160.769,160.707,160.751,1150
2024-07-05 20:00:00,160.711,160.813,160.677,160.764,911
2024-07-07 21:00:00,160.641,160.799,160.603,160.726,688
2024-07-07 22:00:00,160.716,160.742,160.611,160.736,1218
2024-07-07 23:00:00,160.765,160.813,160.571,160.633,1715
2024-07-08 00:00:00,160.635,160.726,160.558,160.609,3237
2024-07-08 01:00:00,160.608,160.711,160.386,160.41,3058
2024-07-08 02:00:00,160.41,160.479,160.259,160.368,3644
2024-07-08 03:00:00,160.371,160.55,160.35,160.484,1877
2024-07-08 04:00:00,160.482,160.577,160.467,160.536,1191
2024-07-08 05:00:00,160.535,160.693,160.525,160.692,1411
2024-07-08 06:00:00,160.69,160.863,160.537,160.83,2839
2024-07-08 07:00:00,160.832,160.95,160.779,160.893,2922
2024-07-08 08:00:00,160.893,161.115,160.881,161.087,1756
2024-07-08 09:00:00,161.085,161.096,160.998,161.032,1304
2024-07-08 10:00:00,161.031,161.032,160.916,160.931,1129
2024-07-08 11:00:00,160.931,161.053,160.863,161.006,1323
2024-07-08 12:00:00,161.007,161.015,160.66,160.688,2976
2024-07-08 13:00:00,160.688,160.808,160.581,160.656,3346
2024-07-08 14:00:00,160.654,160.657,160.469,160.61,2987
2024-07-08 15:00:00,160.61,160.809,160.589,160.774,2245
2024-07-08 16:00:00,160.774,160.792,160.724,160.725,1181
2024-07-08 17:00:00,160.725,160.745,160.682,160.715,849
2024-07-08 18:00:00,160.714,160.815,160.707,160.785,913
2024-07-08 19:00:00,160.783,160.797,160.734,160.757,1000
2024-07-08 20:00:00,160.737,160.817,160.733,160.764,510
2024-07-08 21:00:00,160.752,160.79,160.626,160.771,313
2024-07-08 22:00:00,160.748,160.783,160.727,160.754,609
2024-07-08 23:00:00,160.782,160.87,160.725,160.855,811
2024-07-09 00:00:00,160.852,160.914,160.76,160.888,2009
2024-07-09 01:00:00,160.887,161.017,160.852,160.974,1334
2024-07-09 02:00:00,160.973,161.128,160.952,160.999,1796
2024-07-09 03:00:00,160.999,161.095,160.904,161.046,1582
2024-07-09 04:00:00,161.046,161.057,160.901,160.958,1636
2024-07-09 05:00:00,160.96,161.001,160.895,160.898,1124
2024-07-09 06:00:00,160.896,160.933,160.791,160.823,1979
2024-07-09 07:00:00,160.822,160.937,160.732,160.917,2146
2024-07-09 08:00:00,160.915,161.074,160.883,161.048,1401
2024-07-09 09:00:00,161.051,161.073,160.968,161.044,1377
2024-07-09 10:00:00,161.044,161.051,160.953,161.014,992
2024-07-09 11:00:00,161.014,161.175,161.014,161.114,1673
2024-07-09 12:00:00,161.115,161.157,161.026,161.129,1940
2024-07-09 13:00:00,161.128,161.144,160.971,161.014,2153
2024-07-09 14:00:00,161.014,161.38,160.882,161.358,6012
2024-07-09 15:00:00,161.355,161.512,161.303,161.395,3165
2024-07-09 16:00:00,161.395,161.402,161.307,161.319,1704
2024-07-09 17:00:00,161.319,161.338,161.223,161.313,1576
2024-07-09 18:00:00,161.312,161.336,161.259,161.305,1033
2024-07-09 19:00:00,161.304,161.306,161.245,161.268,1099
2024-07-09 20:00:00,161.26,161.288,161.226,161.257,543
2024-07-09 21:00:00,161.245,161.289,161.107,161.269,243
2024-07-09 22:00:00,161.243,161.306,161.209,161.286,625
2024-07-09 23:00:00,161.322,161.364,161.313,161.324,774
2024-07-10 00:00:00,161.323,161.506,161.295,161.46,1691
2024-07-10 01:00:00,161.46,161.579,161.446,161.53,1413
2024-07-10 02:00:00,161.529,161.586,161.47,161.503,1284
2024-07-10 03:00:00,161.503,161.503,161.398,161.426,1006
2024-07-10 04:00:00,161.427,161.469,161.405,161.439,738
2024-07-10 05:00:00,161.439,161.555,161.423,161.496,1050
2024-07-10 06:00:00,161.496,161.497,161.35,161.364,1315
2024-07-10 07:00:00,161.362,161.499,161.333,161.491,1935
2024-07-10 08:00:00,161.491,161.531,161.421,161.506,1398
2024-07-10 09:00:00,161.507,161.609,161.507,161.579,1345
2024-07-10 10:00:00,161.58,161.605,161.504,161.539,1078
2024-07-10 11:00:00,161.541,161.543,161.45,161.477,1189
2024-07-10 12:00:00,161.474,161.51,161.427,161.445,1611
2024-07-10 13:00:00,161.445,161.597,161.42,161.595,1872
2024-07-10 14:00:00,161.594,161.679,161.536,161.657,2431
2024-07-10 15:00:00,161.657,161.752,161.619,161.732,1820
2024-07-10 16:00:00,161.732,161.739,161.651,161.684,1199
2024-07-10 17:00:00,161.683,161.76,161.64,161.74,1279
2024-07-10 18:00:00,161.742,161.803,161.737,161.774,844
2024-07-10 19:00:00,161.773,161.783,161.705,161.705,863
2024-07-10 20:00:00,161.692,161.724,161.449,161.465,718
2024-07-10 21:00:00,161.464,161.624,161.371,161.565,578
2024-07-10 22:00:00,161.539,161.597,161.527,161.564,620
2024-07-10 23:00:00,161.589,161.634,161.551,161.591,725
2024-07-11 00:00:00,161.588,161.608,161.469,161.56,1895
2024-07-11 01:00:00,161.559,161.659,161.554,161.577,1181
2024-07-11 02:00:00,161.577,161.665,161.53,161.649,1222
2024-07-11 03:00:00,161.651,161.68,161.617,161.634,1507
2024-07-11 04:00:00,161.634,161.692,161.617,161.68,649
2024-07-11 05:00:00,161.68,161.714,161.662,161.683,790
2024-07-11 06:00:00,161.688,161.748,161.684,161.725,1192
2024-07-11 07:00:00,161.725,161.756,161.537,161.628,1712
2024-07-11 08:00:00,161.627,161.629,161.497,161.526,1371
2024-07-11 09:00:00,161.526,161.552,161.468,161.543,1346
2024-07-11 10:00:00,161.543,161.58,161.5,161.542,938
2024-07-11 11:00:00,161.541,161.587,161.528,161.534,802
2024-07-11 12:00:00,161.532,161.618,158.366,158.65,52179
2024-07-11 13:00:00,158.646,158.97,157.414,158.599,48732
2024-07-11 14:00:00,158.597,158.791,158.346,158.552,11803
2024-07-11 15:00:00,158.55,158.635,158.448,158.577,5725
2024-07-11 16:00:00,158.58,158.638,158.53,158.563,2649
2024-07-11 17:00:00,158.564,158.888,158.55,158.805,3896
2024-07-11 18:00:00,158.801,158.87,158.704,158.734,2706
2024-07-11 19:00:00,158.736,158.831,158.725,158.794,2022
2024-07-11 20:00:00,158.783,158.886,158.747,158.791,1106
2024-07-11 21:00:00,158.658,158.895,158.616,158.895,578
2024-07-11 22:00:00,158.869,159.241,158.838,159.21,1888
2024-07-11 23:00:00,159.259,159.442,157.737,158.281,34582
2024-07-12 00:00:00,158.279,159.131,157.975,159.076,20352
2024-07-12 01:00:00,159.075,159.382,159.065,159.358,5918
2024-07-12 02:00:00,159.355,159.381,158.749,159.307,6724
2024-07-12 03:00:00,159.304,159.334,159.149,159.227,2920
2024-07-12 04:00:00,159.228,159.23,159.029,159.107,2735
2024-07-12 05:00:00,159.107,159.133,158.863,159.037,3707
2024-07-12 06:00:00,159.033,159.213,158.952,159.134,4856
2024-07-12 07:00:00,159.134,159.317,159.111,159.215,3243
2024-07-12 08:00:00,159.217,159.262,159.028,159.102,3346
2024-07-12 09:00:00,159.102,159.215,159.038,159.173,2487
2024-07-12 10:00:00,159.174,159.252,159.106,159.106,1711
2024-07-12 11:00:00,159.106,159.139,158.931,158.972,2065
2024-07-12 12:00:00,158.968,159.147,158.503,158.807,11861
2024-07-12 13:00:00,158.805,158.84,157.359,158.33,27265
2024-07-12 14:00:00,158.339,158.352,157.378,157.715,20293
2024-07-12 15:00:00,157.716,158.093,157.503,157.897,5048
2024-07-12 16:00:00,157.895,158.018,157.84,157.874,2573
2024-07-12 17:00:00,157.873,158.011,157.859,157.974,1461
2024-07-12 18:00:00,157.977,157.985,157.86,157.917,1607
2024-07-12 19:00:00,157.92,157.923,157.793,157.812,1461
2024-07-12 20:00:00,157.804,157.896,157.727,157.875,1210
2024-07-14 21:00:00,157.974,158.149,157.937,158.136,665
2024-07-14 22:00:00,158.117,158.344,157.93,158.288,1849
2024-07-14 23:00:00,158.335,158.418,158.167,158.288,2811
2024-07-15 00:00:00,158.284,158.363,157.987,158.111,4235
2024-07-15 01:00:00,158.106,158.236,157.947,158.052,3390
2024-07-15 02:00:00,158.052,158.134,157.909,158.029,2436
2024-07-15 03:00:00,158.028,158.028,157.908,157.968,2009
2024-07-15 04:00:00,157.968,158.029,157.951,157.991,776
2024-07-15 05:00:00,157.991,157.993,157.826,157.953,1360
2024-07-15 06:00:00,157.953,158.231,157.871,158.104,3209
2024-07-15 07:00:00,158.104,158.124,157.837,157.926,3954
2024-07-15 08:00:00,157.92,157.963,157.78,157.816,2713
2024-07-15 09:00:00,157.814,157.975,157.747,157.958,2128
2024-07-15 10:00:00,157.958,158.1,157.93,157.949,1823
2024-07-15 11:00:00,157.949,158.171,157.895,158.11,2059
2024-07-15 12:00:00,158.113,158.159,157.933,157.96,3047
2024-07-15 13:00:00,157.96,158.065,157.869,157.935,3446
2024-07-15 14:00:00,157.935,157.948,157.829,157.86,2806
2024-07-15 15:00:00,157.861,157.919,157.804,157.887,2107
2024-07-15 16:00:00,157.886,157.957,157.159,157.708,7061
2024-07-15 17:00:00,157.709,158.02,157.709,157.917,3623
2024-07-15 18:00:00,157.915,157.935,157.837,157.851,1774
2024-07-15 19:00:00,157.852,157.979,157.832,157.896,1264
2024-07-15 20:00:00,157.86,158.117,157.802,158.013,976
2024-07-15 21:00:00,158.002,158.075,157.836,158.054,638
2024-07-15 22:00:00,158.033,158.125,158.0,158.1,934
2024-07-15 23:00:00,158.125,158.251,158.059,158.15,1265
2024-07-16 00:00:00,158.147,158.391,158.103,158.361,2949
2024-07-16 01:00:00,158.361,158.626,158.35,158.524,3044
2024-07-16 02:00:00,158.524,158.724,158.508,158.689,1707
2024-07-16 03:00:00,158.689,158.706,158.584,158.632,1294
2024-07-16 04:00:00,158.632,158.722,158.609,158.635,1208
2024-07-16 05:00:00,158.638,158.783,158.638,158.722,1570
2024-07-16 06:00:00,158.721,158.745,158.462,158.568,2337
2024-07-16 07:00:00,158.568,158.572,158.354,158.491,3425
2024-07-16 08:00:00,158.492,158.589,158.441,158.468,2424
2024-07-16 09:00:00,158.465,158.492,158.329,158.407,2074
2024-07-16 10:00:00,158.404,158.447,158.344,158.431,1359
2024-07-16 11:00:00,158.431,158.455,158.315,158.34,1108
2024-07-16 12:00:00,158.343,158.853,158.255,158.752,4816
2024-07-16 13:00:00,158.753,158.803,158.525,158.63,3951
2024-07-16 14:00:00,158.63,158.742,158.575,158.586,3123
2024-07-16 15:00:00,158.589,158.646,158.532,158.57,1904
2024-07-16 16:00:00,158.57,158.629,158.51,158.54,1618
2024-07-16 17:00:00,158.539,158.547,158.424,158.468,1309
2024-07-16 18:00:00,158.468,158.472,158.335,158.352,1151
2024-07-16 19:00:00,158.349,158.428,158.317,158.369,1461
2024-07-16 20:00:00,158.33,158.391,158.244,158.3,840
2024-07-16 21:00:00,158.248,158.334,158.104,158.316,667
2024-07-16 22:00:00,158.302,158.358,158.252,158.308,1040
2024-07-16 23:00:00,158.335,158.371,158.299,158.36,1068
2024-07-17 00:00:00,158.36,158.536,158.301,158.482,2906
2024-07-17 01:00:00,158.479,158.623,158.429,158.471,2560
2024-07-17 02:00:00,158.471,158.473,158.355,158.41,1351
2024-07-17 03:00:00,158.412,158.448,158.317,158.373,1051
2024-07-17 04:00:00,158.374,158.384,158.214,158.214,1326
2024-07-17 05:00:00,158.212,158.232,157.869,157.889,2761
2024-07-17 06:00:00,157.89,158.091,157.698,157.815,5047
2024-07-17 07:00:00,157.813,157.827,157.005,157.071,10268
2024-07-17 08:00:00,157.07,157.099,156.096,156.239,10878
2024-07-17 09:00:00,156.237,156.589,156.104,156.412,9566
2024-07-17 10:00:00,156.412,156.733,156.219,156.733,5193
2024-07-17 11:00:00,156.733,156.791,156.352,156.505,4185
2024-07-17 12:00:00,156.508,156.737,156.456,156.561,5623
2024-07-17 13:00:00,156.559,156.621,156.144,156.276,8690
2024-07-17 14:00:00,156.278,156.63,156.252,156.492,6046
2024-07-17 15:00:00,156.491,156.634,156.479,156.563,3552
2024-07-17 16:00:00,156.561,156.591,156.186,156.298,3735
2024-07-17 17:00:00,156.299,156.469,156.184,156.458,3140
2024-07-17 18:00:00,156.458,156.485,156.084,156.101,2861
2024-07-17 19:00:00,156.103,156.23,156.049,156.155,1960
2024-07-17 20:00:00,156.129,156.317,155.963,155.972,1174
2024-07-17 21:00:00,155.968,156.182,155.897,156.132,702
2024-07-17 22:00:00,156.121,156.211,155.92,156.139,2037
2024-07-17 23:00:00,156.155,156.204,155.367,155.668,11659
2024-07-18 00:00:00,155.667,155.834,155.454,155.734,7904
2024-07-18 01:00:00,155.736,156.297,155.717,156.25,5308
2024-07-18 02:00:00,156.255,156.439,156.187,156.309,3684
2024-07-18 03:00:00,156.308,156.568,156.289,156.433,2505
2024-07-18 04:00:00,156.433,156.536,156.176,156.34,4321
2024-07-18 05:00:00,156.339,156.451,155.792,156.03,5346
2024-07-18 06:00:00,156.026,156.407,155.987,156.12,4802
2024-07-18 07:00:00,156.122,156.252,155.911,156.244,5656
2024-07-18 08:00:00,156.242,156.584,156.168,156.462,5198
2024-07-18 09:00:00,156.462,156.497,156.301,156.484,3354
2024-07-18 10:00:00,156.483,156.495,156.312,156.388,2221
2024-07-18 11:00:00,156.388,156.522,156.375,156.49,1883
2024-07-18 12:00:00,156.487,156.575,156.18,156.428,4723
2024-07-18 13:00:00,156.431,156.697,156.318,156.583,5783
2024-07-18 14:00:00,156.584,156.772,156.498,156.752,4714
2024-07-18 15:00:00,156.749,156.979,156.692,156.97,4505
2024-07-18 16:00:00,156.97,157.157,156.869,157.141,2781
2024-07-18 17:00:00,157.14,157.221,157.088,157.185,2152
2024-07-18 18:00:00,157.187,157.323,157.144,157.277,1650
2024-07-18 19:00:00,157.278,157.395,157.277,157.343,1373
2024-07-18 20:00:00,157.315,157.376,157.284,157.292,693
2024-07-18 21:00:00,157.327,157.34,157.25,157.312,207
2024-07-18 22:00:00,157.293,157.309,157.192,157.222,1656
2024-07-18 23:00:00,157.259,157.28,157.11,157.175,1847
2024-07-19 00:00:00,157.172,157.416,157.058,157.21,4820
2024-07-19 01:00:00,157.211,157.53,157.195,157.451,3457
2024-07-19 02:00:00,157.452,157.519,157.338,157.417,2708
2024-07-19 03:00:00,157.417,157.442,157.324,157.372,1617
2024-07-19 04:00:00,157.372,157.479,157.354,157.476,1123
2024-07-19 05:00:00,157.475,157.858,157.469,157.768,3984
2024-07-19 06:00:00,157.765,157.82,157.132,157.257,5024
2024-07-19 07:00:00,157.255,157.555,156.955,157.316,8263
2024-07-19 08:00:00,157.312,157.419,157.156,157.259,4058
2024-07-19 09:00:00,157.259,157.432,157.141,157.361,2672
2024-07-19 10:00:00,157.362,157.575,157.36,157.453,2350
2024-07-19 11:00:00,157.453,157.535,157.323,157.463,2317
2024-07-19 12:00:00,157.466,157.691,157.418,157.669,3554
2024-07-19 13:00:00,157.668,157.694,157.409,157.507,4884
2024-07-19 14:00:00,157.509,157.527,157.257,157.336,4563
2024-07-19 15:00:00,157.338,157.452,157.272,157.387,3082
2024-07-19 16:00:00,157.387,157.438,157.337,157.407,1454
2024-07-19 17:00:00,157.407,157.425,157.348,157.412,1319
2024-07-19 18:00:00,157.412,157.494,157.397,157.485,1152
2024-07-19 19:00:00,157.483,157.523,157.467,157.471,802
2024-07-19 20:00:00,157.488,157.523,157.427,157.449,708
2024-07-21 21:00:00,157.388,157.431,157.265,157.349,441
2024-07-21 22:00:00,157.407,157.494,157.216,157.265,2412
2024-07-21 23:00:00,157.262,157.424,157.153,157.421,2313
2024-07-22 00:00:00,157.421,157.489,157.331,157.422,2916
2024-07-22 01:00:00,157.419,157.549,157.345,157.537,2470
2024-07-22 02:00:00,157.54,157.608,157.521,157.547,1977
2024-07-22 03:00:00,157.548,157.563,157.453,157.478,1112
2024-07-22 04:00:00,157.478,157.507,157.385,157.441,1977
2024-07-22 05:00:00,157.44,157.44,157.006,157.035,3836
2024-07-22 06:00:00,157.036,157.058,156.28,156.445,10530
2024-07-22 07:00:00,156.443,156.843,156.343,156.805,5911
2024-07-22 08:00:00,156.803,156.959,156.668,156.791,4421
2024-07-22 09:00:00,156.794,156.856,156.604,156.69,3604
2024-07-22 10:00:00,156.689,156.952,156.552,156.826,3798
2024-07-22 11:00:00,156.825,156.896,156.651,156.851,3118
2024-07-22 12:00:00,156.85,157.088,156.783,156.787,4185
2024-07-22 13:00:00,156.79,156.919,156.69,156.858,4031
2024-07-22 14:00:00,156.857,156.95,156.748,156.872,3515
2024-07-22 15:00:00,156.872,157.142,156.86,157.08,2607
2024-07-22 16:00:00,157.081,157.126,157.028,157.07,1523
2024-07-22 17:00:00,157.07,157.149,157.029,157.133,1201
2024-07-22 18:00:00,157.132,157.169,157.051,157.063,982
2024-07-22 19:00:00,157.063,157.116,157.05,157.05,765
2024-07-22 20:00:00,157.067,157.088,157.016,157.019,453
2024-07-22 21:00:00,156.99,156.99,156.778,156.934,591
2024-07-22 22:00:00,156.946,157.072,156.941,157.03,739
2024-07-22 23:00:00,157.04,157.1,156.884,156.902,1493
2024-07-23 00:00:00,156.9,156.924,156.642,156.653,5019
2024-07-23 01:00:00,156.654,156.846,156.572,156.701,3936
2024-07-23 02:00:00,156.701,156.765,156.515,156.628,3609
2024-07-23 03:00:00,156.63,156.663,156.191,156.274,4128
2024-07-23 04:00:00,156.277,156.383,156.201,156.304,3091
2024-07-23 05:00:00,156.302,156.449,156.259,156.312,2618
2024-07-23 06:00:00,156.313,156.618,156.216,156.582,4436
2024-07-23 07:00:00,156.579,156.633,155.927,156.039,6170
2024-07-23 08:00:00,156.036,156.131,155.818,156.007,6478
2024-07-23 09:00:00,156.007,156.066,155.815,155.942,3389
2024-07-23 10:00:00,155.944,156.161,155.917,156.043,2817
2024-07-23 11:00:00,156.043,156.187,156.036,156.149,2635
2024-07-23 12:00:00,156.151,156.264,155.939,156.026,3769
2024-07-23 13:00:00,156.028,156.205,155.983,156.086,3560
2024-07-23 14:00:00,156.087,156.192,155.966,155.976,3647
2024-07-23 15:00:00,155.98,156.088,155.94,156.016,2250
2024-07-23 16:00:00,156.016,156.052,155.691,155.781,2337
2024-07-23 17:00:00,155.777,155.803,155.573,155.688,3292
2024-07-23 18:00:00,155.686,155.75,155.619,155.62,1559
2024-07-23 19:00:00,155.622,155.665,155.587,155.61,1163
2024-07-23 20:00:00,155.633,155.642,155.529,155.574,813
2024-07-23 21:00:00,155.495,155.575,155.41,155.571,327
2024-07-23 22:00:00,155.581,155.638,155.562,155.631,920
2024-07-23 23:00:00,155.628,155.814,155.624,155.76,1696
2024-07-24 00:00:00,155.762,155.987,155.762,155.821,3524
2024-07-24 01:00:00,155.821,155.872,155.171,155.247,9028
2024-07-24 02:00:00,155.247,155.52,155.229,155.254,3545
2024-07-24 03:00:00,155.254,155.293,155.04,155.052,5252
2024-07-24 04:00:00,155.053,155.053,154.538,154.603,7169
2024-07-24 05:00:00,154.605,154.793,154.356,154.628,5801
2024-07-24 06:00:00,154.626,154.683,154.372,154.579,7149
2024-07-24 07:00:00,154.577,154.875,154.408,154.588,6557
2024-07-24 08:00:00,154.588,154.941,154.544,154.856,3572
2024-07-24 09:00:00,154.857,154.929,154.268,154.77,7704
2024-07-24 10:00:00,154.773,154.836,154.483,154.558,3495
2024-07-24 11:00:00,154.557,154.575,154.051,154.188,4093
2024-07-24 12:00:00,154.187,154.221,153.752,153.805,7296
2024-07-24 13:00:00,153.804,153.992,153.337,153.438,8414
2024-07-24 14:00:00,153.44,153.59,153.1,153.265,11143
2024-07-24 15:00:00,153.268,153.497,153.258,153.379,5428
2024-07-24 16:00:00,153.379,153.583,153.336,153.465,3712
2024-07-24 17:00:00,153.466,153.851,153.443,153.824,3214
2024-07-24 18:00:00,153.826,154.073,153.8,154.002,2676
2024-07-24 19:00:00,153.999,154.093,153.875,153.999,1959
2024-07-24 20:00:00,153.997,154.001,153.62,153.675,720
2024-07-24 21:00:00,153.656,153.839,153.448,153.738,892
2024-07-24 22:00:00,153.786,153.786,153.538,153.591,2051
2024-07-24 23:00:00,153.589,153.947,153.584,153.912,3708
2024-07-25 00:00:00,153.911,153.966,152.827,153.241,14952
2024-07-25 01:00:00,153.243,153.345,152.643,152.854,9542
2024-07-25 02:00:00,152.858,152.954,152.511,152.634,5832
2024-07-25 03:00:00,152.631,152.633,152.224,152.314,6778
2024-07-25 04:00:00,152.314,152.65,152.312,152.615,4045
2024-07-25 05:00:00,152.614,152.969,152.577,152.737,5303
2024-07-25 06:00:00,152.739,152.865,152.539,152.844,6449
2024-07-25 07:00:00,152.848,152.931,152.051,152.193,9888
2024-07-25 08:00:00,152.189,152.745,151.938,152.7,8264
2024-07-25 09:00:00,152.704,152.74,152.245,152.306,5299
2024-07-25 10:00:00,152.306,152.357,152.087,152.206,4489
2024-07-25 11:00:00,152.204,152.727,152.167,152.72,4983
2024-07-25 12:00:00,152.719,153.733,152.548,153.519,12888
2024-07-25 13:00:00,153.516,154.193,153.405,153.65,17146
2024-07-25 14:00:00,153.652,153.741,153.226,153.641,12227
2024-07-25 15:00:00,153.639,154.098,153.629,153.975,7271
2024-07-25 16:00:00,153.976,154.315,153.903,154.02,6144
2024-07-25 17:00:00,154.02,154.037,153.741,154.027,6085
2024-07-25 18:00:00,154.037,154.048,153.766,153.781,4041
2024-07-25 19:00:00,153.785,153.907,153.779,153.903,2469
2024-07-25 20:00:00,153.891,154.017,153.793,153.889,1227
2024-07-25 21:00:00,153.837,153.912,153.721,153.901,369
2024-07-25 22:00:00,153.924,153.984,153.879,153.898,1095
2024-07-25 23:00:00,153.895,153.899,153.371,153.697,7249
2024-07-26 00:00:00,153.694,154.138,153.389,153.916,8846
2024-07-26 01:00:00,153.919,154.088,153.428,153.579,7009
2024-07-26 02:00:00,153.578,153.964,153.562,153.917,4154
2024-07-26 03:00:00,153.916,153.916,153.733,153.75,2632
2024-07-26 04:00:00,153.751,153.829,153.582,153.675,2935
2024-07-26 05:00:00,153.677,153.803,153.495,153.639,4077
2024-07-26 06:00:00,153.638,153.752,153.537,153.636,5430
2024-07-26 07:00:00,153.634,154.169,153.561,153.914,5461
2024-07-26 08:00:00,153.914,154.428,153.861,154.298,5939
2024-07-26 09:00:00,154.295,154.358,154.03,154.201,3833
2024-07-26 10:00:00,154.201,154.646,154.19,154.562,3891
2024-07-26 11:00:00,154.56,154.735,154.515,154.607,4152
2024-07-26 12:00:00,154.608,154.726,154.019,154.213,8700
2024-07-26 13:00:00,154.21,154.218,153.665,153.816,11058
2024-07-26 14:00:00,153.803,154.102,153.093,153.494,14072
2024-07-26 15:00:00,153.498,153.875,153.489,153.864,5002
2024-07-26 16:00:00,153.863,153.863,153.703,153.778,3095
2024-07-26 17:00:00,153.781,153.87,153.671,153.726,2276
2024-07-26 18:00:00,153.726,153.824,153.705,153.726,2173
2024-07-26 19:00:00,153.726,153.763,153.673,153.74,1369
2024-07-26 20:00:00,153.742,153.792,153.717,153.752,707
2024-07-28 21:00:00,153.647,153.787,153.511,153.623,624
2024-07-28 22:00:00,153.67,154.013,153.67,154.009,2461
2024-07-28 23:00:00,154.017,154.21,153.98,154.145,3440
2024-07-29 00:00:00,154.147,154.347,153.522,153.652,8471
2024-07-29 01:00:00,153.652,153.831,153.236,153.435,7976
2024-07-29 02:00:00,153.436,153.531,153.01,153.413,5985
2024-07-29 03:00:00,153.413,153.691,153.324,153.511,3542
2024-07-29 04:00:00,153.514,153.606,153.321,153.408,3759
2024-07-29 05:00:00,153.41,153.664,153.298,153.382,4255
2024-07-29 06:00:00,153.379,153.445,153.139,153.347,5337
2024-07-29 07:00:00,153.348,153.723,153.23,153.615,6624
2024-07-29 08:00:00,153.613,153.914,153.58,153.687,4972
2024-07-29 09:00:00,153.684,153.77,153.585,153.701,3914
2024-07-29 10:00:00,153.701,153.888,153.6,153.678,3067
2024-07-29 11:00:00,153.679,153.836,153.588,153.827,3233
2024-07-29 12:00:00,153.829,154.03,153.75,153.883,4526
2024-07-29 13:00:00,153.885,154.205,153.726,154.169,5613
2024-07-29 14:00:00,154.166,154.202,153.999,154.045,5181
2024-07-29 15:00:00,154.045,154.047,153.864,153.958,3397
2024-07-29 16:00:00,153.958,154.088,153.928,153.939,2286
2024-07-29 17:00:00,153.939,154.028,153.883,153.998,1585
2024-07-29 18:00:00,153.998,154.05,153.961,153.984,1493
2024-07-29 19:00:00,153.981,154.034,153.953,153.975,1266
2024-07-29 20:00:00,153.991,154.048,153.962,154.0,654
2024-07-29 21:00:00,153.978,154.025,153.868,153.987,623
2024-07-29 22:00:00,154.01,154.057,153.958,154.016,1167
2024-07-29 23:00:00,154.016,154.025,153.762,153.831,3072
2024-07-30 00:00:00,153.829,154.058,153.613,153.959,4467
2024-07-30 01:00:00,153.957,154.248,153.847,153.991,4792
2024-07-30 02:00:00,153.993,154.129,153.946,154.017,2804
2024-07-30 03:00:00,154.015,154.162,153.974,154.066,2696
2024-07-30 04:00:00,154.068,154.438,154.058,154.432,3274
2024-07-30 05:00:00,154.435,154.765,154.415,154.663,4848
2024-07-30 06:00:00,154.662,155.214,154.592,155.047,5581
2024-07-30 07:00:00,155.046,155.141,154.719,154.893,6193
2024-07-30 08:00:00,154.892,154.908,154.601,154.664,4471
2024-07-30 09:00:00,154.661,154.931,154.66,154.807,3177
2024-07-30 10:00:00,154.807,154.877,154.691,154.73,2495
2024-07-30 11:00:00,154.73,154.896,154.719,154.882,2138
2024-07-30 12:00:00,154.882,155.018,154.81,154.935,4048
2024-07-30 13:00:00,154.937,154.94,154.29,154.352,8415
2024-07-30 14:00:00,154.352,154.647,154.352,154.597,7025
2024-07-30 15:00:00,154.598,154.598,153.642,153.723,17149
2024-07-30 16:00:00,153.722,153.852,153.131,153.236,7919
2024-07-30 17:00:00,153.235,153.376,152.974,153.202,7656
2024-07-30 18:00:00,153.2,153.44,153.13,153.252,4047
2024-07-30 19:00:00,153.255,153.314,153.2,153.249,2428
2024-07-30 20:00:00,153.264,153.27,152.619,152.758,2025
2024-07-30 21:00:00,152.706,152.781,152.478,152.584,821
2024-07-30 22:00:00,152.688,153.096,152.394,152.877,4092
2024-07-30 23:00:00,152.88,152.971,152.411,152.654,6629
2024-07-31 00:00:00,152.652,152.739,152.104,152.376,10030
2024-07-31 01:00:00,152.372,152.523,152.164,152.422,6178
2024-07-31 02:00:00,152.419,153.342,152.333,152.879,10096
2024-07-31 03:00:00,152.879,153.849,151.608,153.587,14569
2024-07-31 04:00:00,153.59,153.904,152.405,152.551,19460
2024-07-31 05:00:00,152.548,153.167,152.468,152.871,8372
2024-07-31 06:00:00,152.867,153.06,152.208,152.225,11460
2024-07-31 07:00:00,152.227,152.428,150.601,150.921,21479
2024-07-31 08:00:00,150.921,150.981,150.045,150.917,23227
2024-07-31 09:00:00,150.919,150.939,150.353,150.4,8101
2024-07-31 10:00:00,150.398,150.586,150.139,150.503,8049
2024-07-31 11:00:00,150.506,150.58,150.076,150.182,8565
2024-07-31 12:00:00,150.184,150.477,149.787,150.33,13844
2024-07-31 13:00:00,150.327,150.351,149.817,149.817,9901
2024-07-31 14:00:00,149.821,150.675,149.624,150.432,11671
2024-07-31 15:00:00,150.43,150.573,150.273,150.374,7504
2024-07-31 16:00:00,150.376,150.657,150.364,150.558,4871
2024-07-31 17:00:00,150.557,150.949,150.541,150.825,3908
2024-07-31 18:00:00,150.82,151.258,150.326,150.438,13320
2024-07-31 19:00:00,150.44,150.492,149.605,149.778,12723
2024-07-31 20:00:00,149.777,150.191,149.695,149.777,2241
2024-07-31 21:00:00,149.71,149.922,149.638,149.86,825
2024-07-31 22:00:00,149.886,150.178,149.79,150.163,2190
2024-07-31 23:00:00,150.17,150.319,149.667,149.784,4912
2024-08-01 00:00:00,149.786,149.892,149.341,149.436,11862
2024-08-01 01:00:00,149.438,149.466,148.505,149.169,14789
2024-08-01 02:00:00,149.171,149.786,149.031,149.762,11653
2024-08-01 03:00:00,149.764,149.787,149.382,149.563,8013
2024-08-01 04:00:00,149.563,149.711,149.337,149.681,6913
2024-08-01 05:00:00,149.681,150.043,149.613,149.759,8168
2024-08-01 06:00:00,149.756,150.333,149.566,150.024,11289
2024-08-01 07:00:00,150.025,150.192,149.778,149.86,9700
2024-08-01 08:00:00,149.858,149.985,149.425,149.69,10424
2024-08-01 09:00:00,149.692,149.966,149.604,149.945,6127
2024-08-01 10:00:00,149.946,150.193,149.913,150.024,4974
2024-08-01 11:00:00,150.027,150.619,149.966,150.522,5923
2024-08-01 12:00:00,150.523,150.86,150.205,150.853,9787
2024-08-01 13:00:00,150.853,150.888,150.385,150.523,9280
2024-08-01 14:00:00,150.52,150.52,149.828,150.042,12039
2024-08-01 15:00:00,150.046,150.214,149.868,150.059,7231
2024-08-01 16:00:00,150.058,150.134,149.676,149.89,5435
2024-08-01 17:00:00,149.893,149.938,149.642,149.742,4814
2024-08-01 18:00:00,149.74,149.764,149.527,149.55,4509
2024-08-01 19:00:00,149.554,149.838,149.469,149.751,3843
2024-08-01 20:00:00,149.761,149.764,149.27,149.334,1883
2024-08-01 21:00:00,149.266,149.351,149.242,149.309,721
2024-08-01 22:00:00,149.309,149.422,148.981,149.305,2894
2024-08-01 23:00:00,149.308,149.31,148.867,149.205,6732
2024-08-02 00:00:00,149.203,149.412,148.938,149.377,10288
2024-08-02 01:00:00,149.38,149.774,149.352,149.498,8762
2024-08-02 02:00:00,149.498,149.677,149.227,149.57,5596
2024-08-02 03:00:00,149.572,149.644,149.37,149.485,4297
2024-08-02 04:00:00,149.489,149.579,149.25,149.259,4676
2024-08-02 05:00:00,149.255,149.369,148.886,148.931,5890
2024-08-02 06:00:00,148.929,149.29,148.796,148.849,8596
2024-08-02 07:00:00,148.847,149.217,148.618,149.205,9811
2024-08-02 08:00:00,149.206,149.318,148.833,149.067,6775
2024-08-02 09:00:00,149.064,149.09,148.817,148.879,4259
2024-08-02 10:00:00,148.878,148.954,148.728,148.792,4660
2024-08-02 11:00:00,148.795,149.12,148.787,149.007,4820
2024-08-02 12:00:00,149.007,149.109,147.01,147.439,21634
2024-08-02 13:00:00,147.435,148.161,147.059,147.076,22640
2024-08-02 14:00:00,147.078,147.407,146.543,146.672,22622
2024-08-02 15:00:00,146.668,147.101,146.413,146.974,14178
2024-08-02 16:00:00,146.976,147.455,146.751,146.84,13215
2024-08-02 17:00:00,146.842,146.953,146.745,146.83,6475
2024-08-02 18:00:00,146.83,146.894,146.435,146.494,4370
2024-08-02 19:00:00,146.49,146.692,146.439,146.556,4692
2024-08-02 20:00:00,146.573,146.607,146.487,146.522,1792
2024-08-04 21:00:00,146.389,146.478,146.256,146.453,882
2024-08-04 22:00:00,146.472,146.551,145.97,146.316,4122
2024-08-04 23:00:00,146.319,146.338,145.277,145.589,16788
2024-08-05 00:00:00,145.586,145.939,145.181,145.514,24617
2024-08-05 01:00:00,145.512,145.592,144.76,145.105,19791
2024-08-05 02:00:00,145.103,145.547,145.035,145.135,11477
2024-08-05 03:00:00,145.132,145.154,144.169,144.361,13930
2024-08-05 04:00:00,144.361,144.43,142.181,143.165,32876
2024-08-05 05:00:00,143.163,143.554,142.413,142.651,31060
2024-08-05 06:00:00,142.649,143.104,141.679,142.763,30798
2024-08-05 07:00:00,142.759,143.988,142.726,143.476,23975
2024-08-05 08:00:00,143.471,143.56,142.0,142.403,13871
2024-08-05 09:00:00,142.405,142.578,141.733,142.284,13333
2024-08-05 10:00:00,142.284,142.463,141.907,142.373,9334
2024-08-05 11:00:00,142.376,142.963,142.245,142.308,11868
2024-08-05 12:00:00,142.306,142.472,141.835,142.245,14673
2024-08-05 13:00:00,142.249,142.988,142.096,142.732,18725
2024-08-05 14:00:00,142.742,143.852,142.538,142.654,23893
2024-08-05 15:00:00,142.656,143.991,142.333,143.956,16860
2024-08-05 16:00:00,143.956,144.89,143.897,144.182,16622
2024-08-05 17:00:00,144.179,144.611,143.907,144.007,10181
2024-08-05 18:00:00,144.011,144.16,143.387,143.456,9606
2024-08-05 19:00:00,143.454,143.864,143.443,143.724,7340
2024-08-05 20:00:00,143.733,144.243,143.694,144.106,2547
2024-08-05 21:00:00,144.008,144.157,143.919,144.057,610
2024-08-05 22:00:00,144.084,144.84,143.583,144.755,4151
2024-08-05 23:00:00,144.761,145.832,144.757,145.8,21891
2024-08-06 00:00:00,145.802,146.375,144.83,145.036,29261
2024-08-06 01:00:00,145.039,145.49,144.366,144.799,16991
2024-08-06 02:00:00,144.801,145.355,144.302,145.305,13666
2024-08-06 03:00:00,145.306,145.917,145.116,145.349,10379
2024-08-06 04:00:00,145.349,145.644,145.103,145.511,9712
2024-08-06 05:00:00,145.512,146.146,145.102,145.864,17864
2024-08-06 06:00:00,145.863,146.287,145.424,145.631,18253
2024-08-06 07:00:00,145.634,145.934,145.168,145.29,15677
2024-08-06 08:00:00,145.288,145.376,144.466,144.918,16322
2024-08-06 09:00:00,144.917,144.917,144.491,144.748,13827
2024-08-06 10:00:00,144.746,145.119,144.349,144.893,12360
2024-08-06 11:00:00,144.894,145.455,144.894,145.149,11001
2024-08-06 12:00:00,145.146,145.2,144.477,144.597,15344
2024-08-06 13:00:00,144.595,144.711,144.042,144.398,17713
2024-08-06 14:00:00,144.395,144.989,144.268,144.502,16008
2024-08-06 15:00:00,144.504,145.203,144.502,145.106,11547
2024-08-06 16:00:00,145.107,145.416,145.007,145.366,7984
2024-08-06 17:00:00,145.368,145.386,145.048,145.331,6176
2024-08-06 18:00:00,145.333,145.358,144.998,145.001,4624
2024-08-06 19:00:00,144.998,145.069,144.717,144.717,5449
2024-08-06 20:00:00,144.731,144.803,144.121,144.332,2957
2024-08-06 21:00:00,144.293,144.554,144.24,144.493,870
2024-08-06 22:00:00,144.53,144.705,144.304,144.544,3346
2024-08-06 23:00:00,144.557,144.756,144.378,144.732,5893
2024-08-07 00:00:00,144.735,145.254,144.546,144.727,12557
2024-08-07 01:00:00,144.724,147.497,144.555,146.734,29070
2024-08-07 02:00:00,146.736,146.951,146.333,146.836,18226
2024-08-07 03:00:00,146.834,147.368,146.632,147.132,11866
2024-08-07 04:00:00,147.134,147.904,147.105,147.617,11861
2024-08-07 05:00:00,147.614,147.814,146.833,146.975,20832
2024-08-07 06:00:00,146.966,147.135,146.433,146.575,17688
2024-08-07 07:00:00,146.579,146.943,146.082,146.683,15852
2024-08-07 08:00:00,146.686,147.227,146.616,147.199,11277
2024-08-07 09:00:00,147.199,147.633,147.082,147.571,9759
2024-08-07 10:00:00,147.569,147.606,147.038,147.189,7261
2024-08-07 11:00:00,147.187,147.503,146.981,147.201,6958
2024-08-07 12:00:00,147.203,147.228,146.86,146.992,9032
2024-08-07 13:00:00,146.992,147.336,146.916,147.218,9285
2024-08-07 14:00:00,147.217,147.397,146.646,147.269,9184
2024-08-07 15:00:00,147.268,147.686,147.249,147.412,8635
2024-08-07 16:00:00,147.415,147.496,147.061,147.178,7245
2024-08-07 17:00:00,147.178,147.398,146.959,147.028,8036
2024-08-07 18:00:00,147.027,147.041,146.678,146.84,9125
2024-08-07 19:00:00,146.844,147.185,146.782,146.824,7400
2024-08-07 20:00:00,146.843,146.902,146.44,146.486,2189
2024-08-07 21:00:00,146.463,146.718,146.443,146.692,966
2024-08-07 22:00:00,146.721,146.774,146.334,146.517,2777
2024-08-07 23:00:00,146.521,146.531,145.567,146.283,14704
2024-08-08 00:00:00,146.284,146.545,145.423,146.001,25312
2024-08-08 01:00:00,146.004,146.619,145.946,146.37,16918
2024-08-08 02:00:00,146.368,146.869,146.345,146.593,9909
2024-08-08 03:00:00,146.594,146.718,146.301,146.379,7681
2024-08-08 04:00:00,146.381,146.387,145.9,146.133,10661
2024-08-08 05:00:00,146.134,146.4,145.934,145.966,11535
2024-08-08 06:00:00,145.97,146.342,145.872,146.197,11890
2024-08-08 07:00:00,146.199,146.222,145.625,145.867,13779
2024-08-08 08:00:00,145.87,146.27,145.752,146.191,9391
2024-08-08 09:00:00,146.188,146.486,146.016,146.128,8123
2024-08-08 10:00:00,146.125,146.299,146.012,146.104,7091
2024-08-08 11:00:00,146.103,146.298,145.936,146.16,7778
2024-08-08 12:00:00,146.162,147.293,145.947,147.061,15369
2024-08-08 13:00:00,147.059,147.544,146.914,147.126,13211
2024-08-08 14:00:00,147.122,147.432,146.93,147.287,8869
2024-08-08 15:00:00,147.291,147.297,147.011,147.092,5810
2024-08-08 16:00:00,147.089,147.257,147.069,147.24,4218
2024-08-08 17:00:00,147.238,147.421,147.143,147.359,4653
2024-08-08 18:00:00,147.36,147.433,147.196,147.208,3398
2024-08-08 19:00:00,147.207,147.265,147.088,147.126,4059
2024-08-08 20:00:00,147.134,147.281,147.09,147.168,1408
2024-08-08 21:00:00,147.108,147.239,147.05,147.208,522
2024-08-08 22:00:00,147.219,147.311,147.188,147.273,3172
2024-08-08 23:00:00,147.275,147.813,147.243,147.691,7565
2024-08-09 00:00:00,147.689,147.775,147.197,147.484,11424
2024-08-09 01:00:00,147.485,147.618,147.072,147.08,7754
2024-08-09 02:00:00,147.08,147.503,147.022,147.487,6748
2024-08-09 03:00:00,147.483,147.567,147.144,147.225,4487
2024-08-09 04:00:00,147.227,147.251,146.814,146.882,5471
2024-08-09 05:00:00,146.88,147.102,146.715,147.01,8104
2024-08-09 06:00:00,147.017,147.213,146.883,147.195,5894
2024-08-09 07:00:00,147.198,147.207,146.911,147.199,6634
2024-08-09 08:00:00,147.202,147.319,146.918,147.203,6216
2024-08-09 09:00:00,147.205,147.285,147.136,147.232,4611
2024-08-09 10:00:00,147.232,147.261,147.036,147.137,4164
2024-08-09 11:00:00,147.14,147.151,146.821,147.007,5649
2024-08-09 12:00:00,147.008,147.029,146.504,146.772,8081
2024-08-09 13:00:00,146.776,146.787,146.509,146.602,7292
2024-08-09 14:00:00,146.6,146.632,146.262,146.535,7968
2024-08-09 15:00:00,146.538,146.73,146.437,146.493,5250
2024-08-09 16:00:00,146.492,146.662,146.476,146.608,3178
2024-08-09 17:00:00,146.606,146.76,146.595,146.688,3039
2024-08-09 18:00:00,146.691,146.718,146.588,146.607,2139
2024-08-09 19:00:00,146.609,146.669,146.552,146.616,2023
2024-08-09 20:00:00,146.638,146.691,146.582,146.614,1202
2024-08-11 21:00:00,146.561,146.81,146.45,146.728,713
2024-08-11 22:00:00,146.751,146.994,146.722,146.989,2674
2024-08-11 23:00:00,146.989,147.125,146.922,147.069,3914
2024-08-12 00:00:00,147.07,147.07,146.793,146.853,3658
2024-08-12 01:00:00,146.853,146.992,146.697,146.962,3321
2024-08-12 02:00:00,146.962,146.981,146.837,146.931,2274
2024-08-12 03:00:00,146.932,147.221,146.881,147.195,3355
2024-08-12 04:00:00,147.196,147.207,147.026,147.121,2730
2024-08-12 05:00:00,147.121,147.219,147.088,147.196,2889
2024-08-12 06:00:00,147.193,147.277,147.147,147.222,3224
2024-08-12 07:00:00,147.218,147.318,147.086,147.218,4260
2024-08-12 08:00:00,147.215,147.44,147.188,147.358,3368
2024-08-12 09:00:00,147.357,147.381,147.204,147.312,2597
2024-08-12 10:00:00,147.315,147.435,147.282,147.413,2161
2024-08-12 11:00:00,147.415,147.661,147.379,147.567,3318
2024-08-12 12:00:00,147.571,147.732,147.516,147.713,3411
2024-08-12 13:00:00,147.713,148.221,147.667,147.774,8546
2024-08-12 14:00:00,147.77,147.938,147.657,147.87,7128
2024-08-12 15:00:00,147.869,147.89,147.232,147.539,7082
2024-08-12 16:00:00,147.539,147.572,147.274,147.352,4733
2024-08-12 17:00:00,147.349,147.349,147.086,147.177,4900
2024-08-12 18:00:00,147.178,147.311,147.067,147.295,3420
2024-08-12 19:00:00,147.298,147.321,147.037,147.164,2924
2024-08-12 20:00:00,147.153,147.273,147.142,147.178,1265
2024-08-12 21:00:00,147.173,147.189,147.088,147.167,508
2024-08-12 22:00:00,147.19,147.226,147.107,147.135,1875
2024-08-12 23:00:00,147.135,147.223,146.908,147.019,3283
2024-08-13 00:00:00,147.022,147.302,147.0,147.259,5710
2024-08-13 01:00:00,147.262,147.509,147.262,147.32,4363
2024-08-13 02:00:00,147.32,147.39,147.225,147.373,2963
2024-08-13 03:00:00,147.374,147.503,147.303,147.476,2614
2024-08-13 04:00:00,147.477,147.792,147.428,147.709,3585
2024-08-13 05:00:00,147.712,147.821,147.598,147.648,3012
2024-08-13 06:00:00,147.644,147.944,147.548,147.878,3667
2024-08-13 07:00:00,147.88,147.941,147.76,147.854,4435
2024-08-13 08:00:00,147.851,147.89,147.664,147.837,3759
2024-08-13 09:00:00,147.836,147.917,147.697,147.885,2682
2024-08-13 10:00:00,147.888,147.912,147.528,147.528,3718
2024-08-13 11:00:00,147.53,147.609,147.308,147.346,4518
2024-08-13 12:00:00,147.345,147.507,147.053,147.402,7420
2024-08-13 13:00:00,147.4,147.469,146.838,147.077,12355
2024-08-13 14:00:00,147.079,147.168,146.888,146.994,7686
2024-08-13 15:00:00,146.995,147.091,146.938,146.97,4438
2024-08-13 16:00:00,146.966,146.969,146.7,146.728,3817
2024-08-13 17:00:00,146.732,146.904,146.702,146.897,2971
2024-08-13 18:00:00,146.896,146.9,146.644,146.674,2451
2024-08-13 19:00:00,146.676,146.843,146.592,146.803,2038
2024-08-13 20:00:00,146.825,146.891,146.779,146.811,1046
2024-08-13 21:00:00,146.768,146.844,146.684,146.832,347
2024-08-13 22:00:00,146.853,146.871,146.724,146.819,1078
2024-08-13 23:00:00,146.821,147.012,146.778,146.944,2304
2024-08-14 00:00:00,146.942,147.144,146.916,147.088,4697
2024-08-14 01:00:00,147.091,147.18,146.744,146.859,3806
2024-08-14 02:00:00,146.862,146.897,146.065,146.459,8014
2024-08-14 03:00:00,146.459,146.9,146.327,146.777,5817
2024-08-14 04:00:00,146.773,147.072,146.75,146.862,4183
2024-08-14 05:00:00,146.861,147.096,146.771,147.081,3115
2024-08-14 06:00:00,147.077,147.313,146.902,147.182,5154
2024-08-14 07:00:00,147.184,147.419,147.105,147.407,3747
2024-08-14 08:00:00,147.403,147.497,147.098,147.11,4063
2024-08-14 09:00:00,147.107,147.158,147.024,147.099,2018
2024-08-14 10:00:00,147.101,147.145,146.835,146.865,1926
2024-08-14 11:00:00,146.868,146.967,146.826,146.889,1856
2024-08-14 12:00:00,146.884,147.577,146.497,147.306,12633
2024-08-14 13:00:00,147.307,147.44,146.908,146.955,8297
2024-08-14 14:00:00,146.957,147.005,146.571,146.759,8155
2024-08-14 15:00:00,146.761,146.883,146.632,146.863,3741
2024-08-14 16:00:00,146.86,146.965,146.815,146.942,2723
2024-08-14 17:00:00,146.941,147.258,146.927,147.208,2365
2024-08-14 18:00:00,147.205,147.261,147.162,147.237,1425
2024-08-14 19:00:00,147.236,147.374,147.198,147.32,922
2024-08-14 20:00:00,147.335,147.433,147.104,147.133,722
2024-08-14 21:00:00,147.099,147.272,147.042,147.23,438
2024-08-14 22:00:00,147.253,147.301,147.144,147.282,818
2024-08-14 23:00:00,147.284,147.402,147.217,147.267,2107
2024-08-15 00:00:00,147.271,147.356,147.148,147.226,3696
2024-08-15 01:00:00,147.223,147.613,147.199,147.519,4234
2024-08-15 02:00:00,147.516,147.581,147.412,147.461,2926
2024-08-15 03:00:00,147.464,147.472,147.334,147.399,1465
2024-08-15 04:00:00,147.402,147.412,147.228,147.266,1849
2024-08-15 05:00:00,147.266,147.344,147.049,147.131,1892
2024-08-15 06:00:00,147.134,147.332,147.103,147.163,2405
2024-08-15 07:00:00,147.16,147.263,147.093,147.21,2454
2024-08-15 08:00:00,147.211,147.39,147.202,147.332,2303
2024-08-15 09:00:00,147.335,147.444,147.315,147.372,1560
2024-08-15 10:00:00,147.371,147.38,147.197,147.228,1536
2024-08-15 11:00:00,147.226,147.328,147.176,147.217,1990
2024-08-15 12:00:00,147.219,149.156,147.181,148.954,12724
2024-08-15 13:00:00,148.957,149.323,148.863,149.074,11686
2024-08-15 14:00:00,149.077,149.151,148.776,149.03,7304
2024-08-15 15:00:00,149.028,149.028,148.858,148.911,3289
2024-08-15 16:00:00,148.908,149.047,148.845,149.036,1693
2024-08-15 17:00:00,149.04,149.181,148.955,149.086,1529
2024-08-15 18:00:00,149.084,149.109,148.979,149.002,1429
2024-08-15 19:00:00,149.0,149.049,148.966,149.029,906
2024-08-15 20:00:00,149.027,149.381,149.011,149.268,875
2024-08-15 21:00:00,149.255,149.305,149.184,149.287,341
2024-08-15 22:00:00,149.302,149.31,149.026,149.25,1593
2024-08-15 23:00:00,149.256,149.263,149.146,149.225,1776
2024-08-16 00:00:00,149.228,149.27,148.902,149.15,4568
2024-08-16 01:00:00,149.147,149.223,148.841,148.915,3572
2024-08-16 02:00:00,148.917,148.991,148.735,148.873,3301
2024-08-16 03:00:00,148.871,148.953,148.784,148.927,1950
2024-08-16 04:00:00,148.928,149.004,148.827,148.86,1423
2024-08-16 05:00:00,148.857,149.052,148.841,148.918,1662
2024-08-16 06:00:00,148.921,149.092,148.852,149.055,2296
2024-08-16 07:00:00,149.053,149.057,148.891,149.011,2827
2024-08-16 08:00:00,149.012,149.046,148.651,148.71,3431
2024-08-16 09:00:00,148.712,148.762,148.591,148.672,2648
2024-08-16 10:00:00,148.675,148.675,148.322,148.351,2903
2024-08-16 11:00:00,148.352,148.352,147.954,148.045,4830
2024-08-16 12:00:00,148.042,148.101,147.612,147.679,6116
2024-08-16 13:00:00,147.677,147.928,147.619,147.758,6157
2024-08-16 14:00:00,147.762,148.256,147.762,147.998,6774
2024-08-16 15:00:00,147.995,148.264,147.97,148.129,3408
2024-08-16 16:00:00,148.13,148.191,147.99,148.0,2095
2024-08-16 17:00:00,147.999,148.009,147.702,147.741,1862
2024-08-16 18:00:00,147.744,147.813,147.639,147.669,1888
2024-08-16 19:00:00,147.666,147.722,147.626,147.674,1283
2024-08-16 20:00:00,147.68,147.692,147.555,147.599,822
2024-08-18 21:00:00,147.519,147.647,147.438,147.625,341
2024-08-18 22:00:00,147.635,147.905,147.635,147.86,1871
2024-08-18 23:00:00,147.857,148.048,147.823,147.959,1417
2024-08-19 00:00:00,147.962,148.002,147.728,147.813,4703
2024-08-19 01:00:00,147.811,147.876,147.316,147.409,5256
2024-08-19 02:00:00,147.411,147.636,147.299,147.346,2706
2024-08-19 03:00:00,147.344,147.37,146.31,146.457,8037
2024-08-19 04:00:00,146.459,146.623,145.857,146.187,6328
2024-08-19 05:00:00,146.191,146.295,145.407,145.424,9223
2024-08-19 06:00:00,145.421,145.874,145.184,145.869,9678
2024-08-19 07:00:00,145.866,146.252,145.667,146.102,7611
2024-08-19 08:00:00,146.101,146.226,145.9,146.073,5930
2024-08-19 09:00:00,146.076,146.276,145.958,146.265,3853
2024-08-19 10:00:00,146.264,146.522,146.238,146.347,4250
2024-08-19 11:00:00,146.35,146.385,146.023,146.038,3804
2024-08-19 12:00:00,146.037,146.269,145.928,146.214,4341
2024-08-19 13:00:00,146.217,146.572,146.217,146.393,6530
2024-08-19 14:00:00,146.396,146.674,146.187,146.362,7715
2024-08-19 15:00:00,146.364,146.711,146.348,146.421,3989
2024-08-19 16:00:00,146.422,146.594,146.383,146.494,1991
2024-08-19 17:00:00,146.496,146.615,146.454,146.532,1472
2024-08-19 18:00:00,146.53,146.688,146.478,146.653,1661
2024-08-19 19:00:00,146.656,146.674,146.552,146.609,1357
2024-08-19 20:00:00,146.621,146.687,146.559,146.559,671
2024-08-19 21:00:00,146.537,146.602,146.461,146.562,317
2024-08-19 22:00:00,146.593,146.643,146.534,146.627,472
2024-08-19 23:00:00,146.628,146.865,146.606,146.709,2478
2024-08-20 00:00:00,146.711,146.718,146.177,146.339,7035
2024-08-20 01:00:00,146.342,146.533,145.843,146.338,7402
2024-08-20 02:00:00,146.342,147.1,146.293,146.997,5951
2024-08-20 03:00:00,146.995,147.16,146.835,147.065,4482
2024-08-20 04:00:00,147.062,147.099,146.781,146.924,3110
2024-08-20 05:00:00,146.927,147.326,146.918,147.279,3875
2024-08-20 06:00:00,147.282,147.343,146.898,147.044,4602
2024-08-20 07:00:00,147.046,147.192,146.326,146.554,7629
2024-08-20 08:00:00,146.551,146.583,146.229,146.516,6657
2024-08-20 09:00:00,146.517,146.551,146.376,146.473,3591
2024-08-20 10:00:00,146.477,146.505,146.323,146.445,3219
2024-08-20 11:00:00,146.446,146.556,146.332,146.371,2788
2024-08-20 12:00:00,146.369,146.485,146.121,146.164,4836
2024-08-20 13:00:00,146.167,146.291,146.04,146.108,5535
2024-08-20 14:00:00,146.105,146.244,145.513,145.597,7690
2024-08-20 15:00:00,145.599,145.865,145.581,145.694,4389
2024-08-20 16:00:00,145.697,145.742,145.367,145.392,2952
2024-08-20 17:00:00,145.391,145.488,145.339,145.481,1773
2024-08-20 18:00:00,145.479,145.533,145.361,145.381,1487
2024-08-20 19:00:00,145.378,145.429,145.314,145.317,1203
2024-08-20 20:00:00,145.336,145.355,145.184,145.241,712
2024-08-20 21:00:00,145.223,145.235,144.95,145.119,1262
2024-08-20 22:00:00,145.133,145.176,144.964,145.121,1791
2024-08-20 23:00:00,145.122,145.351,144.938,145.32,4873
2024-08-21 00:00:00,145.317,145.55,144.925,145.447,7146
2024-08-21 01:00:00,145.444,145.586,145.25,145.405,6650
2024-08-21 02:00:00,145.408,145.492,145.271,145.389,3608
2024-08-21 03:00:00,145.388,145.565,145.358,145.473,3231
2024-08-21 04:00:00,145.475,145.755,145.389,145.669,2861
2024-08-21 05:00:00,145.666,145.78,145.508,145.665,2850
2024-08-21 06:00:00,145.666,145.976,145.565,145.943,4483
2024-08-21 07:00:00,145.946,146.223,145.685,146.139,5656
2024-08-21 08:00:00,146.142,146.168,145.876,146.028,3642
2024-08-21 09:00:00,146.029,146.181,145.946,146.111,2818
2024-08-21 10:00:00,146.11,146.223,146.035,146.171,2409
2024-08-21 11:00:00,146.168,146.194,146.029,146.055,2417
2024-08-21 12:00:00,146.053,146.053,145.73,145.776,3817
2024-08-21 13:00:00,145.772,145.809,145.491,145.741,5841
2024-08-21 14:00:00,145.743,146.896,145.409,145.641,31562
2024-08-21 15:00:00,145.644,145.644,145.029,145.193,8805
2024-08-21 16:00:00,145.195,145.239,145.034,145.185,4783
2024-08-21 17:00:00,145.187,145.219,144.935,145.064,3207
2024-08-21 18:00:00,145.066,145.066,144.45,144.741,5626
2024-08-21 19:00:00,144.738,145.04,144.732,144.989,2917
2024-08-21 20:00:00,144.992,145.265,144.992,145.077,1062
2024-08-21 21:00:00,145.037,145.216,144.949,145.101,724
2024-08-21 22:00:00,145.166,145.17,144.881,144.884,1483
2024-08-21 23:00:00,144.889,145.143,144.841,145.12,3068
2024-08-22 00:00:00,145.118,145.435,144.937,145.33,5567
2024-08-22 01:00:00,145.328,145.638,145.215,145.613,3947
2024-08-22 02:00:00,145.615,145.629,145.368,145.443,3142
2024-08-22 03:00:00,145.445,145.48,145.202,145.263,2352
2024-08-22 04:00:00,145.265,145.408,144.981,145.131,3908
2024-08-22 05:00:00,145.134,145.299,145.01,145.266,2501
2024-08-22 06:00:00,145.262,145.45,145.198,145.375,4151
2024-08-22 07:00:00,145.378,145.471,145.083,145.241,4126
2024-08-22 08:00:00,145.243,145.669,145.243,145.629,3953
2024-08-22 09:00:00,145.631,145.756,145.551,145.602,2839
2024-08-22 10:00:00,145.603,145.884,145.558,145.757,2627
2024-08-22 11:00:00,145.76,146.148,145.734,145.987,3105
2024-08-22 12:00:00,145.984,146.342,145.878,146.045,6219
2024-08-22 13:00:00,146.047,146.491,145.816,146.278,8128
2024-08-22 14:00:00,146.274,146.523,146.218,146.233,6673
2024-08-22 15:00:00,146.231,146.345,145.871,145.971,4291
2024-08-22 16:00:00,145.973,146.349,145.96,146.324,3476
2024-08-22 17:00:00,146.321,146.489,146.271,146.314,3360
2024-08-22 18:00:00,146.311,146.345,146.194,146.213,2172
2024-08-22 19:00:00,146.216,146.32,146.172,146.28,1543
2024-08-22 20:00:00,146.29,146.369,146.234,146.272,582
2024-08-22 21:00:00,146.242,146.266,146.146,146.217,191
2024-08-22 22:00:00,146.238,146.273,146.143,146.175,1025
2024-08-22 23:00:00,146.171,146.232,146.018,146.208,2014
2024-08-23 00:00:00,146.211,146.333,145.884,146.068,7989
2024-08-23 01:00:00,146.065,146.128,145.455,145.481,7062
2024-08-23 02:00:00,145.479,145.693,145.288,145.597,5148
2024-08-23 03:00:00,145.594,145.719,145.474,145.667,2689
2024-08-23 04:00:00,145.67,145.895,145.574,145.77,2973
2024-08-23 05:00:00,145.767,145.767,145.558,145.672,2314
2024-08-23 06:00:00,145.674,145.795,145.286,145.453,3688
2024-08-23 07:00:00,145.45,145.974,145.41,145.821,4465
2024-08-23 08:00:00,145.825,146.022,145.743,145.926,3660
2024-08-23 09:00:00,145.925,146.151,145.925,146.134,3018
2024-08-23 10:00:00,146.132,146.173,145.99,146.016,1966
2024-08-23 11:00:00,146.015,146.099,145.935,146.026,1865
2024-08-23 12:00:00,146.03,146.171,145.939,145.985,3792
2024-08-23 13:00:00,145.987,146.477,145.973,146.233,4861
2024-08-23 14:00:00,146.231,146.291,144.955,145.208,18158
2024-08-23 15:00:00,145.204,145.209,144.594,144.862,8616
2024-08-23 16:00:00,144.86,144.975,144.75,144.843,4566
2024-08-23 17:00:00,144.841,144.851,144.338,144.4,3066
2024-08-23 18:00:00,144.404,144.448,144.125,144.288,3621
2024-08-23 19:00:00,144.289,144.301,144.041,144.207,2143
2024-08-23 20:00:00,144.224,144.394,144.212,144.36,1257
2024-08-25 21:00:00,144.185,144.221,143.882,144.023,726
2024-08-25 22:00:00,144.046,144.333,143.82,143.9,2921
2024-08-25 23:00:00,143.897,144.018,143.553,143.919,8046
2024-08-26 00:00:00,143.922,144.054,143.443,143.711,9290
2024-08-26 01:00:00,143.707,143.882,143.443,143.735,7669
2024-08-26 02:00:00,143.732,143.988,143.535,143.926,4614
2024-08-26 03:00:00,143.93,144.09,143.79,143.966,4274
2024-08-26 04:00:00,143.969,144.04,143.737,144.04,3486
2024-08-26 05:00:00,144.041,144.214,143.922,144.052,3253
2024-08-26 06:00:00,144.055,144.063,143.682,143.763,5524
2024-08-26 07:00:00,143.764,143.906,143.597,143.883,4429
2024-08-26 08:00:00,143.887,143.961,143.77,143.859,3168
2024-08-26 09:00:00,143.858,144.001,143.82,143.967,2079
2024-08-26 10:00:00,143.97,144.118,143.966,144.03,2022
2024-08-26 11:00:00,144.027,144.226,143.958,144.129,3070
2024-08-26 12:00:00,144.132,144.362,143.91,143.932,5159
2024-08-26 13:00:00,143.936,144.411,143.852,144.409,6198
2024-08-26 14:00:00,144.41,144.453,144.103,144.145,5859
2024-08-26 15:00:00,144.147,144.604,144.133,144.507,3926
2024-08-26 16:00:00,144.504,144.601,144.443,144.455,2569
2024-08-26 17:00:00,144.458,144.554,144.315,144.521,2074
2024-08-26 18:00:00,144.517,144.65,144.494,144.5,1573
2024-08-26 19:00:00,144.502,144.591,144.492,144.586,906
2024-08-26 20:00:00,144.59,144.604,144.449,144.507,582
2024-08-26 21:00:00,144.473,144.524,144.394,144.459,229
2024-08-26 22:00:00,144.502,144.516,144.31,144.358,1055
2024-08-26 23:00:00,144.362,144.529,144.228,144.501,2271
2024-08-27 00:00:00,144.504,144.858,144.449,144.841,3888
2024-08-27 01:00:00,144.843,144.951,144.603,144.693,3170
2024-08-27 02:00:00,144.696,144.959,144.648,144.865,2632
2024-08-27 03:00:00,144.868,144.969,144.799,144.831,1958
2024-08-27 04:00:00,144.828,144.831,144.622,144.637,2455
2024-08-27 05:00:00,144.64,144.892,144.57,144.788,2326
2024-08-27 06:00:00,144.785,144.858,144.641,144.82,3452
2024-08-27 07:00:00,144.824,145.17,144.777,144.997,4698
2024-08-27 08:00:00,144.993,145.145,144.934,145.06,3248
2024-08-27 09:00:00,145.057,145.069,144.732,144.829,2975
2024-08-27 10:00:00,144.828,144.86,144.675,144.779,2643
2024-08-27 11:00:00,144.775,144.879,144.504,144.529,3098
2024-08-27 12:00:00,144.526,144.602,144.33,144.387,4243
2024-08-27 13:00:00,144.384,144.483,144.235,144.328,4691
2024-08-27 14:00:00,144.331,144.504,144.149,144.247,6260
2024-08-27 15:00:00,144.25,144.366,144.18,144.263,3433
2024-08-27 16:00:00,144.262,144.289,144.097,144.134,1882
2024-08-27 17:00:00,144.131,144.164,143.941,144.146,2127
2024-08-27 18:00:00,144.148,144.148,143.913,144.011,1962
2024-08-27 19:00:00,144.013,144.066,143.94,143.963,1247
2024-08-27 20:00:00,143.969,144.002,143.9,143.934,556
2024-08-27 21:00:00,143.928,143.964,143.876,143.933,505
2024-08-27 22:00:00,143.94,143.944,143.671,143.864,1577
2024-08-27 23:00:00,143.862,143.979,143.717,143.96,2235
2024-08-28 00:00:00,143.963,144.243,143.907,144.108,4681
2024-08-28 01:00:00,144.112,144.391,144.087,144.356,3810
2024-08-28 02:00:00,144.359,144.458,144.29,144.436,2892
2024-08-28 03:00:00,144.438,144.488,144.319,144.406,2277
2024-08-28 04:00:00,144.408,144.537,144.338,144.348,2108
2024-08-28 05:00:00,144.351,144.535,144.286,144.393,3165
2024-08-28 06:00:00,144.396,144.6,144.361,144.531,3352
2024-08-28 07:00:00,144.53,144.569,144.332,144.558,3180
2024-08-28 08:00:00,144.559,144.574,144.317,144.345,2382
2024-08-28 09:00:00,144.347,144.347,144.06,144.275,2612
2024-08-28 10:00:00,144.277,144.485,144.241,144.41,2343
2024-08-28 11:00:00,144.413,144.486,144.267,144.321,2076
2024-08-28 12:00:00,144.318,144.775,144.306,144.706,3669
2024-08-28 13:00:00,144.703,145.037,144.695,144.838,5386
2024-08-28 14:00:00,144.836,144.836,144.438,144.487,4820
2024-08-28 15:00:00,144.484,144.622,144.342,144.469,4218
2024-08-28 16:00:00,144.466,144.754,144.463,144.737,2400
2024-08-28 17:00:00,144.74,144.81,144.566,144.629,2071
2024-08-28 18:00:00,144.631,144.726,144.505,144.648,2098
2024-08-28 19:00:00,144.645,144.757,144.645,144.677,1453
2024-08-28 20:00:00,144.692,144.762,144.394,144.411,1793
2024-08-28 21:00:00,144.36,144.539,144.293,144.448,682
2024-08-28 22:00:00,144.457,144.46,144.271,144.294,2270
2024-08-28 23:00:00,144.295,144.467,144.215,144.435,2783
2024-08-29 00:00:00,144.432,144.597,144.269,144.425,4568
2024-08-29 01:00:00,144.429,144.657,144.342,144.627,2933
2024-08-29 02:00:00,144.626,144.694,144.447,144.586,2069
2024-08-29 03:00:00,144.584,144.612,144.476,144.525,1716
2024-08-29 04:00:00,144.522,144.711,144.458,144.67,2050
2024-08-29 05:00:00,144.669,144.858,144.555,144.617,2946
2024-08-29 06:00:00,144.619,144.671,144.457,144.579,3193
2024-08-29 07:00:00,144.577,144.843,144.55,144.726,3559
2024-08-29 08:00:00,144.722,144.738,144.468,144.686,4953
2024-08-29 09:00:00,144.685,144.733,144.44,144.516,3027
2024-08-29 10:00:00,144.515,144.585,144.458,144.484,2380
2024-08-29 11:00:00,144.481,144.701,144.458,144.589,2579
2024-08-29 12:00:00,144.586,145.424,144.537,145.389,8134
2024-08-29 13:00:00,145.392,145.494,145.26,145.36,7149
2024-08-29 14:00:00,145.363,145.553,145.183,145.342,5540
2024-08-29 15:00:00,145.344,145.389,144.971,144.985,3116
2024-08-29 16:00:00,144.983,145.044,144.898,145.004,2384
2024-08-29 17:00:00,145.0,145.016,144.81,144.855,2293
2024-08-29 18:00:00,144.851,144.892,144.72,144.775,3162
2024-08-29 19:00:00,144.775,144.932,144.753,144.896,3297
2024-08-29 20:00:00,144.904,145.007,144.889,144.97,1674
2024-08-29 21:00:00,144.965,144.999,144.874,144.96,503
2024-08-29 22:00:00,144.98,145.012,144.83,144.902,1298
2024-08-29 23:00:00,144.899,145.069,144.833,144.887,2796
2024-08-30 00:00:00,144.888,144.942,144.649,144.72,4716
2024-08-30 01:00:00,144.723,144.874,144.682,144.759,4139
2024-08-30 02:00:00,144.759,144.84,144.699,144.769,2648
2024-08-30 03:00:00,144.769,144.804,144.75,144.792,1612
2024-08-30 04:00:00,144.792,144.882,144.769,144.843,1889
2024-08-30 05:00:00,144.843,144.942,144.787,144.855,2077
2024-08-30 06:00:00,144.858,145.089,144.858,144.952,2911
2024-08-30 07:00:00,144.95,145.007,144.814,144.927,2842
2024-08-30 08:00:00,144.926,145.132,144.846,145.117,2511
2024-08-30 09:00:00,145.114,145.15,145.018,145.126,2231
2024-08-30 10:00:00,145.128,145.294,145.103,145.29,2402
2024-08-30 11:00:00,145.287,145.454,145.225,145.421,2745
2024-08-30 12:00:00,145.419,145.743,145.248,145.633,6540
2024-08-30 13:00:00,145.63,145.686,145.421,145.594,5649
2024-08-30 14:00:00,145.591,145.716,145.31,145.585,8214
2024-08-30 15:00:00,145.583,145.969,145.556,145.951,5366
2024-08-30 16:00:00,145.952,146.245,145.904,146.22,3685
2024-08-30 17:00:00,146.22,146.243,146.065,146.148,2861
2024-08-30 18:00:00,146.147,146.173,146.045,146.09,1998
2024-08-30 19:00:00,146.092,146.244,146.068,146.167,2096
2024-08-30 20:00:00,146.179,146.209,146.082,146.176,1483
2024-09-01 21:00:00,145.997,146.156,145.933,146.093,534
2024-09-01 22:00:00,146.118,146.443,146.096,146.443,1362
2024-09-01 23:00:00,146.442,146.599,146.355,146.398,3649
2024-09-02 00:00:00,146.398,146.545,146.155,146.19,5075
2024-09-02 01:00:00,146.188,146.277,146.052,146.213,3953
2024-09-02 02:00:00,146.211,146.252,145.9,145.967,3747
2024-09-02 03:00:00,145.971,146.01,145.824,145.947,3294
2024-09-02 04:00:00,145.947,145.947,145.77,145.93,2495
2024-09-02 05:00:00,145.927,146.211,145.924,146.106,2581
2024-09-02 06:00:00,146.109,146.292,146.058,146.157,3296
2024-09-02 07:00:00,146.154,146.474,146.12,146.47,3632
2024-09-02 08:00:00,146.468,146.842,146.428,146.701,4382
2024-09-02 09:00:00,146.699,146.742,146.594,146.675,2788
2024-09-02 10:00:00,146.675,146.804,146.622,146.802,1794
2024-09-02 11:00:00,146.802,146.986,146.744,146.983,1949
2024-09-02 12:00:00,146.983,146.989,146.91,146.977,1867
2024-09-02 13:00:00,146.977,147.174,146.83,146.959,3086
2024-09-02 14:00:00,146.959,147.014,146.914,146.957,2377
2024-09-02 15:00:00,146.954,147.067,146.903,146.948,1501
2024-09-02 16:00:00,146.95,146.987,146.805,146.817,1254
2024-09-02 17:00:00,146.817,146.893,146.817,146.889,424
2024-09-02 18:00:00,146.889,146.907,146.852,146.901,285
2024-09-02 19:00:00,146.901,146.901,146.855,146.867,334
2024-09-02 20:00:00,146.875,146.913,146.844,146.902,507
2024-09-02 21:00:00,146.793,146.895,146.759,146.866,418
2024-09-02 22:00:00,146.894,146.958,146.844,146.945,605
2024-09-02 23:00:00,146.944,146.959,146.709,146.746,1752
2024-09-03 00:00:00,146.748,147.205,146.663,147.123,6004
2024-09-03 01:00:00,147.121,147.143,146.586,146.615,5503
2024-09-03 02:00:00,146.612,146.764,146.562,146.637,4683
2024-09-03 03:00:00,146.638,146.73,146.443,146.54,4550
2024-09-03 04:00:00,146.542,146.572,146.391,146.532,4108
2024-09-03 05:00:00,146.531,146.591,146.137,146.307,4674
2024-09-03 06:00:00,146.309,146.402,145.99,146.016,5089
2024-09-03 07:00:00,146.015,146.243,145.886,145.946,7020
2024-09-03 08:00:00,145.947,146.013,145.607,145.81,7067
2024-09-03 09:00:00,145.808,145.981,145.787,145.933,3759
2024-09-03 10:00:00,145.932,146.061,145.861,146.029,2800
2024-09-03 11:00:00,146.028,146.236,145.889,146.17,2746
2024-09-03 12:00:00,146.173,146.284,145.871,145.88,4273
2024-09-03 13:00:00,145.876,145.921,145.278,145.438,9407
2024-09-03 14:00:00,145.434,145.674,145.123,145.562,11922
2024-09-03 15:00:00,145.564,145.916,145.564,145.819,5083
2024-09-03 16:00:00,145.821,145.921,145.706,145.764,3080
2024-09-03 17:00:00,145.764,145.902,145.731,145.894,2478
2024-09-03 18:00:00,145.891,145.906,145.766,145.802,2162
2024-09-03 19:00:00,145.802,145.83,145.561,145.612,2952
2024-09-03 20:00:00,145.622,145.704,145.441,145.458,1702
2024-09-03 21:00:00,145.453,145.487,145.304,145.432,544
2024-09-03 22:00:00,145.439,145.551,145.25,145.325,2094
2024-09-03 23:00:00,145.336,145.395,145.086,145.364,4673
2024-09-04 00:00:00,145.365,145.55,144.885,145.173,9968
2024-09-04 01:00:00,145.17,145.532,145.142,145.403,6364
2024-09-04 02:00:00,145.401,145.503,145.217,145.442,4906
2024-09-04 03:00:00,145.444,145.551,145.267,145.31,3726
2024-09-04 04:00:00,145.311,145.539,145.208,145.247,3546
2024-09-04 05:00:00,145.247,145.256,145.027,145.165,5317
2024-09-04 06:00:00,145.162,145.313,144.852,144.87,5573
2024-09-04 07:00:00,144.873,145.04,144.748,144.978,6515
2024-09-04 08:00:00,144.981,145.227,144.911,145.201,4210
2024-09-04 09:00:00,145.204,145.268,145.067,145.106,3140
2024-09-04 10:00:00,145.109,145.187,144.931,145.065,3155
2024-09-04 11:00:00,145.062,145.09,144.856,144.883,3366
2024-09-04 12:00:00,144.886,145.214,144.877,145.073,4484
2024-09-04 13:00:00,145.069,145.147,144.743,144.79,5901
2024-09-04 14:00:00,144.787,144.787,143.993,144.117,15500
2024-09-04 15:00:00,144.118,144.414,144.028,144.304,6739
2024-09-04 16:00:00,144.304,144.368,144.007,144.045,4019
2024-09-04 17:00:00,144.043,144.08,143.938,144.07,3340
2024-09-04 18:00:00,144.073,144.123,143.852,143.886,3529
2024-09-04 19:00:00,143.883,143.941,143.788,143.8,3670
2024-09-04 20:00:00,143.816,143.866,143.509,143.556,1703
2024-09-04 21:00:00,143.529,143.669,143.457,143.638,575
2024-09-04 22:00:00,143.649,143.74,143.502,143.62,1587
2024-09-04 23:00:00,143.621,143.684,143.183,143.333,5519
2024-09-05 00:00:00,143.33,143.8,143.296,143.719,6860
2024-09-05 01:00:00,143.72,143.837,143.426,143.7,5810
2024-09-05 02:00:00,143.7,143.902,143.606,143.828,3949
2024-09-05 03:00:00,143.829,143.876,143.671,143.759,3564
2024-09-05 04:00:00,143.762,143.852,143.486,143.573,3483
2024-09-05 05:00:00,143.573,143.595,143.318,143.402,4487
2024-09-05 06:00:00,143.397,143.451,143.042,143.233,6234
2024-09-05 07:00:00,143.236,143.735,143.22,143.61,6154
2024-09-05 08:00:00,143.609,143.748,143.519,143.572,5333
2024-09-05 09:00:00,143.57,143.645,143.423,143.601,3736
2024-09-05 10:00:00,143.6,143.645,143.463,143.488,2647
2024-09-05 11:00:00,143.486,143.569,143.411,143.45,2594
2024-09-05 12:00:00,143.446,143.6,142.845,143.096,11125
2024-09-05 13:00:00,143.094,143.271,143.031,143.202,7850
2024-09-05 14:00:00,143.201,144.229,143.201,143.914,11382
2024-09-05 15:00:00,143.916,144.024,143.41,143.432,7432
2024-09-05 16:00:00,143.43,143.542,143.366,143.43,4632
2024-09-05 17:00:00,143.428,143.45,143.188,143.346,4562
2024-09-05 18:00:00,143.348,143.482,143.199,143.414,2908
2024-09-05 19:00:00,143.412,143.504,143.307,143.437,3182
2024-09-05 20:00:00,143.446,143.479,143.368,143.428,1588
2024-09-05 21:00:00,143.409,143.433,143.353,143.41,397
2024-09-05 22:00:00,143.426,143.452,143.319,143.406,1134
2024-09-05 23:00:00,143.408,143.479,143.343,143.385,2348
2024-09-06 00:00:00,143.382,143.417,143.148,143.177,5567
2024-09-06 01:00:00,143.176,143.361,143.092,143.275,4024
2024-09-06 02:00:00,143.273,143.309,143.166,143.196,2732
2024-09-06 03:00:00,143.196,143.224,142.981,143.03,2564
2024-09-06 04:00:00,143.03,143.03,142.887,142.992,3245
2024-09-06 05:00:00,142.992,143.005,142.402,142.605,6081
2024-09-06 06:00:00,142.604,142.652,142.248,142.391,6901
2024-09-06 07:00:00,142.388,142.535,142.052,142.519,7592
2024-09-06 08:00:00,142.518,142.724,142.478,142.609,5025
2024-09-06 09:00:00,142.609,142.89,142.59,142.799,3584
2024-09-06 10:00:00,142.8,142.955,142.79,142.85,3503
2024-09-06 11:00:00,142.854,143.124,142.822,143.056,3756
2024-09-06 12:00:00,143.059,144.045,141.982,142.984,20145
2024-09-06 13:00:00,142.988,143.891,142.79,143.516,18284
2024-09-06 14:00:00,143.523,143.543,142.207,142.434,19382
2024-09-06 15:00:00,142.437,142.752,141.766,142.139,29711
2024-09-06 16:00:00,142.14,142.663,142.07,142.443,10817
2024-09-06 17:00:00,142.446,142.689,142.229,142.42,6590
2024-09-06 18:00:00,142.423,142.481,142.242,142.356,5012
2024-09-06 19:00:00,142.353,142.478,142.353,142.398,2664
2024-09-06 20:00:00,142.406,142.422,142.246,142.297,2321
2024-09-08 21:00:00,142.221,142.341,142.026,142.125,906
2024-09-08 22:00:00,142.155,142.296,141.954,142.142,2837
2024-09-08 23:00:00,142.141,142.526,142.087,142.488,5661
2024-09-09 00:00:00,142.487,142.74,142.417,142.693,6920
2024-09-09 01:00:00,142.693,142.98,142.611,142.952,6412
2024-09-09 02:00:00,142.955,142.984,142.699,142.817,4056
2024-09-09 03:00:00,142.819,142.956,142.636,142.758,4049
2024-09-09 04:00:00,142.756,143.094,142.736,142.973,4196
2024-09-09 05:00:00,142.973,143.066,142.77,142.911,4732
2024-09-09 06:00:00,142.912,143.056,142.792,142.998,5627
2024-09-09 07:00:00,143.001,143.358,143.001,143.156,6497
2024-09-09 08:00:00,143.156,143.432,143.091,143.377,4492
2024-09-09 09:00:00,143.378,143.572,143.263,143.483,3896
2024-09-09 10:00:00,143.48,143.774,143.469,143.67,3705
2024-09-09 11:00:00,143.666,143.796,143.533,143.606,3738
2024-09-09 12:00:00,143.603,143.696,143.093,143.227,4903
2024-09-09 13:00:00,143.228,143.229,142.723,142.793,7331
2024-09-09 14:00:00,142.792,142.993,142.648,142.735,7444
2024-09-09 15:00:00,142.733,143.009,142.712,142.922,4639
2024-09-09 16:00:00,142.923,142.949,142.823,142.878,3442
2024-09-09 17:00:00,142.878,142.915,142.712,142.814,3358
2024-09-09 18:00:00,142.814,142.892,142.758,142.803,2691
2024-09-09 19:00:00,142.804,142.951,142.774,142.948,2228
2024-09-09 20:00:00,142.942,143.176,142.933,143.161,1477
2024-09-09 21:00:00,143.143,143.152,143.077,143.098,299
2024-09-09 22:00:00,143.131,143.146,142.844,143.035,1461
2024-09-09 23:00:00,143.038,143.296,143.038,143.181,2856
2024-09-10 00:00:00,143.181,143.483,143.114,143.466,6520
2024-09-10 01:00:00,143.468,143.544,143.35,143.417,4159
2024-09-10 02:00:00,143.414,143.429,143.186,143.4,3578
2024-09-10 03:00:00,143.4,143.428,143.171,143.233,3003
2024-09-10 04:00:00,143.233,143.278,143.046,143.08,2336
2024-09-10 05:00:00,143.08,143.184,143.023,143.155,2904
2024-09-10 06:00:00,143.151,143.451,143.086,143.396,3754
2024-09-10 07:00:00,143.395,143.61,143.334,143.599,4599
2024-09-10 08:00:00,143.601,143.709,143.438,143.508,4813
2024-09-10 09:00:00,143.51,143.517,143.148,143.158,3582
2024-09-10 10:00:00,143.161,143.211,142.946,143.039,3237
2024-09-10 11:00:00,143.042,143.185,142.993,143.121,3883
2024-09-10 12:00:00,143.12,143.188,142.75,142.86,5199
2024-09-10 13:00:00,142.864,143.11,142.823,143.004,5508
2024-09-10 14:00:00,143.001,143.044,142.527,142.716,8724
2024-09-10 15:00:00,142.712,142.726,142.255,142.285,5190
2024-09-10 16:00:00,142.283,142.471,142.188,142.459,3545
2024-09-10 17:00:00,142.457,142.565,142.319,142.392,3540
2024-09-10 18:00:00,142.394,142.459,142.219,142.342,2940
2024-09-10 19:00:00,142.344,142.388,142.286,142.291,2252
2024-09-10 20:00:00,142.307,142.485,142.295,142.439,1706
2024-09-10 21:00:00,142.432,142.432,142.282,142.417,498
2024-09-10 22:00:00,142.424,142.468,142.333,142.445,1139
2024-09-10 23:00:00,142.445,142.468,142.207,142.233,2558
2024-09-11 00:00:00,142.235,142.292,142.017,142.285,5950
2024-09-11 01:00:00,142.287,142.422,141.495,141.826,10392
2024-09-11 02:00:00,141.83,141.899,141.556,141.831,6906
2024-09-11 03:00:00,141.832,141.957,141.249,141.394,6538
2024-09-11 04:00:00,141.393,141.397,140.889,141.088,8248
2024-09-11 05:00:00,141.087,141.291,140.706,141.281,7330
2024-09-11 06:00:00,141.282,141.448,141.144,141.371,5322
2024-09-11 07:00:00,141.373,141.543,141.165,141.385,6773
2024-09-11 08:00:00,141.382,141.694,141.329,141.531,5370
2024-09-11 09:00:00,141.534,141.576,141.287,141.567,4108
2024-09-11 10:00:00,141.568,141.691,141.487,141.577,3753
2024-09-11 11:00:00,141.579,141.821,141.503,141.685,3985
2024-09-11 12:00:00,141.688,142.545,141.687,142.289,13462
2024-09-11 13:00:00,142.292,142.493,141.776,141.813,10376
2024-09-11 14:00:00,141.81,141.948,141.242,141.419,13396
2024-09-11 15:00:00,141.422,141.818,141.375,141.724,7881
2024-09-11 16:00:00,141.721,142.031,141.721,141.942,6865
2024-09-11 17:00:00,141.946,142.319,141.893,142.201,6717
2024-09-11 18:00:00,142.199,142.248,142.091,142.196,3796
2024-09-11 19:00:00,142.194,142.408,142.188,142.35,3136
2024-09-11 20:00:00,142.37,142.448,142.172,142.179,2034
2024-09-11 21:00:00,142.173,142.33,142.097,142.271,614
2024-09-11 22:00:00,142.289,142.465,142.215,142.449,1233
2024-09-11 23:00:00,142.452,142.674,142.438,142.632,2902
2024-09-12 00:00:00,142.634,142.946,142.603,142.683,5832
2024-09-12 01:00:00,142.684,142.705,142.251,142.54,7834
2024-09-12 02:00:00,142.538,142.629,142.342,142.524,4858
2024-09-12 03:00:00,142.521,142.608,142.347,142.59,3005
2024-09-12 04:00:00,142.591,142.841,142.574,142.782,2969
2024-09-12 05:00:00,142.781,142.912,142.611,142.829,4852
2024-09-12 06:00:00,142.827,142.838,142.464,142.574,5295
2024-09-12 07:00:00,142.573,143.041,142.549,142.761,6071
2024-09-12 08:00:00,142.758,142.758,142.529,142.58,6333
2024-09-12 09:00:00,142.58,142.709,142.515,142.673,3916
2024-09-12 10:00:00,142.672,142.776,142.584,142.617,3073
2024-09-12 11:00:00,142.62,142.641,142.361,142.563,3855
2024-09-12 12:00:00,142.56,142.62,141.956,142.099,11880
2024-09-12 13:00:00,142.095,142.429,141.907,142.008,11251
2024-09-12 14:00:00,142.01,142.661,142.002,142.479,8960
2024-09-12 15:00:00,142.476,142.558,142.19,142.239,6369
2024-09-12 16:00:00,142.24,142.653,142.208,142.516,5082
2024-09-12 17:00:00,142.513,142.564,142.237,142.272,6042
2024-09-12 18:00:00,142.271,142.366,141.908,142.025,5654
2024-09-12 19:00:00,142.023,142.091,141.747,141.865,5190
2024-09-12 20:00:00,141.865,141.914,141.712,141.796,3162
2024-09-12 21:00:00,141.768,141.828,141.747,141.825,328
2024-09-12 22:00:00,141.838,141.867,141.683,141.836,1390
2024-09-12 23:00:00,141.842,141.842,141.423,141.506,3580
2024-09-13 00:00:00,141.509,141.557,141.156,141.193,7410
2024-09-13 01:00:00,141.19,141.292,140.996,141.224,6845
2024-09-13 02:00:00,141.226,141.288,140.772,141.032,5864
2024-09-13 03:00:00,141.035,141.131,140.811,140.973,4022
2024-09-13 04:00:00,140.976,141.018,140.639,140.953,3948
2024-09-13 05:00:00,140.953,141.177,140.739,140.859,4810
2024-09-13 06:00:00,140.862,141.169,140.824,141.086,6895
2024-09-13 07:00:00,141.083,141.409,140.817,140.91,6098
2024-09-13 08:00:00,140.908,140.967,140.404,140.698,7671
2024-09-13 09:00:00,140.69,140.733,140.356,140.568,5640
2024-09-13 10:00:00,140.57,140.714,140.363,140.695,5028
2024-09-13 11:00:00,140.692,140.973,140.595,140.832,4791
2024-09-13 12:00:00,140.829,141.018,140.696,140.729,6898
2024-09-13 13:00:00,140.726,140.726,140.278,140.369,9639
2024-09-13 14:00:00,140.366,140.77,140.28,140.635,10037
2024-09-13 15:00:00,140.635,140.675,140.336,140.659,4885
2024-09-13 16:00:00,140.663,140.938,140.588,140.808,5450
2024-09-13 17:00:00,140.807,140.963,140.767,140.907,3883
2024-09-13 18:00:00,140.907,141.004,140.835,140.927,2766
2024-09-13 19:00:00,140.929,140.964,140.88,140.905,1985
2024-09-13 20:00:00,140.925,140.934,140.801,140.806,1461
2024-09-15 21:00:00,140.747,140.848,140.564,140.764,722
2024-09-15 22:00:00,140.78,140.78,140.435,140.684,2389
2024-09-15 23:00:00,140.69,140.897,140.684,140.845,2696
2024-09-16 00:00:00,140.845,140.845,140.419,140.521,5518
2024-09-16 01:00:00,140.521,140.583,140.443,140.539,3753
2024-09-16 02:00:00,140.54,140.561,140.47,140.533,3410
2024-09-16 03:00:00,140.533,140.541,140.043,140.121,5577
2024-09-16 04:00:00,140.123,140.299,139.944,140.214,5548
2024-09-16 05:00:00,140.212,140.287,140.062,140.191,3757
2024-09-16 06:00:00,140.19,140.23,139.72,139.851,7199
2024-09-16 07:00:00,139.853,139.929,139.576,139.873,7412
2024-09-16 08:00:00,139.87,139.944,139.73,139.848,5529
2024-09-16 09:00:00,139.849,140.271,139.826,140.203,4562
2024-09-16 10:00:00,140.201,140.231,140.019,140.12,4189
2024-09-16 11:00:00,140.117,140.164,139.873,139.884,4253
2024-09-16 12:00:00,139.882,140.443,139.749,140.232,9913
2024-09-16 13:00:00,140.232,140.477,140.208,140.453,8531
2024-09-16 14:00:00,140.454,140.706,140.32,140.445,7164
2024-09-16 15:00:00,140.442,140.906,140.424,140.797,5955
2024-09-16 16:00:00,140.795,140.855,140.6,140.635,4100
2024-09-16 17:00:00,140.635,140.764,140.599,140.676,2649
2024-09-16 18:00:00,140.675,140.738,140.61,140.71,2493
2024-09-16 19:00:00,140.708,140.879,140.684,140.688,2122
2024-09-16 20:00:00,140.694,140.715,140.564,140.604,1702
2024-09-16 21:00:00,140.597,140.608,140.5,140.605,195
2024-09-16 22:00:00,140.623,140.863,140.62,140.86,1438
2024-09-16 23:00:00,140.86,141.245,140.753,140.797,5436
2024-09-17 00:00:00,140.796,140.843,140.468,140.661,6632
2024-09-17 01:00:00,140.661,140.666,140.335,140.441,6047
2024-09-17 02:00:00,140.442,140.586,140.317,140.571,4374
2024-09-17 03:00:00,140.57,140.663,140.459,140.595,4135
2024-09-17 04:00:00,140.595,140.749,140.568,140.674,3803
2024-09-17 05:00:00,140.676,140.803,140.501,140.699,3967
2024-09-17 06:00:00,140.697,140.723,140.513,140.677,4937
2024-09-17 07:00:00,140.676,140.697,140.346,140.594,6021
2024-09-17 08:00:00,140.593,140.695,140.437,140.567,4419
2024-09-17 09:00:00,140.567,140.649,140.468,140.638,3690
2024-09-17 10:00:00,140.637,140.678,140.574,140.666,2504
2024-09-17 11:00:00,140.663,140.739,140.477,140.6,3441
2024-09-17 12:00:00,140.6,141.128,140.541,140.968,12192
2024-09-17 13:00:00,140.966,141.662,140.868,141.579,11307
2024-09-17 14:00:00,141.58,141.9,141.525,141.695,11297
2024-09-17 15:00:00,141.693,141.809,141.58,141.769,5874
2024-09-17 16:00:00,141.772,141.992,141.687,141.733,5534
2024-09-17 17:00:00,141.731,142.002,141.716,141.899,5148
2024-09-17 18:00:00,141.902,141.985,141.791,141.806,4112
2024-09-17 19:00:00,141.804,142.294,141.777,142.201,4794
2024-09-17 20:00:00,142.211,142.453,142.183,142.401,2336
2024-09-17 21:00:00,142.375,142.4,142.216,142.331,616
2024-09-17 22:00:00,142.343,142.361,142.005,142.043,1463
2024-09-17 23:00:00,142.046,142.1,141.892,142.005,3204
2024-09-18 00:00:00,142.005,142.02,141.558,141.646,7367
2024-09-18 01:00:00,141.647,141.759,141.466,141.516,5822
2024-09-18 02:00:00,141.517,141.623,141.378,141.467,4137
2024-09-18 03:00:00,141.465,141.465,141.287,141.394,3169
2024-09-18 04:00:00,141.391,141.551,141.218,141.315,3439
2024-09-18 05:00:00,141.316,141.539,141.275,141.529,3995
2024-09-18 06:00:00,141.527,141.7,141.436,141.542,4603
2024-09-18 07:00:00,141.541,141.929,141.527,141.873,5079
2024-09-18 08:00:00,141.877,141.994,141.645,141.709,4612
2024-09-18 09:00:00,141.71,141.809,141.567,141.644,3759
2024-09-18 10:00:00,141.645,141.705,141.546,141.602,3555
2024-09-18 11:00:00,141.603,141.908,141.558,141.843,3480
2024-09-18 12:00:00,141.845,142.058,141.809,141.92,5186
2024-09-18 13:00:00,141.919,141.919,141.671,141.759,6118
2024-09-18 14:00:00,141.761,142.064,141.692,141.999,6874
2024-09-18 15:00:00,142.002,142.033,141.861,141.932,4408
2024-09-18 16:00:00,141.931,141.986,141.837,141.881,2989
2024-09-18 17:00:00,141.881,142.062,141.806,141.923,4350
2024-09-18 18:00:00,141.93,141.93,140.434,141.132,35043
2024-09-18 19:00:00,141.129,142.711,141.123,142.432,25517
2024-09-18 20:00:00,142.438,142.463,142.012,142.072,3587
2024-09-18 21:00:00,142.049,142.225,141.981,142.102,748
2024-09-18 22:00:00,142.128,142.205,141.867,142.099,2346
2024-09-18 23:00:00,142.109,142.757,142.105,142.698,7456
2024-09-19 00:00:00,142.7,143.589,142.698,143.483,12822
2024-09-19 01:00:00,143.486,143.942,143.415,143.725,9906
2024-09-19 02:00:00,143.726,143.762,143.169,143.202,8332
2024-09-19 03:00:00,143.205,143.319,142.945,143.166,7533
2024-09-19 04:00:00,143.168,143.294,143.053,143.172,5704
2024-09-19 05:00:00,143.173,143.197,142.549,142.575,7246
2024-09-19 06:00:00,142.572,142.758,142.103,142.245,8962
2024-09-19 07:00:00,142.244,142.545,142.038,142.504,10195
2024-09-19 08:00:00,142.507,142.914,142.452,142.788,7573
2024-09-19 09:00:00,142.786,142.977,142.681,142.755,6445
2024-09-19 10:00:00,142.754,143.171,142.719,142.824,6820
2024-09-19 11:00:00,142.821,143.25,142.76,142.917,8029
2024-09-19 12:00:00,142.918,143.758,142.704,143.755,13379
2024-09-19 13:00:00,143.756,143.764,143.274,143.326,13828
2024-09-19 14:00:00,143.324,143.336,142.799,142.912,12323
2024-09-19 15:00:00,142.914,142.982,142.726,142.881,6435
2024-09-19 16:00:00,142.879,143.131,142.849,143.035,4582
2024-09-19 17:00:00,143.033,143.112,142.896,142.913,4214
2024-09-19 18:00:00,142.912,142.928,142.525,142.657,4538
2024-09-19 19:00:00,142.659,142.743,142.567,142.612,4100
2024-09-19 20:00:00,142.623,142.661,142.51,142.612,2550
2024-09-19 21:00:00,142.603,142.627,142.492,142.622,274
2024-09-19 22:00:00,142.642,142.657,142.508,142.657,1454
2024-09-19 23:00:00,142.663,142.928,142.649,142.862,3540
2024-09-20 00:00:00,142.859,142.896,142.404,142.404,7505
2024-09-20 01:00:00,142.403,142.477,142.136,142.397,7399
2024-09-20 02:00:00,142.399,142.784,142.302,142.465,7193
2024-09-20 03:00:00,142.466,142.481,141.95,142.287,10279
2024-09-20 04:00:00,142.287,142.309,142.098,142.181,4187
2024-09-20 05:00:00,142.181,142.373,142.141,142.277,4514
2024-09-20 06:00:00,142.279,143.046,141.731,142.977,18126
2024-09-20 07:00:00,142.974,143.643,142.819,143.627,16414
2024-09-20 08:00:00,143.629,143.879,143.474,143.807,11896
2024-09-20 09:00:00,143.804,143.945,143.641,143.933,6713
2024-09-20 10:00:00,143.933,144.265,143.77,144.251,6044
2024-09-20 11:00:00,144.253,144.425,144.205,144.214,5386
2024-09-20 12:00:00,144.211,144.285,143.574,143.666,8392
2024-09-20 13:00:00,143.669,144.088,143.463,144.071,11109
2024-09-20 14:00:00,144.073,144.442,144.026,144.418,9309
2024-09-20 15:00:00,144.416,144.494,143.843,143.903,12255
2024-09-20 16:00:00,143.905,143.932,143.646,143.752,8025
2024-09-20 17:00:00,143.754,144.154,143.735,143.972,5499
2024-09-20 18:00:00,143.972,143.978,143.797,143.868,4173
2024-09-20 19:00:00,143.87,143.916,143.717,143.907,3440
2024-09-20 20:00:00,143.904,144.04,143.866,143.917,2540
2024-09-22 21:00:00,143.82,143.982,143.671,143.859,807
2024-09-22 22:00:00,143.892,144.038,143.686,143.918,2285
2024-09-22 23:00:00,143.925,144.088,143.806,144.078,3579
2024-09-23 00:00:00,144.08,144.255,144.024,144.119,6209
2024-09-23 01:00:00,144.121,144.457,144.121,144.368,5217
2024-09-23 02:00:00,144.369,144.446,144.302,144.359,3493
2024-09-23 03:00:00,144.358,144.403,144.258,144.315,2593
2024-09-23 04:00:00,144.315,144.349,144.178,144.253,2377
2024-09-23 05:00:00,144.252,144.316,144.096,144.11,2660
2024-09-23 06:00:00,144.112,144.194,143.864,143.989,5444
2024-09-23 07:00:00,143.992,144.041,143.54,143.665,10950
2024-09-23 08:00:00,143.663,143.744,143.428,143.585,8190
2024-09-23 09:00:00,143.583,143.742,143.513,143.625,5675
2024-09-23 10:00:00,143.624,143.667,143.274,143.368,4977
2024-09-23 11:00:00,143.367,143.641,143.16,143.606,5600
2024-09-23 12:00:00,143.609,143.874,143.452,143.768,6676
2024-09-23 13:00:00,143.77,144.203,143.457,144.054,10228
2024-09-23 14:00:00,144.056,144.343,143.705,143.77,9826
2024-09-23 15:00:00,143.768,143.938,143.566,143.591,7037
2024-09-23 16:00:00,143.59,143.626,143.308,143.34,7241
2024-09-23 17:00:00,143.338,143.402,143.248,143.402,4383
2024-09-23 18:00:00,143.401,143.436,143.288,143.317,3049
2024-09-23 19:00:00,143.317,143.51,143.317,143.465,2870
2024-09-23 20:00:00,143.481,143.637,143.481,143.6,1895
2024-09-23 21:00:00,143.593,143.593,143.419,143.565,297
2024-09-23 22:00:00,143.578,143.698,143.55,143.62,1364
2024-09-23 23:00:00,143.624,143.777,143.514,143.633,2712
2024-09-24 00:00:00,143.63,143.73,143.404,143.55,7072
2024-09-24 01:00:00,143.549,143.908,143.522,143.625,6235
2024-09-24 02:00:00,143.625,143.711,143.37,143.664,4907
2024-09-24 03:00:00,143.663,143.854,143.564,143.769,4169
2024-09-24 04:00:00,143.769,143.939,143.746,143.841,3539
2024-09-24 05:00:00,143.841,144.193,143.831,144.09,5107
2024-09-24 06:00:00,144.087,144.463,144.068,144.423,5823
2024-09-24 07:00:00,144.423,144.675,144.236,144.449,7214
2024-09-24 08:00:00,144.446,144.631,144.215,144.287,7062
2024-09-24 09:00:00,144.285,144.476,144.207,144.263,4710
2024-09-24 10:00:00,144.263,144.353,143.873,143.935,4574
2024-09-24 11:00:00,143.933,144.164,143.825,143.974,5385
2024-09-24 12:00:00,143.974,144.12,143.778,143.961,7221
2024-09-24 13:00:00,143.959,144.204,143.889,144.098,9175
2024-09-24 14:00:00,144.102,144.102,143.424,143.67,11470
2024-09-24 15:00:00,143.67,143.864,143.594,143.771,5561
2024-09-24 16:00:00,143.772,143.791,143.397,143.459,4034
2024-09-24 17:00:00,143.461,143.706,143.43,143.474,3403
2024-09-24 18:00:00,143.472,143.493,143.268,143.38,3388
2024-09-24 19:00:00,143.381,143.432,143.206,143.217,2930
2024-09-24 20:00:00,143.228,143.25,143.088,143.212,1566
2024-09-24 21:00:00,143.122,143.23,143.087,143.152,598
2024-09-24 22:00:00,143.174,143.244,142.875,143.042,1652
2024-09-24 23:00:00,143.043,143.147,142.927,142.946,3180
2024-09-25 00:00:00,142.948,143.309,142.906,143.171,6482
2024-09-25 01:00:00,143.169,143.471,143.095,143.443,6393
2024-09-25 02:00:00,143.443,143.492,143.242,143.344,3775
2024-09-25 03:00:00,143.343,143.45,143.281,143.295,3177
2024-09-25 04:00:00,143.293,143.393,143.218,143.252,3302
2024-09-25 05:00:00,143.252,143.374,143.173,143.254,4388
2024-09-25 06:00:00,143.252,143.738,143.217,143.678,4954
2024-09-25 07:00:00,143.68,143.906,143.569,143.876,6127
2024-09-25 08:00:00,143.876,144.062,143.876,143.935,5038
2024-09-25 09:00:00,143.933,144.258,143.9,144.18,4527
2024-09-25 10:00:00,144.18,144.295,144.064,144.283,3875
2024-09-25 11:00:00,144.279,144.439,144.258,144.301,4781
2024-09-25 12:00:00,144.301,144.405,144.139,144.195,5410
2024-09-25 13:00:00,144.197,144.207,143.854,144.052,7820
2024-09-25 14:00:00,144.054,144.396,144.041,144.352,6849
2024-09-25 15:00:00,144.355,144.602,144.303,144.4,5850
2024-09-25 16:00:00,144.401,144.536,144.37,144.528,4230
2024-09-25 17:00:00,144.529,144.738,144.48,144.55,3965
2024-09-25 18:00:00,144.548,144.716,144.511,144.67,3061
2024-09-25 19:00:00,144.673,144.763,144.6,144.742,2247
2024-09-25 20:00:00,144.752,144.838,144.545,144.565,1435
2024-09-25 21:00:00,144.54,144.702,144.482,144.666,830
2024-09-25 22:00:00,144.679,144.681,144.546,144.655,1840
2024-09-25 23:00:00,144.658,144.764,144.611,144.709,2611
2024-09-26 00:00:00,144.707,144.723,144.44,144.493,5880
2024-09-26 01:00:00,144.49,144.944,144.469,144.81,4069
2024-09-26 02:00:00,144.813,144.946,144.759,144.833,3537
2024-09-26 03:00:00,144.833,145.038,144.786,144.925,2866
2024-09-26 04:00:00,144.925,144.962,144.622,144.689,3446
2024-09-26 05:00:00,144.691,144.868,144.632,144.716,3704
2024-09-26 06:00:00,144.718,144.854,144.611,144.83,4858
2024-09-26 07:00:00,144.832,145.166,144.71,145.024,7246
2024-09-26 08:00:00,145.023,145.197,144.675,144.822,7164
2024-09-26 09:00:00,144.82,144.964,144.698,144.702,5205
2024-09-26 10:00:00,144.698,144.745,144.334,144.358,6298
2024-09-26 11:00:00,144.356,144.431,144.153,144.163,4975
2024-09-26 12:00:00,144.161,144.721,144.104,144.56,8623
2024-09-26 13:00:00,144.563,144.703,144.301,144.572,10673
2024-09-26 14:00:00,144.576,145.211,144.548,144.831,10919
2024-09-26 15:00:00,144.829,144.947,144.607,144.676,6534
2024-09-26 16:00:00,144.675,144.899,144.675,144.854,4932
2024-09-26 17:00:00,144.852,144.855,144.531,144.715,4703
2024-09-26 18:00:00,144.714,144.771,144.558,144.623,3725
2024-09-26 19:00:00,144.62,144.683,144.503,144.639,2587
2024-09-26 20:00:00,144.66,144.879,144.654,144.805,1816
2024-09-26 21:00:00,144.777,144.809,144.647,144.772,448
2024-09-26 22:00:00,144.801,144.967,144.782,144.874,1282
2024-09-26 23:00:00,144.871,145.142,144.871,145.081,3096
2024-09-27 00:00:00,145.08,145.472,144.932,145.458,7581
2024-09-27 01:00:00,145.457,145.577,145.266,145.304,7501
2024-09-27 02:00:00,145.307,145.341,144.961,145.086,5442
2024-09-27 03:00:00,145.087,145.262,144.981,145.248,3919
2024-09-27 04:00:00,145.251,145.798,145.251,145.789,4865
2024-09-27 05:00:00,145.789,146.496,145.756,146.253,15296
2024-09-27 06:00:00,146.257,146.347,143.13,143.172,41535
2024-09-27 07:00:00,143.18,143.468,142.77,143.192,18167
2024-09-27 08:00:00,143.19,143.768,142.944,143.14,12805
2024-09-27 09:00:00,143.137,143.494,143.063,143.133,11140
2024-09-27 10:00:00,143.134,143.326,142.955,143.222,7416
2024-09-27 11:00:00,143.223,143.362,143.085,143.105,6942
2024-09-27 12:00:00,143.104,143.237,142.495,142.515,12632
2024-09-27 13:00:00,142.519,142.993,142.489,142.551,10844
2024-09-27 14:00:00,142.539,143.073,142.381,142.855,13722
2024-09-27 15:00:00,142.856,143.084,142.558,142.598,8551
2024-09-27 16:00:00,142.597,142.701,142.404,142.507,6991
2024-09-27 17:00:00,142.508,142.6,142.282,142.324,5568
2024-09-27 18:00:00,142.325,142.412,142.069,142.163,5156
2024-09-27 19:00:00,142.161,142.262,142.063,142.134,4473
2024-09-27 20:00:00,142.146,142.261,142.122,142.204,2204
2024-09-29 21:00:00,142.214,142.267,142.057,142.244,623
2024-09-29 22:00:00,142.269,142.694,142.243,142.672,2498
2024-09-29 23:00:00,142.674,142.947,142.581,142.786,4437
2024-09-30 00:00:00,142.789,142.842,142.453,142.681,9242
2024-09-30 01:00:00,142.685,142.843,142.411,142.467,7104
2024-09-30 02:00:00,142.464,142.55,142.266,142.518,4962
2024-09-30 03:00:00,142.516,142.524,142.33,142.45,3629
2024-09-30 04:00:00,142.45,142.5,142.079,142.125,3974
2024-09-30 05:00:00,142.123,142.156,141.654,141.701,7498
2024-09-30 06:00:00,141.701,142.077,141.641,142.048,7403
2024-09-30 07:00:00,142.046,142.428,141.915,142.364,7847
2024-09-30 08:00:00,142.365,142.579,142.338,142.531,7054
2024-09-30 09:00:00,142.533,142.6,142.445,142.529,4385
2024-09-30 10:00:00,142.531,142.798,142.531,142.599,3856
2024-09-30 11:00:00,142.601,142.609,142.4,142.557,4500
2024-09-30 12:00:00,142.554,143.0,142.541,142.942,5559
2024-09-30 13:00:00,142.943,143.141,142.744,143.126,7922
2024-09-30 14:00:00,143.128,143.189,142.817,143.03,10563
2024-09-30 15:00:00,143.032,143.365,142.992,143.259,6177
2024-09-30 16:00:00,143.257,143.317,143.072,143.113,4997
2024-09-30 17:00:00,143.111,143.126,142.923,143.093,4093
2024-09-30 18:00:00,143.094,143.915,143.086,143.683,12713
2024-09-30 19:00:00,143.68,143.908,143.634,143.708,4525
2024-09-30 20:00:00,143.724,143.728,143.596,143.614,2365
2024-09-30 21:00:00,143.605,143.616,143.518,143.59,433
2024-09-30 22:00:00,143.597,143.697,143.528,143.552,1596
2024-09-30 23:00:00,143.557,143.735,143.368,143.712,3900
2024-10-01 00:00:00,143.71,144.118,143.681,143.963,7475
2024-10-01 01:00:00,143.964,144.128,143.681,143.715,6175
2024-10-01 02:00:00,143.713,144.022,143.655,144.003,4195
2024-10-01 03:00:00,144.004,144.327,143.948,144.273,4504
2024-10-01 04:00:00,144.275,144.395,144.22,144.273,3545
2024-10-01 05:00:00,144.273,144.413,144.22,144.256,4489
2024-10-01 06:00:00,144.258,144.527,144.179,144.334,7501
2024-10-01 07:00:00,144.332,144.347,143.877,144.17,12466
2024-10-01 08:00:00,144.168,144.223,143.695,143.802,9797
2024-10-01 09:00:00,143.8,143.832,143.619,143.728,6252
2024-10-01 10:00:00,143.73,143.794,143.672,143.733,4601
2024-10-01 11:00:00,143.735,143.784,143.556,143.751,5630
2024-10-01 12:00:00,143.754,144.066,143.676,144.036,7682
2024-10-01 13:00:00,144.034,144.069,143.177,143.529,19513
2024-10-01 14:00:00,143.534,143.846,142.963,143.599,20654
2024-10-01 15:00:00,143.602,143.919,143.524,143.667,9701
2024-10-01 16:00:00,143.666,143.716,143.27,143.633,10807
2024-10-01 17:00:00,143.63,143.852,143.32,143.814,8613
2024-10-01 18:00:00,143.812,143.918,143.593,143.665,4793
2024-10-01 19:00:00,143.664,143.743,143.509,143.541,4467
2024-10-01 20:00:00,143.556,143.582,143.49,143.552,2879
2024-10-01 21:00:00,143.537,143.576,143.427,143.447,231
2024-10-01 22:00:00,143.628,143.639,143.405,143.51,1336
2024-10-01 23:00:00,143.514,143.761,143.504,143.722,3006
2024-10-02 00:00:00,143.72,143.881,143.646,143.817,5817
2024-10-02 01:00:00,143.814,143.908,143.56,143.896,5073
2024-10-02 02:00:00,143.899,144.023,143.854,143.999,3119
2024-10-02 03:00:00,144.0,144.186,143.879,144.13,3514
2024-10-02 04:00:00,144.129,144.149,143.571,143.729,5987
2024-10-02 05:00:00,143.727,143.854,143.526,143.705,7872
2024-10-02 06:00:00,143.703,144.023,143.652,143.895,6178
2024-10-02 07:00:00,143.897,144.184,143.897,144.06,6712
2024-10-02 08:00:00,144.058,144.321,143.945,144.32,5016
2024-10-02 09:00:00,144.323,144.41,144.198,144.258,4540
2024-10-02 10:00:00,144.26,144.854,144.07,144.789,8833
2024-10-02 11:00:00,144.788,144.888,144.62,144.694,6171
2024-10-02 12:00:00,144.692,145.441,144.674,145.366,8038
2024-10-02 13:00:00,145.366,145.75,145.293,145.74,8247
2024-10-02 14:00:00,145.743,146.264,145.573,146.186,9868
2024-10-02 15:00:00,146.185,146.255,146.026,146.045,7455
2024-10-02 16:00:00,146.044,146.163,145.908,146.026,5378
2024-10-02 17:00:00,146.025,146.192,145.964,146.166,3725
2024-10-02 18:00:00,146.164,146.372,146.164,146.327,2887
2024-10-02 19:00:00,146.325,146.476,146.293,146.419,2554
2024-10-02 20:00:00,146.434,146.485,146.26,146.275,1744
2024-10-02 21:00:00,146.23,146.393,146.159,146.357,788
2024-10-02 22:00:00,146.373,146.794,146.276,146.586,2611
2024-10-02 23:00:00,146.591,146.797,146.43,146.569,4730
2024-10-03 00:00:00,146.568,147.058,146.459,146.988,7765
2024-10-03 01:00:00,146.99,147.241,146.795,146.795,6413
2024-10-03 02:00:00,146.791,146.922,146.68,146.778,4888
2024-10-03 03:00:00,146.779,146.963,146.771,146.849,3433
2024-10-03 04:00:00,146.848,146.93,146.675,146.721,3499
2024-10-03 05:00:00,146.718,146.811,146.53,146.558,5345
2024-10-03 06:00:00,146.554,146.774,146.471,146.724,5944
2024-10-03 07:00:00,146.725,146.856,146.297,146.447,7757
2024-10-03 08:00:00,146.45,146.791,146.387,146.746,5458
2024-10-03 09:00:00,146.744,146.986,146.741,146.918,5260
2024-10-03 10:00:00,146.918,146.942,146.816,146.831,4094
2024-10-03 11:00:00,146.832,146.991,146.581,146.663,4610
2024-10-03 12:00:00,146.665,146.862,146.513,146.773,9083
2024-10-03 13:00:00,146.771,146.786,146.462,146.623,7916
2024-10-03 14:00:00,146.649,147.178,146.616,146.774,17641
2024-10-03 15:00:00,146.772,146.845,146.598,146.827,6271
2024-10-03 16:00:00,146.828,146.927,146.702,146.714,4135
2024-10-03 17:00:00,146.711,146.715,146.573,146.653,4391
2024-10-03 18:00:00,146.652,146.881,146.651,146.865,2962
2024-10-03 19:00:00,146.863,146.881,146.755,146.834,2253
2024-10-03 20:00:00,146.83,146.962,146.83,146.917,1232
2024-10-03 21:00:00,146.892,146.896,146.719,146.852,639
2024-10-03 22:00:00,146.872,146.899,146.82,146.848,1007
2024-10-03 23:00:00,146.851,146.857,146.719,146.84,2009
2024-10-04 00:00:00,146.837,146.929,146.611,146.639,5194
2024-10-04 01:00:00,146.639,146.676,146.523,146.547,4371
2024-10-04 02:00:00,146.551,146.567,146.39,146.41,3302
2024-10-04 03:00:00,146.407,146.496,146.353,146.374,2942
2024-10-04 04:00:00,146.373,146.384,146.15,146.226,3689
2024-10-04 05:00:00,146.227,146.307,145.913,146.081,4020
2024-10-04 06:00:00,146.083,146.233,145.947,146.217,5860
2024-10-04 07:00:00,146.219,146.341,146.173,146.3,6103
2024-10-04 08:00:00,146.302,146.408,146.243,146.334,4092
2024-10-04 09:00:00,146.336,146.476,146.335,146.471,3730
2024-10-04 10:00:00,146.473,146.56,146.41,146.496,3043
2024-10-04 11:00:00,146.494,146.628,146.439,146.587,3397
2024-10-04 12:00:00,146.589,148.692,146.468,148.64,19494
2024-10-04 13:00:00,148.642,148.805,148.319,148.404,14400
2024-10-04 14:00:00,148.406,148.567,148.305,148.499,9864
2024-10-04 15:00:00,148.496,148.758,148.423,148.693,6806
2024-10-04 16:00:00,148.691,149.004,148.665,148.934,5212
2024-10-04 17:00:00,148.934,148.951,148.789,148.792,3704
2024-10-04 18:00:00,148.79,148.881,148.753,148.868,3439
2024-10-04 19:00:00,148.865,148.893,148.754,148.754,2582
2024-10-04 20:00:00,148.766,148.766,148.629,148.687,1889
2024-10-06 21:00:00,148.658,148.776,148.555,148.75,808
2024-10-06 22:00:00,148.764,149.113,148.764,148.933,2680
2024-10-06 23:00:00,148.936,149.111,148.771,148.796,4113
2024-10-07 00:00:00,148.792,148.792,148.353,148.422,7252
2024-10-07 01:00:00,148.419,148.568,148.32,148.386,5837
2024-10-07 02:00:00,148.385,148.583,148.218,148.579,4102
2024-10-07 03:00:00,148.58,148.645,148.353,148.405,3304
2024-10-07 04:00:00,148.404,148.541,148.333,148.534,3013
2024-10-07 05:00:00,148.534,148.614,148.399,148.427,3470
2024-10-07 06:00:00,148.429,148.544,148.335,148.383,5271
2024-10-07 07:00:00,148.38,148.445,148.149,148.268,7780
2024-10-07 08:00:00,148.27,148.354,148.057,148.316,5580
2024-10-07 09:00:00,148.313,148.485,148.206,148.339,4871
2024-10-07 10:00:00,148.339,148.644,148.286,148.634,4459
2024-10-07 11:00:00,148.634,148.684,148.157,148.268,5489
2024-10-07 12:00:00,148.265,148.271,148.023,148.163,8279
2024-10-07 13:00:00,148.165,148.231,147.838,147.917,9537
2024-10-07 14:00:00,147.916,148.244,147.881,148.216,7651
2024-10-07 15:00:00,148.218,148.272,147.996,148.12,4730
2024-10-07 16:00:00,148.122,148.192,147.989,148.003,3486
2024-10-07 17:00:00,148.001,148.046,147.88,148.019,2630
2024-10-07 18:00:00,148.019,148.105,147.949,148.101,3184
2024-10-07 19:00:00,148.103,148.156,148.024,148.062,2816
2024-10-07 20:00:00,148.068,148.202,148.048,148.172,1413
2024-10-07 21:00:00,148.144,148.164,148.103,148.142,360
2024-10-07 22:00:00,148.153,148.171,147.548,147.694,1879
2024-10-07 23:00:00,147.695,148.161,147.682,148.126,5019
2024-10-08 00:00:00,148.129,148.192,147.74,147.819,7238
2024-10-08 01:00:00,147.822,147.938,147.747,147.844,5675
2024-10-08 02:00:00,147.841,147.858,147.506,147.689,6170
2024-10-08 03:00:00,147.689,147.959,147.685,147.912,3901
2024-10-08 04:00:00,147.911,148.102,147.898,148.075,2945
2024-10-08 05:00:00,148.076,148.16,147.833,147.971,4598
2024-10-08 06:00:00,147.974,148.124,147.837,147.99,5431
2024-10-08 07:00:00,147.992,148.06,147.338,147.59,9062
2024-10-08 08:00:00,147.591,147.849,147.528,147.832,5579
2024-10-08 09:00:00,147.833,147.951,147.718,147.822,4381
2024-10-08 10:00:00,147.824,147.995,147.776,147.875,4147
2024-10-08 11:00:00,147.875,147.998,147.81,147.851,4257
2024-10-08 12:00:00,147.851,148.175,147.851,148.034,6029
2024-10-08 13:00:00,148.036,148.283,147.951,148.248,7055
2024-10-08 14:00:00,148.25,148.334,148.111,148.309,5684
2024-10-08 15:00:00,148.312,148.36,148.171,148.224,4658
2024-10-08 16:00:00,148.225,148.267,148.036,148.149,3133
2024-10-08 17:00:00,148.15,148.292,148.149,148.242,2841
2024-10-08 18:00:00,148.243,148.362,148.198,148.349,2718
2024-10-08 19:00:00,148.349,148.38,148.259,148.266,2016
2024-10-08 20:00:00,148.276,148.32,148.155,148.179,1842
2024-10-08 21:00:00,148.162,148.22,148.128,148.215,258
2024-10-08 22:00:00,148.229,148.303,148.187,148.2,681
2024-10-08 23:00:00,148.198,148.31,148.105,148.14,2115
2024-10-09 00:00:00,148.14,148.23,148.006,148.22,4008
2024-10-09 01:00:00,148.221,148.431,148.155,148.174,4196
2024-10-09 02:00:00,148.174,148.291,148.072,148.268,3470
2024-10-09 03:00:00,148.27,148.343,148.181,148.317,2655
2024-10-09 04:00:00,148.316,148.367,148.277,148.335,1714
2024-10-09 05:00:00,148.337,148.613,148.312,148.591,3895
2024-10-09 06:00:00,148.591,148.651,148.423,148.443,3977
2024-10-09 07:00:00,148.441,148.561,148.259,148.541,5684
2024-10-09 08:00:00,148.542,148.729,148.477,148.713,4188
2024-10-09 09:00:00,148.715,148.755,148.559,148.616,3408
2024-10-09 10:00:00,148.617,148.691,148.503,148.596,3196
2024-10-09 11:00:00,148.595,148.735,148.506,148.72,3021
2024-10-09 12:00:00,148.717,148.912,148.667,148.902,3622
2024-10-09 13:00:00,148.902,149.122,148.809,149.108,4778
2024-10-09 14:00:00,149.109,149.174,149.028,149.143,4539
2024-10-09 15:00:00,149.14,149.263,149.068,149.195,3666
2024-10-09 16:00:00,149.196,149.299,149.189,149.235,2879
2024-10-09 17:00:00,149.236,149.29,149.167,149.189,2678
2024-10-09 18:00:00,149.186,149.362,149.15,149.362,2996
2024-10-09 19:00:00,149.359,149.359,149.232,149.297,2270
2024-10-09 20:00:00,149.308,149.352,149.087,149.087,1101
2024-10-09 21:00:00,149.077,149.237,148.963,149.159,939
2024-10-09 22:00:00,149.18,149.294,149.169,149.229,1147
2024-10-09 23:00:00,149.228,149.293,149.139,149.161,1949
2024-10-10 00:00:00,149.158,149.29,149.0,149.214,4198
2024-10-10 01:00:00,149.213,149.213,149.061,149.087,3101
2024-10-10 02:00:00,149.087,149.218,149.068,149.209,2428
2024-10-10 03:00:00,149.209,149.224,149.137,149.22,1796
2024-10-10 04:00:00,149.219,149.543,149.219,149.397,2573
2024-10-10 05:00:00,149.397,149.469,149.203,149.255,2560
2024-10-10 06:00:00,149.252,149.252,149.047,149.113,4515
2024-10-10 07:00:00,149.116,149.182,148.897,149.016,6000
2024-10-10 08:00:00,149.013,149.208,148.982,149.068,4540
2024-10-10 09:00:00,149.065,149.097,148.827,148.877,4346
2024-10-10 10:00:00,148.878,148.933,148.772,148.844,3012
2024-10-10 11:00:00,148.843,149.09,148.842,148.953,3606
2024-10-10 12:00:00,148.953,149.595,148.245,148.609,20891
2024-10-10 13:00:00,148.606,148.765,148.393,148.558,15895
2024-10-10 14:00:00,148.56,148.877,148.343,148.711,11921
2024-10-10 15:00:00,148.709,148.821,148.439,148.564,6565
2024-10-10 16:00:00,148.566,148.957,148.435,148.917,6403
2024-10-10 17:00:00,148.916,149.078,148.728,148.814,5937
2024-10-10 18:00:00,148.816,148.838,148.623,148.75,2780
2024-10-10 19:00:00,148.751,148.755,148.491,148.54,2428
2024-10-10 20:00:00,148.564,148.586,148.492,148.552,1387
2024-10-10 21:00:00,148.502,148.545,148.449,148.517,391
2024-10-10 22:00:00,148.537,148.655,148.522,148.654,805
2024-10-10 23:00:00,148.659,148.743,148.56,148.705,2124
2024-10-11 00:00:00,148.705,148.759,148.413,148.459,5332
2024-10-11 01:00:00,148.457,148.793,148.397,148.759,3386
2024-10-11 02:00:00,148.762,148.776,148.635,148.663,2724
2024-10-11 03:00:00,148.663,148.731,148.578,148.708,2631
2024-10-11 04:00:00,148.706,148.761,148.669,148.71,1809
2024-10-11 05:00:00,148.71,148.731,148.601,148.689,2191
2024-10-11 06:00:00,148.691,148.856,148.66,148.691,3296
2024-10-11 07:00:00,148.69,148.807,148.658,148.772,4135
2024-10-11 08:00:00,148.771,148.824,148.665,148.731,2841
2024-10-11 09:00:00,148.732,148.954,148.72,148.936,2538
2024-10-11 10:00:00,148.939,149.08,148.901,149.055,2445
2024-10-11 11:00:00,149.056,149.14,148.994,149.0,2544
2024-10-11 12:00:00,148.997,149.26,148.778,149.061,7846
2024-10-11 13:00:00,149.058,149.173,148.968,149.09,6667
2024-10-11 14:00:00,149.087,149.283,149.0,149.256,6180
2024-10-11 15:00:00,149.254,149.264,149.063,149.117,3441
2024-10-11 16:00:00,149.117,149.128,148.971,149.0,2355
2024-10-11 17:00:00,148.999,149.101,148.951,149.029,1906
2024-10-11 18:00:00,149.029,149.109,149.029,149.104,1475
2024-10-11 19:00:00,149.103,149.146,149.081,149.126,1091
2024-10-11 20:00:00,149.132,149.17,149.083,149.091,1190
2024-10-13 21:00:00,148.997,149.147,148.942,149.113,731
2024-10-13 22:00:00,149.127,149.332,149.125,149.332,1424
2024-10-13 23:00:00,149.329,149.392,149.227,149.302,1813
2024-10-14 00:00:00,149.302,149.367,149.14,149.216,2653
2024-10-14 01:00:00,149.215,149.277,149.144,149.209,2324
2024-10-14 02:00:00,149.209,149.315,149.186,149.314,1864
2024-10-14 03:00:00,149.316,149.349,149.254,149.323,1499
2024-10-14 04:00:00,149.322,149.331,149.262,149.287,858
2024-10-14 05:00:00,149.287,149.319,149.165,149.221,1370
2024-10-14 06:00:00,149.223,149.238,149.172,149.207,2093
2024-10-14 07:00:00,149.208,149.394,149.182,149.352,3209
2024-10-14 08:00:00,149.353,149.466,149.322,149.417,2655
2024-10-14 09:00:00,149.417,149.424,149.339,149.393,2056
2024-10-14 10:00:00,149.394,149.537,149.39,149.513,2046
2024-10-14 11:00:00,149.515,149.726,149.503,149.637,3393
2024-10-14 12:00:00,149.635,149.797,149.624,149.734,3190
2024-10-14 13:00:00,149.736,149.878,149.69,149.781,3900
2024-10-14 14:00:00,149.783,149.956,149.783,149.837,3654
2024-10-14 15:00:00,149.838,149.895,149.796,149.821,2057
2024-10-14 16:00:00,149.821,149.935,149.796,149.928,1435
2024-10-14 17:00:00,149.928,149.933,149.845,149.869,1039
2024-10-14 18:00:00,149.87,149.913,149.828,149.897,1034
2024-10-14 19:00:00,149.897,149.979,149.705,149.748,3228
2024-10-14 20:00:00,149.759,149.777,149.7,149.732,906
2024-10-14 21:00:00,149.684,149.766,149.641,149.763,360
2024-10-14 22:00:00,149.774,149.778,149.695,149.73,592
2024-10-14 23:00:00,149.73,149.835,149.666,149.712,2013
2024-10-15 00:00:00,149.712,149.741,149.521,149.576,4070
2024-10-15 01:00:00,149.578,149.595,149.439,149.521,2125
2024-10-15 02:00:00,149.52,149.712,149.5,149.616,2339
2024-10-15 03:00:00,149.619,149.718,149.569,149.706,2043
2024-10-15 04:00:00,149.706,149.756,149.662,149.674,1625
2024-10-15 05:00:00,149.673,149.697,149.439,149.634,3038
2024-10-15 06:00:00,149.634,149.634,149.302,149.307,4420
2024-10-15 07:00:00,149.304,149.334,149.164,149.23,5378
2024-10-15 08:00:00,149.232,149.242,149.03,149.149,4561
2024-10-15 09:00:00,149.15,149.164,148.845,148.9,4020
2024-10-15 10:00:00,148.898,149.18,148.871,149.139,3360
2024-10-15 11:00:00,149.139,149.368,149.138,149.348,3230
2024-10-15 12:00:00,149.348,149.414,148.993,149.083,5850
2024-10-15 13:00:00,149.081,149.244,149.07,149.181,5677
2024-10-15 14:00:00,149.183,149.34,148.933,149.226,6758
2024-10-15 15:00:00,149.227,149.315,149.164,149.219,4553
2024-10-15 16:00:00,149.221,149.477,149.221,149.446,2960
2024-10-15 17:00:00,149.447,149.54,149.418,149.429,2799
2024-10-15 18:00:00,149.427,149.453,149.247,149.271,1915
2024-10-15 19:00:00,149.272,149.287,149.16,149.215,2394
2024-10-15 20:00:00,149.234,149.242,149.164,149.194,1291
2024-10-15 21:00:00,149.168,149.214,149.074,149.195,293
2024-10-15 22:00:00,149.203,149.26,149.157,149.231,826
2024-10-15 23:00:00,149.229,149.334,149.063,149.082,2057
2024-10-16 00:00:00,149.084,149.28,149.027,149.264,4839
2024-10-16 01:00:00,149.265,149.297,148.855,149.025,5020
2024-10-16 02:00:00,149.023,149.114,148.949,149.088,2962
2024-10-16 03:00:00,149.086,149.197,149.035,149.169,2656
2024-10-16 04:00:00,149.168,149.281,149.131,149.261,2103
2024-10-16 05:00:00,149.265,149.37,149.185,149.357,2805
2024-10-16 06:00:00,149.36,149.372,149.163,149.262,4529
2024-10-16 07:00:00,149.262,149.485,149.162,149.447,3918
2024-10-16 08:00:00,149.445,149.486,149.303,149.463,3348
2024-10-16 09:00:00,149.459,149.467,149.173,149.269,3310
2024-10-16 10:00:00,149.269,149.388,149.21,149.382,2472
2024-10-16 11:00:00,149.382,149.418,149.142,149.169,3475
2024-10-16 12:00:00,149.167,149.479,149.141,149.445,4263
2024-10-16 13:00:00,149.445,149.534,149.201,149.306,4633
2024-10-16 14:00:00,149.306,149.743,149.294,149.624,4584
2024-10-16 15:00:00,149.622,149.742,149.541,149.713,3684
2024-10-16 16:00:00,149.712,149.772,149.69,149.739,1709
2024-10-16 17:00:00,149.741,149.791,149.715,149.75,1337
2024-10-16 18:00:00,149.747,149.8,149.741,149.772,1555
2024-10-16 19:00:00,149.77,149.802,149.693,149.694,1267
2024-10-16 20:00:00,149.703,149.711,149.404,149.425,1224
2024-10-16 21:00:00,149.408,149.6,149.358,149.568,574
2024-10-16 22:00:00,149.59,149.657,149.518,149.573,844
2024-10-16 23:00:00,149.573,149.659,149.522,149.562,1797
2024-10-17 00:00:00,149.56,149.615,149.437,149.542,3909
2024-10-17 01:00:00,149.541,149.563,149.289,149.379,3613
2024-10-17 02:00:00,149.376,149.42,149.233,149.407,3167
2024-10-17 03:00:00,149.405,149.567,149.405,149.551,2596
2024-10-17 04:00:00,149.553,149.572,149.391,149.538,2110
2024-10-17 05:00:00,149.535,149.561,149.452,149.507,2699
2024-10-17 06:00:00,149.51,149.645,149.434,149.628,3168
2024-10-17 07:00:00,149.63,149.791,149.629,149.771,2918
2024-10-17 08:00:00,149.769,149.87,149.728,149.829,2542
2024-10-17 09:00:00,149.828,149.829,149.607,149.638,2149
2024-10-17 10:00:00,149.636,149.636,149.544,149.615,2194
2024-10-17 11:00:00,149.617,149.647,149.482,149.524,2102
2024-10-17 12:00:00,149.524,150.077,149.455,149.826,9156
2024-10-17 13:00:00,149.827,149.951,149.632,149.781,8966
2024-10-17 14:00:00,149.781,150.042,149.724,150.018,6432
2024-10-17 15:00:00,150.016,150.148,149.92,150.124,3891
2024-10-17 16:00:00,150.121,150.296,150.115,150.208,3384
2024-10-17 17:00:00,150.206,150.256,150.139,150.246,2147
2024-10-17 18:00:00,150.245,150.275,150.185,150.273,2076
2024-10-17 19:00:00,150.274,150.32,150.192,150.205,1734
2024-10-17 20:00:00,150.218,150.233,150.176,150.198,938
2024-10-17 21:00:00,150.179,150.202,150.015,150.156,393
2024-10-17 22:00:00,150.168,150.219,150.121,150.209,560
2024-10-17 23:00:00,150.206,150.283,150.068,150.1,1347
2024-10-18 00:00:00,150.102,150.146,149.893,150.044,4824
2024-10-18 01:00:00,150.045,150.059,149.869,150.01,3363
2024-10-18 02:00:00,150.01,150.092,149.902,149.919,2905
2024-10-18 03:00:00,149.918,149.969,149.85,149.891,2340
2024-10-18 04:00:00,149.89,150.013,149.859,149.898,2066
2024-10-18 05:00:00,149.896,149.915,149.764,149.879,3224
2024-10-18 06:00:00,149.882,150.011,149.792,149.956,3821
2024-10-18 07:00:00,149.955,150.133,149.918,150.089,3237
2024-10-18 08:00:00,150.089,150.152,149.882,149.918,2985
2024-10-18 09:00:00,149.919,149.942,149.832,149.92,2609
2024-10-18 10:00:00,149.922,149.977,149.578,149.938,4776
2024-10-18 11:00:00,149.938,150.095,149.912,150.0,3130
2024-10-18 12:00:00,150.002,150.079,149.783,149.86,4297
2024-10-18 13:00:00,149.862,149.92,149.686,149.734,4177
2024-10-18 14:00:00,149.732,149.747,149.589,149.599,3867
2024-10-18 15:00:00,149.597,149.648,149.51,149.58,3119
2024-10-18 16:00:00,149.58,149.63,149.362,149.411,2183
2024-10-18 17:00:00,149.414,149.649,149.406,149.59,1903
2024-10-18 18:00:00,149.59,149.591,149.455,149.527,1792
2024-10-18 19:00:00,149.524,149.566,149.459,149.499,1987
2024-10-18 20:00:00,149.501,149.535,149.446,149.528,1319
2024-10-20 21:00:00,149.449,149.549,149.347,149.527,708
2024-10-20 22:00:00,149.54,149.633,149.522,149.566,1143
2024-10-20 23:00:00,149.564,149.622,149.476,149.6,1546
2024-10-21 00:00:00,149.599,149.611,149.247,149.383,4884
2024-10-21 01:00:00,149.386,149.407,149.091,149.2,4468
2024-10-21 02:00:00,149.202,149.28,149.091,149.221,2847
2024-10-21 03:00:00,149.221,149.24,149.08,149.22,2276
2024-10-21 04:00:00,149.22,149.354,149.199,149.314,2167
2024-10-21 05:00:00,149.312,149.369,149.195,149.357,2921
2024-10-21 06:00:00,149.36,149.643,149.299,149.627,3335
2024-10-21 07:00:00,149.624,149.854,149.615,149.83,3596
2024-10-21 08:00:00,149.832,149.947,149.819,149.944,2546
2024-10-21 09:00:00,149.944,150.09,149.817,150.057,2496
2024-10-21 10:00:00,150.056,150.075,149.889,149.94,2344
2024-10-21 11:00:00,149.938,149.958,149.855,149.918,2367
2024-10-21 12:00:00,149.918,150.027,149.744,149.916,3965
2024-10-21 13:00:00,149.916,150.143,149.916,150.125,4690
2024-10-21 14:00:00,150.124,150.275,150.088,150.233,3455
2024-10-21 15:00:00,150.233,150.482,150.186,150.467,3591
2024-10-21 16:00:00,150.467,150.553,150.437,150.514,2182
2024-10-21 17:00:00,150.514,150.794,150.5,150.745,2318
2024-10-21 18:00:00,150.745,150.83,150.709,150.769,1966
2024-10-21 19:00:00,150.768,150.836,150.723,150.751,1707
2024-10-21 20:00:00,150.76,150.879,150.749,150.819,1386
2024-10-21 21:00:00,150.804,150.807,150.552,150.719,868
2024-10-21 22:00:00,150.738,150.765,150.63,150.678,909
2024-10-21 23:00:00,150.681,150.796,150.597,150.619,2529
2024-10-22 00:00:00,150.619,150.762,150.58,150.626,4154
2024-10-22 01:00:00,150.628,150.704,150.492,150.657,3440
2024-10-22 02:00:00,150.654,150.842,150.626,150.827,2277
2024-10-22 03:00:00,150.829,150.981,150.805,150.92,2099
2024-10-22 04:00:00,150.92,151.103,150.845,150.871,3233
2024-10-22 05:00:00,150.87,150.989,150.781,150.845,3409
2024-10-22 06:00:00,150.846,150.874,150.657,150.828,4190
2024-10-22 07:00:00,150.824,151.057,150.688,150.998,4949
2024-10-22 08:00:00,150.998,151.031,150.785,150.982,3970
2024-10-22 09:00:00,150.98,151.019,150.801,150.879,3648
2024-10-22 10:00:00,150.878,150.904,150.744,150.843,3138
2024-10-22 11:00:00,150.842,150.933,150.78,150.859,3082
2024-10-22 12:00:00,150.858,150.924,150.762,150.908,4176
2024-10-22 13:00:00,150.908,150.95,150.6,150.916,5128
2024-10-22 14:00:00,150.915,151.067,150.849,150.973,4860
2024-10-22 15:00:00,150.975,151.143,150.896,151.104,3461
2024-10-22 16:00:00,151.103,151.191,151.044,151.058,2379
2024-10-22 17:00:00,151.058,151.113,150.946,150.977,2823
2024-10-22 18:00:00,150.976,151.07,150.897,151.06,2079
2024-10-22 19:00:00,151.058,151.123,151.046,151.105,1711
2024-10-22 20:00:00,151.105,151.147,151.052,151.052,1106
2024-10-22 21:00:00,151.023,151.058,150.929,151.04,383
2024-10-22 22:00:00,151.053,151.078,151.023,151.063,735
2024-10-22 23:00:00,151.063,151.157,151.045,151.149,1331
2024-10-23 00:00:00,151.147,151.476,151.132,151.465,3834
2024-10-23 01:00:00,151.463,151.803,151.422,151.644,4534
2024-10-23 02:00:00,151.644,151.785,151.634,151.739,3152
2024-10-23 03:00:00,151.738,151.83,151.714,151.744,2505
2024-10-23 04:00:00,151.741,152.134,151.725,152.068,4053
2024-10-23 05:00:00,152.067,152.269,152.017,152.163,4316
2024-10-23 06:00:00,152.166,152.376,152.113,152.288,4952
2024-10-23 07:00:00,152.285,152.552,152.265,152.367,4918
2024-10-23 08:00:00,152.365,152.547,152.313,152.412,4172
2024-10-23 09:00:00,152.41,152.758,152.403,152.718,3546
2024-10-23 10:00:00,152.718,152.873,152.603,152.821,3176
2024-10-23 11:00:00,152.818,153.079,152.759,153.051,3606
2024-10-23 12:00:00,153.053,153.183,152.909,153.064,5881
2024-10-23 13:00:00,153.061,153.08,152.836,153.068,5586
2024-10-23 14:00:00,153.069,153.105,152.918,153.02,4663
2024-10-23 15:00:00,153.023,153.048,152.758,152.816,3889
2024-10-23 16:00:00,152.817,152.932,152.815,152.855,3245
2024-10-23 17:00:00,152.853,152.905,152.761,152.772,2889
2024-10-23 18:00:00,152.773,152.775,152.468,152.661,3705
2024-10-23 19:00:00,152.663,152.694,152.552,152.579,2652
2024-10-23 20:00:00,152.584,152.751,152.538,152.557,1514
2024-10-23 21:00:00,152.535,152.705,152.485,152.651,608
2024-10-23 22:00:00,152.682,152.823,152.674,152.749,1219
2024-10-23 23:00:00,152.75,152.801,152.605,152.769,2141
2024-10-24 00:00:00,152.767,152.767,152.515,152.637,6099
2024-10-24 01:00:00,152.637,152.792,152.604,152.674,4472
2024-10-24 02:00:00,152.675,152.694,152.335,152.429,4294
2024-10-24 03:00:00,152.429,152.514,152.349,152.393,2931
2024-10-24 04:00:00,152.394,152.395,152.103,152.212,3082
2024-10-24 05:00:00,152.211,152.386,152.198,152.381,2993
2024-10-24 06:00:00,152.379,152.382,152.043,152.052,6099
2024-10-24 07:00:00,152.054,152.313,152.024,152.13,6039
2024-10-24 08:00:00,152.123,152.245,151.915,152.003,4958
2024-10-24 09:00:00,152.003,152.074,151.825,151.985,4244
2024-10-24 10:00:00,151.984,151.986,151.814,151.852,2910
2024-10-24 11:00:00,151.853,152.07,151.76,152.047,4224
2024-10-24 12:00:00,152.05,152.321,151.834,152.047,10132
2024-10-24 13:00:00,152.05,152.323,151.94,152.196,8066
2024-10-24 14:00:00,152.198,152.277,151.845,151.927,6679
2024-10-24 15:00:00,151.929,151.975,151.778,151.867,4324
2024-10-24 16:00:00,151.869,151.881,151.653,151.687,3493
2024-10-24 17:00:00,151.689,151.783,151.547,151.62,2916
2024-10-24 18:00:00,151.62,151.849,151.61,151.821,2605
2024-10-24 19:00:00,151.822,151.9,151.809,151.819,2045
2024-10-24 20:00:00,151.834,151.863,151.796,151.814,1152
2024-10-24 21:00:00,151.808,151.82,151.718,151.784,315
2024-10-24 22:00:00,151.81,151.831,151.677,151.69,557
2024-10-24 23:00:00,151.69,151.813,151.579,151.785,3090
2024-10-25 00:00:00,151.787,152.102,151.748,152.004,4875
2024-10-25 01:00:00,152.002,152.062,151.79,151.846,3271
2024-10-25 02:00:00,151.846,151.888,151.731,151.829,2926
2024-10-25 03:00:00,151.831,151.905,151.813,151.849,2271
2024-10-25 04:00:00,151.848,151.869,151.608,151.703,2856
2024-10-25 05:00:00,151.703,151.744,151.446,151.728,4365
2024-10-25 06:00:00,151.726,152.002,151.673,151.857,4194
2024-10-25 07:00:00,151.857,152.038,151.815,151.949,4749
2024-10-25 08:00:00,151.952,152.057,151.917,151.961,3684
2024-10-25 09:00:00,151.958,152.094,151.905,151.998,2626
2024-10-25 10:00:00,151.996,152.025,151.864,151.894,2411
2024-10-25 11:00:00,151.893,151.934,151.693,151.79,2867
2024-10-25 12:00:00,151.79,152.09,151.788,151.914,5006
2024-10-25 13:00:00,151.915,152.163,151.831,152.008,5304
2024-10-25 14:00:00,152.011,152.114,151.903,152.024,6124
2024-10-25 15:00:00,152.027,152.139,151.921,152.079,3711
2024-10-25 16:00:00,152.081,152.227,152.049,152.194,2598
2024-10-25 17:00:00,152.192,152.294,152.095,152.162,2314
2024-10-25 18:00:00,152.161,152.277,152.091,152.246,2380
2024-10-25 19:00:00,152.243,152.376,152.238,152.241,2467
2024-10-25 20:00:00,152.251,152.342,152.166,152.301,1461
2024-10-27 21:00:00,153.007,153.058,152.598,152.907,961
2024-10-27 22:00:00,152.933,153.19,152.646,152.949,4010
2024-10-27 23:00:00,152.947,153.036,152.766,152.953,5138
2024-10-28 00:00:00,152.955,153.477,152.766,153.461,8980
2024-10-28 01:00:00,153.457,153.879,153.439,153.845,6982
2024-10-28 02:00:00,153.845,153.854,153.529,153.576,4345
2024-10-28 03:00:00,153.576,153.695,153.491,153.63,3219
2024-10-28 04:00:00,153.627,153.654,153.373,153.639,3590
2024-10-28 05:00:00,153.642,153.744,153.491,153.534,2853
2024-10-28 06:00:00,153.535,153.56,153.23,153.407,3745
2024-10-28 07:00:00,153.407,153.528,153.158,153.33,3672
2024-10-28 08:00:00,153.332,153.426,153.16,153.174,4873
2024-10-28 09:00:00,153.175,153.189,152.898,152.927,4065
2024-10-28 10:00:00,152.927,152.927,152.456,152.531,5089
2024-10-28 11:00:00,152.532,152.732,152.467,152.728,3583
2024-10-28 12:00:00,152.729,152.729,152.404,152.62,4477
2024-10-28 13:00:00,152.618,152.762,152.575,152.754,5154
2024-10-28 14:00:00,152.757,153.063,152.74,152.945,4137
2024-10-28 15:00:00,152.948,153.232,152.851,153.208,4452
2024-10-28 16:00:00,153.211,153.28,153.126,153.255,3174
2024-10-28 17:00:00,153.252,153.306,153.199,153.273,2204
2024-10-28 18:00:00,153.275,153.372,153.23,153.26,1780
2024-10-28 19:00:00,153.26,153.265,153.196,153.21,1543
2024-10-28 20:00:00,153.219,153.287,153.172,153.247,941
2024-10-28 21:00:00,153.244,153.27,153.186,153.238,209
2024-10-28 22:00:00,153.251,153.338,153.231,153.28,939
2024-10-28 23:00:00,153.298,153.319,153.136,153.136,1519
2024-10-29 00:00:00,153.139,153.243,152.89,153.014,4393
2024-10-29 01:00:00,153.015,153.131,152.859,152.937,4389
2024-10-29 02:00:00,152.938,153.05,152.847,152.989,3979
2024-10-29 03:00:00,152.99,153.162,152.942,153.04,3137
2024-10-29 04:00:00,153.039,153.047,152.868,152.921,2699
2024-10-29 05:00:00,152.921,152.954,152.75,152.827,3036
2024-10-29 06:00:00,152.831,153.07,152.831,152.992,3272
2024-10-29 07:00:00,152.995,153.277,152.995,153.163,3719
2024-10-29 08:00:00,153.166,153.447,153.154,153.391,5285
2024-10-29 09:00:00,153.392,153.441,153.323,153.408,3402
2024-10-29 10:00:00,153.41,153.485,153.313,153.334,2776
2024-10-29 11:00:00,153.335,153.674,153.316,153.674,3041
2024-10-29 12:00:00,153.676,153.862,153.651,153.762,3989
2024-10-29 13:00:00,153.76,153.809,153.622,153.677,4395
2024-10-29 14:00:00,153.667,153.667,152.982,153.38,10259
2024-10-29 15:00:00,153.383,153.744,153.369,153.488,5308
2024-10-29 16:00:00,153.491,153.582,153.349,153.545,3753
2024-10-29 17:00:00,153.546,153.596,153.305,153.412,3678
2024-10-29 18:00:00,153.41,153.55,153.375,153.422,2344
2024-10-29 19:00:00,153.423,153.502,153.371,153.408,2035
2024-10-29 20:00:00,153.414,153.435,153.323,153.341,1110
2024-10-29 21:00:00,153.325,153.366,153.244,153.333,446
2024-10-29 22:00:00,153.357,153.386,153.189,153.25,1014
2024-10-29 23:00:00,153.25,153.35,153.156,153.262,2274
2024-10-30 00:00:00,153.265,153.305,153.069,153.249,4549
2024-10-30 01:00:00,153.251,153.31,153.108,153.211,3309
2024-10-30 02:00:00,153.214,153.437,153.195,153.311,3153
2024-10-30 03:00:00,153.311,153.397,153.281,153.338,2479
2024-10-30 04:00:00,153.338,153.371,153.187,153.353,2329
2024-10-30 05:00:00,153.356,153.366,153.188,153.226,2483
2024-10-30 06:00:00,153.227,153.462,153.19,153.269,3005
2024-10-30 07:00:00,153.271,153.378,153.255,153.326,3789
2024-10-30 08:00:00,153.328,153.359,152.799,152.85,5600
2024-10-30 09:00:00,152.852,153.191,152.83,153.055,5312
2024-10-30 10:00:00,153.054,153.054,152.829,152.892,3727
2024-10-30 11:00:00,152.893,153.043,152.773,153.027,3424
2024-10-30 12:00:00,153.029,153.494,152.987,153.353,8806
2024-10-30 13:00:00,153.355,153.431,152.865,152.938,6917
2024-10-30 14:00:00,152.942,153.324,152.9,153.26,6699
2024-10-30 15:00:00,153.257,153.382,153.148,153.15,4683
2024-10-30 16:00:00,153.148,153.216,152.999,153.081,3677
2024-10-30 17:00:00,153.079,153.258,153.079,153.228,2777
2024-10-30 18:00:00,153.225,153.261,153.162,153.237,1996
2024-10-30 19:00:00,153.235,153.429,153.232,153.275,2602
2024-10-30 20:00:00,153.292,153.378,153.163,153.228,1324
2024-10-30 21:00:00,153.215,153.368,153.111,153.303,691
2024-10-30 22:00:00,153.33,153.333,153.241,153.293,1179
2024-10-30 23:00:00,153.3,153.355,153.202,153.235,1280
2024-10-31 00:00:00,153.235,153.58,153.159,153.526,3510
2024-10-31 01:00:00,153.528,153.556,153.392,153.487,2779
2024-10-31 02:00:00,153.49,153.614,153.173,153.4,3868
2024-10-31 03:00:00,153.401,153.407,152.941,153.048,4576
2024-10-31 04:00:00,153.05,153.078,152.82,152.916,3003
2024-10-31 05:00:00,152.917,153.084,152.826,152.838,2912
2024-10-31 06:00:00,152.84,152.962,152.053,152.172,9213
2024-10-31 07:00:00,152.171,152.579,152.05,152.248,9781
2024-10-31 08:00:00,152.247,152.44,151.917,152.393,6843
2024-10-31 09:00:00,152.396,152.568,152.297,152.551,4720
2024-10-31 10:00:00,152.553,152.561,152.245,152.462,3833
2024-10-31 11:00:00,152.464,152.843,152.464,152.718,4066
2024-10-31 12:00:00,152.716,152.976,152.558,152.688,9468
2024-10-31 13:00:00,152.691,152.987,152.557,152.961,8427
2024-10-31 14:00:00,152.963,153.047,152.465,152.579,8420
2024-10-31 15:00:00,152.578,152.708,152.077,152.354,9146
2024-10-31 16:00:00,152.351,152.509,152.225,152.441,5974
2024-10-31 17:00:00,152.441,152.487,152.156,152.17,3257
2024-10-31 18:00:00,152.171,152.171,151.832,152.049,4845
2024-10-31 19:00:00,152.047,152.143,151.896,151.914,4500
2024-10-31 20:00:00,151.928,152.078,151.904,152.018,2179
2024-10-31 21:00:00,152.011,152.018,151.956,151.98,227
2024-10-31 22:00:00,152.032,152.137,152.01,152.056,1023
2024-10-31 23:00:00,152.061,152.061,151.781,151.98,4462
2024-11-01 00:00:00,151.977,152.163,151.87,152.029,6151
2024-11-01 01:00:00,152.03,152.286,151.918,152.115,4685
2024-11-01 02:00:00,152.114,152.351,152.111,152.294,3452
2024-11-01 03:00:00,152.296,152.422,152.241,152.411,2796
2024-11-01 04:00:00,152.411,152.539,152.411,152.481,2201
2024-11-01 05:00:00,152.479,152.649,152.403,152.538,3231
2024-11-01 06:00:00,152.542,152.568,152.331,152.394,3284
2024-11-01 07:00:00,152.396,152.577,152.2,152.542,4710
2024-11-01 08:00:00,152.54,152.689,152.519,152.637,4440
2024-11-01 09:00:00,152.636,152.831,152.557,152.773,3656
2024-11-01 10:00:00,152.773,152.845,152.665,152.666,3150
2024-11-01 11:00:00,152.664,152.795,152.583,152.67,3112
2024-11-01 12:00:00,152.668,152.827,151.786,152.034,11946
2024-11-01 13:00:00,152.032,152.485,151.967,152.415,11004
2024-11-01 14:00:00,152.411,152.959,152.257,152.894,10194
2024-11-01 15:00:00,152.893,153.067,152.798,152.938,6013
2024-11-01 16:00:00,152.941,153.043,152.824,152.89,3567
2024-11-01 17:00:00,152.889,153.067,152.857,152.91,2925
2024-11-01 18:00:00,152.909,152.957,152.846,152.955,2442
2024-11-01 19:00:00,152.957,153.019,152.936,152.949,2291
2024-11-01 20:00:00,152.961,153.084,152.931,152.974,1460
2024-11-03 22:00:00,152.264,152.488,152.206,152.413,1203
2024-11-03 23:00:00,152.43,152.474,152.163,152.286,3105
2024-11-04 00:00:00,152.29,152.29,151.999,152.068,3817
2024-11-04 01:00:00,152.069,152.081,151.702,151.786,5424
2024-11-04 02:00:00,151.785,151.965,151.771,151.81,4364
2024-11-04 03:00:00,151.81,151.81,151.594,151.736,3970
2024-11-04 04:00:00,151.734,151.854,151.687,151.817,2096
2024-11-04 05:00:00,151.819,151.958,151.813,151.85,2567
2024-11-04 06:00:00,151.848,152.153,151.796,152.142,3375
2024-11-04 07:00:00,152.14,152.274,152.08,152.174,4727
2024-11-04 08:00:00,152.174,152.226,151.964,152.085,5923
2024-11-04 09:00:00,152.087,152.144,151.792,151.881,4254
2024-11-04 10:00:00,151.881,152.007,151.747,151.804,3297
2024-11-04 11:00:00,151.807,151.814,151.528,151.549,3288
2024-11-04 12:00:00,151.551,151.82,151.541,151.804,3101
2024-11-04 13:00:00,151.807,152.062,151.724,151.829,4956
2024-11-04 14:00:00,151.828,151.967,151.623,151.822,5826
2024-11-04 15:00:00,151.82,152.099,151.695,151.989,4877
2024-11-04 16:00:00,151.987,152.153,151.925,152.019,3950
2024-11-04 17:00:00,152.016,152.111,151.889,152.002,2608
2024-11-04 18:00:00,152.004,152.196,151.981,152.058,2594
2024-11-04 19:00:00,152.058,152.168,152.057,152.144,2288
2024-11-04 20:00:00,152.145,152.175,152.098,152.127,1735
2024-11-04 21:00:00,152.139,152.178,152.112,152.112,885
2024-11-04 22:00:00,152.108,152.119,152.014,152.101,639
2024-11-04 23:00:00,152.119,152.285,152.108,152.273,1033
2024-11-05 00:00:00,152.274,152.397,152.11,152.279,4323
2024-11-05 01:00:00,152.278,152.443,152.219,152.271,3310
2024-11-05 02:00:00,152.272,152.293,152.161,152.252,2459
2024-11-05 03:00:00,152.251,152.415,152.223,152.381,1819
2024-11-05 04:00:00,152.381,152.496,152.381,152.46,2201
2024-11-05 05:00:00,152.458,152.541,152.349,152.421,2220
2024-11-05 06:00:00,152.424,152.443,152.261,152.348,2709
2024-11-05 07:00:00,152.346,152.366,152.177,152.27,3073
2024-11-05 08:00:00,152.267,152.382,152.165,152.187,3514
2024-11-05 09:00:00,152.186,152.244,152.082,152.181,2819
2024-11-05 10:00:00,152.181,152.267,152.137,152.256,2534
2024-11-05 11:00:00,152.253,152.261,152.138,152.152,1377
2024-11-05 12:00:00,152.151,152.335,152.081,152.289,2063
2024-11-05 13:00:00,152.289,152.32,151.956,152.047,3590
2024-11-05 14:00:00,152.048,152.114,151.769,151.832,4418
2024-11-05 15:00:00,151.832,152.24,151.8,152.04,7392
2024-11-05 16:00:00,152.044,152.093,151.899,151.958,4172
2024-11-05 17:00:00,151.959,151.959,151.591,151.678,2998
2024-11-05 18:00:00,151.681,151.695,151.365,151.552,4200
2024-11-05 19:00:00,151.553,151.626,151.33,151.452,2881
2024-11-05 20:00:00,151.449,151.542,151.381,151.503,2708
2024-11-05 21:00:00,151.518,151.636,151.5,151.59,1406
2024-11-05 22:00:00,151.55,151.635,151.376,151.578,798
2024-11-05 23:00:00,151.599,151.899,151.386,151.435,3397
2024-11-06 00:00:00,151.436,152.92,151.282,152.912,20317
2024-11-06 01:00:00,152.91,153.122,152.639,152.926,18158
2024-11-06 02:00:00,152.925,154.109,152.869,154.048,17981
2024-11-06 03:00:00,154.046,154.334,153.583,153.938,23901
2024-11-06 04:00:00,153.935,154.087,153.441,153.557,15670
2024-11-06 05:00:00,153.558,153.772,153.127,153.741,17575
2024-11-06 06:00:00,153.74,154.379,153.661,154.047,14453
2024-11-06 07:00:00,154.045,154.131,153.689,153.934,16323
2024-11-06 08:00:00,153.936,154.137,153.812,153.897,12414
2024-11-06 09:00:00,153.899,154.029,153.793,153.994,7456
2024-11-06 10:00:00,153.997,154.178,153.871,153.996,7059
2024-11-06 11:00:00,153.994,154.253,153.929,154.21,6978
2024-11-06 12:00:00,154.214,154.455,154.112,154.402,7454
2024-11-06 13:00:00,154.405,154.437,154.054,154.299,9361
2024-11-06 14:00:00,154.302,154.475,154.2,154.283,8108
2024-11-06 15:00:00,154.285,154.364,153.979,154.349,9810
2024-11-06 16:00:00,154.347,154.665,154.205,154.582,6681
2024-11-06 17:00:00,154.581,154.682,154.455,154.66,4476
2024-11-06 18:00:00,154.661,154.696,154.352,154.426,5039
2024-11-06 19:00:00,154.423,154.556,154.375,154.442,3912
2024-11-06 20:00:00,154.44,154.57,154.4,154.541,2659
2024-11-06 21:00:00,154.55,154.638,154.436,154.446,1064
2024-11-06 22:00:00,154.407,154.556,154.326,154.529,721
2024-11-06 23:00:00,154.537,154.544,154.187,154.298,2388
2024-11-07 00:00:00,154.304,154.71,154.222,154.575,6699
2024-11-07 01:00:00,154.576,154.667,154.377,154.509,5763
2024-11-07 02:00:00,154.51,154.524,154.323,154.438,4747
2024-11-07 03:00:00,154.44,154.521,154.272,154.316,3614
2024-11-07 04:00:00,154.318,154.371,153.929,154.168,4544
2024-11-07 05:00:00,154.168,154.283,153.987,154.008,3565
2024-11-07 06:00:00,154.005,154.198,153.932,153.935,4878
2024-11-07 07:00:00,153.932,154.003,153.646,153.997,6995
2024-11-07 08:00:00,153.997,154.067,153.814,154.04,5826
2024-11-07 09:00:00,154.042,154.132,153.892,153.943,4372
2024-11-07 10:00:00,153.94,154.036,153.875,154.013,3248
2024-11-07 11:00:00,154.014,154.097,153.98,154.061,2808
2024-11-07 12:00:00,154.061,154.106,153.738,153.762,5075
2024-11-07 13:00:00,153.759,153.783,153.447,153.497,8065
2024-11-07 14:00:00,153.5,153.556,153.08,153.223,6681
2024-11-07 15:00:00,153.224,153.284,152.847,152.96,7332
2024-11-07 16:00:00,152.962,153.225,152.924,153.131,4827
2024-11-07 17:00:00,153.131,153.198,152.954,153.014,3246
2024-11-07 18:00:00,153.016,153.025,152.857,152.973,3077
2024-11-07 19:00:00,152.972,153.468,152.867,153.078,14103
2024-11-07 20:00:00,153.081,153.142,152.686,152.832,8221
2024-11-07 21:00:00,152.847,152.947,152.785,152.911,1326
2024-11-07 22:00:00,152.896,152.918,152.779,152.91,461
2024-11-07 23:00:00,152.933,153.184,152.916,153.17,1871
2024-11-08 00:00:00,153.168,153.237,152.967,153.129,5727
2024-11-08 01:00:00,153.13,153.365,153.047,153.092,5040
2024-11-08 02:00:00,153.09,153.184,152.958,153.122,3948
2024-11-08 03:00:00,153.125,153.127,152.728,152.811,3853
2024-11-08 04:00:00,152.809,152.838,152.546,152.733,4134
2024-11-08 05:00:00,152.733,152.915,152.707,152.799,2723
2024-11-08 06:00:00,152.797,152.952,152.662,152.763,4175
2024-11-08 07:00:00,152.764,152.895,152.61,152.638,4840
2024-11-08 08:00:00,152.639,152.744,152.319,152.346,7614
2024-11-08 09:00:00,152.348,152.446,152.248,152.28,4234
2024-11-08 10:00:00,152.278,152.393,152.136,152.175,4741
2024-11-08 11:00:00,152.172,152.445,152.138,152.42,3521
2024-11-08 12:00:00,152.419,152.542,152.354,152.371,3533
2024-11-08 13:00:00,152.372,152.819,152.327,152.741,6314
2024-11-08 14:00:00,152.743,152.854,152.532,152.707,5963
2024-11-08 15:00:00,152.713,152.787,152.376,152.418,6486
2024-11-08 16:00:00,152.42,152.713,152.404,152.584,4489
2024-11-08 17:00:00,152.583,152.809,152.569,152.653,4341
2024-11-08 18:00:00,152.651,152.814,152.542,152.691,3196
2024-11-08 19:00:00,152.688,152.792,152.655,152.671,2427
2024-11-08 20:00:00,152.674,152.75,152.488,152.499,2144
2024-11-08 21:00:00,152.512,152.616,152.43,152.585,2295
2024-11-10 22:00:00,152.612,152.728,152.53,152.639,990
2024-11-10 23:00:00,152.667,152.94,152.667,152.908,2029
2024-11-11 00:00:00,152.91,153.145,152.868,153.14,4092
2024-11-11 01:00:00,153.142,153.222,153.026,153.215,3157
2024-11-11 02:00:00,153.218,153.43,153.13,153.386,3194
2024-11-11 03:00:00,153.385,153.459,153.302,153.445,2160
2024-11-11 04:00:00,153.445,153.642,153.439,153.57,2450
2024-11-11 05:00:00,153.569,153.667,153.469,153.525,2883
2024-11-11 06:00:00,153.527,153.584,153.391,153.398,2450
2024-11-11 07:00:00,153.395,153.665,153.313,153.636,4209
2024-11-11 08:00:00,153.638,153.852,153.608,153.761,4057
2024-11-11 09:00:00,153.761,153.849,153.592,153.619,3493
2024-11-11 10:00:00,153.621,153.745,153.55,153.687,2564
2024-11-11 11:00:00,153.69,153.776,153.68,153.751,2643
2024-11-11 12:00:00,153.751,153.849,153.734,153.788,1996
2024-11-11 13:00:00,153.79,153.948,153.713,153.769,3390
2024-11-11 14:00:00,153.767,153.909,153.642,153.841,4404
2024-11-11 15:00:00,153.842,153.946,153.797,153.857,3155
2024-11-11 16:00:00,153.856,153.905,153.765,153.819,2214
2024-11-11 17:00:00,153.82,153.909,153.771,153.873,1646
2024-11-11 18:00:00,153.873,153.877,153.743,153.801,1449
2024-11-11 19:00:00,153.802,153.808,153.722,153.764,1317
2024-11-11 20:00:00,153.763,153.765,153.612,153.63,1320
2024-11-11 21:00:00,153.646,153.726,153.625,153.701,886
2024-11-11 22:00:00,153.697,153.722,153.575,153.721,500
2024-11-11 23:00:00,153.732,153.767,153.462,153.513,1589
2024-11-12 00:00:00,153.522,153.812,153.481,153.763,3820
2024-11-12 01:00:00,153.766,153.963,153.735,153.958,3557
2024-11-12 02:00:00,153.958,154.059,153.737,153.805,3527
2024-11-12 03:00:00,153.807,153.811,153.575,153.653,2958
2024-11-12 04:00:00,153.651,153.652,153.479,153.5,2926
2024-11-12 05:00:00,153.498,153.612,153.4,153.61,3042
2024-11-12 06:00:00,153.612,153.827,153.606,153.779,2641
2024-11-12 07:00:00,153.782,153.887,153.698,153.816,4036
2024-11-12 08:00:00,153.819,153.944,153.7,153.935,4620
2024-11-12 09:00:00,153.934,154.163,153.881,154.098,3947
2024-11-12 10:00:00,154.106,154.122,153.975,154.046,3044
2024-11-12 11:00:00,154.048,154.137,153.934,154.068,2608
2024-11-12 12:00:00,154.069,154.189,153.994,154.072,3173
2024-11-12 13:00:00,154.072,154.394,154.052,154.377,4211
2024-11-12 14:00:00,154.377,154.494,154.286,154.412,3800
2024-11-12 15:00:00,154.415,154.548,154.322,154.515,4307
2024-11-12 16:00:00,154.517,154.764,154.457,154.736,3768
2024-11-12 17:00:00,154.735,154.921,154.707,154.782,3645
2024-11-12 18:00:00,154.78,154.853,154.717,154.725,2829
2024-11-12 19:00:00,154.728,154.762,154.664,154.747,2135
2024-11-12 20:00:00,154.747,154.782,154.528,154.556,2228
2024-11-12 21:00:00,154.579,154.652,154.502,154.589,979
2024-11-12 22:00:00,154.561,154.633,154.46,154.484,722
2024-11-12 23:00:00,154.517,154.66,154.501,154.656,1440
2024-11-13 00:00:00,154.658,154.929,154.653,154.929,3800
2024-11-13 01:00:00,154.93,154.937,154.591,154.6,4632
2024-11-13 02:00:00,154.598,154.805,154.534,154.736,2850
2024-11-13 03:00:00,154.738,154.895,154.687,154.801,2526
2024-11-13 04:00:00,154.8,154.887,154.746,154.846,2458
2024-11-13 05:00:00,154.846,154.934,154.769,154.911,2928
2024-11-13 06:00:00,154.909,155.153,154.891,155.039,4109
2024-11-13 07:00:00,155.041,155.117,154.924,155.108,3688
2024-11-13 08:00:00,155.111,155.235,154.962,155.006,4031
2024-11-13 09:00:00,155.007,155.062,154.788,154.892,3725
2024-11-13 10:00:00,154.891,154.996,154.867,154.99,2666
2024-11-13 11:00:00,154.992,155.029,154.798,154.817,2434
2024-11-13 12:00:00,154.814,154.959,154.743,154.919,3247
2024-11-13 13:00:00,154.921,155.066,154.411,154.507,10291
2024-11-13 14:00:00,154.509,154.881,154.337,154.833,9487
2024-11-13 15:00:00,154.83,155.138,154.797,154.984,7706
2024-11-13 16:00:00,154.983,155.299,154.978,155.282,4898
2024-11-13 17:00:00,155.278,155.428,155.217,155.407,3296
2024-11-13 18:00:00,155.405,155.613,155.399,155.591,2411
2024-11-13 19:00:00,155.592,155.62,155.426,155.543,2680
2024-11-13 20:00:00,155.54,155.597,155.496,155.566,2038
2024-11-13 21:00:00,155.58,155.582,155.25,155.278,1191
2024-11-13 22:00:00,155.266,155.448,155.204,155.361,968
2024-11-13 23:00:00,155.406,155.476,155.337,155.414,1624
2024-11-14 00:00:00,155.415,155.771,155.402,155.714,4081
2024-11-14 01:00:00,155.716,155.918,155.701,155.867,3946
2024-11-14 02:00:00,155.866,156.06,155.831,156.006,2903
2024-11-14 03:00:00,156.005,156.005,155.809,155.942,2431
2024-11-14 04:00:00,155.941,156.133,155.939,156.05,2155
2024-11-14 05:00:00,156.05,156.131,155.952,156.017,2399
2024-11-14 06:00:00,156.019,156.04,155.814,155.917,2621
2024-11-14 07:00:00,155.917,155.954,155.7,155.836,3440
2024-11-14 08:00:00,155.834,155.957,155.737,155.943,3376
2024-11-14 09:00:00,155.946,156.145,155.927,156.104,3470
2024-11-14 10:00:00,156.104,156.238,156.048,156.051,2972
2024-11-14 11:00:00,156.049,156.139,155.892,155.919,3086
2024-11-14 12:00:00,155.92,156.027,155.856,155.991,3061
2024-11-14 13:00:00,155.993,156.191,155.772,156.016,7426
2024-11-14 14:00:00,156.014,156.024,155.519,155.794,6826
2024-11-14 15:00:00,155.795,156.073,155.649,155.951,6584
2024-11-14 16:00:00,155.95,156.036,155.713,155.964,3649
2024-11-14 17:00:00,155.965,156.04,155.669,155.739,3183
2024-11-14 18:00:00,155.74,155.94,155.694,155.892,2337
2024-11-14 19:00:00,155.89,155.999,155.845,155.917,2166
2024-11-14 20:00:00,155.919,156.414,155.894,156.278,7457
2024-11-14 21:00:00,156.291,156.352,156.225,156.249,2113
2024-11-14 22:00:00,156.232,156.257,156.096,156.252,652
2024-11-14 23:00:00,156.285,156.51,156.258,156.475,2093
2024-11-15 00:00:00,156.476,156.746,156.432,156.63,5286
2024-11-15 01:00:00,156.629,156.644,156.326,156.55,4960
2024-11-15 02:00:00,156.548,156.555,156.319,156.388,3419
2024-11-15 03:00:00,156.389,156.512,156.274,156.498,2765
2024-11-15 04:00:00,156.501,156.549,156.3,156.354,2860
2024-11-15 05:00:00,156.356,156.453,156.327,156.453,2701
2024-11-15 06:00:00,156.454,156.503,156.036,156.096,3872
2024-11-15 07:00:00,156.096,156.17,155.756,155.777,4600
2024-11-15 08:00:00,155.774,155.778,155.385,155.513,5257
2024-11-15 09:00:00,155.514,155.726,155.259,155.364,4849
2024-11-15 10:00:00,155.364,155.459,155.214,155.302,4683
2024-11-15 11:00:00,155.3,155.507,155.255,155.49,3260
2024-11-15 12:00:00,155.492,155.624,155.367,155.392,3432
2024-11-15 13:00:00,155.389,155.718,155.172,155.323,10930
2024-11-15 14:00:00,155.321,155.779,155.114,155.556,9750
2024-11-15 15:00:00,155.552,155.597,154.837,154.946,9545
2024-11-15 16:00:00,154.949,155.015,154.525,154.595,8856
2024-11-15 17:00:00,154.596,154.606,154.179,154.282,6034
2024-11-15 18:00:00,154.279,154.304,153.858,153.916,5168
2024-11-15 19:00:00,153.914,154.339,153.911,154.211,4504
2024-11-15 20:00:00,154.213,154.417,154.171,154.265,4258
2024-11-15 21:00:00,154.262,154.471,154.262,154.354,1428
2024-11-17 22:00:00,154.279,154.532,154.178,154.529,1209
2024-11-17 23:00:00,154.573,154.739,154.385,154.634,2539
2024-11-18 00:00:00,154.636,154.658,153.835,154.268,8760
2024-11-18 01:00:00,154.27,155.142,154.081,154.596,17041
2024-11-18 02:00:00,154.596,154.924,154.581,154.734,5648
2024-11-18 03:00:00,154.732,154.889,154.615,154.649,3874
2024-11-18 04:00:00,154.65,154.689,154.411,154.645,3898
2024-11-18 05:00:00,154.648,154.758,154.411,154.593,4931
2024-11-18 06:00:00,154.594,154.627,154.29,154.58,5178
2024-11-18 07:00:00,154.579,154.764,154.472,154.566,6027
2024-11-18 08:00:00,154.567,154.951,154.497,154.948,6729
2024-11-18 09:00:00,154.95,154.972,154.551,154.772,5331
2024-11-18 10:00:00,154.77,155.048,154.77,154.999,4356
2024-11-18 11:00:00,155.0,155.121,154.949,155.051,3651
2024-11-18 12:00:00,155.051,155.279,155.025,155.264,3990
2024-11-18 13:00:00,155.266,155.354,154.864,154.899,5794
2024-11-18 14:00:00,154.897,154.984,154.581,154.797,7972
2024-11-18 15:00:00,154.799,155.05,154.747,154.988,6675
2024-11-18 16:00:00,154.99,155.067,154.787,154.793,5000
2024-11-18 17:00:00,154.791,154.849,154.638,154.698,3770
2024-11-18 18:00:00,154.698,154.785,154.588,154.628,2990
2024-11-18 19:00:00,154.626,154.752,154.568,154.735,2716
2024-11-18 20:00:00,154.737,154.74,154.565,154.565,2206
2024-11-18 21:00:00,154.577,154.673,154.542,154.668,1352
2024-11-18 22:00:00,154.649,154.661,154.526,154.635,367
2024-11-18 23:00:00,154.649,154.651,154.421,154.611,1290
2024-11-19 00:00:00,154.611,154.615,154.292,154.377,5389
2024-11-19 01:00:00,154.374,154.404,154.038,154.113,4793
2024-11-19 02:00:00,154.113,154.245,153.971,154.153,3688
2024-11-19 03:00:00,154.156,154.21,153.949,154.173,3471
2024-11-19 04:00:00,154.171,154.47,154.111,154.417,3050
2024-11-19 05:00:00,154.42,154.518,154.293,154.422,3071
2024-11-19 06:00:00,154.424,154.577,154.34,154.506,3337
2024-11-19 07:00:00,154.506,154.653,154.44,154.523,4590
2024-11-19 08:00:00,154.525,154.571,153.276,153.744,14770
2024-11-19 09:00:00,153.747,154.072,153.34,153.758,18265
2024-11-19 10:00:00,153.762,153.826,153.435,153.771,8312
2024-11-19 11:00:00,153.769,154.175,153.721,154.078,6267
2024-11-19 12:00:00,154.077,154.208,153.962,153.972,6140
2024-11-19 13:00:00,153.97,154.008,153.403,153.468,10225
2024-11-19 14:00:00,153.47,154.131,153.439,154.048,14252
2024-11-19 15:00:00,154.05,154.234,153.843,153.957,8499
2024-11-19 16:00:00,153.956,154.491,153.912,154.343,5977
2024-11-19 17:00:00,154.343,154.753,154.252,154.72,4427
2024-11-19 18:00:00,154.722,154.796,154.575,154.585,2894
2024-11-19 19:00:00,154.583,154.702,154.561,154.692,2686
2024-11-19 20:00:00,154.693,154.731,154.629,154.661,2002
2024-11-19 21:00:00,154.674,154.716,154.616,154.648,867
2024-11-19 22:00:00,154.644,154.644,154.475,154.544,603
2024-11-19 23:00:00,154.59,154.738,154.526,154.717,1628
2024-11-20 00:00:00,154.723,154.934,154.583,154.917,4474
2024-11-20 01:00:00,154.919,154.987,154.692,154.771,3766
2024-11-20 02:00:00,154.77,154.906,154.72,154.865,3016
2024-11-20 03:00:00,154.862,154.983,154.819,154.951,2424
2024-11-20 04:00:00,154.95,155.136,154.94,155.051,2484
2024-11-20 05:00:00,155.053,155.184,154.987,155.184,2275
2024-11-20 06:00:00,155.186,155.456,155.155,155.358,3578
2024-11-20 07:00:00,155.36,155.678,155.322,155.652,4230
2024-11-20 08:00:00,155.655,155.744,155.575,155.628,3704
2024-11-20 09:00:00,155.631,155.845,155.594,155.752,3331
2024-11-20 10:00:00,155.753,155.844,155.664,155.747,2635
2024-11-20 11:00:00,155.746,155.861,155.71,155.83,2895
2024-11-20 12:00:00,155.83,155.886,155.681,155.685,2978
2024-11-20 13:00:00,155.688,155.788,155.625,155.729,3670
2024-11-20 14:00:00,155.728,155.837,155.383,155.599,6720
2024-11-20 15:00:00,155.595,155.606,155.053,155.527,8516
2024-11-20 16:00:00,155.524,155.61,155.233,155.378,5630
2024-11-20 17:00:00,155.377,155.438,155.18,155.217,3415
2024-11-20 18:00:00,155.217,155.431,155.195,155.336,3789
2024-11-20 19:00:00,155.338,155.374,155.237,155.364,2453
2024-11-20 20:00:00,155.366,155.517,155.363,155.448,2066
2024-11-20 21:00:00,155.466,155.527,155.218,155.218,1527
2024-11-20 22:00:00,155.191,155.373,155.126,155.339,757
2024-11-20 23:00:00,155.349,155.367,155.229,155.271,1385
2024-11-21 00:00:00,155.272,155.301,154.92,155.073,5618
2024-11-21 01:00:00,155.071,155.086,154.874,155.039,3982
2024-11-21 02:00:00,155.039,155.083,154.873,154.959,3383
2024-11-21 03:00:00,154.956,155.034,154.888,154.92,2823
2024-11-21 04:00:00,154.921,155.108,154.856,155.056,2254
2024-11-21 05:00:00,155.053,155.262,155.027,155.184,3211
2024-11-21 06:00:00,155.182,155.182,154.556,154.759,8598
2024-11-21 07:00:00,154.759,155.041,154.604,154.909,10084
2024-11-21 08:00:00,154.902,155.032,154.402,154.437,9905
2024-11-21 09:00:00,154.439,154.446,154.079,154.392,9088
2024-11-21 10:00:00,154.395,154.433,154.199,154.397,5187
2024-11-21 11:00:00,154.397,154.585,154.301,154.529,4285
2024-11-21 12:00:00,154.526,154.713,154.294,154.437,4631
2024-11-21 13:00:00,154.439,154.686,154.099,154.247,9457
2024-11-21 14:00:00,154.25,154.541,153.956,154.099,10176
2024-11-21 15:00:00,154.102,154.349,153.902,154.315,9334
2024-11-21 16:00:00,154.316,154.664,154.302,154.65,7645
2024-11-21 17:00:00,154.651,154.69,154.4,154.438,5349
2024-11-21 18:00:00,154.438,154.696,154.431,154.547,3875
2024-11-21 19:00:00,154.544,154.647,154.476,154.502,3494
2024-11-21 20:00:00,154.502,154.588,154.45,154.488,2660
2024-11-21 21:00:00,154.498,154.56,154.439,154.528,1258
2024-11-21 22:00:00,154.52,154.522,154.37,154.429,570
2024-11-21 23:00:00,154.497,154.505,154.101,154.149,2534
2024-11-22 00:00:00,154.155,154.412,153.963,154.327,6622
2024-11-22 01:00:00,154.325,154.438,154.221,154.41,4714
2024-11-22 02:00:00,154.411,154.492,154.345,154.389,3042
2024-11-22 03:00:00,154.388,154.482,154.181,154.261,3346
2024-11-22 04:00:00,154.263,154.443,154.263,154.42,2643
2024-11-22 05:00:00,154.422,154.731,154.422,154.7,3237
2024-11-22 06:00:00,154.702,154.953,154.674,154.898,3751
2024-11-22 07:00:00,154.897,154.925,154.654,154.724,4711
2024-11-22 08:00:00,154.727,154.865,154.394,154.51,6647
2024-11-22 09:00:00,154.508,154.817,154.249,154.498,8857
2024-11-22 10:00:00,154.497,154.551,154.249,154.32,5959
2024-11-22 11:00:00,154.322,154.466,154.272,154.311,4435
2024-11-22 12:00:00,154.309,154.546,154.288,154.498,3823
2024-11-22 13:00:00,154.496,154.566,154.187,154.269,6522
2024-11-22 14:00:00,154.271,155.023,154.268,154.875,8871
2024-11-22 15:00:00,154.871,154.91,154.594,154.893,10602
2024-11-22 16:00:00,154.894,154.918,154.71,154.731,5827
2024-11-22 17:00:00,154.729,154.822,154.668,154.755,3354
2024-11-22 18:00:00,154.755,154.804,154.7,154.737,2689
2024-11-22 19:00:00,154.735,154.811,154.657,154.8,2373
2024-11-22 20:00:00,154.8,154.888,154.738,154.812,2594
2024-11-22 21:00:00,154.83,154.845,154.74,154.742,1129
2024-11-24 22:00:00,154.17,154.35,154.059,154.222,1222
2024-11-24 23:00:00,154.252,154.36,154.047,154.146,3135
2024-11-25 00:00:00,154.147,154.203,153.813,154.203,6126
2024-11-25 01:00:00,154.204,154.234,153.642,153.766,5616
2024-11-25 02:00:00,153.766,153.803,153.546,153.757,4150
2024-11-25 03:00:00,153.757,153.96,153.626,153.939,4402
2024-11-25 04:00:00,153.941,154.165,153.935,154.091,3571
2024-11-25 05:00:00,154.091,154.396,154.089,154.263,3911
2024-11-25 06:00:00,154.264,154.478,154.179,154.293,4484
2024-11-25 07:00:00,154.291,154.554,154.149,154.536,5848
2024-11-25 08:00:00,154.538,154.72,154.478,154.688,6623
2024-11-25 09:00:00,154.689,154.695,154.351,154.421,4720
2024-11-25 10:00:00,154.421,154.478,154.342,154.419,3920
2024-11-25 11:00:00,154.421,154.507,154.313,154.503,2674
2024-11-25 12:00:00,154.504,154.561,154.127,154.196,3816
2024-11-25 13:00:00,154.193,154.193,153.75,153.922,7747
2024-11-25 14:00:00,153.922,154.017,153.622,153.748,9249
2024-11-25 15:00:00,153.744,154.389,153.639,154.363,8702
2024-11-25 16:00:00,154.366,154.517,154.276,154.29,5906
2024-11-25 17:00:00,154.29,154.381,154.222,154.316,3831
2024-11-25 18:00:00,154.318,154.338,154.094,154.108,3929
2024-11-25 19:00:00,154.109,154.198,153.99,154.13,3272
2024-11-25 20:00:00,154.132,154.176,154.076,154.121,2440
2024-11-25 21:00:00,154.128,154.251,154.128,154.173,1211
2024-11-25 22:00:00,154.16,154.199,153.963,154.091,664
2024-11-25 23:00:00,154.109,154.447,153.869,154.374,3453
2024-11-26 00:00:00,154.382,154.414,153.928,154.013,10944
2024-11-26 01:00:00,154.014,154.109,153.836,154.053,7268
2024-11-26 02:00:00,154.049,154.22,153.896,153.982,3541
2024-11-26 03:00:00,153.982,154.063,153.721,153.739,3824
2024-11-26 04:00:00,153.736,153.91,153.663,153.837,3256
2024-11-26 05:00:00,153.834,153.839,153.541,153.714,3686
2024-11-26 06:00:00,153.716,154.061,153.601,154.048,3815
2024-11-26 07:00:00,154.052,154.216,154.025,154.035,5051
2024-11-26 08:00:00,154.033,154.054,153.781,153.963,5399
2024-11-26 09:00:00,153.964,154.119,153.877,153.922,3864
2024-11-26 10:00:00,153.921,153.979,153.702,153.763,2814
2024-11-26 11:00:00,153.766,153.867,153.71,153.774,2821
2024-11-26 12:00:00,153.775,153.802,153.062,153.255,8336
2024-11-26 13:00:00,153.252,153.478,152.979,153.429,7099
2024-11-26 14:00:00,153.427,153.676,153.396,153.515,7081
2024-11-26 15:00:00,153.516,153.717,153.375,153.457,7411
2024-11-26 16:00:00,153.455,153.679,153.411,153.486,5464
2024-11-26 17:00:00,153.487,153.515,153.249,153.325,4692
2024-11-26 18:00:00,153.323,153.484,153.263,153.382,3934
2024-11-26 19:00:00,153.381,153.413,153.078,153.108,5429
2024-11-26 20:00:00,153.105,153.139,153.022,153.05,3368
2024-11-26 21:00:00,153.065,153.142,152.994,153.085,1542
2024-11-26 22:00:00,153.069,153.095,152.937,153.027,1153
2024-11-26 23:00:00,153.069,153.228,152.921,152.921,2101
2024-11-27 00:00:00,152.927,153.011,152.757,152.908,5959
2024-11-27 01:00:00,152.908,153.029,152.504,152.548,5766
2024-11-27 02:00:00,152.55,152.749,152.521,152.634,3758
2024-11-27 03:00:00,152.632,152.654,152.378,152.45,3517
2024-11-27 04:00:00,152.45,152.468,152.247,152.31,3395
2024-11-27 05:00:00,152.311,152.475,152.23,152.434,3544
2024-11-27 06:00:00,152.438,152.462,152.065,152.078,4343
2024-11-27 07:00:00,152.075,152.165,151.836,151.947,6368
2024-11-27 08:00:00,151.95,151.954,151.424,151.82,9555
2024-11-27 09:00:00,151.82,151.889,151.35,151.471,6051
2024-11-27 10:00:00,151.47,151.489,151.22,151.396,5800
2024-11-27 11:00:00,151.393,151.612,151.361,151.484,4136
2024-11-27 12:00:00,151.485,151.588,151.301,151.478,5154
2024-11-27 13:00:00,151.479,151.626,151.292,151.329,7507
2024-11-27 14:00:00,151.328,151.488,150.994,151.382,8402
2024-11-27 15:00:00,151.374,151.801,150.926,151.101,9333
2024-11-27 16:00:00,151.103,151.371,150.448,150.705,9695
2024-11-27 17:00:00,150.702,150.862,150.53,150.758,6872
2024-11-27 18:00:00,150.756,150.88,150.672,150.851,3822
2024-11-27 19:00:00,150.851,151.053,150.848,151.022,3476
2024-11-27 20:00:00,151.019,151.184,151.019,151.073,3582
2024-11-27 21:00:00,151.079,151.178,150.908,150.908,1449
2024-11-27 22:00:00,150.869,151.097,150.819,150.826,849
2024-11-27 23:00:00,150.951,151.372,150.908,151.34,2047
2024-11-28 00:00:00,151.34,151.705,151.277,151.679,5483
2024-11-28 01:00:00,151.68,151.744,151.403,151.425,4985
2024-11-28 02:00:00,151.422,151.614,151.339,151.441,3452
2024-11-28 03:00:00,151.439,151.715,151.41,151.623,2799
2024-11-28 04:00:00,151.62,151.654,151.528,151.62,2380
2024-11-28 05:00:00,151.62,151.662,151.476,151.545,2304
2024-11-28 06:00:00,151.543,151.648,151.356,151.544,3664
2024-11-28 07:00:00,151.545,151.774,151.535,151.75,3848
2024-11-28 08:00:00,151.752,151.915,151.69,151.828,4819
2024-11-28 09:00:00,151.831,151.948,151.788,151.886,3719
2024-11-28 10:00:00,151.886,151.949,151.837,151.847,2235
2024-11-28 11:00:00,151.845,151.893,151.755,151.832,2286
2024-11-28 12:00:00,151.829,151.845,151.636,151.758,2711
2024-11-28 13:00:00,151.76,151.77,151.554,151.566,2719
2024-11-28 14:00:00,151.569,151.603,151.475,151.524,2724
2024-11-28 15:00:00,151.523,151.567,151.401,151.514,2856
2024-11-28 16:00:00,151.514,151.568,151.459,151.478,1630
2024-11-28 17:00:00,151.478,151.544,151.456,151.487,1182
2024-11-28 18:00:00,151.487,151.551,151.456,151.528,486
2024-11-28 19:00:00,151.528,151.538,151.446,151.475,339
2024-11-28 20:00:00,151.476,151.5,151.39,151.39,475
2024-11-28 21:00:00,151.382,151.528,151.291,151.49,756
2024-11-28 22:00:00,151.479,151.526,151.403,151.504,286
2024-11-28 23:00:00,151.526,151.532,150.972,151.179,2259
2024-11-29 00:00:00,151.181,151.204,150.524,150.578,8119
2024-11-29 01:00:00,150.576,150.614,149.844,149.938,14448
2024-11-29 02:00:00,149.939,150.394,149.939,150.157,8125
2024-11-29 03:00:00,150.158,150.372,150.05,150.1,4514
2024-11-29 04:00:00,150.097,150.133,149.758,150.009,5678
2024-11-29 05:00:00,150.011,150.269,149.925,150.102,5232
2024-11-29 06:00:00,150.099,150.201,149.959,149.998,4301
2024-11-29 07:00:00,150.0,150.008,149.526,149.986,7017
2024-11-29 08:00:00,149.988,150.269,149.984,150.183,6049
2024-11-29 09:00:00,150.181,150.302,149.922,150.162,4836
2024-11-29 10:00:00,150.156,150.36,149.936,149.959,4478
2024-11-29 11:00:00,149.959,150.073,149.826,150.036,3612
2024-11-29 12:00:00,150.037,150.255,149.996,150.15,3513
2024-11-29 13:00:00,150.15,150.231,149.939,149.964,4183
2024-11-29 14:00:00,149.96,150.155,149.871,149.935,4534
2024-11-29 15:00:00,149.938,150.344,149.914,150.172,5991
2024-11-29 16:00:00,150.171,150.526,150.146,150.415,5500
2024-11-29 17:00:00,150.418,150.446,149.579,149.6,8536
2024-11-29 18:00:00,149.597,149.683,149.461,149.632,3681
2024-11-29 19:00:00,149.632,149.676,149.455,149.591,2376
2024-11-29 20:00:00,149.597,149.641,149.517,149.566,3276
2024-11-29 21:00:00,149.6,149.69,149.544,149.653,2150
2024-12-01 22:00:00,149.557,149.69,149.363,149.56,1130
2024-12-01 23:00:00,149.611,150.062,149.549,149.858,3200
2024-12-02 00:00:00,149.864,150.286,149.801,150.198,6627
2024-12-02 01:00:00,150.197,150.552,150.144,150.528,5821
2024-12-02 02:00:00,150.53,150.685,150.467,150.593,4703
2024-12-02 03:00:00,150.592,150.742,150.498,150.524,3421
2024-12-02 04:00:00,150.522,150.679,150.432,150.575,3840
2024-12-02 05:00:00,150.574,150.748,150.51,150.72,4353
2024-12-02 06:00:00,150.722,150.726,150.253,150.324,4971
2024-12-02 07:00:00,150.322,150.446,149.988,150.244,6459
2024-12-02 08:00:00,150.246,150.373,150.072,150.213,5640
2024-12-02 09:00:00,150.215,150.439,150.042,150.345,4306
2024-12-02 10:00:00,150.344,150.385,150.157,150.173,3859
2024-12-02 11:00:00,150.171,150.235,150.07,150.147,3336
2024-12-02 12:00:00,150.147,150.167,149.915,150.127,3968
2024-12-02 13:00:00,150.128,150.349,150.038,150.075,5619
2024-12-02 14:00:00,150.077,150.092,149.827,149.988,6933
2024-12-02 15:00:00,149.986,150.24,149.716,149.869,10992
2024-12-02 16:00:00,149.865,149.945,149.077,149.26,10289
2024-12-02 17:00:00,149.26,149.623,149.207,149.592,4693
2024-12-02 18:00:00,149.592,149.787,149.537,149.652,3816
2024-12-02 19:00:00,149.65,149.683,149.486,149.522,3056
2024-12-02 20:00:00,149.521,149.645,149.224,149.52,6865
2024-12-02 21:00:00,149.512,149.602,149.493,149.575,1639
2024-12-02 22:00:00,149.561,149.575,149.459,149.521,516
2024-12-02 23:00:00,149.546,149.805,149.487,149.507,2186
2024-12-03 00:00:00,149.512,149.931,149.492,149.865,5767
2024-12-03 01:00:00,149.864,149.97,149.59,149.871,5087
2024-12-03 02:00:00,149.872,149.994,149.785,149.858,3255
2024-12-03 03:00:00,149.859,150.133,149.843,150.089,3402
2024-12-03 04:00:00,150.089,150.216,150.043,150.142,2645
2024-12-03 05:00:00,150.144,150.234,149.988,150.025,3022
2024-12-03 06:00:00,150.024,150.163,149.958,150.106,3098
2024-12-03 07:00:00,150.103,150.131,149.869,150.001,4003
2024-12-03 08:00:00,150.004,150.182,149.819,149.915,5632
2024-12-03 09:00:00,149.914,149.953,149.772,149.812,4264
2024-12-03 10:00:00,149.81,150.078,149.761,150.045,2888
2024-12-03 11:00:00,150.047,150.107,149.675,149.729,3317
2024-12-03 12:00:00,149.729,149.869,149.595,149.681,3405
2024-12-03 13:00:00,149.679,149.696,148.796,148.85,6976
2024-12-03 14:00:00,148.848,149.068,148.638,148.816,10709
2024-12-03 15:00:00,148.82,149.247,148.752,149.146,12536
2024-12-03 16:00:00,149.148,149.517,149.076,149.121,7476
2024-12-03 17:00:00,149.123,149.507,149.08,149.205,5900
2024-12-03 18:00:00,149.201,149.212,148.976,149.037,4602
2024-12-03 19:00:00,149.036,149.536,148.959,149.502,3448
2024-12-03 20:00:00,149.503,149.52,149.4,149.451,2613
2024-12-03 21:00:00,149.445,149.584,149.436,149.567,1226
2024-12-03 22:00:00,149.556,149.593,149.453,149.565,501
2024-12-03 23:00:00,149.592,149.693,149.562,149.61,1614
2024-12-04 00:00:00,149.608,149.909,149.516,149.866,5385
2024-12-04 01:00:00,149.867,150.079,149.678,149.921,5440
2024-12-04 02:00:00,149.924,149.951,149.687,149.775,4029
2024-12-04 03:00:00,149.774,149.935,149.622,149.93,4485
2024-12-04 04:00:00,149.932,150.168,149.876,149.966,4599
2024-12-04 05:00:00,149.969,150.102,149.879,150.095,4668
2024-12-04 06:00:00,150.095,150.166,149.855,150.003,4089
2024-12-04 07:00:00,150.004,150.435,149.975,150.378,5778
2024-12-04 08:00:00,150.379,150.538,150.294,150.434,6021
2024-12-04 09:00:00,150.434,150.777,150.429,150.622,5329
2024-12-04 10:00:00,150.619,150.89,150.611,150.863,4134
2024-12-04 11:00:00,150.862,151.046,150.773,150.885,4355
2024-12-04 12:00:00,150.886,151.222,150.853,151.166,4407
2024-12-04 13:00:00,151.168,151.229,150.802,151.069,8372
2024-12-04 14:00:00,151.069,151.129,150.807,150.861,6389
2024-12-04 15:00:00,150.831,150.849,150.278,150.39,10158
2024-12-04 16:00:00,150.388,150.443,150.051,150.184,5846
2024-12-04 17:00:00,150.184,150.238,149.987,150.165,4365
2024-12-04 18:00:00,150.164,150.433,150.037,150.407,3213
2024-12-04 19:00:00,150.41,150.594,150.215,150.438,7128
2024-12-04 20:00:00,150.434,150.669,150.432,150.513,3678
2024-12-04 21:00:00,150.51,150.652,150.4,150.44,1453
2024-12-04 22:00:00,150.414,150.534,150.302,150.483,665
2024-12-04 23:00:00,150.519,150.757,150.504,150.543,2022
2024-12-05 00:00:00,150.545,150.545,150.19,150.221,5347
2024-12-05 01:00:00,150.223,150.677,150.182,150.537,6592
2024-12-05 02:00:00,150.534,150.56,150.212,150.332,4282
2024-12-05 03:00:00,150.334,150.343,150.192,150.286,3022
2024-12-05 04:00:00,150.286,150.424,150.231,150.384,2568
2024-12-05 05:00:00,150.386,150.394,149.781,149.927,6200
2024-12-05 06:00:00,149.929,149.929,149.657,149.776,5381
2024-12-05 07:00:00,149.778,150.017,149.706,149.782,4647
2024-12-05 08:00:00,149.78,150.211,149.649,150.186,4963
2024-12-05 09:00:00,150.187,150.311,150.101,150.306,3472
2024-12-05 10:00:00,150.306,150.35,150.088,150.115,3120
2024-12-05 11:00:00,150.117,150.234,150.038,150.154,2977
2024-12-05 12:00:00,150.153,150.501,150.141,150.396,4034
2024-12-05 13:00:00,150.394,150.694,150.193,150.604,8418
2024-12-05 14:00:00,150.603,150.614,150.272,150.481,6577
2024-12-05 15:00:00,150.483,150.5,150.172,150.244,6650
2024-12-05 16:00:00,150.242,150.334,150.094,150.201,4856
2024-12-05 17:00:00,150.198,150.219,150.067,150.131,3630
2024-12-05 18:00:00,150.132,150.347,150.117,150.152,2656
2024-12-05 19:00:00,150.154,150.154,149.915,150.015,3253
2024-12-05 20:00:00,150.017,150.098,149.949,150.082,2285
2024-12-05 21:00:00,150.068,150.113,150.036,150.085,1265
2024-12-05 22:00:00,150.067,150.08,149.923,150.03,570
2024-12-05 23:00:00,150.063,150.227,150.049,150.112,1714
2024-12-06 00:00:00,150.117,150.274,149.861,150.097,5190
2024-12-06 01:00:00,150.095,150.222,150.018,150.043,4464
2024-12-06 02:00:00,150.04,150.042,149.811,149.829,3789
2024-12-06 03:00:00,149.826,149.918,149.765,149.876,2624
2024-12-06 04:00:00,149.875,150.021,149.825,149.974,2247
2024-12-06 05:00:00,149.977,150.066,149.874,149.931,2605
2024-12-06 06:00:00,149.929,150.02,149.768,149.864,3085
2024-12-06 07:00:00,149.859,150.167,149.817,150.088,4059
2024-12-06 08:00:00,150.09,150.415,150.088,150.364,4192
2024-12-06 09:00:00,150.362,150.602,150.357,150.57,3061
2024-12-06 10:00:00,150.57,150.697,150.496,150.57,3003
2024-12-06 11:00:00,150.571,150.618,150.47,150.507,2851
2024-12-06 12:00:00,150.507,150.654,150.365,150.403,3462
2024-12-06 13:00:00,150.406,150.576,149.649,149.66,12164
2024-12-06 14:00:00,149.662,149.883,149.356,149.656,14427
2024-12-06 15:00:00,149.658,150.041,149.634,149.866,9296
2024-12-06 16:00:00,149.867,150.112,149.672,149.788,6871
2024-12-06 17:00:00,149.786,150.04,149.786,149.956,4286
2024-12-06 18:00:00,149.959,150.044,149.875,149.984,2752
2024-12-06 19:00:00,149.98,150.129,149.963,149.967,2532
2024-12-06 20:00:00,149.963,150.051,149.948,149.957,2077
2024-12-06 21:00:00,149.949,150.041,149.934,150.04,1241
2024-12-08 22:00:00,149.883,150.039,149.805,149.988,881
2024-12-08 23:00:00,150.0,150.01,149.845,149.985,1215
2024-12-09 02:00:00,149.942,149.955,149.856,149.907,772
2024-12-09 03:00:00,149.906,150.034,149.875,149.975,2480
2024-12-09 04:00:00,149.977,149.991,149.833,149.891,2131
2024-12-09 05:00:00,149.892,149.986,149.855,149.962,2442
2024-12-09 06:00:00,149.963,150.189,149.936,150.138,3154
2024-12-09 07:00:00,150.136,150.348,150.107,150.34,4116
2024-12-09 08:00:00,150.341,150.519,150.31,150.413,4326
2024-12-09 09:00:00,150.412,150.485,150.343,150.415,3700
2024-12-09 10:00:00,150.414,150.478,150.35,150.453,2724
2024-12-09 11:00:00,150.455,150.5,150.384,150.485,2263
2024-12-09 12:00:00,150.487,150.841,150.436,150.765,3098
2024-12-09 13:00:00,150.765,150.946,150.739,150.87,4246
2024-12-09 14:00:00,150.869,150.944,150.694,150.928,4316
2024-12-09 15:00:00,150.931,151.241,150.919,151.02,4936
2024-12-09 16:00:00,151.022,151.244,150.964,151.234,3248
2024-12-09 17:00:00,151.234,151.345,151.199,151.324,2668
2024-12-09 18:00:00,151.327,151.334,151.228,151.267,1756
2024-12-09 19:00:00,151.267,151.313,151.177,151.236,1771
2024-12-09 20:00:00,151.234,151.292,151.161,151.215,1991
2024-12-09 21:00:00,151.189,151.242,151.128,151.193,1151
2024-12-09 22:00:00,151.165,151.248,151.02,151.209,892
2024-12-09 23:00:00,151.239,151.424,151.182,151.386,1787
2024-12-10 00:00:00,151.389,151.488,151.224,151.436,4745
2024-12-10 01:00:00,151.434,151.546,151.278,151.312,3372
2024-12-10 02:00:00,151.312,151.312,151.033,151.196,4216
2024-12-10 03:00:00,151.197,151.27,151.03,151.069,3105
2024-12-10 04:00:00,151.067,151.143,150.948,151.125,3104
2024-12-10 05:00:00,151.126,151.294,150.895,150.933,2897
2024-12-10 06:00:00,150.933,151.271,150.896,151.218,3613
2024-12-10 07:00:00,151.221,151.581,151.176,151.549,3855
2024-12-10 08:00:00,151.553,151.783,151.501,151.631,5188
2024-12-10 09:00:00,151.632,151.661,151.409,151.592,4261
2024-12-10 10:00:00,151.595,151.608,151.466,151.585,2954
2024-12-10 11:00:00,151.585,151.732,151.572,151.7,2736
2024-12-10 12:00:00,151.7,151.797,151.547,151.779,2853
2024-12-10 13:00:00,151.781,151.837,151.526,151.68,4219
2024-12-10 14:00:00,151.677,151.826,151.582,151.826,4800
2024-12-10 15:00:00,151.827,152.168,151.747,152.121,5500
2024-12-10 16:00:00,152.119,152.18,151.974,152.048,3809
2024-12-10 17:00:00,152.048,152.147,151.987,152.109,2479
2024-12-10 18:00:00,152.107,152.12,151.875,151.919,2751
2024-12-10 19:00:00,151.919,151.951,151.839,151.929,2049
2024-12-10 20:00:00,151.929,151.948,151.827,151.926,2042
2024-12-10 21:00:00,151.902,151.972,151.89,151.964,1261
2024-12-10 22:00:00,151.938,151.94,151.8,151.929,356
2024-12-10 23:00:00,151.94,151.948,151.77,151.832,1440
2024-12-11 00:00:00,151.84,151.869,151.703,151.728,3669
2024-12-11 01:00:00,151.726,151.826,151.692,151.702,3357
2024-12-11 02:00:00,151.702,151.719,151.438,151.441,3377
2024-12-11 03:00:00,151.441,151.638,151.412,151.543,2339
2024-12-11 04:00:00,151.543,151.612,151.459,151.54,2052
2024-12-11 05:00:00,151.541,151.762,151.529,151.748,2077
2024-12-11 06:00:00,151.747,151.788,151.619,151.758,2408
2024-12-11 07:00:00,151.761,151.791,151.417,151.673,5951
2024-12-11 08:00:00,151.649,151.713,151.463,151.62,3894
2024-12-11 09:00:00,151.622,152.721,150.998,152.676,18730
2024-12-11 10:00:00,152.676,152.793,152.485,152.592,5528
2024-12-11 11:00:00,152.59,152.706,152.51,152.549,4026
2024-12-11 12:00:00,152.547,152.703,152.522,152.648,4015
2024-12-11 13:00:00,152.647,152.858,152.048,152.293,10381
2024-12-11 14:00:00,152.292,152.327,151.911,152.132,8635
2024-12-11 15:00:00,152.13,152.518,152.076,152.453,7755
2024-12-11 16:00:00,152.452,152.556,152.238,152.336,4658
2024-12-11 17:00:00,152.336,152.542,152.31,152.491,3140
2024-12-11 18:00:00,152.491,152.688,152.315,152.672,4494
2024-12-11 19:00:00,152.675,152.716,152.531,152.634,3272
2024-12-11 20:00:00,152.638,152.645,152.521,152.59,1989
2024-12-11 21:00:00,152.583,152.592,152.261,152.27,1000
2024-12-11 22:00:00,152.265,152.412,152.159,152.41,640
2024-12-11 23:00:00,152.419,152.444,152.231,152.257,1543
2024-12-12 00:00:00,152.257,152.335,152.096,152.183,4583
2024-12-12 01:00:00,152.186,152.195,151.947,151.976,4334
2024-12-12 02:00:00,151.975,152.317,151.949,152.317,3164
2024-12-12 03:00:00,152.315,152.409,152.208,152.351,2650
2024-12-12 04:00:00,152.351,152.388,152.179,152.188,2281
2024-12-12 05:00:00,152.187,152.606,152.178,152.491,4503
2024-12-12 06:00:00,152.492,152.771,152.452,152.477,4369
2024-12-12 07:00:00,152.477,152.584,152.268,152.567,4699
2024-12-12 08:00:00,152.57,152.656,152.361,152.496,5288
2024-12-12 09:00:00,152.499,152.625,152.443,152.52,4380
2024-12-12 10:00:00,152.522,152.538,152.198,152.314,3470
2024-12-12 11:00:00,152.312,152.34,152.158,152.184,3539
2024-12-12 12:00:00,152.184,152.358,152.115,152.269,3605
2024-12-12 13:00:00,152.27,152.374,151.796,152.032,9937
2024-12-12 14:00:00,152.03,152.397,151.871,152.241,9442
2024-12-12 15:00:00,152.238,152.376,152.106,152.285,7045
2024-12-12 16:00:00,152.283,152.312,152.04,152.074,4130
2024-12-12 17:00:00,152.072,152.296,152.035,152.261,3535
2024-12-12 18:00:00,152.259,152.52,152.235,152.479,3726
2024-12-12 19:00:00,152.479,152.544,152.43,152.536,2612
2024-12-12 20:00:00,152.535,152.672,152.519,152.658,2014
2024-12-12 21:00:00,152.658,152.685,152.593,152.61,1090
2024-12-12 22:00:00,152.572,152.613,152.41,152.547,607
2024-12-12 23:00:00,152.58,152.636,152.446,152.585,1720
2024-12-13 00:00:00,152.588,152.95,152.55,152.822,5259
2024-12-13 01:00:00,152.82,152.951,152.694,152.765,3983
2024-12-13 02:00:00,152.762,152.914,152.641,152.9,3052
2024-12-13 03:00:00,152.902,153.047,152.873,152.899,2798
2024-12-13 04:00:00,152.899,153.083,152.885,152.951,2171
2024-12-13 05:00:00,152.951,153.029,152.877,152.892,1901
2024-12-13 06:00:00,152.892,152.995,152.671,152.706,2627
2024-12-13 07:00:00,152.71,152.892,152.71,152.795,3765
2024-12-13 08:00:00,152.792,153.183,152.792,153.158,3914
2024-12-13 09:00:00,153.161,153.475,153.116,153.409,3282
2024-12-13 10:00:00,153.408,153.497,153.365,153.463,2771
2024-12-13 11:00:00,153.465,153.622,153.439,153.622,2527
2024-12-13 12:00:00,153.622,153.665,153.318,153.45,3616
2024-12-13 13:00:00,153.453,153.529,153.258,153.299,4074
2024-12-13 14:00:00,153.3,153.626,153.299,153.591,3821
2024-12-13 15:00:00,153.593,153.687,153.454,153.659,4340
2024-12-13 16:00:00,153.659,153.773,153.555,153.746,2842
2024-12-13 17:00:00,153.744,153.799,153.683,153.687,2289
2024-12-13 18:00:00,153.688,153.739,153.658,153.697,2084
2024-12-13 19:00:00,153.696,153.743,153.68,153.685,1691
2024-12-13 20:00:00,153.682,153.725,153.644,153.653,1221
2024-12-13 21:00:00,153.652,153.683,153.59,153.633,970
2024-12-15 22:00:00,153.621,153.677,153.391,153.596,825
2024-12-15 23:00:00,153.623,153.64,153.424,153.45,1927
2024-12-16 00:00:00,153.451,153.897,153.323,153.808,4186
2024-12-16 01:00:00,153.806,153.93,153.703,153.901,3424
2024-12-16 02:00:00,153.9,153.969,153.841,153.872,2562
2024-12-16 03:00:00,153.871,153.881,153.75,153.815,2193
2024-12-16 04:00:00,153.815,153.889,153.726,153.741,1734
2024-12-16 05:00:00,153.741,153.77,153.602,153.658,2147
2024-12-16 06:00:00,153.658,153.768,153.543,153.648,2444
2024-12-16 07:00:00,153.651,153.685,153.476,153.524,3388
2024-12-16 08:00:00,153.522,153.721,153.438,153.69,4123
2024-12-16 09:00:00,153.694,153.828,153.638,153.798,2942
2024-12-16 10:00:00,153.799,153.843,153.645,153.826,2275
2024-12-16 11:00:00,153.828,153.857,153.742,153.799,1872
2024-12-16 12:00:00,153.799,154.094,153.778,154.079,2701
2024-12-16 13:00:00,154.081,154.099,153.966,154.022,2903
2024-12-16 14:00:00,154.024,154.358,154.007,154.3,4017
2024-12-16 15:00:00,154.302,154.475,154.225,154.234,4385
2024-12-16 16:00:00,154.236,154.309,154.121,154.173,3061
2024-12-16 17:00:00,154.17,154.247,154.05,154.149,2689
2024-12-16 18:00:00,154.148,154.2,154.043,154.055,1998
2024-12-16 19:00:00,154.055,154.132,154.006,154.125,1831
2024-12-16 20:00:00,154.123,154.16,154.085,154.149,1239
2024-12-16 21:00:00,154.134,154.212,154.115,154.132,976
2024-12-16 22:00:00,154.11,154.147,154.012,154.125,497
2024-12-16 23:00:00,154.14,154.258,154.06,154.088,1201
2024-12-17 00:00:00,154.096,154.34,154.004,154.146,4209
2024-12-17 01:00:00,154.148,154.233,153.969,154.092,3588
2024-12-17 02:00:00,154.094,154.108,153.797,153.999,3700
2024-12-17 03:00:00,154.001,154.079,153.867,154.04,2436
2024-12-17 04:00:00,154.04,154.202,153.997,154.059,2570
2024-12-17 05:00:00,154.061,154.257,154.026,154.13,3007
2024-12-17 06:00:00,154.131,154.17,154.028,154.138,3046
2024-12-17 07:00:00,154.138,154.162,153.919,154.064,3498
2024-12-17 08:00:00,154.066,154.164,153.806,153.861,4084
2024-12-17 09:00:00,153.857,153.91,153.705,153.792,3659
2024-12-17 10:00:00,153.788,153.883,153.71,153.838,2773
2024-12-17 11:00:00,153.839,153.927,153.683,153.905,2917
2024-12-17 12:00:00,153.908,153.937,153.809,153.814,2298
2024-12-17 13:00:00,153.814,154.0,153.656,153.766,5153
2024-12-17 14:00:00,153.768,153.768,153.548,153.555,5649
2024-12-17 15:00:00,153.552,153.572,153.418,153.508,5026
2024-12-17 16:00:00,153.506,153.639,153.395,153.415,3431
2024-12-17 17:00:00,153.416,153.42,153.239,153.27,3393
2024-12-17 18:00:00,153.269,153.389,153.156,153.276,2931
2024-12-17 19:00:00,153.274,153.342,153.224,153.336,2309
2024-12-17 20:00:00,153.336,153.56,153.324,153.498,2148
2024-12-17 21:00:00,153.496,153.577,153.441,153.483,1137
2024-12-17 22:00:00,153.458,153.491,153.294,153.415,631
2024-12-17 23:00:00,153.44,153.591,153.383,153.561,1269
2024-12-18 00:00:00,153.568,153.762,153.539,153.686,3726
2024-12-18 01:00:00,153.685,153.783,153.576,153.589,3054
2024-12-18 02:00:00,153.587,153.746,153.572,153.684,2433
2024-12-18 03:00:00,153.685,153.726,153.562,153.614,2054
2024-12-18 04:00:00,153.616,153.652,153.35,153.439,2618
2024-12-18 05:00:00,153.44,153.462,153.332,153.353,2024
2024-12-18 06:00:00,153.352,153.492,153.331,153.468,2665
2024-12-18 07:00:00,153.469,153.646,153.345,153.577,3119
2024-12-18 08:00:00,153.578,153.619,153.515,153.562,3038
2024-12-18 09:00:00,153.564,153.739,153.531,153.634,2551
2024-12-18 10:00:00,153.631,153.695,153.546,153.575,2019
2024-12-18 11:00:00,153.575,153.694,153.563,153.658,1767
2024-12-18 12:00:00,153.658,153.829,153.631,153.821,2065
2024-12-18 13:00:00,153.821,153.949,153.807,153.845,3558
2024-12-18 14:00:00,153.844,153.898,153.7,153.777,4095
2024-12-18 15:00:00,153.777,154.051,153.677,154.017,4135
2024-12-18 16:00:00,154.018,154.086,153.961,154.0,3411
2024-12-18 17:00:00,154.0,154.015,153.738,153.822,2557
2024-12-18 18:00:00,153.821,153.833,153.717,153.761,2527
2024-12-18 19:00:00,153.764,154.659,153.749,154.642,12808
2024-12-18 20:00:00,154.647,154.769,154.325,154.681,9955
2024-12-18 21:00:00,154.669,154.813,154.49,154.65,2566
2024-12-18 22:00:00,154.611,154.791,154.548,154.737,761
2024-12-18 23:00:00,154.748,154.766,154.425,154.658,2615
2024-12-19 00:00:00,154.661,154.892,154.533,154.817,6127
2024-12-19 01:00:00,154.818,154.857,154.629,154.645,4831
2024-12-19 02:00:00,154.641,155.278,154.461,155.087,6803
2024-12-19 03:00:00,155.089,155.436,154.956,155.254,5610
2024-12-19 04:00:00,155.253,155.351,155.141,155.305,2828
2024-12-19 05:00:00,155.301,155.47,155.191,155.228,3360
2024-12-19 06:00:00,155.228,156.146,154.91,156.099,12971
2024-12-19 07:00:00,156.103,156.777,156.099,156.474,14416
2024-12-19 08:00:00,156.476,157.065,156.431,156.87,8949
2024-12-19 09:00:00,156.873,157.144,156.717,157.042,8371
2024-12-19 10:00:00,157.039,157.061,156.821,156.947,5103
2024-12-19 11:00:00,156.949,157.06,156.675,156.694,4569
2024-12-19 12:00:00,156.694,156.976,156.677,156.934,5284
2024-12-19 13:00:00,156.937,157.049,156.393,156.904,8942
2024-12-19 14:00:00,156.907,157.347,156.868,157.175,8202
2024-12-19 15:00:00,157.177,157.732,157.152,157.709,7384
2024-12-19 16:00:00,157.709,157.807,157.587,157.726,5565
2024-12-19 17:00:00,157.725,157.766,157.523,157.692,4317
2024-12-19 18:00:00,157.69,157.725,157.525,157.538,4019
2024-12-19 19:00:00,157.54,157.554,157.346,157.418,3336
2024-12-19 20:00:00,157.415,157.433,157.304,157.327,2981
2024-12-19 21:00:00,157.325,157.438,157.323,157.414,1422
2024-12-19 22:00:00,157.407,157.432,157.288,157.42,1007
2024-12-19 23:00:00,157.433,157.663,157.393,157.643,2173
2024-12-20 00:00:00,157.647,157.923,157.602,157.738,6696
2024-12-20 01:00:00,157.739,157.779,157.144,157.274,7397
2024-12-20 02:00:00,157.275,157.376,156.88,156.969,5726
2024-12-20 03:00:00,156.969,157.151,156.829,157.068,5759
2024-12-20 04:00:00,157.067,157.307,157.053,157.293,3520
2024-12-20 05:00:00,157.295,157.313,156.961,157.032,3768
2024-12-20 06:00:00,157.033,157.131,156.864,156.977,5237
2024-12-20 07:00:00,156.984,157.053,156.761,156.826,4687
2024-12-20 08:00:00,156.826,156.961,156.731,156.885,5575
2024-12-20 09:00:00,156.886,156.912,156.621,156.717,5049
2024-12-20 10:00:00,156.717,156.77,156.634,156.738,3371
2024-12-20 11:00:00,156.738,156.841,156.673,156.769,2443
2024-12-20 12:00:00,156.772,156.814,156.591,156.731,3342
2024-12-20 13:00:00,156.733,156.795,156.347,156.515,6943
2024-12-20 14:00:00,156.513,156.658,156.315,156.601,7057
2024-12-20 15:00:00,156.594,156.776,156.398,156.502,7334
2024-12-20 16:00:00,156.504,156.584,156.096,156.105,5292
2024-12-20 17:00:00,156.107,156.158,155.948,156.069,4327
2024-12-20 18:00:00,156.067,156.21,156.02,156.083,2980
2024-12-20 19:00:00,156.082,156.108,155.972,155.999,2676
2024-12-20 20:00:00,156.003,156.355,155.995,156.355,2543
2024-12-20 21:00:00,156.307,156.458,156.283,156.424,1719
2024-12-22 22:00:00,156.348,156.501,156.255,156.5,465
2024-12-22 23:00:00,156.538,156.561,156.387,156.557,2020
2024-12-23 00:00:00,156.565,156.651,156.424,156.605,3825
2024-12-23 01:00:00,156.604,156.688,156.345,156.455,3316
2024-12-23 02:00:00,156.453,156.558,156.333,156.552,3024
2024-12-23 03:00:00,156.553,156.609,156.482,156.516,1941
2024-12-23 04:00:00,156.517,156.626,156.482,156.576,2136
2024-12-23 05:00:00,156.577,156.658,156.551,156.645,1633
2024-12-23 06:00:00,156.647,156.659,156.514,156.611,2008
2024-12-23 07:00:00,156.609,156.81,156.609,156.79,2765
2024-12-23 08:00:00,156.792,156.794,156.457,156.565,4196
2024-12-23 09:00:00,156.567,156.758,156.487,156.696,2968
2024-12-23 10:00:00,156.694,156.827,156.653,156.819,2328
2024-12-23 11:00:00,156.819,156.879,156.747,156.845,2163
2024-12-23 12:00:00,156.845,157.182,156.845,157.138,2846
2024-12-23 13:00:00,157.136,157.253,157.104,157.21,3643
2024-12-23 14:00:00,157.209,157.229,157.045,157.161,3837
2024-12-23 15:00:00,157.164,157.265,157.079,157.129,4455
2024-12-23 16:00:00,157.128,157.21,157.024,157.026,2646
2024-12-23 17:00:00,157.025,157.169,156.98,157.156,2067
2024-12-23 18:00:00,157.158,157.206,157.069,157.13,2081
2024-12-23 19:00:00,157.132,157.15,157.053,157.098,1924
2024-12-23 20:00:00,157.095,157.152,157.046,157.138,1533
2024-12-23 21:00:00,157.133,157.171,157.12,157.164,936
2024-12-23 22:00:00,157.132,157.157,156.987,157.138,1023
2024-12-23 23:00:00,157.149,157.231,157.091,157.176,1547
2024-12-24 00:00:00,157.181,157.389,157.158,157.31,3141
2024-12-24 01:00:00,157.311,157.311,157.053,157.123,2883
2024-12-24 02:00:00,157.125,157.176,157.057,157.12,1609
2024-12-24 03:00:00,157.12,157.134,157.046,157.084,1460
2024-12-24 04:00:00,157.081,157.088,156.932,157.01,2025
2024-12-24 05:00:00,157.01,157.047,156.885,157.0,2486
2024-12-24 06:00:00,156.994,157.14,156.905,157.084,2364
2024-12-24 07:00:00,157.088,157.143,157.01,157.136,1855
2024-12-24 08:00:00,157.136,157.176,156.983,157.053,2097
2024-12-24 09:00:00,157.053,157.099,157.003,157.086,1744
2024-12-24 10:00:00,157.086,157.095,157.017,157.085,1190
2024-12-24 11:00:00,157.085,157.168,157.064,157.139,1261
2024-12-24 12:00:00,157.14,157.149,157.069,157.131,1590
2024-12-24 13:00:00,157.129,157.193,157.093,157.189,1538
2024-12-24 14:00:00,157.188,157.293,157.183,157.272,2101
2024-12-24 15:00:00,157.274,157.344,157.177,157.33,2144
2024-12-24 16:00:00,157.331,157.373,157.267,157.296,1916
2024-12-24 17:00:00,157.296,157.345,157.26,157.307,1581
2024-12-24 18:00:00,157.306,157.344,157.214,157.322,947
2024-12-24 19:00:00,157.322,157.371,157.263,157.283,719
2024-12-24 20:00:00,157.284,157.286,157.129,157.178,626
2024-12-24 21:00:00,157.069,157.166,156.972,157.119,700
2024-12-25 22:00:00,156.994,157.25,156.962,157.219,357
2024-12-25 23:00:00,157.245,157.261,157.096,157.117,1689
2024-12-26 00:00:00,157.123,157.372,157.07,157.326,2910
2024-12-26 01:00:00,157.324,157.474,157.24,157.413,2678
2024-12-26 02:00:00,157.416,157.475,157.362,157.421,1361
2024-12-26 03:00:00,157.421,157.436,157.333,157.369,1301
2024-12-26 04:00:00,157.368,157.463,157.352,157.424,1229
2024-12-26 05:00:00,157.425,157.431,157.304,157.346,1395
2024-12-26 06:00:00,157.345,157.417,157.328,157.37,1548
2024-12-26 07:00:00,157.371,157.443,157.334,157.369,1331
2024-12-26 08:00:00,157.372,157.412,157.339,157.34,1828
2024-12-26 09:00:00,157.342,157.458,157.302,157.429,1554
2024-12-26 10:00:00,157.429,157.449,157.398,157.438,686
2024-12-26 11:00:00,157.438,157.586,157.429,157.584,1172
2024-12-26 12:00:00,157.586,157.661,157.579,157.648,1324
2024-12-26 13:00:00,157.648,157.839,157.592,157.832,2090
2024-12-26 14:00:00,157.834,157.942,157.827,157.929,2149
2024-12-26 15:00:00,157.927,158.07,157.881,158.067,2711
2024-12-26 16:00:00,158.069,158.08,157.983,158.01,2376
2024-12-26 17:00:00,158.008,158.072,157.941,158.032,2102
2024-12-26 18:00:00,158.034,158.07,157.865,157.928,2918
2024-12-26 19:00:00,157.927,158.022,157.916,157.983,2136
2024-12-26 20:00:00,157.98,157.98,157.888,157.962,1585
2024-12-26 21:00:00,157.948,158.022,157.94,157.977,1355
2024-12-26 22:00:00,157.876,157.935,157.735,157.88,468
2024-12-26 23:00:00,157.888,157.891,157.667,157.762,1874
2024-12-27 00:00:00,157.767,157.95,157.655,157.914,3848
2024-12-27 01:00:00,157.911,157.947,157.68,157.74,3460
2024-12-27 02:00:00,157.741,157.76,157.502,157.597,3266
2024-12-27 03:00:00,157.596,157.714,157.596,157.646,1730
2024-12-27 04:00:00,157.646,157.671,157.547,157.573,1405
2024-12-27 05:00:00,157.572,157.77,157.557,157.757,1655
2024-12-27 06:00:00,157.757,157.812,157.657,157.752,2262
2024-12-27 07:00:00,157.754,157.852,157.729,157.811,2342
2024-12-27 08:00:00,157.815,157.912,157.78,157.846,2594
2024-12-27 09:00:00,157.845,157.896,157.751,157.873,1881
2024-12-27 10:00:00,157.875,157.876,157.704,157.756,1797
2024-12-27 11:00:00,157.754,157.786,157.619,157.649,1772
2024-12-27 12:00:00,157.651,157.792,157.576,157.792,2265
2024-12-27 13:00:00,157.793,157.868,157.681,157.791,2644
2024-12-27 14:00:00,157.79,157.892,157.685,157.814,3186
2024-12-27 15:00:00,157.815,157.874,157.528,157.567,4011
2024-12-27 16:00:00,157.569,157.734,157.347,157.727,4177
2024-12-27 17:00:00,157.727,157.841,157.671,157.823,2581
2024-12-27 18:00:00,157.821,157.852,157.764,157.828,1757
2024-12-27 19:00:00,157.83,157.941,157.827,157.938,1553
2024-12-27 20:00:00,157.938,157.942,157.85,157.901,1554
2024-12-27 21:00:00,157.9,157.915,157.824,157.873,1109
2024-12-29 22:00:00,157.687,157.757,157.594,157.669,668
2024-12-29 23:00:00,157.693,157.889,157.689,157.885,1117
2024-12-30 00:00:00,157.899,157.984,157.696,157.939,2755
2024-12-30 01:00:00,157.939,157.958,157.728,157.792,1652
2024-12-30 02:00:00,157.792,157.824,157.695,157.803,1389
2024-12-30 03:00:00,157.801,157.846,157.793,157.811,1032
2024-12-30 04:00:00,157.811,157.821,157.755,157.788,837
2024-12-30 05:00:00,157.79,157.956,157.768,157.853,2307
2024-12-30 06:00:00,157.856,158.072,157.817,157.868,2751
2024-12-30 07:00:00,157.87,157.889,157.803,157.886,2301
2024-12-30 08:00:00,157.885,157.927,157.808,157.897,2317
2024-12-30 09:00:00,157.895,157.983,157.848,157.871,1904
2024-12-30 10:00:00,157.871,157.878,157.755,157.779,1460
2024-12-30 11:00:00,157.779,157.779,157.558,157.633,2075
2024-12-30 12:00:00,157.636,157.648,157.481,157.552,2488
2024-12-30 13:00:00,157.551,157.641,157.447,157.456,3415
2024-12-30 14:00:00,157.452,157.546,157.06,157.086,5183
2024-12-30 15:00:00,157.085,157.275,156.668,157.172,8820
2024-12-30 16:00:00,157.174,157.294,157.003,157.259,4286
2024-12-30 17:00:00,157.261,157.351,157.114,157.148,2546
2024-12-30 18:00:00,157.145,157.148,156.941,156.971,2276
2024-12-30 19:00:00,156.969,157.097,156.916,157.089,1694
2024-12-30 20:00:00,157.089,157.111,156.798,156.822,2055
2024-12-30 21:00:00,156.82,156.868,156.753,156.827,1350
2024-12-30 22:00:00,156.811,156.898,156.705,156.861,373
2024-12-30 23:00:00,156.885,157.06,156.862,157.006,1244
2024-12-31 00:00:00,157.007,157.045,156.69,156.691,2285
2024-12-31 01:00:00,156.69,156.742,156.367,156.438,3861
2024-12-31 02:00:00,156.44,156.504,156.366,156.387,2835
2024-12-31 03:00:00,156.386,156.479,156.326,156.439,1911
2024-12-31 04:00:00,156.438,156.459,156.139,156.226,1934
2024-12-31 05:00:00,156.226,156.236,156.131,156.233,1830
2024-12-31 06:00:00,156.234,156.374,156.144,156.355,2043
2024-12-31 07:00:00,156.353,156.358,156.061,156.199,2897
2024-12-31 08:00:00,156.199,156.254,156.018,156.149,3457
2024-12-31 09:00:00,156.147,156.672,156.127,156.638,2883
2024-12-31 10:00:00,156.641,156.958,156.608,156.833,4678
2024-12-31 11:00:00,156.834,156.834,156.632,156.796,2901
2024-12-31 12:00:00,156.796,156.891,156.55,156.888,3132
2024-12-31 13:00:00,156.888,157.086,156.824,157.009,3841
2024-12-31 14:00:00,157.008,157.063,156.682,156.77,5327
2024-12-31 15:00:00,156.771,157.19,156.703,157.155,7057
2024-12-31 16:00:00,157.157,157.42,157.098,157.367,5296
2024-12-31 17:00:00,157.364,157.545,157.307,157.366,4228
2024-12-31 18:00:00,157.367,157.393,157.234,157.295,2538
2024-12-31 19:00:00,157.295,157.311,157.234,157.308,1636
2024-12-31 20:00:00,157.306,157.373,157.291,157.347,1337
2024-12-31 21:00:00,157.347,157.347,157.192,157.208,1159
2025-01-01 22:00:00,157.014,157.259,156.999,157.258,634
2025-01-01 23:00:00,157.268,157.768,157.24,157.678,1738
2025-01-02 00:00:00,157.697,157.771,157.293,157.432,4227
2025-01-02 01:00:00,157.433,157.66,157.414,157.51,3421
2025-01-02 02:00:00,157.509,157.509,157.263,157.284,1892
2025-01-02 03:00:00,157.284,157.302,157.127,157.154,1793
2025-01-02 04:00:00,157.155,157.156,156.992,157.019,1617
2025-01-02 05:00:00,157.019,157.206,156.973,157.205,1613
2025-01-02 06:00:00,157.204,157.208,156.657,156.661,3236
2025-01-02 07:00:00,156.658,156.744,156.434,156.668,4487
2025-01-02 08:00:00,156.672,156.825,156.46,156.778,5197
2025-01-02 09:00:00,156.776,156.917,156.742,156.788,2950
2025-01-02 10:00:00,156.79,157.162,156.787,157.13,3279
2025-01-02 11:00:00,157.13,157.283,157.048,157.198,3865
2025-01-02 12:00:00,157.199,157.214,157.015,157.074,3439
2025-01-02 13:00:00,157.073,157.237,156.713,156.826,6604
2025-01-02 14:00:00,156.824,157.114,156.63,157.025,7348
2025-01-02 15:00:00,157.023,157.185,156.779,157.144,7030
2025-01-02 16:00:00,157.147,157.749,157.132,157.657,6180
2025-01-02 17:00:00,157.657,157.85,157.488,157.561,4491
2025-01-02 18:00:00,157.56,157.633,157.463,157.497,3268
2025-01-02 19:00:00,157.497,157.673,157.47,157.614,2345
2025-01-02 20:00:00,157.615,157.653,157.561,157.625,1627
2025-01-02 21:00:00,157.61,157.618,157.475,157.497,1034
2025-01-02 22:00:00,157.484,157.502,157.319,157.448,284
2025-01-02 23:00:00,157.459,157.561,157.346,157.353,1000
2025-01-03 00:00:00,157.355,157.398,157.174,157.213,2488
2025-01-03 01:00:00,157.21,157.402,157.183,157.28,1936
2025-01-03 02:00:00,157.281,157.357,157.244,157.31,1801
2025-01-03 03:00:00,157.309,157.459,157.181,157.305,1924
2025-01-03 04:00:00,157.305,157.386,157.245,157.279,1700
2025-01-03 05:00:00,157.28,157.354,157.236,157.296,1493
2025-01-03 06:00:00,157.293,157.293,157.126,157.17,1282
2025-01-03 07:00:00,157.167,157.264,157.034,157.134,3317
2025-01-03 08:00:00,157.131,157.421,157.124,157.325,2990
2025-01-03 09:00:00,157.323,157.332,157.086,157.249,3007
2025-01-03 10:00:00,157.248,157.38,157.162,157.37,2087
2025-01-03 11:00:00,157.37,157.387,157.219,157.237,1521
2025-01-03 12:00:00,157.15,157.194,157.09,157.162,516
2025-01-03 13:00:00,157.163,157.236,157.018,157.18,2946
2025-01-03 14:00:00,157.181,157.309,157.117,157.144,3552
2025-01-03 15:00:00,157.15,157.491,157.147,157.391,5443
2025-01-03 16:00:00,157.394,157.4,157.196,157.202,2639
2025-01-03 17:00:00,157.2,157.208,156.867,157.164,3356
2025-01-03 18:00:00,157.162,157.238,157.103,157.164,1601
2025-01-03 19:00:00,157.164,157.224,157.102,157.201,1306
2025-01-03 20:00:00,157.2,157.348,157.137,157.333,1421
2025-01-03 21:00:00,157.309,157.372,157.24,157.302,983
2025-01-05 22:00:00,157.152,157.277,157.085,157.275,509
2025-01-05 23:00:00,157.334,157.524,157.321,157.498,1576
2025-01-06 00:00:00,157.505,157.825,157.499,157.588,4687
2025-01-06 01:00:00,157.588,157.668,157.485,157.616,2747
2025-01-06 02:00:00,157.618,157.774,157.564,157.717,2560
2025-01-06 03:00:00,157.716,157.781,157.652,157.711,2341
2025-01-06 04:00:00,157.711,157.749,157.654,157.714,1669
2025-01-06 05:00:00,157.714,157.804,157.67,157.777,1824
2025-01-06 06:00:00,157.779,157.79,157.626,157.648,2186
2025-01-06 07:00:00,157.646,157.694,157.527,157.659,2294
2025-01-06 08:00:00,157.66,157.764,157.615,157.661,2991
2025-01-06 09:00:00,157.662,157.763,157.584,157.732,2536
2025-01-06 10:00:00,157.735,157.913,157.682,157.899,2127
2025-01-06 11:00:00,157.902,157.959,157.161,157.198,9001
2025-01-06 12:00:00,157.2,157.208,156.615,156.782,7841
2025-01-06 13:00:00,156.784,156.812,156.238,156.612,8629
2025-01-06 14:00:00,156.612,157.417,156.464,157.285,14196
2025-01-06 15:00:00,157.288,157.656,157.198,157.533,6828
2025-01-06 16:00:00,157.529,157.609,157.345,157.542,4121
2025-01-06 17:00:00,157.541,157.599,157.463,157.507,2466
2025-01-06 18:00:00,157.508,157.669,157.427,157.531,2620
2025-01-06 19:00:00,157.533,157.587,157.472,157.541,2075
2025-01-06 20:00:00,157.538,157.638,157.487,157.622,1704
2025-01-06 21:00:00,157.611,157.653,157.575,157.614,925
2025-01-06 22:00:00,157.598,157.619,157.392,157.593,360
2025-01-06 23:00:00,157.611,157.8,157.601,157.733,1188
2025-01-07 00:00:00,157.736,158.221,157.732,158.1,6405
2025-01-07 01:00:00,158.098,158.412,158.038,158.307,4366
2025-01-07 02:00:00,158.308,158.315,158.139,158.275,2600
2025-01-07 03:00:00,158.275,158.305,158.085,158.12,2121
2025-01-07 04:00:00,158.12,158.153,158.013,158.08,2017
2025-01-07 05:00:00,158.081,158.151,157.783,157.858,2774
2025-01-07 06:00:00,157.859,157.862,157.677,157.755,3235
2025-01-07 07:00:00,157.754,157.793,157.454,157.492,5104
2025-01-07 08:00:00,157.494,157.6,157.397,157.425,5160
2025-01-07 09:00:00,157.424,157.683,157.362,157.601,3422
2025-01-07 10:00:00,157.604,157.779,157.558,157.742,3018
2025-01-07 11:00:00,157.742,157.848,157.618,157.712,2522
2025-01-07 12:00:00,157.711,157.845,157.68,157.74,2597
2025-01-07 13:00:00,157.74,157.778,157.578,157.669,3529
2025-01-07 14:00:00,157.665,157.834,157.531,157.752,4020
2025-01-07 15:00:00,157.751,158.425,157.751,157.942,9965
2025-01-07 16:00:00,157.938,158.041,157.615,157.831,8950
2025-01-07 17:00:00,157.828,157.85,157.621,157.692,4636
2025-01-07 18:00:00,157.694,157.912,157.583,157.837,3423
2025-01-07 19:00:00,157.838,157.866,157.754,157.777,2113
2025-01-07 20:00:00,157.776,157.869,157.736,157.867,1757
2025-01-07 21:00:00,157.843,158.088,157.843,158.025,1023
2025-01-07 22:00:00,157.967,158.036,157.912,158.01,606
2025-01-07 23:00:00,158.034,158.233,158.031,158.209,1816
2025-01-08 00:00:00,158.227,158.231,157.901,158.163,4374
2025-01-08 01:00:00,158.165,158.17,157.93,157.966,2586
2025-01-08 02:00:00,157.965,158.137,157.931,158.097,1838
2025-01-08 03:00:00,158.097,158.211,158.072,158.195,1686
2025-01-08 04:00:00,158.197,158.258,158.158,158.222,1278
2025-01-08 05:00:00,158.222,158.262,158.094,158.171,1685
2025-01-08 06:00:00,158.169,158.171,157.989,158.048,1966
2025-01-08 07:00:00,158.048,158.131,157.922,158.109,3374
2025-01-08 08:00:00,158.112,158.282,158.093,158.24,3095
2025-01-08 09:00:00,158.242,158.245,158.051,158.159,2557
2025-01-08 10:00:00,158.159,158.346,158.145,158.32,2338
2025-01-08 11:00:00,158.322,158.551,158.312,158.37,3937
2025-01-08 12:00:00,158.372,158.545,158.348,158.502,3434
2025-01-08 13:00:00,158.503,158.503,158.175,158.218,7674
2025-01-08 14:00:00,158.215,158.461,158.142,158.347,5013
2025-01-08 15:00:00,158.347,158.419,158.216,158.369,4278
2025-01-08 16:00:00,158.371,158.439,158.287,158.317,3222
2025-01-08 17:00:00,158.315,158.493,158.306,158.39,2553
2025-01-08 18:00:00,158.39,158.496,158.269,158.49,2660
2025-01-08 19:00:00,158.476,158.492,158.351,158.464,2458
2025-01-08 20:00:00,158.461,158.461,158.327,158.355,1846
2025-01-08 21:00:00,158.354,158.426,158.15,158.157,840
2025-01-08 22:00:00,158.134,158.276,158.031,158.27,673
2025-01-08 23:00:00,158.295,158.394,158.174,158.188,1360
2025-01-09 00:00:00,158.192,158.322,158.098,158.262,3248
2025-01-09 01:00:00,158.262,158.287,158.068,158.105,2535
2025-01-09 02:00:00,158.103,158.134,157.987,158.086,1864
2025-01-09 03:00:00,158.086,158.09,157.911,157.971,2012
2025-01-09 04:00:00,157.971,157.974,157.758,157.923,2304
2025-01-09 05:00:00,157.924,158.143,157.888,158.056,2889
2025-01-09 06:00:00,158.056,158.195,158.029,158.142,2547
2025-01-09 07:00:00,158.144,158.199,158.022,158.187,3096
2025-01-09 08:00:00,158.186,158.281,158.057,158.127,3748
2025-01-09 09:00:00,158.13,158.174,158.007,158.079,2622
2025-01-09 10:00:00,158.08,158.097,157.951,157.993,2176
2025-01-09 11:00:00,157.992,158.022,157.818,157.902,2254
2025-01-09 12:00:00,157.903,157.926,157.648,157.744,3049
2025-01-09 13:00:00,157.744,157.844,157.57,157.655,3765
2025-01-09 14:00:00,157.655,157.86,157.649,157.819,2890
2025-01-09 15:00:00,157.819,157.973,157.811,157.968,2500
2025-01-09 16:00:00,157.965,158.028,157.919,158.011,1959
2025-01-09 17:00:00,158.011,158.133,157.981,158.102,1820
2025-01-09 18:00:00,158.103,158.161,158.058,158.072,1062
2025-01-09 19:00:00,158.071,158.121,158.056,158.11,829
2025-01-09 20:00:00,158.111,158.124,158.077,158.118,671
2025-01-09 21:00:00,158.112,158.144,158.07,158.109,558
2025-01-09 22:00:00,158.105,158.154,157.983,158.102,605
2025-01-09 23:00:00,158.137,158.149,157.996,158.034,1120
2025-01-10 00:00:00,158.04,158.227,157.946,158.002,4482
2025-01-10 01:00:00,158.003,158.17,157.93,158.127,3808
2025-01-10 02:00:00,158.127,158.28,158.101,158.26,2515
2025-01-10 03:00:00,158.26,158.269,158.179,158.231,1525
2025-01-10 04:00:00,158.23,158.404,158.223,158.381,1962
2025-01-10 05:00:00,158.383,158.421,158.348,158.409,1840
2025-01-10 06:00:00,158.409,158.42,158.302,158.325,2060
2025-01-10 07:00:00,158.325,158.443,158.258,158.387,2364
2025-01-10 08:00:00,158.385,158.423,157.744,157.822,8095
2025-01-10 09:00:00,157.822,157.944,157.617,157.926,5333
2025-01-10 10:00:00,157.927,158.129,157.859,158.075,3054
2025-01-10 11:00:00,158.076,158.17,157.985,157.991,2503
2025-01-10 12:00:00,157.991,158.023,157.886,157.988,2307
2025-01-10 13:00:00,157.989,158.875,157.898,158.549,10516
2025-01-10 14:00:00,158.551,158.653,157.759,157.96,13861
2025-01-10 15:00:00,157.963,158.16,157.22,157.549,12612
2025-01-10 16:00:00,157.552,157.87,157.537,157.684,6557
2025-01-10 17:00:00,157.685,157.797,157.576,157.666,3808
2025-01-10 18:00:00,157.664,157.956,157.659,157.893,2782
2025-01-10 19:00:00,157.893,157.981,157.803,157.869,2658
2025-01-10 20:00:00,157.869,157.93,157.807,157.811,2002
2025-01-10 21:00:00,157.804,157.809,157.674,157.722,1382
2025-01-12 22:00:00,157.703,157.772,157.605,157.701,913
2025-01-12 23:00:00,157.719,157.912,157.693,157.902,1510
2025-01-13 00:00:00,157.907,157.964,157.785,157.787,2594
2025-01-13 01:00:00,157.787,157.865,157.267,157.443,3907
2025-01-13 02:00:00,157.442,157.65,157.392,157.513,2847
2025-01-13 03:00:00,157.512,157.639,157.407,157.413,3055
2025-01-13 04:00:00,157.414,157.58,157.401,157.539,1995
2025-01-13 05:00:00,157.539,157.545,157.278,157.403,2107
2025-01-13 06:00:00,157.403,157.593,157.241,157.531,3155
2025-01-13 07:00:00,157.529,157.547,157.292,157.456,4461
2025-01-13 08:00:00,157.459,157.666,157.381,157.601,4809
2025-01-13 09:00:00,157.602,157.614,157.03,157.102,6028
2025-01-13 10:00:00,157.101,157.43,157.007,157.426,3913
2025-01-13 11:00:00,157.429,157.471,157.216,157.315,2698
2025-01-13 12:00:00,157.312,157.459,156.922,157.026,4236
2025-01-13 13:00:00,157.024,157.202,156.909,157.194,5187
2025-01-13 14:00:00,157.192,157.424,157.1,157.351,5372
2025-01-13 15:00:00,157.35,157.583,157.304,157.512,4813
2025-01-13 16:00:00,157.516,157.787,157.462,157.514,3731
2025-01-13 17:00:00,157.511,157.569,157.304,157.327,2823
2025-01-13 18:00:00,157.327,157.522,157.291,157.476,1996
2025-01-13 19:00:00,157.476,157.816,157.476,157.81,2225
2025-01-13 20:00:00,157.81,157.81,157.608,157.647,1870
2025-01-13 21:00:00,157.635,157.686,157.458,157.47,1259
2025-01-13 22:00:00,157.468,157.477,157.062,157.285,1135
2025-01-13 23:00:00,157.314,157.442,157.112,157.302,2272
2025-01-14 00:00:00,157.305,157.575,157.14,157.536,5229
2025-01-14 01:00:00,157.533,158.027,157.055,157.435,11858
2025-01-14 02:00:00,157.437,157.727,157.437,157.689,3422
2025-01-14 03:00:00,157.689,157.749,157.524,157.555,2714
2025-01-14 04:00:00,157.552,157.583,157.459,157.483,1851
2025-01-14 05:00:00,157.483,157.719,157.355,157.577,4791
2025-01-14 06:00:00,157.578,157.695,157.455,157.48,2828
2025-01-14 07:00:00,157.478,157.552,157.294,157.521,4823
2025-01-14 08:00:00,157.519,157.727,157.387,157.694,4431
2025-01-14 09:00:00,157.697,158.027,157.679,157.936,4548
2025-01-14 10:00:00,157.938,157.98,157.826,157.827,2510
2025-01-14 11:00:00,157.828,157.953,157.828,157.936,1874
2025-01-14 12:00:00,157.934,158.131,157.838,157.859,3267
2025-01-14 13:00:00,157.857,157.921,157.4,157.775,7986
2025-01-14 14:00:00,157.777,157.916,157.617,157.804,6326
2025-01-14 15:00:00,157.801,158.149,157.743,157.962,6444
2025-01-14 16:00:00,157.962,158.074,157.831,157.949,5446
2025-01-14 17:00:00,157.947,158.194,157.903,158.13,3259
2025-01-14 18:00:00,158.13,158.138,157.976,158.004,2011
2025-01-14 19:00:00,158.006,158.073,157.904,157.937,1855
2025-01-14 20:00:00,157.935,157.983,157.865,157.98,1880
2025-01-14 21:00:00,157.975,158.017,157.919,157.948,1162
2025-01-14 22:00:00,157.907,158.012,157.807,157.939,930
2025-01-14 23:00:00,157.95,158.064,157.907,158.039,1260
2025-01-15 00:00:00,158.043,158.082,157.893,157.973,3487
2025-01-15 01:00:00,157.976,158.034,157.823,157.901,3241
2025-01-15 02:00:00,157.899,157.971,157.872,157.943,2093
2025-01-15 03:00:00,157.94,157.952,157.839,157.887,1923
2025-01-15 04:00:00,157.886,157.933,157.585,157.602,3620
2025-01-15 05:00:00,157.6,157.601,157.194,157.316,4947
2025-01-15 06:00:00,157.316,157.44,157.28,157.342,3150
2025-01-15 07:00:00,157.342,157.342,156.838,156.881,4444
2025-01-15 08:00:00,156.877,157.211,156.718,157.108,5002
2025-01-15 09:00:00,157.106,157.121,156.705,156.862,4809
2025-01-15 10:00:00,156.864,156.926,156.746,156.789,2882
2025-01-15 11:00:00,156.787,157.057,156.715,157.009,2668
2025-01-15 12:00:00,157.009,157.051,156.853,156.974,2693
2025-01-15 13:00:00,156.976,157.086,156.248,156.395,10298
2025-01-15 14:00:00,156.392,156.458,155.931,156.282,10048
2025-01-15 15:00:00,156.284,156.523,156.072,156.29,7607
2025-01-15 16:00:00,156.287,156.731,156.285,156.595,6295
2025-01-15 17:00:00,156.594,156.606,156.472,156.547,3146
2025-01-15 18:00:00,156.544,156.573,156.4,156.494,2497
2025-01-15 19:00:00,156.495,156.564,156.43,156.461,1986
2025-01-15 20:00:00,156.461,156.507,156.399,156.437,1691
2025-01-15 21:00:00,156.429,156.545,156.274,156.274,999
2025-01-15 22:00:00,156.281,156.378,156.137,156.337,1110
2025-01-15 23:00:00,156.374,156.4,156.21,156.219,1175
2025-01-16 00:00:00,156.219,156.524,156.162,156.184,5107
2025-01-16 01:00:00,156.184,156.184,155.475,155.553,8363
2025-01-16 02:00:00,155.55,155.774,155.204,155.727,9444
2025-01-16 03:00:00,155.724,155.857,155.699,155.773,3943
2025-01-16 04:00:00,155.773,155.968,155.602,155.95,2676
2025-01-16 05:00:00,155.947,156.117,155.942,156.112,3065
2025-01-16 06:00:00,156.11,156.309,156.03,156.096,3508
2025-01-16 07:00:00,156.097,156.24,156.022,156.179,4005
2025-01-16 08:00:00,156.183,156.234,155.857,155.895,4657
2025-01-16 09:00:00,155.895,155.933,155.607,155.681,3297
2025-01-16 10:00:00,155.681,155.764,155.628,155.661,2660
2025-01-16 11:00:00,155.659,155.872,155.644,155.779,2383
2025-01-16 12:00:00,155.78,156.197,155.78,156.107,3277
2025-01-16 13:00:00,156.107,156.359,155.842,155.901,7378
2025-01-16 14:00:00,155.903,156.172,155.894,156.125,6971
2025-01-16 15:00:00,156.122,156.192,155.386,155.424,12475
2025-01-16 16:00:00,155.423,155.548,155.096,155.437,8198
2025-01-16 17:00:00,155.436,155.509,155.17,155.265,5999
2025-01-16 18:00:00,155.263,155.382,155.143,155.35,2887
2025-01-16 19:00:00,155.351,155.374,155.167,155.288,2641
2025-01-16 20:00:00,155.288,155.312,155.167,155.2,2152
2025-01-16 21:00:00,155.193,155.22,155.093,155.124,997
2025-01-16 22:00:00,155.029,155.187,154.977,155.155,822
2025-01-16 23:00:00,155.172,155.393,155.161,155.36,1242
2025-01-17 00:00:00,155.363,155.481,154.972,155.182,5329
2025-01-17 01:00:00,155.181,155.37,155.141,155.209,4044
2025-01-17 02:00:00,155.207,155.461,155.156,155.428,3172
2025-01-17 03:00:00,155.428,155.463,155.344,155.441,2338
2025-01-17 04:00:00,155.443,155.492,155.363,155.386,1931
2025-01-17 05:00:00,155.386,155.687,155.358,155.561,2809
2025-01-17 06:00:00,155.562,155.739,155.516,155.638,2711
2025-01-17 07:00:00,155.637,155.77,155.522,155.612,3225
2025-01-17 08:00:00,155.614,155.721,155.404,155.697,3429
2025-01-17 09:00:00,155.698,155.846,155.407,155.732,4936
2025-01-17 10:00:00,155.731,155.779,155.605,155.769,2565
2025-01-17 11:00:00,155.77,155.801,155.632,155.689,2369
2025-01-17 12:00:00,155.689,155.75,155.585,155.715,2624
2025-01-17 13:00:00,155.713,155.716,155.553,155.681,3677
2025-01-17 14:00:00,155.681,156.192,155.646,156.042,7188
2025-01-17 15:00:00,156.044,156.14,155.774,156.101,6303
2025-01-17 16:00:00,156.098,156.372,156.095,156.302,4573
2025-01-17 17:00:00,156.298,156.339,156.22,156.254,2955
2025-01-17 18:00:00,156.255,156.284,156.121,156.185,2178
2025-01-17 19:00:00,156.185,156.228,156.126,156.144,1703
2025-01-17 20:00:00,156.144,156.192,156.096,156.147,1599
2025-01-17 21:00:00,156.142,156.304,156.12,156.285,1234
2025-01-19 22:00:00,156.195,156.328,156.153,156.25,695
2025-01-19 23:00:00,156.296,156.568,156.243,156.3,1935
2025-01-20 00:00:00,156.307,156.359,155.978,155.98,4010
2025-01-20 01:00:00,155.982,156.105,155.861,155.921,3598
2025-01-20 02:00:00,155.922,156.049,155.884,155.933,2761
2025-01-20 03:00:00,155.934,155.962,155.704,155.74,2361
2025-01-20 04:00:00,155.74,156.024,155.727,155.968,1813
2025-01-20 05:00:00,155.968,156.063,155.891,156.057,2107
2025-01-20 06:00:00,156.058,156.196,156.007,156.193,2478
2025-01-20 07:00:00,156.194,156.283,155.957,155.985,3027
2025-01-20 08:00:00,155.988,156.18,155.943,156.147,3243
2025-01-20 09:00:00,156.15,156.359,156.126,156.279,2903
2025-01-20 10:00:00,156.278,156.401,156.23,156.368,2150
2025-01-20 11:00:00,156.365,156.457,156.313,156.341,1935
2025-01-20 12:00:00,156.338,156.456,156.276,156.374,2479
2025-01-20 13:00:00,156.376,156.467,155.715,155.721,15352
2025-01-20 14:00:00,155.724,155.913,155.408,155.545,10770
2025-01-20 15:00:00,155.547,155.926,155.524,155.687,6830
2025-01-20 16:00:00,155.689,155.723,155.593,155.681,3594
2025-01-20 17:00:00,155.682,156.061,155.627,155.822,8564
2025-01-20 18:00:00,155.823,155.895,155.69,155.693,1582
2025-01-20 19:00:00,155.693,155.773,155.591,155.63,1945
2025-01-20 20:00:00,155.633,155.639,155.491,155.607,2019
2025-01-20 21:00:00,155.607,155.709,155.488,155.623,2332
2025-01-20 22:00:00,155.59,155.65,155.481,155.621,758
2025-01-20 23:00:00,155.647,155.647,155.16,155.268,2783
2025-01-21 00:00:00,155.27,156.235,154.895,156.023,13997
2025-01-21 01:00:00,156.022,156.189,155.46,155.541,12964
2025-01-21 02:00:00,155.539,155.578,154.947,155.133,8641
2025-01-21 03:00:00,155.132,155.241,154.77,155.181,6733
2025-01-21 04:00:00,155.182,155.188,154.949,155.063,3636
2025-01-21 05:00:00,155.066,155.322,155.004,155.31,3220
2025-01-21 06:00:00,155.313,155.551,155.313,155.516,3355
2025-01-21 07:00:00,155.513,155.747,155.491,155.67,4215
2025-01-21 08:00:00,155.673,155.767,155.61,155.742,3634
2025-01-21 09:00:00,155.738,155.954,155.7,155.897,4125
2025-01-21 10:00:00,155.895,156.003,155.804,155.977,3046
2025-01-21 11:00:00,155.977,156.051,155.867,155.909,2959
2025-01-21 12:00:00,155.91,155.95,155.713,155.823,3337
2025-01-21 13:00:00,155.82,155.835,155.457,155.486,4308
2025-01-21 14:00:00,155.487,155.67,155.329,155.581,7095
2025-01-21 15:00:00,155.578,155.732,155.249,155.323,7176
2025-01-21 16:00:00,155.326,155.569,155.301,155.489,4457
2025-01-21 17:00:00,155.492,155.576,155.413,155.571,2848
2025-01-21 18:00:00,155.57,155.592,155.423,155.504,2489
2025-01-21 19:00:00,155.504,155.583,155.469,155.552,1967
2025-01-21 20:00:00,155.553,155.591,155.513,155.515,1375
2025-01-21 21:00:00,155.508,155.55,155.456,155.491,825
2025-01-21 22:00:00,155.477,155.501,155.349,155.442,862
2025-01-21 23:00:00,155.466,155.793,155.466,155.741,2375
2025-01-22 00:00:00,155.744,155.765,155.35,155.423,5542
2025-01-22 01:00:00,155.425,155.714,155.401,155.683,3890
2025-01-22 02:00:00,155.683,155.762,155.627,155.738,2869
2025-01-22 03:00:00,155.735,155.956,155.679,155.921,2284
2025-01-22 04:00:00,155.921,155.924,155.713,155.788,2167
2025-01-22 05:00:00,155.788,155.952,155.784,155.826,2221
2025-01-22 06:00:00,155.828,155.976,155.676,155.882,3630
2025-01-22 07:00:00,155.882,156.07,155.798,156.043,3595
2025-01-22 08:00:00,156.042,156.113,155.543,155.715,5402
2025-01-22 09:00:00,155.713,155.823,155.648,155.666,3182
2025-01-22 10:00:00,155.668,155.783,155.627,155.76,2532
2025-01-22 11:00:00,155.76,155.898,155.71,155.87,1949
2025-01-22 12:00:00,155.87,156.049,155.799,155.81,2602
2025-01-22 13:00:00,155.809,155.968,155.739,155.887,3608
2025-01-22 14:00:00,155.887,156.185,155.807,156.15,5173
2025-01-22 15:00:00,156.151,156.42,156.045,156.396,4994
2025-01-22 16:00:00,156.395,156.642,156.372,156.616,3877
2025-01-22 17:00:00,156.616,156.704,156.556,156.611,2686
2025-01-22 18:00:00,156.613,156.627,156.498,156.572,2480
2025-01-22 19:00:00,156.572,156.584,156.468,156.516,1722
2025-01-22 20:00:00,156.516,156.556,156.443,156.543,1533
2025-01-22 21:00:00,156.538,156.585,156.33,156.33,924
2025-01-22 22:00:00,156.308,156.458,156.213,156.415,588
2025-01-22 23:00:00,156.432,156.509,156.397,156.416,1339
2025-01-23 00:00:00,156.432,156.456,156.312,156.388,3511
2025-01-23 01:00:00,156.39,156.561,156.281,156.548,2900
2025-01-23 02:00:00,156.546,156.608,156.447,156.487,2540
2025-01-23 03:00:00,156.488,156.556,156.477,156.495,1444
2025-01-23 04:00:00,156.495,156.613,156.471,156.588,1254
2025-01-23 05:00:00,156.586,156.749,156.583,156.7,2209
2025-01-23 06:00:00,156.702,156.723,156.479,156.603,2790
2025-01-23 07:00:00,156.607,156.686,156.518,156.605,3400
2025-01-23 08:00:00,156.603,156.629,156.445,156.484,3603
2025-01-23 09:00:00,156.481,156.547,156.347,156.376,3398
2025-01-23 10:00:00,156.378,156.4,156.199,156.397,2536
2025-01-23 11:00:00,156.399,156.552,156.361,156.544,1970
2025-01-23 12:00:00,156.544,156.594,156.366,156.397,2494
2025-01-23 13:00:00,156.397,156.418,156.098,156.204,4604
2025-01-23 14:00:00,156.202,156.399,156.13,156.247,4030
2025-01-23 15:00:00,156.248,156.472,156.147,156.165,4720
2025-01-23 16:00:00,156.165,156.39,155.86,156.005,10102
2025-01-23 17:00:00,156.004,156.125,155.876,155.914,3565
2025-01-23 18:00:00,155.914,155.998,155.873,155.994,2247
2025-01-23 19:00:00,155.994,156.032,155.738,155.801,2210
2025-01-23 20:00:00,155.801,155.955,155.75,155.951,2175
2025-01-23 21:00:00,155.937,156.061,155.937,156.034,797
2025-01-23 22:00:00,156.019,156.043,155.942,156.021,474
2025-01-23 23:00:00,156.032,156.171,155.944,156.135,1370
2025-01-24 00:00:00,156.134,156.275,156.005,156.242,3688
2025-01-24 01:00:00,156.24,156.35,156.135,156.305,2742
2025-01-24 02:00:00,156.308,156.369,155.89,155.978,4527
2025-01-24 03:00:00,155.978,156.414,155.425,155.48,13014
2025-01-24 04:00:00,155.483,155.511,155.001,155.223,7826
2025-01-24 05:00:00,155.223,155.465,155.1,155.353,4908
2025-01-24 06:00:00,155.352,155.74,154.836,155.356,15150
2025-01-24 07:00:00,155.359,155.639,155.221,155.381,10561
2025-01-24 08:00:00,155.38,155.447,154.933,155.376,8001
2025-01-24 09:00:00,155.376,155.623,155.115,155.581,6091
2025-01-24 10:00:00,155.579,155.961,155.547,155.905,4958
2025-01-24 11:00:00,155.905,156.104,155.897,156.092,4149
2025-01-24 12:00:00,156.093,156.474,156.061,156.455,4546
2025-01-24 13:00:00,156.455,156.574,156.238,156.317,6224
2025-01-24 14:00:00,156.319,156.486,156.131,156.31,7781
2025-01-24 15:00:00,156.312,156.388,155.628,155.726,8598
2025-01-24 16:00:00,155.727,155.808,155.572,155.582,5170
2025-01-24 17:00:00,155.584,155.752,155.511,155.74,3037
2025-01-24 18:00:00,155.74,156.021,155.721,155.932,2633
2025-01-24 19:00:00,155.932,155.96,155.773,155.817,2096
2025-01-24 20:00:00,155.818,155.98,155.813,155.902,1679
2025-01-24 21:00:00,155.897,155.989,155.851,155.984,1030
2025-01-26 22:00:00,155.636,155.775,155.556,155.76,740
2025-01-26 23:00:00,155.784,155.808,155.566,155.711,2414
2025-01-27 00:00:00,155.718,155.845,155.391,155.526,5092
2025-01-27 01:00:00,155.523,155.599,155.283,155.479,5369
2025-01-27 02:00:00,155.482,155.663,155.408,155.632,3157
2025-01-27 03:00:00,155.632,155.872,155.615,155.792,3242
2025-01-27 04:00:00,155.792,156.054,155.785,156.014,2295
2025-01-27 05:00:00,156.015,156.093,155.934,156.062,2847
2025-01-27 06:00:00,156.063,156.245,155.972,155.99,3990
2025-01-27 07:00:00,155.992,155.994,155.68,155.881,5099
2025-01-27 08:00:00,155.88,155.907,155.048,155.132,7028
2025-01-27 09:00:00,155.128,155.185,154.461,154.599,10293
2025-01-27 10:00:00,154.596,154.596,153.731,153.97,13044
2025-01-27 11:00:00,153.968,154.085,153.709,153.958,10995
2025-01-27 12:00:00,153.957,154.227,153.86,154.038,8534
2025-01-27 13:00:00,154.041,154.457,153.892,154.198,8979
2025-01-27 14:00:00,154.201,154.388,153.949,154.367,10392
2025-01-27 15:00:00,154.362,154.68,154.229,154.342,9221
2025-01-27 16:00:00,154.341,154.42,154.096,154.227,7080
2025-01-27 17:00:00,154.229,154.428,154.168,154.292,5395
2025-01-27 18:00:00,154.292,154.584,154.219,154.426,5001
2025-01-27 19:00:00,154.427,154.72,154.427,154.54,4076
2025-01-27 20:00:00,154.54,154.694,154.529,154.58,3406
2025-01-27 21:00:00,154.579,154.65,154.444,154.493,1320
2025-01-27 22:00:00,154.488,154.538,154.349,154.514,621
2025-01-27 23:00:00,154.535,154.971,154.507,154.911,3981
2025-01-28 00:00:00,154.915,155.155,154.796,155.143,7409
2025-01-28 01:00:00,155.145,155.637,155.116,155.484,6727
2025-01-28 02:00:00,155.486,155.669,155.397,155.55,5916
2025-01-28 03:00:00,155.549,155.741,155.485,155.732,3754
2025-01-28 04:00:00,155.733,155.943,155.717,155.786,3595
2025-01-28 05:00:00,155.786,155.829,155.647,155.698,2660
2025-01-28 06:00:00,155.696,155.845,155.515,155.767,3965
2025-01-28 07:00:00,155.767,155.977,155.67,155.862,4754
2025-01-28 08:00:00,155.859,155.93,155.55,155.728,6378
2025-01-28 09:00:00,155.727,155.817,155.25,155.445,6588
2025-01-28 10:00:00,155.447,155.496,155.204,155.47,3658
2025-01-28 11:00:00,155.473,155.495,155.244,155.434,2817
2025-01-28 12:00:00,155.434,155.481,155.25,155.273,4061
2025-01-28 13:00:00,155.273,155.563,155.213,155.488,5327
2025-01-28 14:00:00,155.491,155.561,155.043,155.29,6247
2025-01-28 15:00:00,155.284,155.741,155.211,155.71,6181
2025-01-28 16:00:00,155.713,155.756,155.577,155.653,4182
2025-01-28 17:00:00,155.653,155.697,155.548,155.603,2591
2025-01-28 18:00:00,155.601,155.679,155.514,155.678,2410
2025-01-28 19:00:00,155.679,155.724,155.501,155.533,2037
2025-01-28 20:00:00,155.532,155.597,155.487,155.516,1917
2025-01-28 21:00:00,155.499,155.556,155.472,155.504,1026
2025-01-28 22:00:00,155.488,155.538,155.433,155.513,355
2025-01-28 23:00:00,155.538,155.608,155.505,155.559,1170
2025-01-29 00:00:00,155.561,155.648,155.428,155.629,3715
2025-01-29 01:00:00,155.626,155.788,155.587,155.71,2931
2025-01-29 02:00:00,155.711,155.777,155.585,155.621,2468
2025-01-29 03:00:00,155.619,155.62,155.32,155.422,2992
2025-01-29 04:00:00,155.422,155.433,155.226,155.293,2337
2025-01-29 05:00:00,155.293,155.298,154.997,155.012,2947
2025-01-29 06:00:00,155.012,155.314,154.998,155.218,3670
2025-01-29 07:00:00,155.221,155.404,155.132,155.283,5055
2025-01-29 08:00:00,155.286,155.334,155.004,155.148,5226
2025-01-29 09:00:00,155.145,155.36,155.085,155.341,3947
2025-01-29 10:00:00,155.339,155.451,155.315,155.384,2749
2025-01-29 11:00:00,155.383,155.519,155.32,155.419,2810
2025-01-29 12:00:00,155.417,155.495,155.318,155.36,3363
2025-01-29 13:00:00,155.357,155.462,155.25,155.417,4385
2025-01-29 14:00:00,155.416,155.442,155.169,155.192,4079
2025-01-29 15:00:00,155.194,155.321,154.936,155.005,5610
2025-01-29 16:00:00,155.003,155.239,154.968,155.22,4388
2025-01-29 17:00:00,155.223,155.231,155.049,155.054,3105
2025-01-29 18:00:00,155.053,155.168,154.999,155.151,3048
2025-01-29 19:00:00,155.146,155.607,155.085,155.241,11428
2025-01-29 20:00:00,155.243,155.384,155.096,155.352,6722
2025-01-29 21:00:00,155.344,155.365,155.028,155.056,1671
2025-01-29 22:00:00,155.033,155.19,154.953,155.145,675
2025-01-29 23:00:00,155.192,155.235,155.033,155.177,2120
2025-01-30 00:00:00,155.176,155.199,154.671,154.717,6223
2025-01-30 01:00:00,154.719,154.722,154.457,154.637,6082
2025-01-30 02:00:00,154.639,154.658,154.278,154.375,5563
2025-01-30 03:00:00,154.375,154.546,154.309,154.523,4235
2025-01-30 04:00:00,154.528,154.677,154.476,154.597,3389
2025-01-30 05:00:00,154.596,154.632,154.411,154.48,3011
2025-01-30 06:00:00,154.48,154.73,154.353,154.431,3967
2025-01-30 07:00:00,154.428,154.632,154.363,154.494,4161
2025-01-30 08:00:00,154.498,154.646,154.431,154.476,5045
2025-01-30 09:00:00,154.47,154.589,154.312,154.446,4946
2025-01-30 10:00:00,154.446,154.534,154.348,154.493,3433
2025-01-30 11:00:00,154.495,154.6,154.42,154.588,3097
2025-01-30 12:00:00,154.585,154.593,154.091,154.152,4104
2025-01-30 13:00:00,154.151,154.262,153.831,153.907,8273
2025-01-30 14:00:00,153.903,154.222,153.841,154.056,8485
2025-01-30 15:00:00,154.053,154.148,153.786,154.13,6768
2025-01-30 16:00:00,154.133,154.475,154.067,154.423,4952
2025-01-30 17:00:00,154.421,154.445,154.257,154.292,3605
2025-01-30 18:00:00,154.292,154.493,154.292,154.377,2343
2025-01-30 19:00:00,154.378,154.378,154.083,154.109,2710
2025-01-30 20:00:00,154.107,154.452,153.992,154.251,6800
2025-01-30 21:00:00,154.249,154.434,154.171,154.254,2270
2025-01-30 22:00:00,154.221,154.229,154.034,154.188,574
2025-01-30 23:00:00,154.213,154.492,154.059,154.087,2618
2025-01-31 00:00:00,154.089,154.36,154.015,154.306,5538
2025-01-31 01:00:00,154.309,154.318,153.911,154.086,7142
2025-01-31 02:00:00,154.089,154.214,153.926,154.173,4498
2025-01-31 03:00:00,154.175,154.42,154.15,154.351,3544
2025-01-31 04:00:00,154.354,154.441,154.311,154.435,2932
2025-01-31 05:00:00,154.437,154.875,154.431,154.716,5037
2025-01-31 06:00:00,154.715,154.93,154.639,154.687,4748
2025-01-31 07:00:00,154.688,154.762,154.576,154.648,5133
2025-01-31 08:00:00,154.65,154.807,154.551,154.588,5478
2025-01-31 09:00:00,154.586,154.716,154.48,154.716,4704
2025-01-31 10:00:00,154.716,154.779,154.67,154.67,3033
2025-01-31 11:00:00,154.671,154.853,154.602,154.84,2892
2025-01-31 12:00:00,154.84,154.891,154.756,154.825,3130
2025-01-31 13:00:00,154.822,155.017,154.732,154.795,6070
2025-01-31 14:00:00,154.792,154.972,154.556,154.619,5891
2025-01-31 15:00:00,154.617,154.872,154.524,154.814,7918
2025-01-31 16:00:00,154.817,155.0,154.801,154.917,5256
2025-01-31 17:00:00,154.916,154.969,154.659,154.76,7433
2025-01-31 18:00:00,154.76,155.218,154.75,155.135,7388
2025-01-31 19:00:00,155.135,155.2,154.99,155.138,3289
2025-01-31 20:00:00,155.136,155.207,155.086,155.093,3316
2025-01-31 21:00:00,155.089,155.206,155.015,155.199,2270
2025-02-02 22:00:00,154.714,155.045,154.682,154.95,1443
2025-02-02 23:00:00,155.019,155.424,154.897,155.337,5159
2025-02-03 00:00:00,155.346,155.8,155.346,155.695,11967
2025-02-03 01:00:00,155.693,155.883,155.644,155.704,7579
2025-02-03 02:00:00,155.705,155.872,155.466,155.541,5998
2025-02-03 03:00:00,155.542,155.758,155.489,155.648,3685
2025-02-03 04:00:00,155.648,155.743,155.565,155.711,4094
2025-02-03 05:00:00,155.709,155.712,155.458,155.57,3241
2025-02-03 06:00:00,155.573,155.609,155.277,155.376,4645
2025-02-03 07:00:00,155.379,155.662,155.379,155.622,5714
2025-02-03 08:00:00,155.624,155.713,155.346,155.45,5912
2025-02-03 09:00:00,155.453,155.47,154.997,154.999,4723
2025-02-03 10:00:00,155.002,155.131,154.829,154.938,4298
2025-02-03 11:00:00,154.94,154.962,154.591,154.606,4440
2025-02-03 12:00:00,154.608,154.62,154.283,154.565,6874
2025-02-03 13:00:00,154.563,154.831,154.4,154.647,6819
2025-02-03 14:00:00,154.649,154.745,154.369,154.516,8017
2025-02-03 15:00:00,154.529,154.863,154.001,154.723,21576
2025-02-03 16:00:00,154.724,154.868,154.538,154.687,10281
2025-02-03 17:00:00,154.685,154.722,154.512,154.652,7080
2025-02-03 18:00:00,154.65,155.008,154.569,154.954,4001
2025-02-03 19:00:00,154.951,154.997,154.826,154.891,3334
2025-02-03 20:00:00,154.889,154.897,154.65,154.705,3113
2025-02-03 21:00:00,154.698,154.898,154.511,154.752,2325
2025-02-03 22:00:00,154.723,154.825,154.637,154.765,1006
2025-02-03 23:00:00,154.806,155.288,154.766,155.257,3002
2025-02-04 00:00:00,155.264,155.401,155.187,155.31,5076
2025-02-04 01:00:00,155.31,155.392,155.045,155.107,4868
2025-02-04 02:00:00,155.111,155.253,155.037,155.149,3453
2025-02-04 03:00:00,155.152,155.301,155.065,155.209,2465
2025-02-04 04:00:00,155.208,155.286,155.181,155.281,2316
2025-02-04 05:00:00,155.282,155.332,154.822,155.245,7436
2025-02-04 06:00:00,155.245,155.389,155.158,155.216,3634
2025-02-04 07:00:00,155.214,155.359,155.167,155.323,3742
2025-02-04 08:00:00,155.32,155.519,155.124,155.239,5587
2025-02-04 09:00:00,155.241,155.353,155.062,155.337,4303
2025-02-04 10:00:00,155.339,155.362,155.24,155.269,2922
2025-02-04 11:00:00,155.268,155.332,155.143,155.309,2779
2025-02-04 12:00:00,155.31,155.393,155.234,155.274,3045
2025-02-04 13:00:00,155.274,155.385,155.24,155.26,3564
2025-02-04 14:00:00,155.258,155.26,154.952,155.029,5639
2025-02-04 15:00:00,155.031,155.039,154.53,154.672,7918
2025-02-04 16:00:00,154.672,154.672,154.461,154.559,4776
2025-02-04 17:00:00,154.56,154.623,154.246,154.267,4434
2025-02-04 18:00:00,154.267,154.33,154.168,154.296,2900
2025-02-04 19:00:00,154.298,154.335,154.225,154.284,2751
2025-02-04 20:00:00,154.283,154.317,154.231,154.261,1877
2025-02-04 21:00:00,154.256,154.342,154.223,154.305,1147
2025-02-04 22:00:00,154.319,154.365,154.22,154.337,761
2025-02-04 23:00:00,154.369,154.456,154.009,154.126,2385
2025-02-05 00:00:00,154.129,154.355,153.82,153.851,6694
2025-02-05 01:00:00,153.85,153.852,153.462,153.598,8956
2025-02-05 02:00:00,153.595,153.64,153.167,153.383,6451
2025-02-05 03:00:00,153.386,153.459,153.076,153.218,4678
2025-02-05 04:00:00,153.217,153.39,153.11,153.356,3798
2025-02-05 05:00:00,153.357,153.565,153.346,153.425,3331
2025-02-05 06:00:00,153.426,153.449,153.157,153.186,3955
2025-02-05 07:00:00,153.188,153.362,153.068,153.3,5039
2025-02-05 08:00:00,153.302,153.391,152.912,153.051,6045
2025-02-05 09:00:00,153.053,153.132,152.641,152.84,5552
2025-02-05 10:00:00,152.837,152.843,152.547,152.64,3875
2025-02-05 11:00:00,152.638,152.881,152.624,152.869,3185
2025-02-05 12:00:00,152.869,152.946,152.736,152.863,3087
2025-02-05 13:00:00,152.863,153.104,152.758,153.045,7371
2025-02-05 14:00:00,153.041,153.202,152.775,152.797,6357
2025-02-05 15:00:00,152.794,152.794,152.108,152.137,11378
2025-02-05 16:00:00,152.137,152.387,152.11,152.331,5601
2025-02-05 17:00:00,152.328,152.439,152.249,152.285,3609
2025-02-05 18:00:00,152.285,152.406,152.242,152.315,2605
2025-02-05 19:00:00,152.312,152.539,152.306,152.519,2616
2025-02-05 20:00:00,152.522,152.765,152.522,152.688,2761
2025-02-05 21:00:00,152.683,152.703,152.397,152.404,1361
2025-02-05 22:00:00,152.382,152.557,152.299,152.548,879
2025-02-05 23:00:00,152.573,152.744,152.461,152.644,1749
2025-02-06 00:00:00,152.648,152.685,152.324,152.353,5266
2025-02-06 01:00:00,152.352,152.383,151.808,152.022,7301
2025-02-06 02:00:00,152.019,152.298,151.929,152.253,4495
2025-02-06 03:00:00,152.255,152.288,152.049,152.233,3109
2025-02-06 04:00:00,152.233,152.353,152.127,152.347,2314
2025-02-06 05:00:00,152.347,152.512,152.162,152.417,4725
2025-02-06 06:00:00,152.417,152.587,152.399,152.557,2928
2025-02-06 07:00:00,152.556,152.671,152.484,152.579,4299
2025-02-06 08:00:00,152.579,152.699,152.446,152.638,4644
2025-02-06 09:00:00,152.64,152.892,152.536,152.66,4088
2025-02-06 10:00:00,152.66,152.682,152.5,152.53,3078
2025-02-06 11:00:00,152.532,152.54,152.354,152.429,3295
2025-02-06 12:00:00,152.427,152.466,152.26,152.376,5176
2025-02-06 13:00:00,152.377,152.527,152.051,152.079,6304
2025-02-06 14:00:00,152.075,152.214,151.854,152.106,6201
2025-02-06 15:00:00,152.107,152.154,151.656,151.688,6838
2025-02-06 16:00:00,151.69,152.047,151.663,152.041,5252
2025-02-06 17:00:00,152.043,152.056,151.848,151.864,3278
2025-02-06 18:00:00,151.867,151.879,151.308,151.327,5330
2025-02-06 19:00:00,151.326,151.432,151.232,151.381,3592
2025-02-06 20:00:00,151.384,151.535,151.352,151.526,2234
2025-02-06 21:00:00,151.501,151.523,151.415,151.446,941
2025-02-06 22:00:00,151.393,151.464,151.273,151.417,771
2025-02-06 23:00:00,151.45,151.451,151.142,151.163,2156
2025-02-07 00:00:00,151.167,151.263,150.953,151.215,5806
2025-02-07 01:00:00,151.212,151.66,151.208,151.57,5969
2025-02-07 02:00:00,151.572,151.736,151.54,151.601,4109
2025-02-07 03:00:00,151.599,151.732,151.443,151.579,3080
2025-02-07 04:00:00,151.579,151.711,151.539,151.674,2375
2025-02-07 05:00:00,151.676,151.789,151.611,151.716,2782
2025-02-07 06:00:00,151.716,151.832,151.584,151.832,2758
2025-02-07 07:00:00,151.829,151.885,151.662,151.82,3698
2025-02-07 08:00:00,151.823,151.89,151.664,151.741,3723
2025-02-07 09:00:00,151.74,151.831,151.69,151.819,3703
2025-02-07 10:00:00,151.817,152.159,151.797,152.132,3359
2025-02-07 11:00:00,152.132,152.18,152.063,152.151,2527
2025-02-07 12:00:00,152.151,152.244,151.977,152.008,3028
2025-02-07 13:00:00,152.006,152.42,151.313,151.949,12023
2025-02-07 14:00:00,151.948,151.999,151.479,151.53,10476
2025-02-07 15:00:00,151.532,151.757,151.274,151.385,14745
2025-02-07 16:00:00,151.388,151.559,150.927,151.298,10639
2025-02-07 17:00:00,151.297,151.851,151.263,151.662,12834
2025-02-07 18:00:00,151.66,151.736,151.349,151.384,4013
2025-02-07 19:00:00,151.382,151.525,151.194,151.38,4986
2025-02-07 20:00:00,151.377,151.425,151.25,151.301,2858
2025-02-07 21:00:00,151.299,151.449,151.263,151.402,1447
2025-02-09 22:00:00,151.182,151.51,151.09,151.484,1407
2025-02-09 23:00:00,151.541,151.876,151.458,151.865,2762
2025-02-10 00:00:00,151.872,151.917,151.623,151.871,5953
2025-02-10 01:00:00,151.869,152.135,151.866,152.007,5130
2025-02-10 02:00:00,152.007,152.207,151.91,152.145,3628
2025-02-10 03:00:00,152.145,152.146,151.879,151.918,2583
2025-02-10 04:00:00,151.917,151.967,151.821,151.903,2313
2025-02-10 05:00:00,151.903,152.042,151.903,151.947,2430
2025-02-10 06:00:00,151.948,151.967,151.765,151.891,2805
2025-02-10 07:00:00,151.889,152.188,151.864,152.164,3760
2025-02-10 08:00:00,152.166,152.535,152.124,152.384,4738
2025-02-10 09:00:00,152.384,152.407,152.161,152.194,3575
2025-02-10 10:00:00,152.191,152.305,152.068,152.086,2600
2025-02-10 11:00:00,152.085,152.193,152.006,152.119,2839
2025-02-10 12:00:00,152.118,152.241,152.029,152.063,3436
2025-02-10 13:00:00,152.061,152.08,151.8,151.862,4184
2025-02-10 14:00:00,151.861,151.861,151.585,151.631,4695
2025-02-10 15:00:00,151.63,151.694,151.564,151.606,4002
2025-02-10 16:00:00,151.605,151.787,151.568,151.72,3109
2025-02-10 17:00:00,151.718,151.917,151.703,151.86,2329
2025-02-10 18:00:00,151.861,152.068,151.854,152.03,2021
2025-02-10 19:00:00,152.029,152.062,151.947,151.972,1791
2025-02-10 20:00:00,151.974,152.032,151.944,151.944,1551
2025-02-10 21:00:00,151.943,152.007,151.904,151.974,799
2025-02-10 22:00:00,151.955,151.985,151.787,151.851,811
2025-02-10 23:00:00,151.878,151.955,151.74,151.781,1504
2025-02-11 00:00:00,151.788,151.883,151.68,151.801,2751
2025-02-11 01:00:00,151.801,152.061,151.79,152.016,3114
2025-02-11 02:00:00,152.016,152.037,151.918,151.969,2239
2025-02-11 03:00:00,151.967,152.046,151.912,151.978,2116
2025-02-11 04:00:00,151.978,152.038,151.977,151.985,1260
2025-02-11 05:00:00,151.984,152.0,151.937,151.95,900
2025-02-11 06:00:00,151.952,151.987,151.829,151.912,2041
2025-02-11 07:00:00,151.91,152.044,151.868,151.947,2785
2025-02-11 08:00:00,151.95,152.097,151.645,151.867,4938
2025-02-11 09:00:00,151.866,151.997,151.823,151.942,3154
2025-02-11 10:00:00,151.94,152.146,151.938,152.128,2540
2025-02-11 11:00:00,152.127,152.373,152.116,152.337,2529
2025-02-11 12:00:00,152.339,152.411,152.217,152.376,3145
2025-02-11 13:00:00,152.372,152.505,152.3,152.3,3468
2025-02-11 14:00:00,152.301,152.46,152.226,152.291,4428
2025-02-11 15:00:00,152.295,152.592,152.232,152.489,6680
2025-02-11 16:00:00,152.488,152.531,152.246,152.364,4072
2025-02-11 17:00:00,152.361,152.403,152.288,152.365,2268
2025-02-11 18:00:00,152.364,152.476,152.288,152.43,2222
2025-02-11 19:00:00,152.431,152.553,152.288,152.485,3121
2025-02-11 20:00:00,152.487,152.604,152.445,152.552,2417
2025-02-11 21:00:00,152.546,152.55,152.408,152.473,1120
2025-02-11 22:00:00,152.44,152.461,152.243,152.439,944
2025-02-11 23:00:00,152.446,152.754,152.436,152.754,1680
2025-02-12 00:00:00,152.766,153.225,152.723,153.185,4846
2025-02-12 01:00:00,153.185,153.484,153.07,153.466,4509
2025-02-12 02:00:00,153.469,153.526,153.357,153.458,3353
2025-02-12 03:00:00,153.461,153.679,153.453,153.63,3273
2025-02-12 04:00:00,153.63,153.732,153.573,153.685,3465
2025-02-12 05:00:00,153.684,153.704,153.524,153.537,3138
2025-02-12 06:00:00,153.534,153.703,153.504,153.586,2492
2025-02-12 07:00:00,153.588,153.681,153.411,153.675,3652
2025-02-12 08:00:00,153.678,153.882,153.498,153.551,4910
2025-02-12 09:00:00,153.553,153.592,153.41,153.514,3435
2025-02-12 10:00:00,153.512,153.695,153.487,153.58,2582
2025-02-12 11:00:00,153.58,153.633,153.457,153.548,2411
2025-02-12 12:00:00,153.549,153.64,153.373,153.556,3358
2025-02-12 13:00:00,153.553,154.451,153.305,154.412,9450
2025-02-12 14:00:00,154.414,154.479,154.137,154.426,7463
2025-02-12 15:00:00,154.422,154.613,154.313,154.435,6748
2025-02-12 16:00:00,154.434,154.801,154.392,154.622,4716
2025-02-12 17:00:00,154.619,154.628,154.312,154.351,5558
2025-02-12 18:00:00,154.35,154.49,154.279,154.363,3482
2025-02-12 19:00:00,154.365,154.479,154.308,154.426,2398
2025-02-12 20:00:00,154.423,154.459,154.327,154.434,1993
2025-02-12 21:00:00,154.415,154.455,154.214,154.227,1255
2025-02-12 22:00:00,154.218,154.339,154.099,154.325,594
2025-02-12 23:00:00,154.361,154.461,154.18,154.23,1755
2025-02-13 00:00:00,154.231,154.551,154.118,154.535,4989
2025-02-13 01:00:00,154.537,154.666,154.217,154.254,4652
2025-02-13 02:00:00,154.254,154.346,154.157,154.226,3219
2025-02-13 03:00:00,154.226,154.291,154.175,154.24,2834
2025-02-13 04:00:00,154.239,154.487,154.212,154.353,3634
2025-02-13 05:00:00,154.356,154.405,154.127,154.164,3078
2025-02-13 06:00:00,154.164,154.233,153.959,154.046,3700
2025-02-13 07:00:00,154.049,154.311,153.951,154.276,4324
2025-02-13 08:00:00,154.272,154.338,154.017,154.019,4791
2025-02-13 09:00:00,154.016,154.087,153.893,153.976,3696
2025-02-13 10:00:00,153.976,154.014,153.769,153.789,2912
2025-02-13 11:00:00,153.789,153.879,153.729,153.842,3422
2025-02-13 12:00:00,153.842,153.904,153.739,153.85,3553
2025-02-13 13:00:00,153.848,154.01,153.419,153.511,7696
2025-02-13 14:00:00,153.513,153.603,153.344,153.512,6434
2025-02-13 15:00:00,153.514,153.717,153.072,153.133,7990
2025-02-13 16:00:00,153.135,153.176,152.919,153.176,4227
2025-02-13 17:00:00,153.178,153.195,153.046,153.163,3061
2025-02-13 18:00:00,153.163,153.344,153.132,153.268,5327
2025-02-13 19:00:00,153.265,153.274,152.766,152.93,3737
2025-02-13 20:00:00,152.93,152.989,152.694,152.74,2738
2025-02-13 21:00:00,152.731,152.837,152.719,152.793,1162
2025-02-13 22:00:00,152.763,152.826,152.65,152.824,794
2025-02-13 23:00:00,152.844,153.144,152.803,152.984,1996
2025-02-14 00:00:00,152.987,153.098,152.571,152.638,7242
2025-02-14 01:00:00,152.64,152.64,152.441,152.564,5244
2025-02-14 02:00:00,152.567,152.872,152.518,152.826,3181
2025-02-14 03:00:00,152.824,153.004,152.806,152.836,2626
2025-02-14 04:00:00,152.836,152.891,152.619,152.632,2436
2025-02-14 05:00:00,152.632,152.733,152.553,152.615,2433
2025-02-14 06:00:00,152.612,152.686,152.437,152.501,3200
2025-02-14 07:00:00,152.498,152.739,152.382,152.724,5124
2025-02-14 08:00:00,152.726,152.783,152.476,152.746,5648
2025-02-14 09:00:00,152.748,152.838,152.497,152.511,3902
2025-02-14 10:00:00,152.511,152.587,152.462,152.52,2852
2025-02-14 11:00:00,152.518,152.739,152.486,152.702,2604
2025-02-14 12:00:00,152.701,152.737,152.592,152.734,2853
2025-02-14 13:00:00,152.735,152.822,152.092,152.172,7694
2025-02-14 14:00:00,152.171,152.306,152.06,152.239,6655
2025-02-14 15:00:00,152.24,152.375,152.094,152.137,4960
2025-02-14 16:00:00,152.139,152.257,152.018,152.248,3629
2025-02-14 17:00:00,152.248,152.346,152.218,152.289,2453
2025-02-14 18:00:00,152.288,152.388,152.277,152.301,1790
2025-02-14 19:00:00,152.301,152.339,152.174,152.208,1951
2025-02-14 20:00:00,152.21,152.35,152.21,152.322,1482
2025-02-14 21:00:00,152.319,152.34,152.235,152.297,946
2025-02-16 22:00:00,152.16,152.271,152.102,152.27,740
2025-02-16 23:00:00,152.282,152.38,151.955,152.005,1735
2025-02-17 00:00:00,152.004,152.114,151.783,151.88,5493
2025-02-17 01:00:00,151.879,151.906,151.736,151.895,3815
2025-02-17 02:00:00,151.894,151.933,151.503,151.55,3771
2025-02-17 03:00:00,151.551,151.659,151.529,151.615,2811
2025-02-17 04:00:00,151.616,151.774,151.603,151.682,2276
2025-02-17 05:00:00,151.682,151.703,151.47,151.522,4287
2025-02-17 06:00:00,151.522,151.787,151.488,151.705,4111
2025-02-17 07:00:00,151.703,151.888,151.596,151.861,3885
2025-02-17 08:00:00,151.862,151.941,151.741,151.76,3954
2025-02-17 09:00:00,151.758,151.846,151.718,151.803,2814
2025-02-17 10:00:00,151.803,151.836,151.591,151.609,2618
2025-02-17 11:00:00,151.609,151.713,151.492,151.503,2449
2025-02-17 12:00:00,151.503,151.534,151.395,151.503,2744
2025-02-17 13:00:00,151.503,151.527,151.434,151.474,1863
2025-02-17 14:00:00,151.472,151.497,151.417,151.471,1975
2025-02-17 15:00:00,151.468,151.475,151.335,151.362,2114
2025-02-17 16:00:00,151.364,151.441,151.336,151.435,1439
2025-02-17 17:00:00,151.435,151.45,151.365,151.383,1161
2025-02-17 18:00:00,151.382,151.418,151.366,151.376,719
2025-02-17 19:00:00,151.377,151.4,151.362,151.399,846
2025-02-17 20:00:00,151.398,151.426,151.375,151.401,801
2025-02-17 21:00:00,151.394,151.523,151.391,151.492,783
2025-02-17 22:00:00,151.488,151.509,151.322,151.509,625
2025-02-17 23:00:00,151.517,151.614,151.216,151.434,1621
2025-02-18 00:00:00,151.435,151.716,151.413,151.68,5374
2025-02-18 01:00:00,151.683,151.793,151.594,151.725,4179
2025-02-18 02:00:00,151.725,151.851,151.686,151.837,2388
2025-02-18 03:00:00,151.837,152.09,151.795,152.077,3491
2025-02-18 04:00:00,152.079,152.192,152.032,152.143,2909
2025-02-18 05:00:00,152.142,152.219,151.987,152.001,2891
2025-02-18 06:00:00,152.001,152.071,151.881,151.936,3016
2025-02-18 07:00:00,151.934,152.066,151.79,152.051,2999
2025-02-18 08:00:00,152.051,152.1,151.81,151.942,3474
2025-02-18 09:00:00,151.942,151.967,151.789,151.838,2461
2025-02-18 10:00:00,151.838,151.842,151.703,151.763,2388
2025-02-18 11:00:00,151.76,151.808,151.674,151.781,1869
2025-02-18 12:00:00,151.782,151.878,151.711,151.722,2414
2025-02-18 13:00:00,151.722,151.761,151.626,151.693,3341
2025-02-18 14:00:00,151.694,151.853,151.642,151.806,3630
2025-02-18 15:00:00,151.805,151.805,151.524,151.654,3397
2025-02-18 16:00:00,151.651,151.866,151.643,151.784,2857
2025-02-18 17:00:00,151.784,151.96,151.774,151.928,2170
2025-02-18 18:00:00,151.927,152.042,151.904,151.975,1967
2025-02-18 19:00:00,151.975,151.987,151.869,151.92,1722
2025-02-18 20:00:00,151.922,152.059,151.922,152.014,1675
2025-02-18 21:00:00,152.008,152.119,151.993,152.042,974
2025-02-18 22:00:00,152.01,152.053,151.854,152.045,1261
2025-02-18 23:00:00,152.057,152.092,151.902,151.919,1145
2025-02-19 00:00:00,151.92,152.106,151.826,152.076,3786
2025-02-19 01:00:00,152.072,152.158,151.742,152.133,4980
2025-02-19 02:00:00,152.134,152.309,151.967,152.025,3973
2025-02-19 03:00:00,152.028,152.088,151.857,151.892,3032
2025-02-19 04:00:00,151.892,151.934,151.736,151.761,2917
2025-02-19 05:00:00,151.761,151.87,151.703,151.754,2647
2025-02-19 06:00:00,151.753,151.775,151.587,151.634,3715
2025-02-19 07:00:00,151.632,151.783,151.583,151.66,3772
2025-02-19 08:00:00,151.657,151.853,151.608,151.718,3304
2025-02-19 09:00:00,151.718,151.75,151.545,151.649,3215
2025-02-19 10:00:00,151.65,151.829,151.65,151.73,2550
2025-02-19 11:00:00,151.729,151.951,151.728,151.841,3125
2025-02-19 12:00:00,151.844,151.927,151.753,151.907,2677
2025-02-19 13:00:00,151.905,151.911,151.686,151.688,3494
2025-02-19 14:00:00,151.689,151.718,151.326,151.332,4447
2025-02-19 15:00:00,151.333,151.5,151.239,151.416,4691
2025-02-19 16:00:00,151.417,151.691,151.417,151.668,3472
2025-02-19 17:00:00,151.668,151.756,151.621,151.707,1966
2025-02-19 18:00:00,151.707,151.826,151.614,151.641,2303
2025-02-19 19:00:00,151.643,151.668,151.389,151.519,3332
2025-02-19 20:00:00,151.52,151.568,151.447,151.474,1798
2025-02-19 21:00:00,151.464,151.514,151.28,151.282,797
2025-02-19 22:00:00,151.243,151.41,151.168,151.383,798
2025-02-19 23:00:00,151.393,151.424,151.115,151.22,1931
2025-02-20 00:00:00,151.221,151.234,150.83,150.985,7099
2025-02-20 01:00:00,150.982,150.994,150.569,150.635,6721
2025-02-20 02:00:00,150.638,150.758,150.446,150.699,5031
2025-02-20 03:00:00,150.7,150.742,150.385,150.429,3821
2025-02-20 04:00:00,150.426,150.479,150.241,150.253,3838
2025-02-20 05:00:00,150.252,150.403,150.177,150.398,3058
2025-02-20 06:00:00,150.4,150.408,149.977,150.045,4291
2025-02-20 07:00:00,150.042,150.218,149.943,150.168,4878
2025-02-20 08:00:00,150.166,150.387,150.154,150.336,4275
2025-02-20 09:00:00,150.339,150.432,150.194,150.307,3044
2025-02-20 10:00:00,150.307,150.314,150.059,150.074,2597
2025-02-20 11:00:00,150.072,150.249,149.981,150.221,2550
2025-02-20 12:00:00,150.221,150.23,149.916,150.09,4473
2025-02-20 13:00:00,150.091,150.14,149.7,150.08,6219
2025-02-20 14:00:00,150.083,150.215,149.79,149.813,6366
2025-02-20 15:00:00,149.81,149.852,149.465,149.508,6788
2025-02-20 16:00:00,149.51,149.735,149.495,149.63,4508
2025-02-20 17:00:00,149.63,149.7,149.393,149.466,3455
2025-02-20 18:00:00,149.468,149.632,149.456,149.622,2413
2025-02-20 19:00:00,149.62,149.81,149.619,149.772,2327
2025-02-20 20:00:00,149.773,149.825,149.647,149.65,1941
2025-02-20 21:00:00,149.646,149.672,149.59,149.609,912
2025-02-20 22:00:00,149.586,149.624,149.417,149.541,921
2025-02-20 23:00:00,149.548,149.62,149.272,149.475,2699
2025-02-21 00:00:00,149.479,149.903,149.465,149.828,7067
2025-02-21 01:00:00,149.826,150.445,149.785,150.341,6921
2025-02-21 02:00:00,150.344,150.734,150.158,150.474,6175
2025-02-21 03:00:00,150.471,150.53,150.223,150.307,4228
2025-02-21 04:00:00,150.307,150.338,150.115,150.326,3516
2025-02-21 05:00:00,150.328,150.485,150.311,150.36,2835
2025-02-21 06:00:00,150.359,150.544,150.289,150.512,3315
2025-02-21 07:00:00,150.512,150.651,150.351,150.542,5176
2025-02-21 08:00:00,150.545,150.613,150.337,150.424,6255
2025-02-21 09:00:00,150.426,150.497,150.255,150.472,3720
2025-02-21 10:00:00,150.469,150.53,150.345,150.369,2317
2025-02-21 11:00:00,150.37,150.426,150.184,150.268,2264
2025-02-21 12:00:00,150.266,150.485,150.244,150.474,2501
2025-02-21 13:00:00,150.474,150.509,150.323,150.429,3547
2025-02-21 14:00:00,150.429,150.437,149.741,149.788,5735
2025-02-21 15:00:00,149.791,149.836,149.504,149.548,6915
2025-02-21 16:00:00,149.547,149.618,149.385,149.492,4025
2025-02-21 17:00:00,149.492,149.532,149.196,149.213,3680
2025-02-21 18:00:00,149.216,149.219,148.962,149.119,6247
2025-02-21 19:00:00,149.121,149.135,148.919,149.069,4423
2025-02-21 20:00:00,149.07,149.162,148.996,149.128,3218
2025-02-21 21:00:00,149.125,149.336,149.11,149.281,1581
2025-02-23 22:00:00,149.126,149.248,149.086,149.187,821
2025-02-23 23:00:00,149.206,149.394,149.083,149.394,2494
2025-02-24 00:00:00,149.402,149.402,148.841,148.924,6530
2025-02-24 01:00:00,148.924,149.254,148.913,149.234,6324
2025-02-24 02:00:00,149.238,149.496,149.223,149.224,5014
2025-02-24 03:00:00,149.228,149.345,149.11,149.159,3170
2025-02-24 04:00:00,149.159,149.31,149.128,149.205,2193
2025-02-24 05:00:00,149.208,149.464,149.181,149.399,3274
2025-02-24 06:00:00,149.398,149.545,149.341,149.461,3680
2025-02-24 07:00:00,149.458,149.534,149.317,149.453,4672
2025-02-24 08:00:00,149.45,149.567,149.228,149.415,5255
2025-02-24 09:00:00,149.418,149.596,149.375,149.559,4194
2025-02-24 10:00:00,149.557,149.669,149.547,149.621,2722
2025-02-24 11:00:00,149.622,149.788,149.598,149.731,2901
2025-02-24 12:00:00,149.728,149.827,149.615,149.763,2822
2025-02-24 13:00:00,149.761,149.873,149.601,149.758,3954
2025-02-24 14:00:00,149.758,149.82,149.292,149.317,7047
2025-02-24 15:00:00,149.321,149.425,149.184,149.293,8215
2025-02-24 16:00:00,149.294,149.761,149.293,149.57,5086
2025-02-24 17:00:00,149.568,149.709,149.508,149.575,4597
2025-02-24 18:00:00,149.578,149.61,149.38,149.588,3187
2025-02-24 19:00:00,149.59,149.798,149.582,149.673,3594
2025-02-24 20:00:00,149.674,149.79,149.609,149.72,3174
2025-02-24 21:00:00,149.7,149.786,149.685,149.688,1025
2025-02-24 22:00:00,149.656,149.704,149.488,149.696,1007
2025-02-24 23:00:00,149.727,149.905,149.707,149.905,1859
2025-02-25 00:00:00,149.91,150.182,149.91,150.142,4817
2025-02-25 01:00:00,150.139,150.296,150.047,150.049,4011
2025-02-25 02:00:00,150.047,150.09,149.806,149.828,3292
2025-02-25 03:00:00,149.825,149.902,149.61,149.664,2815
2025-02-25 04:00:00,149.664,149.71,149.458,149.561,3409
2025-02-25 05:00:00,149.561,149.768,149.504,149.709,2917
2025-02-25 06:00:00,149.708,149.865,149.618,149.759,3527
2025-02-25 07:00:00,149.759,149.781,149.188,149.279,5716
2025-02-25 08:00:00,149.28,149.607,149.216,149.453,6161
2025-02-25 09:00:00,149.455,149.754,149.435,149.594,4837
2025-02-25 10:00:00,149.592,149.827,149.589,149.763,3922
2025-02-25 11:00:00,149.763,149.951,149.655,149.803,3912
2025-02-25 12:00:00,149.805,149.805,149.478,149.682,4744
2025-02-25 13:00:00,149.68,149.816,149.334,149.431,5096
2025-02-25 14:00:00,149.43,149.537,149.107,149.179,6520
2025-02-25 15:00:00,149.177,149.177,148.557,149.061,12086
2025-02-25 16:00:00,149.06,149.132,148.773,149.089,7496
2025-02-25 17:00:00,149.088,149.252,149.006,149.073,5079
2025-02-25 18:00:00,149.072,149.244,149.046,149.164,4647
2025-02-25 19:00:00,149.163,149.171,148.995,149.074,4696
2025-02-25 20:00:00,149.072,149.092,148.905,148.946,3631
2025-02-25 21:00:00,148.942,149.03,148.928,149.014,1533
2025-02-25 22:00:00,148.995,149.089,148.88,149.062,1142
2025-02-25 23:00:00,149.109,149.179,148.838,149.046,1859
2025-02-26 00:00:00,149.047,149.082,148.614,148.904,6158
2025-02-26 01:00:00,148.905,149.232,148.714,149.219,5929
2025-02-26 02:00:00,149.222,149.471,149.169,149.457,4634
2025-02-26 03:00:00,149.454,149.516,149.307,149.391,3331
2025-02-26 04:00:00,149.389,149.55,149.279,149.435,3101
2025-02-26 05:00:00,149.438,149.629,149.403,149.431,3644
2025-02-26 06:00:00,149.432,149.628,149.427,149.568,3271
2025-02-26 07:00:00,149.571,149.604,149.329,149.524,5303
2025-02-26 08:00:00,149.527,149.545,149.246,149.288,6013
2025-02-26 09:00:00,149.287,149.439,149.249,149.359,4060
2025-02-26 10:00:00,149.359,149.524,149.222,149.512,3544
2025-02-26 11:00:00,149.513,149.59,149.471,149.54,2892
2025-02-26 12:00:00,149.541,149.645,149.442,149.608,3440
2025-02-26 13:00:00,149.611,149.683,149.303,149.534,4968
2025-02-26 14:00:00,149.534,149.731,149.285,149.66,7039
2025-02-26 15:00:00,149.66,149.885,149.398,149.482,7896
2025-02-26 16:00:00,149.484,149.527,149.118,149.132,5782
2025-02-26 17:00:00,149.132,149.246,149.007,149.145,6142
2025-02-26 18:00:00,149.143,149.152,148.824,148.923,5181
2025-02-26 19:00:00,148.92,148.965,148.807,148.833,4727
2025-02-26 20:00:00,148.835,149.05,148.824,149.027,3385
2025-02-26 21:00:00,148.999,149.174,148.889,148.905,1823
2025-02-26 22:00:00,148.901,149.044,148.828,148.906,686
2025-02-26 23:00:00,148.971,149.008,148.729,148.87,1982
2025-02-27 00:00:00,148.877,149.174,148.781,149.136,6480
2025-02-27 01:00:00,149.136,149.401,149.067,149.356,4379
2025-02-27 02:00:00,149.359,149.379,149.164,149.259,3210
2025-02-27 03:00:00,149.259,149.354,149.185,149.22,2605
2025-02-27 04:00:00,149.217,149.264,149.074,149.096,2683
2025-02-27 05:00:00,149.096,149.368,149.094,149.338,3277
2025-02-27 06:00:00,149.34,149.422,149.2,149.253,3523
2025-02-27 07:00:00,149.252,149.328,149.182,149.264,3660
2025-02-27 08:00:00,149.267,149.727,149.153,149.711,5231
2025-02-27 09:00:00,149.71,149.966,149.625,149.839,4131
2025-02-27 10:00:00,149.842,149.969,149.794,149.847,3526
2025-02-27 11:00:00,149.845,149.897,149.677,149.792,2858
2025-02-27 12:00:00,149.793,149.795,149.555,149.651,4092
2025-02-27 13:00:00,149.654,149.877,149.355,149.725,11414
2025-02-27 14:00:00,149.726,150.136,149.638,149.731,10401
2025-02-27 15:00:00,149.733,150.1,149.539,149.94,13607
2025-02-27 16:00:00,149.937,150.161,149.762,149.809,8250
2025-02-27 17:00:00,149.805,150.012,149.777,149.963,5042
2025-02-27 18:00:00,149.963,150.149,149.911,150.108,3882
2025-02-27 19:00:00,150.109,150.118,149.782,149.861,4988
2025-02-27 20:00:00,149.857,149.858,149.626,149.69,4617
2025-02-27 21:00:00,149.686,149.817,149.671,149.791,1573
2025-02-27 22:00:00,149.747,149.799,149.607,149.752,879
2025-02-27 23:00:00,149.773,150.094,149.532,150.081,2458
2025-02-28 00:00:00,150.087,150.144,149.352,149.373,7367
2025-02-28 01:00:00,149.375,149.528,149.269,149.297,6825
2025-02-28 02:00:00,149.299,149.563,149.095,149.525,5357
2025-02-28 03:00:00,149.524,149.627,149.455,149.6,3977
2025-02-28 04:00:00,149.601,149.695,149.512,149.604,3161
2025-02-28 05:00:00,149.604,149.879,149.575,149.824,4222
2025-02-28 06:00:00,149.827,150.113,149.785,150.038,4348
2025-02-28 07:00:00,150.041,150.566,149.931,150.433,6646
2025-02-28 08:00:00,150.432,150.683,150.31,150.562,6028
2025-02-28 09:00:00,150.564,150.631,150.183,150.247,4813
2025-02-28 10:00:00,150.248,150.394,150.237,150.372,3356
2025-02-28 11:00:00,150.375,150.486,150.284,150.385,2695
2025-02-28 12:00:00,150.382,150.712,150.377,150.657,3515
2025-02-28 13:00:00,150.658,150.983,150.591,150.646,8461
2025-02-28 14:00:00,150.644,150.811,150.278,150.682,11068
2025-02-28 15:00:00,150.68,150.86,150.502,150.681,12283
2025-02-28 16:00:00,150.682,150.79,150.232,150.636,9717
2025-02-28 17:00:00,150.636,150.678,150.333,150.361,6246
2025-02-28 18:00:00,150.36,150.543,150.237,150.326,8335
2025-02-28 19:00:00,150.324,150.599,150.301,150.539,5670
2025-02-28 20:00:00,150.541,150.621,150.438,150.506,5057
2025-02-28 21:00:00,150.506,150.617,150.47,150.617,1506
2025-03-02 22:00:00,150.663,150.701,150.544,150.69,752
2025-03-02 23:00:00,150.706,151.01,150.698,150.801,2913
2025-03-03 00:00:00,150.807,150.948,150.489,150.539,7152
2025-03-03 01:00:00,150.542,150.716,150.312,150.406,5938
2025-03-03 02:00:00,150.409,150.47,150.263,150.399,4216
2025-03-03 03:00:00,150.397,150.486,150.239,150.449,4654
2025-03-03 04:00:00,150.448,150.514,150.318,150.333,2718
2025-03-03 05:00:00,150.333,150.53,150.329,150.41,3155
2025-03-03 06:00:00,150.41,150.524,150.262,150.458,3894
2025-03-03 07:00:00,150.461,150.521,150.146,150.169,4769
2025-03-03 08:00:00,150.167,150.239,150.023,150.111,5766
2025-03-03 09:00:00,150.112,150.367,149.943,150.344,4367
2025-03-03 10:00:00,150.345,150.894,150.345,150.835,5358
2025-03-03 11:00:00,150.832,151.234,150.784,151.203,5319
2025-03-03 12:00:00,151.201,151.3,151.109,151.235,5646
2025-03-03 13:00:00,151.234,151.3,150.936,150.964,6005
2025-03-03 14:00:00,150.967,150.972,150.583,150.617,7559
2025-03-03 15:00:00,150.619,150.678,150.075,150.234,12267
2025-03-03 16:00:00,150.236,150.372,150.043,150.17,8878
2025-03-03 17:00:00,150.167,150.338,150.122,150.178,5672
2025-03-03 18:00:00,150.179,150.249,150.055,150.176,7291
2025-03-03 19:00:00,150.173,150.302,150.134,150.245,5308
2025-03-03 20:00:00,150.248,150.256,149.073,149.416,15383
2025-03-03 21:00:00,149.391,149.615,149.391,149.482,2271
2025-03-03 22:00:00,149.463,149.576,149.391,149.553,1167
2025-03-03 23:00:00,149.573,149.618,149.14,149.298,3022
2025-03-04 00:00:00,149.304,149.53,148.978,149.154,9389
2025-03-04 01:00:00,149.156,149.257,148.595,148.933,9555
2025-03-04 02:00:00,148.93,149.42,148.832,149.29,6215
2025-03-04 03:00:00,149.291,149.342,149.027,149.162,5283
2025-03-04 04:00:00,149.162,149.175,148.92,149.139,4511
2025-03-04 05:00:00,149.141,149.457,149.091,149.378,6357
2025-03-04 06:00:00,149.382,149.557,149.272,149.527,4985
2025-03-04 07:00:00,149.524,149.575,149.059,149.348,9320
2025-03-04 08:00:00,149.345,149.453,148.997,149.087,11432
2025-03-04 09:00:00,149.085,149.146,148.792,149.044,8408
2025-03-04 10:00:00,149.041,149.041,148.757,148.793,6439
2025-03-04 11:00:00,148.792,148.834,148.286,148.361,6968
2025-03-04 12:00:00,148.359,148.359,148.09,148.222,9057
2025-03-04 13:00:00,148.22,148.559,148.183,148.206,9387
2025-03-04 14:00:00,148.204,148.706,148.195,148.427,16412
2025-03-04 15:00:00,148.425,148.609,148.186,148.348,17312
2025-03-04 16:00:00,148.347,148.857,148.301,148.809,11638
2025-03-04 17:00:00,148.812,148.914,148.685,148.741,8658
2025-03-04 18:00:00,148.744,149.131,148.699,149.091,8926
2025-03-04 19:00:00,149.089,149.368,149.046,149.315,7891
2025-03-04 20:00:00,149.313,149.511,149.006,149.102,8112
2025-03-04 21:00:00,149.095,149.862,149.031,149.786,3589
2025-03-04 22:00:00,149.759,149.783,149.551,149.706,1141
2025-03-04 23:00:00,149.739,149.962,149.629,149.82,2284
2025-03-05 00:00:00,149.824,149.921,149.57,149.917,7671
2025-03-05 01:00:00,149.919,150.181,149.78,149.971,9721
2025-03-05 02:00:00,149.969,150.001,149.745,149.826,5940
2025-03-05 03:00:00,149.823,150.095,149.708,149.969,5923
2025-03-05 04:00:00,149.97,149.97,149.704,149.827,3722
2025-03-05 05:00:00,149.824,149.891,149.691,149.712,3567
2025-03-05 06:00:00,149.712,149.747,149.563,149.683,4157
2025-03-05 07:00:00,149.685,149.811,149.41,149.443,7062
2025-03-05 08:00:00,149.445,149.639,149.198,149.222,8081
2025-03-05 09:00:00,149.221,149.448,149.095,149.369,5656
2025-03-05 10:00:00,149.371,149.563,149.31,149.34,5504
2025-03-05 11:00:00,149.34,149.541,149.281,149.391,5363
2025-03-05 12:00:00,149.393,149.509,149.152,149.507,6850
2025-03-05 13:00:00,149.509,149.735,148.929,149.016,12634
2025-03-05 14:00:00,149.018,149.025,148.391,148.397,12193
2025-03-05 15:00:00,148.393,149.102,148.393,148.91,17647
2025-03-05 16:00:00,148.909,148.98,148.471,148.825,14879
2025-03-05 17:00:00,148.822,148.923,148.632,148.861,10175
2025-03-05 18:00:00,148.861,149.016,148.763,148.953,9399
2025-03-05 19:00:00,148.95,149.14,148.779,148.784,5332
2025-03-05 20:00:00,148.783,148.895,148.735,148.876,4684
2025-03-05 21:00:00,148.853,148.992,148.634,148.698,1745
2025-03-05 22:00:00,148.695,148.848,148.559,148.815,989
2025-03-05 23:00:00,148.823,148.936,148.719,148.883,1745
2025-03-06 00:00:00,148.881,149.307,148.856,149.151,5067
2025-03-06 01:00:00,149.149,149.332,148.959,148.989,4559
2025-03-06 02:00:00,148.988,149.219,148.943,149.194,4216
2025-03-06 03:00:00,149.194,149.28,149.109,149.23,3387
2025-03-06 04:00:00,149.232,149.306,149.154,149.187,3019
2025-03-06 05:00:00,149.188,149.219,148.927,148.932,3949
2025-03-06 06:00:00,148.931,148.963,148.745,148.778,4814
2025-03-06 07:00:00,148.779,148.779,148.263,148.366,9374
2025-03-06 08:00:00,148.365,148.412,148.064,148.156,9375
2025-03-06 09:00:00,148.153,148.153,147.781,147.88,10680
2025-03-06 10:00:00,147.881,148.073,147.696,147.862,6586
2025-03-06 11:00:00,147.861,147.982,147.759,147.826,5719
2025-03-06 12:00:00,147.824,147.876,147.558,147.606,6694
2025-03-06 13:00:00,147.609,147.679,147.347,147.418,11017
2025-03-06 14:00:00,147.42,147.844,147.308,147.567,16261
2025-03-06 15:00:00,147.566,148.312,147.49,148.233,16070
2025-03-06 16:00:00,148.236,148.39,147.899,147.906,14510
2025-03-06 17:00:00,147.904,148.024,147.645,147.912,9934
2025-03-06 18:00:00,147.909,147.96,147.738,147.797,7022
2025-03-06 19:00:00,147.796,147.852,147.566,147.687,7739
2025-03-06 20:00:00,147.69,147.874,147.66,147.804,6536
2025-03-06 21:00:00,147.8,148.049,147.8,147.963,1994
2025-03-06 22:00:00,147.951,147.995,147.701,147.942,878
2025-03-06 23:00:00,147.951,148.14,147.861,148.14,2008
2025-03-07 00:00:00,148.147,148.163,147.654,147.958,6115
2025-03-07 01:00:00,147.961,148.119,147.809,147.897,6024
2025-03-07 02:00:00,147.895,148.031,147.551,147.595,4716
2025-03-07 03:00:00,147.596,147.652,147.438,147.605,4266
2025-03-07 04:00:00,147.605,147.706,147.471,147.672,3503
2025-03-07 05:00:00,147.674,147.751,147.447,147.45,3765
2025-03-07 06:00:00,147.452,147.642,147.385,147.496,4641
2025-03-07 07:00:00,147.488,147.749,147.484,147.65,6980
2025-03-07 08:00:00,147.652,147.752,147.198,147.333,10646
2025-03-07 09:00:00,147.332,147.58,147.285,147.437,6655
2025-03-07 10:00:00,147.437,147.557,147.374,147.553,4771
2025-03-07 11:00:00,147.556,147.745,147.492,147.691,4197
2025-03-07 12:00:00,147.689,147.85,147.627,147.742,5845
2025-03-07 13:00:00,147.74,147.961,147.113,147.225,16877
2025-03-07 14:00:00,147.226,147.674,146.935,147.511,17201
2025-03-07 15:00:00,147.513,147.726,147.19,147.514,21563
2025-03-07 16:00:00,147.514,147.594,147.02,147.13,12985
2025-03-07 17:00:00,147.133,147.705,146.955,147.486,11066
2025-03-07 18:00:00,147.488,148.025,147.48,147.975,10328
2025-03-07 19:00:00,147.972,148.201,147.857,148.032,7661
2025-03-07 20:00:00,148.03,148.114,147.885,147.951,6634
2025-03-07 21:00:00,147.951,148.044,147.827,148.04,1686
2025-03-09 21:00:00,147.886,147.931,147.519,147.519,564
2025-03-09 22:00:00,147.596,147.836,147.475,147.481,3373
2025-03-09 23:00:00,147.478,147.644,147.382,147.588,5230
2025-03-10 00:00:00,147.585,147.646,147.227,147.292,7709
2025-03-10 01:00:00,147.292,147.443,147.087,147.411,6364
2025-03-10 02:00:00,147.408,147.628,147.327,147.599,3863
2025-03-10 03:00:00,147.598,147.753,147.544,147.64,3500
2025-03-10 04:00:00,147.639,147.665,147.534,147.632,2284
2025-03-10 05:00:00,147.633,147.79,147.517,147.523,3166
2025-03-10 06:00:00,147.525,147.754,147.499,147.698,4211
2025-03-10 07:00:00,147.696,147.787,147.493,147.566,5847
2025-03-10 08:00:00,147.568,147.636,147.135,147.184,7517
2025-03-10 09:00:00,147.182,147.355,147.145,147.229,5731
2025-03-10 10:00:00,147.232,147.282,146.908,146.917,5835
2025-03-10 11:00:00,146.919,147.134,146.855,147.122,7796
2025-03-10 12:00:00,147.123,147.146,146.716,147.014,6170
2025-03-10 13:00:00,147.013,147.171,146.764,147.063,13258
2025-03-10 14:00:00,147.062,147.062,146.626,146.763,14016
2025-03-10 15:00:00,146.764,147.302,146.747,147.148,9606
2025-03-10 16:00:00,147.146,147.302,147.047,147.257,7091
2025-03-10 17:00:00,147.255,147.315,147.031,147.185,6816
2025-03-10 18:00:00,147.184,147.386,147.169,147.234,6428
2025-03-10 19:00:00,147.232,147.463,147.082,147.296,6940
2025-03-10 20:00:00,147.293,147.355,147.219,147.245,1873
2025-03-10 21:00:00,147.243,147.266,147.038,147.149,571
2025-03-10 22:00:00,147.161,147.175,146.946,146.983,2255
2025-03-10 23:00:00,146.984,147.09,146.775,147.076,4949
2025-03-11 00:00:00,147.078,147.099,146.538,146.747,8833
2025-03-11 01:00:00,146.746,146.923,146.592,146.803,7156
2025-03-11 02:00:00,146.805,147.19,146.759,146.917,6623
2025-03-11 03:00:00,146.917,147.153,146.91,147.113,5163
2025-03-11 04:00:00,147.11,147.223,146.92,146.971,4134
2025-03-11 05:00:00,146.97,147.285,146.915,147.221,3368
2025-03-11 06:00:00,147.22,147.399,147.187,147.232,5815
2025-03-11 07:00:00,147.234,147.283,146.755,146.937,6732
2025-03-11 08:00:00,146.935,147.297,146.873,147.285,7821
2025-03-11 09:00:00,147.285,147.512,147.212,147.367,6393
2025-03-11 10:00:00,147.367,147.64,147.365,147.557,5006
2025-03-11 11:00:00,147.555,147.725,147.471,147.602,4882
2025-03-11 12:00:00,147.601,147.934,147.326,147.767,7426
2025-03-11 13:00:00,147.768,148.109,147.627,147.781,15061
2025-03-11 14:00:00,147.778,148.117,147.264,147.353,23372
2025-03-11 15:00:00,147.351,147.739,147.286,147.494,14835
2025-03-11 16:00:00,147.491,147.52,147.246,147.29,9635
2025-03-11 17:00:00,147.291,147.291,147.018,147.187,8227
2025-03-11 18:00:00,147.185,147.912,147.151,147.822,10736
2025-03-11 19:00:00,147.824,147.856,147.608,147.753,9917
2025-03-11 20:00:00,147.75,147.863,147.736,147.781,2361
2025-03-11 21:00:00,147.773,147.815,147.693,147.724,616
2025-03-11 22:00:00,147.708,147.893,147.678,147.861,1374
2025-03-11 23:00:00,147.889,148.065,147.8,148.046,2685
2025-03-12 00:00:00,148.043,148.15,147.942,148.128,6249
2025-03-12 01:00:00,148.131,148.154,147.842,148.031,4252
2025-03-12 02:00:00,148.029,148.066,147.863,148.037,3403
2025-03-12 03:00:00,148.037,148.101,147.921,148.071,2932
2025-03-12 04:00:00,148.068,148.266,148.059,148.146,2973
2025-03-12 05:00:00,148.146,148.286,148.025,148.052,3669
2025-03-12 06:00:00,148.052,148.406,147.956,148.36,4301
2025-03-12 07:00:00,148.362,148.598,148.273,148.587,5545
2025-03-12 08:00:00,148.59,148.647,148.256,148.333,6181
2025-03-12 09:00:00,148.335,148.672,148.302,148.603,4473
2025-03-12 10:00:00,148.605,148.77,148.522,148.679,4239
2025-03-12 11:00:00,148.681,148.746,148.594,148.732,3732
2025-03-12 12:00:00,148.731,149.193,148.117,149.121,13338
2025-03-12 13:00:00,149.124,149.145,148.616,148.697,11033
2025-03-12 14:00:00,148.695,148.707,148.288,148.317,11199
2025-03-12 15:00:00,148.315,148.441,148.201,148.314,7899
2025-03-12 16:00:00,148.312,148.43,148.19,148.28,5973
2025-03-12 17:00:00,148.28,148.359,148.116,148.125,5308
2025-03-12 18:00:00,148.126,148.413,148.103,148.344,4662
2025-03-12 19:00:00,148.342,148.377,148.26,148.347,4312
2025-03-12 20:00:00,148.347,148.362,148.031,148.031,1189
2025-03-12 21:00:00,148.029,148.212,147.976,148.21,412
2025-03-12 22:00:00,148.212,148.289,148.092,148.209,1307
2025-03-12 23:00:00,148.225,148.304,148.088,148.289,2504
2025-03-13 00:00:00,148.291,148.369,148.101,148.11,4074
2025-03-13 01:00:00,148.107,148.324,148.069,148.113,4022
2025-03-13 02:00:00,148.116,148.233,148.09,148.172,3017
2025-03-13 03:00:00,148.172,148.248,148.012,148.038,2851
2025-03-13 04:00:00,148.041,148.113,147.818,147.844,3303
2025-03-13 05:00:00,147.845,147.927,147.693,147.719,4275
2025-03-13 06:00:00,147.722,147.807,147.571,147.787,4821
2025-03-13 07:00:00,147.787,147.938,147.703,147.784,4957
2025-03-13 08:00:00,147.786,147.917,147.678,147.917,6977
2025-03-13 09:00:00,147.918,148.197,147.815,148.146,3950
2025-03-13 10:00:00,148.146,148.234,148.077,148.152,3486
2025-03-13 11:00:00,148.152,148.181,147.9,147.992,4620
2025-03-13 12:00:00,147.99,148.253,147.732,148.208,7833
2025-03-13 13:00:00,148.205,148.353,148.026,148.101,8298
2025-03-13 14:00:00,148.098,148.176,147.835,147.874,8003
2025-03-13 15:00:00,147.876,147.981,147.638,147.706,8692
2025-03-13 16:00:00,147.705,147.83,147.523,147.584,7238
2025-03-13 17:00:00,147.582,147.704,147.409,147.627,5812
2025-03-13 18:00:00,147.625,147.785,147.567,147.742,5443
2025-03-13 19:00:00,147.74,147.777,147.627,147.694,4526
2025-03-13 20:00:00,147.68,147.817,147.68,147.794,1337
2025-03-13 21:00:00,147.779,147.798,147.629,147.702,547
2025-03-13 22:00:00,147.743,147.969,147.741,147.934,1417
2025-03-13 23:00:00,147.934,147.969,147.859,147.936,2411
2025-03-14 00:00:00,147.937,148.326,147.847,148.293,5556
2025-03-14 01:00:00,148.293,148.429,148.15,148.17,4340
2025-03-14 02:00:00,148.172,148.31,148.156,148.245,2538
2025-03-14 03:00:00,148.245,148.386,148.245,148.332,2864
2025-03-14 04:00:00,148.329,148.552,148.322,148.492,2479
2025-03-14 05:00:00,148.492,148.646,148.437,148.465,3098
2025-03-14 06:00:00,148.467,148.751,148.424,148.701,3704
2025-03-14 07:00:00,148.704,149.02,148.553,148.75,7041
2025-03-14 08:00:00,148.749,148.913,148.648,148.877,5078
2025-03-14 09:00:00,148.879,149.001,148.841,148.968,3618
2025-03-14 10:00:00,148.97,148.979,148.6,148.796,4289
2025-03-14 11:00:00,148.799,148.819,148.635,148.724,4462
2025-03-14 12:00:00,148.724,148.8,148.582,148.651,4452
2025-03-14 13:00:00,148.649,148.788,148.518,148.69,5298
2025-03-14 14:00:00,148.679,148.893,148.345,148.454,11182
2025-03-14 15:00:00,148.457,148.565,148.367,148.513,6556
2025-03-14 16:00:00,148.512,148.522,148.254,148.354,4402
2025-03-14 17:00:00,148.353,148.501,148.313,148.435,3964
2025-03-14 18:00:00,148.436,148.581,148.436,148.533,2610
2025-03-14 19:00:00,148.534,148.659,148.497,148.638,1997
2025-03-14 20:00:00,148.635,148.648,148.552,148.63,1087
2025-03-16 21:00:00,148.726,148.795,148.636,148.701,691
2025-03-16 22:00:00,148.754,148.793,148.559,148.564,2041
2025-03-16 23:00:00,148.567,148.697,148.459,148.602,2998
2025-03-17 00:00:00,148.604,148.885,148.461,148.791,4850
2025-03-17 01:00:00,148.792,148.894,148.557,148.615,3905
2025-03-17 02:00:00,148.613,148.703,148.533,148.646,3388
2025-03-17 03:00:00,148.643,148.811,148.566,148.728,2641
2025-03-17 04:00:00,148.727,149.038,148.717,149.031,3298
2025-03-17 05:00:00,149.032,149.065,148.887,148.976,3380
2025-03-17 06:00:00,148.975,149.095,148.796,148.961,4189
2025-03-17 07:00:00,148.961,148.992,148.816,148.835,4142
2025-03-17 08:00:00,148.837,148.977,148.68,148.919,5341
2025-03-17 09:00:00,148.92,148.932,148.592,148.663,4373
2025-03-17 10:00:00,148.663,148.678,148.477,148.495,3890
2025-03-17 11:00:00,148.496,148.552,148.411,148.451,3439
2025-03-17 12:00:00,148.455,148.949,148.243,148.816,8351
2025-03-17 13:00:00,148.817,149.094,148.721,148.829,7932
2025-03-17 14:00:00,148.826,148.845,148.562,148.598,9029
2025-03-17 15:00:00,148.6,148.658,148.439,148.554,5958
2025-03-17 16:00:00,148.552,148.729,148.518,148.724,3748
2025-03-17 17:00:00,148.726,149.021,148.696,148.987,3699
2025-03-17 18:00:00,148.987,149.239,148.945,149.172,3855
2025-03-17 19:00:00,149.174,149.282,149.134,149.153,3091
2025-03-17 20:00:00,149.149,149.217,149.041,149.187,1596
2025-03-17 21:00:00,149.185,149.198,149.059,149.133,600
2025-03-17 22:00:00,149.133,149.326,149.133,149.325,1094
2025-03-17 23:00:00,149.329,149.395,149.306,149.395,2310
2025-03-18 00:00:00,149.392,149.484,149.251,149.459,4194
2025-03-18 01:00:00,149.459,149.531,149.358,149.426,3273
2025-03-18 02:00:00,149.424,149.723,149.394,149.668,3007
2025-03-18 03:00:00,149.668,149.723,149.638,149.685,2093
2025-03-18 04:00:00,149.685,149.729,149.539,149.555,2020
2025-03-18 05:00:00,149.555,149.737,149.51,149.737,1996
2025-03-18 06:00:00,149.737,149.873,149.721,149.733,3022
2025-03-18 07:00:00,149.733,149.858,149.704,149.826,3083
2025-03-18 08:00:00,149.829,149.899,149.649,149.746,3398
2025-03-18 09:00:00,149.747,149.846,149.697,149.783,2748
2025-03-18 10:00:00,149.783,149.812,149.592,149.647,3245
2025-03-18 11:00:00,149.647,149.768,149.56,149.741,3005
2025-03-18 12:00:00,149.742,149.931,149.625,149.839,3965
2025-03-18 13:00:00,149.839,149.892,149.587,149.592,6952
2025-03-18 14:00:00,149.59,149.751,149.442,149.662,7169
2025-03-18 15:00:00,149.661,149.697,149.412,149.49,5649
2025-03-18 16:00:00,149.485,149.647,149.277,149.415,4860
2025-03-18 17:00:00,149.417,149.424,149.207,149.249,4691
2025-03-18 18:00:00,149.252,149.252,149.093,149.23,3949
2025-03-18 19:00:00,149.23,149.289,149.141,149.272,3260
2025-03-18 20:00:00,149.265,149.373,149.262,149.271,1172
2025-03-18 21:00:00,149.261,149.27,149.132,149.211,597
2025-03-18 22:00:00,149.243,149.398,149.185,149.386,935
2025-03-18 23:00:00,149.388,149.472,149.28,149.439,1971
2025-03-19 00:00:00,149.437,149.641,149.295,149.602,4071
2025-03-19 01:00:00,149.604,149.642,149.435,149.459,2683
2025-03-19 02:00:00,149.462,149.558,149.204,149.42,3953
2025-03-19 03:00:00,149.419,149.516,149.297,149.319,1846
2025-03-19 04:00:00,149.32,149.568,149.303,149.53,2144
2025-03-19 05:00:00,149.533,149.772,149.531,149.769,2595
2025-03-19 06:00:00,149.771,150.019,149.569,149.661,6914
2025-03-19 07:00:00,149.663,149.678,149.137,149.275,9959
2025-03-19 08:00:00,149.273,149.684,149.273,149.624,5266
2025-03-19 09:00:00,149.623,149.789,149.565,149.754,3210
2025-03-19 10:00:00,149.756,149.811,149.67,149.776,2539
2025-03-19 11:00:00,149.776,149.883,149.747,149.825,2633
2025-03-19 12:00:00,149.826,149.848,149.592,149.789,3078
2025-03-19 13:00:00,149.787,150.106,149.739,150.073,4063
2025-03-19 14:00:00,150.075,150.145,149.794,149.874,4468
2025-03-19 15:00:00,149.873,150.046,149.808,150.03,3508
2025-03-19 16:00:00,150.028,150.03,149.842,149.937,2732
2025-03-19 17:00:00,149.935,149.995,149.869,149.921,3031
2025-03-19 18:00:00,149.924,149.958,148.658,148.831,12576
2025-03-19 19:00:00,148.832,149.141,148.766,148.84,9293
2025-03-19 20:00:00,148.84,148.89,148.412,148.49,1784
2025-03-19 21:00:00,148.479,148.799,148.458,148.789,672
2025-03-19 22:00:00,148.807,148.87,148.54,148.592,2013
2025-03-19 23:00:00,148.596,148.713,148.45,148.455,2632
2025-03-20 00:00:00,148.458,148.517,148.274,148.299,4215
2025-03-20 01:00:00,148.297,148.415,148.194,148.302,3068
2025-03-20 02:00:00,148.302,148.429,148.178,148.427,3436
2025-03-20 03:00:00,148.43,148.447,148.329,148.363,2018
2025-03-20 04:00:00,148.363,148.416,148.296,148.391,1481
2025-03-20 05:00:00,148.391,148.462,148.337,148.368,1849
2025-03-20 06:00:00,148.366,148.366,148.169,148.275,2905
2025-03-20 07:00:00,148.274,148.641,148.25,148.582,3888
2025-03-20 08:00:00,148.585,148.682,148.391,148.541,4366
2025-03-20 09:00:00,148.541,148.778,148.536,148.74,3886
2025-03-20 10:00:00,148.741,148.741,148.435,148.595,5364
2025-03-20 11:00:00,148.593,148.634,148.395,148.453,3320
2025-03-20 12:00:00,148.453,148.691,148.399,148.558,5197
2025-03-20 13:00:00,148.556,148.823,148.446,148.782,6783
2025-03-20 14:00:00,148.787,148.919,148.687,148.697,6305
2025-03-20 15:00:00,148.7,148.958,148.679,148.845,4840
2025-03-20 16:00:00,148.844,148.956,148.719,148.75,4665
2025-03-20 17:00:00,148.75,148.922,148.743,148.763,3446
2025-03-20 18:00:00,148.762,148.88,148.71,148.804,3544
2025-03-20 19:00:00,148.801,148.856,148.745,148.782,3024
2025-03-20 20:00:00,148.767,148.813,148.743,148.769,1003
2025-03-20 21:00:00,148.765,148.769,148.553,148.769,498
2025-03-20 22:00:00,148.778,148.792,148.698,148.718,871
2025-03-20 23:00:00,148.719,148.768,148.584,148.618,2024
2025-03-21 00:00:00,148.62,149.029,148.588,148.99,4880
2025-03-21 01:00:00,148.988,149.192,148.947,149.09,3384
2025-03-21 02:00:00,149.09,149.097,148.929,149.067,2398
2025-03-21 03:00:00,149.066,149.248,148.978,149.208,2143
2025-03-21 04:00:00,149.207,149.48,149.2,149.411,2509
2025-03-21 05:00:00,149.412,149.633,149.406,149.551,2880
2025-03-21 06:00:00,149.551,149.61,149.434,149.568,2958
2025-03-21 07:00:00,149.567,149.662,149.243,149.309,3692
2025-03-21 08:00:00,149.309,149.531,149.256,149.477,4501
2025-03-21 09:00:00,149.476,149.482,149.275,149.382,3357
2025-03-21 10:00:00,149.384,149.439,149.192,149.194,3110
2025-03-21 11:00:00,149.194,149.219,148.852,148.884,3143
2025-03-21 12:00:00,148.885,148.935,148.633,148.669,4891
2025-03-21 13:00:00,148.666,148.901,148.6,148.866,6417
2025-03-21 14:00:00,148.866,148.991,148.766,148.868,6475
2025-03-21 15:00:00,148.869,148.987,148.702,148.981,5204
2025-03-21 16:00:00,148.982,149.252,148.93,149.234,5435
2025-03-21 17:00:00,149.234,149.311,149.155,149.223,3790
2025-03-21 18:00:00,149.221,149.317,149.17,149.213,2913
2025-03-21 19:00:00,149.212,149.342,149.158,149.33,2419
2025-03-21 20:00:00,149.324,149.358,149.277,149.298,1059
2025-03-23 21:00:00,149.32,149.384,149.288,149.368,434
2025-03-23 22:00:00,149.38,149.632,149.375,149.575,1833
2025-03-23 23:00:00,149.573,149.688,149.499,149.66,2780
2025-03-24 00:00:00,149.66,149.778,149.45,149.738,4098
2025-03-24 01:00:00,149.735,149.949,149.679,149.819,3198
2025-03-24 02:00:00,149.816,149.845,149.732,149.83,2378
2025-03-24 03:00:00,149.83,149.907,149.732,149.808,1940
2025-03-24 04:00:00,149.807,149.823,149.706,149.764,1777
2025-03-24 05:00:00,149.766,149.863,149.654,149.69,2345
2025-03-24 06:00:00,149.689,149.78,149.531,149.658,3318
2025-03-24 07:00:00,149.661,149.846,149.613,149.644,3304
2025-03-24 08:00:00,149.644,149.751,149.524,149.619,3896
2025-03-24 09:00:00,149.617,149.711,149.513,149.565,3625
2025-03-24 10:00:00,149.562,149.622,149.487,149.602,2814
2025-03-24 11:00:00,149.602,149.798,149.602,149.747,2441
2025-03-24 12:00:00,149.75,149.865,149.699,149.821,3185
2025-03-24 13:00:00,149.819,150.253,149.746,150.237,4755
2025-03-24 14:00:00,150.238,150.538,150.126,150.468,5256
2025-03-24 15:00:00,150.466,150.753,150.443,150.735,4335
2025-03-24 16:00:00,150.733,150.752,150.522,150.572,3826
2025-03-24 17:00:00,150.573,150.635,150.478,150.603,3158
2025-03-24 18:00:00,150.603,150.63,150.484,150.544,3254
2025-03-24 19:00:00,150.547,150.652,150.503,150.641,2237
2025-03-24 20:00:00,150.635,150.711,150.63,150.68,1126
2025-03-24 21:00:00,150.674,150.677,150.512,150.641,732
2025-03-24 22:00:00,150.67,150.752,150.653,150.718,1042
2025-03-24 23:00:00,150.726,150.859,150.656,150.775,2455
2025-03-25 00:00:00,150.778,150.94,150.771,150.931,3924
2025-03-25 01:00:00,150.929,150.934,150.599,150.665,2962
2025-03-25 02:00:00,150.667,150.79,150.58,150.765,2267
2025-03-25 03:00:00,150.764,150.793,150.596,150.62,2191
2025-03-25 04:00:00,150.617,150.657,150.507,150.557,1883
2025-03-25 05:00:00,150.556,150.566,150.422,150.427,1924
2025-03-25 06:00:00,150.429,150.572,150.413,150.543,2588
2025-03-25 07:00:00,150.544,150.74,150.534,150.718,2945
2025-03-25 08:00:00,150.719,150.762,150.545,150.623,3471
2025-03-25 09:00:00,150.623,150.667,150.401,150.487,2838
2025-03-25 10:00:00,150.487,150.501,150.173,150.204,3495
2025-03-25 11:00:00,150.204,150.258,150.055,150.176,3110
2025-03-25 12:00:00,150.17,150.171,149.858,149.962,3273
2025-03-25 13:00:00,149.965,149.976,149.713,149.78,4738
2025-03-25 14:00:00,149.779,149.866,149.662,149.72,5714
2025-03-25 15:00:00,149.722,149.804,149.543,149.761,4741
2025-03-25 16:00:00,149.759,149.824,149.699,149.773,3021
2025-03-25 17:00:00,149.773,149.854,149.724,149.744,2694
2025-03-25 18:00:00,149.742,149.856,149.707,149.841,2019
2025-03-25 19:00:00,149.842,149.937,149.842,149.855,2055
2025-03-25 20:00:00,149.847,149.932,149.837,149.892,925
2025-03-25 21:00:00,149.885,149.89,149.777,149.86,604
2025-03-25 22:00:00,149.882,149.975,149.875,149.934,824
2025-03-25 23:00:00,149.957,150.005,149.916,149.938,1493
2025-03-26 00:00:00,149.939,150.192,149.836,150.169,4136
2025-03-26 01:00:00,150.17,150.276,150.047,150.074,3425
2025-03-26 02:00:00,150.072,150.274,150.05,150.258,2102
2025-03-26 03:00:00,150.257,150.467,150.233,150.429,2101
2025-03-26 04:00:00,150.427,150.545,150.426,150.538,2034
2025-03-26 05:00:00,150.537,150.621,150.447,150.466,2576
2025-03-26 06:00:00,150.469,150.606,150.434,150.441,2571
2025-03-26 07:00:00,150.44,150.588,150.361,150.391,3219
2025-03-26 08:00:00,150.394,150.407,150.089,150.118,3905
2025-03-26 09:00:00,150.121,150.191,150.043,150.109,2807
2025-03-26 10:00:00,150.109,150.223,150.014,150.182,1969
2025-03-26 11:00:00,150.182,150.268,150.13,150.206,1919
2025-03-26 12:00:00,150.206,150.435,150.109,150.39,4348
2025-03-26 13:00:00,150.388,150.548,150.301,150.399,5294
2025-03-26 14:00:00,150.397,150.591,150.373,150.554,4905
2025-03-26 15:00:00,150.557,150.743,150.544,150.677,4300
2025-03-26 16:00:00,150.676,150.676,150.402,150.567,4331
2025-03-26 17:00:00,150.565,150.716,150.309,150.418,5654
2025-03-26 18:00:00,150.421,150.599,150.381,150.453,3668
2025-03-26 19:00:00,150.451,150.597,150.44,150.573,2765
2025-03-26 20:00:00,150.565,150.574,150.362,150.398,967
2025-03-26 21:00:00,150.398,150.54,150.312,150.455,819
2025-03-26 22:00:00,150.509,150.593,150.297,150.305,2718
2025-03-26 23:00:00,150.307,150.485,150.284,150.469,3286
2025-03-27 00:00:00,150.466,150.619,150.392,150.478,4112
2025-03-27 01:00:00,150.477,150.477,150.081,150.12,3903
2025-03-27 02:00:00,150.12,150.279,150.117,150.174,2790
2025-03-27 03:00:00,150.174,150.256,150.102,150.15,2191
2025-03-27 04:00:00,150.15,150.214,150.055,150.193,2243
2025-03-27 05:00:00,150.193,150.291,150.134,150.238,2484
2025-03-27 06:00:00,150.237,150.447,150.152,150.387,3116
2025-03-27 07:00:00,150.387,150.544,150.275,150.53,3954
2025-03-27 08:00:00,150.532,150.628,150.488,150.624,4408
2025-03-27 09:00:00,150.626,150.926,150.594,150.923,2919
2025-03-27 10:00:00,150.923,150.978,150.878,150.922,2504
2025-03-27 11:00:00,150.923,151.023,150.816,151.02,2611
2025-03-27 12:00:00,151.023,151.089,150.667,150.725,4925
2025-03-27 13:00:00,150.722,150.894,150.577,150.871,6201
2025-03-27 14:00:00,150.869,151.056,150.763,151.008,6182
2025-03-27 15:00:00,151.009,151.032,150.654,150.964,5656
2025-03-27 16:00:00,150.965,151.154,150.909,151.008,4150
2025-03-27 17:00:00,151.005,151.14,150.96,151.073,4057
2025-03-27 18:00:00,151.076,151.143,151.033,151.108,2576
2025-03-27 19:00:00,151.107,151.145,151.016,151.037,2258
2025-03-27 20:00:00,151.031,151.058,151.019,151.032,826
2025-03-27 21:00:00,151.024,151.036,150.914,151.014,410
2025-03-27 22:00:00,151.037,151.111,151.006,151.048,800
2025-03-27 23:00:00,151.048,151.063,150.763,150.846,3021
2025-03-28 00:00:00,150.849,151.209,150.826,150.959,4669
2025-03-28 01:00:00,150.957,150.974,150.699,150.749,4431
2025-03-28 02:00:00,150.751,150.855,150.734,150.829,2712
2025-03-28 03:00:00,150.83,150.865,150.71,150.804,2331
2025-03-28 04:00:00,150.802,150.94,150.749,150.87,1954
2025-03-28 05:00:00,150.869,150.935,150.735,150.765,2240
2025-03-28 06:00:00,150.764,150.842,150.606,150.611,2605
2025-03-28 07:00:00,150.613,150.649,150.38,150.392,3435
2025-03-28 08:00:00,150.392,150.544,150.355,150.528,3955
2025-03-28 09:00:00,150.528,150.653,150.494,150.578,2418
2025-03-28 10:00:00,150.578,150.73,150.559,150.712,2267
2025-03-28 11:00:00,150.713,150.863,150.68,150.799,2415
2025-03-28 12:00:00,150.801,150.932,150.558,150.634,5539
2025-03-28 13:00:00,150.637,150.781,150.385,150.44,9242
2025-03-28 14:00:00,150.443,150.443,149.902,150.093,8730
2025-03-28 15:00:00,150.094,150.327,149.994,150.254,6493
2025-03-28 16:00:00,150.252,150.291,150.028,150.087,5236
2025-03-28 17:00:00,150.084,150.108,149.855,149.979,4087
2025-03-28 18:00:00,149.979,150.132,149.909,149.96,3329
2025-03-28 19:00:00,149.957,150.0,149.74,149.75,2979
2025-03-28 20:00:00,149.747,149.878,149.673,149.821,1473
2025-03-30 21:00:00,149.763,149.817,149.537,149.599,867
2025-03-30 22:00:00,149.634,149.73,149.39,149.473,2481
2025-03-30 23:00:00,149.48,149.621,149.297,149.616,4897
2025-03-31 00:00:00,149.613,149.634,149.062,149.297,7924
2025-03-31 01:00:00,149.299,149.374,149.021,149.153,6939
2025-03-31 02:00:00,149.155,149.193,148.721,148.889,5323
2025-03-31 03:00:00,148.886,148.948,148.728,148.922,3314
2025-03-31 04:00:00,148.919,149.142,148.83,149.079,3329
2025-03-31 05:00:00,149.077,149.243,148.946,149.04,3825
2025-03-31 06:00:00,149.038,149.093,148.801,148.997,6184
2025-03-31 07:00:00,148.993,149.164,148.696,149.14,7900
2025-03-31 08:00:00,149.14,149.292,148.959,149.052,6269
2025-03-31 09:00:00,149.05,149.243,148.963,149.192,4881
2025-03-31 10:00:00,149.194,149.427,149.16,149.32,3404
2025-03-31 11:00:00,149.322,149.407,149.149,149.371,4337
2025-03-31 12:00:00,149.374,149.636,149.342,149.597,4713
2025-03-31 13:00:00,149.596,149.799,149.403,149.662,7787
2025-03-31 14:00:00,149.664,149.885,149.508,149.508,10385
2025-03-31 15:00:00,149.512,149.956,149.454,149.904,7079
2025-03-31 16:00:00,149.906,149.983,149.797,149.893,4051
2025-03-31 17:00:00,149.892,150.096,149.867,150.02,3991
2025-03-31 18:00:00,150.021,150.264,150.006,150.117,4006
2025-03-31 19:00:00,150.116,150.148,149.87,149.956,4659
2025-03-31 20:00:00,149.954,149.996,149.88,149.949,1435
2025-03-31 21:00:00,149.944,149.954,149.816,149.876,714
2025-03-31 22:00:00,149.903,149.98,149.821,149.89,1499
2025-03-31 23:00:00,149.89,150.139,149.878,149.943,3119
2025-04-01 00:00:00,149.941,149.982,149.673,149.732,6708
2025-04-01 01:00:00,149.729,149.909,149.631,149.82,4499
2025-04-01 02:00:00,149.818,149.85,149.687,149.842,2984
2025-04-01 03:00:00,149.844,149.914,149.656,149.659,2319
2025-04-01 04:00:00,149.656,149.663,149.53,149.556,2701
2025-04-01 05:00:00,149.556,149.918,149.543,149.826,3336
2025-04-01 06:00:00,149.824,149.986,149.749,149.943,4190
2025-04-01 07:00:00,149.94,149.945,149.579,149.615,5297
2025-04-01 08:00:00,149.616,149.687,149.497,149.664,3709
2025-04-01 09:00:00,149.664,149.719,149.529,149.617,3039
2025-04-01 10:00:00,149.617,149.654,149.355,149.4,6046
2025-04-01 11:00:00,149.402,149.432,149.117,149.197,4792
2025-04-01 12:00:00,149.194,149.39,149.12,149.383,4521
2025-04-01 13:00:00,149.385,149.541,149.38,149.506,6422
2025-04-01 14:00:00,149.503,149.506,148.971,149.277,10887
2025-04-01 15:00:00,149.279,149.508,149.192,149.402,7914
2025-04-01 16:00:00,149.4,149.738,149.374,149.513,6168
2025-04-01 17:00:00,149.51,149.558,149.384,149.458,4587
2025-04-01 18:00:00,149.457,149.467,149.234,149.391,4517
2025-04-01 19:00:00,149.39,149.644,149.385,149.615,3686
2025-04-01 20:00:00,149.613,149.628,149.518,149.605,1185
2025-04-01 21:00:00,149.588,149.634,149.394,149.616,634
2025-04-01 22:00:00,149.642,149.871,149.633,149.821,2040
2025-04-01 23:00:00,149.818,149.866,149.741,149.746,2825
2025-04-02 00:00:00,149.744,149.915,149.685,149.789,5321
2025-04-02 01:00:00,149.79,149.95,149.773,149.858,3959
2025-04-02 02:00:00,149.858,149.889,149.756,149.79,2353
2025-04-02 03:00:00,149.788,149.794,149.708,149.744,1947
2025-04-02 04:00:00,149.744,149.912,149.721,149.896,1974
2025-04-02 05:00:00,149.898,149.947,149.824,149.886,2194
2025-04-02 06:00:00,149.883,149.997,149.723,149.757,3532
2025-04-02 07:00:00,149.756,149.82,149.625,149.667,4370
2025-04-02 08:00:00,149.669,149.676,149.516,149.654,3608
2025-04-02 09:00:00,149.652,149.716,149.42,149.443,3797
2025-04-02 10:00:00,149.444,149.479,149.31,149.401,5322
2025-04-02 11:00:00,149.401,149.43,149.188,149.217,3538
2025-04-02 12:00:00,149.216,149.411,149.097,149.174,5018
2025-04-02 13:00:00,149.174,149.563,149.151,149.506,6649
2025-04-02 14:00:00,149.498,149.785,149.491,149.692,7731
2025-04-02 15:00:00,149.691,150.085,149.632,149.985,6827
2025-04-02 16:00:00,149.984,150.252,149.95,150.189,5501
2025-04-02 17:00:00,150.189,150.204,150.061,150.135,4003
2025-04-02 18:00:00,150.132,150.162,149.92,149.921,4768
2025-04-02 19:00:00,149.924,150.082,149.916,150.025,4379
2025-04-02 20:00:00,150.02,150.376,149.04,149.04,5657
2025-04-02 21:00:00,149.042,149.226,148.548,148.621,1272
2025-04-02 22:00:00,148.694,148.706,148.141,148.408,5765
2025-04-02 23:00:00,148.416,148.416,147.682,147.879,11845
2025-04-03 00:00:00,147.876,148.333,147.688,147.883,17075
2025-04-03 01:00:00,147.884,148.108,147.538,147.751,12321
2025-04-03 02:00:00,147.751,147.885,147.515,147.783,7951
2025-04-03 03:00:00,147.782,147.79,147.114,147.269,6129
2025-04-03 04:00:00,147.268,147.554,147.202,147.551,5471
2025-04-03 05:00:00,147.552,147.634,146.963,147.01,7911
2025-04-03 06:00:00,147.011,147.387,146.819,146.838,14021
2025-04-03 07:00:00,146.839,147.467,146.802,147.261,11090
2025-04-03 08:00:00,147.26,147.36,146.683,146.812,7607
2025-04-03 09:00:00,146.81,146.855,146.298,146.555,9498
2025-04-03 10:00:00,146.553,146.746,146.256,146.705,11878
2025-04-03 11:00:00,146.702,146.772,146.015,146.04,9705
2025-04-03 12:00:00,146.037,146.359,145.744,145.891,13792
2025-04-03 13:00:00,145.888,146.081,145.523,145.642,22116
2025-04-03 14:00:00,145.634,145.916,145.184,145.43,21782
2025-04-03 15:00:00,145.428,146.251,145.358,146.045,17047
2025-04-03 16:00:00,146.047,146.428,146.009,146.147,14659
2025-04-03 17:00:00,146.148,146.272,146.003,146.084,11187
2025-04-03 18:00:00,146.081,146.478,145.962,146.419,9223
2025-04-03 19:00:00,146.417,146.515,146.211,146.248,9244
2025-04-03 20:00:00,146.247,146.3,146.036,146.045,2192
2025-04-03 21:00:00,146.017,146.042,145.829,145.92,682
2025-04-03 22:00:00,145.941,146.004,145.535,145.631,3461
2025-04-03 23:00:00,145.631,146.266,145.618,146.251,6455
2025-04-04 00:00:00,146.25,146.403,145.811,145.957,9821
2025-04-04 01:00:00,145.957,146.402,145.882,146.063,8996
2025-04-04 02:00:00,146.062,146.288,145.988,146.12,7008
2025-04-04 03:00:00,146.118,146.176,145.619,145.663,6991
2025-04-04 04:00:00,145.662,145.795,145.355,145.422,6912
2025-04-04 05:00:00,145.423,145.9,145.297,145.852,7744
2025-04-04 06:00:00,145.849,146.156,145.771,146.031,10840
2025-04-04 07:00:00,146.033,146.299,145.793,146.268,14127
2025-04-04 08:00:00,146.272,146.487,146.142,146.408,12140
2025-04-04 09:00:00,146.412,146.549,146.268,146.321,9781
2025-04-04 10:00:00,146.324,146.367,145.03,145.108,29017
2025-04-04 11:00:00,145.106,145.463,144.546,145.393,31177
2025-04-04 12:00:00,145.391,145.644,145.017,145.599,33648
2025-04-04 13:00:00,145.601,145.79,145.172,145.708,30870
2025-04-04 14:00:00,145.706,145.871,145.04,145.509,23941
2025-04-04 15:00:00,145.507,146.223,145.49,145.925,35537
2025-04-04 16:00:00,145.923,146.784,145.853,146.711,23096
2025-04-04 17:00:00,146.713,147.36,146.526,147.245,18038
2025-04-04 18:00:00,147.245,147.429,146.643,146.891,17638
2025-04-04 19:00:00,146.893,147.285,146.671,146.825,20047
2025-04-04 20:00:00,146.801,146.988,146.749,146.931,3655
2025-04-06 21:00:00,145.451,145.595,145.254,145.568,1401
2025-04-06 22:00:00,145.604,145.652,144.985,145.162,7072
2025-04-06 23:00:00,145.166,145.437,144.814,145.435,19905
2025-04-07 00:00:00,145.432,145.842,145.18,145.814,25334
2025-04-07 01:00:00,145.816,146.339,145.779,146.184,18616
2025-04-07 02:00:00,146.181,146.846,146.091,146.619,13651
2025-04-07 03:00:00,146.621,146.623,146.194,146.283,8311
2025-04-07 04:00:00,146.286,146.465,145.805,145.878,8577
2025-04-07 05:00:00,145.876,146.247,145.686,145.743,12158
2025-04-07 06:00:00,145.741,145.936,145.112,145.379,16572
2025-04-07 07:00:00,145.381,145.803,145.068,145.787,25968
2025-04-07 08:00:00,145.786,146.366,145.697,146.215,16654
2025-04-07 09:00:00,146.21,146.335,145.816,146.021,11293
2025-04-07 10:00:00,146.02,146.621,146.01,146.226,14842
2025-04-07 11:00:00,146.229,146.495,146.132,146.383,18303
2025-04-07 12:00:00,146.384,147.05,146.378,146.98,25233
2025-04-07 13:00:00,146.978,147.089,146.509,147.058,24290
2025-04-07 14:00:00,147.055,147.981,146.92,147.565,63493
2025-04-07 15:00:00,147.567,147.969,147.131,147.958,36708
2025-04-07 16:00:00,147.961,148.104,147.807,147.938,16819
2025-04-07 17:00:00,147.935,148.148,147.679,147.934,18494
2025-04-07 18:00:00,147.937,148.124,147.74,147.858,14225
2025-04-07 19:00:00,147.861,148.012,147.523,147.938,15067
2025-04-07 20:00:00,147.935,148.126,147.763,147.834,3145
2025-04-07 21:00:00,147.81,147.899,147.614,147.696,870
2025-04-07 22:00:00,147.72,148.102,147.717,147.885,3123
2025-04-07 23:00:00,147.885,148.119,147.731,147.788,7601
2025-04-08 00:00:00,147.786,147.967,147.497,147.603,14612
2025-04-08 01:00:00,147.601,147.705,147.398,147.541,14492
2025-04-08 02:00:00,147.538,147.548,147.248,147.318,6360
2025-04-08 03:00:00,147.318,147.629,147.261,147.591,5556
2025-04-08 04:00:00,147.593,147.763,147.449,147.758,5594
2025-04-08 05:00:00,147.76,147.798,147.576,147.597,5998
2025-04-08 06:00:00,147.595,147.603,147.229,147.24,8810
2025-04-08 07:00:00,147.238,147.407,146.964,147.39,13030
2025-04-08 08:00:00,147.392,147.483,147.019,147.422,9277
2025-04-08 09:00:00,147.424,147.516,147.105,147.185,8658
2025-04-08 10:00:00,147.185,147.27,146.852,146.869,7175
2025-04-08 11:00:00,146.87,147.186,146.768,146.904,13281
2025-04-08 12:00:00,146.904,146.964,146.67,146.823,13687
2025-04-08 13:00:00,146.82,147.401,146.658,147.35,18253
2025-04-08 14:00:00,147.353,147.664,147.219,147.331,13907
2025-04-08 15:00:00,147.334,147.384,146.793,147.022,12419
2025-04-08 16:00:00,147.019,147.097,146.492,146.527,15409
2025-04-08 17:00:00,146.53,146.669,146.24,146.65,22467
2025-04-08 18:00:00,146.647,146.734,146.254,146.385,19045
2025-04-08 19:00:00,146.387,146.443,145.96,146.276,16853
2025-04-08 20:00:00,146.268,146.455,146.239,146.262,3417
2025-04-08 21:00:00,146.214,146.311,146.009,146.29,860
2025-04-08 22:00:00,146.311,146.328,145.877,145.975,3888
2025-04-08 23:00:00,145.983,146.005,145.595,145.846,9866
2025-04-09 00:00:00,145.844,145.904,145.127,145.405,17872
2025-04-09 01:00:00,145.402,145.712,145.293,145.57,18080
2025-04-09 02:00:00,145.573,145.942,145.419,145.638,12157
2025-04-09 03:00:00,145.639,145.772,145.258,145.327,12290
2025-04-09 04:00:00,145.325,145.413,144.573,144.938,19537
2025-04-09 05:00:00,144.941,145.455,144.843,145.105,18344
2025-04-09 06:00:00,145.107,145.545,144.699,144.818,19984
2025-04-09 07:00:00,144.821,145.638,144.788,145.528,25446
2025-04-09 08:00:00,145.529,145.779,145.175,145.294,16002
2025-04-09 09:00:00,145.296,145.486,145.158,145.369,10192
2025-04-09 10:00:00,145.371,145.44,144.939,145.237,9931
2025-04-09 11:00:00,145.239,145.251,144.641,144.646,28223
2025-04-09 12:00:00,144.644,144.654,143.987,144.319,18766
2025-04-09 13:00:00,144.317,145.083,144.199,144.915,28703
2025-04-09 14:00:00,144.916,145.086,144.529,144.719,18046
2025-04-09 15:00:00,144.721,145.097,144.721,145.095,11381
2025-04-09 16:00:00,145.097,145.203,144.875,144.924,6589
2025-04-09 17:00:00,144.92,147.256,144.565,147.087,54188
2025-04-09 18:00:00,147.086,148.28,147.086,147.444,35570
2025-04-09 19:00:00,147.44,148.146,147.29,147.948,14280
2025-04-09 20:00:00,147.917,147.995,147.498,147.557,3669
2025-04-09 21:00:00,147.541,147.684,147.25,147.354,1113
2025-04-09 22:00:00,147.386,147.533,147.275,147.407,5408
2025-04-09 23:00:00,147.409,147.713,147.363,147.399,8063
2025-04-10 00:00:00,147.397,147.46,146.68,146.725,12869
2025-04-10 01:00:00,146.724,147.034,146.64,146.944,12285
2025-04-10 02:00:00,146.944,146.983,146.645,146.741,8982
2025-04-10 03:00:00,146.745,146.854,146.603,146.825,7157
2025-04-10 04:00:00,146.826,146.892,146.497,146.618,6376
2025-04-10 05:00:00,146.616,146.742,146.446,146.604,5763
2025-04-10 06:00:00,146.606,147.142,146.606,147.048,9886
2025-04-10 07:00:00,147.05,147.058,146.237,146.268,12629
2025-04-10 08:00:00,146.269,146.425,146.146,146.305,10775
2025-04-10 09:00:00,146.302,146.334,145.992,146.008,8103
2025-04-10 10:00:00,146.007,146.034,145.549,145.551,7866
2025-04-10 11:00:00,145.554,145.645,145.331,145.528,9708
2025-04-10 12:00:00,145.529,145.595,144.867,145.448,16839
2025-04-10 13:00:00,145.446,145.537,144.774,144.809,14925
2025-04-10 14:00:00,144.808,145.054,144.559,144.662,15795
2025-04-10 15:00:00,144.66,144.747,144.006,144.341,15304
2025-04-10 16:00:00,144.34,144.538,144.063,144.531,21106
2025-04-10 17:00:00,144.529,144.869,144.443,144.752,17408
2025-04-10 18:00:00,144.753,144.832,144.468,144.575,13578
2025-04-10 19:00:00,144.577,145.13,144.571,144.654,13801
2025-04-10 20:00:00,144.655,144.828,144.418,144.442,2622
2025-04-10 21:00:00,144.427,144.54,144.328,144.514,871
2025-04-10 22:00:00,144.524,144.535,143.972,144.077,4405
2025-04-10 23:00:00,144.077,144.236,143.709,143.746,14038
2025-04-11 00:00:00,143.75,143.769,142.873,143.355,26709
2025-04-11 01:00:00,143.353,143.783,143.229,143.53,17891
2025-04-11 02:00:00,143.528,143.741,143.271,143.576,11091
2025-04-11 03:00:00,143.576,143.607,143.122,143.188,8707
2025-04-11 04:00:00,143.19,143.326,142.872,142.92,8133
2025-04-11 05:00:00,142.922,143.781,142.919,143.6,10916
2025-04-11 06:00:00,143.601,144.142,143.552,143.89,14042
2025-04-11 07:00:00,143.891,143.943,142.799,142.836,21313
2025-04-11 08:00:00,142.838,143.082,142.065,142.408,26592
2025-04-11 09:00:00,142.409,142.708,142.046,142.513,19440
2025-04-11 10:00:00,142.516,143.216,142.515,142.991,16822
2025-04-11 11:00:00,142.993,143.041,142.501,142.598,13078
2025-04-11 12:00:00,142.6,142.961,142.402,142.522,17944
2025-04-11 13:00:00,142.524,143.574,142.216,143.108,30924
2025-04-11 14:00:00,143.104,143.606,142.831,143.524,23640
2025-04-11 15:00:00,143.522,143.72,143.298,143.578,14950
2025-04-11 16:00:00,143.579,143.988,143.566,143.779,10070
2025-04-11 17:00:00,143.781,144.197,143.685,144.125,10992
2025-04-11 18:00:00,144.129,144.165,143.726,143.806,9136
2025-04-11 19:00:00,143.806,143.847,143.509,143.592,6855
2025-04-11 20:00:00,143.579,143.636,143.443,143.49,2146
2025-04-13 21:00:00,143.759,143.971,143.567,143.751,1452
2025-04-13 22:00:00,143.777,144.042,143.496,143.648,4720
2025-04-13 23:00:00,143.655,143.899,143.576,143.691,7273
2025-04-14 00:00:00,143.693,143.744,142.892,142.903,13244
2025-04-14 01:00:00,142.901,142.971,142.247,142.672,14602
2025-04-14 02:00:00,142.673,142.998,142.561,142.961,8464
2025-04-14 03:00:00,142.961,143.19,142.707,143.02,6990
2025-04-14 04:00:00,143.019,143.199,142.659,143.038,5863
2025-04-14 05:00:00,143.038,143.273,142.661,142.76,7366
2025-04-14 06:00:00,142.762,142.904,142.343,142.423,11974
2025-04-14 07:00:00,142.421,143.086,142.226,143.075,11448
2025-04-14 08:00:00,143.075,143.162,142.816,142.911,8088
2025-04-14 09:00:00,142.91,143.094,142.759,143.069,6569
2025-04-14 10:00:00,143.07,143.295,143.045,143.094,6172
2025-04-14 11:00:00,143.092,143.354,143.001,143.24,6249
2025-04-14 12:00:00,143.238,143.696,143.15,143.665,7603
2025-04-14 13:00:00,143.663,144.078,143.508,143.637,14233
2025-04-14 14:00:00,143.635,143.673,143.26,143.282,6281
2025-04-14 15:00:00,143.284,143.338,142.888,142.972,10485
2025-04-14 16:00:00,142.971,143.233,142.776,143.215,9904
2025-04-14 17:00:00,143.218,143.351,142.876,143.065,8265
2025-04-14 18:00:00,143.062,143.173,142.865,142.89,5399
2025-04-14 19:00:00,142.892,143.069,142.852,143.025,5071
2025-04-14 20:00:00,143.021,143.176,143.014,143.018,2040
2025-04-14 21:00:00,143.001,143.03,142.836,142.969,502
2025-04-14 22:00:00,142.977,143.176,142.924,143.105,1771
2025-04-14 23:00:00,143.105,143.331,143.004,143.21,5333
2025-04-15 00:00:00,143.212,143.587,143.17,143.505,6748
2025-04-15 01:00:00,143.507,143.59,143.265,143.371,5433
2025-04-15 02:00:00,143.37,143.388,143.093,143.126,4372
2025-04-15 03:00:00,143.128,143.181,143.044,143.125,2984
2025-04-15 04:00:00,143.127,143.22,142.9,143.036,3865
2025-04-15 05:00:00,143.036,143.217,142.986,143.069,4353
2025-04-15 06:00:00,143.067,143.376,142.841,143.32,6379
2025-04-15 07:00:00,143.318,143.506,143.267,143.301,6790
2025-04-15 08:00:00,143.302,143.303,142.837,142.906,7823
2025-04-15 09:00:00,142.905,142.933,142.676,142.929,6440
2025-04-15 10:00:00,142.931,142.99,142.833,142.838,4534
2025-04-15 11:00:00,142.839,143.183,142.818,142.896,5887
2025-04-15 12:00:00,142.893,142.924,142.591,142.867,8030
2025-04-15 13:00:00,142.867,143.138,142.768,143.044,9118
2025-04-15 14:00:00,143.042,143.262,142.67,142.722,13739
2025-04-15 15:00:00,142.725,143.19,142.685,143.098,7179
2025-04-15 16:00:00,143.096,143.248,143.048,143.088,4757
2025-04-15 17:00:00,143.087,143.245,143.037,143.116,4329
2025-04-15 18:00:00,143.115,143.222,143.11,143.156,3722
2025-04-15 19:00:00,143.158,143.224,143.135,143.184,2846
2025-04-15 20:00:00,143.182,143.266,143.12,143.21,1529
2025-04-15 21:00:00,143.162,143.23,143.053,143.144,504
2025-04-15 22:00:00,143.188,143.19,142.913,143.048,2297
2025-04-15 23:00:00,143.052,143.28,143.044,143.157,4662
2025-04-16 00:00:00,143.156,143.17,142.763,142.888,6598
2025-04-16 01:00:00,142.887,142.991,142.7,142.812,4691
2025-04-16 02:00:00,142.81,142.817,142.652,142.716,3683
2025-04-16 03:00:00,142.716,142.733,142.493,142.52,3796
2025-04-16 04:00:00,142.519,142.671,142.465,142.628,3320
2025-04-16 05:00:00,142.626,142.672,142.097,142.142,5951
2025-04-16 06:00:00,142.144,142.507,142.102,142.413,6412
2025-04-16 07:00:00,142.41,142.456,142.033,142.096,8139
2025-04-16 08:00:00,142.097,142.953,142.065,142.618,17659
2025-04-16 09:00:00,142.621,142.877,142.487,142.828,7292
2025-04-16 10:00:00,142.827,142.914,142.605,142.796,5597
2025-04-16 11:00:00,142.794,142.813,142.618,142.655,5341
2025-04-16 12:00:00,142.652,142.785,142.43,142.639,8005
2025-04-16 13:00:00,142.637,142.691,142.401,142.428,9475
2025-04-16 14:00:00,142.426,142.709,142.315,142.506,7793
2025-04-16 15:00:00,142.504,142.859,142.487,142.573,5926
2025-04-16 16:00:00,142.572,142.64,142.487,142.548,4521
2025-04-16 17:00:00,142.55,142.693,142.299,142.352,7584
2025-04-16 18:00:00,142.354,142.44,142.066,142.1,7060
2025-04-16 19:00:00,142.102,142.129,141.638,142.107,7459
2025-04-16 20:00:00,142.067,142.189,141.594,141.682,1990
2025-04-16 21:00:00,141.667,141.745,141.493,141.739,637
2025-04-16 22:00:00,141.746,141.949,141.712,141.843,2027
2025-04-16 23:00:00,141.841,141.962,141.609,141.927,5552
2025-04-17 00:00:00,141.923,142.601,141.844,142.581,14676
2025-04-17 01:00:00,142.583,142.862,142.506,142.713,7734
2025-04-17 02:00:00,142.713,142.728,142.385,142.555,4838
2025-04-17 03:00:00,142.555,142.64,142.428,142.608,3553
2025-04-17 04:00:00,142.608,142.691,142.576,142.667,2666
2025-04-17 05:00:00,142.667,142.867,142.486,142.734,4320
2025-04-17 06:00:00,142.736,142.882,142.645,142.736,5687
2025-04-17 07:00:00,142.738,142.911,142.602,142.891,6224
2025-04-17 08:00:00,142.888,143.085,142.645,142.676,6111
2025-04-17 09:00:00,142.679,142.842,142.64,142.766,4218
2025-04-17 10:00:00,142.769,142.815,142.496,142.579,5405
2025-04-17 11:00:00,142.576,142.617,142.456,142.595,3993
2025-04-17 12:00:00,142.597,142.695,142.284,142.317,7866
2025-04-17 13:00:00,142.315,142.357,142.136,142.14,9523
2025-04-17 14:00:00,142.138,142.275,141.894,142.208,7918
2025-04-17 15:00:00,142.21,142.369,142.143,142.33,6587
2025-04-17 16:00:00,142.332,142.628,142.184,142.46,8413
2025-04-17 17:00:00,142.461,142.561,142.387,142.555,4523
2025-04-17 18:00:00,142.555,142.714,142.358,142.442,4588
2025-04-17 19:00:00,142.444,142.457,142.347,142.39,3683
2025-04-17 20:00:00,142.389,142.428,142.347,142.387,672
